[VMEM] WARNING: physical memory size is smaller than virtual memory size.

*** ChampSim Multicore Out-of-Order Simulator ***
Warmup Instructions: 50000000
Simulation Instructions: 200000000
Number of CPUs: 32
Page size: 4096

Initialize SIGNATURE TABLE
ST_SET: 1
ST_WAY: 256
ST_TAG_BIT: 16

Initialize PATTERN TABLE
PT_SET: 512
PT_WAY: 4
SIG_DELTA_BIT: 7
C_SIG_BIT: 4
C_DELTA_BIT: 4

Initialize PREFETCH FILTER
FILTER_SET: 1024
Initialize SIGNATURE TABLE
ST_SET: 1
ST_WAY: 256
ST_TAG_BIT: 16

Initialize PATTERN TABLE
PT_SET: 512
PT_WAY: 4
SIG_DELTA_BIT: 7
C_SIG_BIT: 4
C_DELTA_BIT: 4

Initialize PREFETCH FILTER
FILTER_SET: 1024
Initialize SIGNATURE TABLE
ST_SET: 1
ST_WAY: 256
ST_TAG_BIT: 16

Initialize PATTERN TABLE
PT_SET: 512
PT_WAY: 4
SIG_DELTA_BIT: 7
C_SIG_BIT: 4
C_DELTA_BIT: 4

Initialize PREFETCH FILTER
FILTER_SET: 1024
Initialize SIGNATURE TABLE
ST_SET: 1
ST_WAY: 256
ST_TAG_BIT: 16

Initialize PATTERN TABLE
PT_SET: 512
PT_WAY: 4
SIG_DELTA_BIT: 7
C_SIG_BIT: 4
C_DELTA_BIT: 4

Initialize PREFETCH FILTER
FILTER_SET: 1024
Initialize SIGNATURE TABLE
ST_SET: 1
ST_WAY: 256
ST_TAG_BIT: 16

Initialize PATTERN TABLE
PT_SET: 512
PT_WAY: 4
SIG_DELTA_BIT: 7
C_SIG_BIT: 4
C_DELTA_BIT: 4

Initialize PREFETCH FILTER
FILTER_SET: 1024
Initialize SIGNATURE TABLE
ST_SET: 1
ST_WAY: 256
ST_TAG_BIT: 16

Initialize PATTERN TABLE
PT_SET: 512
PT_WAY: 4
SIG_DELTA_BIT: 7
C_SIG_BIT: 4
C_DELTA_BIT: 4

Initialize PREFETCH FILTER
FILTER_SET: 1024
Initialize SIGNATURE TABLE
ST_SET: 1
ST_WAY: 256
ST_TAG_BIT: 16

Initialize PATTERN TABLE
PT_SET: 512
PT_WAY: 4
SIG_DELTA_BIT: 7
C_SIG_BIT: 4
C_DELTA_BIT: 4

Initialize PREFETCH FILTER
FILTER_SET: 1024
Initialize SIGNATURE TABLE
ST_SET: 1
ST_WAY: 256
ST_TAG_BIT: 16

Initialize PATTERN TABLE
PT_SET: 512
PT_WAY: 4
SIG_DELTA_BIT: 7
C_SIG_BIT: 4
C_DELTA_BIT: 4

Initialize PREFETCH FILTER
FILTER_SET: 1024
Initialize SIGNATURE TABLE
ST_SET: 1
ST_WAY: 256
ST_TAG_BIT: 16

Initialize PATTERN TABLE
PT_SET: 512
PT_WAY: 4
SIG_DELTA_BIT: 7
C_SIG_BIT: 4
C_DELTA_BIT: 4

Initialize PREFETCH FILTER
FILTER_SET: 1024
Initialize SIGNATURE TABLE
ST_SET: 1
ST_WAY: 256
ST_TAG_BIT: 16

Initialize PATTERN TABLE
PT_SET: 512
PT_WAY: 4
SIG_DELTA_BIT: 7
C_SIG_BIT: 4
C_DELTA_BIT: 4

Initialize PREFETCH FILTER
FILTER_SET: 1024
Initialize SIGNATURE TABLE
ST_SET: 1
ST_WAY: 256
ST_TAG_BIT: 16

Initialize PATTERN TABLE
PT_SET: 512
PT_WAY: 4
SIG_DELTA_BIT: 7
C_SIG_BIT: 4
C_DELTA_BIT: 4

Initialize PREFETCH FILTER
FILTER_SET: 1024
Initialize SIGNATURE TABLE
ST_SET: 1
ST_WAY: 256
ST_TAG_BIT: 16

Initialize PATTERN TABLE
PT_SET: 512
PT_WAY: 4
SIG_DELTA_BIT: 7
C_SIG_BIT: 4
C_DELTA_BIT: 4

Initialize PREFETCH FILTER
FILTER_SET: 1024
Initialize SIGNATURE TABLE
ST_SET: 1
ST_WAY: 256
ST_TAG_BIT: 16

Initialize PATTERN TABLE
PT_SET: 512
PT_WAY: 4
SIG_DELTA_BIT: 7
C_SIG_BIT: 4
C_DELTA_BIT: 4

Initialize PREFETCH FILTER
FILTER_SET: 1024
Initialize SIGNATURE TABLE
ST_SET: 1
ST_WAY: 256
ST_TAG_BIT: 16

Initialize PATTERN TABLE
PT_SET: 512
PT_WAY: 4
SIG_DELTA_BIT: 7
C_SIG_BIT: 4
C_DELTA_BIT: 4

Initialize PREFETCH FILTER
FILTER_SET: 1024
Initialize SIGNATURE TABLE
ST_SET: 1
ST_WAY: 256
ST_TAG_BIT: 16

Initialize PATTERN TABLE
PT_SET: 512
PT_WAY: 4
SIG_DELTA_BIT: 7
C_SIG_BIT: 4
C_DELTA_BIT: 4

Initialize PREFETCH FILTER
FILTER_SET: 1024
Initialize SIGNATURE TABLE
ST_SET: 1
ST_WAY: 256
ST_TAG_BIT: 16

Initialize PATTERN TABLE
PT_SET: 512
PT_WAY: 4
SIG_DELTA_BIT: 7
C_SIG_BIT: 4
C_DELTA_BIT: 4

Initialize PREFETCH FILTER
FILTER_SET: 1024
Initialize SIGNATURE TABLE
ST_SET: 1
ST_WAY: 256
ST_TAG_BIT: 16

Initialize PATTERN TABLE
PT_SET: 512
PT_WAY: 4
SIG_DELTA_BIT: 7
C_SIG_BIT: 4
C_DELTA_BIT: 4

Initialize PREFETCH FILTER
FILTER_SET: 1024
Initialize SIGNATURE TABLE
ST_SET: 1
ST_WAY: 256
ST_TAG_BIT: 16

Initialize PATTERN TABLE
PT_SET: 512
PT_WAY: 4
SIG_DELTA_BIT: 7
C_SIG_BIT: 4
C_DELTA_BIT: 4

Initialize PREFETCH FILTER
FILTER_SET: 1024
Initialize SIGNATURE TABLE
ST_SET: 1
ST_WAY: 256
ST_TAG_BIT: 16

Initialize PATTERN TABLE
PT_SET: 512
PT_WAY: 4
SIG_DELTA_BIT: 7
C_SIG_BIT: 4
C_DELTA_BIT: 4

Initialize PREFETCH FILTER
FILTER_SET: 1024
Initialize SIGNATURE TABLE
ST_SET: 1
ST_WAY: 256
ST_TAG_BIT: 16

Initialize PATTERN TABLE
PT_SET: 512
PT_WAY: 4
SIG_DELTA_BIT: 7
C_SIG_BIT: 4
C_DELTA_BIT: 4

Initialize PREFETCH FILTER
FILTER_SET: 1024
Initialize SIGNATURE TABLE
ST_SET: 1
ST_WAY: 256
ST_TAG_BIT: 16

Initialize PATTERN TABLE
PT_SET: 512
PT_WAY: 4
SIG_DELTA_BIT: 7
C_SIG_BIT: 4
C_DELTA_BIT: 4

Initialize PREFETCH FILTER
FILTER_SET: 1024
Initialize SIGNATURE TABLE
ST_SET: 1
ST_WAY: 256
ST_TAG_BIT: 16

Initialize PATTERN TABLE
PT_SET: 512
PT_WAY: 4
SIG_DELTA_BIT: 7
C_SIG_BIT: 4
C_DELTA_BIT: 4

Initialize PREFETCH FILTER
FILTER_SET: 1024
Initialize SIGNATURE TABLE
ST_SET: 1
ST_WAY: 256
ST_TAG_BIT: 16

Initialize PATTERN TABLE
PT_SET: 512
PT_WAY: 4
SIG_DELTA_BIT: 7
C_SIG_BIT: 4
C_DELTA_BIT: 4

Initialize PREFETCH FILTER
FILTER_SET: 1024
Initialize SIGNATURE TABLE
ST_SET: 1
ST_WAY: 256
ST_TAG_BIT: 16

Initialize PATTERN TABLE
PT_SET: 512
PT_WAY: 4
SIG_DELTA_BIT: 7
C_SIG_BIT: 4
C_DELTA_BIT: 4

Initialize PREFETCH FILTER
FILTER_SET: 1024
Initialize SIGNATURE TABLE
ST_SET: 1
ST_WAY: 256
ST_TAG_BIT: 16

Initialize PATTERN TABLE
PT_SET: 512
PT_WAY: 4
SIG_DELTA_BIT: 7
C_SIG_BIT: 4
C_DELTA_BIT: 4

Initialize PREFETCH FILTER
FILTER_SET: 1024
Initialize SIGNATURE TABLE
ST_SET: 1
ST_WAY: 256
ST_TAG_BIT: 16

Initialize PATTERN TABLE
PT_SET: 512
PT_WAY: 4
SIG_DELTA_BIT: 7
C_SIG_BIT: 4
C_DELTA_BIT: 4

Initialize PREFETCH FILTER
FILTER_SET: 1024
Initialize SIGNATURE TABLE
ST_SET: 1
ST_WAY: 256
ST_TAG_BIT: 16

Initialize PATTERN TABLE
PT_SET: 512
PT_WAY: 4
SIG_DELTA_BIT: 7
C_SIG_BIT: 4
C_DELTA_BIT: 4

Initialize PREFETCH FILTER
FILTER_SET: 1024
Initialize SIGNATURE TABLE
ST_SET: 1
ST_WAY: 256
ST_TAG_BIT: 16

Initialize PATTERN TABLE
PT_SET: 512
PT_WAY: 4
SIG_DELTA_BIT: 7
C_SIG_BIT: 4
C_DELTA_BIT: 4

Initialize PREFETCH FILTER
FILTER_SET: 1024
Initialize SIGNATURE TABLE
ST_SET: 1
ST_WAY: 256
ST_TAG_BIT: 16

Initialize PATTERN TABLE
PT_SET: 512
PT_WAY: 4
SIG_DELTA_BIT: 7
C_SIG_BIT: 4
C_DELTA_BIT: 4

Initialize PREFETCH FILTER
FILTER_SET: 1024
Initialize SIGNATURE TABLE
ST_SET: 1
ST_WAY: 256
ST_TAG_BIT: 16

Initialize PATTERN TABLE
PT_SET: 512
PT_WAY: 4
SIG_DELTA_BIT: 7
C_SIG_BIT: 4
C_DELTA_BIT: 4

Initialize PREFETCH FILTER
FILTER_SET: 1024
Initialize SIGNATURE TABLE
ST_SET: 1
ST_WAY: 256
ST_TAG_BIT: 16

Initialize PATTERN TABLE
PT_SET: 512
PT_WAY: 4
SIG_DELTA_BIT: 7
C_SIG_BIT: 4
C_DELTA_BIT: 4

Initialize PREFETCH FILTER
FILTER_SET: 1024
Initialize SIGNATURE TABLE
ST_SET: 1
ST_WAY: 256
ST_TAG_BIT: 16

Initialize PATTERN TABLE
PT_SET: 512
PT_WAY: 4
SIG_DELTA_BIT: 7
C_SIG_BIT: 4
C_DELTA_BIT: 4

Initialize PREFETCH FILTER
FILTER_SET: 1024
Off-chip DRAM Size: 32 GiB Channels: 2 Width: 64-bit Data Rate: 5208 MT/s
Heartbeat CPU 29 instructions: 10000002 cycles: 2015347 heartbeat IPC: 4.962 cumulative IPC: 4.962 (Simulation time: 00 hr 22 min 22 sec)
Heartbeat CPU 31 instructions: 10000007 cycles: 2022896 heartbeat IPC: 4.943 cumulative IPC: 4.943 (Simulation time: 00 hr 22 min 27 sec)
Heartbeat CPU 30 instructions: 10000007 cycles: 2022910 heartbeat IPC: 4.943 cumulative IPC: 4.943 (Simulation time: 00 hr 22 min 27 sec)
Heartbeat CPU 7 instructions: 10000002 cycles: 2024386 heartbeat IPC: 4.94 cumulative IPC: 4.94 (Simulation time: 00 hr 22 min 28 sec)
Heartbeat CPU 26 instructions: 10000000 cycles: 2026385 heartbeat IPC: 4.935 cumulative IPC: 4.935 (Simulation time: 00 hr 22 min 29 sec)
Heartbeat CPU 4 instructions: 10000002 cycles: 2045984 heartbeat IPC: 4.888 cumulative IPC: 4.888 (Simulation time: 00 hr 22 min 42 sec)
Heartbeat CPU 15 instructions: 10000004 cycles: 2084485 heartbeat IPC: 4.797 cumulative IPC: 4.797 (Simulation time: 00 hr 23 min 08 sec)
Heartbeat CPU 19 instructions: 10000006 cycles: 2089312 heartbeat IPC: 4.786 cumulative IPC: 4.786 (Simulation time: 00 hr 23 min 11 sec)
Heartbeat CPU 8 instructions: 10000002 cycles: 2094742 heartbeat IPC: 4.774 cumulative IPC: 4.774 (Simulation time: 00 hr 23 min 15 sec)
Heartbeat CPU 14 instructions: 10000002 cycles: 2095048 heartbeat IPC: 4.773 cumulative IPC: 4.773 (Simulation time: 00 hr 23 min 15 sec)
Heartbeat CPU 24 instructions: 10000000 cycles: 2101597 heartbeat IPC: 4.758 cumulative IPC: 4.758 (Simulation time: 00 hr 23 min 20 sec)
Heartbeat CPU 16 instructions: 10000003 cycles: 2115607 heartbeat IPC: 4.727 cumulative IPC: 4.727 (Simulation time: 00 hr 23 min 29 sec)
Heartbeat CPU 20 instructions: 10000004 cycles: 2139718 heartbeat IPC: 4.674 cumulative IPC: 4.674 (Simulation time: 00 hr 23 min 46 sec)
Heartbeat CPU 12 instructions: 10000000 cycles: 2160302 heartbeat IPC: 4.629 cumulative IPC: 4.629 (Simulation time: 00 hr 24 min 00 sec)
Heartbeat CPU 17 instructions: 10000005 cycles: 2196897 heartbeat IPC: 4.552 cumulative IPC: 4.552 (Simulation time: 00 hr 24 min 25 sec)
Heartbeat CPU 1 instructions: 10000005 cycles: 2196915 heartbeat IPC: 4.552 cumulative IPC: 4.552 (Simulation time: 00 hr 24 min 25 sec)
Heartbeat CPU 21 instructions: 10000005 cycles: 2207516 heartbeat IPC: 4.53 cumulative IPC: 4.53 (Simulation time: 00 hr 24 min 33 sec)
Heartbeat CPU 25 instructions: 10000006 cycles: 2215694 heartbeat IPC: 4.513 cumulative IPC: 4.513 (Simulation time: 00 hr 24 min 38 sec)
Heartbeat CPU 9 instructions: 10000004 cycles: 2236711 heartbeat IPC: 4.471 cumulative IPC: 4.471 (Simulation time: 00 hr 24 min 52 sec)
Heartbeat CPU 2 instructions: 10000007 cycles: 2242434 heartbeat IPC: 4.459 cumulative IPC: 4.459 (Simulation time: 00 hr 24 min 56 sec)
Heartbeat CPU 18 instructions: 10000003 cycles: 2302258 heartbeat IPC: 4.344 cumulative IPC: 4.344 (Simulation time: 00 hr 25 min 37 sec)
Heartbeat CPU 0 instructions: 10000002 cycles: 2309555 heartbeat IPC: 4.33 cumulative IPC: 4.33 (Simulation time: 00 hr 25 min 42 sec)
Heartbeat CPU 28 instructions: 10000003 cycles: 2327691 heartbeat IPC: 4.296 cumulative IPC: 4.296 (Simulation time: 00 hr 25 min 54 sec)
Heartbeat CPU 6 instructions: 10000003 cycles: 2327733 heartbeat IPC: 4.296 cumulative IPC: 4.296 (Simulation time: 00 hr 25 min 54 sec)
Heartbeat CPU 27 instructions: 10000001 cycles: 2355243 heartbeat IPC: 4.246 cumulative IPC: 4.246 (Simulation time: 00 hr 26 min 14 sec)
Heartbeat CPU 3 instructions: 10000002 cycles: 2434110 heartbeat IPC: 4.108 cumulative IPC: 4.108 (Simulation time: 00 hr 27 min 07 sec)
Heartbeat CPU 23 instructions: 10000005 cycles: 2478133 heartbeat IPC: 4.035 cumulative IPC: 4.035 (Simulation time: 00 hr 27 min 37 sec)
Heartbeat CPU 22 instructions: 10000005 cycles: 2496910 heartbeat IPC: 4.005 cumulative IPC: 4.005 (Simulation time: 00 hr 27 min 49 sec)
Heartbeat CPU 10 instructions: 10000005 cycles: 2496956 heartbeat IPC: 4.005 cumulative IPC: 4.005 (Simulation time: 00 hr 27 min 49 sec)
Heartbeat CPU 13 instructions: 10000000 cycles: 2526620 heartbeat IPC: 3.958 cumulative IPC: 3.958 (Simulation time: 00 hr 28 min 08 sec)
Heartbeat CPU 11 instructions: 10000005 cycles: 2645422 heartbeat IPC: 3.78 cumulative IPC: 3.78 (Simulation time: 00 hr 29 min 27 sec)
Heartbeat CPU 5 instructions: 10000000 cycles: 2695923 heartbeat IPC: 3.709 cumulative IPC: 3.709 (Simulation time: 00 hr 30 min 01 sec)
Heartbeat CPU 29 instructions: 20000003 cycles: 4026822 heartbeat IPC: 4.971 cumulative IPC: 4.967 (Simulation time: 00 hr 45 min 26 sec)
Heartbeat CPU 7 instructions: 20000007 cycles: 4035020 heartbeat IPC: 4.974 cumulative IPC: 4.957 (Simulation time: 00 hr 45 min 32 sec)
Heartbeat CPU 31 instructions: 20000008 cycles: 4042567 heartbeat IPC: 4.951 cumulative IPC: 4.947 (Simulation time: 00 hr 45 min 37 sec)
Heartbeat CPU 30 instructions: 20000008 cycles: 4042592 heartbeat IPC: 4.951 cumulative IPC: 4.947 (Simulation time: 00 hr 45 min 37 sec)
Heartbeat CPU 26 instructions: 20000001 cycles: 4046146 heartbeat IPC: 4.951 cumulative IPC: 4.943 (Simulation time: 00 hr 45 min 40 sec)
Heartbeat CPU 4 instructions: 20000004 cycles: 4089898 heartbeat IPC: 4.893 cumulative IPC: 4.89 (Simulation time: 00 hr 46 min 10 sec)
Heartbeat CPU 8 instructions: 20000006 cycles: 4159812 heartbeat IPC: 4.842 cumulative IPC: 4.808 (Simulation time: 00 hr 46 min 59 sec)
Heartbeat CPU 14 instructions: 20000006 cycles: 4159964 heartbeat IPC: 4.843 cumulative IPC: 4.808 (Simulation time: 00 hr 46 min 59 sec)
Heartbeat CPU 15 instructions: 20000004 cycles: 4167751 heartbeat IPC: 4.8 cumulative IPC: 4.799 (Simulation time: 00 hr 47 min 05 sec)
Heartbeat CPU 19 instructions: 20000012 cycles: 4179520 heartbeat IPC: 4.784 cumulative IPC: 4.785 (Simulation time: 00 hr 47 min 13 sec)
Heartbeat CPU 24 instructions: 20000006 cycles: 4181164 heartbeat IPC: 4.809 cumulative IPC: 4.783 (Simulation time: 00 hr 47 min 14 sec)
Heartbeat CPU 16 instructions: 20000007 cycles: 4183667 heartbeat IPC: 4.835 cumulative IPC: 4.78 (Simulation time: 00 hr 47 min 16 sec)
Heartbeat CPU 20 instructions: 20000007 cycles: 4253201 heartbeat IPC: 4.732 cumulative IPC: 4.702 (Simulation time: 00 hr 48 min 04 sec)
Heartbeat CPU 12 instructions: 20000001 cycles: 4268272 heartbeat IPC: 4.744 cumulative IPC: 4.686 (Simulation time: 00 hr 48 min 15 sec)
Heartbeat CPU 17 instructions: 20000008 cycles: 4337877 heartbeat IPC: 4.671 cumulative IPC: 4.611 (Simulation time: 00 hr 49 min 05 sec)
Heartbeat CPU 1 instructions: 20000008 cycles: 4337887 heartbeat IPC: 4.671 cumulative IPC: 4.611 (Simulation time: 00 hr 49 min 05 sec)
Heartbeat CPU 25 instructions: 20000008 cycles: 4383441 heartbeat IPC: 4.613 cumulative IPC: 4.563 (Simulation time: 00 hr 49 min 38 sec)
Heartbeat CPU 21 instructions: 20000007 cycles: 4410871 heartbeat IPC: 4.539 cumulative IPC: 4.534 (Simulation time: 00 hr 49 min 57 sec)
Heartbeat CPU 9 instructions: 20000004 cycles: 4461307 heartbeat IPC: 4.495 cumulative IPC: 4.483 (Simulation time: 00 hr 50 min 32 sec)
Heartbeat CPU 18 instructions: 20000003 cycles: 4546585 heartbeat IPC: 4.456 cumulative IPC: 4.399 (Simulation time: 00 hr 51 min 34 sec)
Heartbeat CPU 0 instructions: 20000004 cycles: 4596580 heartbeat IPC: 4.372 cumulative IPC: 4.351 (Simulation time: 00 hr 52 min 09 sec)
Heartbeat CPU 6 instructions: 20000004 cycles: 4637066 heartbeat IPC: 4.33 cumulative IPC: 4.313 (Simulation time: 00 hr 52 min 38 sec)
Heartbeat CPU 28 instructions: 20000004 cycles: 4637101 heartbeat IPC: 4.33 cumulative IPC: 4.313 (Simulation time: 00 hr 52 min 38 sec)
Heartbeat CPU 27 instructions: 20000007 cycles: 4682830 heartbeat IPC: 4.296 cumulative IPC: 4.271 (Simulation time: 00 hr 53 min 11 sec)
Heartbeat CPU 23 instructions: 20000006 cycles: 4856167 heartbeat IPC: 4.205 cumulative IPC: 4.118 (Simulation time: 00 hr 55 min 16 sec)
Heartbeat CPU 13 instructions: 20000003 cycles: 4862309 heartbeat IPC: 4.281 cumulative IPC: 4.113 (Simulation time: 00 hr 55 min 20 sec)
Heartbeat CPU 3 instructions: 20000003 cycles: 4862477 heartbeat IPC: 4.118 cumulative IPC: 4.113 (Simulation time: 00 hr 55 min 20 sec)
Heartbeat CPU 5 instructions: 20000003 cycles: 4883829 heartbeat IPC: 4.571 cumulative IPC: 4.095 (Simulation time: 00 hr 55 min 35 sec)
Heartbeat CPU 2 instructions: 20000007 cycles: 4980239 heartbeat IPC: 3.653 cumulative IPC: 4.016 (Simulation time: 00 hr 56 min 43 sec)
Heartbeat CPU 10 instructions: 20000009 cycles: 4998163 heartbeat IPC: 3.998 cumulative IPC: 4.001 (Simulation time: 00 hr 56 min 57 sec)
Heartbeat CPU 22 instructions: 20000009 cycles: 4998443 heartbeat IPC: 3.998 cumulative IPC: 4.001 (Simulation time: 00 hr 56 min 57 sec)
Heartbeat CPU 11 instructions: 20000006 cycles: 5273160 heartbeat IPC: 3.806 cumulative IPC: 3.793 (Simulation time: 01 hr 00 min 17 sec)
Heartbeat CPU 29 instructions: 30000004 cycles: 6038134 heartbeat IPC: 4.972 cumulative IPC: 4.968 (Simulation time: 01 hr 09 min 28 sec)
Heartbeat CPU 7 instructions: 30000012 cycles: 6044285 heartbeat IPC: 4.977 cumulative IPC: 4.963 (Simulation time: 01 hr 09 min 32 sec)
Heartbeat CPU 31 instructions: 30000010 cycles: 6062543 heartbeat IPC: 4.951 cumulative IPC: 4.948 (Simulation time: 01 hr 09 min 45 sec)
Heartbeat CPU 30 instructions: 30000010 cycles: 6062576 heartbeat IPC: 4.951 cumulative IPC: 4.948 (Simulation time: 01 hr 09 min 45 sec)
Heartbeat CPU 26 instructions: 30000005 cycles: 6064133 heartbeat IPC: 4.955 cumulative IPC: 4.947 (Simulation time: 01 hr 09 min 46 sec)
Heartbeat CPU 4 instructions: 30000004 cycles: 6133917 heartbeat IPC: 4.892 cumulative IPC: 4.891 (Simulation time: 01 hr 10 min 36 sec)
Heartbeat CPU 14 instructions: 30000012 cycles: 6218595 heartbeat IPC: 4.858 cumulative IPC: 4.824 (Simulation time: 01 hr 11 min 40 sec)
Heartbeat CPU 8 instructions: 30000006 cycles: 6219595 heartbeat IPC: 4.855 cumulative IPC: 4.823 (Simulation time: 01 hr 11 min 40 sec)
Heartbeat CPU 15 instructions: 30000010 cycles: 6246385 heartbeat IPC: 4.811 cumulative IPC: 4.803 (Simulation time: 01 hr 12 min 00 sec)
Heartbeat CPU 16 instructions: 30000009 cycles: 6251729 heartbeat IPC: 4.835 cumulative IPC: 4.799 (Simulation time: 01 hr 12 min 04 sec)
Heartbeat CPU 24 instructions: 30000013 cycles: 6259272 heartbeat IPC: 4.812 cumulative IPC: 4.793 (Simulation time: 01 hr 12 min 09 sec)
Heartbeat CPU 19 instructions: 30000014 cycles: 6263969 heartbeat IPC: 4.797 cumulative IPC: 4.789 (Simulation time: 01 hr 12 min 12 sec)
Heartbeat CPU 20 instructions: 30000008 cycles: 6355440 heartbeat IPC: 4.757 cumulative IPC: 4.72 (Simulation time: 01 hr 13 min 19 sec)
Heartbeat CPU 12 instructions: 30000004 cycles: 6376602 heartbeat IPC: 4.743 cumulative IPC: 4.705 (Simulation time: 01 hr 13 min 34 sec)
Heartbeat CPU 17 instructions: 30000014 cycles: 6468758 heartbeat IPC: 4.693 cumulative IPC: 4.638 (Simulation time: 01 hr 14 min 43 sec)
Heartbeat CPU 1 instructions: 30000014 cycles: 6468768 heartbeat IPC: 4.693 cumulative IPC: 4.638 (Simulation time: 01 hr 14 min 43 sec)
Heartbeat CPU 25 instructions: 30000012 cycles: 6545575 heartbeat IPC: 4.625 cumulative IPC: 4.583 (Simulation time: 01 hr 15 min 38 sec)
Heartbeat CPU 21 instructions: 30000009 cycles: 6564491 heartbeat IPC: 4.643 cumulative IPC: 4.57 (Simulation time: 01 hr 15 min 52 sec)
Heartbeat CPU 9 instructions: 30000008 cycles: 6697747 heartbeat IPC: 4.471 cumulative IPC: 4.479 (Simulation time: 01 hr 17 min 31 sec)
Heartbeat CPU 18 instructions: 30000008 cycles: 6787081 heartbeat IPC: 4.463 cumulative IPC: 4.42 (Simulation time: 01 hr 18 min 34 sec)
Heartbeat CPU 0 instructions: 30000007 cycles: 6918470 heartbeat IPC: 4.307 cumulative IPC: 4.336 (Simulation time: 01 hr 20 min 11 sec)
Heartbeat CPU 6 instructions: 30000008 cycles: 6941657 heartbeat IPC: 4.339 cumulative IPC: 4.322 (Simulation time: 01 hr 20 min 28 sec)
Heartbeat CPU 28 instructions: 30000008 cycles: 6941884 heartbeat IPC: 4.339 cumulative IPC: 4.322 (Simulation time: 01 hr 20 min 28 sec)
Heartbeat CPU 27 instructions: 30000008 cycles: 7024172 heartbeat IPC: 4.271 cumulative IPC: 4.271 (Simulation time: 01 hr 21 min 28 sec)
Heartbeat CPU 5 instructions: 30000007 cycles: 7146007 heartbeat IPC: 4.421 cumulative IPC: 4.198 (Simulation time: 01 hr 22 min 57 sec)
Heartbeat CPU 23 instructions: 30000007 cycles: 7233279 heartbeat IPC: 4.207 cumulative IPC: 4.147 (Simulation time: 01 hr 24 min 02 sec)
Heartbeat CPU 2 instructions: 30000010 cycles: 7251909 heartbeat IPC: 4.402 cumulative IPC: 4.137 (Simulation time: 01 hr 24 min 15 sec)
Heartbeat CPU 3 instructions: 30000009 cycles: 7290854 heartbeat IPC: 4.118 cumulative IPC: 4.115 (Simulation time: 01 hr 24 min 43 sec)
Heartbeat CPU 13 instructions: 30000003 cycles: 7312156 heartbeat IPC: 4.082 cumulative IPC: 4.103 (Simulation time: 01 hr 24 min 59 sec)
Heartbeat CPU 10 instructions: 30000014 cycles: 7496686 heartbeat IPC: 4.002 cumulative IPC: 4.002 (Simulation time: 01 hr 27 min 12 sec)
Heartbeat CPU 22 instructions: 30000013 cycles: 7497277 heartbeat IPC: 4.002 cumulative IPC: 4.001 (Simulation time: 01 hr 27 min 12 sec)
Heartbeat CPU 11 instructions: 30000013 cycles: 7897686 heartbeat IPC: 3.81 cumulative IPC: 3.799 (Simulation time: 01 hr 32 min 00 sec)
Heartbeat CPU 29 instructions: 40000004 cycles: 8050009 heartbeat IPC: 4.97 cumulative IPC: 4.969 (Simulation time: 01 hr 33 min 48 sec)
Heartbeat CPU 7 instructions: 40000012 cycles: 8053283 heartbeat IPC: 4.978 cumulative IPC: 4.967 (Simulation time: 01 hr 33 min 50 sec)
Heartbeat CPU 26 instructions: 40000008 cycles: 8081623 heartbeat IPC: 4.957 cumulative IPC: 4.95 (Simulation time: 01 hr 34 min 10 sec)
Heartbeat CPU 31 instructions: 40000012 cycles: 8082218 heartbeat IPC: 4.951 cumulative IPC: 4.949 (Simulation time: 01 hr 34 min 11 sec)
Heartbeat CPU 30 instructions: 40000012 cycles: 8082256 heartbeat IPC: 4.951 cumulative IPC: 4.949 (Simulation time: 01 hr 34 min 11 sec)
Heartbeat CPU 4 instructions: 40000009 cycles: 8177620 heartbeat IPC: 4.893 cumulative IPC: 4.891 (Simulation time: 01 hr 35 min 20 sec)
Heartbeat CPU 14 instructions: 40000014 cycles: 8278502 heartbeat IPC: 4.855 cumulative IPC: 4.832 (Simulation time: 01 hr 36 min 33 sec)
Heartbeat CPU 8 instructions: 40000006 cycles: 8280218 heartbeat IPC: 4.853 cumulative IPC: 4.831 (Simulation time: 01 hr 36 min 34 sec)
Heartbeat CPU 16 instructions: 40000010 cycles: 8319479 heartbeat IPC: 4.836 cumulative IPC: 4.808 (Simulation time: 01 hr 37 min 02 sec)
Heartbeat CPU 24 instructions: 40000014 cycles: 8336942 heartbeat IPC: 4.813 cumulative IPC: 4.798 (Simulation time: 01 hr 37 min 15 sec)
Heartbeat CPU 15 instructions: 40000015 cycles: 8340195 heartbeat IPC: 4.776 cumulative IPC: 4.796 (Simulation time: 01 hr 37 min 18 sec)
Heartbeat CPU 19 instructions: 40000021 cycles: 8353627 heartbeat IPC: 4.785 cumulative IPC: 4.788 (Simulation time: 01 hr 37 min 28 sec)
Heartbeat CPU 20 instructions: 40000014 cycles: 8461319 heartbeat IPC: 4.749 cumulative IPC: 4.727 (Simulation time: 01 hr 38 min 45 sec)
Heartbeat CPU 12 instructions: 40000008 cycles: 8484592 heartbeat IPC: 4.744 cumulative IPC: 4.714 (Simulation time: 01 hr 39 min 02 sec)
Heartbeat CPU 17 instructions: 40000015 cycles: 8599806 heartbeat IPC: 4.693 cumulative IPC: 4.651 (Simulation time: 01 hr 40 min 28 sec)
Heartbeat CPU 1 instructions: 40000015 cycles: 8599816 heartbeat IPC: 4.693 cumulative IPC: 4.651 (Simulation time: 01 hr 40 min 28 sec)
Heartbeat CPU 25 instructions: 40000013 cycles: 8709045 heartbeat IPC: 4.622 cumulative IPC: 4.593 (Simulation time: 01 hr 41 min 48 sec)
Heartbeat CPU 21 instructions: 40000010 cycles: 8722457 heartbeat IPC: 4.634 cumulative IPC: 4.586 (Simulation time: 01 hr 41 min 58 sec)
Heartbeat CPU 9 instructions: 40000012 cycles: 8925170 heartbeat IPC: 4.489 cumulative IPC: 4.482 (Simulation time: 01 hr 44 min 23 sec)
Heartbeat CPU 18 instructions: 40000011 cycles: 9029274 heartbeat IPC: 4.46 cumulative IPC: 4.43 (Simulation time: 01 hr 45 min 38 sec)
Heartbeat CPU 0 instructions: 40000007 cycles: 9241194 heartbeat IPC: 4.305 cumulative IPC: 4.328 (Simulation time: 01 hr 48 min 13 sec)
Heartbeat CPU 6 instructions: 40000011 cycles: 9261549 heartbeat IPC: 4.311 cumulative IPC: 4.319 (Simulation time: 01 hr 48 min 28 sec)
Heartbeat CPU 28 instructions: 40000011 cycles: 9261776 heartbeat IPC: 4.311 cumulative IPC: 4.319 (Simulation time: 01 hr 48 min 28 sec)
Heartbeat CPU 27 instructions: 40000009 cycles: 9357640 heartbeat IPC: 4.285 cumulative IPC: 4.275 (Simulation time: 01 hr 49 min 37 sec)
Heartbeat CPU 5 instructions: 40000013 cycles: 9375986 heartbeat IPC: 4.484 cumulative IPC: 4.266 (Simulation time: 01 hr 49 min 51 sec)
Heartbeat CPU 2 instructions: 40000014 cycles: 9432416 heartbeat IPC: 4.586 cumulative IPC: 4.241 (Simulation time: 01 hr 50 min 33 sec)
Heartbeat CPU 23 instructions: 40000008 cycles: 9613662 heartbeat IPC: 4.201 cumulative IPC: 4.161 (Simulation time: 01 hr 52 min 45 sec)
Heartbeat CPU 13 instructions: 40000010 cycles: 9660694 heartbeat IPC: 4.258 cumulative IPC: 4.14 (Simulation time: 01 hr 53 min 19 sec)
Heartbeat CPU 3 instructions: 40000014 cycles: 9719227 heartbeat IPC: 4.118 cumulative IPC: 4.116 (Simulation time: 01 hr 54 min 01 sec)
Heartbeat CPU 10 instructions: 40000018 cycles: 9901285 heartbeat IPC: 4.159 cumulative IPC: 4.04 (Simulation time: 01 hr 56 min 12 sec)
Heartbeat CPU 22 instructions: 40000018 cycles: 9902215 heartbeat IPC: 4.158 cumulative IPC: 4.04 (Simulation time: 01 hr 56 min 13 sec)
Warmup finished CPU 29 instructions: 50000001 cycles: 10061644 cumulative IPC: 4.969 (Simulation time: 01 hr 58 min 12 sec)
Heartbeat CPU 29 instructions: 50000009 cycles: 10061645 heartbeat IPC: 4.971 cumulative IPC: 4.969 (Simulation time: 01 hr 58 min 12 sec)
Warmup finished CPU 7 instructions: 50000006 cycles: 10063629 cumulative IPC: 4.968 (Simulation time: 01 hr 58 min 13 sec)
Heartbeat CPU 7 instructions: 50000017 cycles: 10063632 heartbeat IPC: 4.974 cumulative IPC: 4.968 (Simulation time: 01 hr 58 min 13 sec)
Warmup finished CPU 26 instructions: 50000006 cycles: 10098828 cumulative IPC: 4.951 (Simulation time: 01 hr 58 min 38 sec)
Heartbeat CPU 26 instructions: 50000014 cycles: 10098829 heartbeat IPC: 4.957 cumulative IPC: 4.951 (Simulation time: 01 hr 58 min 38 sec)
Warmup finished CPU 31 instructions: 50000005 cycles: 10102190 cumulative IPC: 4.949 (Simulation time: 01 hr 58 min 41 sec)
Heartbeat CPU 31 instructions: 50000013 cycles: 10102192 heartbeat IPC: 4.951 cumulative IPC: 4.949 (Simulation time: 01 hr 58 min 41 sec)
Warmup finished CPU 30 instructions: 50000005 cycles: 10102233 cumulative IPC: 4.949 (Simulation time: 01 hr 58 min 41 sec)
Heartbeat CPU 30 instructions: 50000013 cycles: 10102235 heartbeat IPC: 4.951 cumulative IPC: 4.949 (Simulation time: 01 hr 58 min 41 sec)
Warmup finished CPU 4 instructions: 50000001 cycles: 10221631 cumulative IPC: 4.892 (Simulation time: 02 hr 00 min 07 sec)
Heartbeat CPU 4 instructions: 50000009 cycles: 10221632 heartbeat IPC: 4.892 cumulative IPC: 4.892 (Simulation time: 02 hr 00 min 07 sec)
Warmup finished CPU 14 instructions: 50000000 cycles: 10333225 cumulative IPC: 4.839 (Simulation time: 02 hr 01 min 27 sec)
Heartbeat CPU 14 instructions: 50000020 cycles: 10333231 heartbeat IPC: 4.867 cumulative IPC: 4.839 (Simulation time: 02 hr 01 min 27 sec)
Warmup finished CPU 8 instructions: 50000000 cycles: 10335078 cumulative IPC: 4.838 (Simulation time: 02 hr 01 min 28 sec)
Heartbeat CPU 8 instructions: 50000008 cycles: 10335080 heartbeat IPC: 4.867 cumulative IPC: 4.838 (Simulation time: 02 hr 01 min 28 sec)
Warmup finished CPU 16 instructions: 50000004 cycles: 10387799 cumulative IPC: 4.813 (Simulation time: 02 hr 02 min 06 sec)
Heartbeat CPU 16 instructions: 50000012 cycles: 10387800 heartbeat IPC: 4.835 cumulative IPC: 4.813 (Simulation time: 02 hr 02 min 06 sec)
Warmup finished CPU 15 instructions: 50000001 cycles: 10410724 cumulative IPC: 4.803 (Simulation time: 02 hr 02 min 24 sec)
Heartbeat CPU 15 instructions: 50000015 cycles: 10410726 heartbeat IPC: 4.83 cumulative IPC: 4.803 (Simulation time: 02 hr 02 min 24 sec)
Warmup finished CPU 24 instructions: 50000002 cycles: 10411591 cumulative IPC: 4.802 (Simulation time: 02 hr 02 min 25 sec)
Heartbeat CPU 24 instructions: 50000019 cycles: 10411596 heartbeat IPC: 4.82 cumulative IPC: 4.802 (Simulation time: 02 hr 02 min 25 sec)
Warmup finished CPU 19 instructions: 50000005 cycles: 10447285 cumulative IPC: 4.786 (Simulation time: 02 hr 02 min 52 sec)
Heartbeat CPU 19 instructions: 50000021 cycles: 10447287 heartbeat IPC: 4.776 cumulative IPC: 4.786 (Simulation time: 02 hr 02 min 52 sec)
Heartbeat CPU 11 instructions: 40000013 cycles: 10524735 heartbeat IPC: 3.807 cumulative IPC: 3.801 (Simulation time: 02 hr 03 min 51 sec)
Warmup finished CPU 20 instructions: 50000007 cycles: 10563455 cumulative IPC: 4.733 (Simulation time: 02 hr 04 min 18 sec)
Heartbeat CPU 20 instructions: 50000015 cycles: 10563456 heartbeat IPC: 4.757 cumulative IPC: 4.733 (Simulation time: 02 hr 04 min 18 sec)
Warmup finished CPU 12 instructions: 50000005 cycles: 10593045 cumulative IPC: 4.72 (Simulation time: 02 hr 04 min 39 sec)
Heartbeat CPU 12 instructions: 50000013 cycles: 10593046 heartbeat IPC: 4.743 cumulative IPC: 4.72 (Simulation time: 02 hr 04 min 39 sec)
Warmup finished CPU 1 instructions: 50000003 cycles: 10732138 cumulative IPC: 4.659 (Simulation time: 02 hr 06 min 19 sec)
Warmup finished CPU 17 instructions: 50000003 cycles: 10732141 cumulative IPC: 4.659 (Simulation time: 02 hr 06 min 19 sec)
Heartbeat CPU 1 instructions: 50000021 cycles: 10732147 heartbeat IPC: 4.69 cumulative IPC: 4.659 (Simulation time: 02 hr 06 min 19 sec)
Heartbeat CPU 17 instructions: 50000021 cycles: 10732150 heartbeat IPC: 4.69 cumulative IPC: 4.659 (Simulation time: 02 hr 06 min 19 sec)
Warmup finished CPU 25 instructions: 50000007 cycles: 10868271 cumulative IPC: 4.601 (Simulation time: 02 hr 07 min 58 sec)
Heartbeat CPU 25 instructions: 50000014 cycles: 10868272 heartbeat IPC: 4.631 cumulative IPC: 4.601 (Simulation time: 02 hr 07 min 58 sec)
Warmup finished CPU 21 instructions: 50000000 cycles: 10911515 cumulative IPC: 4.582 (Simulation time: 02 hr 08 min 29 sec)
Heartbeat CPU 21 instructions: 50000016 cycles: 10911517 heartbeat IPC: 4.568 cumulative IPC: 4.582 (Simulation time: 02 hr 08 min 29 sec)
Warmup finished CPU 9 instructions: 50000000 cycles: 11062786 cumulative IPC: 4.52 (Simulation time: 02 hr 10 min 18 sec)
Heartbeat CPU 9 instructions: 50000016 cycles: 11062788 heartbeat IPC: 4.678 cumulative IPC: 4.52 (Simulation time: 02 hr 10 min 18 sec)
Warmup finished CPU 18 instructions: 50000003 cycles: 11271870 cumulative IPC: 4.436 (Simulation time: 02 hr 12 min 51 sec)
Heartbeat CPU 18 instructions: 50000011 cycles: 11271871 heartbeat IPC: 4.459 cumulative IPC: 4.436 (Simulation time: 02 hr 12 min 51 sec)
Warmup finished CPU 5 instructions: 50000005 cycles: 11524124 cumulative IPC: 4.339 (Simulation time: 02 hr 15 min 52 sec)
Heartbeat CPU 5 instructions: 50000013 cycles: 11524125 heartbeat IPC: 4.655 cumulative IPC: 4.339 (Simulation time: 02 hr 15 min 52 sec)
Warmup finished CPU 0 instructions: 50000000 cycles: 11562209 cumulative IPC: 4.324 (Simulation time: 02 hr 16 min 19 sec)
Heartbeat CPU 0 instructions: 50000013 cycles: 11562212 heartbeat IPC: 4.308 cumulative IPC: 4.324 (Simulation time: 02 hr 16 min 19 sec)
Warmup finished CPU 6 instructions: 50000004 cycles: 11582771 cumulative IPC: 4.317 (Simulation time: 02 hr 16 min 34 sec)
Heartbeat CPU 6 instructions: 50000012 cycles: 11582773 heartbeat IPC: 4.308 cumulative IPC: 4.317 (Simulation time: 02 hr 16 min 34 sec)
Warmup finished CPU 28 instructions: 50000004 cycles: 11582998 cumulative IPC: 4.317 (Simulation time: 02 hr 16 min 34 sec)
Heartbeat CPU 28 instructions: 50000012 cycles: 11583000 heartbeat IPC: 4.308 cumulative IPC: 4.317 (Simulation time: 02 hr 16 min 34 sec)
Warmup finished CPU 2 instructions: 50000007 cycles: 11604149 cumulative IPC: 4.309 (Simulation time: 02 hr 16 min 49 sec)
Heartbeat CPU 2 instructions: 50000015 cycles: 11604150 heartbeat IPC: 4.605 cumulative IPC: 4.309 (Simulation time: 02 hr 16 min 49 sec)
Warmup finished CPU 27 instructions: 50000002 cycles: 11704329 cumulative IPC: 4.272 (Simulation time: 02 hr 18 min 03 sec)
Heartbeat CPU 27 instructions: 50000010 cycles: 11704330 heartbeat IPC: 4.261 cumulative IPC: 4.272 (Simulation time: 02 hr 18 min 03 sec)
Warmup finished CPU 23 instructions: 50000006 cycles: 11994776 cumulative IPC: 4.168 (Simulation time: 02 hr 21 min 31 sec)
Heartbeat CPU 23 instructions: 50000014 cycles: 11994777 heartbeat IPC: 4.2 cumulative IPC: 4.168 (Simulation time: 02 hr 21 min 31 sec)
Warmup finished CPU 13 instructions: 50000000 cycles: 12051881 cumulative IPC: 4.149 (Simulation time: 02 hr 22 min 12 sec)
Heartbeat CPU 13 instructions: 50000011 cycles: 12051883 heartbeat IPC: 4.182 cumulative IPC: 4.149 (Simulation time: 02 hr 22 min 12 sec)
Heartbeat CPU 29 instructions: 60000010 cycles: 12073291 heartbeat IPC: 4.971 cumulative IPC: 4.97 (Simulation time: 02 hr 22 min 27 sec)
Heartbeat CPU 7 instructions: 60000021 cycles: 12073599 heartbeat IPC: 4.975 cumulative IPC: 4.97 (Simulation time: 02 hr 22 min 28 sec)
Heartbeat CPU 26 instructions: 60000019 cycles: 12115498 heartbeat IPC: 4.959 cumulative IPC: 4.952 (Simulation time: 02 hr 22 min 57 sec)
Heartbeat CPU 31 instructions: 60000020 cycles: 12121868 heartbeat IPC: 4.951 cumulative IPC: 4.95 (Simulation time: 02 hr 23 min 02 sec)
Heartbeat CPU 30 instructions: 60000020 cycles: 12121923 heartbeat IPC: 4.951 cumulative IPC: 4.95 (Simulation time: 02 hr 23 min 02 sec)
Warmup finished CPU 3 instructions: 50000000 cycles: 12147595 cumulative IPC: 4.116 (Simulation time: 02 hr 23 min 20 sec)
Heartbeat CPU 3 instructions: 50000016 cycles: 12147597 heartbeat IPC: 4.118 cumulative IPC: 4.116 (Simulation time: 02 hr 23 min 20 sec)
Heartbeat CPU 4 instructions: 60000011 cycles: 12276689 heartbeat IPC: 4.866 cumulative IPC: 4.887 (Simulation time: 02 hr 24 min 52 sec)
Warmup finished CPU 10 instructions: 50000006 cycles: 12277114 cumulative IPC: 4.073 (Simulation time: 02 hr 24 min 53 sec)
Heartbeat CPU 10 instructions: 50000022 cycles: 12277116 heartbeat IPC: 4.209 cumulative IPC: 4.073 (Simulation time: 02 hr 24 min 53 sec)
Warmup finished CPU 22 instructions: 50000006 cycles: 12277134 cumulative IPC: 4.073 (Simulation time: 02 hr 24 min 53 sec)
Heartbeat CPU 22 instructions: 50000022 cycles: 12277136 heartbeat IPC: 4.211 cumulative IPC: 4.073 (Simulation time: 02 hr 24 min 53 sec)
Heartbeat CPU 14 instructions: 60000027 cycles: 12390301 heartbeat IPC: 4.861 cumulative IPC: 4.842 (Simulation time: 02 hr 26 min 18 sec)
Heartbeat CPU 8 instructions: 60000013 cycles: 12392140 heartbeat IPC: 4.861 cumulative IPC: 4.842 (Simulation time: 02 hr 26 min 19 sec)
Heartbeat CPU 16 instructions: 60000016 cycles: 12455867 heartbeat IPC: 4.835 cumulative IPC: 4.817 (Simulation time: 02 hr 27 min 04 sec)
Heartbeat CPU 24 instructions: 60000023 cycles: 12484744 heartbeat IPC: 4.824 cumulative IPC: 4.806 (Simulation time: 02 hr 27 min 24 sec)
Heartbeat CPU 15 instructions: 60000016 cycles: 12520650 heartbeat IPC: 4.74 cumulative IPC: 4.792 (Simulation time: 02 hr 27 min 49 sec)
Heartbeat CPU 19 instructions: 60000025 cycles: 12528953 heartbeat IPC: 4.804 cumulative IPC: 4.789 (Simulation time: 02 hr 27 min 55 sec)
Heartbeat CPU 20 instructions: 60000016 cycles: 12668443 heartbeat IPC: 4.751 cumulative IPC: 4.736 (Simulation time: 02 hr 29 min 30 sec)
Heartbeat CPU 12 instructions: 60000016 cycles: 12701389 heartbeat IPC: 4.743 cumulative IPC: 4.724 (Simulation time: 02 hr 29 min 54 sec)
Heartbeat CPU 1 instructions: 60000026 cycles: 12858550 heartbeat IPC: 4.703 cumulative IPC: 4.666 (Simulation time: 02 hr 31 min 42 sec)
Heartbeat CPU 17 instructions: 60000026 cycles: 12858554 heartbeat IPC: 4.703 cumulative IPC: 4.666 (Simulation time: 02 hr 31 min 42 sec)
Heartbeat CPU 25 instructions: 60000019 cycles: 13033264 heartbeat IPC: 4.619 cumulative IPC: 4.604 (Simulation time: 02 hr 33 min 44 sec)
Heartbeat CPU 21 instructions: 60000019 cycles: 13104117 heartbeat IPC: 4.561 cumulative IPC: 4.579 (Simulation time: 02 hr 34 min 33 sec)
Warmup finished CPU 11 instructions: 50000002 cycles: 13153866 cumulative IPC: 3.801 (Simulation time: 02 hr 35 min 08 sec)
Warmup complete CPU 9 instructions: 59472703 cycles: 13153866 cumulative IPC: 4.521 (Simulation time: 02 hr 35 min 08 sec)
Warmup complete CPU 8 instructions: 63721247 cycles: 13153866 cumulative IPC: 4.844 (Simulation time: 02 hr 35 min 08 sec)
Warmup complete CPU 7 instructions: 65359579 cycles: 13153866 cumulative IPC: 4.969 (Simulation time: 02 hr 35 min 08 sec)
Warmup complete CPU 6 instructions: 56737127 cycles: 13153866 cumulative IPC: 4.313 (Simulation time: 02 hr 35 min 08 sec)
Warmup complete CPU 5 instructions: 57654564 cycles: 13153866 cumulative IPC: 4.383 (Simulation time: 02 hr 35 min 08 sec)
Warmup complete CPU 4 instructions: 64286753 cycles: 13153866 cumulative IPC: 4.887 (Simulation time: 02 hr 35 min 08 sec)
Warmup complete CPU 31 instructions: 65110075 cycles: 13153866 cumulative IPC: 4.95 (Simulation time: 02 hr 35 min 08 sec)
Warmup complete CPU 30 instructions: 65109799 cycles: 13153866 cumulative IPC: 4.95 (Simulation time: 02 hr 35 min 08 sec)
Warmup complete CPU 3 instructions: 54143813 cycles: 13153866 cumulative IPC: 4.116 (Simulation time: 02 hr 35 min 08 sec)
Warmup complete CPU 29 instructions: 65372687 cycles: 13153866 cumulative IPC: 4.97 (Simulation time: 02 hr 35 min 08 sec)
Warmup complete CPU 28 instructions: 56736277 cycles: 13153866 cumulative IPC: 4.313 (Simulation time: 02 hr 35 min 08 sec)
Warmup complete CPU 27 instructions: 56188475 cycles: 13153866 cumulative IPC: 4.272 (Simulation time: 02 hr 35 min 08 sec)
Warmup complete CPU 26 instructions: 65146034 cycles: 13153866 cumulative IPC: 4.953 (Simulation time: 02 hr 35 min 08 sec)
Warmup complete CPU 25 instructions: 60565700 cycles: 13153866 cumulative IPC: 4.604 (Simulation time: 02 hr 35 min 08 sec)
Warmup complete CPU 24 instructions: 63236040 cycles: 13153866 cumulative IPC: 4.807 (Simulation time: 02 hr 35 min 08 sec)
Warmup complete CPU 23 instructions: 54853166 cycles: 13153866 cumulative IPC: 4.17 (Simulation time: 02 hr 35 min 08 sec)
Warmup complete CPU 22 instructions: 53699798 cycles: 13153866 cumulative IPC: 4.082 (Simulation time: 02 hr 35 min 08 sec)
Warmup complete CPU 21 instructions: 60217868 cycles: 13153866 cumulative IPC: 4.578 (Simulation time: 02 hr 35 min 08 sec)
Warmup complete CPU 20 instructions: 62361597 cycles: 13153866 cumulative IPC: 4.741 (Simulation time: 02 hr 35 min 08 sec)
Warmup complete CPU 2 instructions: 57151306 cycles: 13153866 cumulative IPC: 4.345 (Simulation time: 02 hr 35 min 08 sec)
Warmup complete CPU 19 instructions: 62999131 cycles: 13153866 cumulative IPC: 4.789 (Simulation time: 02 hr 35 min 08 sec)
Warmup complete CPU 18 instructions: 58435959 cycles: 13153866 cumulative IPC: 4.442 (Simulation time: 02 hr 35 min 08 sec)
Warmup complete CPU 17 instructions: 61387623 cycles: 13153866 cumulative IPC: 4.667 (Simulation time: 02 hr 35 min 08 sec)
Warmup complete CPU 16 instructions: 63373768 cycles: 13153866 cumulative IPC: 4.818 (Simulation time: 02 hr 35 min 08 sec)
Warmup complete CPU 15 instructions: 63020690 cycles: 13153866 cumulative IPC: 4.791 (Simulation time: 02 hr 35 min 08 sec)
Warmup complete CPU 14 instructions: 63728968 cycles: 13153866 cumulative IPC: 4.845 (Simulation time: 02 hr 35 min 08 sec)
Warmup complete CPU 13 instructions: 54765192 cycles: 13153866 cumulative IPC: 4.163 (Simulation time: 02 hr 35 min 08 sec)
Warmup complete CPU 12 instructions: 62145882 cycles: 13153866 cumulative IPC: 4.725 (Simulation time: 02 hr 35 min 08 sec)
Warmup complete CPU 11 instructions: 50000002 cycles: 13153866 cumulative IPC: 3.801 (Simulation time: 02 hr 35 min 08 sec)
Warmup complete CPU 10 instructions: 53700296 cycles: 13153866 cumulative IPC: 4.082 (Simulation time: 02 hr 35 min 08 sec)
Warmup complete CPU 1 instructions: 61387655 cycles: 13153866 cumulative IPC: 4.667 (Simulation time: 02 hr 35 min 08 sec)
Warmup complete CPU 0 instructions: 56856597 cycles: 13153866 cumulative IPC: 4.322 (Simulation time: 02 hr 35 min 08 sec)
Heartbeat CPU 11 instructions: 50000018 cycles: 13153868 heartbeat IPC: 3.804 cumulative IPC: 8 (Simulation time: 02 hr 35 min 08 sec)
Heartbeat CPU 9 instructions: 60000017 cycles: 13303824 heartbeat IPC: 4.462 cumulative IPC: 3.516 (Simulation time: 02 hr 36 min 45 sec)
Heartbeat CPU 18 instructions: 60000013 cycles: 14004540 heartbeat IPC: 3.659 cumulative IPC: 1.839 (Simulation time: 02 hr 44 min 19 sec)
Heartbeat CPU 0 instructions: 60000013 cycles: 14051730 heartbeat IPC: 4.017 cumulative IPC: 3.501 (Simulation time: 02 hr 44 min 50 sec)
Heartbeat CPU 6 instructions: 60000012 cycles: 14055738 heartbeat IPC: 4.044 cumulative IPC: 3.618 (Simulation time: 02 hr 44 min 52 sec)
Heartbeat CPU 28 instructions: 60000012 cycles: 14055987 heartbeat IPC: 4.044 cumulative IPC: 3.618 (Simulation time: 02 hr 44 min 52 sec)
Heartbeat CPU 27 instructions: 60000011 cycles: 14085561 heartbeat IPC: 4.2 cumulative IPC: 4.091 (Simulation time: 02 hr 45 min 12 sec)
Heartbeat CPU 26 instructions: 70000024 cycles: 14236519 heartbeat IPC: 4.715 cumulative IPC: 4.483 (Simulation time: 02 hr 46 min 49 sec)
Heartbeat CPU 4 instructions: 70000013 cycles: 14403015 heartbeat IPC: 4.703 cumulative IPC: 4.574 (Simulation time: 02 hr 48 min 32 sec)
Heartbeat CPU 16 instructions: 70000023 cycles: 14573091 heartbeat IPC: 4.723 cumulative IPC: 4.669 (Simulation time: 02 hr 50 min 14 sec)
Heartbeat CPU 2 instructions: 60000017 cycles: 14689559 heartbeat IPC: 3.241 cumulative IPC: 1.855 (Simulation time: 02 hr 51 min 25 sec)
Heartbeat CPU 5 instructions: 60000014 cycles: 14742717 heartbeat IPC: 3.107 cumulative IPC: 1.476 (Simulation time: 02 hr 51 min 57 sec)
Heartbeat CPU 31 instructions: 70000024 cycles: 14914875 heartbeat IPC: 3.58 cumulative IPC: 2.777 (Simulation time: 02 hr 53 min 42 sec)
Heartbeat CPU 30 instructions: 70000024 cycles: 14923328 heartbeat IPC: 3.57 cumulative IPC: 2.764 (Simulation time: 02 hr 53 min 47 sec)
Heartbeat CPU 3 instructions: 60000017 cycles: 15022478 heartbeat IPC: 3.478 cumulative IPC: 3.134 (Simulation time: 02 hr 54 min 47 sec)
Heartbeat CPU 23 instructions: 60000021 cycles: 15113565 heartbeat IPC: 3.206 cumulative IPC: 2.626 (Simulation time: 02 hr 55 min 48 sec)
Heartbeat CPU 14 instructions: 70000030 cycles: 15233535 heartbeat IPC: 3.517 cumulative IPC: 3.015 (Simulation time: 02 hr 57 min 07 sec)
Heartbeat CPU 8 instructions: 70000014 cycles: 15239043 heartbeat IPC: 3.513 cumulative IPC: 3.011 (Simulation time: 02 hr 57 min 11 sec)
Heartbeat CPU 12 instructions: 70000021 cycles: 15484634 heartbeat IPC: 3.593 cumulative IPC: 3.37 (Simulation time: 02 hr 59 min 53 sec)
Heartbeat CPU 19 instructions: 70000028 cycles: 15501509 heartbeat IPC: 3.364 cumulative IPC: 2.982 (Simulation time: 03 hr 00 min 03 sec)
Heartbeat CPU 29 instructions: 70000012 cycles: 15688945 heartbeat IPC: 2.766 cumulative IPC: 1.825 (Simulation time: 03 hr 02 min 07 sec)
Heartbeat CPU 15 instructions: 70000017 cycles: 15779532 heartbeat IPC: 3.069 cumulative IPC: 2.658 (Simulation time: 03 hr 03 min 07 sec)
Heartbeat CPU 21 instructions: 70000021 cycles: 15937637 heartbeat IPC: 3.529 cumulative IPC: 3.514 (Simulation time: 03 hr 04 min 51 sec)
Heartbeat CPU 25 instructions: 70000022 cycles: 16085012 heartbeat IPC: 3.277 cumulative IPC: 3.219 (Simulation time: 03 hr 06 min 24 sec)
Heartbeat CPU 9 instructions: 70000017 cycles: 16101319 heartbeat IPC: 3.575 cumulative IPC: 3.572 (Simulation time: 03 hr 06 min 34 sec)
Heartbeat CPU 27 instructions: 70000014 cycles: 16494698 heartbeat IPC: 4.151 cumulative IPC: 4.134 (Simulation time: 03 hr 10 min 49 sec)
Heartbeat CPU 26 instructions: 80000031 cycles: 16503369 heartbeat IPC: 4.411 cumulative IPC: 4.435 (Simulation time: 03 hr 10 min 54 sec)
Heartbeat CPU 7 instructions: 70000021 cycles: 16556336 heartbeat IPC: 2.231 cumulative IPC: 1.364 (Simulation time: 03 hr 11 min 29 sec)
Heartbeat CPU 4 instructions: 80000019 cycles: 16597793 heartbeat IPC: 4.556 cumulative IPC: 4.563 (Simulation time: 03 hr 11 min 56 sec)
Heartbeat CPU 16 instructions: 80000024 cycles: 16719397 heartbeat IPC: 4.659 cumulative IPC: 4.663 (Simulation time: 03 hr 13 min 15 sec)
Heartbeat CPU 6 instructions: 70000013 cycles: 16826652 heartbeat IPC: 3.609 cumulative IPC: 3.611 (Simulation time: 03 hr 14 min 27 sec)
Heartbeat CPU 28 instructions: 70000013 cycles: 16827095 heartbeat IPC: 3.609 cumulative IPC: 3.611 (Simulation time: 03 hr 14 min 27 sec)
Heartbeat CPU 0 instructions: 70000014 cycles: 16895489 heartbeat IPC: 3.516 cumulative IPC: 3.513 (Simulation time: 03 hr 15 min 12 sec)
Heartbeat CPU 13 instructions: 60000011 cycles: 16946933 heartbeat IPC: 2.043 cumulative IPC: 1.38 (Simulation time: 03 hr 15 min 47 sec)
Heartbeat CPU 24 instructions: 70000023 cycles: 17252163 heartbeat IPC: 2.098 cumulative IPC: 1.65 (Simulation time: 03 hr 19 min 10 sec)
Heartbeat CPU 17 instructions: 70000026 cycles: 17804825 heartbeat IPC: 2.022 cumulative IPC: 1.852 (Simulation time: 03 hr 25 min 12 sec)
Heartbeat CPU 1 instructions: 70000026 cycles: 17806147 heartbeat IPC: 2.021 cumulative IPC: 1.851 (Simulation time: 03 hr 25 min 12 sec)
Heartbeat CPU 10 instructions: 60000025 cycles: 17991115 heartbeat IPC: 1.75 cumulative IPC: 1.302 (Simulation time: 03 hr 27 min 06 sec)
Heartbeat CPU 22 instructions: 60000025 cycles: 18050539 heartbeat IPC: 1.732 cumulative IPC: 1.287 (Simulation time: 03 hr 27 min 43 sec)
Heartbeat CPU 3 instructions: 70000021 cycles: 18213250 heartbeat IPC: 3.134 cumulative IPC: 3.134 (Simulation time: 03 hr 29 min 27 sec)
Heartbeat CPU 12 instructions: 80000024 cycles: 18464556 heartbeat IPC: 3.356 cumulative IPC: 3.362 (Simulation time: 03 hr 32 min 08 sec)
Heartbeat CPU 14 instructions: 80000036 cycles: 18508436 heartbeat IPC: 3.054 cumulative IPC: 3.039 (Simulation time: 03 hr 32 min 36 sec)
Heartbeat CPU 8 instructions: 80000017 cycles: 18512763 heartbeat IPC: 3.055 cumulative IPC: 3.038 (Simulation time: 03 hr 32 min 39 sec)
Heartbeat CPU 31 instructions: 80000027 cycles: 18518052 heartbeat IPC: 2.775 cumulative IPC: 2.776 (Simulation time: 03 hr 32 min 42 sec)
Heartbeat CPU 30 instructions: 80000027 cycles: 18538547 heartbeat IPC: 2.766 cumulative IPC: 2.765 (Simulation time: 03 hr 32 min 55 sec)
Heartbeat CPU 20 instructions: 70000016 cycles: 18718977 heartbeat IPC: 1.653 cumulative IPC: 1.373 (Simulation time: 03 hr 34 min 52 sec)
Heartbeat CPU 26 instructions: 90000036 cycles: 18754719 heartbeat IPC: 4.442 cumulative IPC: 4.438 (Simulation time: 03 hr 35 min 14 sec)
Heartbeat CPU 4 instructions: 90000025 cycles: 18791203 heartbeat IPC: 4.559 cumulative IPC: 4.561 (Simulation time: 03 hr 35 min 38 sec)
Heartbeat CPU 9 instructions: 80000023 cycles: 18812535 heartbeat IPC: 3.688 cumulative IPC: 3.628 (Simulation time: 03 hr 35 min 52 sec)
Heartbeat CPU 16 instructions: 90000029 cycles: 18871045 heartbeat IPC: 4.648 cumulative IPC: 4.657 (Simulation time: 03 hr 36 min 29 sec)
Heartbeat CPU 23 instructions: 70000026 cycles: 18886067 heartbeat IPC: 2.651 cumulative IPC: 2.642 (Simulation time: 03 hr 36 min 38 sec)
Heartbeat CPU 27 instructions: 80000015 cycles: 18896456 heartbeat IPC: 4.164 cumulative IPC: 4.146 (Simulation time: 03 hr 36 min 45 sec)
Heartbeat CPU 21 instructions: 80000024 cycles: 19043927 heartbeat IPC: 3.219 cumulative IPC: 3.359 (Simulation time: 03 hr 38 min 21 sec)
Heartbeat CPU 19 instructions: 80000028 cycles: 19253434 heartbeat IPC: 2.665 cumulative IPC: 2.787 (Simulation time: 03 hr 40 min 39 sec)
Heartbeat CPU 25 instructions: 80000028 cycles: 19294805 heartbeat IPC: 3.115 cumulative IPC: 3.165 (Simulation time: 03 hr 41 min 06 sec)
Heartbeat CPU 18 instructions: 70000017 cycles: 19332343 heartbeat IPC: 1.877 cumulative IPC: 1.872 (Simulation time: 03 hr 41 min 30 sec)
Heartbeat CPU 11 instructions: 60000019 cycles: 19412721 heartbeat IPC: 1.598 cumulative IPC: 1.598 (Simulation time: 03 hr 42 min 24 sec)
Heartbeat CPU 15 instructions: 80000020 cycles: 19511763 heartbeat IPC: 2.679 cumulative IPC: 2.671 (Simulation time: 03 hr 43 min 30 sec)
Heartbeat CPU 6 instructions: 80000019 cycles: 19594936 heartbeat IPC: 3.612 cumulative IPC: 3.612 (Simulation time: 03 hr 44 min 24 sec)
Heartbeat CPU 28 instructions: 80000019 cycles: 19595351 heartbeat IPC: 3.612 cumulative IPC: 3.612 (Simulation time: 03 hr 44 min 25 sec)
Heartbeat CPU 0 instructions: 80000014 cycles: 19740615 heartbeat IPC: 3.515 cumulative IPC: 3.514 (Simulation time: 03 hr 45 min 55 sec)
Heartbeat CPU 2 instructions: 70000020 cycles: 20020996 heartbeat IPC: 1.876 cumulative IPC: 1.871 (Simulation time: 03 hr 48 min 55 sec)
Heartbeat CPU 5 instructions: 70000021 cycles: 20805896 heartbeat IPC: 1.649 cumulative IPC: 1.613 (Simulation time: 03 hr 57 min 28 sec)
Heartbeat CPU 26 instructions: 100000041 cycles: 20979223 heartbeat IPC: 4.495 cumulative IPC: 4.454 (Simulation time: 03 hr 59 min 24 sec)
Heartbeat CPU 4 instructions: 100000026 cycles: 20984268 heartbeat IPC: 4.56 cumulative IPC: 4.561 (Simulation time: 03 hr 59 min 27 sec)
Heartbeat CPU 16 instructions: 100000030 cycles: 21018800 heartbeat IPC: 4.656 cumulative IPC: 4.657 (Simulation time: 03 hr 59 min 51 sec)
Heartbeat CPU 29 instructions: 80000012 cycles: 21189955 heartbeat IPC: 1.818 cumulative IPC: 1.82 (Simulation time: 04 hr 01 min 48 sec)
Heartbeat CPU 27 instructions: 90000016 cycles: 21292357 heartbeat IPC: 4.174 cumulative IPC: 4.155 (Simulation time: 04 hr 02 min 52 sec)
Heartbeat CPU 3 instructions: 80000028 cycles: 21404033 heartbeat IPC: 3.134 cumulative IPC: 3.134 (Simulation time: 04 hr 04 min 00 sec)
Heartbeat CPU 12 instructions: 90000025 cycles: 21435338 heartbeat IPC: 3.366 cumulative IPC: 3.363 (Simulation time: 04 hr 04 min 20 sec)
Heartbeat CPU 9 instructions: 90000024 cycles: 21484534 heartbeat IPC: 3.743 cumulative IPC: 3.664 (Simulation time: 04 hr 04 min 51 sec)
Heartbeat CPU 21 instructions: 90000031 cycles: 21747914 heartbeat IPC: 3.698 cumulative IPC: 3.465 (Simulation time: 04 hr 07 min 53 sec)
Heartbeat CPU 14 instructions: 90000042 cycles: 21765531 heartbeat IPC: 3.07 cumulative IPC: 3.051 (Simulation time: 04 hr 08 min 05 sec)
Heartbeat CPU 8 instructions: 90000023 cycles: 21768356 heartbeat IPC: 3.072 cumulative IPC: 3.051 (Simulation time: 04 hr 08 min 07 sec)
Heartbeat CPU 31 instructions: 90000029 cycles: 22122096 heartbeat IPC: 2.775 cumulative IPC: 2.775 (Simulation time: 04 hr 11 min 53 sec)
Heartbeat CPU 30 instructions: 90000029 cycles: 22157412 heartbeat IPC: 2.763 cumulative IPC: 2.764 (Simulation time: 04 hr 12 min 15 sec)
Heartbeat CPU 6 instructions: 90000021 cycles: 22373363 heartbeat IPC: 3.599 cumulative IPC: 3.608 (Simulation time: 04 hr 14 min 35 sec)
Heartbeat CPU 28 instructions: 90000021 cycles: 22374507 heartbeat IPC: 3.598 cumulative IPC: 3.608 (Simulation time: 04 hr 14 min 36 sec)
Heartbeat CPU 0 instructions: 90000014 cycles: 22600350 heartbeat IPC: 3.497 cumulative IPC: 3.509 (Simulation time: 04 hr 16 min 56 sec)
Heartbeat CPU 23 instructions: 80000033 cycles: 22637434 heartbeat IPC: 2.666 cumulative IPC: 2.652 (Simulation time: 04 hr 17 min 18 sec)
Heartbeat CPU 19 instructions: 90000030 cycles: 23144614 heartbeat IPC: 2.57 cumulative IPC: 2.703 (Simulation time: 04 hr 22 min 25 sec)
Heartbeat CPU 16 instructions: 110000030 cycles: 23164801 heartbeat IPC: 4.66 cumulative IPC: 4.658 (Simulation time: 04 hr 22 min 38 sec)
Heartbeat CPU 17 instructions: 80000026 cycles: 23171717 heartbeat IPC: 1.863 cumulative IPC: 1.858 (Simulation time: 04 hr 22 min 42 sec)
Heartbeat CPU 1 instructions: 80000026 cycles: 23171866 heartbeat IPC: 1.864 cumulative IPC: 1.858 (Simulation time: 04 hr 22 min 42 sec)
Heartbeat CPU 4 instructions: 110000032 cycles: 23202155 heartbeat IPC: 4.509 cumulative IPC: 4.549 (Simulation time: 04 hr 23 min 00 sec)
Heartbeat CPU 26 instructions: 110000042 cycles: 23261016 heartbeat IPC: 4.383 cumulative IPC: 4.438 (Simulation time: 04 hr 23 min 36 sec)
Heartbeat CPU 24 instructions: 80000024 cycles: 23303918 heartbeat IPC: 1.652 cumulative IPC: 1.652 (Simulation time: 04 hr 24 min 01 sec)
Heartbeat CPU 15 instructions: 90000025 cycles: 23433015 heartbeat IPC: 2.55 cumulative IPC: 2.625 (Simulation time: 04 hr 25 min 19 sec)
Heartbeat CPU 7 instructions: 80000023 cycles: 23674510 heartbeat IPC: 1.405 cumulative IPC: 1.392 (Simulation time: 04 hr 27 min 45 sec)
Heartbeat CPU 27 instructions: 100000021 cycles: 23725150 heartbeat IPC: 4.111 cumulative IPC: 4.144 (Simulation time: 04 hr 28 min 16 sec)
Heartbeat CPU 9 instructions: 100000031 cycles: 24218123 heartbeat IPC: 3.658 cumulative IPC: 3.663 (Simulation time: 04 hr 33 min 24 sec)
Heartbeat CPU 21 instructions: 100000032 cycles: 24349080 heartbeat IPC: 3.844 cumulative IPC: 3.553 (Simulation time: 04 hr 34 min 45 sec)
Heartbeat CPU 12 instructions: 100000030 cycles: 24416510 heartbeat IPC: 3.354 cumulative IPC: 3.361 (Simulation time: 04 hr 35 min 27 sec)
Heartbeat CPU 25 instructions: 90000028 cycles: 24591916 heartbeat IPC: 1.888 cumulative IPC: 2.573 (Simulation time: 04 hr 37 min 17 sec)
Heartbeat CPU 3 instructions: 90000032 cycles: 24610557 heartbeat IPC: 3.119 cumulative IPC: 3.13 (Simulation time: 04 hr 37 min 29 sec)
Heartbeat CPU 18 instructions: 80000019 cycles: 24661874 heartbeat IPC: 1.876 cumulative IPC: 1.874 (Simulation time: 04 hr 38 min 01 sec)
Heartbeat CPU 14 instructions: 100000042 cycles: 25030927 heartbeat IPC: 3.062 cumulative IPC: 3.054 (Simulation time: 04 hr 41 min 49 sec)
Heartbeat CPU 8 instructions: 100000023 cycles: 25032581 heartbeat IPC: 3.064 cumulative IPC: 3.054 (Simulation time: 04 hr 41 min 50 sec)
Heartbeat CPU 6 instructions: 100000026 cycles: 25152367 heartbeat IPC: 3.598 cumulative IPC: 3.606 (Simulation time: 04 hr 43 min 03 sec)
Heartbeat CPU 28 instructions: 100000026 cycles: 25155066 heartbeat IPC: 3.596 cumulative IPC: 3.605 (Simulation time: 04 hr 43 min 04 sec)
Heartbeat CPU 16 instructions: 120000035 cycles: 25313211 heartbeat IPC: 4.655 cumulative IPC: 4.657 (Simulation time: 04 hr 44 min 41 sec)
Heartbeat CPU 4 instructions: 120000033 cycles: 25402292 heartbeat IPC: 4.545 cumulative IPC: 4.549 (Simulation time: 04 hr 45 min 36 sec)
Heartbeat CPU 2 instructions: 80000020 cycles: 25468315 heartbeat IPC: 1.836 cumulative IPC: 1.855 (Simulation time: 04 hr 46 min 17 sec)
Heartbeat CPU 0 instructions: 100000015 cycles: 25471066 heartbeat IPC: 3.483 cumulative IPC: 3.503 (Simulation time: 04 hr 46 min 18 sec)
Heartbeat CPU 20 instructions: 80000019 cycles: 25606296 heartbeat IPC: 1.452 cumulative IPC: 1.416 (Simulation time: 04 hr 47 min 43 sec)
Heartbeat CPU 10 instructions: 70000025 cycles: 25721174 heartbeat IPC: 1.294 cumulative IPC: 1.297 (Simulation time: 04 hr 48 min 55 sec)
Heartbeat CPU 31 instructions: 100000029 cycles: 25728508 heartbeat IPC: 2.773 cumulative IPC: 2.775 (Simulation time: 04 hr 49 min 00 sec)
Heartbeat CPU 30 instructions: 100000029 cycles: 25779892 heartbeat IPC: 2.761 cumulative IPC: 2.763 (Simulation time: 04 hr 49 min 32 sec)
Heartbeat CPU 26 instructions: 120000044 cycles: 25898699 heartbeat IPC: 3.791 cumulative IPC: 4.304 (Simulation time: 04 hr 50 min 46 sec)
Heartbeat CPU 22 instructions: 70000025 cycles: 25899155 heartbeat IPC: 1.274 cumulative IPC: 1.279 (Simulation time: 04 hr 50 min 46 sec)
Heartbeat CPU 27 instructions: 110000025 cycles: 26192280 heartbeat IPC: 4.053 cumulative IPC: 4.127 (Simulation time: 04 hr 53 min 46 sec)
Heartbeat CPU 13 instructions: 70000012 cycles: 26457939 heartbeat IPC: 1.051 cumulative IPC: 1.145 (Simulation time: 04 hr 56 min 29 sec)
Heartbeat CPU 19 instructions: 100000035 cycles: 26569327 heartbeat IPC: 2.92 cumulative IPC: 2.758 (Simulation time: 04 hr 57 min 38 sec)
Heartbeat CPU 11 instructions: 70000021 cycles: 26621813 heartbeat IPC: 1.387 cumulative IPC: 1.485 (Simulation time: 04 hr 58 min 10 sec)
Heartbeat CPU 29 instructions: 90000013 cycles: 26651497 heartbeat IPC: 1.831 cumulative IPC: 1.825 (Simulation time: 04 hr 58 min 29 sec)
Heartbeat CPU 25 instructions: 100000034 cycles: 26854242 heartbeat IPC: 4.42 cumulative IPC: 2.878 (Simulation time: 05 hr 00 min 34 sec)
Heartbeat CPU 9 instructions: 110000037 cycles: 26892144 heartbeat IPC: 3.74 cumulative IPC: 3.678 (Simulation time: 05 hr 00 min 57 sec)
Heartbeat CPU 23 instructions: 90000033 cycles: 26923206 heartbeat IPC: 2.333 cumulative IPC: 2.553 (Simulation time: 05 hr 01 min 17 sec)
Heartbeat CPU 21 instructions: 110000039 cycles: 26930201 heartbeat IPC: 3.874 cumulative IPC: 3.614 (Simulation time: 05 hr 01 min 21 sec)
Heartbeat CPU 15 instructions: 100000028 cycles: 27458741 heartbeat IPC: 2.484 cumulative IPC: 2.585 (Simulation time: 05 hr 06 min 47 sec)
Heartbeat CPU 16 instructions: 130000040 cycles: 27460550 heartbeat IPC: 4.657 cumulative IPC: 4.657 (Simulation time: 05 hr 06 min 48 sec)
Heartbeat CPU 4 instructions: 130000033 cycles: 27614232 heartbeat IPC: 4.521 cumulative IPC: 4.544 (Simulation time: 05 hr 08 min 22 sec)
Heartbeat CPU 5 instructions: 80000023 cycles: 27649926 heartbeat IPC: 1.461 cumulative IPC: 1.541 (Simulation time: 05 hr 08 min 45 sec)
Heartbeat CPU 3 instructions: 100000033 cycles: 27836022 heartbeat IPC: 3.1 cumulative IPC: 3.123 (Simulation time: 05 hr 10 min 43 sec)
Heartbeat CPU 6 instructions: 110000032 cycles: 27953277 heartbeat IPC: 3.57 cumulative IPC: 3.599 (Simulation time: 05 hr 11 min 56 sec)
Heartbeat CPU 28 instructions: 110000032 cycles: 27958132 heartbeat IPC: 3.568 cumulative IPC: 3.598 (Simulation time: 05 hr 11 min 59 sec)
Heartbeat CPU 26 instructions: 130000049 cycles: 28157046 heartbeat IPC: 4.428 cumulative IPC: 4.323 (Simulation time: 05 hr 14 min 04 sec)
Heartbeat CPU 12 instructions: 110000031 cycles: 28158552 heartbeat IPC: 2.672 cumulative IPC: 3.189 (Simulation time: 05 hr 14 min 05 sec)
Heartbeat CPU 0 instructions: 110000015 cycles: 28317525 heartbeat IPC: 3.513 cumulative IPC: 3.505 (Simulation time: 05 hr 15 min 44 sec)
Heartbeat CPU 14 instructions: 110000043 cycles: 28333292 heartbeat IPC: 3.028 cumulative IPC: 3.048 (Simulation time: 05 hr 15 min 54 sec)
Heartbeat CPU 8 instructions: 110000027 cycles: 28338635 heartbeat IPC: 3.025 cumulative IPC: 3.048 (Simulation time: 05 hr 15 min 58 sec)
Heartbeat CPU 1 instructions: 90000026 cycles: 28519295 heartbeat IPC: 1.87 cumulative IPC: 1.862 (Simulation time: 05 hr 17 min 52 sec)
Heartbeat CPU 17 instructions: 90000026 cycles: 28520178 heartbeat IPC: 1.87 cumulative IPC: 1.862 (Simulation time: 05 hr 17 min 53 sec)
Heartbeat CPU 27 instructions: 120000032 cycles: 28616225 heartbeat IPC: 4.126 cumulative IPC: 4.127 (Simulation time: 05 hr 18 min 53 sec)
Heartbeat CPU 31 instructions: 110000029 cycles: 29333812 heartbeat IPC: 2.774 cumulative IPC: 2.774 (Simulation time: 05 hr 26 min 19 sec)
Heartbeat CPU 24 instructions: 90000025 cycles: 29388779 heartbeat IPC: 1.643 cumulative IPC: 1.649 (Simulation time: 05 hr 26 min 52 sec)
Heartbeat CPU 30 instructions: 110000029 cycles: 29403362 heartbeat IPC: 2.76 cumulative IPC: 2.763 (Simulation time: 05 hr 27 min 01 sec)
Heartbeat CPU 21 instructions: 120000042 cycles: 29486428 heartbeat IPC: 3.912 cumulative IPC: 3.66 (Simulation time: 05 hr 27 min 53 sec)
Heartbeat CPU 16 instructions: 140000041 cycles: 29608568 heartbeat IPC: 4.655 cumulative IPC: 4.657 (Simulation time: 05 hr 29 min 09 sec)
Heartbeat CPU 9 instructions: 120000038 cycles: 29654864 heartbeat IPC: 3.62 cumulative IPC: 3.668 (Simulation time: 05 hr 29 min 38 sec)
Heartbeat CPU 25 instructions: 110000036 cycles: 29694272 heartbeat IPC: 3.521 cumulative IPC: 2.989 (Simulation time: 05 hr 30 min 03 sec)
Heartbeat CPU 4 instructions: 140000037 cycles: 29817862 heartbeat IPC: 4.538 cumulative IPC: 4.544 (Simulation time: 05 hr 31 min 20 sec)
Heartbeat CPU 18 instructions: 90000019 cycles: 30050661 heartbeat IPC: 1.856 cumulative IPC: 1.868 (Simulation time: 05 hr 33 min 57 sec)
Heartbeat CPU 26 instructions: 140000056 cycles: 30394332 heartbeat IPC: 4.47 cumulative IPC: 4.342 (Simulation time: 05 hr 38 min 10 sec)
Heartbeat CPU 19 instructions: 110000035 cycles: 30653299 heartbeat IPC: 2.449 cumulative IPC: 2.686 (Simulation time: 05 hr 41 min 23 sec)
Heartbeat CPU 6 instructions: 120000034 cycles: 30729793 heartbeat IPC: 3.602 cumulative IPC: 3.599 (Simulation time: 05 hr 42 min 19 sec)
Heartbeat CPU 28 instructions: 120000034 cycles: 30734657 heartbeat IPC: 3.602 cumulative IPC: 3.598 (Simulation time: 05 hr 42 min 23 sec)
Heartbeat CPU 23 instructions: 100000035 cycles: 30735165 heartbeat IPC: 2.623 cumulative IPC: 2.568 (Simulation time: 05 hr 42 min 23 sec)
Heartbeat CPU 7 instructions: 90000029 cycles: 30852548 heartbeat IPC: 1.393 cumulative IPC: 1.392 (Simulation time: 05 hr 43 min 49 sec)
Heartbeat CPU 2 instructions: 90000026 cycles: 30878407 heartbeat IPC: 1.848 cumulative IPC: 1.853 (Simulation time: 05 hr 44 min 08 sec)
Heartbeat CPU 3 instructions: 110000039 cycles: 31030198 heartbeat IPC: 3.131 cumulative IPC: 3.125 (Simulation time: 05 hr 46 min 03 sec)
Heartbeat CPU 27 instructions: 130000037 cycles: 31083706 heartbeat IPC: 4.053 cumulative IPC: 4.117 (Simulation time: 05 hr 46 min 45 sec)
Heartbeat CPU 0 instructions: 120000021 cycles: 31146189 heartbeat IPC: 3.535 cumulative IPC: 3.509 (Simulation time: 05 hr 47 min 31 sec)
Heartbeat CPU 15 instructions: 110000033 cycles: 31212751 heartbeat IPC: 2.664 cumulative IPC: 2.601 (Simulation time: 05 hr 48 min 20 sec)
Heartbeat CPU 8 instructions: 120000033 cycles: 31627755 heartbeat IPC: 3.04 cumulative IPC: 3.046 (Simulation time: 05 hr 53 min 32 sec)
Heartbeat CPU 14 instructions: 120000048 cycles: 31627982 heartbeat IPC: 3.035 cumulative IPC: 3.046 (Simulation time: 05 hr 53 min 32 sec)
Heartbeat CPU 16 instructions: 150000044 cycles: 31755133 heartbeat IPC: 4.659 cumulative IPC: 4.657 (Simulation time: 05 hr 55 min 10 sec)
Heartbeat CPU 21 instructions: 130000042 cycles: 31869645 heartbeat IPC: 4.196 cumulative IPC: 3.729 (Simulation time: 05 hr 56 min 36 sec)
Heartbeat CPU 25 instructions: 120000037 cycles: 31942998 heartbeat IPC: 4.447 cumulative IPC: 3.163 (Simulation time: 05 hr 57 min 31 sec)
Heartbeat CPU 4 instructions: 150000041 cycles: 32008100 heartbeat IPC: 4.566 cumulative IPC: 4.546 (Simulation time: 05 hr 58 min 21 sec)
Heartbeat CPU 29 instructions: 100000014 cycles: 32146436 heartbeat IPC: 1.82 cumulative IPC: 1.823 (Simulation time: 06 hr 00 min 04 sec)
Heartbeat CPU 9 instructions: 130000040 cycles: 32384736 heartbeat IPC: 3.663 cumulative IPC: 3.667 (Simulation time: 06 hr 03 min 01 sec)
Heartbeat CPU 26 instructions: 150000059 cycles: 32632095 heartbeat IPC: 4.469 cumulative IPC: 4.356 (Simulation time: 06 hr 06 min 06 sec)
Heartbeat CPU 10 instructions: 80000027 cycles: 32914307 heartbeat IPC: 1.39 cumulative IPC: 1.331 (Simulation time: 06 hr 09 min 37 sec)
Heartbeat CPU 31 instructions: 120000033 cycles: 32934719 heartbeat IPC: 2.777 cumulative IPC: 2.775 (Simulation time: 06 hr 09 min 53 sec)
Heartbeat CPU 5 instructions: 90000025 cycles: 32945845 heartbeat IPC: 1.888 cumulative IPC: 1.634 (Simulation time: 06 hr 10 min 01 sec)
Heartbeat CPU 20 instructions: 90000021 cycles: 33010143 heartbeat IPC: 1.351 cumulative IPC: 1.392 (Simulation time: 06 hr 10 min 48 sec)
Heartbeat CPU 30 instructions: 120000033 cycles: 33020225 heartbeat IPC: 2.765 cumulative IPC: 2.763 (Simulation time: 06 hr 10 min 56 sec)
Heartbeat CPU 12 instructions: 120000037 cycles: 33065824 heartbeat IPC: 2.038 cumulative IPC: 2.905 (Simulation time: 06 hr 11 min 29 sec)
Heartbeat CPU 22 instructions: 80000027 cycles: 33168868 heartbeat IPC: 1.376 cumulative IPC: 1.314 (Simulation time: 06 hr 12 min 46 sec)
Heartbeat CPU 11 instructions: 80000024 cycles: 33444658 heartbeat IPC: 1.466 cumulative IPC: 1.479 (Simulation time: 06 hr 16 min 13 sec)
Heartbeat CPU 27 instructions: 140000042 cycles: 33519771 heartbeat IPC: 4.105 cumulative IPC: 4.115 (Simulation time: 06 hr 17 min 09 sec)
Heartbeat CPU 6 instructions: 130000035 cycles: 33551206 heartbeat IPC: 3.544 cumulative IPC: 3.592 (Simulation time: 06 hr 17 min 33 sec)
Heartbeat CPU 28 instructions: 130000035 cycles: 33555732 heartbeat IPC: 3.545 cumulative IPC: 3.591 (Simulation time: 06 hr 17 min 36 sec)
Heartbeat CPU 1 instructions: 100000030 cycles: 33888456 heartbeat IPC: 1.862 cumulative IPC: 1.862 (Simulation time: 06 hr 21 min 47 sec)
Heartbeat CPU 17 instructions: 100000030 cycles: 33892564 heartbeat IPC: 1.861 cumulative IPC: 1.862 (Simulation time: 06 hr 21 min 50 sec)
Heartbeat CPU 16 instructions: 160000049 cycles: 33902797 heartbeat IPC: 4.656 cumulative IPC: 4.657 (Simulation time: 06 hr 21 min 58 sec)
Heartbeat CPU 0 instructions: 130000023 cycles: 33973673 heartbeat IPC: 3.537 cumulative IPC: 3.513 (Simulation time: 06 hr 22 min 52 sec)
Heartbeat CPU 19 instructions: 120000039 cycles: 34175527 heartbeat IPC: 2.839 cumulative IPC: 2.712 (Simulation time: 06 hr 25 min 27 sec)
Heartbeat CPU 25 instructions: 130000043 cycles: 34205233 heartbeat IPC: 4.42 cumulative IPC: 3.298 (Simulation time: 06 hr 25 min 49 sec)
Heartbeat CPU 4 instructions: 160000041 cycles: 34210941 heartbeat IPC: 4.54 cumulative IPC: 4.545 (Simulation time: 06 hr 25 min 53 sec)
Heartbeat CPU 3 instructions: 120000042 cycles: 34220999 heartbeat IPC: 3.134 cumulative IPC: 3.126 (Simulation time: 06 hr 26 min 01 sec)
Heartbeat CPU 21 instructions: 140000045 cycles: 34370144 heartbeat IPC: 3.999 cumulative IPC: 3.76 (Simulation time: 06 hr 27 min 53 sec)
Heartbeat CPU 15 instructions: 120000035 cycles: 34857854 heartbeat IPC: 2.743 cumulative IPC: 2.625 (Simulation time: 06 hr 34 min 01 sec)
Heartbeat CPU 26 instructions: 160000059 cycles: 34884559 heartbeat IPC: 4.44 cumulative IPC: 4.365 (Simulation time: 06 hr 34 min 21 sec)
Heartbeat CPU 14 instructions: 130000055 cycles: 34909354 heartbeat IPC: 3.048 cumulative IPC: 3.046 (Simulation time: 06 hr 34 min 40 sec)
Heartbeat CPU 8 instructions: 130000038 cycles: 34911431 heartbeat IPC: 3.045 cumulative IPC: 3.046 (Simulation time: 06 hr 34 min 42 sec)
Heartbeat CPU 23 instructions: 110000036 cycles: 34925846 heartbeat IPC: 2.386 cumulative IPC: 2.533 (Simulation time: 06 hr 34 min 52 sec)
Heartbeat CPU 9 instructions: 140000040 cycles: 35065884 heartbeat IPC: 3.73 cumulative IPC: 3.675 (Simulation time: 06 hr 36 min 38 sec)
Heartbeat CPU 18 instructions: 100000024 cycles: 35353733 heartbeat IPC: 1.886 cumulative IPC: 1.872 (Simulation time: 06 hr 40 min 13 sec)
Heartbeat CPU 24 instructions: 100000027 cycles: 35506048 heartbeat IPC: 1.635 cumulative IPC: 1.645 (Simulation time: 06 hr 42 min 07 sec)
Heartbeat CPU 27 instructions: 150000042 cycles: 35935594 heartbeat IPC: 4.139 cumulative IPC: 4.118 (Simulation time: 06 hr 47 min 23 sec)
Heartbeat CPU 16 instructions: 170000049 cycles: 36047595 heartbeat IPC: 4.662 cumulative IPC: 4.657 (Simulation time: 06 hr 48 min 46 sec)
Heartbeat CPU 2 instructions: 100000026 cycles: 36282782 heartbeat IPC: 1.85 cumulative IPC: 1.853 (Simulation time: 06 hr 51 min 37 sec)
Heartbeat CPU 6 instructions: 140000038 cycles: 36387737 heartbeat IPC: 3.525 cumulative IPC: 3.584 (Simulation time: 06 hr 52 min 52 sec)
Heartbeat CPU 28 instructions: 140000038 cycles: 36391847 heartbeat IPC: 3.526 cumulative IPC: 3.583 (Simulation time: 06 hr 52 min 55 sec)
Heartbeat CPU 4 instructions: 170000047 cycles: 36411979 heartbeat IPC: 4.543 cumulative IPC: 4.545 (Simulation time: 06 hr 53 min 10 sec)
Heartbeat CPU 25 instructions: 140000048 cycles: 36454064 heartbeat IPC: 4.447 cumulative IPC: 3.409 (Simulation time: 06 hr 53 min 40 sec)
Heartbeat CPU 31 instructions: 130000033 cycles: 36537992 heartbeat IPC: 2.775 cumulative IPC: 2.775 (Simulation time: 06 hr 54 min 41 sec)
Heartbeat CPU 30 instructions: 130000033 cycles: 36635497 heartbeat IPC: 2.766 cumulative IPC: 2.763 (Simulation time: 06 hr 55 min 53 sec)
Heartbeat CPU 0 instructions: 140000025 cycles: 36802115 heartbeat IPC: 3.536 cumulative IPC: 3.516 (Simulation time: 06 hr 57 min 53 sec)
Heartbeat CPU 21 instructions: 150000045 cycles: 37110760 heartbeat IPC: 3.649 cumulative IPC: 3.748 (Simulation time: 07 hr 01 min 33 sec)
Heartbeat CPU 26 instructions: 170000064 cycles: 37173090 heartbeat IPC: 4.37 cumulative IPC: 4.365 (Simulation time: 07 hr 02 min 19 sec)
Heartbeat CPU 3 instructions: 130000046 cycles: 37414398 heartbeat IPC: 3.131 cumulative IPC: 3.127 (Simulation time: 07 hr 05 min 13 sec)
Heartbeat CPU 19 instructions: 130000039 cycles: 37499183 heartbeat IPC: 3.009 cumulative IPC: 2.752 (Simulation time: 07 hr 06 min 15 sec)
Heartbeat CPU 29 instructions: 110000015 cycles: 37605042 heartbeat IPC: 1.832 cumulative IPC: 1.825 (Simulation time: 07 hr 07 min 33 sec)
Heartbeat CPU 12 instructions: 130000037 cycles: 37828293 heartbeat IPC: 2.1 cumulative IPC: 2.75 (Simulation time: 07 hr 10 min 13 sec)
Heartbeat CPU 9 instructions: 150000044 cycles: 37876018 heartbeat IPC: 3.559 cumulative IPC: 3.662 (Simulation time: 07 hr 10 min 48 sec)
Heartbeat CPU 7 instructions: 100000030 cycles: 37999137 heartbeat IPC: 1.399 cumulative IPC: 1.394 (Simulation time: 07 hr 12 min 16 sec)
Heartbeat CPU 16 instructions: 180000052 cycles: 38195588 heartbeat IPC: 4.656 cumulative IPC: 4.657 (Simulation time: 07 hr 14 min 38 sec)
Heartbeat CPU 8 instructions: 140000043 cycles: 38247702 heartbeat IPC: 2.997 cumulative IPC: 3.04 (Simulation time: 07 hr 15 min 16 sec)
Heartbeat CPU 14 instructions: 140000056 cycles: 38255909 heartbeat IPC: 2.988 cumulative IPC: 3.038 (Simulation time: 07 hr 15 min 22 sec)
Heartbeat CPU 27 instructions: 160000044 cycles: 38357516 heartbeat IPC: 4.129 cumulative IPC: 4.119 (Simulation time: 07 hr 16 min 35 sec)
Heartbeat CPU 15 instructions: 130000038 cycles: 38598768 heartbeat IPC: 2.673 cumulative IPC: 2.632 (Simulation time: 07 hr 19 min 28 sec)
Heartbeat CPU 4 instructions: 180000048 cycles: 38608883 heartbeat IPC: 4.552 cumulative IPC: 4.546 (Simulation time: 07 hr 19 min 35 sec)
Heartbeat CPU 25 instructions: 150000050 cycles: 38711682 heartbeat IPC: 4.429 cumulative IPC: 3.499 (Simulation time: 07 hr 20 min 51 sec)
Heartbeat CPU 11 instructions: 90000025 cycles: 39171925 heartbeat IPC: 1.746 cumulative IPC: 1.537 (Simulation time: 07 hr 26 min 29 sec)
Heartbeat CPU 6 instructions: 150000039 cycles: 39203285 heartbeat IPC: 3.552 cumulative IPC: 3.58 (Simulation time: 07 hr 26 min 52 sec)
Heartbeat CPU 28 instructions: 150000039 cycles: 39207207 heartbeat IPC: 3.552 cumulative IPC: 3.58 (Simulation time: 07 hr 26 min 54 sec)
Heartbeat CPU 23 instructions: 120000039 cycles: 39207390 heartbeat IPC: 2.336 cumulative IPC: 2.501 (Simulation time: 07 hr 26 min 55 sec)
Heartbeat CPU 1 instructions: 110000035 cycles: 39240061 heartbeat IPC: 1.869 cumulative IPC: 1.864 (Simulation time: 07 hr 27 min 18 sec)
Heartbeat CPU 17 instructions: 110000035 cycles: 39245032 heartbeat IPC: 1.868 cumulative IPC: 1.863 (Simulation time: 07 hr 27 min 22 sec)
Heartbeat CPU 21 instructions: 160000050 cycles: 39459919 heartbeat IPC: 4.257 cumulative IPC: 3.793 (Simulation time: 07 hr 29 min 58 sec)
Heartbeat CPU 26 instructions: 180000069 cycles: 39464090 heartbeat IPC: 4.365 cumulative IPC: 4.365 (Simulation time: 07 hr 30 min 01 sec)
Heartbeat CPU 13 instructions: 80000013 cycles: 39500704 heartbeat IPC: 0.7667 cumulative IPC: 0.9578 (Simulation time: 07 hr 30 min 27 sec)
Heartbeat CPU 5 instructions: 100000027 cycles: 39650742 heartbeat IPC: 1.491 cumulative IPC: 1.598 (Simulation time: 07 hr 32 min 15 sec)
Heartbeat CPU 0 instructions: 150000026 cycles: 39653873 heartbeat IPC: 3.507 cumulative IPC: 3.515 (Simulation time: 07 hr 32 min 17 sec)
Heartbeat CPU 10 instructions: 90000028 cycles: 39962661 heartbeat IPC: 1.419 cumulative IPC: 1.354 (Simulation time: 07 hr 35 min 59 sec)
Heartbeat CPU 20 instructions: 100000021 cycles: 39986751 heartbeat IPC: 1.433 cumulative IPC: 1.403 (Simulation time: 07 hr 36 min 16 sec)
Heartbeat CPU 31 instructions: 140000034 cycles: 40138834 heartbeat IPC: 2.777 cumulative IPC: 2.775 (Simulation time: 07 hr 38 min 03 sec)
Heartbeat CPU 30 instructions: 140000034 cycles: 40251353 heartbeat IPC: 2.766 cumulative IPC: 2.764 (Simulation time: 07 hr 39 min 24 sec)
Heartbeat CPU 22 instructions: 90000028 cycles: 40310465 heartbeat IPC: 1.4 cumulative IPC: 1.337 (Simulation time: 07 hr 40 min 07 sec)
Heartbeat CPU 16 instructions: 190000054 cycles: 40343549 heartbeat IPC: 4.656 cumulative IPC: 4.657 (Simulation time: 07 hr 40 min 32 sec)
Heartbeat CPU 18 instructions: 110000024 cycles: 40562574 heartbeat IPC: 1.92 cumulative IPC: 1.881 (Simulation time: 07 hr 43 min 12 sec)
Heartbeat CPU 3 instructions: 140000052 cycles: 40605236 heartbeat IPC: 3.134 cumulative IPC: 3.128 (Simulation time: 07 hr 43 min 43 sec)
Heartbeat CPU 27 instructions: 170000050 cycles: 40777014 heartbeat IPC: 4.133 cumulative IPC: 4.12 (Simulation time: 07 hr 45 min 47 sec)
Heartbeat CPU 4 instructions: 190000054 cycles: 40790988 heartbeat IPC: 4.583 cumulative IPC: 4.549 (Simulation time: 07 hr 45 min 57 sec)
Heartbeat CPU 25 instructions: 160000050 cycles: 40946851 heartbeat IPC: 4.474 cumulative IPC: 3.578 (Simulation time: 07 hr 47 min 49 sec)
Heartbeat CPU 9 instructions: 160000044 cycles: 40968578 heartbeat IPC: 3.234 cumulative IPC: 3.614 (Simulation time: 07 hr 48 min 05 sec)
Heartbeat CPU 19 instructions: 140000039 cycles: 41419314 heartbeat IPC: 2.551 cumulative IPC: 2.724 (Simulation time: 07 hr 53 min 34 sec)
Heartbeat CPU 8 instructions: 150000044 cycles: 41489443 heartbeat IPC: 3.085 cumulative IPC: 3.045 (Simulation time: 07 hr 54 min 24 sec)
Heartbeat CPU 14 instructions: 150000063 cycles: 41494736 heartbeat IPC: 3.088 cumulative IPC: 3.044 (Simulation time: 07 hr 54 min 28 sec)
Heartbeat CPU 24 instructions: 110000030 cycles: 41524793 heartbeat IPC: 1.661 cumulative IPC: 1.648 (Simulation time: 07 hr 54 min 50 sec)
Heartbeat CPU 2 instructions: 110000026 cycles: 41712049 heartbeat IPC: 1.842 cumulative IPC: 1.851 (Simulation time: 07 hr 57 min 05 sec)
Heartbeat CPU 26 instructions: 190000074 cycles: 41760723 heartbeat IPC: 4.354 cumulative IPC: 4.364 (Simulation time: 07 hr 57 min 40 sec)
Heartbeat CPU 21 instructions: 170000052 cycles: 41905518 heartbeat IPC: 4.089 cumulative IPC: 3.818 (Simulation time: 07 hr 59 min 24 sec)
Heartbeat CPU 6 instructions: 160000040 cycles: 42008849 heartbeat IPC: 3.564 cumulative IPC: 3.579 (Simulation time: 08 hr 00 min 39 sec)
Heartbeat CPU 28 instructions: 160000040 cycles: 42014325 heartbeat IPC: 3.562 cumulative IPC: 3.578 (Simulation time: 08 hr 00 min 43 sec)
Heartbeat CPU 15 instructions: 140000039 cycles: 42293862 heartbeat IPC: 2.706 cumulative IPC: 2.642 (Simulation time: 08 hr 04 min 08 sec)
Heartbeat CPU 16 instructions: 200000059 cycles: 42489075 heartbeat IPC: 4.661 cumulative IPC: 4.657 (Simulation time: 08 hr 06 min 30 sec)
Heartbeat CPU 0 instructions: 160000033 cycles: 42508974 heartbeat IPC: 3.503 cumulative IPC: 3.514 (Simulation time: 08 hr 06 min 44 sec)
Heartbeat CPU 12 instructions: 140000040 cycles: 42701424 heartbeat IPC: 2.052 cumulative IPC: 2.635 (Simulation time: 08 hr 09 min 05 sec)
Heartbeat CPU 4 instructions: 200000060 cycles: 42984653 heartbeat IPC: 4.559 cumulative IPC: 4.549 (Simulation time: 08 hr 12 min 31 sec)
Heartbeat CPU 29 instructions: 120000019 cycles: 43096080 heartbeat IPC: 1.821 cumulative IPC: 1.824 (Simulation time: 08 hr 13 min 52 sec)
Heartbeat CPU 25 instructions: 170000050 cycles: 43177679 heartbeat IPC: 4.483 cumulative IPC: 3.645 (Simulation time: 08 hr 14 min 52 sec)
Heartbeat CPU 27 instructions: 180000052 cycles: 43195796 heartbeat IPC: 4.134 cumulative IPC: 4.121 (Simulation time: 08 hr 15 min 05 sec)
Heartbeat CPU 23 instructions: 130000045 cycles: 43333549 heartbeat IPC: 2.424 cumulative IPC: 2.49 (Simulation time: 08 hr 16 min 45 sec)
Heartbeat CPU 31 instructions: 150000034 cycles: 43738358 heartbeat IPC: 2.778 cumulative IPC: 2.776 (Simulation time: 08 hr 21 min 38 sec)
Heartbeat CPU 3 instructions: 150000058 cycles: 43796009 heartbeat IPC: 3.134 cumulative IPC: 3.128 (Simulation time: 08 hr 22 min 20 sec)
Heartbeat CPU 30 instructions: 150000034 cycles: 43865030 heartbeat IPC: 2.767 cumulative IPC: 2.764 (Simulation time: 08 hr 23 min 10 sec)
Heartbeat CPU 9 instructions: 170000051 cycles: 43963732 heartbeat IPC: 3.339 cumulative IPC: 3.587 (Simulation time: 08 hr 24 min 20 sec)
Heartbeat CPU 26 instructions: 200000075 cycles: 44069451 heartbeat IPC: 4.331 cumulative IPC: 4.362 (Simulation time: 08 hr 25 min 37 sec)
Heartbeat CPU 21 instructions: 180000057 cycles: 44331562 heartbeat IPC: 4.122 cumulative IPC: 3.842 (Simulation time: 08 hr 28 min 42 sec)
Heartbeat CPU 1 instructions: 120000042 cycles: 44526823 heartbeat IPC: 1.892 cumulative IPC: 1.868 (Simulation time: 08 hr 30 min 58 sec)
Heartbeat CPU 17 instructions: 120000042 cycles: 44533281 heartbeat IPC: 1.891 cumulative IPC: 1.868 (Simulation time: 08 hr 31 min 02 sec)
Heartbeat CPU 16 instructions: 210000059 cycles: 44638490 heartbeat IPC: 4.652 cumulative IPC: 4.657 (Simulation time: 08 hr 32 min 16 sec)
Heartbeat CPU 6 instructions: 170000047 cycles: 44837957 heartbeat IPC: 3.535 cumulative IPC: 3.575 (Simulation time: 08 hr 34 min 35 sec)
Heartbeat CPU 28 instructions: 170000047 cycles: 44840781 heartbeat IPC: 3.538 cumulative IPC: 3.574 (Simulation time: 08 hr 34 min 37 sec)
Heartbeat CPU 14 instructions: 160000070 cycles: 44841936 heartbeat IPC: 2.988 cumulative IPC: 3.038 (Simulation time: 08 hr 34 min 38 sec)
Heartbeat CPU 8 instructions: 160000051 cycles: 44844692 heartbeat IPC: 2.98 cumulative IPC: 3.038 (Simulation time: 08 hr 34 min 40 sec)
Heartbeat CPU 7 instructions: 110000032 cycles: 45092783 heartbeat IPC: 1.41 cumulative IPC: 1.398 (Simulation time: 08 hr 37 min 35 sec)
Heartbeat CPU 4 instructions: 210000063 cycles: 45189216 heartbeat IPC: 4.536 cumulative IPC: 4.549 (Simulation time: 08 hr 38 min 43 sec)
Heartbeat CPU 19 instructions: 150000039 cycles: 45343504 heartbeat IPC: 2.548 cumulative IPC: 2.703 (Simulation time: 08 hr 40 min 35 sec)
Heartbeat CPU 0 instructions: 170000034 cycles: 45377710 heartbeat IPC: 3.486 cumulative IPC: 3.511 (Simulation time: 08 hr 41 min 00 sec)
Heartbeat CPU 25 instructions: 180000050 cycles: 45386115 heartbeat IPC: 4.528 cumulative IPC: 3.705 (Simulation time: 08 hr 41 min 06 sec)
Heartbeat CPU 27 instructions: 190000056 cycles: 45600495 heartbeat IPC: 4.159 cumulative IPC: 4.124 (Simulation time: 08 hr 43 min 41 sec)
Heartbeat CPU 18 instructions: 120000026 cycles: 45867715 heartbeat IPC: 1.885 cumulative IPC: 1.882 (Simulation time: 08 hr 46 min 52 sec)
Heartbeat CPU 15 instructions: 150000039 cycles: 46034112 heartbeat IPC: 2.674 cumulative IPC: 2.645 (Simulation time: 08 hr 48 min 52 sec)
Heartbeat CPU 5 instructions: 110000033 cycles: 46186992 heartbeat IPC: 1.53 cumulative IPC: 1.585 (Simulation time: 08 hr 50 min 42 sec)
Heartbeat CPU 11 instructions: 100000028 cycles: 46197504 heartbeat IPC: 1.423 cumulative IPC: 1.513 (Simulation time: 08 hr 50 min 49 sec)
Heartbeat CPU 12 instructions: 150000043 cycles: 46345105 heartbeat IPC: 2.744 cumulative IPC: 2.647 (Simulation time: 08 hr 52 min 36 sec)
Heartbeat CPU 26 instructions: 210000077 cycles: 46402544 heartbeat IPC: 4.286 cumulative IPC: 4.357 (Simulation time: 08 hr 53 min 18 sec)
Heartbeat CPU 9 instructions: 180000055 cycles: 46427744 heartbeat IPC: 4.058 cumulative IPC: 3.622 (Simulation time: 08 hr 53 min 36 sec)
Heartbeat CPU 21 instructions: 190000063 cycles: 46736410 heartbeat IPC: 4.158 cumulative IPC: 3.865 (Simulation time: 08 hr 57 min 19 sec)
Heartbeat CPU 16 instructions: 220000059 cycles: 46785427 heartbeat IPC: 4.658 cumulative IPC: 4.657 (Simulation time: 08 hr 57 min 54 sec)
Heartbeat CPU 3 instructions: 160000061 cycles: 46986785 heartbeat IPC: 3.134 cumulative IPC: 3.129 (Simulation time: 09 hr 00 min 19 sec)
Heartbeat CPU 2 instructions: 120000026 cycles: 47119189 heartbeat IPC: 1.849 cumulative IPC: 1.85 (Simulation time: 09 hr 01 min 55 sec)
Heartbeat CPU 31 instructions: 160000034 cycles: 47342986 heartbeat IPC: 2.774 cumulative IPC: 2.775 (Simulation time: 09 hr 04 min 37 sec)
Heartbeat CPU 4 instructions: 220000068 cycles: 47372648 heartbeat IPC: 4.58 cumulative IPC: 4.551 (Simulation time: 09 hr 04 min 59 sec)
Heartbeat CPU 23 instructions: 140000052 cycles: 47434917 heartbeat IPC: 2.438 cumulative IPC: 2.484 (Simulation time: 09 hr 05 min 43 sec)
Heartbeat CPU 20 instructions: 110000021 cycles: 47450759 heartbeat IPC: 1.34 cumulative IPC: 1.389 (Simulation time: 09 hr 05 min 55 sec)
Heartbeat CPU 30 instructions: 160000034 cycles: 47480189 heartbeat IPC: 2.766 cumulative IPC: 2.764 (Simulation time: 09 hr 06 min 17 sec)
Heartbeat CPU 25 instructions: 190000053 cycles: 47548726 heartbeat IPC: 4.624 cumulative IPC: 3.763 (Simulation time: 09 hr 07 min 07 sec)
Heartbeat CPU 24 instructions: 120000031 cycles: 47564743 heartbeat IPC: 1.656 cumulative IPC: 1.65 (Simulation time: 09 hr 07 min 19 sec)
Heartbeat CPU 6 instructions: 180000048 cycles: 47666258 heartbeat IPC: 3.536 cumulative IPC: 3.572 (Simulation time: 09 hr 08 min 33 sec)
Heartbeat CPU 28 instructions: 180000048 cycles: 47673627 heartbeat IPC: 3.53 cumulative IPC: 3.571 (Simulation time: 09 hr 08 min 38 sec)
Heartbeat CPU 27 instructions: 200000057 cycles: 48025544 heartbeat IPC: 4.124 cumulative IPC: 4.124 (Simulation time: 09 hr 12 min 54 sec)
Heartbeat CPU 14 instructions: 170000072 cycles: 48105943 heartbeat IPC: 3.064 cumulative IPC: 3.04 (Simulation time: 09 hr 13 min 52 sec)
Heartbeat CPU 8 instructions: 170000053 cycles: 48156568 heartbeat IPC: 3.019 cumulative IPC: 3.036 (Simulation time: 09 hr 14 min 28 sec)
Heartbeat CPU 0 instructions: 180000040 cycles: 48230180 heartbeat IPC: 3.506 cumulative IPC: 3.511 (Simulation time: 09 hr 15 min 22 sec)
Heartbeat CPU 10 instructions: 100000028 cycles: 48392569 heartbeat IPC: 1.186 cumulative IPC: 1.314 (Simulation time: 09 hr 17 min 19 sec)
Heartbeat CPU 29 instructions: 130000019 cycles: 48569216 heartbeat IPC: 1.827 cumulative IPC: 1.825 (Simulation time: 09 hr 19 min 26 sec)
Heartbeat CPU 26 instructions: 220000077 cycles: 48706099 heartbeat IPC: 4.341 cumulative IPC: 4.356 (Simulation time: 09 hr 21 min 07 sec)
Heartbeat CPU 9 instructions: 190000058 cycles: 48794808 heartbeat IPC: 4.225 cumulative IPC: 3.662 (Simulation time: 09 hr 22 min 13 sec)
Heartbeat CPU 22 instructions: 100000028 cycles: 48825147 heartbeat IPC: 1.174 cumulative IPC: 1.298 (Simulation time: 09 hr 22 min 36 sec)
Heartbeat CPU 19 instructions: 160000039 cycles: 48846506 heartbeat IPC: 2.855 cumulative IPC: 2.718 (Simulation time: 09 hr 22 min 51 sec)
Heartbeat CPU 16 instructions: 230000059 cycles: 48931833 heartbeat IPC: 4.659 cumulative IPC: 4.657 (Simulation time: 09 hr 23 min 54 sec)
Heartbeat CPU 13 instructions: 90000013 cycles: 49076741 heartbeat IPC: 1.044 cumulative IPC: 0.9808 (Simulation time: 09 hr 25 min 40 sec)
Heartbeat CPU 21 instructions: 200000070 cycles: 49186578 heartbeat IPC: 4.081 cumulative IPC: 3.879 (Simulation time: 09 hr 27 min 00 sec)
Heartbeat CPU 12 instructions: 160000043 cycles: 49292010 heartbeat IPC: 3.393 cumulative IPC: 2.708 (Simulation time: 09 hr 28 min 18 sec)
Heartbeat CPU 4 instructions: 230000070 cycles: 49556575 heartbeat IPC: 4.579 cumulative IPC: 4.552 (Simulation time: 09 hr 31 min 31 sec)
Heartbeat CPU 25 instructions: 200000055 cycles: 49727244 heartbeat IPC: 4.59 cumulative IPC: 3.812 (Simulation time: 09 hr 33 min 33 sec)
Heartbeat CPU 1 instructions: 130000042 cycles: 49861127 heartbeat IPC: 1.875 cumulative IPC: 1.869 (Simulation time: 09 hr 35 min 10 sec)
Heartbeat CPU 17 instructions: 130000042 cycles: 49864845 heartbeat IPC: 1.876 cumulative IPC: 1.869 (Simulation time: 09 hr 35 min 13 sec)
Heartbeat CPU 15 instructions: 160000041 cycles: 50046232 heartbeat IPC: 2.492 cumulative IPC: 2.629 (Simulation time: 09 hr 37 min 21 sec)
Heartbeat CPU 3 instructions: 170000065 cycles: 50177562 heartbeat IPC: 3.134 cumulative IPC: 3.129 (Simulation time: 09 hr 38 min 53 sec)
Heartbeat CPU 27 instructions: 210000063 cycles: 50428875 heartbeat IPC: 4.161 cumulative IPC: 4.126 (Simulation time: 09 hr 41 min 54 sec)
Heartbeat CPU 6 instructions: 190000052 cycles: 50491087 heartbeat IPC: 3.54 cumulative IPC: 3.569 (Simulation time: 09 hr 42 min 37 sec)
Heartbeat CPU 28 instructions: 190000052 cycles: 50499858 heartbeat IPC: 3.538 cumulative IPC: 3.568 (Simulation time: 09 hr 42 min 43 sec)
Heartbeat CPU 23 instructions: 150000059 cycles: 50714562 heartbeat IPC: 3.049 cumulative IPC: 2.533 (Simulation time: 09 hr 45 min 16 sec)
Heartbeat CPU 31 instructions: 170000038 cycles: 50941824 heartbeat IPC: 2.779 cumulative IPC: 2.776 (Simulation time: 09 hr 47 min 59 sec)
Heartbeat CPU 26 instructions: 230000079 cycles: 50986102 heartbeat IPC: 4.386 cumulative IPC: 4.358 (Simulation time: 09 hr 48 min 31 sec)
Heartbeat CPU 16 instructions: 240000062 cycles: 51076282 heartbeat IPC: 4.663 cumulative IPC: 4.658 (Simulation time: 09 hr 49 min 35 sec)
Heartbeat CPU 30 instructions: 170000038 cycles: 51090450 heartbeat IPC: 2.77 cumulative IPC: 2.765 (Simulation time: 09 hr 49 min 45 sec)
Heartbeat CPU 0 instructions: 190000040 cycles: 51094790 heartbeat IPC: 3.491 cumulative IPC: 3.509 (Simulation time: 09 hr 49 min 48 sec)
Heartbeat CPU 18 instructions: 130000026 cycles: 51100653 heartbeat IPC: 1.911 cumulative IPC: 1.886 (Simulation time: 09 hr 49 min 52 sec)
Heartbeat CPU 9 instructions: 200000064 cycles: 51152187 heartbeat IPC: 4.242 cumulative IPC: 3.698 (Simulation time: 09 hr 50 min 30 sec)
Heartbeat CPU 5 instructions: 120000040 cycles: 51257866 heartbeat IPC: 1.972 cumulative IPC: 1.636 (Simulation time: 09 hr 51 min 45 sec)
Heartbeat CPU 14 instructions: 180000074 cycles: 51326503 heartbeat IPC: 3.105 cumulative IPC: 3.046 (Simulation time: 09 hr 52 min 34 sec)
Heartbeat CPU 8 instructions: 180000058 cycles: 51381016 heartbeat IPC: 3.101 cumulative IPC: 3.042 (Simulation time: 09 hr 53 min 14 sec)
Heartbeat CPU 21 instructions: 210000072 cycles: 51607793 heartbeat IPC: 4.13 cumulative IPC: 3.895 (Simulation time: 09 hr 55 min 58 sec)
Heartbeat CPU 4 instructions: 240000071 cycles: 51744822 heartbeat IPC: 4.57 cumulative IPC: 4.553 (Simulation time: 09 hr 57 min 37 sec)
Heartbeat CPU 25 instructions: 210000061 cycles: 51914663 heartbeat IPC: 4.572 cumulative IPC: 3.855 (Simulation time: 09 hr 59 min 39 sec)
Heartbeat CPU 7 instructions: 120000038 cycles: 52055596 heartbeat IPC: 1.436 cumulative IPC: 1.405 (Simulation time: 10 hr 01 min 21 sec)
Heartbeat CPU 12 instructions: 170000044 cycles: 52233409 heartbeat IPC: 3.4 cumulative IPC: 2.76 (Simulation time: 10 hr 03 min 31 sec)
Heartbeat CPU 2 instructions: 130000027 cycles: 52483223 heartbeat IPC: 1.864 cumulative IPC: 1.852 (Simulation time: 10 hr 06 min 31 sec)
Heartbeat CPU 19 instructions: 170000039 cycles: 52585564 heartbeat IPC: 2.674 cumulative IPC: 2.714 (Simulation time: 10 hr 07 min 45 sec)
Heartbeat CPU 27 instructions: 220000068 cycles: 52826691 heartbeat IPC: 4.17 cumulative IPC: 4.129 (Simulation time: 10 hr 10 min 39 sec)
Heartbeat CPU 16 instructions: 250000062 cycles: 53222213 heartbeat IPC: 4.66 cumulative IPC: 4.658 (Simulation time: 10 hr 15 min 21 sec)
Heartbeat CPU 26 instructions: 240000082 cycles: 53261798 heartbeat IPC: 4.394 cumulative IPC: 4.36 (Simulation time: 10 hr 15 min 49 sec)
Heartbeat CPU 6 instructions: 200000058 cycles: 53274220 heartbeat IPC: 3.593 cumulative IPC: 3.571 (Simulation time: 10 hr 15 min 58 sec)
Heartbeat CPU 28 instructions: 200000058 cycles: 53284038 heartbeat IPC: 3.592 cumulative IPC: 3.57 (Simulation time: 10 hr 16 min 05 sec)
Heartbeat CPU 3 instructions: 180000071 cycles: 53368383 heartbeat IPC: 3.134 cumulative IPC: 3.13 (Simulation time: 10 hr 17 min 04 sec)
Heartbeat CPU 11 instructions: 110000035 cycles: 53536969 heartbeat IPC: 1.362 cumulative IPC: 1.486 (Simulation time: 10 hr 19 min 03 sec)
Heartbeat CPU 24 instructions: 130000031 cycles: 53634783 heartbeat IPC: 1.647 cumulative IPC: 1.649 (Simulation time: 10 hr 20 min 13 sec)
Heartbeat CPU 9 instructions: 210000071 cycles: 53656856 heartbeat IPC: 3.993 cumulative IPC: 3.716 (Simulation time: 10 hr 20 min 30 sec)
Heartbeat CPU 15 instructions: 170000047 cycles: 53873194 heartbeat IPC: 2.613 cumulative IPC: 2.627 (Simulation time: 10 hr 23 min 09 sec)
Heartbeat CPU 4 instructions: 250000071 cycles: 53944457 heartbeat IPC: 4.546 cumulative IPC: 4.553 (Simulation time: 10 hr 24 min 01 sec)
Heartbeat CPU 0 instructions: 200000046 cycles: 53966942 heartbeat IPC: 3.482 cumulative IPC: 3.507 (Simulation time: 10 hr 24 min 17 sec)
Heartbeat CPU 29 instructions: 140000019 cycles: 54044191 heartbeat IPC: 1.826 cumulative IPC: 1.825 (Simulation time: 10 hr 25 min 13 sec)
Heartbeat CPU 25 instructions: 220000062 cycles: 54125823 heartbeat IPC: 4.523 cumulative IPC: 3.891 (Simulation time: 10 hr 26 min 14 sec)
Heartbeat CPU 21 instructions: 220000076 cycles: 54171675 heartbeat IPC: 3.9 cumulative IPC: 3.895 (Simulation time: 10 hr 26 min 47 sec)
Heartbeat CPU 20 instructions: 120000023 cycles: 54310065 heartbeat IPC: 1.458 cumulative IPC: 1.4 (Simulation time: 10 hr 28 min 28 sec)
Heartbeat CPU 31 instructions: 180000038 cycles: 54542607 heartbeat IPC: 2.777 cumulative IPC: 2.776 (Simulation time: 10 hr 31 min 18 sec)
Heartbeat CPU 14 instructions: 190000074 cycles: 54605782 heartbeat IPC: 3.049 cumulative IPC: 3.046 (Simulation time: 10 hr 32 min 03 sec)
Heartbeat CPU 8 instructions: 190000063 cycles: 54645906 heartbeat IPC: 3.063 cumulative IPC: 3.043 (Simulation time: 10 hr 32 min 32 sec)
Heartbeat CPU 30 instructions: 180000038 cycles: 54704700 heartbeat IPC: 2.767 cumulative IPC: 2.765 (Simulation time: 10 hr 33 min 15 sec)
Heartbeat CPU 5 instructions: 130000042 cycles: 55031518 heartbeat IPC: 2.65 cumulative IPC: 1.728 (Simulation time: 10 hr 37 min 09 sec)
Heartbeat CPU 23 instructions: 160000060 cycles: 55089122 heartbeat IPC: 2.286 cumulative IPC: 2.507 (Simulation time: 10 hr 37 min 50 sec)
Heartbeat CPU 12 instructions: 180000051 cycles: 55175844 heartbeat IPC: 3.399 cumulative IPC: 2.805 (Simulation time: 10 hr 38 min 52 sec)
Heartbeat CPU 1 instructions: 140000046 cycles: 55194511 heartbeat IPC: 1.875 cumulative IPC: 1.87 (Simulation time: 10 hr 39 min 05 sec)
Heartbeat CPU 17 instructions: 140000046 cycles: 55198839 heartbeat IPC: 1.875 cumulative IPC: 1.87 (Simulation time: 10 hr 39 min 08 sec)
Heartbeat CPU 27 instructions: 230000075 cycles: 55224000 heartbeat IPC: 4.171 cumulative IPC: 4.131 (Simulation time: 10 hr 39 min 26 sec)
Heartbeat CPU 16 instructions: 260000062 cycles: 55368397 heartbeat IPC: 4.659 cumulative IPC: 4.658 (Simulation time: 10 hr 41 min 10 sec)
Heartbeat CPU 26 instructions: 250000084 cycles: 55449294 heartbeat IPC: 4.571 cumulative IPC: 4.371 (Simulation time: 10 hr 42 min 08 sec)
Heartbeat CPU 6 instructions: 210000064 cycles: 56088753 heartbeat IPC: 3.553 cumulative IPC: 3.57 (Simulation time: 10 hr 49 min 40 sec)
Simulation finished CPU 16 instructions: 200000001 cycles: 42937512 cumulative IPC: 4.658 (Simulation time: 10 hr 49 min 42 sec)
Heartbeat CPU 28 instructions: 210000064 cycles: 56099570 heartbeat IPC: 3.552 cumulative IPC: 3.569 (Simulation time: 10 hr 49 min 48 sec)
Heartbeat CPU 4 instructions: 260000077 cycles: 56123226 heartbeat IPC: 4.59 cumulative IPC: 4.555 (Simulation time: 10 hr 50 min 05 sec)
Heartbeat CPU 18 instructions: 140000027 cycles: 56287721 heartbeat IPC: 1.928 cumulative IPC: 1.891 (Simulation time: 10 hr 52 min 02 sec)
Heartbeat CPU 25 instructions: 230000066 cycles: 56303691 heartbeat IPC: 4.592 cumulative IPC: 3.927 (Simulation time: 10 hr 52 min 13 sec)
Heartbeat CPU 21 instructions: 230000083 cycles: 56506118 heartbeat IPC: 4.284 cumulative IPC: 3.916 (Simulation time: 10 hr 54 min 38 sec)
Heartbeat CPU 3 instructions: 190000071 cycles: 56559167 heartbeat IPC: 3.134 cumulative IPC: 3.13 (Simulation time: 10 hr 55 min 15 sec)
Heartbeat CPU 19 instructions: 180000039 cycles: 56735852 heartbeat IPC: 2.409 cumulative IPC: 2.685 (Simulation time: 10 hr 57 min 22 sec)
Heartbeat CPU 9 instructions: 220000076 cycles: 56738491 heartbeat IPC: 3.245 cumulative IPC: 3.683 (Simulation time: 10 hr 57 min 24 sec)
Heartbeat CPU 0 instructions: 210000047 cycles: 56825483 heartbeat IPC: 3.498 cumulative IPC: 3.507 (Simulation time: 10 hr 58 min 27 sec)
Simulation finished CPU 4 instructions: 200000000 cycles: 43907344 cumulative IPC: 4.555 (Simulation time: 11 hr 01 min 18 sec)
Heartbeat CPU 15 instructions: 180000049 cycles: 57473501 heartbeat IPC: 2.778 cumulative IPC: 2.639 (Simulation time: 11 hr 06 min 18 sec)
Heartbeat CPU 16 instructions: 270000069 cycles: 57515799 heartbeat IPC: 4.657 cumulative IPC: 4.658 (Simulation time: 11 hr 06 min 49 sec)
Heartbeat CPU 27 instructions: 240000076 cycles: 57568721 heartbeat IPC: 4.265 cumulative IPC: 4.139 (Simulation time: 11 hr 07 min 28 sec)
Heartbeat CPU 26 instructions: 260000087 cycles: 57638662 heartbeat IPC: 4.568 cumulative IPC: 4.38 (Simulation time: 11 hr 08 min 20 sec)
Heartbeat CPU 14 instructions: 200000076 cycles: 57862212 heartbeat IPC: 3.071 cumulative IPC: 3.048 (Simulation time: 11 hr 11 min 00 sec)
Heartbeat CPU 2 instructions: 140000032 cycles: 57910050 heartbeat IPC: 1.843 cumulative IPC: 1.851 (Simulation time: 11 hr 11 min 34 sec)
Heartbeat CPU 8 instructions: 200000068 cycles: 57915180 heartbeat IPC: 3.059 cumulative IPC: 3.045 (Simulation time: 11 hr 11 min 38 sec)
Heartbeat CPU 12 instructions: 190000053 cycles: 58117577 heartbeat IPC: 3.399 cumulative IPC: 2.843 (Simulation time: 11 hr 14 min 01 sec)
Heartbeat CPU 31 instructions: 190000045 cycles: 58142941 heartbeat IPC: 2.778 cumulative IPC: 2.776 (Simulation time: 11 hr 14 min 19 sec)
Heartbeat CPU 4 instructions: 270000081 cycles: 58309678 heartbeat IPC: 4.574 cumulative IPC: 4.556 (Simulation time: 11 hr 16 min 17 sec)
Heartbeat CPU 30 instructions: 190000045 cycles: 58317407 heartbeat IPC: 2.768 cumulative IPC: 2.765 (Simulation time: 11 hr 16 min 22 sec)
Heartbeat CPU 25 instructions: 240000066 cycles: 58482474 heartbeat IPC: 4.59 cumulative IPC: 3.959 (Simulation time: 11 hr 18 min 19 sec)
Heartbeat CPU 23 instructions: 170000066 cycles: 58534889 heartbeat IPC: 2.902 cumulative IPC: 2.537 (Simulation time: 11 hr 18 min 56 sec)
Simulation finished CPU 26 instructions: 200000007 cycles: 45621413 cumulative IPC: 4.384 (Simulation time: 11 hr 21 min 43 sec)
Heartbeat CPU 21 instructions: 240000090 cycles: 58911984 heartbeat IPC: 4.157 cumulative IPC: 3.929 (Simulation time: 11 hr 23 min 20 sec)
Heartbeat CPU 6 instructions: 220000065 cycles: 58931971 heartbeat IPC: 3.517 cumulative IPC: 3.566 (Simulation time: 11 hr 23 min 34 sec)
Heartbeat CPU 28 instructions: 220000065 cycles: 58943581 heartbeat IPC: 3.516 cumulative IPC: 3.566 (Simulation time: 11 hr 23 min 43 sec)
Heartbeat CPU 7 instructions: 130000038 cycles: 59076428 heartbeat IPC: 1.424 cumulative IPC: 1.408 (Simulation time: 11 hr 25 min 18 sec)
Heartbeat CPU 29 instructions: 150000020 cycles: 59539378 heartbeat IPC: 1.82 cumulative IPC: 1.824 (Simulation time: 11 hr 30 min 48 sec)
Heartbeat CPU 16 instructions: 280000074 cycles: 59662052 heartbeat IPC: 4.659 cumulative IPC: 4.658 (Simulation time: 11 hr 32 min 14 sec)
Heartbeat CPU 24 instructions: 140000037 cycles: 59675368 heartbeat IPC: 1.655 cumulative IPC: 1.65 (Simulation time: 11 hr 32 min 23 sec)
Heartbeat CPU 0 instructions: 220000050 cycles: 59694191 heartbeat IPC: 3.486 cumulative IPC: 3.505 (Simulation time: 11 hr 32 min 37 sec)
Heartbeat CPU 9 instructions: 230000076 cycles: 59747337 heartbeat IPC: 3.324 cumulative IPC: 3.66 (Simulation time: 11 hr 33 min 14 sec)
Heartbeat CPU 3 instructions: 200000078 cycles: 59749972 heartbeat IPC: 3.134 cumulative IPC: 3.13 (Simulation time: 11 hr 33 min 16 sec)
Heartbeat CPU 26 instructions: 270000087 cycles: 59845484 heartbeat IPC: 4.531 cumulative IPC: 4.387 (Simulation time: 11 hr 34 min 24 sec)
Heartbeat CPU 27 instructions: 250000079 cycles: 59915987 heartbeat IPC: 4.26 cumulative IPC: 4.145 (Simulation time: 11 hr 35 min 14 sec)
Heartbeat CPU 11 instructions: 120000042 cycles: 60230306 heartbeat IPC: 1.494 cumulative IPC: 1.487 (Simulation time: 11 hr 39 min 00 sec)
Heartbeat CPU 5 instructions: 140000042 cycles: 60477600 heartbeat IPC: 1.836 cumulative IPC: 1.74 (Simulation time: 11 hr 42 min 00 sec)
Heartbeat CPU 4 instructions: 280000082 cycles: 60500240 heartbeat IPC: 4.565 cumulative IPC: 4.556 (Simulation time: 11 hr 42 min 17 sec)
Heartbeat CPU 1 instructions: 150000048 cycles: 60524450 heartbeat IPC: 1.876 cumulative IPC: 1.871 (Simulation time: 11 hr 42 min 35 sec)
Heartbeat CPU 13 instructions: 100000013 cycles: 60528313 heartbeat IPC: 0.8732 cumulative IPC: 0.9548 (Simulation time: 11 hr 42 min 37 sec)
Heartbeat CPU 17 instructions: 150000048 cycles: 60529960 heartbeat IPC: 1.876 cumulative IPC: 1.87 (Simulation time: 11 hr 42 min 39 sec)
Heartbeat CPU 19 instructions: 190000040 cycles: 60681641 heartbeat IPC: 2.534 cumulative IPC: 2.672 (Simulation time: 11 hr 44 min 31 sec)
Heartbeat CPU 25 instructions: 250000071 cycles: 60698194 heartbeat IPC: 4.513 cumulative IPC: 3.984 (Simulation time: 11 hr 44 min 43 sec)
Heartbeat CPU 12 instructions: 200000055 cycles: 61053542 heartbeat IPC: 3.406 cumulative IPC: 2.878 (Simulation time: 11 hr 48 min 58 sec)
Heartbeat CPU 14 instructions: 210000080 cycles: 61137401 heartbeat IPC: 3.053 cumulative IPC: 3.048 (Simulation time: 11 hr 49 min 58 sec)
Heartbeat CPU 15 instructions: 190000050 cycles: 61142113 heartbeat IPC: 2.726 cumulative IPC: 2.646 (Simulation time: 11 hr 50 min 02 sec)
Heartbeat CPU 8 instructions: 210000072 cycles: 61213510 heartbeat IPC: 3.032 cumulative IPC: 3.044 (Simulation time: 11 hr 50 min 54 sec)
Heartbeat CPU 10 instructions: 110000028 cycles: 61307295 heartbeat IPC: 0.7743 cumulative IPC: 1.169 (Simulation time: 11 hr 52 min 04 sec)
Heartbeat CPU 21 instructions: 250000090 cycles: 61343084 heartbeat IPC: 4.113 cumulative IPC: 3.938 (Simulation time: 11 hr 52 min 30 sec)
Simulation finished CPU 27 instructions: 200000003 cycles: 48202243 cumulative IPC: 4.149 (Simulation time: 11 hr 52 min 39 sec)
Heartbeat CPU 18 instructions: 150000027 cycles: 61439518 heartbeat IPC: 1.941 cumulative IPC: 1.896 (Simulation time: 11 hr 53 min 40 sec)
Heartbeat CPU 6 instructions: 230000066 cycles: 61742183 heartbeat IPC: 3.558 cumulative IPC: 3.566 (Simulation time: 11 hr 57 min 17 sec)
Heartbeat CPU 31 instructions: 200000045 cycles: 61745103 heartbeat IPC: 2.776 cumulative IPC: 2.776 (Simulation time: 11 hr 57 min 19 sec)
Heartbeat CPU 28 instructions: 230000066 cycles: 61756596 heartbeat IPC: 3.555 cumulative IPC: 3.565 (Simulation time: 11 hr 57 min 27 sec)
Heartbeat CPU 22 instructions: 110000028 cycles: 61795916 heartbeat IPC: 0.771 cumulative IPC: 1.157 (Simulation time: 11 hr 57 min 55 sec)
Heartbeat CPU 16 instructions: 290000076 cycles: 61811647 heartbeat IPC: 4.652 cumulative IPC: 4.658 (Simulation time: 11 hr 58 min 07 sec)
Heartbeat CPU 20 instructions: 130000029 cycles: 61921305 heartbeat IPC: 1.314 cumulative IPC: 1.387 (Simulation time: 11 hr 59 min 28 sec)
Heartbeat CPU 30 instructions: 200000045 cycles: 61931609 heartbeat IPC: 2.767 cumulative IPC: 2.765 (Simulation time: 11 hr 59 min 35 sec)
Heartbeat CPU 26 instructions: 280000087 cycles: 62056716 heartbeat IPC: 4.522 cumulative IPC: 4.393 (Simulation time: 12 hr 01 min 06 sec)
Heartbeat CPU 0 instructions: 230000057 cycles: 62555214 heartbeat IPC: 3.495 cumulative IPC: 3.505 (Simulation time: 12 hr 07 min 07 sec)
Heartbeat CPU 9 instructions: 240000079 cycles: 62628175 heartbeat IPC: 3.471 cumulative IPC: 3.649 (Simulation time: 12 hr 08 min 00 sec)
Heartbeat CPU 23 instructions: 180000070 cycles: 62670511 heartbeat IPC: 2.418 cumulative IPC: 2.527 (Simulation time: 12 hr 08 min 31 sec)
Heartbeat CPU 4 instructions: 290000084 cycles: 62702335 heartbeat IPC: 4.541 cumulative IPC: 4.555 (Simulation time: 12 hr 08 min 54 sec)
Heartbeat CPU 27 instructions: 260000081 cycles: 62871589 heartbeat IPC: 3.383 cumulative IPC: 4.099 (Simulation time: 12 hr 10 min 58 sec)
Heartbeat CPU 25 instructions: 260000076 cycles: 62899840 heartbeat IPC: 4.542 cumulative IPC: 4.009 (Simulation time: 12 hr 11 min 18 sec)
Heartbeat CPU 3 instructions: 210000083 cycles: 62940824 heartbeat IPC: 3.134 cumulative IPC: 3.13 (Simulation time: 12 hr 11 min 47 sec)
Simulation finished CPU 25 instructions: 200000007 cycles: 49874547 cumulative IPC: 4.01 (Simulation time: 12 hr 12 min 50 sec)
Heartbeat CPU 2 instructions: 150000033 cycles: 63318116 heartbeat IPC: 1.849 cumulative IPC: 1.851 (Simulation time: 12 hr 16 min 20 sec)
Heartbeat CPU 21 instructions: 260000091 cycles: 63924892 heartbeat IPC: 3.873 cumulative IPC: 3.935 (Simulation time: 12 hr 23 min 49 sec)
Heartbeat CPU 16 instructions: 300000077 cycles: 63957284 heartbeat IPC: 4.661 cumulative IPC: 4.658 (Simulation time: 12 hr 24 min 13 sec)
Simulation finished CPU 21 instructions: 200000005 cycles: 50823072 cumulative IPC: 3.935 (Simulation time: 12 hr 24 min 28 sec)
Heartbeat CPU 12 instructions: 210000060 cycles: 63997980 heartbeat IPC: 3.396 cumulative IPC: 2.908 (Simulation time: 12 hr 24 min 44 sec)
Heartbeat CPU 26 instructions: 290000088 cycles: 64268765 heartbeat IPC: 4.521 cumulative IPC: 4.399 (Simulation time: 12 hr 28 min 08 sec)
Heartbeat CPU 19 instructions: 200000047 cycles: 64414104 heartbeat IPC: 2.679 cumulative IPC: 2.673 (Simulation time: 12 hr 29 min 57 sec)
Heartbeat CPU 5 instructions: 150000043 cycles: 64447806 heartbeat IPC: 2.519 cumulative IPC: 1.8 (Simulation time: 12 hr 30 min 22 sec)
Heartbeat CPU 14 instructions: 220000085 cycles: 64518029 heartbeat IPC: 2.958 cumulative IPC: 3.042 (Simulation time: 12 hr 31 min 15 sec)
Heartbeat CPU 6 instructions: 240000071 cycles: 64562884 heartbeat IPC: 3.545 cumulative IPC: 3.565 (Simulation time: 12 hr 31 min 48 sec)
Heartbeat CPU 28 instructions: 240000071 cycles: 64577363 heartbeat IPC: 3.545 cumulative IPC: 3.564 (Simulation time: 12 hr 31 min 59 sec)
Heartbeat CPU 8 instructions: 220000075 cycles: 64605973 heartbeat IPC: 2.948 cumulative IPC: 3.037 (Simulation time: 12 hr 32 min 21 sec)
Heartbeat CPU 15 instructions: 200000050 cycles: 64812871 heartbeat IPC: 2.724 cumulative IPC: 2.652 (Simulation time: 12 hr 34 min 54 sec)
Heartbeat CPU 4 instructions: 300000088 cycles: 64902046 heartbeat IPC: 4.546 cumulative IPC: 4.555 (Simulation time: 12 hr 36 min 00 sec)
Heartbeat CPU 29 instructions: 160000024 cycles: 64988997 heartbeat IPC: 1.835 cumulative IPC: 1.826 (Simulation time: 12 hr 37 min 05 sec)
Heartbeat CPU 25 instructions: 270000078 cycles: 65103201 heartbeat IPC: 4.539 cumulative IPC: 4.032 (Simulation time: 12 hr 38 min 29 sec)
Heartbeat CPU 31 instructions: 210000048 cycles: 65346547 heartbeat IPC: 2.777 cumulative IPC: 2.776 (Simulation time: 12 hr 41 min 31 sec)
Heartbeat CPU 0 instructions: 240000061 cycles: 65427094 heartbeat IPC: 3.482 cumulative IPC: 3.504 (Simulation time: 12 hr 42 min 32 sec)
Heartbeat CPU 9 instructions: 250000079 cycles: 65464837 heartbeat IPC: 3.525 cumulative IPC: 3.642 (Simulation time: 12 hr 43 min 00 sec)
Heartbeat CPU 30 instructions: 210000048 cycles: 65543993 heartbeat IPC: 2.768 cumulative IPC: 2.766 (Simulation time: 12 hr 44 min 00 sec)
Heartbeat CPU 27 instructions: 270000082 cycles: 65568463 heartbeat IPC: 3.708 cumulative IPC: 4.079 (Simulation time: 12 hr 44 min 19 sec)
Heartbeat CPU 1 instructions: 160000053 cycles: 65786033 heartbeat IPC: 1.901 cumulative IPC: 1.874 (Simulation time: 12 hr 47 min 04 sec)
Heartbeat CPU 17 instructions: 160000053 cycles: 65790989 heartbeat IPC: 1.901 cumulative IPC: 1.873 (Simulation time: 12 hr 47 min 07 sec)
Heartbeat CPU 24 instructions: 150000037 cycles: 65802965 heartbeat IPC: 1.632 cumulative IPC: 1.648 (Simulation time: 12 hr 47 min 16 sec)
Heartbeat CPU 7 instructions: 140000038 cycles: 66093796 heartbeat IPC: 1.425 cumulative IPC: 1.41 (Simulation time: 12 hr 50 min 51 sec)
Heartbeat CPU 16 instructions: 310000080 cycles: 66103862 heartbeat IPC: 4.659 cumulative IPC: 4.658 (Simulation time: 12 hr 50 min 58 sec)
Heartbeat CPU 3 instructions: 220000088 cycles: 66131522 heartbeat IPC: 3.134 cumulative IPC: 3.131 (Simulation time: 12 hr 51 min 19 sec)
Heartbeat CPU 11 instructions: 130000042 cycles: 66274738 heartbeat IPC: 1.654 cumulative IPC: 1.506 (Simulation time: 12 hr 53 min 04 sec)
Heartbeat CPU 23 instructions: 190000074 cycles: 66392334 heartbeat IPC: 2.687 cumulative IPC: 2.539 (Simulation time: 12 hr 54 min 32 sec)
Heartbeat CPU 21 instructions: 270000098 cycles: 66413755 heartbeat IPC: 4.018 cumulative IPC: 3.939 (Simulation time: 12 hr 54 min 48 sec)
Heartbeat CPU 26 instructions: 300000088 cycles: 66476755 heartbeat IPC: 4.529 cumulative IPC: 4.404 (Simulation time: 12 hr 55 min 35 sec)
Heartbeat CPU 18 instructions: 160000028 cycles: 66526261 heartbeat IPC: 1.966 cumulative IPC: 1.903 (Simulation time: 12 hr 56 min 12 sec)
Heartbeat CPU 12 instructions: 220000063 cycles: 66939709 heartbeat IPC: 3.399 cumulative IPC: 2.935 (Simulation time: 13 hr 01 min 23 sec)
Heartbeat CPU 4 instructions: 310000092 cycles: 67096207 heartbeat IPC: 4.558 cumulative IPC: 4.555 (Simulation time: 13 hr 03 min 21 sec)
Heartbeat CPU 25 instructions: 280000085 cycles: 67304873 heartbeat IPC: 4.542 cumulative IPC: 4.052 (Simulation time: 13 hr 05 min 56 sec)
Heartbeat CPU 6 instructions: 250000076 cycles: 67365272 heartbeat IPC: 3.568 cumulative IPC: 3.565 (Simulation time: 13 hr 06 min 39 sec)
Heartbeat CPU 28 instructions: 250000076 cycles: 67379551 heartbeat IPC: 3.569 cumulative IPC: 3.564 (Simulation time: 13 hr 06 min 50 sec)
Heartbeat CPU 19 instructions: 210000051 cycles: 67801107 heartbeat IPC: 2.952 cumulative IPC: 2.69 (Simulation time: 13 hr 12 min 05 sec)
Heartbeat CPU 14 instructions: 230000091 cycles: 67819041 heartbeat IPC: 3.029 cumulative IPC: 3.042 (Simulation time: 13 hr 12 min 18 sec)
Heartbeat CPU 8 instructions: 230000082 cycles: 67905902 heartbeat IPC: 3.03 cumulative IPC: 3.037 (Simulation time: 13 hr 13 min 24 sec)
Heartbeat CPU 5 instructions: 160000044 cycles: 67969339 heartbeat IPC: 2.84 cumulative IPC: 1.867 (Simulation time: 13 hr 14 min 12 sec)
Heartbeat CPU 27 instructions: 280000083 cycles: 68104323 heartbeat IPC: 3.943 cumulative IPC: 4.073 (Simulation time: 13 hr 15 min 52 sec)
Simulation finished CPU 9 instructions: 200000007 cycles: 55000472 cumulative IPC: 3.636 (Simulation time: 13 hr 16 min 29 sec)
Heartbeat CPU 16 instructions: 320000084 cycles: 68249623 heartbeat IPC: 4.66 cumulative IPC: 4.658 (Simulation time: 13 hr 17 min 41 sec)
Heartbeat CPU 9 instructions: 260000079 cycles: 68294477 heartbeat IPC: 3.534 cumulative IPC: 3.637 (Simulation time: 13 hr 18 min 13 sec)
Heartbeat CPU 0 instructions: 250000065 cycles: 68297790 heartbeat IPC: 3.483 cumulative IPC: 3.503 (Simulation time: 13 hr 18 min 16 sec)
Heartbeat CPU 15 instructions: 210000052 cycles: 68473704 heartbeat IPC: 2.732 cumulative IPC: 2.657 (Simulation time: 13 hr 20 min 27 sec)
Heartbeat CPU 26 instructions: 310000089 cycles: 68708764 heartbeat IPC: 4.48 cumulative IPC: 4.407 (Simulation time: 13 hr 23 min 23 sec)
Heartbeat CPU 2 instructions: 160000034 cycles: 68742849 heartbeat IPC: 1.843 cumulative IPC: 1.85 (Simulation time: 13 hr 23 min 48 sec)
Heartbeat CPU 21 instructions: 280000102 cycles: 68870730 heartbeat IPC: 4.07 cumulative IPC: 3.945 (Simulation time: 13 hr 25 min 24 sec)
Heartbeat CPU 31 instructions: 220000050 cycles: 68947457 heartbeat IPC: 2.777 cumulative IPC: 2.776 (Simulation time: 13 hr 26 min 20 sec)
Heartbeat CPU 13 instructions: 110000013 cycles: 69075009 heartbeat IPC: 1.17 cumulative IPC: 0.9877 (Simulation time: 13 hr 27 min 55 sec)
Heartbeat CPU 20 instructions: 140000029 cycles: 69118972 heartbeat IPC: 1.389 cumulative IPC: 1.387 (Simulation time: 13 hr 28 min 28 sec)
Heartbeat CPU 30 instructions: 220000050 cycles: 69157037 heartbeat IPC: 2.768 cumulative IPC: 2.766 (Simulation time: 13 hr 28 min 56 sec)
Simulation finished CPU 6 instructions: 200000001 cycles: 56115209 cumulative IPC: 3.564 (Simulation time: 13 hr 30 min 19 sec)
Simulation finished CPU 28 instructions: 200000005 cycles: 56132174 cumulative IPC: 3.563 (Simulation time: 13 hr 30 min 31 sec)
Heartbeat CPU 4 instructions: 320000093 cycles: 69287213 heartbeat IPC: 4.564 cumulative IPC: 4.555 (Simulation time: 13 hr 30 min 32 sec)
Heartbeat CPU 3 instructions: 230000091 cycles: 69322349 heartbeat IPC: 3.134 cumulative IPC: 3.131 (Simulation time: 13 hr 30 min 59 sec)
Heartbeat CPU 25 instructions: 290000086 cycles: 69491526 heartbeat IPC: 4.573 cumulative IPC: 4.072 (Simulation time: 13 hr 33 min 05 sec)
Heartbeat CPU 12 instructions: 230000065 cycles: 69880855 heartbeat IPC: 3.4 cumulative IPC: 2.959 (Simulation time: 13 hr 37 min 55 sec)
Heartbeat CPU 23 instructions: 200000074 cycles: 70045139 heartbeat IPC: 2.738 cumulative IPC: 2.551 (Simulation time: 13 hr 39 min 56 sec)
Heartbeat CPU 10 instructions: 120000030 cycles: 70102653 heartbeat IPC: 1.137 cumulative IPC: 1.164 (Simulation time: 13 hr 40 min 37 sec)
Heartbeat CPU 6 instructions: 260000077 cycles: 70171181 heartbeat IPC: 3.564 cumulative IPC: 3.565 (Simulation time: 13 hr 41 min 28 sec)
Heartbeat CPU 28 instructions: 260000077 cycles: 70188576 heartbeat IPC: 3.56 cumulative IPC: 3.564 (Simulation time: 13 hr 41 min 41 sec)
Simulation finished CPU 0 instructions: 200000000 cycles: 57109447 cumulative IPC: 3.502 (Simulation time: 13 hr 42 min 36 sec)
Heartbeat CPU 16 instructions: 330000087 cycles: 70400133 heartbeat IPC: 4.65 cumulative IPC: 4.658 (Simulation time: 13 hr 44 min 16 sec)
Heartbeat CPU 29 instructions: 170000026 cycles: 70484233 heartbeat IPC: 1.82 cumulative IPC: 1.825 (Simulation time: 13 hr 45 min 18 sec)
Heartbeat CPU 27 instructions: 290000087 cycles: 70586240 heartbeat IPC: 4.029 cumulative IPC: 4.071 (Simulation time: 13 hr 46 min 33 sec)
Heartbeat CPU 22 instructions: 120000030 cycles: 70593477 heartbeat IPC: 1.137 cumulative IPC: 1.154 (Simulation time: 13 hr 46 min 39 sec)
Heartbeat CPU 26 instructions: 320000096 cycles: 70934097 heartbeat IPC: 4.494 cumulative IPC: 4.411 (Simulation time: 13 hr 50 min 49 sec)
Heartbeat CPU 9 instructions: 270000081 cycles: 70939936 heartbeat IPC: 3.78 cumulative IPC: 3.643 (Simulation time: 13 hr 50 min 53 sec)
Heartbeat CPU 1 instructions: 170000053 cycles: 71126222 heartbeat IPC: 1.873 cumulative IPC: 1.874 (Simulation time: 13 hr 53 min 08 sec)
Heartbeat CPU 17 instructions: 170000053 cycles: 71135312 heartbeat IPC: 1.871 cumulative IPC: 1.873 (Simulation time: 13 hr 53 min 15 sec)
Heartbeat CPU 0 instructions: 260000072 cycles: 71158703 heartbeat IPC: 3.495 cumulative IPC: 3.502 (Simulation time: 13 hr 53 min 31 sec)
Heartbeat CPU 14 instructions: 240000095 cycles: 71175673 heartbeat IPC: 2.979 cumulative IPC: 3.038 (Simulation time: 13 hr 53 min 43 sec)
Heartbeat CPU 8 instructions: 240000088 cycles: 71270476 heartbeat IPC: 2.972 cumulative IPC: 3.033 (Simulation time: 13 hr 54 min 50 sec)
Heartbeat CPU 4 instructions: 330000096 cycles: 71478381 heartbeat IPC: 4.564 cumulative IPC: 4.556 (Simulation time: 13 hr 57 min 17 sec)
Heartbeat CPU 18 instructions: 170000028 cycles: 71531990 heartbeat IPC: 1.998 cumulative IPC: 1.911 (Simulation time: 13 hr 57 min 55 sec)
Heartbeat CPU 21 instructions: 290000105 cycles: 71547310 heartbeat IPC: 3.736 cumulative IPC: 3.935 (Simulation time: 13 hr 58 min 06 sec)
Heartbeat CPU 25 instructions: 300000089 cycles: 71694079 heartbeat IPC: 4.54 cumulative IPC: 4.09 (Simulation time: 13 hr 59 min 52 sec)
Heartbeat CPU 19 instructions: 220000052 cycles: 71736404 heartbeat IPC: 2.541 cumulative IPC: 2.68 (Simulation time: 14 hr 00 min 22 sec)
Heartbeat CPU 24 instructions: 160000040 cycles: 71901099 heartbeat IPC: 1.64 cumulative IPC: 1.647 (Simulation time: 14 hr 02 min 21 sec)
Heartbeat CPU 15 instructions: 220000055 cycles: 72205565 heartbeat IPC: 2.68 cumulative IPC: 2.658 (Simulation time: 14 hr 06 min 00 sec)
Heartbeat CPU 3 instructions: 240000095 cycles: 72513098 heartbeat IPC: 3.134 cumulative IPC: 3.131 (Simulation time: 14 hr 09 min 39 sec)
Heartbeat CPU 16 instructions: 340000093 cycles: 72547053 heartbeat IPC: 4.658 cumulative IPC: 4.658 (Simulation time: 14 hr 10 min 03 sec)
Heartbeat CPU 31 instructions: 230000051 cycles: 72549925 heartbeat IPC: 2.776 cumulative IPC: 2.776 (Simulation time: 14 hr 10 min 05 sec)
Heartbeat CPU 30 instructions: 230000051 cycles: 72774169 heartbeat IPC: 2.765 cumulative IPC: 2.766 (Simulation time: 14 hr 12 min 49 sec)
Heartbeat CPU 12 instructions: 240000070 cycles: 72817359 heartbeat IPC: 3.405 cumulative IPC: 2.981 (Simulation time: 14 hr 13 min 21 sec)
Heartbeat CPU 7 instructions: 150000043 cycles: 72980545 heartbeat IPC: 1.452 cumulative IPC: 1.415 (Simulation time: 14 hr 15 min 20 sec)
Heartbeat CPU 11 instructions: 140000044 cycles: 72982772 heartbeat IPC: 1.491 cumulative IPC: 1.504 (Simulation time: 14 hr 15 min 21 sec)
Heartbeat CPU 6 instructions: 270000082 cycles: 72985841 heartbeat IPC: 3.553 cumulative IPC: 3.564 (Simulation time: 14 hr 15 min 23 sec)
Heartbeat CPU 27 instructions: 300000094 cycles: 72990099 heartbeat IPC: 4.16 cumulative IPC: 4.075 (Simulation time: 14 hr 15 min 27 sec)
Heartbeat CPU 28 instructions: 270000082 cycles: 73005649 heartbeat IPC: 3.55 cumulative IPC: 3.563 (Simulation time: 14 hr 15 min 38 sec)
Heartbeat CPU 26 instructions: 330000096 cycles: 73146102 heartbeat IPC: 4.521 cumulative IPC: 4.415 (Simulation time: 14 hr 17 min 20 sec)
Heartbeat CPU 9 instructions: 280000082 cycles: 73669657 heartbeat IPC: 3.663 cumulative IPC: 3.644 (Simulation time: 14 hr 23 min 37 sec)
Heartbeat CPU 4 instructions: 340000102 cycles: 73670513 heartbeat IPC: 4.562 cumulative IPC: 4.556 (Simulation time: 14 hr 23 min 38 sec)
Heartbeat CPU 23 instructions: 210000079 cycles: 73742166 heartbeat IPC: 2.705 cumulative IPC: 2.561 (Simulation time: 14 hr 24 min 30 sec)
Heartbeat CPU 25 instructions: 310000096 cycles: 73860839 heartbeat IPC: 4.615 cumulative IPC: 4.109 (Simulation time: 14 hr 25 min 55 sec)
Heartbeat CPU 21 instructions: 300000110 cycles: 73980494 heartbeat IPC: 4.11 cumulative IPC: 3.942 (Simulation time: 14 hr 27 min 22 sec)
Heartbeat CPU 0 instructions: 270000073 cycles: 74030269 heartbeat IPC: 3.482 cumulative IPC: 3.501 (Simulation time: 14 hr 27 min 57 sec)
Heartbeat CPU 2 instructions: 170000034 cycles: 74200893 heartbeat IPC: 1.832 cumulative IPC: 1.849 (Simulation time: 14 hr 29 min 59 sec)
Heartbeat CPU 14 instructions: 250000095 cycles: 74439313 heartbeat IPC: 3.064 cumulative IPC: 3.039 (Simulation time: 14 hr 32 min 52 sec)
Heartbeat CPU 8 instructions: 250000091 cycles: 74532321 heartbeat IPC: 3.066 cumulative IPC: 3.035 (Simulation time: 14 hr 33 min 59 sec)
Heartbeat CPU 5 instructions: 170000050 cycles: 74616978 heartbeat IPC: 1.504 cumulative IPC: 1.828 (Simulation time: 14 hr 35 min 00 sec)
Heartbeat CPU 16 instructions: 350000100 cycles: 74692562 heartbeat IPC: 4.661 cumulative IPC: 4.658 (Simulation time: 14 hr 35 min 55 sec)
Heartbeat CPU 19 instructions: 230000056 cycles: 75061611 heartbeat IPC: 3.007 cumulative IPC: 2.698 (Simulation time: 14 hr 40 min 20 sec)
Heartbeat CPU 26 instructions: 340000097 cycles: 75338578 heartbeat IPC: 4.561 cumulative IPC: 4.42 (Simulation time: 14 hr 43 min 36 sec)
Heartbeat CPU 27 instructions: 310000097 cycles: 75383262 heartbeat IPC: 4.179 cumulative IPC: 4.079 (Simulation time: 14 hr 44 min 08 sec)
Heartbeat CPU 3 instructions: 250000097 cycles: 75703889 heartbeat IPC: 3.134 cumulative IPC: 3.131 (Simulation time: 14 hr 47 min 55 sec)
Heartbeat CPU 12 instructions: 250000071 cycles: 75763207 heartbeat IPC: 3.395 cumulative IPC: 3 (Simulation time: 14 hr 48 min 37 sec)
Heartbeat CPU 6 instructions: 280000083 cycles: 75781633 heartbeat IPC: 3.577 cumulative IPC: 3.565 (Simulation time: 14 hr 48 min 50 sec)
Heartbeat CPU 28 instructions: 280000083 cycles: 75803881 heartbeat IPC: 3.574 cumulative IPC: 3.564 (Simulation time: 14 hr 49 min 06 sec)
Heartbeat CPU 4 instructions: 350000102 cycles: 75864656 heartbeat IPC: 4.558 cumulative IPC: 4.556 (Simulation time: 14 hr 49 min 49 sec)
Heartbeat CPU 15 instructions: 230000060 cycles: 75896236 heartbeat IPC: 2.71 cumulative IPC: 2.661 (Simulation time: 14 hr 50 min 12 sec)
Heartbeat CPU 29 instructions: 180000027 cycles: 75934317 heartbeat IPC: 1.835 cumulative IPC: 1.826 (Simulation time: 14 hr 50 min 39 sec)
Heartbeat CPU 25 instructions: 320000097 cycles: 76027484 heartbeat IPC: 4.615 cumulative IPC: 4.126 (Simulation time: 14 hr 51 min 47 sec)
Heartbeat CPU 31 instructions: 240000057 cycles: 76153456 heartbeat IPC: 2.775 cumulative IPC: 2.776 (Simulation time: 14 hr 53 min 18 sec)
Heartbeat CPU 20 instructions: 150000029 cycles: 76276325 heartbeat IPC: 1.397 cumulative IPC: 1.388 (Simulation time: 14 hr 54 min 46 sec)
Heartbeat CPU 30 instructions: 240000057 cycles: 76390846 heartbeat IPC: 2.765 cumulative IPC: 2.766 (Simulation time: 14 hr 56 min 07 sec)
Heartbeat CPU 1 instructions: 180000054 cycles: 76425548 heartbeat IPC: 1.887 cumulative IPC: 1.875 (Simulation time: 14 hr 56 min 32 sec)
Heartbeat CPU 17 instructions: 180000054 cycles: 76434630 heartbeat IPC: 1.887 cumulative IPC: 1.874 (Simulation time: 14 hr 56 min 38 sec)
Heartbeat CPU 9 instructions: 290000086 cycles: 76513512 heartbeat IPC: 3.516 cumulative IPC: 3.638 (Simulation time: 14 hr 57 min 35 sec)
Heartbeat CPU 18 instructions: 180000030 cycles: 76571374 heartbeat IPC: 1.984 cumulative IPC: 1.917 (Simulation time: 14 hr 58 min 16 sec)
Heartbeat CPU 21 instructions: 310000116 cycles: 76642050 heartbeat IPC: 3.757 cumulative IPC: 3.934 (Simulation time: 14 hr 59 min 07 sec)
Heartbeat CPU 16 instructions: 360000105 cycles: 76840973 heartbeat IPC: 4.655 cumulative IPC: 4.658 (Simulation time: 15 hr 01 min 27 sec)
Heartbeat CPU 0 instructions: 280000076 cycles: 76905707 heartbeat IPC: 3.478 cumulative IPC: 3.5 (Simulation time: 15 hr 02 min 13 sec)
Simulation finished CPU 3 instructions: 200000002 cycles: 63872171 cumulative IPC: 3.131 (Simulation time: 15 hr 03 min 39 sec)
Heartbeat CPU 13 instructions: 120000015 cycles: 77199158 heartbeat IPC: 1.231 cumulative IPC: 1.019 (Simulation time: 15 hr 05 min 43 sec)
Heartbeat CPU 23 instructions: 220000080 cycles: 77483355 heartbeat IPC: 2.673 cumulative IPC: 2.567 (Simulation time: 15 hr 09 min 05 sec)
Heartbeat CPU 26 instructions: 350000103 cycles: 77544834 heartbeat IPC: 4.533 cumulative IPC: 4.424 (Simulation time: 15 hr 09 min 48 sec)
Heartbeat CPU 14 instructions: 260000096 cycles: 77740239 heartbeat IPC: 3.029 cumulative IPC: 3.039 (Simulation time: 15 hr 12 min 07 sec)
Heartbeat CPU 8 instructions: 260000093 cycles: 77819871 heartbeat IPC: 3.042 cumulative IPC: 3.035 (Simulation time: 15 hr 13 min 03 sec)
Heartbeat CPU 27 instructions: 320000099 cycles: 77855029 heartbeat IPC: 4.046 cumulative IPC: 4.077 (Simulation time: 15 hr 13 min 29 sec)
Heartbeat CPU 24 instructions: 170000042 cycles: 77990956 heartbeat IPC: 1.642 cumulative IPC: 1.647 (Simulation time: 15 hr 15 min 05 sec)
Heartbeat CPU 4 instructions: 360000104 cycles: 78064232 heartbeat IPC: 4.546 cumulative IPC: 4.556 (Simulation time: 15 hr 15 min 57 sec)
Heartbeat CPU 25 instructions: 330000104 cycles: 78197711 heartbeat IPC: 4.608 cumulative IPC: 4.142 (Simulation time: 15 hr 17 min 33 sec)
Heartbeat CPU 10 instructions: 130000030 cycles: 78265427 heartbeat IPC: 1.225 cumulative IPC: 1.172 (Simulation time: 15 hr 18 min 22 sec)
Heartbeat CPU 6 instructions: 290000083 cycles: 78591220 heartbeat IPC: 3.559 cumulative IPC: 3.565 (Simulation time: 15 hr 22 min 15 sec)
Heartbeat CPU 28 instructions: 290000083 cycles: 78610633 heartbeat IPC: 3.563 cumulative IPC: 3.564 (Simulation time: 15 hr 22 min 29 sec)
Heartbeat CPU 12 instructions: 260000072 cycles: 78700959 heartbeat IPC: 3.404 cumulative IPC: 3.019 (Simulation time: 15 hr 23 min 33 sec)
Heartbeat CPU 22 instructions: 130000030 cycles: 78760278 heartbeat IPC: 1.224 cumulative IPC: 1.163 (Simulation time: 15 hr 24 min 16 sec)
Heartbeat CPU 3 instructions: 260000103 cycles: 78894666 heartbeat IPC: 3.134 cumulative IPC: 3.131 (Simulation time: 15 hr 25 min 51 sec)
Heartbeat CPU 19 instructions: 240000056 cycles: 78934504 heartbeat IPC: 2.582 cumulative IPC: 2.691 (Simulation time: 15 hr 26 min 20 sec)
Simulation finished CPU 14 instructions: 200000006 cycles: 65793202 cumulative IPC: 3.04 (Simulation time: 15 hr 26 min 29 sec)
Heartbeat CPU 16 instructions: 370000111 cycles: 78987318 heartbeat IPC: 4.659 cumulative IPC: 4.658 (Simulation time: 15 hr 26 min 57 sec)
Simulation finished CPU 8 instructions: 200000000 cycles: 65886139 cumulative IPC: 3.036 (Simulation time: 15 hr 27 min 35 sec)
Heartbeat CPU 21 instructions: 320000123 cycles: 79166915 heartbeat IPC: 3.961 cumulative IPC: 3.935 (Simulation time: 15 hr 29 min 07 sec)
Heartbeat CPU 9 instructions: 300000092 cycles: 79332693 heartbeat IPC: 3.547 cumulative IPC: 3.635 (Simulation time: 15 hr 31 min 05 sec)
Simulation finished CPU 12 instructions: 200000003 cycles: 66182029 cumulative IPC: 3.022 (Simulation time: 15 hr 31 min 08 sec)
Heartbeat CPU 2 instructions: 180000041 cycles: 79610720 heartbeat IPC: 1.848 cumulative IPC: 1.849 (Simulation time: 15 hr 34 min 28 sec)
Heartbeat CPU 11 instructions: 150000050 cycles: 79664710 heartbeat IPC: 1.497 cumulative IPC: 1.504 (Simulation time: 15 hr 35 min 08 sec)
Heartbeat CPU 15 instructions: 240000060 cycles: 79675280 heartbeat IPC: 2.646 cumulative IPC: 2.66 (Simulation time: 15 hr 35 min 15 sec)
Heartbeat CPU 31 instructions: 250000063 cycles: 79754768 heartbeat IPC: 2.777 cumulative IPC: 2.776 (Simulation time: 15 hr 36 min 13 sec)
Heartbeat CPU 0 instructions: 290000077 cycles: 79768014 heartbeat IPC: 3.494 cumulative IPC: 3.5 (Simulation time: 15 hr 36 min 23 sec)
Heartbeat CPU 7 instructions: 160000043 cycles: 79888421 heartbeat IPC: 1.448 cumulative IPC: 1.418 (Simulation time: 15 hr 37 min 50 sec)
Heartbeat CPU 30 instructions: 250000063 cycles: 80007697 heartbeat IPC: 2.765 cumulative IPC: 2.766 (Simulation time: 15 hr 39 min 17 sec)
Heartbeat CPU 26 instructions: 360000107 cycles: 80038133 heartbeat IPC: 4.011 cumulative IPC: 4.408 (Simulation time: 15 hr 39 min 39 sec)
Heartbeat CPU 4 instructions: 370000110 cycles: 80260260 heartbeat IPC: 4.554 cumulative IPC: 4.556 (Simulation time: 15 hr 42 min 15 sec)
Heartbeat CPU 27 instructions: 330000102 cycles: 80333583 heartbeat IPC: 4.035 cumulative IPC: 4.076 (Simulation time: 15 hr 43 min 05 sec)
Heartbeat CPU 25 instructions: 340000107 cycles: 80378617 heartbeat IPC: 4.585 cumulative IPC: 4.157 (Simulation time: 15 hr 43 min 36 sec)
Heartbeat CPU 14 instructions: 270000102 cycles: 80977771 heartbeat IPC: 3.089 cumulative IPC: 3.041 (Simulation time: 15 hr 50 min 33 sec)
Heartbeat CPU 8 instructions: 270000093 cycles: 81088023 heartbeat IPC: 3.06 cumulative IPC: 3.036 (Simulation time: 15 hr 51 min 51 sec)
Heartbeat CPU 16 instructions: 380000117 cycles: 81132827 heartbeat IPC: 4.661 cumulative IPC: 4.658 (Simulation time: 15 hr 52 min 23 sec)
Heartbeat CPU 23 instructions: 230000084 cycles: 81316007 heartbeat IPC: 2.609 cumulative IPC: 2.57 (Simulation time: 15 hr 54 min 33 sec)
Heartbeat CPU 6 instructions: 300000086 cycles: 81407780 heartbeat IPC: 3.55 cumulative IPC: 3.564 (Simulation time: 15 hr 55 min 38 sec)
Heartbeat CPU 28 instructions: 300000086 cycles: 81427727 heartbeat IPC: 3.55 cumulative IPC: 3.563 (Simulation time: 15 hr 55 min 52 sec)
Heartbeat CPU 29 instructions: 190000027 cycles: 81428415 heartbeat IPC: 1.82 cumulative IPC: 1.825 (Simulation time: 15 hr 55 min 52 sec)
Heartbeat CPU 12 instructions: 270000076 cycles: 81643350 heartbeat IPC: 3.399 cumulative IPC: 3.035 (Simulation time: 15 hr 58 min 23 sec)
Heartbeat CPU 1 instructions: 190000059 cycles: 81709338 heartbeat IPC: 1.893 cumulative IPC: 1.876 (Simulation time: 15 hr 59 min 08 sec)
Heartbeat CPU 17 instructions: 190000059 cycles: 81720033 heartbeat IPC: 1.892 cumulative IPC: 1.876 (Simulation time: 15 hr 59 min 15 sec)
Heartbeat CPU 18 instructions: 190000034 cycles: 81783929 heartbeat IPC: 1.918 cumulative IPC: 1.917 (Simulation time: 15 hr 59 min 59 sec)
Heartbeat CPU 21 instructions: 330000124 cycles: 81940216 heartbeat IPC: 3.606 cumulative IPC: 3.922 (Simulation time: 16 hr 01 min 49 sec)
Heartbeat CPU 3 instructions: 270000108 cycles: 82085475 heartbeat IPC: 3.134 cumulative IPC: 3.131 (Simulation time: 16 hr 03 min 30 sec)
Heartbeat CPU 9 instructions: 310000095 cycles: 82234727 heartbeat IPC: 3.446 cumulative IPC: 3.627 (Simulation time: 16 hr 05 min 15 sec)
Heartbeat CPU 4 instructions: 380000117 cycles: 82460144 heartbeat IPC: 4.546 cumulative IPC: 4.555 (Simulation time: 16 hr 07 min 56 sec)
Heartbeat CPU 25 instructions: 350000110 cycles: 82474991 heartbeat IPC: 4.77 cumulative IPC: 4.175 (Simulation time: 16 hr 08 min 07 sec)
Heartbeat CPU 0 instructions: 300000077 cycles: 82637620 heartbeat IPC: 3.485 cumulative IPC: 3.499 (Simulation time: 16 hr 10 min 03 sec)
Heartbeat CPU 19 instructions: 250000056 cycles: 82748057 heartbeat IPC: 2.622 cumulative IPC: 2.687 (Simulation time: 16 hr 11 min 21 sec)
Heartbeat CPU 27 instructions: 340000105 cycles: 82797598 heartbeat IPC: 4.058 cumulative IPC: 4.075 (Simulation time: 16 hr 11 min 56 sec)
Heartbeat CPU 16 instructions: 390000120 cycles: 83280641 heartbeat IPC: 4.656 cumulative IPC: 4.658 (Simulation time: 16 hr 17 min 42 sec)
Heartbeat CPU 31 instructions: 260000069 cycles: 83360644 heartbeat IPC: 2.773 cumulative IPC: 2.776 (Simulation time: 16 hr 18 min 38 sec)
Heartbeat CPU 15 instructions: 250000062 cycles: 83472905 heartbeat IPC: 2.633 cumulative IPC: 2.659 (Simulation time: 16 hr 19 min 59 sec)
Heartbeat CPU 30 instructions: 260000069 cycles: 83621269 heartbeat IPC: 2.767 cumulative IPC: 2.766 (Simulation time: 16 hr 21 min 46 sec)
Heartbeat CPU 20 instructions: 160000029 cycles: 83814521 heartbeat IPC: 1.327 cumulative IPC: 1.382 (Simulation time: 16 hr 24 min 04 sec)
Heartbeat CPU 24 instructions: 180000044 cycles: 84090168 heartbeat IPC: 1.64 cumulative IPC: 1.646 (Simulation time: 16 hr 27 min 21 sec)
Heartbeat CPU 6 instructions: 310000090 cycles: 84201989 heartbeat IPC: 3.579 cumulative IPC: 3.565 (Simulation time: 16 hr 28 min 42 sec)
Heartbeat CPU 28 instructions: 310000090 cycles: 84220675 heartbeat IPC: 3.58 cumulative IPC: 3.564 (Simulation time: 16 hr 28 min 55 sec)
Heartbeat CPU 14 instructions: 280000109 cycles: 84230299 heartbeat IPC: 3.075 cumulative IPC: 3.043 (Simulation time: 16 hr 29 min 02 sec)
Heartbeat CPU 8 instructions: 280000097 cycles: 84342379 heartbeat IPC: 3.073 cumulative IPC: 3.038 (Simulation time: 16 hr 30 min 23 sec)
Heartbeat CPU 21 instructions: 340000124 cycles: 84470246 heartbeat IPC: 3.953 cumulative IPC: 3.923 (Simulation time: 16 hr 31 min 55 sec)
Heartbeat CPU 26 instructions: 370000114 cycles: 84496584 heartbeat IPC: 2.243 cumulative IPC: 4.273 (Simulation time: 16 hr 32 min 15 sec)
Heartbeat CPU 25 instructions: 360000113 cycles: 84543337 heartbeat IPC: 4.835 cumulative IPC: 4.194 (Simulation time: 16 hr 32 min 48 sec)
Heartbeat CPU 12 instructions: 280000083 cycles: 84580887 heartbeat IPC: 3.404 cumulative IPC: 3.05 (Simulation time: 16 hr 33 min 16 sec)
Heartbeat CPU 4 instructions: 390000119 cycles: 84657029 heartbeat IPC: 4.552 cumulative IPC: 4.555 (Simulation time: 16 hr 34 min 11 sec)
Heartbeat CPU 5 instructions: 180000050 cycles: 84913565 heartbeat IPC: 0.9712 cumulative IPC: 1.705 (Simulation time: 16 hr 37 min 20 sec)
Heartbeat CPU 2 instructions: 190000041 cycles: 84999053 heartbeat IPC: 1.856 cumulative IPC: 1.849 (Simulation time: 16 hr 38 min 21 sec)
Heartbeat CPU 9 instructions: 320000095 cycles: 85093070 heartbeat IPC: 3.499 cumulative IPC: 3.621 (Simulation time: 16 hr 39 min 29 sec)
Heartbeat CPU 23 instructions: 240000089 cycles: 85154890 heartbeat IPC: 2.605 cumulative IPC: 2.571 (Simulation time: 16 hr 40 min 14 sec)
Simulation finished CPU 31 instructions: 200000001 cycles: 72047356 cumulative IPC: 2.776 (Simulation time: 16 hr 40 min 47 sec)
Heartbeat CPU 27 instructions: 350000111 cycles: 85202223 heartbeat IPC: 4.159 cumulative IPC: 4.078 (Simulation time: 16 hr 40 min 48 sec)
Heartbeat CPU 3 instructions: 280000114 cycles: 85276251 heartbeat IPC: 3.134 cumulative IPC: 3.132 (Simulation time: 16 hr 41 min 41 sec)
Heartbeat CPU 13 instructions: 130000016 cycles: 85317352 heartbeat IPC: 1.232 cumulative IPC: 1.043 (Simulation time: 16 hr 42 min 10 sec)
Heartbeat CPU 16 instructions: 400000122 cycles: 85428467 heartbeat IPC: 4.656 cumulative IPC: 4.658 (Simulation time: 16 hr 43 min 30 sec)
Simulation finished CPU 30 instructions: 200000005 cycles: 72316657 cumulative IPC: 2.766 (Simulation time: 16 hr 44 min 00 sec)
Heartbeat CPU 0 instructions: 310000079 cycles: 85499947 heartbeat IPC: 3.494 cumulative IPC: 3.499 (Simulation time: 16 hr 44 min 21 sec)
Heartbeat CPU 11 instructions: 160000057 cycles: 85537691 heartbeat IPC: 1.703 cumulative IPC: 1.52 (Simulation time: 16 hr 44 min 48 sec)
Heartbeat CPU 10 instructions: 140000037 cycles: 86114003 heartbeat IPC: 1.274 cumulative IPC: 1.183 (Simulation time: 16 hr 51 min 41 sec)
Heartbeat CPU 19 instructions: 260000059 cycles: 86254713 heartbeat IPC: 2.852 cumulative IPC: 2.695 (Simulation time: 16 hr 53 min 22 sec)
Heartbeat CPU 25 instructions: 370000115 cycles: 86607852 heartbeat IPC: 4.844 cumulative IPC: 4.213 (Simulation time: 16 hr 57 min 36 sec)
Heartbeat CPU 22 instructions: 140000037 cycles: 86621725 heartbeat IPC: 1.272 cumulative IPC: 1.175 (Simulation time: 16 hr 57 min 46 sec)
Heartbeat CPU 7 instructions: 170000045 cycles: 86779116 heartbeat IPC: 1.451 cumulative IPC: 1.421 (Simulation time: 16 hr 59 min 37 sec)
Heartbeat CPU 21 instructions: 350000130 cycles: 86850777 heartbeat IPC: 4.201 cumulative IPC: 3.932 (Simulation time: 17 hr 00 min 28 sec)
Heartbeat CPU 4 instructions: 400000123 cycles: 86852318 heartbeat IPC: 4.555 cumulative IPC: 4.555 (Simulation time: 17 hr 00 min 29 sec)
Heartbeat CPU 29 instructions: 200000030 cycles: 86879169 heartbeat IPC: 1.835 cumulative IPC: 1.826 (Simulation time: 17 hr 00 min 49 sec)
Heartbeat CPU 31 instructions: 270000071 cycles: 86964211 heartbeat IPC: 2.775 cumulative IPC: 2.776 (Simulation time: 17 hr 01 min 47 sec)
Heartbeat CPU 6 instructions: 320000095 cycles: 87016257 heartbeat IPC: 3.553 cumulative IPC: 3.564 (Simulation time: 17 hr 02 min 23 sec)
Heartbeat CPU 28 instructions: 320000095 cycles: 87034126 heartbeat IPC: 3.554 cumulative IPC: 3.563 (Simulation time: 17 hr 02 min 36 sec)
Heartbeat CPU 1 instructions: 200000061 cycles: 87039367 heartbeat IPC: 1.876 cumulative IPC: 1.876 (Simulation time: 17 hr 02 min 40 sec)
Heartbeat CPU 17 instructions: 200000061 cycles: 87049347 heartbeat IPC: 1.876 cumulative IPC: 1.876 (Simulation time: 17 hr 02 min 47 sec)
Heartbeat CPU 15 instructions: 260000064 cycles: 87206082 heartbeat IPC: 2.679 cumulative IPC: 2.66 (Simulation time: 17 hr 04 min 36 sec)
Simulation finished CPU 19 instructions: 200000001 cycles: 74079266 cumulative IPC: 2.7 (Simulation time: 17 hr 04 min 54 sec)
Heartbeat CPU 30 instructions: 270000071 cycles: 87238652 heartbeat IPC: 2.764 cumulative IPC: 2.766 (Simulation time: 17 hr 04 min 58 sec)
Heartbeat CPU 12 instructions: 290000089 cycles: 87524830 heartbeat IPC: 3.397 cumulative IPC: 3.064 (Simulation time: 17 hr 08 min 18 sec)
Heartbeat CPU 14 instructions: 290000110 cycles: 87528816 heartbeat IPC: 3.032 cumulative IPC: 3.042 (Simulation time: 17 hr 08 min 21 sec)
Heartbeat CPU 16 instructions: 410000122 cycles: 87575709 heartbeat IPC: 4.657 cumulative IPC: 4.658 (Simulation time: 17 hr 08 min 54 sec)
Heartbeat CPU 8 instructions: 290000103 cycles: 87630350 heartbeat IPC: 3.041 cumulative IPC: 3.038 (Simulation time: 17 hr 09 min 33 sec)
Heartbeat CPU 18 instructions: 200000034 cycles: 87836280 heartbeat IPC: 1.652 cumulative IPC: 1.896 (Simulation time: 17 hr 11 min 57 sec)
Heartbeat CPU 9 instructions: 330000098 cycles: 87913520 heartbeat IPC: 3.546 cumulative IPC: 3.619 (Simulation time: 17 hr 12 min 50 sec)
Heartbeat CPU 26 instructions: 380000119 cycles: 88028984 heartbeat IPC: 2.831 cumulative IPC: 4.205 (Simulation time: 17 hr 14 min 12 sec)
Heartbeat CPU 27 instructions: 360000112 cycles: 88150300 heartbeat IPC: 3.392 cumulative IPC: 4.051 (Simulation time: 17 hr 15 min 37 sec)
Simulation finished CPU 15 instructions: 200000000 cycles: 75206029 cumulative IPC: 2.659 (Simulation time: 17 hr 18 min 05 sec)
Heartbeat CPU 0 instructions: 320000081 cycles: 88375862 heartbeat IPC: 3.477 cumulative IPC: 3.498 (Simulation time: 17 hr 18 min 17 sec)
Heartbeat CPU 3 instructions: 290000117 cycles: 88467040 heartbeat IPC: 3.134 cumulative IPC: 3.132 (Simulation time: 17 hr 19 min 21 sec)
Heartbeat CPU 25 instructions: 380000115 cycles: 88679014 heartbeat IPC: 4.828 cumulative IPC: 4.23 (Simulation time: 17 hr 21 min 47 sec)
Heartbeat CPU 23 instructions: 250000091 cycles: 88940784 heartbeat IPC: 2.641 cumulative IPC: 2.575 (Simulation time: 17 hr 24 min 47 sec)
Heartbeat CPU 4 instructions: 410000123 cycles: 89059727 heartbeat IPC: 4.53 cumulative IPC: 4.555 (Simulation time: 17 hr 26 min 11 sec)
Heartbeat CPU 21 instructions: 360000133 cycles: 89540525 heartbeat IPC: 3.718 cumulative IPC: 3.925 (Simulation time: 17 hr 31 min 45 sec)
Heartbeat CPU 16 instructions: 420000127 cycles: 89724123 heartbeat IPC: 4.655 cumulative IPC: 4.658 (Simulation time: 17 hr 33 min 54 sec)
Heartbeat CPU 6 instructions: 330000096 cycles: 89845076 heartbeat IPC: 3.535 cumulative IPC: 3.563 (Simulation time: 17 hr 35 min 19 sec)
Heartbeat CPU 28 instructions: 330000096 cycles: 89864187 heartbeat IPC: 3.533 cumulative IPC: 3.562 (Simulation time: 17 hr 35 min 33 sec)
Heartbeat CPU 19 instructions: 270000059 cycles: 90065573 heartbeat IPC: 2.624 cumulative IPC: 2.691 (Simulation time: 17 hr 37 min 59 sec)
Heartbeat CPU 24 instructions: 190000050 cycles: 90208119 heartbeat IPC: 1.635 cumulative IPC: 1.645 (Simulation time: 17 hr 39 min 41 sec)
Simulation finished CPU 23 instructions: 200000001 cycles: 77108704 cumulative IPC: 2.594 (Simulation time: 17 hr 40 min 20 sec)
Heartbeat CPU 2 instructions: 200000041 cycles: 90465926 heartbeat IPC: 1.829 cumulative IPC: 1.848 (Simulation time: 17 hr 42 min 45 sec)
Heartbeat CPU 12 instructions: 300000090 cycles: 90469139 heartbeat IPC: 3.396 cumulative IPC: 3.076 (Simulation time: 17 hr 42 min 47 sec)
Heartbeat CPU 31 instructions: 280000074 cycles: 90571915 heartbeat IPC: 2.772 cumulative IPC: 2.776 (Simulation time: 17 hr 44 min 00 sec)
Heartbeat CPU 14 instructions: 300000111 cycles: 90792518 heartbeat IPC: 3.064 cumulative IPC: 3.043 (Simulation time: 17 hr 46 min 35 sec)
Heartbeat CPU 9 instructions: 340000098 cycles: 90841765 heartbeat IPC: 3.415 cumulative IPC: 3.611 (Simulation time: 17 hr 47 min 10 sec)
Heartbeat CPU 30 instructions: 280000074 cycles: 90859144 heartbeat IPC: 2.762 cumulative IPC: 2.765 (Simulation time: 17 hr 47 min 22 sec)
Heartbeat CPU 8 instructions: 300000103 cycles: 90885747 heartbeat IPC: 3.072 cumulative IPC: 3.04 (Simulation time: 17 hr 47 min 41 sec)
Heartbeat CPU 25 instructions: 390000117 cycles: 90924761 heartbeat IPC: 4.453 cumulative IPC: 4.236 (Simulation time: 17 hr 48 min 09 sec)
Heartbeat CPU 20 instructions: 170000029 cycles: 90941516 heartbeat IPC: 1.403 cumulative IPC: 1.384 (Simulation time: 17 hr 48 min 20 sec)
Heartbeat CPU 26 instructions: 390000120 cycles: 90968786 heartbeat IPC: 3.402 cumulative IPC: 4.175 (Simulation time: 17 hr 48 min 39 sec)
Heartbeat CPU 27 instructions: 370000112 cycles: 91005279 heartbeat IPC: 3.503 cumulative IPC: 4.031 (Simulation time: 17 hr 49 min 05 sec)
Heartbeat CPU 15 instructions: 270000064 cycles: 91213406 heartbeat IPC: 2.495 cumulative IPC: 2.652 (Simulation time: 17 hr 51 min 31 sec)
Heartbeat CPU 0 instructions: 330000088 cycles: 91235320 heartbeat IPC: 3.497 cumulative IPC: 3.498 (Simulation time: 17 hr 51 min 46 sec)
Heartbeat CPU 4 instructions: 420000127 cycles: 91257308 heartbeat IPC: 4.55 cumulative IPC: 4.554 (Simulation time: 17 hr 52 min 01 sec)
Heartbeat CPU 3 instructions: 300000119 cycles: 91674604 heartbeat IPC: 3.118 cumulative IPC: 3.131 (Simulation time: 17 hr 56 min 54 sec)
Heartbeat CPU 16 instructions: 430000133 cycles: 91871109 heartbeat IPC: 4.658 cumulative IPC: 4.658 (Simulation time: 17 hr 59 min 12 sec)
Heartbeat CPU 21 instructions: 370000136 cycles: 92006792 heartbeat IPC: 4.055 cumulative IPC: 3.929 (Simulation time: 18 hr 00 min 48 sec)
Heartbeat CPU 11 instructions: 170000057 cycles: 92276947 heartbeat IPC: 1.484 cumulative IPC: 1.517 (Simulation time: 18 hr 03 min 54 sec)
Heartbeat CPU 29 instructions: 210000033 cycles: 92372131 heartbeat IPC: 1.821 cumulative IPC: 1.826 (Simulation time: 18 hr 04 min 58 sec)
Heartbeat CPU 1 instructions: 210000063 cycles: 92380895 heartbeat IPC: 1.872 cumulative IPC: 1.876 (Simulation time: 18 hr 05 min 04 sec)
Heartbeat CPU 17 instructions: 210000063 cycles: 92390084 heartbeat IPC: 1.872 cumulative IPC: 1.876 (Simulation time: 18 hr 05 min 11 sec)
Heartbeat CPU 6 instructions: 340000096 cycles: 92669612 heartbeat IPC: 3.54 cumulative IPC: 3.562 (Simulation time: 18 hr 08 min 25 sec)
Heartbeat CPU 28 instructions: 340000096 cycles: 92685848 heartbeat IPC: 3.544 cumulative IPC: 3.562 (Simulation time: 18 hr 08 min 37 sec)
Heartbeat CPU 23 instructions: 260000095 cycles: 92779484 heartbeat IPC: 2.605 cumulative IPC: 2.576 (Simulation time: 18 hr 09 min 43 sec)
Heartbeat CPU 25 instructions: 400000121 cycles: 93167240 heartbeat IPC: 4.459 cumulative IPC: 4.242 (Simulation time: 18 hr 14 min 18 sec)
Heartbeat CPU 12 instructions: 310000096 cycles: 93408687 heartbeat IPC: 3.402 cumulative IPC: 3.088 (Simulation time: 18 hr 17 min 06 sec)
Heartbeat CPU 4 instructions: 430000133 cycles: 93455409 heartbeat IPC: 4.549 cumulative IPC: 4.554 (Simulation time: 18 hr 17 min 39 sec)
Heartbeat CPU 27 instructions: 380000112 cycles: 93515617 heartbeat IPC: 3.984 cumulative IPC: 4.029 (Simulation time: 18 hr 18 min 21 sec)
Heartbeat CPU 19 instructions: 280000065 cycles: 93693392 heartbeat IPC: 2.756 cumulative IPC: 2.694 (Simulation time: 18 hr 20 min 26 sec)
Heartbeat CPU 7 instructions: 180000047 cycles: 93694199 heartbeat IPC: 1.446 cumulative IPC: 1.423 (Simulation time: 18 hr 20 min 27 sec)
Heartbeat CPU 9 instructions: 350000101 cycles: 93750702 heartbeat IPC: 3.438 cumulative IPC: 3.605 (Simulation time: 18 hr 21 min 07 sec)
Heartbeat CPU 10 instructions: 150000037 cycles: 93807028 heartbeat IPC: 1.3 cumulative IPC: 1.194 (Simulation time: 18 hr 21 min 47 sec)
Heartbeat CPU 26 instructions: 400000122 cycles: 93861459 heartbeat IPC: 3.457 cumulative IPC: 4.149 (Simulation time: 18 hr 22 min 24 sec)
Heartbeat CPU 16 instructions: 440000138 cycles: 94018994 heartbeat IPC: 4.656 cumulative IPC: 4.657 (Simulation time: 18 hr 24 min 14 sec)
Heartbeat CPU 0 instructions: 340000091 cycles: 94088314 heartbeat IPC: 3.505 cumulative IPC: 3.498 (Simulation time: 18 hr 25 min 03 sec)
Heartbeat CPU 14 instructions: 310000117 cycles: 94122837 heartbeat IPC: 3.003 cumulative IPC: 3.042 (Simulation time: 18 hr 25 min 27 sec)
Heartbeat CPU 31 instructions: 290000076 cycles: 94175716 heartbeat IPC: 2.775 cumulative IPC: 2.776 (Simulation time: 18 hr 26 min 03 sec)
Heartbeat CPU 8 instructions: 310000104 cycles: 94211162 heartbeat IPC: 3.007 cumulative IPC: 3.038 (Simulation time: 18 hr 26 min 28 sec)
Heartbeat CPU 18 instructions: 210000035 cycles: 94268396 heartbeat IPC: 1.555 cumulative IPC: 1.869 (Simulation time: 18 hr 27 min 07 sec)
Heartbeat CPU 22 instructions: 150000037 cycles: 94298936 heartbeat IPC: 1.303 cumulative IPC: 1.187 (Simulation time: 18 hr 27 min 28 sec)
Heartbeat CPU 21 instructions: 380000141 cycles: 94439270 heartbeat IPC: 4.111 cumulative IPC: 3.934 (Simulation time: 18 hr 29 min 06 sec)
Heartbeat CPU 30 instructions: 290000076 cycles: 94474664 heartbeat IPC: 2.766 cumulative IPC: 2.765 (Simulation time: 18 hr 29 min 30 sec)
Heartbeat CPU 3 instructions: 310000120 cycles: 94906743 heartbeat IPC: 3.094 cumulative IPC: 3.13 (Simulation time: 18 hr 34 min 30 sec)
Heartbeat CPU 15 instructions: 280000064 cycles: 95181147 heartbeat IPC: 2.52 cumulative IPC: 2.645 (Simulation time: 18 hr 37 min 43 sec)
Heartbeat CPU 13 instructions: 140000017 cycles: 95203835 heartbeat IPC: 1.011 cumulative IPC: 1.039 (Simulation time: 18 hr 37 min 59 sec)
Heartbeat CPU 25 instructions: 410000125 cycles: 95378030 heartbeat IPC: 4.523 cumulative IPC: 4.25 (Simulation time: 18 hr 40 min 02 sec)
Heartbeat CPU 6 instructions: 350000096 cycles: 95496087 heartbeat IPC: 3.538 cumulative IPC: 3.562 (Simulation time: 18 hr 41 min 24 sec)
Heartbeat CPU 28 instructions: 350000096 cycles: 95511587 heartbeat IPC: 3.539 cumulative IPC: 3.561 (Simulation time: 18 hr 41 min 35 sec)
Heartbeat CPU 4 instructions: 440000139 cycles: 95639947 heartbeat IPC: 4.578 cumulative IPC: 4.555 (Simulation time: 18 hr 43 min 06 sec)
Heartbeat CPU 2 instructions: 210000046 cycles: 95897057 heartbeat IPC: 1.841 cumulative IPC: 1.847 (Simulation time: 18 hr 46 min 08 sec)
Heartbeat CPU 27 instructions: 390000112 cycles: 95992304 heartbeat IPC: 4.038 cumulative IPC: 4.03 (Simulation time: 18 hr 47 min 14 sec)
Heartbeat CPU 16 instructions: 450000143 cycles: 96165046 heartbeat IPC: 4.66 cumulative IPC: 4.658 (Simulation time: 18 hr 49 min 14 sec)
Heartbeat CPU 24 instructions: 200000050 cycles: 96252990 heartbeat IPC: 1.654 cumulative IPC: 1.646 (Simulation time: 18 hr 50 min 16 sec)
Heartbeat CPU 12 instructions: 320000097 cycles: 96348912 heartbeat IPC: 3.401 cumulative IPC: 3.099 (Simulation time: 18 hr 51 min 22 sec)
Heartbeat CPU 9 instructions: 360000101 cycles: 96438330 heartbeat IPC: 3.721 cumulative IPC: 3.608 (Simulation time: 18 hr 52 min 25 sec)
Heartbeat CPU 26 instructions: 410000126 cycles: 96764113 heartbeat IPC: 3.445 cumulative IPC: 4.125 (Simulation time: 18 hr 56 min 09 sec)
Heartbeat CPU 21 instructions: 390000147 cycles: 96833927 heartbeat IPC: 4.176 cumulative IPC: 3.941 (Simulation time: 18 hr 56 min 57 sec)
Heartbeat CPU 0 instructions: 350000096 cycles: 96922228 heartbeat IPC: 3.529 cumulative IPC: 3.499 (Simulation time: 18 hr 57 min 59 sec)
Heartbeat CPU 19 instructions: 290000065 cycles: 97018870 heartbeat IPC: 3.007 cumulative IPC: 2.707 (Simulation time: 18 hr 59 min 03 sec)
Heartbeat CPU 23 instructions: 270000096 cycles: 97075608 heartbeat IPC: 2.328 cumulative IPC: 2.564 (Simulation time: 18 hr 59 min 41 sec)
Heartbeat CPU 5 instructions: 190000055 cycles: 97426400 heartbeat IPC: 0.7992 cumulative IPC: 1.57 (Simulation time: 19 hr 03 min 37 sec)
Heartbeat CPU 14 instructions: 320000117 cycles: 97484441 heartbeat IPC: 2.975 cumulative IPC: 3.039 (Simulation time: 19 hr 04 min 16 sec)
Heartbeat CPU 25 instructions: 420000125 cycles: 97562681 heartbeat IPC: 4.577 cumulative IPC: 4.258 (Simulation time: 19 hr 05 min 09 sec)
Heartbeat CPU 8 instructions: 320000105 cycles: 97576221 heartbeat IPC: 2.972 cumulative IPC: 3.036 (Simulation time: 19 hr 05 min 19 sec)
Heartbeat CPU 1 instructions: 220000067 cycles: 97701064 heartbeat IPC: 1.88 cumulative IPC: 1.876 (Simulation time: 19 hr 06 min 43 sec)
Heartbeat CPU 17 instructions: 220000067 cycles: 97712321 heartbeat IPC: 1.879 cumulative IPC: 1.876 (Simulation time: 19 hr 06 min 51 sec)
Heartbeat CPU 31 instructions: 300000079 cycles: 97774668 heartbeat IPC: 2.779 cumulative IPC: 2.776 (Simulation time: 19 hr 07 min 33 sec)
Heartbeat CPU 29 instructions: 220000038 cycles: 97824612 heartbeat IPC: 1.834 cumulative IPC: 1.826 (Simulation time: 19 hr 08 min 06 sec)
Heartbeat CPU 4 instructions: 450000145 cycles: 97836543 heartbeat IPC: 4.553 cumulative IPC: 4.555 (Simulation time: 19 hr 08 min 14 sec)
Heartbeat CPU 11 instructions: 180000057 cycles: 98033894 heartbeat IPC: 1.737 cumulative IPC: 1.532 (Simulation time: 19 hr 10 min 21 sec)
Heartbeat CPU 30 instructions: 300000079 cycles: 98086870 heartbeat IPC: 2.768 cumulative IPC: 2.766 (Simulation time: 19 hr 10 min 57 sec)
Heartbeat CPU 3 instructions: 320000121 cycles: 98103406 heartbeat IPC: 3.128 cumulative IPC: 3.13 (Simulation time: 19 hr 11 min 08 sec)
Heartbeat CPU 16 instructions: 460000144 cycles: 98312038 heartbeat IPC: 4.658 cumulative IPC: 4.658 (Simulation time: 19 hr 13 min 28 sec)
Heartbeat CPU 6 instructions: 360000102 cycles: 98332930 heartbeat IPC: 3.525 cumulative IPC: 3.56 (Simulation time: 19 hr 13 min 42 sec)
Heartbeat CPU 28 instructions: 360000102 cycles: 98350712 heartbeat IPC: 3.522 cumulative IPC: 3.56 (Simulation time: 19 hr 13 min 54 sec)
Heartbeat CPU 27 instructions: 400000117 cycles: 98434188 heartbeat IPC: 4.095 cumulative IPC: 4.032 (Simulation time: 19 hr 14 min 51 sec)
Heartbeat CPU 20 instructions: 180000029 cycles: 98650215 heartbeat IPC: 1.297 cumulative IPC: 1.376 (Simulation time: 19 hr 17 min 14 sec)
Heartbeat CPU 15 instructions: 290000064 cycles: 99108424 heartbeat IPC: 2.546 cumulative IPC: 2.641 (Simulation time: 19 hr 22 min 20 sec)
Heartbeat CPU 9 instructions: 370000101 cycles: 99256371 heartbeat IPC: 3.549 cumulative IPC: 3.606 (Simulation time: 19 hr 24 min 00 sec)
Heartbeat CPU 12 instructions: 330000100 cycles: 99289967 heartbeat IPC: 3.4 cumulative IPC: 3.11 (Simulation time: 19 hr 24 min 23 sec)
Heartbeat CPU 21 instructions: 400000148 cycles: 99414028 heartbeat IPC: 3.876 cumulative IPC: 3.939 (Simulation time: 19 hr 25 min 44 sec)
Heartbeat CPU 26 instructions: 420000129 cycles: 99541925 heartbeat IPC: 3.6 cumulative IPC: 4.108 (Simulation time: 19 hr 27 min 06 sec)
Heartbeat CPU 18 instructions: 220000040 cycles: 99631450 heartbeat IPC: 1.865 cumulative IPC: 1.868 (Simulation time: 19 hr 28 min 04 sec)
Heartbeat CPU 25 instructions: 430000131 cycles: 99725286 heartbeat IPC: 4.624 cumulative IPC: 4.267 (Simulation time: 19 hr 29 min 04 sec)
Heartbeat CPU 0 instructions: 360000098 cycles: 99757107 heartbeat IPC: 3.527 cumulative IPC: 3.5 (Simulation time: 19 hr 29 min 24 sec)
Heartbeat CPU 4 instructions: 460000145 cycles: 100035132 heartbeat IPC: 4.548 cumulative IPC: 4.555 (Simulation time: 19 hr 32 min 24 sec)
Heartbeat CPU 16 instructions: 470000145 cycles: 100460010 heartbeat IPC: 4.656 cumulative IPC: 4.657 (Simulation time: 19 hr 36 min 53 sec)
Heartbeat CPU 19 instructions: 300000070 cycles: 100523791 heartbeat IPC: 2.853 cumulative IPC: 2.713 (Simulation time: 19 hr 37 min 35 sec)
Heartbeat CPU 7 instructions: 190000047 cycles: 100646523 heartbeat IPC: 1.438 cumulative IPC: 1.425 (Simulation time: 19 hr 38 min 51 sec)
Heartbeat CPU 23 instructions: 280000097 cycles: 100821340 heartbeat IPC: 2.67 cumulative IPC: 2.568 (Simulation time: 19 hr 40 min 41 sec)
Heartbeat CPU 27 instructions: 410000121 cycles: 100837162 heartbeat IPC: 4.162 cumulative IPC: 4.035 (Simulation time: 19 hr 40 min 51 sec)
Heartbeat CPU 10 instructions: 160000037 cycles: 100885710 heartbeat IPC: 1.413 cumulative IPC: 1.212 (Simulation time: 19 hr 41 min 21 sec)
Heartbeat CPU 14 instructions: 330000118 cycles: 100946393 heartbeat IPC: 2.889 cumulative IPC: 3.033 (Simulation time: 19 hr 42 min 00 sec)
Heartbeat CPU 8 instructions: 330000105 cycles: 101030743 heartbeat IPC: 2.895 cumulative IPC: 3.03 (Simulation time: 19 hr 42 min 53 sec)
Heartbeat CPU 6 instructions: 370000106 cycles: 101136735 heartbeat IPC: 3.567 cumulative IPC: 3.56 (Simulation time: 19 hr 43 min 59 sec)
Heartbeat CPU 28 instructions: 370000106 cycles: 101155243 heartbeat IPC: 3.566 cumulative IPC: 3.56 (Simulation time: 19 hr 44 min 11 sec)
Heartbeat CPU 3 instructions: 330000125 cycles: 101294184 heartbeat IPC: 3.134 cumulative IPC: 3.13 (Simulation time: 19 hr 45 min 37 sec)
Heartbeat CPU 2 instructions: 220000048 cycles: 101334252 heartbeat IPC: 1.839 cumulative IPC: 1.847 (Simulation time: 19 hr 46 min 03 sec)
Heartbeat CPU 22 instructions: 160000037 cycles: 101376964 heartbeat IPC: 1.413 cumulative IPC: 1.205 (Simulation time: 19 hr 46 min 30 sec)
Heartbeat CPU 31 instructions: 310000083 cycles: 101377433 heartbeat IPC: 2.776 cumulative IPC: 2.776 (Simulation time: 19 hr 46 min 31 sec)
Heartbeat CPU 30 instructions: 310000083 cycles: 101700548 heartbeat IPC: 2.767 cumulative IPC: 2.766 (Simulation time: 19 hr 49 min 59 sec)
Heartbeat CPU 25 instructions: 440000135 cycles: 101874544 heartbeat IPC: 4.653 cumulative IPC: 4.277 (Simulation time: 19 hr 51 min 52 sec)
Heartbeat CPU 21 instructions: 410000150 cycles: 102066834 heartbeat IPC: 3.77 cumulative IPC: 3.934 (Simulation time: 19 hr 53 min 56 sec)
Heartbeat CPU 4 instructions: 470000147 cycles: 102228468 heartbeat IPC: 4.559 cumulative IPC: 4.555 (Simulation time: 19 hr 55 min 40 sec)
Heartbeat CPU 12 instructions: 340000103 cycles: 102229904 heartbeat IPC: 3.401 cumulative IPC: 3.119 (Simulation time: 19 hr 55 min 41 sec)
Heartbeat CPU 9 instructions: 380000104 cycles: 102243049 heartbeat IPC: 3.348 cumulative IPC: 3.598 (Simulation time: 19 hr 55 min 50 sec)
Heartbeat CPU 24 instructions: 210000053 cycles: 102286021 heartbeat IPC: 1.658 cumulative IPC: 1.647 (Simulation time: 19 hr 56 min 18 sec)
Heartbeat CPU 26 instructions: 430000131 cycles: 102408657 heartbeat IPC: 3.488 cumulative IPC: 4.088 (Simulation time: 19 hr 57 min 37 sec)
Heartbeat CPU 0 instructions: 370000104 cycles: 102592446 heartbeat IPC: 3.527 cumulative IPC: 3.501 (Simulation time: 19 hr 59 min 36 sec)
Heartbeat CPU 16 instructions: 480000151 cycles: 102605526 heartbeat IPC: 4.661 cumulative IPC: 4.658 (Simulation time: 19 hr 59 min 45 sec)
Heartbeat CPU 15 instructions: 300000066 cycles: 103014309 heartbeat IPC: 2.56 cumulative IPC: 2.637 (Simulation time: 20 hr 04 min 12 sec)
Heartbeat CPU 1 instructions: 230000070 cycles: 103025102 heartbeat IPC: 1.878 cumulative IPC: 1.876 (Simulation time: 20 hr 04 min 19 sec)
Heartbeat CPU 17 instructions: 230000070 cycles: 103036002 heartbeat IPC: 1.878 cumulative IPC: 1.876 (Simulation time: 20 hr 04 min 26 sec)
Heartbeat CPU 27 instructions: 420000128 cycles: 103237254 heartbeat IPC: 4.167 cumulative IPC: 4.039 (Simulation time: 20 hr 06 min 33 sec)
Heartbeat CPU 29 instructions: 230000039 cycles: 103309236 heartbeat IPC: 1.823 cumulative IPC: 1.826 (Simulation time: 20 hr 07 min 18 sec)
Heartbeat CPU 19 instructions: 310000074 cycles: 103787386 heartbeat IPC: 3.064 cumulative IPC: 2.725 (Simulation time: 20 hr 12 min 19 sec)
Heartbeat CPU 6 instructions: 380000108 cycles: 103954037 heartbeat IPC: 3.549 cumulative IPC: 3.56 (Simulation time: 20 hr 14 min 04 sec)
Heartbeat CPU 28 instructions: 380000108 cycles: 103974334 heartbeat IPC: 3.547 cumulative IPC: 3.559 (Simulation time: 20 hr 14 min 17 sec)
Heartbeat CPU 25 instructions: 450000140 cycles: 104048457 heartbeat IPC: 4.6 cumulative IPC: 4.284 (Simulation time: 20 hr 15 min 04 sec)
Heartbeat CPU 14 instructions: 340000125 cycles: 104282025 heartbeat IPC: 2.998 cumulative IPC: 3.032 (Simulation time: 20 hr 17 min 36 sec)
Heartbeat CPU 8 instructions: 340000107 cycles: 104367290 heartbeat IPC: 2.997 cumulative IPC: 3.029 (Simulation time: 20 hr 18 min 31 sec)
Heartbeat CPU 4 instructions: 480000150 cycles: 104429749 heartbeat IPC: 4.543 cumulative IPC: 4.554 (Simulation time: 20 hr 19 min 12 sec)
Heartbeat CPU 11 instructions: 190000060 cycles: 104471511 heartbeat IPC: 1.553 cumulative IPC: 1.533 (Simulation time: 20 hr 19 min 39 sec)
Heartbeat CPU 3 instructions: 340000132 cycles: 104485039 heartbeat IPC: 3.134 cumulative IPC: 3.13 (Simulation time: 20 hr 19 min 48 sec)
Heartbeat CPU 21 instructions: 420000152 cycles: 104565057 heartbeat IPC: 4.003 cumulative IPC: 3.936 (Simulation time: 20 hr 20 min 41 sec)
Heartbeat CPU 16 instructions: 490000154 cycles: 104751961 heartbeat IPC: 4.659 cumulative IPC: 4.658 (Simulation time: 20 hr 22 min 41 sec)
Heartbeat CPU 18 instructions: 230000041 cycles: 104967047 heartbeat IPC: 1.874 cumulative IPC: 1.869 (Simulation time: 20 hr 25 min 01 sec)
Heartbeat CPU 31 instructions: 320000086 cycles: 104978647 heartbeat IPC: 2.777 cumulative IPC: 2.776 (Simulation time: 20 hr 25 min 09 sec)
Heartbeat CPU 23 instructions: 290000097 cycles: 104987962 heartbeat IPC: 2.4 cumulative IPC: 2.561 (Simulation time: 20 hr 25 min 15 sec)
Heartbeat CPU 9 instructions: 390000106 cycles: 104996369 heartbeat IPC: 3.632 cumulative IPC: 3.599 (Simulation time: 20 hr 25 min 21 sec)
Heartbeat CPU 12 instructions: 350000106 cycles: 105170749 heartbeat IPC: 3.4 cumulative IPC: 3.128 (Simulation time: 20 hr 27 min 13 sec)
Heartbeat CPU 26 instructions: 440000136 cycles: 105287302 heartbeat IPC: 3.474 cumulative IPC: 4.069 (Simulation time: 20 hr 28 min 29 sec)
Heartbeat CPU 30 instructions: 320000086 cycles: 105315876 heartbeat IPC: 2.766 cumulative IPC: 2.766 (Simulation time: 20 hr 28 min 47 sec)
Heartbeat CPU 0 instructions: 380000110 cycles: 105445748 heartbeat IPC: 3.505 cumulative IPC: 3.501 (Simulation time: 20 hr 30 min 11 sec)
Heartbeat CPU 27 instructions: 430000134 cycles: 105631212 heartbeat IPC: 4.177 cumulative IPC: 4.042 (Simulation time: 20 hr 32 min 12 sec)
Heartbeat CPU 20 instructions: 190000029 cycles: 105795207 heartbeat IPC: 1.4 cumulative IPC: 1.378 (Simulation time: 20 hr 33 min 59 sec)
Heartbeat CPU 13 instructions: 150000023 cycles: 106113000 heartbeat IPC: 0.9167 cumulative IPC: 1.024 (Simulation time: 20 hr 37 min 26 sec)
Heartbeat CPU 25 instructions: 460000143 cycles: 106229361 heartbeat IPC: 4.585 cumulative IPC: 4.292 (Simulation time: 20 hr 38 min 43 sec)
Heartbeat CPU 4 instructions: 490000153 cycles: 106634530 heartbeat IPC: 4.536 cumulative IPC: 4.554 (Simulation time: 20 hr 43 min 04 sec)
Heartbeat CPU 6 instructions: 390000115 cycles: 106758159 heartbeat IPC: 3.566 cumulative IPC: 3.56 (Simulation time: 20 hr 44 min 25 sec)
Heartbeat CPU 28 instructions: 390000115 cycles: 106776860 heartbeat IPC: 3.568 cumulative IPC: 3.56 (Simulation time: 20 hr 44 min 37 sec)
Heartbeat CPU 15 instructions: 310000073 cycles: 106784860 heartbeat IPC: 2.652 cumulative IPC: 2.638 (Simulation time: 20 hr 44 min 42 sec)
Heartbeat CPU 2 instructions: 230000048 cycles: 106794491 heartbeat IPC: 1.831 cumulative IPC: 1.846 (Simulation time: 20 hr 44 min 48 sec)
Heartbeat CPU 16 instructions: 500000155 cycles: 106899567 heartbeat IPC: 4.656 cumulative IPC: 4.658 (Simulation time: 20 hr 45 min 54 sec)
Heartbeat CPU 19 instructions: 320000074 cycles: 107051241 heartbeat IPC: 3.064 cumulative IPC: 2.737 (Simulation time: 20 hr 47 min 31 sec)
Heartbeat CPU 21 instructions: 430000158 cycles: 107075790 heartbeat IPC: 3.983 cumulative IPC: 3.937 (Simulation time: 20 hr 47 min 47 sec)
Heartbeat CPU 7 instructions: 200000047 cycles: 107574760 heartbeat IPC: 1.443 cumulative IPC: 1.426 (Simulation time: 20 hr 53 min 05 sec)
Heartbeat CPU 14 instructions: 350000131 cycles: 107632388 heartbeat IPC: 2.985 cumulative IPC: 3.03 (Simulation time: 20 hr 53 min 42 sec)
Heartbeat CPU 3 instructions: 350000139 cycles: 107675813 heartbeat IPC: 3.134 cumulative IPC: 3.13 (Simulation time: 20 hr 54 min 10 sec)
Heartbeat CPU 8 instructions: 350000111 cycles: 107714987 heartbeat IPC: 2.987 cumulative IPC: 3.027 (Simulation time: 20 hr 54 min 35 sec)
Heartbeat CPU 9 instructions: 400000108 cycles: 107901061 heartbeat IPC: 3.443 cumulative IPC: 3.594 (Simulation time: 20 hr 56 min 35 sec)
Heartbeat CPU 26 instructions: 450000136 cycles: 108085846 heartbeat IPC: 3.573 cumulative IPC: 4.054 (Simulation time: 20 hr 58 min 33 sec)
Heartbeat CPU 12 instructions: 360000107 cycles: 108110267 heartbeat IPC: 3.402 cumulative IPC: 3.137 (Simulation time: 20 hr 58 min 49 sec)
Heartbeat CPU 27 instructions: 440000138 cycles: 108114147 heartbeat IPC: 4.027 cumulative IPC: 4.042 (Simulation time: 20 hr 58 min 51 sec)
Heartbeat CPU 1 instructions: 240000071 cycles: 108314176 heartbeat IPC: 1.891 cumulative IPC: 1.877 (Simulation time: 21 hr 01 min 00 sec)
Heartbeat CPU 24 instructions: 220000058 cycles: 108323033 heartbeat IPC: 1.656 cumulative IPC: 1.647 (Simulation time: 21 hr 01 min 06 sec)
Heartbeat CPU 17 instructions: 240000071 cycles: 108327165 heartbeat IPC: 1.89 cumulative IPC: 1.877 (Simulation time: 21 hr 01 min 08 sec)
Heartbeat CPU 0 instructions: 390000111 cycles: 108329162 heartbeat IPC: 3.468 cumulative IPC: 3.5 (Simulation time: 21 hr 01 min 10 sec)
Heartbeat CPU 25 instructions: 470000149 cycles: 108408770 heartbeat IPC: 4.588 cumulative IPC: 4.298 (Simulation time: 21 hr 02 min 01 sec)
Heartbeat CPU 5 instructions: 200000062 cycles: 108463095 heartbeat IPC: 0.9061 cumulative IPC: 1.494 (Simulation time: 21 hr 02 min 36 sec)
Heartbeat CPU 31 instructions: 330000088 cycles: 108582471 heartbeat IPC: 2.775 cumulative IPC: 2.776 (Simulation time: 21 hr 03 min 54 sec)
Heartbeat CPU 29 instructions: 240000039 cycles: 108772538 heartbeat IPC: 1.83 cumulative IPC: 1.826 (Simulation time: 21 hr 05 min 58 sec)
Heartbeat CPU 4 instructions: 500000157 cycles: 108832029 heartbeat IPC: 4.551 cumulative IPC: 4.554 (Simulation time: 21 hr 06 min 36 sec)
Heartbeat CPU 30 instructions: 330000088 cycles: 108928339 heartbeat IPC: 2.768 cumulative IPC: 2.766 (Simulation time: 21 hr 07 min 39 sec)
Heartbeat CPU 16 instructions: 510000155 cycles: 109050008 heartbeat IPC: 4.65 cumulative IPC: 4.657 (Simulation time: 21 hr 08 min 58 sec)
Heartbeat CPU 23 instructions: 300000097 cycles: 109234005 heartbeat IPC: 2.355 cumulative IPC: 2.551 (Simulation time: 21 hr 10 min 55 sec)
Heartbeat CPU 6 instructions: 400000121 cycles: 109578325 heartbeat IPC: 3.546 cumulative IPC: 3.56 (Simulation time: 21 hr 14 min 32 sec)
Heartbeat CPU 28 instructions: 400000121 cycles: 109594122 heartbeat IPC: 3.55 cumulative IPC: 3.559 (Simulation time: 21 hr 14 min 42 sec)
Heartbeat CPU 21 instructions: 440000159 cycles: 109644772 heartbeat IPC: 3.893 cumulative IPC: 3.936 (Simulation time: 21 hr 15 min 15 sec)
Heartbeat CPU 10 instructions: 170000042 cycles: 109999255 heartbeat IPC: 1.097 cumulative IPC: 1.201 (Simulation time: 21 hr 19 min 03 sec)
Heartbeat CPU 18 instructions: 240000047 cycles: 110171301 heartbeat IPC: 1.922 cumulative IPC: 1.871 (Simulation time: 21 hr 20 min 52 sec)
Heartbeat CPU 19 instructions: 330000076 cycles: 110316094 heartbeat IPC: 3.063 cumulative IPC: 2.748 (Simulation time: 21 hr 22 min 26 sec)
Heartbeat CPU 22 instructions: 170000042 cycles: 110455711 heartbeat IPC: 1.101 cumulative IPC: 1.195 (Simulation time: 21 hr 23 min 56 sec)
Heartbeat CPU 15 instructions: 320000076 cycles: 110527624 heartbeat IPC: 2.672 cumulative IPC: 2.639 (Simulation time: 21 hr 24 min 42 sec)
Heartbeat CPU 25 instructions: 480000155 cycles: 110563767 heartbeat IPC: 4.64 cumulative IPC: 4.306 (Simulation time: 21 hr 25 min 05 sec)
Heartbeat CPU 27 instructions: 450000139 cycles: 110566028 heartbeat IPC: 4.079 cumulative IPC: 4.043 (Simulation time: 21 hr 25 min 07 sec)
Heartbeat CPU 9 instructions: 410000112 cycles: 110724170 heartbeat IPC: 3.542 cumulative IPC: 3.593 (Simulation time: 21 hr 26 min 49 sec)
Heartbeat CPU 26 instructions: 460000140 cycles: 110861443 heartbeat IPC: 3.603 cumulative IPC: 4.041 (Simulation time: 21 hr 28 min 20 sec)
Heartbeat CPU 3 instructions: 360000139 cycles: 110866597 heartbeat IPC: 3.134 cumulative IPC: 3.13 (Simulation time: 21 hr 28 min 23 sec)
Heartbeat CPU 14 instructions: 360000133 cycles: 110974225 heartbeat IPC: 2.992 cumulative IPC: 3.029 (Simulation time: 21 hr 29 min 34 sec)
Heartbeat CPU 4 instructions: 510000160 cycles: 111025672 heartbeat IPC: 4.559 cumulative IPC: 4.554 (Simulation time: 21 hr 30 min 07 sec)
Heartbeat CPU 8 instructions: 360000114 cycles: 111051295 heartbeat IPC: 2.997 cumulative IPC: 3.026 (Simulation time: 21 hr 30 min 24 sec)
Heartbeat CPU 12 instructions: 370000107 cycles: 111053087 heartbeat IPC: 3.398 cumulative IPC: 3.145 (Simulation time: 21 hr 30 min 25 sec)
Heartbeat CPU 0 instructions: 400000112 cycles: 111182312 heartbeat IPC: 3.505 cumulative IPC: 3.5 (Simulation time: 21 hr 31 min 50 sec)
Heartbeat CPU 16 instructions: 520000158 cycles: 111194695 heartbeat IPC: 4.663 cumulative IPC: 4.658 (Simulation time: 21 hr 31 min 58 sec)
Heartbeat CPU 11 instructions: 200000063 cycles: 111398577 heartbeat IPC: 1.444 cumulative IPC: 1.527 (Simulation time: 21 hr 34 min 10 sec)
Heartbeat CPU 21 instructions: 450000160 cycles: 112135180 heartbeat IPC: 4.015 cumulative IPC: 3.938 (Simulation time: 21 hr 42 min 01 sec)
Heartbeat CPU 31 instructions: 340000088 cycles: 112183931 heartbeat IPC: 2.777 cumulative IPC: 2.776 (Simulation time: 21 hr 42 min 32 sec)
Heartbeat CPU 2 instructions: 240000054 cycles: 112213417 heartbeat IPC: 1.845 cumulative IPC: 1.846 (Simulation time: 21 hr 42 min 52 sec)
Heartbeat CPU 6 instructions: 410000122 cycles: 112395745 heartbeat IPC: 3.549 cumulative IPC: 3.56 (Simulation time: 21 hr 44 min 48 sec)
Heartbeat CPU 28 instructions: 410000122 cycles: 112412938 heartbeat IPC: 3.548 cumulative IPC: 3.559 (Simulation time: 21 hr 44 min 59 sec)
Heartbeat CPU 30 instructions: 340000088 cycles: 112540779 heartbeat IPC: 2.768 cumulative IPC: 2.766 (Simulation time: 21 hr 46 min 21 sec)
Heartbeat CPU 25 instructions: 490000161 cycles: 112719266 heartbeat IPC: 4.639 cumulative IPC: 4.313 (Simulation time: 21 hr 48 min 13 sec)
Heartbeat CPU 27 instructions: 460000144 cycles: 112980035 heartbeat IPC: 4.142 cumulative IPC: 4.045 (Simulation time: 21 hr 50 min 57 sec)
Heartbeat CPU 20 instructions: 200000031 cycles: 113166053 heartbeat IPC: 1.357 cumulative IPC: 1.376 (Simulation time: 21 hr 52 min 56 sec)
Heartbeat CPU 4 instructions: 520000160 cycles: 113209894 heartbeat IPC: 4.578 cumulative IPC: 4.555 (Simulation time: 21 hr 53 min 24 sec)
Heartbeat CPU 16 instructions: 530000159 cycles: 113341832 heartbeat IPC: 4.657 cumulative IPC: 4.658 (Simulation time: 21 hr 54 min 47 sec)
Heartbeat CPU 23 instructions: 310000098 cycles: 113476406 heartbeat IPC: 2.357 cumulative IPC: 2.543 (Simulation time: 21 hr 56 min 11 sec)
Heartbeat CPU 1 instructions: 250000075 cycles: 113585240 heartbeat IPC: 1.897 cumulative IPC: 1.878 (Simulation time: 21 hr 57 min 18 sec)
Heartbeat CPU 17 instructions: 250000075 cycles: 113596602 heartbeat IPC: 1.898 cumulative IPC: 1.878 (Simulation time: 21 hr 57 min 25 sec)
Heartbeat CPU 9 instructions: 420000112 cycles: 113627813 heartbeat IPC: 3.444 cumulative IPC: 3.588 (Simulation time: 21 hr 57 min 44 sec)
Heartbeat CPU 26 instructions: 470000143 cycles: 113693733 heartbeat IPC: 3.531 cumulative IPC: 4.027 (Simulation time: 21 hr 58 min 25 sec)
Heartbeat CPU 19 instructions: 340000078 cycles: 113817498 heartbeat IPC: 2.856 cumulative IPC: 2.752 (Simulation time: 21 hr 59 min 42 sec)
Heartbeat CPU 12 instructions: 380000110 cycles: 113989819 heartbeat IPC: 3.405 cumulative IPC: 3.152 (Simulation time: 22 hr 01 min 30 sec)
Heartbeat CPU 0 instructions: 410000114 cycles: 114042666 heartbeat IPC: 3.496 cumulative IPC: 3.5 (Simulation time: 22 hr 02 min 03 sec)
Heartbeat CPU 3 instructions: 370000140 cycles: 114057345 heartbeat IPC: 3.134 cumulative IPC: 3.13 (Simulation time: 22 hr 02 min 12 sec)
Heartbeat CPU 29 instructions: 250000039 cycles: 114247349 heartbeat IPC: 1.827 cumulative IPC: 1.826 (Simulation time: 22 hr 04 min 10 sec)
Heartbeat CPU 24 instructions: 230000060 cycles: 114333757 heartbeat IPC: 1.664 cumulative IPC: 1.648 (Simulation time: 22 hr 05 min 05 sec)
Heartbeat CPU 14 instructions: 370000133 cycles: 114342316 heartbeat IPC: 2.969 cumulative IPC: 3.027 (Simulation time: 22 hr 05 min 10 sec)
Heartbeat CPU 7 instructions: 210000054 cycles: 114385731 heartbeat IPC: 1.468 cumulative IPC: 1.429 (Simulation time: 22 hr 05 min 38 sec)
Heartbeat CPU 15 instructions: 330000082 cycles: 114388318 heartbeat IPC: 2.59 cumulative IPC: 2.637 (Simulation time: 22 hr 05 min 39 sec)
Heartbeat CPU 8 instructions: 370000114 cycles: 114424710 heartbeat IPC: 2.964 cumulative IPC: 3.024 (Simulation time: 22 hr 06 min 02 sec)
Heartbeat CPU 21 instructions: 460000162 cycles: 114672108 heartbeat IPC: 3.942 cumulative IPC: 3.938 (Simulation time: 22 hr 08 min 35 sec)
Heartbeat CPU 25 instructions: 500000167 cycles: 114880354 heartbeat IPC: 4.627 cumulative IPC: 4.32 (Simulation time: 22 hr 10 min 43 sec)
Heartbeat CPU 6 instructions: 420000124 cycles: 115196702 heartbeat IPC: 3.57 cumulative IPC: 3.56 (Simulation time: 22 hr 13 min 58 sec)
Heartbeat CPU 28 instructions: 420000124 cycles: 115216089 heartbeat IPC: 3.567 cumulative IPC: 3.559 (Simulation time: 22 hr 14 min 09 sec)
Heartbeat CPU 27 instructions: 470000147 cycles: 115368703 heartbeat IPC: 4.186 cumulative IPC: 4.048 (Simulation time: 22 hr 15 min 42 sec)
Heartbeat CPU 4 instructions: 530000164 cycles: 115410125 heartbeat IPC: 4.545 cumulative IPC: 4.554 (Simulation time: 22 hr 16 min 08 sec)
Heartbeat CPU 18 instructions: 250000051 cycles: 115473398 heartbeat IPC: 1.886 cumulative IPC: 1.872 (Simulation time: 22 hr 16 min 47 sec)
Heartbeat CPU 16 instructions: 540000161 cycles: 115488366 heartbeat IPC: 4.659 cumulative IPC: 4.658 (Simulation time: 22 hr 16 min 57 sec)
Heartbeat CPU 31 instructions: 350000088 cycles: 115789157 heartbeat IPC: 2.774 cumulative IPC: 2.776 (Simulation time: 22 hr 20 min 02 sec)
Heartbeat CPU 30 instructions: 350000088 cycles: 116156666 heartbeat IPC: 2.766 cumulative IPC: 2.766 (Simulation time: 22 hr 23 min 52 sec)
Heartbeat CPU 26 instructions: 480000145 cycles: 116509486 heartbeat IPC: 3.551 cumulative IPC: 4.014 (Simulation time: 22 hr 27 min 29 sec)
Heartbeat CPU 9 instructions: 430000118 cycles: 116590492 heartbeat IPC: 3.375 cumulative IPC: 3.582 (Simulation time: 22 hr 28 min 19 sec)
Heartbeat CPU 0 instructions: 420000114 cycles: 116897268 heartbeat IPC: 3.503 cumulative IPC: 3.5 (Simulation time: 22 hr 31 min 27 sec)
Heartbeat CPU 12 instructions: 390000110 cycles: 116929545 heartbeat IPC: 3.402 cumulative IPC: 3.159 (Simulation time: 22 hr 31 min 47 sec)
Heartbeat CPU 25 instructions: 510000170 cycles: 116999077 heartbeat IPC: 4.72 cumulative IPC: 4.328 (Simulation time: 22 hr 32 min 29 sec)
Heartbeat CPU 21 instructions: 470000166 cycles: 117091593 heartbeat IPC: 4.133 cumulative IPC: 3.943 (Simulation time: 22 hr 33 min 25 sec)
Heartbeat CPU 19 instructions: 350000081 cycles: 117140578 heartbeat IPC: 3.009 cumulative IPC: 2.76 (Simulation time: 22 hr 33 min 56 sec)
Heartbeat CPU 13 instructions: 160000023 cycles: 117201566 heartbeat IPC: 0.9018 cumulative IPC: 1.011 (Simulation time: 22 hr 34 min 33 sec)
Heartbeat CPU 3 instructions: 380000147 cycles: 117248147 heartbeat IPC: 3.134 cumulative IPC: 3.13 (Simulation time: 22 hr 35 min 02 sec)
Heartbeat CPU 2 instructions: 250000057 cycles: 117587150 heartbeat IPC: 1.861 cumulative IPC: 1.847 (Simulation time: 22 hr 38 min 27 sec)
Heartbeat CPU 4 instructions: 540000168 cycles: 117598722 heartbeat IPC: 4.569 cumulative IPC: 4.555 (Simulation time: 22 hr 38 min 34 sec)
Heartbeat CPU 16 instructions: 550000162 cycles: 117634051 heartbeat IPC: 4.661 cumulative IPC: 4.658 (Simulation time: 22 hr 38 min 56 sec)
Heartbeat CPU 14 instructions: 380000133 cycles: 117678769 heartbeat IPC: 2.997 cumulative IPC: 3.026 (Simulation time: 22 hr 39 min 24 sec)
Heartbeat CPU 23 instructions: 320000100 cycles: 117706782 heartbeat IPC: 2.364 cumulative IPC: 2.536 (Simulation time: 22 hr 39 min 41 sec)
Heartbeat CPU 8 instructions: 380000117 cycles: 117768812 heartbeat IPC: 2.99 cumulative IPC: 3.023 (Simulation time: 22 hr 40 min 20 sec)
Heartbeat CPU 27 instructions: 480000147 cycles: 117839036 heartbeat IPC: 4.048 cumulative IPC: 4.048 (Simulation time: 22 hr 41 min 03 sec)
Heartbeat CPU 6 instructions: 430000129 cycles: 118006636 heartbeat IPC: 3.559 cumulative IPC: 3.56 (Simulation time: 22 hr 42 min 47 sec)
Heartbeat CPU 28 instructions: 430000129 cycles: 118025526 heartbeat IPC: 3.559 cumulative IPC: 3.559 (Simulation time: 22 hr 42 min 59 sec)
Heartbeat CPU 11 instructions: 210000066 cycles: 118095174 heartbeat IPC: 1.493 cumulative IPC: 1.525 (Simulation time: 22 hr 43 min 43 sec)
Heartbeat CPU 15 instructions: 340000083 cycles: 118578488 heartbeat IPC: 2.387 cumulative IPC: 2.627 (Simulation time: 22 hr 48 min 44 sec)
Heartbeat CPU 5 instructions: 210000066 cycles: 118593848 heartbeat IPC: 0.9871 cumulative IPC: 1.445 (Simulation time: 22 hr 48 min 54 sec)
Heartbeat CPU 1 instructions: 260000080 cycles: 118892892 heartbeat IPC: 1.884 cumulative IPC: 1.878 (Simulation time: 22 hr 51 min 59 sec)
Heartbeat CPU 17 instructions: 260000080 cycles: 118905276 heartbeat IPC: 1.884 cumulative IPC: 1.878 (Simulation time: 22 hr 52 min 07 sec)
Heartbeat CPU 25 instructions: 520000175 cycles: 119115313 heartbeat IPC: 4.725 cumulative IPC: 4.336 (Simulation time: 22 hr 54 min 19 sec)
Heartbeat CPU 26 instructions: 490000151 cycles: 119334026 heartbeat IPC: 3.54 cumulative IPC: 4.001 (Simulation time: 22 hr 56 min 37 sec)
Heartbeat CPU 31 instructions: 360000089 cycles: 119387700 heartbeat IPC: 2.779 cumulative IPC: 2.776 (Simulation time: 22 hr 57 min 11 sec)
Heartbeat CPU 21 instructions: 480000168 cycles: 119526445 heartbeat IPC: 4.107 cumulative IPC: 3.946 (Simulation time: 22 hr 58 min 38 sec)
Heartbeat CPU 9 instructions: 440000121 cycles: 119600084 heartbeat IPC: 3.323 cumulative IPC: 3.575 (Simulation time: 22 hr 59 min 25 sec)
Simulation finished CPU 1 instructions: 200000001 cycles: 106487141 cumulative IPC: 1.878 (Simulation time: 22 hr 59 min 51 sec)
Simulation finished CPU 17 instructions: 200000003 cycles: 106499254 cumulative IPC: 1.878 (Simulation time: 22 hr 59 min 58 sec)
Heartbeat CPU 29 instructions: 260000041 cycles: 119724020 heartbeat IPC: 1.826 cumulative IPC: 1.826 (Simulation time: 23 hr 00 min 42 sec)
Heartbeat CPU 0 instructions: 430000118 cycles: 119762028 heartbeat IPC: 3.491 cumulative IPC: 3.5 (Simulation time: 23 hr 01 min 05 sec)
Heartbeat CPU 30 instructions: 360000089 cycles: 119766333 heartbeat IPC: 2.77 cumulative IPC: 2.766 (Simulation time: 23 hr 01 min 08 sec)
Heartbeat CPU 4 instructions: 550000169 cycles: 119781812 heartbeat IPC: 4.581 cumulative IPC: 4.555 (Simulation time: 23 hr 01 min 18 sec)
Heartbeat CPU 16 instructions: 560000168 cycles: 119784025 heartbeat IPC: 4.651 cumulative IPC: 4.657 (Simulation time: 23 hr 01 min 19 sec)
Heartbeat CPU 12 instructions: 400000113 cycles: 119869225 heartbeat IPC: 3.402 cumulative IPC: 3.166 (Simulation time: 23 hr 02 min 12 sec)
Simulation finished CPU 18 instructions: 200000000 cycles: 106817584 cumulative IPC: 1.872 (Simulation time: 23 hr 03 min 17 sec)
Heartbeat CPU 27 instructions: 490000154 cycles: 120324988 heartbeat IPC: 4.023 cumulative IPC: 4.048 (Simulation time: 23 hr 06 min 58 sec)
Heartbeat CPU 24 instructions: 240000067 cycles: 120333760 heartbeat IPC: 1.667 cumulative IPC: 1.649 (Simulation time: 23 hr 07 min 04 sec)
Heartbeat CPU 3 instructions: 390000147 cycles: 120438929 heartbeat IPC: 3.134 cumulative IPC: 3.131 (Simulation time: 23 hr 08 min 10 sec)
Heartbeat CPU 19 instructions: 360000083 cycles: 120521795 heartbeat IPC: 2.958 cumulative IPC: 2.766 (Simulation time: 23 hr 09 min 01 sec)
Heartbeat CPU 20 instructions: 210000032 cycles: 120619118 heartbeat IPC: 1.342 cumulative IPC: 1.374 (Simulation time: 23 hr 10 min 02 sec)
Heartbeat CPU 18 instructions: 260000058 cycles: 120788328 heartbeat IPC: 1.881 cumulative IPC: 1.873 (Simulation time: 23 hr 11 min 47 sec)
Heartbeat CPU 6 instructions: 440000131 cycles: 120827031 heartbeat IPC: 3.546 cumulative IPC: 3.56 (Simulation time: 23 hr 12 min 11 sec)
Heartbeat CPU 28 instructions: 440000131 cycles: 120847702 heartbeat IPC: 3.543 cumulative IPC: 3.559 (Simulation time: 23 hr 12 min 24 sec)
Heartbeat CPU 14 instructions: 390000138 cycles: 121005910 heartbeat IPC: 3.006 cumulative IPC: 3.025 (Simulation time: 23 hr 14 min 02 sec)
Heartbeat CPU 23 instructions: 330000103 cycles: 121094189 heartbeat IPC: 2.952 cumulative IPC: 2.549 (Simulation time: 23 hr 14 min 57 sec)
Heartbeat CPU 8 instructions: 390000118 cycles: 121095199 heartbeat IPC: 3.006 cumulative IPC: 3.023 (Simulation time: 23 hr 14 min 57 sec)
Heartbeat CPU 7 instructions: 220000058 cycles: 121171933 heartbeat IPC: 1.474 cumulative IPC: 1.432 (Simulation time: 23 hr 15 min 46 sec)
Heartbeat CPU 25 instructions: 530000177 cycles: 121259252 heartbeat IPC: 4.664 cumulative IPC: 4.342 (Simulation time: 23 hr 16 min 41 sec)
Simulation finished CPU 2 instructions: 200000002 cycles: 108283321 cumulative IPC: 1.847 (Simulation time: 23 hr 18 min 33 sec)
Heartbeat CPU 16 instructions: 570000170 cycles: 121931549 heartbeat IPC: 4.657 cumulative IPC: 4.657 (Simulation time: 23 hr 23 min 45 sec)
Heartbeat CPU 4 instructions: 560000172 cycles: 121964367 heartbeat IPC: 4.582 cumulative IPC: 4.556 (Simulation time: 23 hr 24 min 06 sec)
Heartbeat CPU 21 instructions: 490000171 cycles: 121973731 heartbeat IPC: 4.086 cumulative IPC: 3.949 (Simulation time: 23 hr 24 min 12 sec)
Heartbeat CPU 26 instructions: 500000151 cycles: 122114717 heartbeat IPC: 3.596 cumulative IPC: 3.991 (Simulation time: 23 hr 25 min 40 sec)
Heartbeat CPU 10 instructions: 180000046 cycles: 122135728 heartbeat IPC: 0.824 cumulative IPC: 1.159 (Simulation time: 23 hr 25 min 53 sec)
Heartbeat CPU 15 instructions: 350000083 cycles: 122351825 heartbeat IPC: 2.65 cumulative IPC: 2.628 (Simulation time: 23 hr 28 min 10 sec)
Heartbeat CPU 0 instructions: 440000124 cycles: 122484772 heartbeat IPC: 3.673 cumulative IPC: 3.504 (Simulation time: 23 hr 29 min 33 sec)
Heartbeat CPU 22 instructions: 180000046 cycles: 122557029 heartbeat IPC: 0.8264 cumulative IPC: 1.154 (Simulation time: 23 hr 30 min 18 sec)
Simulation finished CPU 29 instructions: 200000001 cycles: 109492303 cumulative IPC: 1.827 (Simulation time: 23 hr 31 min 14 sec)
Heartbeat CPU 12 instructions: 410000115 cycles: 122816419 heartbeat IPC: 3.393 cumulative IPC: 3.172 (Simulation time: 23 hr 33 min 01 sec)
Heartbeat CPU 9 instructions: 450000123 cycles: 122885762 heartbeat IPC: 3.044 cumulative IPC: 3.559 (Simulation time: 23 hr 33 min 44 sec)
Heartbeat CPU 2 instructions: 260000064 cycles: 122965776 heartbeat IPC: 1.859 cumulative IPC: 1.847 (Simulation time: 23 hr 34 min 34 sec)
Heartbeat CPU 31 instructions: 370000093 cycles: 122989300 heartbeat IPC: 2.777 cumulative IPC: 2.776 (Simulation time: 23 hr 34 min 49 sec)
Heartbeat CPU 27 instructions: 500000157 cycles: 123056536 heartbeat IPC: 3.661 cumulative IPC: 4.038 (Simulation time: 23 hr 35 min 31 sec)
Heartbeat CPU 30 instructions: 370000093 cycles: 123380590 heartbeat IPC: 2.767 cumulative IPC: 2.766 (Simulation time: 23 hr 38 min 54 sec)
Heartbeat CPU 25 instructions: 540000178 cycles: 123414717 heartbeat IPC: 4.639 cumulative IPC: 4.348 (Simulation time: 23 hr 39 min 15 sec)
Heartbeat CPU 6 instructions: 450000133 cycles: 123613457 heartbeat IPC: 3.589 cumulative IPC: 3.56 (Simulation time: 23 hr 41 min 19 sec)
Heartbeat CPU 3 instructions: 400000150 cycles: 123629706 heartbeat IPC: 3.134 cumulative IPC: 3.131 (Simulation time: 23 hr 41 min 29 sec)
Heartbeat CPU 28 instructions: 450000133 cycles: 123636073 heartbeat IPC: 3.586 cumulative IPC: 3.56 (Simulation time: 23 hr 41 min 32 sec)
Heartbeat CPU 19 instructions: 370000083 cycles: 123962886 heartbeat IPC: 2.906 cumulative IPC: 2.771 (Simulation time: 23 hr 44 min 55 sec)
Heartbeat CPU 16 instructions: 580000175 cycles: 124080130 heartbeat IPC: 4.654 cumulative IPC: 4.657 (Simulation time: 23 hr 46 min 08 sec)
Heartbeat CPU 4 instructions: 570000175 cycles: 124156600 heartbeat IPC: 4.562 cumulative IPC: 4.556 (Simulation time: 23 hr 46 min 55 sec)
Heartbeat CPU 11 instructions: 220000070 cycles: 124185544 heartbeat IPC: 1.642 cumulative IPC: 1.531 (Simulation time: 23 hr 47 min 13 sec)
Heartbeat CPU 1 instructions: 270000085 cycles: 124207540 heartbeat IPC: 1.882 cumulative IPC: 1.878 (Simulation time: 23 hr 47 min 27 sec)
Heartbeat CPU 17 instructions: 270000085 cycles: 124220201 heartbeat IPC: 1.881 cumulative IPC: 1.878 (Simulation time: 23 hr 47 min 35 sec)
Heartbeat CPU 14 instructions: 400000139 cycles: 124332770 heartbeat IPC: 3.006 cumulative IPC: 3.025 (Simulation time: 23 hr 48 min 45 sec)
Heartbeat CPU 21 instructions: 500000171 cycles: 124405718 heartbeat IPC: 4.112 cumulative IPC: 3.953 (Simulation time: 23 hr 49 min 31 sec)
Heartbeat CPU 8 instructions: 400000123 cycles: 124425987 heartbeat IPC: 3.002 cumulative IPC: 3.022 (Simulation time: 23 hr 49 min 44 sec)
Heartbeat CPU 26 instructions: 510000153 cycles: 124959284 heartbeat IPC: 3.515 cumulative IPC: 3.979 (Simulation time: 23 hr 55 min 23 sec)
Heartbeat CPU 29 instructions: 270000041 cycles: 125186346 heartbeat IPC: 1.831 cumulative IPC: 1.827 (Simulation time: 23 hr 57 min 50 sec)
Heartbeat CPU 0 instructions: 450000124 cycles: 125200949 heartbeat IPC: 3.682 cumulative IPC: 3.509 (Simulation time: 23 hr 57 min 59 sec)
Heartbeat CPU 9 instructions: 460000123 cycles: 125470876 heartbeat IPC: 3.868 cumulative IPC: 3.566 (Simulation time: 00 hr 00 min 49 sec)
Heartbeat CPU 27 instructions: 510000159 cycles: 125479592 heartbeat IPC: 4.127 cumulative IPC: 4.04 (Simulation time: 00 hr 00 min 54 sec)
Heartbeat CPU 25 instructions: 550000178 cycles: 125574265 heartbeat IPC: 4.631 cumulative IPC: 4.354 (Simulation time: 00 hr 01 min 54 sec)
Heartbeat CPU 23 instructions: 340000104 cycles: 125647825 heartbeat IPC: 2.196 cumulative IPC: 2.535 (Simulation time: 00 hr 02 min 40 sec)
Heartbeat CPU 12 instructions: 420000115 cycles: 125755845 heartbeat IPC: 3.402 cumulative IPC: 3.178 (Simulation time: 00 hr 03 min 49 sec)
Heartbeat CPU 18 instructions: 270000058 cycles: 126078575 heartbeat IPC: 1.89 cumulative IPC: 1.873 (Simulation time: 00 hr 07 min 11 sec)
Heartbeat CPU 15 instructions: 360000084 cycles: 126110745 heartbeat IPC: 2.66 cumulative IPC: 2.629 (Simulation time: 00 hr 07 min 31 sec)
Heartbeat CPU 16 instructions: 590000175 cycles: 126225077 heartbeat IPC: 4.662 cumulative IPC: 4.657 (Simulation time: 00 hr 08 min 42 sec)
Heartbeat CPU 4 instructions: 580000182 cycles: 126344463 heartbeat IPC: 4.571 cumulative IPC: 4.556 (Simulation time: 00 hr 09 min 58 sec)
Heartbeat CPU 24 instructions: 250000069 cycles: 126363684 heartbeat IPC: 1.658 cumulative IPC: 1.65 (Simulation time: 00 hr 10 min 10 sec)
Heartbeat CPU 6 instructions: 460000133 cycles: 126414185 heartbeat IPC: 3.571 cumulative IPC: 3.56 (Simulation time: 00 hr 10 min 42 sec)
Heartbeat CPU 28 instructions: 460000133 cycles: 126438669 heartbeat IPC: 3.568 cumulative IPC: 3.56 (Simulation time: 00 hr 10 min 57 sec)
Heartbeat CPU 31 instructions: 380000093 cycles: 126587722 heartbeat IPC: 2.779 cumulative IPC: 2.776 (Simulation time: 00 hr 12 min 30 sec)
Heartbeat CPU 3 instructions: 410000154 cycles: 126820504 heartbeat IPC: 3.134 cumulative IPC: 3.131 (Simulation time: 00 hr 14 min 57 sec)
Heartbeat CPU 5 instructions: 220000068 cycles: 126862413 heartbeat IPC: 1.209 cumulative IPC: 1.428 (Simulation time: 00 hr 15 min 23 sec)
Heartbeat CPU 21 instructions: 510000176 cycles: 126870111 heartbeat IPC: 4.058 cumulative IPC: 3.955 (Simulation time: 00 hr 15 min 28 sec)
Heartbeat CPU 30 instructions: 380000093 cycles: 126996156 heartbeat IPC: 2.766 cumulative IPC: 2.766 (Simulation time: 00 hr 16 min 48 sec)
Heartbeat CPU 14 instructions: 410000142 cycles: 127662783 heartbeat IPC: 3.003 cumulative IPC: 3.024 (Simulation time: 00 hr 23 min 50 sec)
Heartbeat CPU 25 instructions: 560000181 cycles: 127729350 heartbeat IPC: 4.64 cumulative IPC: 4.359 (Simulation time: 00 hr 24 min 32 sec)
Heartbeat CPU 26 instructions: 520000160 cycles: 127760749 heartbeat IPC: 3.57 cumulative IPC: 3.969 (Simulation time: 00 hr 24 min 52 sec)
Heartbeat CPU 8 instructions: 410000123 cycles: 127762879 heartbeat IPC: 2.997 cumulative IPC: 3.021 (Simulation time: 00 hr 24 min 53 sec)
Heartbeat CPU 20 instructions: 220000034 cycles: 127841138 heartbeat IPC: 1.385 cumulative IPC: 1.375 (Simulation time: 00 hr 25 min 43 sec)
Heartbeat CPU 27 instructions: 520000164 cycles: 127861445 heartbeat IPC: 4.198 cumulative IPC: 4.043 (Simulation time: 00 hr 25 min 56 sec)
Heartbeat CPU 13 instructions: 170000030 cycles: 127886021 heartbeat IPC: 0.9359 cumulative IPC: 1.004 (Simulation time: 00 hr 26 min 11 sec)
Heartbeat CPU 0 instructions: 460000130 cycles: 127921150 heartbeat IPC: 3.676 cumulative IPC: 3.513 (Simulation time: 00 hr 26 min 34 sec)
Heartbeat CPU 7 instructions: 230000058 cycles: 128017747 heartbeat IPC: 1.461 cumulative IPC: 1.433 (Simulation time: 00 hr 27 min 35 sec)
Heartbeat CPU 9 instructions: 470000126 cycles: 128222974 heartbeat IPC: 3.634 cumulative IPC: 3.568 (Simulation time: 00 hr 29 min 43 sec)
Heartbeat CPU 2 instructions: 270000071 cycles: 128348386 heartbeat IPC: 1.858 cumulative IPC: 1.848 (Simulation time: 00 hr 31 min 00 sec)
Heartbeat CPU 16 instructions: 600000175 cycles: 128371121 heartbeat IPC: 4.66 cumulative IPC: 4.658 (Simulation time: 00 hr 31 min 14 sec)
Heartbeat CPU 4 instructions: 590000182 cycles: 128527926 heartbeat IPC: 4.58 cumulative IPC: 4.557 (Simulation time: 00 hr 32 min 51 sec)
Heartbeat CPU 12 instructions: 430000116 cycles: 128703199 heartbeat IPC: 3.393 cumulative IPC: 3.184 (Simulation time: 00 hr 34 min 41 sec)
Heartbeat CPU 19 instructions: 380000083 cycles: 128812712 heartbeat IPC: 2.062 cumulative IPC: 2.741 (Simulation time: 00 hr 35 min 49 sec)
Heartbeat CPU 23 instructions: 350000106 cycles: 129096712 heartbeat IPC: 2.899 cumulative IPC: 2.546 (Simulation time: 00 hr 38 min 48 sec)
Heartbeat CPU 6 instructions: 470000137 cycles: 129183239 heartbeat IPC: 3.611 cumulative IPC: 3.562 (Simulation time: 00 hr 39 min 43 sec)
Heartbeat CPU 28 instructions: 470000137 cycles: 129207483 heartbeat IPC: 3.612 cumulative IPC: 3.561 (Simulation time: 00 hr 39 min 58 sec)
Heartbeat CPU 21 instructions: 520000182 cycles: 129319103 heartbeat IPC: 4.083 cumulative IPC: 3.958 (Simulation time: 00 hr 41 min 09 sec)
Heartbeat CPU 1 instructions: 280000086 cycles: 129501041 heartbeat IPC: 1.889 cumulative IPC: 1.879 (Simulation time: 00 hr 43 min 04 sec)
Heartbeat CPU 17 instructions: 280000086 cycles: 129514799 heartbeat IPC: 1.889 cumulative IPC: 1.879 (Simulation time: 00 hr 43 min 12 sec)
Heartbeat CPU 25 instructions: 570000185 cycles: 129905927 heartbeat IPC: 4.594 cumulative IPC: 4.363 (Simulation time: 00 hr 47 min 19 sec)
Heartbeat CPU 15 instructions: 370000087 cycles: 129909869 heartbeat IPC: 2.632 cumulative IPC: 2.629 (Simulation time: 00 hr 47 min 22 sec)
Heartbeat CPU 3 instructions: 420000154 cycles: 130011295 heartbeat IPC: 3.134 cumulative IPC: 3.131 (Simulation time: 00 hr 48 min 25 sec)
Heartbeat CPU 11 instructions: 230000072 cycles: 130137158 heartbeat IPC: 1.68 cumulative IPC: 1.539 (Simulation time: 00 hr 49 min 45 sec)
Heartbeat CPU 31 instructions: 390000099 cycles: 130192947 heartbeat IPC: 2.774 cumulative IPC: 2.776 (Simulation time: 00 hr 50 min 20 sec)
Heartbeat CPU 27 instructions: 530000167 cycles: 130383180 heartbeat IPC: 3.966 cumulative IPC: 4.042 (Simulation time: 00 hr 52 min 20 sec)
Heartbeat CPU 16 instructions: 610000175 cycles: 130518921 heartbeat IPC: 4.656 cumulative IPC: 4.657 (Simulation time: 00 hr 53 min 45 sec)
Heartbeat CPU 10 instructions: 190000047 cycles: 130594350 heartbeat IPC: 1.182 cumulative IPC: 1.161 (Simulation time: 00 hr 54 min 32 sec)
Heartbeat CPU 30 instructions: 390000099 cycles: 130612728 heartbeat IPC: 2.765 cumulative IPC: 2.766 (Simulation time: 00 hr 54 min 44 sec)
Heartbeat CPU 26 instructions: 530000163 cycles: 130631865 heartbeat IPC: 3.483 cumulative IPC: 3.957 (Simulation time: 00 hr 54 min 56 sec)
Heartbeat CPU 29 instructions: 280000041 cycles: 130676559 heartbeat IPC: 1.821 cumulative IPC: 1.826 (Simulation time: 00 hr 55 min 24 sec)
Heartbeat CPU 4 instructions: 600000188 cycles: 130756041 heartbeat IPC: 4.488 cumulative IPC: 4.555 (Simulation time: 00 hr 56 min 14 sec)
Heartbeat CPU 22 instructions: 190000047 cycles: 131008132 heartbeat IPC: 1.183 cumulative IPC: 1.157 (Simulation time: 00 hr 58 min 53 sec)
Heartbeat CPU 14 instructions: 420000142 cycles: 131018933 heartbeat IPC: 2.98 cumulative IPC: 3.023 (Simulation time: 00 hr 59 min 00 sec)
Heartbeat CPU 8 instructions: 420000123 cycles: 131125515 heartbeat IPC: 2.974 cumulative IPC: 3.02 (Simulation time: 01 hr 00 min 08 sec)
Heartbeat CPU 9 instructions: 480000128 cycles: 131149795 heartbeat IPC: 3.417 cumulative IPC: 3.564 (Simulation time: 01 hr 00 min 23 sec)
Heartbeat CPU 18 instructions: 280000059 cycles: 131344207 heartbeat IPC: 1.899 cumulative IPC: 1.875 (Simulation time: 01 hr 02 min 28 sec)
Heartbeat CPU 12 instructions: 440000116 cycles: 131645996 heartbeat IPC: 3.398 cumulative IPC: 3.189 (Simulation time: 01 hr 05 min 42 sec)
Heartbeat CPU 0 instructions: 470000130 cycles: 131711863 heartbeat IPC: 2.638 cumulative IPC: 3.485 (Simulation time: 01 hr 06 min 24 sec)
Heartbeat CPU 21 instructions: 530000186 cycles: 131741918 heartbeat IPC: 4.127 cumulative IPC: 3.961 (Simulation time: 01 hr 06 min 44 sec)
Heartbeat CPU 6 instructions: 480000144 cycles: 131960673 heartbeat IPC: 3.6 cumulative IPC: 3.563 (Simulation time: 01 hr 09 min 03 sec)
Heartbeat CPU 28 instructions: 480000144 cycles: 131985235 heartbeat IPC: 3.6 cumulative IPC: 3.562 (Simulation time: 01 hr 09 min 19 sec)
Heartbeat CPU 25 instructions: 580000185 cycles: 132107076 heartbeat IPC: 4.543 cumulative IPC: 4.367 (Simulation time: 01 hr 10 min 36 sec)
Heartbeat CPU 24 instructions: 260000073 cycles: 132458468 heartbeat IPC: 1.641 cumulative IPC: 1.649 (Simulation time: 01 hr 14 min 22 sec)
Heartbeat CPU 16 instructions: 620000180 cycles: 132664914 heartbeat IPC: 4.66 cumulative IPC: 4.658 (Simulation time: 01 hr 16 min 33 sec)
Heartbeat CPU 19 instructions: 390000086 cycles: 132688153 heartbeat IPC: 2.58 cumulative IPC: 2.736 (Simulation time: 01 hr 16 min 48 sec)
Heartbeat CPU 27 instructions: 540000174 cycles: 132717402 heartbeat IPC: 4.284 cumulative IPC: 4.046 (Simulation time: 01 hr 17 min 07 sec)
Heartbeat CPU 4 instructions: 610000193 cycles: 132971717 heartbeat IPC: 4.513 cumulative IPC: 4.555 (Simulation time: 01 hr 19 min 50 sec)
Heartbeat CPU 3 instructions: 430000159 cycles: 133202054 heartbeat IPC: 3.134 cumulative IPC: 3.131 (Simulation time: 01 hr 22 min 18 sec)
Heartbeat CPU 23 instructions: 360000113 cycles: 133395526 heartbeat IPC: 2.326 cumulative IPC: 2.538 (Simulation time: 01 hr 24 min 21 sec)
Heartbeat CPU 26 instructions: 540000169 cycles: 133455379 heartbeat IPC: 3.542 cumulative IPC: 3.947 (Simulation time: 01 hr 24 min 59 sec)
Heartbeat CPU 9 instructions: 490000133 cycles: 133785132 heartbeat IPC: 3.795 cumulative IPC: 3.569 (Simulation time: 01 hr 28 min 28 sec)
Heartbeat CPU 31 instructions: 400000101 cycles: 133805493 heartbeat IPC: 2.768 cumulative IPC: 2.776 (Simulation time: 01 hr 28 min 42 sec)
Heartbeat CPU 2 instructions: 280000071 cycles: 133807281 heartbeat IPC: 1.832 cumulative IPC: 1.847 (Simulation time: 01 hr 28 min 43 sec)
Heartbeat CPU 15 instructions: 380000088 cycles: 134147596 heartbeat IPC: 2.36 cumulative IPC: 2.62 (Simulation time: 01 hr 32 min 18 sec)
Heartbeat CPU 21 instructions: 540000192 cycles: 134219360 heartbeat IPC: 4.036 cumulative IPC: 3.963 (Simulation time: 01 hr 33 min 04 sec)
Heartbeat CPU 30 instructions: 400000101 cycles: 134236421 heartbeat IPC: 2.76 cumulative IPC: 2.766 (Simulation time: 01 hr 33 min 15 sec)
Heartbeat CPU 25 instructions: 590000185 cycles: 134294382 heartbeat IPC: 4.572 cumulative IPC: 4.37 (Simulation time: 01 hr 33 min 52 sec)
Heartbeat CPU 14 instructions: 430000143 cycles: 134299859 heartbeat IPC: 3.048 cumulative IPC: 3.023 (Simulation time: 01 hr 33 min 55 sec)
Heartbeat CPU 8 instructions: 430000125 cycles: 134407114 heartbeat IPC: 3.047 cumulative IPC: 3.021 (Simulation time: 01 hr 35 min 05 sec)
Simulation finished CPU 24 instructions: 200000000 cycles: 121266651 cumulative IPC: 1.649 (Simulation time: 01 hr 35 min 14 sec)
Heartbeat CPU 5 instructions: 230000072 cycles: 134422442 heartbeat IPC: 1.323 cumulative IPC: 1.421 (Simulation time: 01 hr 35 min 15 sec)
Heartbeat CPU 12 instructions: 450000121 cycles: 134593245 heartbeat IPC: 3.393 cumulative IPC: 3.194 (Simulation time: 01 hr 37 min 03 sec)
Heartbeat CPU 6 instructions: 490000147 cycles: 134732896 heartbeat IPC: 3.607 cumulative IPC: 3.564 (Simulation time: 01 hr 38 min 32 sec)
Heartbeat CPU 28 instructions: 490000147 cycles: 134758167 heartbeat IPC: 3.606 cumulative IPC: 3.563 (Simulation time: 01 hr 38 min 49 sec)
Heartbeat CPU 16 instructions: 630000183 cycles: 134813061 heartbeat IPC: 4.655 cumulative IPC: 4.657 (Simulation time: 01 hr 39 min 25 sec)
Heartbeat CPU 0 instructions: 480000135 cycles: 134835767 heartbeat IPC: 3.201 cumulative IPC: 3.477 (Simulation time: 01 hr 39 min 40 sec)
Heartbeat CPU 1 instructions: 290000089 cycles: 134844791 heartbeat IPC: 1.871 cumulative IPC: 1.879 (Simulation time: 01 hr 39 min 45 sec)
Heartbeat CPU 17 instructions: 290000089 cycles: 134862935 heartbeat IPC: 1.87 cumulative IPC: 1.878 (Simulation time: 01 hr 39 min 57 sec)
Heartbeat CPU 7 instructions: 240000058 cycles: 134914959 heartbeat IPC: 1.45 cumulative IPC: 1.434 (Simulation time: 01 hr 40 min 30 sec)
Heartbeat CPU 27 instructions: 550000175 cycles: 135032198 heartbeat IPC: 4.32 cumulative IPC: 4.052 (Simulation time: 01 hr 41 min 45 sec)
Heartbeat CPU 4 instructions: 620000195 cycles: 135165005 heartbeat IPC: 4.559 cumulative IPC: 4.555 (Simulation time: 01 hr 43 min 12 sec)
Heartbeat CPU 20 instructions: 230000035 cycles: 135250196 heartbeat IPC: 1.35 cumulative IPC: 1.373 (Simulation time: 01 hr 44 min 07 sec)
Heartbeat CPU 29 instructions: 290000041 cycles: 136122919 heartbeat IPC: 1.836 cumulative IPC: 1.827 (Simulation time: 01 hr 53 min 22 sec)
Heartbeat CPU 19 instructions: 400000086 cycles: 136131155 heartbeat IPC: 2.904 cumulative IPC: 2.74 (Simulation time: 01 hr 53 min 27 sec)
Heartbeat CPU 26 instructions: 550000172 cycles: 136305048 heartbeat IPC: 3.509 cumulative IPC: 3.937 (Simulation time: 01 hr 55 min 19 sec)
Heartbeat CPU 3 instructions: 440000162 cycles: 136392810 heartbeat IPC: 3.134 cumulative IPC: 3.131 (Simulation time: 01 hr 56 min 15 sec)
Heartbeat CPU 25 instructions: 600000192 cycles: 136442336 heartbeat IPC: 4.656 cumulative IPC: 4.375 (Simulation time: 01 hr 56 min 47 sec)
Heartbeat CPU 13 instructions: 180000032 cycles: 136581503 heartbeat IPC: 1.15 cumulative IPC: 1.015 (Simulation time: 01 hr 58 min 16 sec)
Heartbeat CPU 21 instructions: 550000199 cycles: 136691592 heartbeat IPC: 4.045 cumulative IPC: 3.965 (Simulation time: 01 hr 59 min 27 sec)
Heartbeat CPU 18 instructions: 290000061 cycles: 136695142 heartbeat IPC: 1.869 cumulative IPC: 1.874 (Simulation time: 01 hr 59 min 29 sec)
Heartbeat CPU 9 instructions: 500000134 cycles: 136767997 heartbeat IPC: 3.352 cumulative IPC: 3.564 (Simulation time: 02 hr 00 min 17 sec)
Heartbeat CPU 16 instructions: 640000190 cycles: 136962699 heartbeat IPC: 4.652 cumulative IPC: 4.657 (Simulation time: 02 hr 02 min 23 sec)
Heartbeat CPU 23 instructions: 370000116 cycles: 137078385 heartbeat IPC: 2.715 cumulative IPC: 2.543 (Simulation time: 02 hr 03 min 37 sec)
Heartbeat CPU 11 instructions: 240000072 cycles: 137119483 heartbeat IPC: 1.432 cumulative IPC: 1.533 (Simulation time: 02 hr 04 min 03 sec)
Heartbeat CPU 4 instructions: 630000198 cycles: 137363078 heartbeat IPC: 4.549 cumulative IPC: 4.555 (Simulation time: 02 hr 06 min 35 sec)
Heartbeat CPU 31 instructions: 410000103 cycles: 137407799 heartbeat IPC: 2.776 cumulative IPC: 2.776 (Simulation time: 02 hr 07 min 03 sec)
Heartbeat CPU 6 instructions: 500000151 cycles: 137516090 heartbeat IPC: 3.593 cumulative IPC: 3.564 (Simulation time: 02 hr 08 min 11 sec)
Heartbeat CPU 12 instructions: 460000124 cycles: 137535444 heartbeat IPC: 3.399 cumulative IPC: 3.199 (Simulation time: 02 hr 08 min 23 sec)
Heartbeat CPU 28 instructions: 500000151 cycles: 137540684 heartbeat IPC: 3.594 cumulative IPC: 3.564 (Simulation time: 02 hr 08 min 26 sec)
Heartbeat CPU 14 instructions: 440000147 cycles: 137592289 heartbeat IPC: 3.037 cumulative IPC: 3.024 (Simulation time: 02 hr 08 min 58 sec)
Heartbeat CPU 27 instructions: 560000176 cycles: 137613468 heartbeat IPC: 3.874 cumulative IPC: 4.048 (Simulation time: 02 hr 09 min 12 sec)
Heartbeat CPU 8 instructions: 440000129 cycles: 137696095 heartbeat IPC: 3.04 cumulative IPC: 3.021 (Simulation time: 02 hr 10 min 05 sec)
Heartbeat CPU 0 instructions: 490000139 cycles: 137709939 heartbeat IPC: 3.479 cumulative IPC: 3.477 (Simulation time: 02 hr 10 min 13 sec)
Heartbeat CPU 30 instructions: 410000103 cycles: 137852772 heartbeat IPC: 2.765 cumulative IPC: 2.766 (Simulation time: 02 hr 11 min 42 sec)
Heartbeat CPU 15 instructions: 390000089 cycles: 138036726 heartbeat IPC: 2.571 cumulative IPC: 2.618 (Simulation time: 02 hr 13 min 39 sec)
Heartbeat CPU 24 instructions: 270000073 cycles: 138569863 heartbeat IPC: 1.636 cumulative IPC: 1.649 (Simulation time: 02 hr 19 min 11 sec)
Heartbeat CPU 25 instructions: 610000194 cycles: 138583130 heartbeat IPC: 4.671 cumulative IPC: 4.38 (Simulation time: 02 hr 19 min 19 sec)
Heartbeat CPU 16 instructions: 650000190 cycles: 139109065 heartbeat IPC: 4.659 cumulative IPC: 4.657 (Simulation time: 02 hr 24 min 44 sec)
Heartbeat CPU 2 instructions: 290000071 cycles: 139219131 heartbeat IPC: 1.848 cumulative IPC: 1.847 (Simulation time: 02 hr 25 min 53 sec)
Heartbeat CPU 10 instructions: 200000047 cycles: 139277796 heartbeat IPC: 1.152 cumulative IPC: 1.16 (Simulation time: 02 hr 26 min 29 sec)
Heartbeat CPU 21 instructions: 560000199 cycles: 139327420 heartbeat IPC: 3.794 cumulative IPC: 3.961 (Simulation time: 02 hr 27 min 00 sec)
Heartbeat CPU 19 instructions: 410000087 cycles: 139515164 heartbeat IPC: 2.955 cumulative IPC: 2.746 (Simulation time: 02 hr 28 min 58 sec)
Heartbeat CPU 4 instructions: 640000202 cycles: 139580074 heartbeat IPC: 4.511 cumulative IPC: 4.554 (Simulation time: 02 hr 29 min 39 sec)
Heartbeat CPU 3 instructions: 450000165 cycles: 139583580 heartbeat IPC: 3.134 cumulative IPC: 3.131 (Simulation time: 02 hr 29 min 41 sec)
Heartbeat CPU 9 instructions: 510000141 cycles: 139610222 heartbeat IPC: 3.518 cumulative IPC: 3.563 (Simulation time: 02 hr 29 min 58 sec)
Heartbeat CPU 22 instructions: 200000052 cycles: 139707400 heartbeat IPC: 1.15 cumulative IPC: 1.156 (Simulation time: 02 hr 30 min 59 sec)
Heartbeat CPU 1 instructions: 300000089 cycles: 140154968 heartbeat IPC: 1.883 cumulative IPC: 1.879 (Simulation time: 02 hr 35 min 44 sec)
Heartbeat CPU 17 instructions: 300000089 cycles: 140171828 heartbeat IPC: 1.884 cumulative IPC: 1.879 (Simulation time: 02 hr 35 min 55 sec)
Heartbeat CPU 27 instructions: 570000177 cycles: 140225416 heartbeat IPC: 3.829 cumulative IPC: 4.043 (Simulation time: 02 hr 36 min 30 sec)
Heartbeat CPU 6 instructions: 510000155 cycles: 140290051 heartbeat IPC: 3.605 cumulative IPC: 3.565 (Simulation time: 02 hr 37 min 11 sec)
Heartbeat CPU 28 instructions: 510000155 cycles: 140315175 heartbeat IPC: 3.604 cumulative IPC: 3.564 (Simulation time: 02 hr 37 min 28 sec)
Heartbeat CPU 12 instructions: 470000130 cycles: 140483350 heartbeat IPC: 3.392 cumulative IPC: 3.203 (Simulation time: 02 hr 39 min 16 sec)
Heartbeat CPU 0 instructions: 500000141 cycles: 140593783 heartbeat IPC: 3.468 cumulative IPC: 3.477 (Simulation time: 02 hr 40 min 28 sec)
Heartbeat CPU 14 instructions: 450000152 cycles: 140850436 heartbeat IPC: 3.069 cumulative IPC: 3.025 (Simulation time: 02 hr 43 min 15 sec)
Heartbeat CPU 23 instructions: 380000118 cycles: 140904019 heartbeat IPC: 2.614 cumulative IPC: 2.545 (Simulation time: 02 hr 43 min 50 sec)
Heartbeat CPU 8 instructions: 450000133 cycles: 140954322 heartbeat IPC: 3.069 cumulative IPC: 3.023 (Simulation time: 02 hr 44 min 22 sec)
Heartbeat CPU 31 instructions: 420000105 cycles: 141016170 heartbeat IPC: 2.771 cumulative IPC: 2.776 (Simulation time: 02 hr 45 min 03 sec)
Heartbeat CPU 25 instructions: 620000197 cycles: 141251520 heartbeat IPC: 3.748 cumulative IPC: 4.367 (Simulation time: 02 hr 47 min 35 sec)
Heartbeat CPU 16 instructions: 660000195 cycles: 141257220 heartbeat IPC: 4.655 cumulative IPC: 4.657 (Simulation time: 02 hr 47 min 39 sec)
Heartbeat CPU 26 instructions: 560000173 cycles: 141414785 heartbeat IPC: 1.957 cumulative IPC: 3.858 (Simulation time: 02 hr 49 min 22 sec)
Heartbeat CPU 30 instructions: 420000105 cycles: 141474131 heartbeat IPC: 2.761 cumulative IPC: 2.766 (Simulation time: 02 hr 50 min 01 sec)
Heartbeat CPU 29 instructions: 300000041 cycles: 141610224 heartbeat IPC: 1.822 cumulative IPC: 1.827 (Simulation time: 02 hr 51 min 29 sec)
Heartbeat CPU 5 instructions: 240000078 cycles: 141754505 heartbeat IPC: 1.364 cumulative IPC: 1.418 (Simulation time: 02 hr 53 min 02 sec)
Heartbeat CPU 4 instructions: 650000202 cycles: 141780979 heartbeat IPC: 4.544 cumulative IPC: 4.554 (Simulation time: 02 hr 53 min 19 sec)
Heartbeat CPU 15 instructions: 400000090 cycles: 141824908 heartbeat IPC: 2.64 cumulative IPC: 2.619 (Simulation time: 02 hr 53 min 47 sec)
Heartbeat CPU 7 instructions: 250000058 cycles: 141828967 heartbeat IPC: 1.446 cumulative IPC: 1.435 (Simulation time: 02 hr 53 min 49 sec)
Heartbeat CPU 21 instructions: 570000203 cycles: 141928913 heartbeat IPC: 3.844 cumulative IPC: 3.959 (Simulation time: 02 hr 54 min 54 sec)
Heartbeat CPU 18 instructions: 300000062 cycles: 142086188 heartbeat IPC: 1.855 cumulative IPC: 1.874 (Simulation time: 02 hr 56 min 35 sec)
Heartbeat CPU 9 instructions: 520000144 cycles: 142208588 heartbeat IPC: 3.849 cumulative IPC: 3.568 (Simulation time: 02 hr 57 min 55 sec)
Heartbeat CPU 20 instructions: 240000035 cycles: 142451977 heartbeat IPC: 1.389 cumulative IPC: 1.374 (Simulation time: 03 hr 00 min 32 sec)
Heartbeat CPU 3 instructions: 460000172 cycles: 142774338 heartbeat IPC: 3.134 cumulative IPC: 3.131 (Simulation time: 03 hr 04 min 00 sec)
Heartbeat CPU 27 instructions: 580000184 cycles: 142802175 heartbeat IPC: 3.881 cumulative IPC: 4.04 (Simulation time: 03 hr 04 min 18 sec)
Heartbeat CPU 19 instructions: 420000092 cycles: 142839029 heartbeat IPC: 3.009 cumulative IPC: 2.753 (Simulation time: 03 hr 04 min 42 sec)
Heartbeat CPU 6 instructions: 520000161 cycles: 143077319 heartbeat IPC: 3.588 cumulative IPC: 3.566 (Simulation time: 03 hr 07 min 15 sec)
Heartbeat CPU 28 instructions: 520000161 cycles: 143102895 heartbeat IPC: 3.587 cumulative IPC: 3.565 (Simulation time: 03 hr 07 min 32 sec)
Heartbeat CPU 16 instructions: 670000201 cycles: 143404284 heartbeat IPC: 4.658 cumulative IPC: 4.657 (Simulation time: 03 hr 10 min 44 sec)
Heartbeat CPU 12 instructions: 480000132 cycles: 143428186 heartbeat IPC: 3.396 cumulative IPC: 3.207 (Simulation time: 03 hr 10 min 59 sec)
Heartbeat CPU 25 instructions: 630000198 cycles: 143475843 heartbeat IPC: 4.496 cumulative IPC: 4.369 (Simulation time: 03 hr 11 min 29 sec)
Heartbeat CPU 0 instructions: 510000147 cycles: 143485951 heartbeat IPC: 3.458 cumulative IPC: 3.477 (Simulation time: 03 hr 11 min 36 sec)
Simulation finished CPU 11 instructions: 200000007 cycles: 130346849 cumulative IPC: 1.534 (Simulation time: 03 hr 11 min 45 sec)
Heartbeat CPU 11 instructions: 250000073 cycles: 143500723 heartbeat IPC: 1.567 cumulative IPC: 1.534 (Simulation time: 03 hr 11 min 45 sec)
Heartbeat CPU 26 instructions: 570000175 cycles: 143844654 heartbeat IPC: 4.115 cumulative IPC: 3.863 (Simulation time: 03 hr 15 min 26 sec)
Heartbeat CPU 4 instructions: 660000206 cycles: 143972688 heartbeat IPC: 4.563 cumulative IPC: 4.554 (Simulation time: 03 hr 16 min 46 sec)
Heartbeat CPU 14 instructions: 460000154 cycles: 144136824 heartbeat IPC: 3.043 cumulative IPC: 3.025 (Simulation time: 03 hr 18 min 30 sec)
Heartbeat CPU 8 instructions: 460000137 cycles: 144241603 heartbeat IPC: 3.042 cumulative IPC: 3.023 (Simulation time: 03 hr 19 min 37 sec)
Heartbeat CPU 2 instructions: 300000072 cycles: 144610144 heartbeat IPC: 1.855 cumulative IPC: 1.847 (Simulation time: 03 hr 23 min 29 sec)
Heartbeat CPU 23 instructions: 390000119 cycles: 144614079 heartbeat IPC: 2.695 cumulative IPC: 2.549 (Simulation time: 03 hr 23 min 32 sec)
Heartbeat CPU 31 instructions: 430000106 cycles: 144617395 heartbeat IPC: 2.777 cumulative IPC: 2.776 (Simulation time: 03 hr 23 min 34 sec)
Heartbeat CPU 21 instructions: 580000207 cycles: 144623273 heartbeat IPC: 3.711 cumulative IPC: 3.954 (Simulation time: 03 hr 23 min 38 sec)
Heartbeat CPU 24 instructions: 280000074 cycles: 144632065 heartbeat IPC: 1.65 cumulative IPC: 1.649 (Simulation time: 03 hr 23 min 43 sec)
Heartbeat CPU 13 instructions: 190000037 cycles: 144806892 heartbeat IPC: 1.216 cumulative IPC: 1.027 (Simulation time: 03 hr 25 min 36 sec)
Heartbeat CPU 30 instructions: 430000106 cycles: 145093030 heartbeat IPC: 2.763 cumulative IPC: 2.766 (Simulation time: 03 hr 28 min 36 sec)
Heartbeat CPU 27 instructions: 590000187 cycles: 145264941 heartbeat IPC: 4.06 cumulative IPC: 4.041 (Simulation time: 03 hr 30 min 23 sec)
Heartbeat CPU 9 instructions: 530000144 cycles: 145305400 heartbeat IPC: 3.229 cumulative IPC: 3.561 (Simulation time: 03 hr 30 min 49 sec)
Heartbeat CPU 1 instructions: 310000094 cycles: 145442286 heartbeat IPC: 1.891 cumulative IPC: 1.879 (Simulation time: 03 hr 32 min 14 sec)
Heartbeat CPU 17 instructions: 310000094 cycles: 145458484 heartbeat IPC: 1.892 cumulative IPC: 1.879 (Simulation time: 03 hr 32 min 24 sec)
Heartbeat CPU 16 instructions: 680000207 cycles: 145554939 heartbeat IPC: 4.65 cumulative IPC: 4.657 (Simulation time: 03 hr 33 min 25 sec)
Heartbeat CPU 15 instructions: 410000094 cycles: 145580745 heartbeat IPC: 2.663 cumulative IPC: 2.62 (Simulation time: 03 hr 33 min 41 sec)
Heartbeat CPU 25 instructions: 640000198 cycles: 145765966 heartbeat IPC: 4.367 cumulative IPC: 4.369 (Simulation time: 03 hr 35 min 38 sec)
Heartbeat CPU 3 instructions: 470000176 cycles: 145965158 heartbeat IPC: 3.134 cumulative IPC: 3.131 (Simulation time: 03 hr 37 min 45 sec)
Heartbeat CPU 4 instructions: 670000209 cycles: 146125670 heartbeat IPC: 4.645 cumulative IPC: 4.555 (Simulation time: 03 hr 39 min 26 sec)
Heartbeat CPU 12 instructions: 490000136 cycles: 146379786 heartbeat IPC: 3.388 cumulative IPC: 3.211 (Simulation time: 03 hr 42 min 09 sec)
Heartbeat CPU 0 instructions: 520000154 cycles: 146387622 heartbeat IPC: 3.446 cumulative IPC: 3.476 (Simulation time: 03 hr 42 min 14 sec)
Heartbeat CPU 6 instructions: 530000166 cycles: 146535774 heartbeat IPC: 2.891 cumulative IPC: 3.548 (Simulation time: 03 hr 43 min 49 sec)
Heartbeat CPU 28 instructions: 530000166 cycles: 146557950 heartbeat IPC: 2.894 cumulative IPC: 3.548 (Simulation time: 03 hr 44 min 03 sec)
Heartbeat CPU 29 instructions: 310000042 cycles: 147053088 heartbeat IPC: 1.837 cumulative IPC: 1.827 (Simulation time: 03 hr 49 min 16 sec)
Heartbeat CPU 21 instructions: 590000212 cycles: 147102180 heartbeat IPC: 4.034 cumulative IPC: 3.955 (Simulation time: 03 hr 49 min 48 sec)
Heartbeat CPU 26 instructions: 580000181 cycles: 147200406 heartbeat IPC: 2.98 cumulative IPC: 3.841 (Simulation time: 03 hr 50 min 50 sec)
Heartbeat CPU 19 instructions: 430000094 cycles: 147318696 heartbeat IPC: 2.232 cumulative IPC: 2.735 (Simulation time: 03 hr 52 min 05 sec)
Heartbeat CPU 14 instructions: 470000154 cycles: 147401121 heartbeat IPC: 3.063 cumulative IPC: 3.026 (Simulation time: 03 hr 52 min 57 sec)
Heartbeat CPU 18 instructions: 310000062 cycles: 147433719 heartbeat IPC: 1.87 cumulative IPC: 1.873 (Simulation time: 03 hr 53 min 18 sec)
Heartbeat CPU 8 instructions: 470000139 cycles: 147506269 heartbeat IPC: 3.063 cumulative IPC: 3.024 (Simulation time: 03 hr 54 min 04 sec)
Heartbeat CPU 16 instructions: 690000213 cycles: 147704748 heartbeat IPC: 4.652 cumulative IPC: 4.657 (Simulation time: 03 hr 56 min 10 sec)
Heartbeat CPU 27 instructions: 600000188 cycles: 147975496 heartbeat IPC: 3.689 cumulative IPC: 4.034 (Simulation time: 03 hr 59 min 02 sec)
Heartbeat CPU 5 instructions: 250000084 cycles: 148158229 heartbeat IPC: 1.562 cumulative IPC: 1.425 (Simulation time: 04 hr 00 min 57 sec)
Heartbeat CPU 25 instructions: 650000198 cycles: 148158415 heartbeat IPC: 4.18 cumulative IPC: 4.366 (Simulation time: 04 hr 00 min 57 sec)
Heartbeat CPU 31 instructions: 440000108 cycles: 148235550 heartbeat IPC: 2.764 cumulative IPC: 2.775 (Simulation time: 04 hr 01 min 46 sec)
Heartbeat CPU 4 instructions: 680000210 cycles: 148278959 heartbeat IPC: 4.644 cumulative IPC: 4.557 (Simulation time: 04 hr 02 min 13 sec)
Heartbeat CPU 9 instructions: 540000148 cycles: 148397239 heartbeat IPC: 3.234 cumulative IPC: 3.553 (Simulation time: 04 hr 03 min 27 sec)
Heartbeat CPU 30 instructions: 440000108 cycles: 148719187 heartbeat IPC: 2.758 cumulative IPC: 2.765 (Simulation time: 04 hr 06 min 53 sec)
Heartbeat CPU 7 instructions: 260000058 cycles: 148768707 heartbeat IPC: 1.441 cumulative IPC: 1.435 (Simulation time: 04 hr 07 min 24 sec)
Heartbeat CPU 23 instructions: 400000125 cycles: 148892876 heartbeat IPC: 2.337 cumulative IPC: 2.543 (Simulation time: 04 hr 08 min 43 sec)
Heartbeat CPU 3 instructions: 480000178 cycles: 149155917 heartbeat IPC: 3.134 cumulative IPC: 3.131 (Simulation time: 04 hr 11 min 30 sec)
Heartbeat CPU 12 instructions: 500000140 cycles: 149326268 heartbeat IPC: 3.394 cumulative IPC: 3.215 (Simulation time: 04 hr 13 min 19 sec)
Heartbeat CPU 15 instructions: 420000096 cycles: 149367263 heartbeat IPC: 2.641 cumulative IPC: 2.621 (Simulation time: 04 hr 13 min 45 sec)
Heartbeat CPU 0 instructions: 530000159 cycles: 149413305 heartbeat IPC: 3.305 cumulative IPC: 3.472 (Simulation time: 04 hr 14 min 14 sec)
Heartbeat CPU 21 instructions: 600000217 cycles: 149511754 heartbeat IPC: 4.15 cumulative IPC: 3.959 (Simulation time: 04 hr 15 min 16 sec)
Heartbeat CPU 6 instructions: 540000172 cycles: 149748912 heartbeat IPC: 3.112 cumulative IPC: 3.538 (Simulation time: 04 hr 17 min 48 sec)
Heartbeat CPU 28 instructions: 540000172 cycles: 149777638 heartbeat IPC: 3.106 cumulative IPC: 3.537 (Simulation time: 04 hr 18 min 06 sec)
Heartbeat CPU 16 instructions: 700000216 cycles: 149852549 heartbeat IPC: 4.656 cumulative IPC: 4.657 (Simulation time: 04 hr 18 min 54 sec)
Heartbeat CPU 20 instructions: 250000036 cycles: 149965379 heartbeat IPC: 1.331 cumulative IPC: 1.372 (Simulation time: 04 hr 20 min 08 sec)
Heartbeat CPU 2 instructions: 310000076 cycles: 149985217 heartbeat IPC: 1.86 cumulative IPC: 1.848 (Simulation time: 04 hr 20 min 20 sec)
Heartbeat CPU 26 instructions: 590000183 cycles: 150083271 heartbeat IPC: 3.469 cumulative IPC: 3.833 (Simulation time: 04 hr 21 min 23 sec)
Heartbeat CPU 4 instructions: 690000211 cycles: 150400381 heartbeat IPC: 4.714 cumulative IPC: 4.559 (Simulation time: 04 hr 24 min 48 sec)
Heartbeat CPU 25 instructions: 660000203 cycles: 150439414 heartbeat IPC: 4.384 cumulative IPC: 4.366 (Simulation time: 04 hr 25 min 13 sec)
Heartbeat CPU 11 instructions: 260000074 cycles: 150506607 heartbeat IPC: 1.427 cumulative IPC: 1.529 (Simulation time: 04 hr 25 min 56 sec)
Heartbeat CPU 27 instructions: 610000193 cycles: 150559033 heartbeat IPC: 3.871 cumulative IPC: 4.031 (Simulation time: 04 hr 26 min 29 sec)
Heartbeat CPU 14 instructions: 480000161 cycles: 150688792 heartbeat IPC: 3.042 cumulative IPC: 3.027 (Simulation time: 04 hr 27 min 52 sec)
Heartbeat CPU 24 instructions: 290000076 cycles: 150717112 heartbeat IPC: 1.643 cumulative IPC: 1.648 (Simulation time: 04 hr 28 min 09 sec)
Heartbeat CPU 1 instructions: 320000101 cycles: 150767430 heartbeat IPC: 1.878 cumulative IPC: 1.879 (Simulation time: 04 hr 28 min 41 sec)
Heartbeat CPU 17 instructions: 320000101 cycles: 150785477 heartbeat IPC: 1.877 cumulative IPC: 1.879 (Simulation time: 04 hr 28 min 52 sec)
Heartbeat CPU 8 instructions: 480000145 cycles: 150811099 heartbeat IPC: 3.026 cumulative IPC: 3.024 (Simulation time: 04 hr 29 min 08 sec)
Heartbeat CPU 9 instructions: 550000149 cycles: 151133919 heartbeat IPC: 3.654 cumulative IPC: 3.555 (Simulation time: 04 hr 32 min 36 sec)
Heartbeat CPU 19 instructions: 440000097 cycles: 151371419 heartbeat IPC: 2.467 cumulative IPC: 2.728 (Simulation time: 04 hr 35 min 11 sec)
Simulation finished CPU 5 instructions: 200000005 cycles: 138655095 cumulative IPC: 1.442 (Simulation time: 04 hr 39 min 55 sec)
Heartbeat CPU 31 instructions: 450000108 cycles: 151838716 heartbeat IPC: 2.775 cumulative IPC: 2.775 (Simulation time: 04 hr 40 min 14 sec)
Heartbeat CPU 21 instructions: 610000222 cycles: 151860944 heartbeat IPC: 4.257 cumulative IPC: 3.964 (Simulation time: 04 hr 40 min 29 sec)
Heartbeat CPU 16 instructions: 710000217 cycles: 152001478 heartbeat IPC: 4.653 cumulative IPC: 4.657 (Simulation time: 04 hr 41 min 59 sec)
Heartbeat CPU 10 instructions: 210000050 cycles: 152061765 heartbeat IPC: 0.7822 cumulative IPC: 1.125 (Simulation time: 04 hr 42 min 38 sec)
Heartbeat CPU 12 instructions: 510000144 cycles: 152271586 heartbeat IPC: 3.395 cumulative IPC: 3.219 (Simulation time: 04 hr 44 min 53 sec)
Heartbeat CPU 30 instructions: 450000108 cycles: 152337765 heartbeat IPC: 2.764 cumulative IPC: 2.765 (Simulation time: 04 hr 45 min 35 sec)
Heartbeat CPU 3 instructions: 490000178 cycles: 152346684 heartbeat IPC: 3.134 cumulative IPC: 3.131 (Simulation time: 04 hr 45 min 41 sec)
Simulation finished CPU 7 instructions: 200000000 cycles: 139202641 cumulative IPC: 1.437 (Simulation time: 04 hr 45 min 47 sec)
Heartbeat CPU 0 instructions: 540000163 cycles: 152461035 heartbeat IPC: 3.281 cumulative IPC: 3.468 (Simulation time: 04 hr 46 min 55 sec)
Heartbeat CPU 6 instructions: 550000172 cycles: 152525896 heartbeat IPC: 3.601 cumulative IPC: 3.539 (Simulation time: 04 hr 47 min 37 sec)
Heartbeat CPU 4 instructions: 700000215 cycles: 152530086 heartbeat IPC: 4.695 cumulative IPC: 4.561 (Simulation time: 04 hr 47 min 40 sec)
Heartbeat CPU 29 instructions: 320000042 cycles: 152541908 heartbeat IPC: 1.822 cumulative IPC: 1.827 (Simulation time: 04 hr 47 min 47 sec)
Heartbeat CPU 28 instructions: 550000172 cycles: 152554658 heartbeat IPC: 3.601 cumulative IPC: 3.538 (Simulation time: 04 hr 47 min 56 sec)
Heartbeat CPU 22 instructions: 210000052 cycles: 152570740 heartbeat IPC: 0.7774 cumulative IPC: 1.121 (Simulation time: 04 hr 48 min 06 sec)
Heartbeat CPU 5 instructions: 260000087 cycles: 152699014 heartbeat IPC: 2.202 cumulative IPC: 1.45 (Simulation time: 04 hr 49 min 31 sec)
Heartbeat CPU 25 instructions: 670000207 cycles: 152758796 heartbeat IPC: 4.311 cumulative IPC: 4.365 (Simulation time: 04 hr 50 min 09 sec)
Heartbeat CPU 18 instructions: 320000063 cycles: 152795830 heartbeat IPC: 1.865 cumulative IPC: 1.873 (Simulation time: 04 hr 50 min 33 sec)
Heartbeat CPU 23 instructions: 410000129 cycles: 152836055 heartbeat IPC: 2.536 cumulative IPC: 2.543 (Simulation time: 04 hr 50 min 59 sec)
Heartbeat CPU 26 instructions: 600000184 cycles: 152866095 heartbeat IPC: 3.593 cumulative IPC: 3.828 (Simulation time: 04 hr 51 min 19 sec)
Heartbeat CPU 27 instructions: 620000200 cycles: 152944519 heartbeat IPC: 4.192 cumulative IPC: 4.033 (Simulation time: 04 hr 52 min 09 sec)
Heartbeat CPU 15 instructions: 430000100 cycles: 153116327 heartbeat IPC: 2.667 cumulative IPC: 2.622 (Simulation time: 04 hr 54 min 00 sec)
Heartbeat CPU 13 instructions: 200000041 cycles: 153121853 heartbeat IPC: 1.203 cumulative IPC: 1.038 (Simulation time: 04 hr 54 min 03 sec)
Heartbeat CPU 9 instructions: 560000154 cycles: 153515514 heartbeat IPC: 4.199 cumulative IPC: 3.566 (Simulation time: 04 hr 58 min 14 sec)
Heartbeat CPU 14 instructions: 490000161 cycles: 153936424 heartbeat IPC: 3.079 cumulative IPC: 3.028 (Simulation time: 05 hr 02 min 44 sec)
Heartbeat CPU 8 instructions: 490000147 cycles: 154069466 heartbeat IPC: 3.069 cumulative IPC: 3.025 (Simulation time: 05 hr 04 min 10 sec)
Heartbeat CPU 16 instructions: 720000222 cycles: 154147698 heartbeat IPC: 4.659 cumulative IPC: 4.657 (Simulation time: 05 hr 05 min 01 sec)
Heartbeat CPU 21 instructions: 620000225 cycles: 154183734 heartbeat IPC: 4.305 cumulative IPC: 3.969 (Simulation time: 05 hr 05 min 24 sec)
Heartbeat CPU 4 instructions: 710000215 cycles: 154798897 heartbeat IPC: 4.408 cumulative IPC: 4.559 (Simulation time: 05 hr 12 min 01 sec)
Heartbeat CPU 25 instructions: 680000208 cycles: 155081437 heartbeat IPC: 4.305 cumulative IPC: 4.364 (Simulation time: 05 hr 15 min 02 sec)
Heartbeat CPU 12 instructions: 520000146 cycles: 155217706 heartbeat IPC: 3.394 cumulative IPC: 3.223 (Simulation time: 05 hr 16 min 29 sec)
Heartbeat CPU 27 instructions: 630000203 cycles: 155313317 heartbeat IPC: 4.222 cumulative IPC: 4.036 (Simulation time: 05 hr 17 min 29 sec)
Heartbeat CPU 6 instructions: 560000175 cycles: 155316011 heartbeat IPC: 3.584 cumulative IPC: 3.54 (Simulation time: 05 hr 17 min 31 sec)
Heartbeat CPU 28 instructions: 560000175 cycles: 155344134 heartbeat IPC: 3.585 cumulative IPC: 3.539 (Simulation time: 05 hr 17 min 49 sec)
Heartbeat CPU 2 instructions: 320000078 cycles: 155359684 heartbeat IPC: 1.861 cumulative IPC: 1.848 (Simulation time: 05 hr 17 min 59 sec)
Heartbeat CPU 31 instructions: 460000110 cycles: 155443324 heartbeat IPC: 2.774 cumulative IPC: 2.775 (Simulation time: 05 hr 18 min 53 sec)
Heartbeat CPU 0 instructions: 550000163 cycles: 155501477 heartbeat IPC: 3.289 cumulative IPC: 3.464 (Simulation time: 05 hr 19 min 31 sec)
Heartbeat CPU 3 instructions: 500000179 cycles: 155537484 heartbeat IPC: 3.134 cumulative IPC: 3.131 (Simulation time: 05 hr 19 min 54 sec)
Heartbeat CPU 7 instructions: 270000058 cycles: 155679432 heartbeat IPC: 1.447 cumulative IPC: 1.436 (Simulation time: 05 hr 21 min 26 sec)
Heartbeat CPU 26 instructions: 610000191 cycles: 155717451 heartbeat IPC: 3.507 cumulative IPC: 3.822 (Simulation time: 05 hr 21 min 50 sec)
Heartbeat CPU 9 instructions: 570000158 cycles: 155911415 heartbeat IPC: 4.174 cumulative IPC: 3.576 (Simulation time: 05 hr 23 min 56 sec)
Heartbeat CPU 30 instructions: 460000110 cycles: 155965238 heartbeat IPC: 2.757 cumulative IPC: 2.765 (Simulation time: 05 hr 24 min 31 sec)
Heartbeat CPU 1 instructions: 330000107 cycles: 156059747 heartbeat IPC: 1.89 cumulative IPC: 1.88 (Simulation time: 05 hr 25 min 33 sec)
Heartbeat CPU 17 instructions: 330000107 cycles: 156078491 heartbeat IPC: 1.889 cumulative IPC: 1.879 (Simulation time: 05 hr 25 min 45 sec)
Heartbeat CPU 16 instructions: 730000223 cycles: 156295446 heartbeat IPC: 4.656 cumulative IPC: 4.657 (Simulation time: 05 hr 28 min 05 sec)
Heartbeat CPU 5 instructions: 270000087 cycles: 156643151 heartbeat IPC: 2.535 cumulative IPC: 1.48 (Simulation time: 05 hr 31 min 54 sec)
Heartbeat CPU 11 instructions: 270000080 cycles: 156752931 heartbeat IPC: 1.601 cumulative IPC: 1.532 (Simulation time: 05 hr 33 min 05 sec)
Heartbeat CPU 24 instructions: 300000080 cycles: 156766475 heartbeat IPC: 1.653 cumulative IPC: 1.649 (Simulation time: 05 hr 33 min 14 sec)
Heartbeat CPU 23 instructions: 420000132 cycles: 156782704 heartbeat IPC: 2.534 cumulative IPC: 2.542 (Simulation time: 05 hr 33 min 25 sec)
Heartbeat CPU 21 instructions: 630000225 cycles: 156814632 heartbeat IPC: 3.801 cumulative IPC: 3.966 (Simulation time: 05 hr 33 min 46 sec)
Heartbeat CPU 15 instructions: 440000102 cycles: 156887673 heartbeat IPC: 2.652 cumulative IPC: 2.623 (Simulation time: 05 hr 34 min 33 sec)
Heartbeat CPU 4 instructions: 720000219 cycles: 157008015 heartbeat IPC: 4.527 cumulative IPC: 4.558 (Simulation time: 05 hr 35 min 51 sec)
Heartbeat CPU 14 instructions: 500000164 cycles: 157177308 heartbeat IPC: 3.086 cumulative IPC: 3.029 (Simulation time: 05 hr 37 min 41 sec)
Heartbeat CPU 20 instructions: 260000036 cycles: 157236447 heartbeat IPC: 1.375 cumulative IPC: 1.372 (Simulation time: 05 hr 38 min 19 sec)
Heartbeat CPU 19 instructions: 450000102 cycles: 157245811 heartbeat IPC: 1.702 cumulative IPC: 2.686 (Simulation time: 05 hr 38 min 25 sec)
Heartbeat CPU 8 instructions: 500000147 cycles: 157314060 heartbeat IPC: 3.082 cumulative IPC: 3.026 (Simulation time: 05 hr 39 min 08 sec)
Heartbeat CPU 25 instructions: 690000214 cycles: 157404098 heartbeat IPC: 4.305 cumulative IPC: 4.363 (Simulation time: 05 hr 40 min 08 sec)
Heartbeat CPU 27 instructions: 640000210 cycles: 157715122 heartbeat IPC: 4.164 cumulative IPC: 4.039 (Simulation time: 05 hr 43 min 31 sec)
Heartbeat CPU 29 instructions: 330000043 cycles: 157988835 heartbeat IPC: 1.836 cumulative IPC: 1.827 (Simulation time: 05 hr 46 min 26 sec)
Heartbeat CPU 18 instructions: 330000067 cycles: 158085038 heartbeat IPC: 1.891 cumulative IPC: 1.874 (Simulation time: 05 hr 47 min 28 sec)
Heartbeat CPU 6 instructions: 570000178 cycles: 158095079 heartbeat IPC: 3.598 cumulative IPC: 3.541 (Simulation time: 05 hr 47 min 34 sec)
Heartbeat CPU 28 instructions: 570000178 cycles: 158123505 heartbeat IPC: 3.598 cumulative IPC: 3.54 (Simulation time: 05 hr 47 min 52 sec)
Heartbeat CPU 12 instructions: 530000153 cycles: 158166069 heartbeat IPC: 3.392 cumulative IPC: 3.226 (Simulation time: 05 hr 48 min 20 sec)
Heartbeat CPU 9 instructions: 580000165 cycles: 158286430 heartbeat IPC: 4.211 cumulative IPC: 3.587 (Simulation time: 05 hr 49 min 35 sec)
Heartbeat CPU 16 instructions: 740000223 cycles: 158444389 heartbeat IPC: 4.653 cumulative IPC: 4.657 (Simulation time: 05 hr 51 min 17 sec)
Heartbeat CPU 26 instructions: 620000195 cycles: 158514395 heartbeat IPC: 3.575 cumulative IPC: 3.817 (Simulation time: 05 hr 52 min 02 sec)
Heartbeat CPU 0 instructions: 560000170 cycles: 158535694 heartbeat IPC: 3.296 cumulative IPC: 3.461 (Simulation time: 05 hr 52 min 16 sec)
Heartbeat CPU 3 instructions: 510000180 cycles: 158740924 heartbeat IPC: 3.122 cumulative IPC: 3.131 (Simulation time: 05 hr 54 min 28 sec)
Heartbeat CPU 31 instructions: 470000111 cycles: 159045826 heartbeat IPC: 2.776 cumulative IPC: 2.775 (Simulation time: 05 hr 57 min 42 sec)
Simulation finished CPU 20 instructions: 200000001 cycles: 145945465 cumulative IPC: 1.37 (Simulation time: 05 hr 58 min 16 sec)
Heartbeat CPU 4 instructions: 730000220 cycles: 159212802 heartbeat IPC: 4.536 cumulative IPC: 4.558 (Simulation time: 05 hr 59 min 28 sec)
Heartbeat CPU 21 instructions: 640000226 cycles: 159322387 heartbeat IPC: 3.988 cumulative IPC: 3.967 (Simulation time: 06 hr 00 min 36 sec)
Heartbeat CPU 30 instructions: 470000111 cycles: 159587549 heartbeat IPC: 2.761 cumulative IPC: 2.765 (Simulation time: 06 hr 03 min 26 sec)
Heartbeat CPU 25 instructions: 700000219 cycles: 159730012 heartbeat IPC: 4.299 cumulative IPC: 4.362 (Simulation time: 06 hr 04 min 56 sec)
Heartbeat CPU 27 instructions: 650000215 cycles: 160281722 heartbeat IPC: 3.896 cumulative IPC: 4.036 (Simulation time: 06 hr 10 min 45 sec)
Heartbeat CPU 14 instructions: 510000168 cycles: 160418089 heartbeat IPC: 3.086 cumulative IPC: 3.03 (Simulation time: 06 hr 12 min 11 sec)
Heartbeat CPU 8 instructions: 510000149 cycles: 160562321 heartbeat IPC: 3.079 cumulative IPC: 3.027 (Simulation time: 06 hr 13 min 42 sec)
Heartbeat CPU 16 instructions: 750000228 cycles: 160590899 heartbeat IPC: 4.659 cumulative IPC: 4.657 (Simulation time: 06 hr 14 min 00 sec)
Heartbeat CPU 19 instructions: 460000103 cycles: 160634469 heartbeat IPC: 2.951 cumulative IPC: 2.692 (Simulation time: 06 hr 14 min 28 sec)
Heartbeat CPU 23 instructions: 430000137 cycles: 160689789 heartbeat IPC: 2.559 cumulative IPC: 2.543 (Simulation time: 06 hr 15 min 03 sec)
Heartbeat CPU 2 instructions: 330000078 cycles: 160785521 heartbeat IPC: 1.843 cumulative IPC: 1.848 (Simulation time: 06 hr 16 min 04 sec)
Heartbeat CPU 6 instructions: 580000179 cycles: 160869263 heartbeat IPC: 3.605 cumulative IPC: 3.542 (Simulation time: 06 hr 16 min 57 sec)
Heartbeat CPU 15 instructions: 450000106 cycles: 160885631 heartbeat IPC: 2.501 cumulative IPC: 2.619 (Simulation time: 06 hr 17 min 07 sec)
Heartbeat CPU 28 instructions: 580000179 cycles: 160898340 heartbeat IPC: 3.604 cumulative IPC: 3.542 (Simulation time: 06 hr 17 min 15 sec)
Heartbeat CPU 12 instructions: 540000159 cycles: 161110988 heartbeat IPC: 3.396 cumulative IPC: 3.23 (Simulation time: 06 hr 19 min 31 sec)
Heartbeat CPU 10 instructions: 220000051 cycles: 161112669 heartbeat IPC: 1.105 cumulative IPC: 1.124 (Simulation time: 06 hr 19 min 32 sec)
Heartbeat CPU 26 instructions: 630000199 cycles: 161356061 heartbeat IPC: 3.519 cumulative IPC: 3.811 (Simulation time: 06 hr 22 min 08 sec)
Heartbeat CPU 9 instructions: 590000170 cycles: 161377422 heartbeat IPC: 3.235 cumulative IPC: 3.579 (Simulation time: 06 hr 22 min 22 sec)
Heartbeat CPU 1 instructions: 340000109 cycles: 161383755 heartbeat IPC: 1.878 cumulative IPC: 1.88 (Simulation time: 06 hr 22 min 26 sec)
Heartbeat CPU 17 instructions: 340000109 cycles: 161400637 heartbeat IPC: 1.879 cumulative IPC: 1.879 (Simulation time: 06 hr 22 min 37 sec)
Heartbeat CPU 4 instructions: 740000225 cycles: 161425749 heartbeat IPC: 4.519 cumulative IPC: 4.557 (Simulation time: 06 hr 22 min 53 sec)
Heartbeat CPU 13 instructions: 210000042 cycles: 161426243 heartbeat IPC: 1.204 cumulative IPC: 1.047 (Simulation time: 06 hr 22 min 53 sec)
Heartbeat CPU 0 instructions: 570000176 cycles: 161579393 heartbeat IPC: 3.285 cumulative IPC: 3.457 (Simulation time: 06 hr 24 min 31 sec)
Heartbeat CPU 22 instructions: 220000052 cycles: 161587485 heartbeat IPC: 1.109 cumulative IPC: 1.12 (Simulation time: 06 hr 24 min 36 sec)
Heartbeat CPU 3 instructions: 520000180 cycles: 161972013 heartbeat IPC: 3.095 cumulative IPC: 3.13 (Simulation time: 06 hr 28 min 39 sec)
Heartbeat CPU 21 instructions: 650000228 cycles: 162017417 heartbeat IPC: 3.711 cumulative IPC: 3.962 (Simulation time: 06 hr 29 min 08 sec)
Heartbeat CPU 25 instructions: 710000226 cycles: 162050313 heartbeat IPC: 4.31 cumulative IPC: 4.362 (Simulation time: 06 hr 29 min 30 sec)
Heartbeat CPU 7 instructions: 280000064 cycles: 162582470 heartbeat IPC: 1.449 cumulative IPC: 1.436 (Simulation time: 06 hr 35 min 08 sec)
Heartbeat CPU 31 instructions: 480000113 cycles: 162656144 heartbeat IPC: 2.77 cumulative IPC: 2.775 (Simulation time: 06 hr 35 min 55 sec)
Heartbeat CPU 27 instructions: 660000221 cycles: 162698867 heartbeat IPC: 4.137 cumulative IPC: 4.038 (Simulation time: 06 hr 36 min 22 sec)
Heartbeat CPU 16 instructions: 760000228 cycles: 162739894 heartbeat IPC: 4.653 cumulative IPC: 4.657 (Simulation time: 06 hr 36 min 48 sec)
Heartbeat CPU 11 instructions: 280000080 cycles: 162769042 heartbeat IPC: 1.662 cumulative IPC: 1.537 (Simulation time: 06 hr 37 min 07 sec)
Heartbeat CPU 24 instructions: 310000081 cycles: 162820429 heartbeat IPC: 1.652 cumulative IPC: 1.649 (Simulation time: 06 hr 37 min 39 sec)
Heartbeat CPU 30 instructions: 480000113 cycles: 163208884 heartbeat IPC: 2.761 cumulative IPC: 2.765 (Simulation time: 06 hr 41 min 45 sec)
Heartbeat CPU 18 instructions: 340000069 cycles: 163422556 heartbeat IPC: 1.874 cumulative IPC: 1.874 (Simulation time: 06 hr 44 min 00 sec)
Heartbeat CPU 29 instructions: 340000044 cycles: 163472161 heartbeat IPC: 1.824 cumulative IPC: 1.827 (Simulation time: 06 hr 44 min 31 sec)
Heartbeat CPU 4 instructions: 750000228 cycles: 163631377 heartbeat IPC: 4.534 cumulative IPC: 4.557 (Simulation time: 06 hr 46 min 11 sec)
Heartbeat CPU 6 instructions: 590000185 cycles: 163645794 heartbeat IPC: 3.602 cumulative IPC: 3.543 (Simulation time: 06 hr 46 min 20 sec)
Heartbeat CPU 14 instructions: 520000173 cycles: 163654837 heartbeat IPC: 3.09 cumulative IPC: 3.032 (Simulation time: 06 hr 46 min 26 sec)
Heartbeat CPU 28 instructions: 590000185 cycles: 163673914 heartbeat IPC: 3.603 cumulative IPC: 3.543 (Simulation time: 06 hr 46 min 38 sec)
Heartbeat CPU 8 instructions: 520000153 cycles: 163807141 heartbeat IPC: 3.082 cumulative IPC: 3.029 (Simulation time: 06 hr 48 min 02 sec)
Heartbeat CPU 9 instructions: 600000172 cycles: 164055905 heartbeat IPC: 3.733 cumulative IPC: 3.582 (Simulation time: 06 hr 50 min 40 sec)
Heartbeat CPU 12 instructions: 550000159 cycles: 164063636 heartbeat IPC: 3.387 cumulative IPC: 3.233 (Simulation time: 06 hr 50 min 44 sec)
Heartbeat CPU 19 instructions: 470000109 cycles: 164081096 heartbeat IPC: 2.901 cumulative IPC: 2.697 (Simulation time: 06 hr 50 min 55 sec)
Heartbeat CPU 26 instructions: 640000200 cycles: 164173161 heartbeat IPC: 3.55 cumulative IPC: 3.806 (Simulation time: 06 hr 51 min 52 sec)
Heartbeat CPU 23 instructions: 440000137 cycles: 164304499 heartbeat IPC: 2.766 cumulative IPC: 2.548 (Simulation time: 06 hr 53 min 14 sec)
Heartbeat CPU 25 instructions: 720000227 cycles: 164377437 heartbeat IPC: 4.297 cumulative IPC: 4.361 (Simulation time: 06 hr 53 min 59 sec)
Heartbeat CPU 21 instructions: 660000231 cycles: 164583954 heartbeat IPC: 3.896 cumulative IPC: 3.961 (Simulation time: 06 hr 56 min 06 sec)
Heartbeat CPU 0 instructions: 580000176 cycles: 164622079 heartbeat IPC: 3.287 cumulative IPC: 3.454 (Simulation time: 06 hr 56 min 29 sec)
Heartbeat CPU 20 instructions: 270000043 cycles: 164689524 heartbeat IPC: 1.342 cumulative IPC: 1.37 (Simulation time: 06 hr 57 min 11 sec)
Heartbeat CPU 16 instructions: 770000232 cycles: 164891691 heartbeat IPC: 4.647 cumulative IPC: 4.657 (Simulation time: 06 hr 59 min 15 sec)
Heartbeat CPU 27 instructions: 670000228 cycles: 165066240 heartbeat IPC: 4.224 cumulative IPC: 4.041 (Simulation time: 07 hr 01 min 04 sec)
Heartbeat CPU 15 instructions: 460000109 cycles: 165099659 heartbeat IPC: 2.373 cumulative IPC: 2.613 (Simulation time: 07 hr 01 min 25 sec)
Heartbeat CPU 3 instructions: 530000181 cycles: 165171985 heartbeat IPC: 3.125 cumulative IPC: 3.13 (Simulation time: 07 hr 02 min 10 sec)
Heartbeat CPU 4 instructions: 760000233 cycles: 165840951 heartbeat IPC: 4.526 cumulative IPC: 4.556 (Simulation time: 07 hr 09 min 13 sec)
Heartbeat CPU 2 instructions: 340000080 cycles: 166232675 heartbeat IPC: 1.836 cumulative IPC: 1.848 (Simulation time: 07 hr 13 min 19 sec)
Heartbeat CPU 31 instructions: 490000115 cycles: 166265591 heartbeat IPC: 2.771 cumulative IPC: 2.775 (Simulation time: 07 hr 13 min 39 sec)
Heartbeat CPU 6 instructions: 600000187 cycles: 166420478 heartbeat IPC: 3.604 cumulative IPC: 3.545 (Simulation time: 07 hr 15 min 16 sec)
Heartbeat CPU 28 instructions: 600000187 cycles: 166448740 heartbeat IPC: 3.604 cumulative IPC: 3.544 (Simulation time: 07 hr 15 min 34 sec)
Heartbeat CPU 25 instructions: 730000230 cycles: 166623775 heartbeat IPC: 4.452 cumulative IPC: 4.362 (Simulation time: 07 hr 17 min 25 sec)
Heartbeat CPU 1 instructions: 350000112 cycles: 166662865 heartbeat IPC: 1.894 cumulative IPC: 1.88 (Simulation time: 07 hr 17 min 50 sec)
Heartbeat CPU 17 instructions: 350000112 cycles: 166679682 heartbeat IPC: 1.894 cumulative IPC: 1.88 (Simulation time: 07 hr 18 min 01 sec)
Heartbeat CPU 30 instructions: 490000115 cycles: 166830067 heartbeat IPC: 2.762 cumulative IPC: 2.765 (Simulation time: 07 hr 19 min 37 sec)
Heartbeat CPU 5 instructions: 280000089 cycles: 166838276 heartbeat IPC: 0.9809 cumulative IPC: 1.447 (Simulation time: 07 hr 19 min 42 sec)
Heartbeat CPU 14 instructions: 530000176 cycles: 166859245 heartbeat IPC: 3.121 cumulative IPC: 3.034 (Simulation time: 07 hr 19 min 56 sec)
Heartbeat CPU 9 instructions: 610000173 cycles: 166952174 heartbeat IPC: 3.453 cumulative IPC: 3.58 (Simulation time: 07 hr 20 min 55 sec)
Heartbeat CPU 12 instructions: 560000166 cycles: 167005997 heartbeat IPC: 3.399 cumulative IPC: 3.236 (Simulation time: 07 hr 21 min 29 sec)
Heartbeat CPU 8 instructions: 530000157 cycles: 167012496 heartbeat IPC: 3.12 cumulative IPC: 3.031 (Simulation time: 07 hr 21 min 33 sec)
Heartbeat CPU 26 instructions: 650000202 cycles: 167034079 heartbeat IPC: 3.495 cumulative IPC: 3.801 (Simulation time: 07 hr 21 min 47 sec)
Heartbeat CPU 16 instructions: 780000237 cycles: 167039897 heartbeat IPC: 4.655 cumulative IPC: 4.657 (Simulation time: 07 hr 21 min 50 sec)
Heartbeat CPU 21 instructions: 670000232 cycles: 167117332 heartbeat IPC: 3.947 cumulative IPC: 3.961 (Simulation time: 07 hr 22 min 39 sec)
Heartbeat CPU 27 instructions: 680000229 cycles: 167437065 heartbeat IPC: 4.218 cumulative IPC: 4.043 (Simulation time: 07 hr 26 min 02 sec)
Heartbeat CPU 19 instructions: 480000113 cycles: 167651388 heartbeat IPC: 2.801 cumulative IPC: 2.699 (Simulation time: 07 hr 28 min 16 sec)
Heartbeat CPU 0 instructions: 590000181 cycles: 167673106 heartbeat IPC: 3.278 cumulative IPC: 3.45 (Simulation time: 07 hr 28 min 30 sec)
Heartbeat CPU 4 instructions: 770000240 cycles: 168033558 heartbeat IPC: 4.561 cumulative IPC: 4.557 (Simulation time: 07 hr 32 min 14 sec)
Heartbeat CPU 3 instructions: 540000184 cycles: 168362815 heartbeat IPC: 3.134 cumulative IPC: 3.13 (Simulation time: 07 hr 35 min 40 sec)
Heartbeat CPU 18 instructions: 350000071 cycles: 168631666 heartbeat IPC: 1.92 cumulative IPC: 1.875 (Simulation time: 07 hr 38 min 30 sec)
Heartbeat CPU 25 instructions: 740000236 cycles: 168832368 heartbeat IPC: 4.528 cumulative IPC: 4.364 (Simulation time: 07 hr 40 min 36 sec)
Heartbeat CPU 24 instructions: 320000085 cycles: 168884519 heartbeat IPC: 1.649 cumulative IPC: 1.649 (Simulation time: 07 hr 41 min 09 sec)
Heartbeat CPU 29 instructions: 350000045 cycles: 168926187 heartbeat IPC: 1.834 cumulative IPC: 1.827 (Simulation time: 07 hr 41 min 35 sec)
Heartbeat CPU 15 instructions: 470000114 cycles: 168987371 heartbeat IPC: 2.572 cumulative IPC: 2.612 (Simulation time: 07 hr 42 min 14 sec)
Heartbeat CPU 16 instructions: 790000238 cycles: 169188687 heartbeat IPC: 4.654 cumulative IPC: 4.657 (Simulation time: 07 hr 44 min 22 sec)
Heartbeat CPU 6 instructions: 610000191 cycles: 169196928 heartbeat IPC: 3.602 cumulative IPC: 3.546 (Simulation time: 07 hr 44 min 27 sec)
Heartbeat CPU 28 instructions: 610000191 cycles: 169226720 heartbeat IPC: 3.6 cumulative IPC: 3.545 (Simulation time: 07 hr 44 min 45 sec)
Heartbeat CPU 23 instructions: 450000138 cycles: 169241920 heartbeat IPC: 2.025 cumulative IPC: 2.532 (Simulation time: 07 hr 44 min 55 sec)
Heartbeat CPU 7 instructions: 290000066 cycles: 169532484 heartbeat IPC: 1.439 cumulative IPC: 1.437 (Simulation time: 07 hr 47 min 57 sec)
Heartbeat CPU 21 instructions: 680000237 cycles: 169625295 heartbeat IPC: 3.987 cumulative IPC: 3.961 (Simulation time: 07 hr 48 min 56 sec)
Heartbeat CPU 10 instructions: 230000052 cycles: 169642792 heartbeat IPC: 1.172 cumulative IPC: 1.127 (Simulation time: 07 hr 49 min 06 sec)
Heartbeat CPU 11 instructions: 290000083 cycles: 169758410 heartbeat IPC: 1.431 cumulative IPC: 1.533 (Simulation time: 07 hr 50 min 19 sec)
Heartbeat CPU 27 instructions: 690000229 cycles: 169808881 heartbeat IPC: 4.216 cumulative IPC: 4.046 (Simulation time: 07 hr 50 min 50 sec)
Heartbeat CPU 26 instructions: 660000204 cycles: 169843200 heartbeat IPC: 3.56 cumulative IPC: 3.796 (Simulation time: 07 hr 51 min 12 sec)
Heartbeat CPU 31 instructions: 500000117 cycles: 169872038 heartbeat IPC: 2.773 cumulative IPC: 2.775 (Simulation time: 07 hr 51 min 30 sec)
Heartbeat CPU 12 instructions: 570000172 cycles: 169958762 heartbeat IPC: 3.387 cumulative IPC: 3.239 (Simulation time: 07 hr 52 min 24 sec)
Heartbeat CPU 14 instructions: 540000179 cycles: 170081608 heartbeat IPC: 3.103 cumulative IPC: 3.035 (Simulation time: 07 hr 53 min 42 sec)
Heartbeat CPU 22 instructions: 230000052 cycles: 170131165 heartbeat IPC: 1.17 cumulative IPC: 1.123 (Simulation time: 07 hr 54 min 14 sec)
Heartbeat CPU 8 instructions: 540000160 cycles: 170233478 heartbeat IPC: 3.105 cumulative IPC: 3.032 (Simulation time: 07 hr 55 min 20 sec)
Heartbeat CPU 9 instructions: 620000178 cycles: 170236822 heartbeat IPC: 3.044 cumulative IPC: 3.568 (Simulation time: 07 hr 55 min 22 sec)
Heartbeat CPU 4 instructions: 780000244 cycles: 170245092 heartbeat IPC: 4.522 cumulative IPC: 4.556 (Simulation time: 07 hr 55 min 27 sec)
Heartbeat CPU 30 instructions: 500000117 cycles: 170450357 heartbeat IPC: 2.762 cumulative IPC: 2.765 (Simulation time: 07 hr 57 min 37 sec)
Heartbeat CPU 0 instructions: 600000182 cycles: 170728665 heartbeat IPC: 3.273 cumulative IPC: 3.447 (Simulation time: 08 hr 00 min 31 sec)
Heartbeat CPU 25 instructions: 750000236 cycles: 171072696 heartbeat IPC: 4.464 cumulative IPC: 4.366 (Simulation time: 08 hr 04 min 06 sec)
Heartbeat CPU 16 instructions: 800000238 cycles: 171336536 heartbeat IPC: 4.656 cumulative IPC: 4.657 (Simulation time: 08 hr 06 min 45 sec)
Heartbeat CPU 3 instructions: 550000188 cycles: 171553619 heartbeat IPC: 3.134 cumulative IPC: 3.13 (Simulation time: 08 hr 08 min 58 sec)
Heartbeat CPU 2 instructions: 350000087 cycles: 171630386 heartbeat IPC: 1.853 cumulative IPC: 1.848 (Simulation time: 08 hr 09 min 47 sec)
Heartbeat CPU 20 instructions: 280000044 cycles: 171893777 heartbeat IPC: 1.388 cumulative IPC: 1.371 (Simulation time: 08 hr 12 min 33 sec)
Heartbeat CPU 6 instructions: 620000194 cycles: 171983138 heartbeat IPC: 3.589 cumulative IPC: 3.546 (Simulation time: 08 hr 13 min 30 sec)
Heartbeat CPU 1 instructions: 360000112 cycles: 171995437 heartbeat IPC: 1.875 cumulative IPC: 1.88 (Simulation time: 08 hr 13 min 38 sec)
Heartbeat CPU 28 instructions: 620000194 cycles: 172011963 heartbeat IPC: 3.59 cumulative IPC: 3.546 (Simulation time: 08 hr 13 min 49 sec)
Heartbeat CPU 17 instructions: 360000112 cycles: 172014893 heartbeat IPC: 1.874 cumulative IPC: 1.88 (Simulation time: 08 hr 13 min 51 sec)
Heartbeat CPU 27 instructions: 700000233 cycles: 172147526 heartbeat IPC: 4.276 cumulative IPC: 4.049 (Simulation time: 08 hr 15 min 15 sec)
Heartbeat CPU 21 instructions: 690000239 cycles: 172321488 heartbeat IPC: 3.709 cumulative IPC: 3.957 (Simulation time: 08 hr 17 min 06 sec)
Heartbeat CPU 4 instructions: 790000248 cycles: 172470412 heartbeat IPC: 4.494 cumulative IPC: 4.555 (Simulation time: 08 hr 18 min 40 sec)
Heartbeat CPU 26 instructions: 670000204 cycles: 172842935 heartbeat IPC: 3.334 cumulative IPC: 3.788 (Simulation time: 08 hr 22 min 37 sec)
Heartbeat CPU 12 instructions: 580000178 cycles: 172908881 heartbeat IPC: 3.39 cumulative IPC: 3.242 (Simulation time: 08 hr 23 min 18 sec)
Heartbeat CPU 9 instructions: 630000185 cycles: 173034572 heartbeat IPC: 3.574 cumulative IPC: 3.568 (Simulation time: 08 hr 24 min 38 sec)
Heartbeat CPU 23 instructions: 460000141 cycles: 173102264 heartbeat IPC: 2.59 cumulative IPC: 2.533 (Simulation time: 08 hr 25 min 21 sec)
Heartbeat CPU 14 instructions: 550000182 cycles: 173345397 heartbeat IPC: 3.064 cumulative IPC: 3.036 (Simulation time: 08 hr 27 min 53 sec)
Heartbeat CPU 25 instructions: 760000236 cycles: 173354951 heartbeat IPC: 4.382 cumulative IPC: 4.366 (Simulation time: 08 hr 27 min 59 sec)
Heartbeat CPU 16 instructions: 810000239 cycles: 173492202 heartbeat IPC: 4.639 cumulative IPC: 4.657 (Simulation time: 08 hr 29 min 25 sec)
Heartbeat CPU 31 instructions: 510000117 cycles: 173492535 heartbeat IPC: 2.762 cumulative IPC: 2.775 (Simulation time: 08 hr 29 min 25 sec)
Heartbeat CPU 8 instructions: 550000164 cycles: 173515647 heartbeat IPC: 3.047 cumulative IPC: 3.032 (Simulation time: 08 hr 29 min 40 sec)
Heartbeat CPU 18 instructions: 360000074 cycles: 173773924 heartbeat IPC: 1.945 cumulative IPC: 1.877 (Simulation time: 08 hr 32 min 22 sec)
Heartbeat CPU 0 instructions: 610000183 cycles: 173789968 heartbeat IPC: 3.267 cumulative IPC: 3.443 (Simulation time: 08 hr 32 min 32 sec)
Heartbeat CPU 30 instructions: 510000117 cycles: 174084918 heartbeat IPC: 2.751 cumulative IPC: 2.764 (Simulation time: 08 hr 35 min 39 sec)
Heartbeat CPU 13 instructions: 220000044 cycles: 174125661 heartbeat IPC: 0.7874 cumulative IPC: 1.026 (Simulation time: 08 hr 36 min 04 sec)
Heartbeat CPU 29 instructions: 360000045 cycles: 174407704 heartbeat IPC: 1.824 cumulative IPC: 1.827 (Simulation time: 08 hr 39 min 02 sec)
Heartbeat CPU 27 instructions: 710000238 cycles: 174493064 heartbeat IPC: 4.263 cumulative IPC: 4.052 (Simulation time: 08 hr 39 min 55 sec)
Heartbeat CPU 4 instructions: 800000252 cycles: 174726021 heartbeat IPC: 4.433 cumulative IPC: 4.553 (Simulation time: 08 hr 42 min 24 sec)
Heartbeat CPU 3 instructions: 560000194 cycles: 174744809 heartbeat IPC: 3.134 cumulative IPC: 3.13 (Simulation time: 08 hr 42 min 36 sec)
Heartbeat CPU 6 instructions: 630000197 cycles: 174766564 heartbeat IPC: 3.593 cumulative IPC: 3.547 (Simulation time: 08 hr 42 min 50 sec)
Heartbeat CPU 21 instructions: 700000242 cycles: 174779595 heartbeat IPC: 4.068 cumulative IPC: 3.958 (Simulation time: 08 hr 42 min 58 sec)
Heartbeat CPU 28 instructions: 630000197 cycles: 174796101 heartbeat IPC: 3.592 cumulative IPC: 3.546 (Simulation time: 08 hr 43 min 08 sec)
Heartbeat CPU 5 instructions: 290000089 cycles: 174845933 heartbeat IPC: 1.249 cumulative IPC: 1.437 (Simulation time: 08 hr 43 min 40 sec)
Heartbeat CPU 24 instructions: 330000088 cycles: 175012034 heartbeat IPC: 1.632 cumulative IPC: 1.648 (Simulation time: 08 hr 45 min 23 sec)
Heartbeat CPU 16 instructions: 820000245 cycles: 175649621 heartbeat IPC: 4.635 cumulative IPC: 4.656 (Simulation time: 08 hr 51 min 57 sec)
Heartbeat CPU 25 instructions: 770000239 cycles: 175665558 heartbeat IPC: 4.328 cumulative IPC: 4.365 (Simulation time: 08 hr 52 min 07 sec)
Heartbeat CPU 26 instructions: 680000205 cycles: 175804645 heartbeat IPC: 3.376 cumulative IPC: 3.78 (Simulation time: 08 hr 53 min 33 sec)
Heartbeat CPU 12 instructions: 590000182 cycles: 175870040 heartbeat IPC: 3.377 cumulative IPC: 3.244 (Simulation time: 08 hr 54 min 14 sec)
Heartbeat CPU 15 instructions: 480000115 cycles: 175884981 heartbeat IPC: 1.45 cumulative IPC: 2.562 (Simulation time: 08 hr 54 min 23 sec)
Heartbeat CPU 9 instructions: 640000187 cycles: 175998804 heartbeat IPC: 3.374 cumulative IPC: 3.565 (Simulation time: 08 hr 55 min 33 sec)
Heartbeat CPU 7 instructions: 300000067 cycles: 176474053 heartbeat IPC: 1.441 cumulative IPC: 1.437 (Simulation time: 09 hr 00 min 30 sec)
Heartbeat CPU 14 instructions: 560000182 cycles: 176647143 heartbeat IPC: 3.029 cumulative IPC: 3.035 (Simulation time: 09 hr 02 min 17 sec)
Heartbeat CPU 8 instructions: 560000167 cycles: 176829923 heartbeat IPC: 3.017 cumulative IPC: 3.032 (Simulation time: 09 hr 04 min 12 sec)
Heartbeat CPU 27 instructions: 720000238 cycles: 176834738 heartbeat IPC: 4.27 cumulative IPC: 4.056 (Simulation time: 09 hr 04 min 15 sec)
Heartbeat CPU 0 instructions: 620000183 cycles: 176852021 heartbeat IPC: 3.266 cumulative IPC: 3.44 (Simulation time: 09 hr 04 min 25 sec)
Heartbeat CPU 2 instructions: 360000087 cycles: 176974141 heartbeat IPC: 1.871 cumulative IPC: 1.849 (Simulation time: 09 hr 05 min 42 sec)
Heartbeat CPU 4 instructions: 810000256 cycles: 176992402 heartbeat IPC: 4.412 cumulative IPC: 4.552 (Simulation time: 09 hr 05 min 53 sec)
Heartbeat CPU 31 instructions: 520000124 cycles: 177122979 heartbeat IPC: 2.754 cumulative IPC: 2.774 (Simulation time: 09 hr 07 min 15 sec)
Heartbeat CPU 21 instructions: 710000245 cycles: 177233065 heartbeat IPC: 4.076 cumulative IPC: 3.96 (Simulation time: 09 hr 08 min 25 sec)
Heartbeat CPU 1 instructions: 370000115 cycles: 177312539 heartbeat IPC: 1.881 cumulative IPC: 1.88 (Simulation time: 09 hr 09 min 15 sec)
Heartbeat CPU 17 instructions: 370000115 cycles: 177334955 heartbeat IPC: 1.88 cumulative IPC: 1.88 (Simulation time: 09 hr 09 min 29 sec)
Heartbeat CPU 6 instructions: 640000202 cycles: 177529553 heartbeat IPC: 3.619 cumulative IPC: 3.548 (Simulation time: 09 hr 11 min 30 sec)
Heartbeat CPU 28 instructions: 640000202 cycles: 177558256 heartbeat IPC: 3.62 cumulative IPC: 3.548 (Simulation time: 09 hr 11 min 48 sec)
Heartbeat CPU 30 instructions: 520000124 cycles: 177730574 heartbeat IPC: 2.743 cumulative IPC: 2.764 (Simulation time: 09 hr 13 min 36 sec)
Heartbeat CPU 16 instructions: 830000247 cycles: 177803286 heartbeat IPC: 4.643 cumulative IPC: 4.656 (Simulation time: 09 hr 14 min 22 sec)
Heartbeat CPU 3 instructions: 570000199 cycles: 177935581 heartbeat IPC: 3.134 cumulative IPC: 3.131 (Simulation time: 09 hr 15 min 46 sec)
Heartbeat CPU 25 instructions: 780000240 cycles: 177987077 heartbeat IPC: 4.308 cumulative IPC: 4.365 (Simulation time: 09 hr 16 min 17 sec)
Heartbeat CPU 23 instructions: 470000142 cycles: 178196775 heartbeat IPC: 1.963 cumulative IPC: 2.515 (Simulation time: 09 hr 18 min 26 sec)
Heartbeat CPU 10 instructions: 240000053 cycles: 178247186 heartbeat IPC: 1.162 cumulative IPC: 1.128 (Simulation time: 09 hr 18 min 57 sec)
Heartbeat CPU 22 instructions: 240000053 cycles: 178771430 heartbeat IPC: 1.157 cumulative IPC: 1.125 (Simulation time: 09 hr 24 min 23 sec)
Heartbeat CPU 12 instructions: 600000182 cycles: 178820404 heartbeat IPC: 3.389 cumulative IPC: 3.247 (Simulation time: 09 hr 24 min 53 sec)
Heartbeat CPU 26 instructions: 690000206 cycles: 178958249 heartbeat IPC: 3.171 cumulative IPC: 3.769 (Simulation time: 09 hr 26 min 20 sec)
Heartbeat CPU 18 instructions: 370000079 cycles: 179022268 heartbeat IPC: 1.905 cumulative IPC: 1.878 (Simulation time: 09 hr 26 min 59 sec)
Heartbeat CPU 9 instructions: 650000189 cycles: 179065992 heartbeat IPC: 3.26 cumulative IPC: 3.559 (Simulation time: 09 hr 27 min 26 sec)
Heartbeat CPU 11 instructions: 300000088 cycles: 179110309 heartbeat IPC: 1.069 cumulative IPC: 1.506 (Simulation time: 09 hr 27 min 54 sec)
Heartbeat CPU 4 instructions: 820000262 cycles: 179259778 heartbeat IPC: 4.41 cumulative IPC: 4.55 (Simulation time: 09 hr 29 min 27 sec)
Heartbeat CPU 27 instructions: 730000241 cycles: 179261179 heartbeat IPC: 4.121 cumulative IPC: 4.056 (Simulation time: 09 hr 29 min 28 sec)
Heartbeat CPU 20 instructions: 290000044 cycles: 179412092 heartbeat IPC: 1.33 cumulative IPC: 1.369 (Simulation time: 09 hr 31 min 04 sec)
Heartbeat CPU 21 instructions: 720000246 cycles: 179617615 heartbeat IPC: 4.194 cumulative IPC: 3.964 (Simulation time: 09 hr 33 min 14 sec)
Heartbeat CPU 29 instructions: 370000052 cycles: 179864866 heartbeat IPC: 1.832 cumulative IPC: 1.827 (Simulation time: 09 hr 35 min 50 sec)
Heartbeat CPU 14 instructions: 570000184 cycles: 179903455 heartbeat IPC: 3.071 cumulative IPC: 3.036 (Simulation time: 09 hr 36 min 14 sec)
Heartbeat CPU 0 instructions: 630000183 cycles: 179924607 heartbeat IPC: 3.255 cumulative IPC: 3.437 (Simulation time: 09 hr 36 min 27 sec)
Heartbeat CPU 16 instructions: 840000248 cycles: 179962722 heartbeat IPC: 4.631 cumulative IPC: 4.656 (Simulation time: 09 hr 36 min 51 sec)
Heartbeat CPU 8 instructions: 570000173 cycles: 180094230 heartbeat IPC: 3.063 cumulative IPC: 3.033 (Simulation time: 09 hr 38 min 12 sec)
Heartbeat CPU 25 instructions: 790000246 cycles: 180300473 heartbeat IPC: 4.323 cumulative IPC: 4.364 (Simulation time: 09 hr 40 min 21 sec)
Heartbeat CPU 6 instructions: 650000207 cycles: 180310839 heartbeat IPC: 3.595 cumulative IPC: 3.549 (Simulation time: 09 hr 40 min 28 sec)
Heartbeat CPU 28 instructions: 650000207 cycles: 180344377 heartbeat IPC: 3.589 cumulative IPC: 3.548 (Simulation time: 09 hr 40 min 49 sec)
Heartbeat CPU 19 instructions: 490000115 cycles: 180431310 heartbeat IPC: 0.7825 cumulative IPC: 2.553 (Simulation time: 09 hr 41 min 44 sec)
Heartbeat CPU 31 instructions: 530000127 cycles: 180755879 heartbeat IPC: 2.753 cumulative IPC: 2.774 (Simulation time: 09 hr 45 min 11 sec)
Heartbeat CPU 5 instructions: 300000096 cycles: 180756530 heartbeat IPC: 1.692 cumulative IPC: 1.446 (Simulation time: 09 hr 45 min 11 sec)
Heartbeat CPU 3 instructions: 580000199 cycles: 181126311 heartbeat IPC: 3.134 cumulative IPC: 3.131 (Simulation time: 09 hr 49 min 01 sec)
Heartbeat CPU 24 instructions: 340000088 cycles: 181186968 heartbeat IPC: 1.619 cumulative IPC: 1.647 (Simulation time: 09 hr 49 min 38 sec)
Heartbeat CPU 30 instructions: 530000127 cycles: 181368996 heartbeat IPC: 2.748 cumulative IPC: 2.764 (Simulation time: 09 hr 51 min 31 sec)
Heartbeat CPU 4 instructions: 830000266 cycles: 181506075 heartbeat IPC: 4.452 cumulative IPC: 4.548 (Simulation time: 09 hr 52 min 55 sec)
Heartbeat CPU 12 instructions: 610000186 cycles: 181782935 heartbeat IPC: 3.375 cumulative IPC: 3.249 (Simulation time: 09 hr 55 min 44 sec)
Heartbeat CPU 9 instructions: 660000190 cycles: 181809054 heartbeat IPC: 3.646 cumulative IPC: 3.561 (Simulation time: 09 hr 56 min 00 sec)
Heartbeat CPU 27 instructions: 740000245 cycles: 181918126 heartbeat IPC: 3.764 cumulative IPC: 4.052 (Simulation time: 09 hr 57 min 07 sec)
Heartbeat CPU 21 instructions: 730000250 cycles: 181968508 heartbeat IPC: 4.254 cumulative IPC: 3.968 (Simulation time: 09 hr 57 min 39 sec)
Heartbeat CPU 26 instructions: 700000212 cycles: 182038882 heartbeat IPC: 3.246 cumulative IPC: 3.759 (Simulation time: 09 hr 58 min 21 sec)
Heartbeat CPU 16 instructions: 850000250 cycles: 182115156 heartbeat IPC: 4.646 cumulative IPC: 4.656 (Simulation time: 09 hr 59 min 08 sec)
Heartbeat CPU 2 instructions: 370000091 cycles: 182355292 heartbeat IPC: 1.858 cumulative IPC: 1.849 (Simulation time: 10 hr 01 min 36 sec)
Heartbeat CPU 25 instructions: 800000249 cycles: 182587533 heartbeat IPC: 4.372 cumulative IPC: 4.364 (Simulation time: 10 hr 04 min 03 sec)
Heartbeat CPU 1 instructions: 380000115 cycles: 182633741 heartbeat IPC: 1.879 cumulative IPC: 1.88 (Simulation time: 10 hr 04 min 32 sec)
Heartbeat CPU 17 instructions: 380000115 cycles: 182658299 heartbeat IPC: 1.879 cumulative IPC: 1.88 (Simulation time: 10 hr 04 min 47 sec)
Heartbeat CPU 0 instructions: 640000187 cycles: 182959580 heartbeat IPC: 3.295 cumulative IPC: 3.434 (Simulation time: 10 hr 07 min 54 sec)
Heartbeat CPU 6 instructions: 660000213 cycles: 183102948 heartbeat IPC: 3.582 cumulative IPC: 3.55 (Simulation time: 10 hr 09 min 22 sec)
Heartbeat CPU 28 instructions: 660000213 cycles: 183137570 heartbeat IPC: 3.58 cumulative IPC: 3.549 (Simulation time: 10 hr 09 min 44 sec)
Heartbeat CPU 14 instructions: 580000187 cycles: 183160513 heartbeat IPC: 3.07 cumulative IPC: 3.037 (Simulation time: 10 hr 09 min 58 sec)
Heartbeat CPU 13 instructions: 230000048 cycles: 183257012 heartbeat IPC: 1.095 cumulative IPC: 1.03 (Simulation time: 10 hr 10 min 59 sec)
Heartbeat CPU 23 instructions: 480000143 cycles: 183278819 heartbeat IPC: 1.968 cumulative IPC: 2.499 (Simulation time: 10 hr 11 min 13 sec)
Heartbeat CPU 8 instructions: 580000174 cycles: 183359019 heartbeat IPC: 3.063 cumulative IPC: 3.033 (Simulation time: 10 hr 12 min 04 sec)
Heartbeat CPU 7 instructions: 310000067 cycles: 183361979 heartbeat IPC: 1.452 cumulative IPC: 1.437 (Simulation time: 10 hr 12 min 06 sec)
Heartbeat CPU 4 instructions: 840000269 cycles: 183729141 heartbeat IPC: 4.498 cumulative IPC: 4.548 (Simulation time: 10 hr 15 min 58 sec)
Heartbeat CPU 16 instructions: 860000252 cycles: 184264117 heartbeat IPC: 4.653 cumulative IPC: 4.656 (Simulation time: 10 hr 21 min 37 sec)
Heartbeat CPU 3 instructions: 590000199 cycles: 184317082 heartbeat IPC: 3.134 cumulative IPC: 3.131 (Simulation time: 10 hr 22 min 11 sec)
Heartbeat CPU 18 instructions: 380000082 cycles: 184324216 heartbeat IPC: 1.886 cumulative IPC: 1.879 (Simulation time: 10 hr 22 min 16 sec)
Heartbeat CPU 31 instructions: 540000129 cycles: 184370141 heartbeat IPC: 2.767 cumulative IPC: 2.774 (Simulation time: 10 hr 22 min 45 sec)
Heartbeat CPU 27 instructions: 750000248 cycles: 184393196 heartbeat IPC: 4.04 cumulative IPC: 4.052 (Simulation time: 10 hr 23 min 00 sec)
Heartbeat CPU 21 instructions: 740000254 cycles: 184512150 heartbeat IPC: 3.931 cumulative IPC: 3.967 (Simulation time: 10 hr 24 min 16 sec)
Heartbeat CPU 12 instructions: 620000190 cycles: 184724245 heartbeat IPC: 3.4 cumulative IPC: 3.251 (Simulation time: 10 hr 26 min 29 sec)
Heartbeat CPU 9 instructions: 670000190 cycles: 184799206 heartbeat IPC: 3.344 cumulative IPC: 3.557 (Simulation time: 10 hr 27 min 15 sec)
Heartbeat CPU 25 instructions: 810000254 cycles: 184805949 heartbeat IPC: 4.508 cumulative IPC: 4.366 (Simulation time: 10 hr 27 min 19 sec)
Heartbeat CPU 26 instructions: 710000213 cycles: 184901364 heartbeat IPC: 3.493 cumulative IPC: 3.755 (Simulation time: 10 hr 28 min 18 sec)
Heartbeat CPU 30 instructions: 540000129 cycles: 184992645 heartbeat IPC: 2.76 cumulative IPC: 2.764 (Simulation time: 10 hr 29 min 16 sec)
Heartbeat CPU 29 instructions: 380000053 cycles: 185343336 heartbeat IPC: 1.825 cumulative IPC: 1.827 (Simulation time: 10 hr 32 min 57 sec)
Heartbeat CPU 0 instructions: 650000187 cycles: 185858025 heartbeat IPC: 3.45 cumulative IPC: 3.434 (Simulation time: 10 hr 38 min 19 sec)
Heartbeat CPU 15 instructions: 490000117 cycles: 185881522 heartbeat IPC: 1 cumulative IPC: 2.472 (Simulation time: 10 hr 38 min 33 sec)
Heartbeat CPU 6 instructions: 670000220 cycles: 185910372 heartbeat IPC: 3.562 cumulative IPC: 3.55 (Simulation time: 10 hr 38 min 51 sec)
Heartbeat CPU 4 instructions: 850000276 cycles: 185933021 heartbeat IPC: 4.537 cumulative IPC: 4.548 (Simulation time: 10 hr 39 min 05 sec)
Heartbeat CPU 28 instructions: 670000220 cycles: 185944573 heartbeat IPC: 3.563 cumulative IPC: 3.549 (Simulation time: 10 hr 39 min 12 sec)
Heartbeat CPU 5 instructions: 310000096 cycles: 186169898 heartbeat IPC: 1.847 cumulative IPC: 1.459 (Simulation time: 10 hr 41 min 32 sec)
Heartbeat CPU 16 instructions: 870000259 cycles: 186411512 heartbeat IPC: 4.657 cumulative IPC: 4.656 (Simulation time: 10 hr 44 min 03 sec)
Heartbeat CPU 10 instructions: 250000056 cycles: 186418164 heartbeat IPC: 1.224 cumulative IPC: 1.133 (Simulation time: 10 hr 44 min 06 sec)
Heartbeat CPU 14 instructions: 590000191 cycles: 186423326 heartbeat IPC: 3.065 cumulative IPC: 3.037 (Simulation time: 10 hr 44 min 10 sec)
Heartbeat CPU 11 instructions: 310000089 cycles: 186617017 heartbeat IPC: 1.332 cumulative IPC: 1.499 (Simulation time: 10 hr 46 min 06 sec)
Heartbeat CPU 8 instructions: 590000175 cycles: 186631621 heartbeat IPC: 3.056 cumulative IPC: 3.034 (Simulation time: 10 hr 46 min 15 sec)
Heartbeat CPU 20 instructions: 300000046 cycles: 186836383 heartbeat IPC: 1.347 cumulative IPC: 1.368 (Simulation time: 10 hr 48 min 18 sec)
Heartbeat CPU 22 instructions: 250000056 cycles: 186944528 heartbeat IPC: 1.224 cumulative IPC: 1.13 (Simulation time: 10 hr 49 min 23 sec)
Heartbeat CPU 25 instructions: 820000260 cycles: 187023416 heartbeat IPC: 4.51 cumulative IPC: 4.368 (Simulation time: 10 hr 50 min 11 sec)
Heartbeat CPU 21 instructions: 750000261 cycles: 187130642 heartbeat IPC: 3.819 cumulative IPC: 3.965 (Simulation time: 10 hr 51 min 17 sec)
Heartbeat CPU 27 instructions: 760000250 cycles: 187175327 heartbeat IPC: 3.594 cumulative IPC: 4.044 (Simulation time: 10 hr 51 min 44 sec)
Heartbeat CPU 23 instructions: 490000144 cycles: 187179356 heartbeat IPC: 2.564 cumulative IPC: 2.5 (Simulation time: 10 hr 51 min 47 sec)
Heartbeat CPU 24 instructions: 350000090 cycles: 187271858 heartbeat IPC: 1.643 cumulative IPC: 1.647 (Simulation time: 10 hr 52 min 43 sec)
Heartbeat CPU 3 instructions: 600000199 cycles: 187507885 heartbeat IPC: 3.134 cumulative IPC: 3.131 (Simulation time: 10 hr 55 min 05 sec)
Heartbeat CPU 19 instructions: 500000118 cycles: 187581994 heartbeat IPC: 1.398 cumulative IPC: 2.505 (Simulation time: 10 hr 55 min 49 sec)
Heartbeat CPU 12 instructions: 630000196 cycles: 187676172 heartbeat IPC: 3.388 cumulative IPC: 3.254 (Simulation time: 10 hr 56 min 45 sec)
Heartbeat CPU 9 instructions: 680000193 cycles: 187703268 heartbeat IPC: 3.443 cumulative IPC: 3.555 (Simulation time: 10 hr 57 min 01 sec)
Heartbeat CPU 2 instructions: 380000096 cycles: 187780961 heartbeat IPC: 1.843 cumulative IPC: 1.849 (Simulation time: 10 hr 57 min 47 sec)
Heartbeat CPU 1 instructions: 390000117 cycles: 187931346 heartbeat IPC: 1.888 cumulative IPC: 1.88 (Simulation time: 10 hr 59 min 15 sec)
Heartbeat CPU 17 instructions: 390000117 cycles: 187957891 heartbeat IPC: 1.887 cumulative IPC: 1.88 (Simulation time: 10 hr 59 min 31 sec)
Heartbeat CPU 31 instructions: 550000129 cycles: 187982154 heartbeat IPC: 2.769 cumulative IPC: 2.774 (Simulation time: 10 hr 59 min 46 sec)
Heartbeat CPU 4 instructions: 860000278 cycles: 188156699 heartbeat IPC: 4.497 cumulative IPC: 4.547 (Simulation time: 11 hr 01 min 28 sec)
Heartbeat CPU 16 instructions: 880000263 cycles: 188562254 heartbeat IPC: 4.65 cumulative IPC: 4.656 (Simulation time: 11 hr 05 min 23 sec)
Heartbeat CPU 30 instructions: 550000129 cycles: 188614436 heartbeat IPC: 2.761 cumulative IPC: 2.764 (Simulation time: 11 hr 05 min 53 sec)
Heartbeat CPU 0 instructions: 660000193 cycles: 188735109 heartbeat IPC: 3.476 cumulative IPC: 3.435 (Simulation time: 11 hr 07 min 02 sec)
Heartbeat CPU 6 instructions: 680000221 cycles: 188740753 heartbeat IPC: 3.533 cumulative IPC: 3.55 (Simulation time: 11 hr 07 min 06 sec)
Heartbeat CPU 28 instructions: 680000221 cycles: 188776189 heartbeat IPC: 3.532 cumulative IPC: 3.549 (Simulation time: 11 hr 07 min 26 sec)
Simulation finished CPU 10 instructions: 200000001 cycles: 176247476 cumulative IPC: 1.135 (Simulation time: 11 hr 13 min 22 sec)
Heartbeat CPU 18 instructions: 390000082 cycles: 189480914 heartbeat IPC: 1.939 cumulative IPC: 1.88 (Simulation time: 11 hr 14 min 07 sec)
Heartbeat CPU 26 instructions: 720000213 cycles: 189576909 heartbeat IPC: 2.139 cumulative IPC: 3.712 (Simulation time: 11 hr 15 min 02 sec)
Heartbeat CPU 14 instructions: 600000192 cycles: 189702642 heartbeat IPC: 3.049 cumulative IPC: 3.038 (Simulation time: 11 hr 16 min 13 sec)
Heartbeat CPU 21 instructions: 760000261 cycles: 189783229 heartbeat IPC: 3.77 cumulative IPC: 3.962 (Simulation time: 11 hr 16 min 58 sec)
Heartbeat CPU 25 instructions: 830000261 cycles: 189916352 heartbeat IPC: 3.457 cumulative IPC: 4.353 (Simulation time: 11 hr 18 min 13 sec)
Heartbeat CPU 8 instructions: 600000178 cycles: 189919616 heartbeat IPC: 3.041 cumulative IPC: 3.034 (Simulation time: 11 hr 18 min 14 sec)
Heartbeat CPU 27 instructions: 770000254 cycles: 189928495 heartbeat IPC: 3.632 cumulative IPC: 4.038 (Simulation time: 11 hr 18 min 20 sec)
Simulation finished CPU 22 instructions: 200000005 cycles: 176790037 cumulative IPC: 1.131 (Simulation time: 11 hr 18 min 28 sec)
Heartbeat CPU 7 instructions: 320000070 cycles: 190366663 heartbeat IPC: 1.428 cumulative IPC: 1.437 (Simulation time: 11 hr 22 min 31 sec)
Heartbeat CPU 4 instructions: 870000284 cycles: 190399486 heartbeat IPC: 4.459 cumulative IPC: 4.546 (Simulation time: 11 hr 22 min 50 sec)
Heartbeat CPU 9 instructions: 690000193 cycles: 190445660 heartbeat IPC: 3.646 cumulative IPC: 3.556 (Simulation time: 11 hr 23 min 17 sec)
Heartbeat CPU 12 instructions: 640000199 cycles: 190623924 heartbeat IPC: 3.392 cumulative IPC: 3.256 (Simulation time: 11 hr 25 min 01 sec)
Heartbeat CPU 3 instructions: 610000203 cycles: 190698658 heartbeat IPC: 3.134 cumulative IPC: 3.131 (Simulation time: 11 hr 25 min 44 sec)
Heartbeat CPU 16 instructions: 890000268 cycles: 190712670 heartbeat IPC: 4.65 cumulative IPC: 4.656 (Simulation time: 11 hr 25 min 52 sec)
Heartbeat CPU 15 instructions: 500000118 cycles: 190778090 heartbeat IPC: 2.042 cumulative IPC: 2.46 (Simulation time: 11 hr 26 min 30 sec)
Heartbeat CPU 29 instructions: 390000056 cycles: 190800330 heartbeat IPC: 1.833 cumulative IPC: 1.827 (Simulation time: 11 hr 26 min 43 sec)
Heartbeat CPU 6 instructions: 690000227 cycles: 191553598 heartbeat IPC: 3.555 cumulative IPC: 3.55 (Simulation time: 11 hr 33 min 59 sec)
Heartbeat CPU 28 instructions: 690000227 cycles: 191588548 heartbeat IPC: 3.556 cumulative IPC: 3.549 (Simulation time: 11 hr 34 min 20 sec)
Heartbeat CPU 31 instructions: 560000135 cycles: 191602413 heartbeat IPC: 2.762 cumulative IPC: 2.773 (Simulation time: 11 hr 34 min 28 sec)
Heartbeat CPU 0 instructions: 670000196 cycles: 191679384 heartbeat IPC: 3.396 cumulative IPC: 3.434 (Simulation time: 11 hr 35 min 13 sec)
Heartbeat CPU 13 instructions: 240000050 cycles: 191711633 heartbeat IPC: 1.183 cumulative IPC: 1.037 (Simulation time: 11 hr 35 min 32 sec)
Heartbeat CPU 30 instructions: 560000135 cycles: 192241411 heartbeat IPC: 2.757 cumulative IPC: 2.763 (Simulation time: 11 hr 40 min 40 sec)
Heartbeat CPU 21 instructions: 770000267 cycles: 192335805 heartbeat IPC: 3.918 cumulative IPC: 3.961 (Simulation time: 11 hr 41 min 35 sec)
Heartbeat CPU 26 instructions: 730000217 cycles: 192341812 heartbeat IPC: 3.617 cumulative IPC: 3.71 (Simulation time: 11 hr 41 min 38 sec)
Heartbeat CPU 23 instructions: 500000148 cycles: 192356346 heartbeat IPC: 1.932 cumulative IPC: 2.484 (Simulation time: 11 hr 41 min 46 sec)
Heartbeat CPU 27 instructions: 780000259 cycles: 192498856 heartbeat IPC: 3.891 cumulative IPC: 4.036 (Simulation time: 11 hr 43 min 10 sec)
Heartbeat CPU 4 instructions: 880000288 cycles: 192604579 heartbeat IPC: 4.535 cumulative IPC: 4.546 (Simulation time: 11 hr 44 min 11 sec)
Heartbeat CPU 16 instructions: 900000269 cycles: 192860702 heartbeat IPC: 4.655 cumulative IPC: 4.656 (Simulation time: 11 hr 46 min 38 sec)
Heartbeat CPU 14 instructions: 610000196 cycles: 192982456 heartbeat IPC: 3.049 cumulative IPC: 3.038 (Simulation time: 11 hr 47 min 48 sec)
Heartbeat CPU 8 instructions: 610000181 cycles: 193197632 heartbeat IPC: 3.051 cumulative IPC: 3.034 (Simulation time: 11 hr 49 min 55 sec)
Heartbeat CPU 2 instructions: 390000096 cycles: 193203437 heartbeat IPC: 1.844 cumulative IPC: 1.849 (Simulation time: 11 hr 49 min 58 sec)
Heartbeat CPU 9 instructions: 700000197 cycles: 193243327 heartbeat IPC: 3.574 cumulative IPC: 3.557 (Simulation time: 11 hr 50 min 23 sec)
Heartbeat CPU 1 instructions: 400000122 cycles: 193261321 heartbeat IPC: 1.876 cumulative IPC: 1.88 (Simulation time: 11 hr 50 min 33 sec)
Heartbeat CPU 11 instructions: 320000091 cycles: 193273385 heartbeat IPC: 1.502 cumulative IPC: 1.499 (Simulation time: 11 hr 50 min 40 sec)
Heartbeat CPU 17 instructions: 400000122 cycles: 193294514 heartbeat IPC: 1.874 cumulative IPC: 1.88 (Simulation time: 11 hr 50 min 53 sec)
Heartbeat CPU 24 instructions: 360000091 cycles: 193367207 heartbeat IPC: 1.641 cumulative IPC: 1.647 (Simulation time: 11 hr 51 min 35 sec)
Heartbeat CPU 12 instructions: 650000200 cycles: 193574360 heartbeat IPC: 3.389 cumulative IPC: 3.258 (Simulation time: 11 hr 53 min 34 sec)
Heartbeat CPU 5 instructions: 320000097 cycles: 193884119 heartbeat IPC: 1.296 cumulative IPC: 1.452 (Simulation time: 11 hr 56 min 34 sec)
Heartbeat CPU 3 instructions: 620000208 cycles: 193889464 heartbeat IPC: 3.134 cumulative IPC: 3.131 (Simulation time: 11 hr 56 min 37 sec)
Heartbeat CPU 20 instructions: 310000048 cycles: 193964120 heartbeat IPC: 1.403 cumulative IPC: 1.37 (Simulation time: 11 hr 57 min 20 sec)
Heartbeat CPU 25 instructions: 840000268 cycles: 194234975 heartbeat IPC: 2.316 cumulative IPC: 4.304 (Simulation time: 11 hr 59 min 56 sec)
Heartbeat CPU 10 instructions: 260000061 cycles: 194348214 heartbeat IPC: 1.261 cumulative IPC: 1.139 (Simulation time: 12 hr 01 min 01 sec)
Heartbeat CPU 6 instructions: 700000230 cycles: 194369424 heartbeat IPC: 3.551 cumulative IPC: 3.55 (Simulation time: 12 hr 01 min 14 sec)
Heartbeat CPU 28 instructions: 700000230 cycles: 194403740 heartbeat IPC: 3.552 cumulative IPC: 3.549 (Simulation time: 12 hr 01 min 33 sec)
Heartbeat CPU 0 instructions: 680000196 cycles: 194557045 heartbeat IPC: 3.475 cumulative IPC: 3.435 (Simulation time: 12 hr 03 min 02 sec)
Heartbeat CPU 18 instructions: 400000082 cycles: 194725834 heartbeat IPC: 1.907 cumulative IPC: 1.881 (Simulation time: 12 hr 04 min 41 sec)
Heartbeat CPU 19 instructions: 510000120 cycles: 194765834 heartbeat IPC: 1.392 cumulative IPC: 2.461 (Simulation time: 12 hr 05 min 05 sec)
Heartbeat CPU 4 instructions: 890000294 cycles: 194807367 heartbeat IPC: 4.54 cumulative IPC: 4.546 (Simulation time: 12 hr 05 min 28 sec)
Heartbeat CPU 22 instructions: 260000061 cycles: 194863278 heartbeat IPC: 1.263 cumulative IPC: 1.135 (Simulation time: 12 hr 06 min 00 sec)
Heartbeat CPU 21 instructions: 780000272 cycles: 194918408 heartbeat IPC: 3.872 cumulative IPC: 3.96 (Simulation time: 12 hr 06 min 33 sec)
Heartbeat CPU 27 instructions: 790000262 cycles: 194968914 heartbeat IPC: 4.048 cumulative IPC: 4.036 (Simulation time: 12 hr 07 min 02 sec)
Heartbeat CPU 26 instructions: 740000217 cycles: 195006888 heartbeat IPC: 3.752 cumulative IPC: 3.711 (Simulation time: 12 hr 07 min 24 sec)
Heartbeat CPU 16 instructions: 910000273 cycles: 195014250 heartbeat IPC: 4.644 cumulative IPC: 4.655 (Simulation time: 12 hr 07 min 29 sec)
Heartbeat CPU 31 instructions: 570000137 cycles: 195213425 heartbeat IPC: 2.769 cumulative IPC: 2.773 (Simulation time: 12 hr 09 min 27 sec)
Heartbeat CPU 15 instructions: 510000124 cycles: 195620666 heartbeat IPC: 2.065 cumulative IPC: 2.45 (Simulation time: 12 hr 13 min 24 sec)
Heartbeat CPU 23 instructions: 510000149 cycles: 195683510 heartbeat IPC: 3.006 cumulative IPC: 2.494 (Simulation time: 12 hr 14 min 00 sec)
Heartbeat CPU 30 instructions: 570000137 cycles: 195863922 heartbeat IPC: 2.761 cumulative IPC: 2.763 (Simulation time: 12 hr 15 min 46 sec)
Heartbeat CPU 9 instructions: 710000197 cycles: 195888971 heartbeat IPC: 3.78 cumulative IPC: 3.56 (Simulation time: 12 hr 16 min 00 sec)
Heartbeat CPU 14 instructions: 620000199 cycles: 196256034 heartbeat IPC: 3.055 cumulative IPC: 3.038 (Simulation time: 12 hr 19 min 34 sec)
Heartbeat CPU 29 instructions: 400000056 cycles: 196264437 heartbeat IPC: 1.83 cumulative IPC: 1.827 (Simulation time: 12 hr 19 min 39 sec)
Heartbeat CPU 8 instructions: 620000184 cycles: 196473538 heartbeat IPC: 3.053 cumulative IPC: 3.034 (Simulation time: 12 hr 21 min 42 sec)
Heartbeat CPU 12 instructions: 660000205 cycles: 196517104 heartbeat IPC: 3.398 cumulative IPC: 3.26 (Simulation time: 12 hr 22 min 07 sec)
Heartbeat CPU 4 instructions: 900000298 cycles: 197010459 heartbeat IPC: 4.539 cumulative IPC: 4.545 (Simulation time: 12 hr 26 min 55 sec)
Heartbeat CPU 3 instructions: 630000208 cycles: 197080247 heartbeat IPC: 3.134 cumulative IPC: 3.131 (Simulation time: 12 hr 27 min 35 sec)
Heartbeat CPU 16 instructions: 920000280 cycles: 197162047 heartbeat IPC: 4.656 cumulative IPC: 4.655 (Simulation time: 12 hr 28 min 23 sec)
Heartbeat CPU 6 instructions: 710000230 cycles: 197184392 heartbeat IPC: 3.552 cumulative IPC: 3.55 (Simulation time: 12 hr 28 min 36 sec)
Heartbeat CPU 28 instructions: 710000230 cycles: 197219880 heartbeat IPC: 3.551 cumulative IPC: 3.549 (Simulation time: 12 hr 28 min 56 sec)
Heartbeat CPU 7 instructions: 330000070 cycles: 197305405 heartbeat IPC: 1.441 cumulative IPC: 1.437 (Simulation time: 12 hr 29 min 46 sec)
Heartbeat CPU 27 instructions: 800000265 cycles: 197350174 heartbeat IPC: 4.199 cumulative IPC: 4.038 (Simulation time: 12 hr 30 min 11 sec)
Heartbeat CPU 25 instructions: 850000268 cycles: 197383069 heartbeat IPC: 3.177 cumulative IPC: 4.285 (Simulation time: 12 hr 30 min 31 sec)
Heartbeat CPU 0 instructions: 690000198 cycles: 197416287 heartbeat IPC: 3.497 cumulative IPC: 3.436 (Simulation time: 12 hr 30 min 49 sec)
Heartbeat CPU 21 instructions: 790000277 cycles: 197523095 heartbeat IPC: 3.839 cumulative IPC: 3.958 (Simulation time: 12 hr 31 min 53 sec)
Heartbeat CPU 26 instructions: 750000223 cycles: 198510583 heartbeat IPC: 2.854 cumulative IPC: 3.695 (Simulation time: 12 hr 41 min 40 sec)
Heartbeat CPU 9 instructions: 720000204 cycles: 198544069 heartbeat IPC: 3.766 cumulative IPC: 3.563 (Simulation time: 12 hr 41 min 59 sec)
Heartbeat CPU 1 instructions: 410000123 cycles: 198566304 heartbeat IPC: 1.885 cumulative IPC: 1.88 (Simulation time: 12 hr 42 min 12 sec)
Heartbeat CPU 17 instructions: 410000123 cycles: 198597387 heartbeat IPC: 1.886 cumulative IPC: 1.88 (Simulation time: 12 hr 42 min 30 sec)
Heartbeat CPU 2 instructions: 400000096 cycles: 198606336 heartbeat IPC: 1.851 cumulative IPC: 1.849 (Simulation time: 12 hr 42 min 35 sec)
Heartbeat CPU 31 instructions: 580000137 cycles: 198827370 heartbeat IPC: 2.767 cumulative IPC: 2.773 (Simulation time: 12 hr 44 min 44 sec)
Heartbeat CPU 5 instructions: 330000098 cycles: 198937336 heartbeat IPC: 1.979 cumulative IPC: 1.466 (Simulation time: 12 hr 45 min 48 sec)
Heartbeat CPU 4 instructions: 910000304 cycles: 199225354 heartbeat IPC: 4.515 cumulative IPC: 4.545 (Simulation time: 12 hr 48 min 34 sec)
Heartbeat CPU 16 instructions: 930000287 cycles: 199321223 heartbeat IPC: 4.631 cumulative IPC: 4.655 (Simulation time: 12 hr 49 min 30 sec)
Heartbeat CPU 12 instructions: 670000212 cycles: 199461650 heartbeat IPC: 3.396 cumulative IPC: 3.263 (Simulation time: 12 hr 50 min 51 sec)
Heartbeat CPU 30 instructions: 580000141 cycles: 199487776 heartbeat IPC: 2.759 cumulative IPC: 2.763 (Simulation time: 12 hr 51 min 06 sec)
Heartbeat CPU 24 instructions: 370000093 cycles: 199493879 heartbeat IPC: 1.632 cumulative IPC: 1.646 (Simulation time: 12 hr 51 min 09 sec)
Heartbeat CPU 14 instructions: 630000206 cycles: 199507161 heartbeat IPC: 3.076 cumulative IPC: 3.039 (Simulation time: 12 hr 51 min 17 sec)
Heartbeat CPU 13 instructions: 250000053 cycles: 199698967 heartbeat IPC: 1.252 cumulative IPC: 1.047 (Simulation time: 12 hr 53 min 08 sec)
Heartbeat CPU 8 instructions: 630000190 cycles: 199727860 heartbeat IPC: 3.073 cumulative IPC: 3.035 (Simulation time: 12 hr 53 min 25 sec)
Heartbeat CPU 27 instructions: 810000272 cycles: 199776368 heartbeat IPC: 4.122 cumulative IPC: 4.039 (Simulation time: 12 hr 53 min 54 sec)
Heartbeat CPU 6 instructions: 720000237 cycles: 200025964 heartbeat IPC: 3.519 cumulative IPC: 3.549 (Simulation time: 12 hr 56 min 18 sec)
Heartbeat CPU 18 instructions: 410000089 cycles: 200034027 heartbeat IPC: 1.884 cumulative IPC: 1.881 (Simulation time: 12 hr 56 min 23 sec)
Heartbeat CPU 28 instructions: 720000237 cycles: 200064471 heartbeat IPC: 3.515 cumulative IPC: 3.549 (Simulation time: 12 hr 56 min 41 sec)
Heartbeat CPU 21 instructions: 800000283 cycles: 200194586 heartbeat IPC: 3.743 cumulative IPC: 3.955 (Simulation time: 12 hr 57 min 57 sec)
Heartbeat CPU 3 instructions: 640000210 cycles: 200271034 heartbeat IPC: 3.134 cumulative IPC: 3.131 (Simulation time: 12 hr 58 min 41 sec)
Heartbeat CPU 0 instructions: 700000198 cycles: 200275426 heartbeat IPC: 3.498 cumulative IPC: 3.437 (Simulation time: 12 hr 58 min 44 sec)
Heartbeat CPU 25 instructions: 860000270 cycles: 200292949 heartbeat IPC: 3.437 cumulative IPC: 4.272 (Simulation time: 12 hr 58 min 55 sec)
Heartbeat CPU 11 instructions: 330000097 cycles: 200448996 heartbeat IPC: 1.394 cumulative IPC: 1.495 (Simulation time: 13 hr 00 min 27 sec)
Heartbeat CPU 23 instructions: 520000150 cycles: 200491510 heartbeat IPC: 2.08 cumulative IPC: 2.483 (Simulation time: 13 hr 00 min 52 sec)
Heartbeat CPU 15 instructions: 520000129 cycles: 200600783 heartbeat IPC: 2.008 cumulative IPC: 2.438 (Simulation time: 13 hr 01 min 57 sec)
Heartbeat CPU 9 instructions: 730000208 cycles: 201133062 heartbeat IPC: 3.863 cumulative IPC: 3.567 (Simulation time: 13 hr 07 min 10 sec)
Heartbeat CPU 20 instructions: 320000055 cycles: 201421716 heartbeat IPC: 1.341 cumulative IPC: 1.368 (Simulation time: 13 hr 10 min 00 sec)
Heartbeat CPU 4 instructions: 920000306 cycles: 201442919 heartbeat IPC: 4.509 cumulative IPC: 4.545 (Simulation time: 13 hr 10 min 12 sec)
Heartbeat CPU 16 instructions: 940000294 cycles: 201471321 heartbeat IPC: 4.651 cumulative IPC: 4.655 (Simulation time: 13 hr 10 min 29 sec)
Heartbeat CPU 29 instructions: 410000057 cycles: 201726308 heartbeat IPC: 1.831 cumulative IPC: 1.828 (Simulation time: 13 hr 12 min 57 sec)
Heartbeat CPU 26 instructions: 760000227 cycles: 201868133 heartbeat IPC: 2.978 cumulative IPC: 3.682 (Simulation time: 13 hr 14 min 20 sec)
Heartbeat CPU 19 instructions: 520000122 cycles: 201897887 heartbeat IPC: 1.402 cumulative IPC: 2.421 (Simulation time: 13 hr 14 min 37 sec)
Heartbeat CPU 10 instructions: 270000061 cycles: 201974834 heartbeat IPC: 1.311 cumulative IPC: 1.146 (Simulation time: 13 hr 15 min 22 sec)
Heartbeat CPU 27 instructions: 820000273 cycles: 202193024 heartbeat IPC: 4.138 cumulative IPC: 4.04 (Simulation time: 13 hr 17 min 28 sec)
Heartbeat CPU 12 instructions: 680000214 cycles: 202403803 heartbeat IPC: 3.399 cumulative IPC: 3.265 (Simulation time: 13 hr 19 min 31 sec)
Heartbeat CPU 31 instructions: 590000137 cycles: 202433615 heartbeat IPC: 2.773 cumulative IPC: 2.773 (Simulation time: 13 hr 19 min 49 sec)
Heartbeat CPU 22 instructions: 270000061 cycles: 202502406 heartbeat IPC: 1.309 cumulative IPC: 1.142 (Simulation time: 13 hr 20 min 30 sec)
Heartbeat CPU 21 instructions: 810000288 cycles: 202655198 heartbeat IPC: 4.064 cumulative IPC: 3.957 (Simulation time: 13 hr 22 min 00 sec)
Heartbeat CPU 14 instructions: 640000210 cycles: 202770072 heartbeat IPC: 3.065 cumulative IPC: 3.039 (Simulation time: 13 hr 23 min 08 sec)
Heartbeat CPU 6 instructions: 730000243 cycles: 202839573 heartbeat IPC: 3.554 cumulative IPC: 3.549 (Simulation time: 13 hr 23 min 49 sec)
Heartbeat CPU 28 instructions: 730000243 cycles: 202878893 heartbeat IPC: 3.553 cumulative IPC: 3.549 (Simulation time: 13 hr 24 min 12 sec)
Heartbeat CPU 8 instructions: 640000191 cycles: 202991201 heartbeat IPC: 3.064 cumulative IPC: 3.036 (Simulation time: 13 hr 25 min 19 sec)
Heartbeat CPU 30 instructions: 590000145 cycles: 203111981 heartbeat IPC: 2.759 cumulative IPC: 2.763 (Simulation time: 13 hr 26 min 31 sec)
Heartbeat CPU 0 instructions: 710000199 cycles: 203137114 heartbeat IPC: 3.494 cumulative IPC: 3.438 (Simulation time: 13 hr 26 min 46 sec)
Heartbeat CPU 25 instructions: 870000275 cycles: 203178915 heartbeat IPC: 3.465 cumulative IPC: 4.26 (Simulation time: 13 hr 27 min 10 sec)
Heartbeat CPU 7 instructions: 340000072 cycles: 203191530 heartbeat IPC: 1.699 cumulative IPC: 1.445 (Simulation time: 13 hr 27 min 18 sec)
Flushing L1 caches...
cpu9_L1D: Flushed 342 dirty blocks.
cpu8_L1D: Flushed 57 dirty blocks.
cpu7_L1D: Flushed 383 dirty blocks.
cpu6_L1D: Flushed 590 dirty blocks.
cpu5_L1D: Flushed 573 dirty blocks.
cpu4_L1D: Flushed 9 dirty blocks.
cpu3_L1D: Flushed 578 dirty blocks.
cpu31_L1D: Flushed 15 dirty blocks.
cpu30_L1D: Flushed 15 dirty blocks.
cpu2_L1D: Flushed 395 dirty blocks.
cpu29_L1D: Flushed 730 dirty blocks.
cpu28_L1D: Flushed 590 dirty blocks.
cpu27_L1D: Flushed 260 dirty blocks.
cpu26_L1D: Flushed 255 dirty blocks.
cpu25_L1D: Flushed 510 dirty blocks.
cpu24_L1D: Flushed 6 dirty blocks.
cpu23_L1D: Flushed 423 dirty blocks.
cpu21_L1D: Flushed 261 dirty blocks.
cpu20_L1D: Flushed 504 dirty blocks.
cpu1_L1D: Flushed 389 dirty blocks.
cpu19_L1D: Flushed 433 dirty blocks.
cpu18_L1D: Flushed 406 dirty blocks.
cpu17_L1D: Flushed 422 dirty blocks.
cpu16_L1D: Flushed 2 dirty blocks.
cpu15_L1D: Flushed 190 dirty blocks.
cpu14_L1D: Flushed 240 dirty blocks.
cpu13_L1D: Flushed 7 dirty blocks.
cpu12_L1D: Flushed 127 dirty blocks.
cpu11_L1D: Flushed 28 dirty blocks.
cpu10_L1D: Flushed 91 dirty blocks.
cpu0_L1D: Flushed 638 dirty blocks.
Flushing L2 caches...
cpu9_L2C: Flushed 343 dirty blocks.
cpu8_L2C: Flushed 23492 dirty blocks.
cpu7_L2C: Flushed 11299 dirty blocks.
cpu6_L2C: Flushed 26095 dirty blocks.
cpu5_L2C: Flushed 28543 dirty blocks.
cpu4_L2C: Flushed 9 dirty blocks.
cpu3_L2C: Flushed 29937 dirty blocks.
cpu31_L2C: Flushed 15 dirty blocks.
cpu30_L2C: Flushed 15 dirty blocks.
cpu2_L2C: Flushed 21490 dirty blocks.
cpu29_L2C: Flushed 32734 dirty blocks.
cpu28_L2C: Flushed 26389 dirty blocks.
cpu27_L2C: Flushed 260 dirty blocks.
cpu26_L2C: Flushed 20946 dirty blocks.
cpu25_L2C: Flushed 16893 dirty blocks.
cpu24_L2C: Flushed 84 dirty blocks.
cpu23_L2C: Flushed 26677 dirty blocks.
cpu22_L2C: Flushed 28354 dirty blocks.
cpu21_L2C: Flushed 261 dirty blocks.
cpu20_L2C: Flushed 21115 dirty blocks.
cpu1_L2C: Flushed 4377 dirty blocks.
cpu19_L2C: Flushed 16482 dirty blocks.
cpu18_L2C: Flushed 21640 dirty blocks.
cpu17_L2C: Flushed 4377 dirty blocks.
cpu16_L2C: Flushed 268 dirty blocks.
cpu15_L2C: Flushed 18804 dirty blocks.
cpu14_L2C: Flushed 23632 dirty blocks.
cpu13_L2C: Flushed 27858 dirty blocks.
cpu12_L2C: Flushed 10764 dirty blocks.
cpu11_L2C: Flushed 4849 dirty blocks.
cpu10_L2C: Flushed 28504 dirty blocks.
cpu0_L2C: Flushed 30052 dirty blocks.
Flushing LLC...
LLC: Flushed 353796 dirty blocks.
Rigorous flush pipeline fully complete!
Simulation finished CPU 13 instructions: 200000005 cycles: 193023614 cumulative IPC: 1.036 (Simulation time: 13 hr 40 min 29 sec)
Simulation complete CPU 9 instructions: 679325396 cycles: 193023614 cumulative IPC: 3.519 (Simulation time: 13 hr 40 min 29 sec)
Simulation complete CPU 8 instructions: 577689823 cycles: 193023614 cumulative IPC: 2.993 (Simulation time: 13 hr 40 min 29 sec)
Simulation complete CPU 7 instructions: 275135138 cycles: 193023614 cumulative IPC: 1.425 (Simulation time: 13 hr 40 min 29 sec)
Simulation complete CPU 6 instructions: 675474517 cycles: 193023614 cumulative IPC: 3.499 (Simulation time: 13 hr 40 min 29 sec)
Simulation complete CPU 5 instructions: 278398590 cycles: 193023614 cumulative IPC: 1.442 (Simulation time: 13 hr 40 min 29 sec)
Simulation complete CPU 4 instructions: 864832067 cycles: 193023614 cumulative IPC: 4.48 (Simulation time: 13 hr 40 min 29 sec)
Simulation complete CPU 31 instructions: 527725449 cycles: 193023614 cumulative IPC: 2.734 (Simulation time: 13 hr 40 min 29 sec)
Simulation complete CPU 30 instructions: 525838191 cycles: 193023614 cumulative IPC: 2.724 (Simulation time: 13 hr 40 min 29 sec)
Simulation complete CPU 3 instructions: 595832763 cycles: 193023614 cumulative IPC: 3.087 (Simulation time: 13 hr 40 min 29 sec)
Simulation complete CPU 29 instructions: 347787851 cycles: 193023614 cumulative IPC: 1.802 (Simulation time: 13 hr 40 min 29 sec)
Simulation complete CPU 28 instructions: 675338727 cycles: 193023614 cumulative IPC: 3.499 (Simulation time: 13 hr 40 min 29 sec)
Simulation complete CPU 27 instructions: 768569273 cycles: 193023614 cumulative IPC: 3.982 (Simulation time: 13 hr 40 min 29 sec)
Simulation complete CPU 26 instructions: 699825047 cycles: 193023614 cumulative IPC: 3.626 (Simulation time: 13 hr 40 min 29 sec)
Simulation complete CPU 25 instructions: 810595013 cycles: 193023614 cumulative IPC: 4.199 (Simulation time: 13 hr 40 min 29 sec)
Simulation complete CPU 24 instructions: 313223253 cycles: 193023614 cumulative IPC: 1.623 (Simulation time: 13 hr 40 min 29 sec)
Simulation complete CPU 23 instructions: 473509447 cycles: 193023614 cumulative IPC: 2.453 (Simulation time: 13 hr 40 min 29 sec)
Simulation complete CPU 22 instructions: 217547698 cycles: 193023614 cumulative IPC: 1.127 (Simulation time: 13 hr 40 min 29 sec)
Simulation complete CPU 21 instructions: 752763594 cycles: 193023614 cumulative IPC: 3.9 (Simulation time: 13 hr 40 min 29 sec)
Simulation complete CPU 20 instructions: 260591670 cycles: 193023614 cumulative IPC: 1.35 (Simulation time: 13 hr 40 min 29 sec)
Simulation complete CPU 2 instructions: 351831171 cycles: 193023614 cumulative IPC: 1.823 (Simulation time: 13 hr 40 min 29 sec)
Simulation complete CPU 19 instructions: 459184982 cycles: 193023614 cumulative IPC: 2.379 (Simulation time: 13 hr 40 min 29 sec)
Simulation complete CPU 18 instructions: 358020638 cycles: 193023614 cumulative IPC: 1.855 (Simulation time: 13 hr 40 min 29 sec)
Simulation complete CPU 17 instructions: 357708488 cycles: 193023614 cumulative IPC: 1.853 (Simulation time: 13 hr 40 min 29 sec)
Simulation complete CPU 16 instructions: 885838323 cycles: 193023614 cumulative IPC: 4.589 (Simulation time: 13 hr 40 min 29 sec)
Simulation complete CPU 15 instructions: 462201776 cycles: 193023614 cumulative IPC: 2.395 (Simulation time: 13 hr 40 min 29 sec)
Simulation complete CPU 14 instructions: 578370589 cycles: 193023614 cumulative IPC: 2.996 (Simulation time: 13 hr 40 min 29 sec)
Simulation complete CPU 13 instructions: 200000005 cycles: 193023614 cumulative IPC: 1.036 (Simulation time: 13 hr 40 min 29 sec)
Simulation complete CPU 12 instructions: 621416426 cycles: 193023614 cumulative IPC: 3.219 (Simulation time: 13 hr 40 min 29 sec)
Simulation complete CPU 11 instructions: 284163013 cycles: 193023614 cumulative IPC: 1.472 (Simulation time: 13 hr 40 min 29 sec)
Simulation complete CPU 10 instructions: 218233370 cycles: 193023614 cumulative IPC: 1.131 (Simulation time: 13 hr 40 min 29 sec)
Simulation complete CPU 1 instructions: 357771176 cycles: 193023614 cumulative IPC: 1.854 (Simulation time: 13 hr 40 min 29 sec)
Simulation complete CPU 0 instructions: 654243188 cycles: 193023614 cumulative IPC: 3.389 (Simulation time: 13 hr 40 min 29 sec)

ChampSim completed all CPUs

=== Simulation ===
CPU 0 runs /home/tandonmitul27/workspace/SPEC17/603.bwaves_s-1080B.champsimtrace.xz
CPU 1 runs /home/tandonmitul27/workspace/SPEC17/641.leela_s-862B.champsimtrace.xz
CPU 2 runs /home/tandonmitul27/workspace/SPEC17/641.leela_s-149B.champsimtrace.xz
CPU 3 runs /home/tandonmitul27/workspace/SPEC17/649.fotonik3d_s-1B.champsimtrace.xz
CPU 4 runs /home/tandonmitul27/workspace/SPEC17/607.cactuBSSN_s-4248B.champsimtrace.xz
CPU 5 runs /home/tandonmitul27/workspace/SPEC17/657.xz_s-3167B.champsimtrace.xz
CPU 6 runs /home/tandonmitul27/workspace/SPEC17/603.bwaves_s-3699B.champsimtrace.xz
CPU 7 runs /home/tandonmitul27/workspace/SPEC17/621.wrf_s-575B.champsimtrace.xz
CPU 8 runs /home/tandonmitul27/workspace/SPEC17/644.nab_s-12459B.champsimtrace.xz
CPU 9 runs /home/tandonmitul27/workspace/SPEC17/648.exchange2_s-1227B.champsimtrace.xz
CPU 10 runs /home/tandonmitul27/workspace/SPEC17/623.xalancbmk_s-592B.champsimtrace.xz
CPU 11 runs /home/tandonmitul27/workspace/SPEC17/607.cactuBSSN_s-2421B.champsimtrace.xz
CPU 12 runs /home/tandonmitul27/workspace/SPEC17/654.roms_s-1021B.champsimtrace.xz
CPU 13 runs /home/tandonmitul27/workspace/SPEC17/623.xalancbmk_s-700B.champsimtrace.xz
CPU 14 runs /home/tandonmitul27/workspace/SPEC17/644.nab_s-12459B.champsimtrace.xz
CPU 15 runs /home/tandonmitul27/workspace/SPEC17/644.nab_s-12521B.champsimtrace.xz
CPU 16 runs /home/tandonmitul27/workspace/SPEC17/638.imagick_s-10316B.champsimtrace.xz
CPU 17 runs /home/tandonmitul27/workspace/SPEC17/641.leela_s-862B.champsimtrace.xz
CPU 18 runs /home/tandonmitul27/workspace/SPEC17/641.leela_s-334B.champsimtrace.xz
CPU 19 runs /home/tandonmitul27/workspace/SPEC17/654.roms_s-842B.champsimtrace.xz
CPU 20 runs /home/tandonmitul27/workspace/SPEC17/621.wrf_s-8100B.champsimtrace.xz
CPU 21 runs /home/tandonmitul27/workspace/SPEC17/648.exchange2_s-1511B.champsimtrace.xz
CPU 22 runs /home/tandonmitul27/workspace/SPEC17/623.xalancbmk_s-592B.champsimtrace.xz
CPU 23 runs /home/tandonmitul27/workspace/SPEC17/628.pop2_s-17B.champsimtrace.xz
CPU 24 runs /home/tandonmitul27/workspace/SPEC17/644.nab_s-9322B.champsimtrace.xz
CPU 25 runs /home/tandonmitul27/workspace/SPEC17/625.x264_s-20B.champsimtrace.xz
CPU 26 runs /home/tandonmitul27/workspace/SPEC17/625.x264_s-33B.champsimtrace.xz
CPU 27 runs /home/tandonmitul27/workspace/SPEC17/648.exchange2_s-1712B.champsimtrace.xz
CPU 28 runs /home/tandonmitul27/workspace/SPEC17/603.bwaves_s-3699B.champsimtrace.xz
CPU 29 runs /home/tandonmitul27/workspace/SPEC17/638.imagick_s-824B.champsimtrace.xz
CPU 30 runs /home/tandonmitul27/workspace/SPEC17/657.xz_s-56B.champsimtrace.xz
CPU 31 runs /home/tandonmitul27/workspace/SPEC17/657.xz_s-56B.champsimtrace.xz

Total Simulation Statistics (not including warmup)

CPU 9 cumulative IPC: 3.519 instructions: 679325396 cycles: 193023614
CPU 9 Branch Prediction Accuracy: 97.92% MPKI: 3.025 Average ROB Occupancy at Mispredict: 50.86
Branch type MPKI
BRANCH_DIRECT_JUMP: 0.1741
BRANCH_INDIRECT: 4.269e-05
BRANCH_CONDITIONAL: 2.851
BRANCH_DIRECT_CALL: 9.863e-05
BRANCH_INDIRECT_CALL: 5.888e-06
BRANCH_RETURN: 0.0001016


CPU 8 cumulative IPC: 2.993 instructions: 577689823 cycles: 193023614
CPU 8 Branch Prediction Accuracy: 97.95% MPKI: 2.863 Average ROB Occupancy at Mispredict: 109
Branch type MPKI
BRANCH_DIRECT_JUMP: 0.3015
BRANCH_INDIRECT: 0
BRANCH_CONDITIONAL: 2.562
BRANCH_DIRECT_CALL: 0
BRANCH_INDIRECT_CALL: 0
BRANCH_RETURN: 0


CPU 7 cumulative IPC: 1.425 instructions: 275135138 cycles: 193023614
CPU 7 Branch Prediction Accuracy: 97.17% MPKI: 3.79 Average ROB Occupancy at Mispredict: 165
Branch type MPKI
BRANCH_DIRECT_JUMP: 0.0002072
BRANCH_INDIRECT: 3.635e-06
BRANCH_CONDITIONAL: 3.759
BRANCH_DIRECT_CALL: 0.0005743
BRANCH_INDIRECT_CALL: 0
BRANCH_RETURN: 0.02981


CPU 6 cumulative IPC: 3.499 instructions: 675474517 cycles: 193023614
CPU 6 Branch Prediction Accuracy: 99.52% MPKI: 0.6958 Average ROB Occupancy at Mispredict: 168.6
Branch type MPKI
BRANCH_DIRECT_JUMP: 0.05814
BRANCH_INDIRECT: 0
BRANCH_CONDITIONAL: 0.5737
BRANCH_DIRECT_CALL: 0
BRANCH_INDIRECT_CALL: 0
BRANCH_RETURN: 0.06392


CPU 5 cumulative IPC: 1.442 instructions: 278398590 cycles: 193023614
CPU 5 Branch Prediction Accuracy: 95.8% MPKI: 6.275 Average ROB Occupancy at Mispredict: 44.92
Branch type MPKI
BRANCH_DIRECT_JUMP: 0.07759
BRANCH_INDIRECT: 0.7974
BRANCH_CONDITIONAL: 5.397
BRANCH_DIRECT_CALL: 1.437e-05
BRANCH_INDIRECT_CALL: 0.002432
BRANCH_RETURN: 1.437e-05


CPU 4 cumulative IPC: 4.48 instructions: 864832067 cycles: 193023614
CPU 4 Branch Prediction Accuracy: 99.96% MPKI: 0.04555 Average ROB Occupancy at Mispredict: 199.2
Branch type MPKI
BRANCH_DIRECT_JUMP: 5.088e-05
BRANCH_INDIRECT: 1.503e-05
BRANCH_CONDITIONAL: 0.04532
BRANCH_DIRECT_CALL: 8.557e-05
BRANCH_INDIRECT_CALL: 3.469e-06
BRANCH_RETURN: 8.094e-05


CPU 31 cumulative IPC: 2.734 instructions: 527725449 cycles: 193023614
CPU 31 Branch Prediction Accuracy: 100% MPKI: 0 Average ROB Occupancy at Mispredict: -
Branch type MPKI
BRANCH_DIRECT_JUMP: 0
BRANCH_INDIRECT: 0
BRANCH_CONDITIONAL: 0
BRANCH_DIRECT_CALL: 0
BRANCH_INDIRECT_CALL: 0
BRANCH_RETURN: 0


CPU 30 cumulative IPC: 2.724 instructions: 525838191 cycles: 193023614
CPU 30 Branch Prediction Accuracy: 100% MPKI: 0 Average ROB Occupancy at Mispredict: -
Branch type MPKI
BRANCH_DIRECT_JUMP: 0
BRANCH_INDIRECT: 0
BRANCH_CONDITIONAL: 0
BRANCH_DIRECT_CALL: 0
BRANCH_INDIRECT_CALL: 0
BRANCH_RETURN: 0


CPU 3 cumulative IPC: 3.087 instructions: 595832763 cycles: 193023614
CPU 3 Branch Prediction Accuracy: 98.95% MPKI: 2.498 Average ROB Occupancy at Mispredict: 136.2
Branch type MPKI
BRANCH_DIRECT_JUMP: 1.678e-06
BRANCH_INDIRECT: 0.2733
BRANCH_CONDITIONAL: 2.225
BRANCH_DIRECT_CALL: 1.678e-06
BRANCH_INDIRECT_CALL: 0
BRANCH_RETURN: 1.678e-06


CPU 29 cumulative IPC: 1.802 instructions: 347787851 cycles: 193023614
CPU 29 Branch Prediction Accuracy: 99.95% MPKI: 0.0877 Average ROB Occupancy at Mispredict: 452.3
Branch type MPKI
BRANCH_DIRECT_JUMP: 0
BRANCH_INDIRECT: 5.751e-06
BRANCH_CONDITIONAL: 0.08769
BRANCH_DIRECT_CALL: 0
BRANCH_INDIRECT_CALL: 0
BRANCH_RETURN: 0


CPU 28 cumulative IPC: 3.499 instructions: 675338727 cycles: 193023614
CPU 28 Branch Prediction Accuracy: 99.52% MPKI: 0.6957 Average ROB Occupancy at Mispredict: 168.6
Branch type MPKI
BRANCH_DIRECT_JUMP: 0.05814
BRANCH_INDIRECT: 0
BRANCH_CONDITIONAL: 0.5737
BRANCH_DIRECT_CALL: 0
BRANCH_INDIRECT_CALL: 0
BRANCH_RETURN: 0.06391


CPU 27 cumulative IPC: 3.982 instructions: 768569273 cycles: 193023614
CPU 27 Branch Prediction Accuracy: 98.94% MPKI: 1.444 Average ROB Occupancy at Mispredict: 71.23
Branch type MPKI
BRANCH_DIRECT_JUMP: 0.04255
BRANCH_INDIRECT: 0
BRANCH_CONDITIONAL: 1.401
BRANCH_DIRECT_CALL: 0.0001093
BRANCH_INDIRECT_CALL: 0
BRANCH_RETURN: 0.0001093


CPU 26 cumulative IPC: 3.626 instructions: 699825047 cycles: 193023614
CPU 26 Branch Prediction Accuracy: 98.36% MPKI: 0.7027 Average ROB Occupancy at Mispredict: 91.28
Branch type MPKI
BRANCH_DIRECT_JUMP: 0.0009745
BRANCH_INDIRECT: 0.0007345
BRANCH_CONDITIONAL: 0.6077
BRANCH_DIRECT_CALL: 0.0006502
BRANCH_INDIRECT_CALL: 0.01889
BRANCH_RETURN: 0.0738


CPU 25 cumulative IPC: 4.199 instructions: 810595013 cycles: 193023614
CPU 25 Branch Prediction Accuracy: 99.38% MPKI: 0.2304 Average ROB Occupancy at Mispredict: 126
Branch type MPKI
BRANCH_DIRECT_JUMP: 0.0002282
BRANCH_INDIRECT: 0.0001715
BRANCH_CONDITIONAL: 0.1558
BRANCH_DIRECT_CALL: 0.0002862
BRANCH_INDIRECT_CALL: 0.003898
BRANCH_RETURN: 0.07011


CPU 24 cumulative IPC: 1.623 instructions: 313223253 cycles: 193023614
CPU 24 Branch Prediction Accuracy: 97.03% MPKI: 3.828 Average ROB Occupancy at Mispredict: 103
Branch type MPKI
BRANCH_DIRECT_JUMP: 0
BRANCH_INDIRECT: 0
BRANCH_CONDITIONAL: 3.828
BRANCH_DIRECT_CALL: 0
BRANCH_INDIRECT_CALL: 0
BRANCH_RETURN: 0


CPU 23 cumulative IPC: 2.453 instructions: 473509447 cycles: 193023614
CPU 23 Branch Prediction Accuracy: 98.85% MPKI: 1.828 Average ROB Occupancy at Mispredict: 63.77
Branch type MPKI
BRANCH_DIRECT_JUMP: 0.02706
BRANCH_INDIRECT: 0.0006272
BRANCH_CONDITIONAL: 1.733
BRANCH_DIRECT_CALL: 0.000585
BRANCH_INDIRECT_CALL: 0
BRANCH_RETURN: 0.06666


CPU 22 cumulative IPC: 1.127 instructions: 217547698 cycles: 193023614
CPU 22 Branch Prediction Accuracy: 98.18% MPKI: 5.276 Average ROB Occupancy at Mispredict: 57.4
Branch type MPKI
BRANCH_DIRECT_JUMP: 0.1059
BRANCH_INDIRECT: 0.3426
BRANCH_CONDITIONAL: 3.075
BRANCH_DIRECT_CALL: 0.0001011
BRANCH_INDIRECT_CALL: 0.3573
BRANCH_RETURN: 1.395


CPU 21 cumulative IPC: 3.9 instructions: 752763594 cycles: 193023614
CPU 21 Branch Prediction Accuracy: 98.63% MPKI: 1.901 Average ROB Occupancy at Mispredict: 60.66
Branch type MPKI
BRANCH_DIRECT_JUMP: 0.06601
BRANCH_INDIRECT: 0
BRANCH_CONDITIONAL: 1.834
BRANCH_DIRECT_CALL: 0.0001103
BRANCH_INDIRECT_CALL: 0
BRANCH_RETURN: 0.0001103


CPU 20 cumulative IPC: 1.35 instructions: 260591670 cycles: 193023614
CPU 20 Branch Prediction Accuracy: 91.53% MPKI: 10.45 Average ROB Occupancy at Mispredict: 45.1
Branch type MPKI
BRANCH_DIRECT_JUMP: 0.004279
BRANCH_INDIRECT: 0
BRANCH_CONDITIONAL: 6.677
BRANCH_DIRECT_CALL: 7.675e-06
BRANCH_INDIRECT_CALL: 0
BRANCH_RETURN: 3.771


CPU 2 cumulative IPC: 1.823 instructions: 351831171 cycles: 193023614
CPU 2 Branch Prediction Accuracy: 92.7% MPKI: 12.08 Average ROB Occupancy at Mispredict: 35.41
Branch type MPKI
BRANCH_DIRECT_JUMP: 0.1094
BRANCH_INDIRECT: 0.0006537
BRANCH_CONDITIONAL: 11.94
BRANCH_DIRECT_CALL: 0
BRANCH_INDIRECT_CALL: 0
BRANCH_RETURN: 0.02872


CPU 19 cumulative IPC: 2.379 instructions: 459184982 cycles: 193023614
CPU 19 Branch Prediction Accuracy: 96.6% MPKI: 5.424 Average ROB Occupancy at Mispredict: 77.52
Branch type MPKI
BRANCH_DIRECT_JUMP: 0.143
BRANCH_INDIRECT: 0
BRANCH_CONDITIONAL: 3.643
BRANCH_DIRECT_CALL: 1.742e-05
BRANCH_INDIRECT_CALL: 0
BRANCH_RETURN: 1.637


CPU 18 cumulative IPC: 1.855 instructions: 358020638 cycles: 193023614
CPU 18 Branch Prediction Accuracy: 94.2% MPKI: 10.12 Average ROB Occupancy at Mispredict: 42.05
Branch type MPKI
BRANCH_DIRECT_JUMP: 0.2045
BRANCH_INDIRECT: 0.00226
BRANCH_CONDITIONAL: 9.885
BRANCH_DIRECT_CALL: 0.0004162
BRANCH_INDIRECT_CALL: 4.469e-05
BRANCH_RETURN: 0.02477


CPU 17 cumulative IPC: 1.853 instructions: 357708488 cycles: 193023614
CPU 17 Branch Prediction Accuracy: 92.56% MPKI: 12.24 Average ROB Occupancy at Mispredict: 35.78
Branch type MPKI
BRANCH_DIRECT_JUMP: 0.0764
BRANCH_INDIRECT: 0.0004305
BRANCH_CONDITIONAL: 12.14
BRANCH_DIRECT_CALL: 1.118e-05
BRANCH_INDIRECT_CALL: 0
BRANCH_RETURN: 0.03163


CPU 16 cumulative IPC: 4.589 instructions: 885838323 cycles: 193023614
CPU 16 Branch Prediction Accuracy: 99.7% MPKI: 0.3128 Average ROB Occupancy at Mispredict: 108.8
Branch type MPKI
BRANCH_DIRECT_JUMP: 2.258e-06
BRANCH_INDIRECT: 0
BRANCH_CONDITIONAL: 0.3128
BRANCH_DIRECT_CALL: 0
BRANCH_INDIRECT_CALL: 0
BRANCH_RETURN: 0


CPU 15 cumulative IPC: 2.395 instructions: 462201776 cycles: 193023614
CPU 15 Branch Prediction Accuracy: 99.66% MPKI: 0.3411 Average ROB Occupancy at Mispredict: 195.3
Branch type MPKI
BRANCH_DIRECT_JUMP: 0.0001644
BRANCH_INDIRECT: 0
BRANCH_CONDITIONAL: 0.3409
BRANCH_DIRECT_CALL: 3.462e-05
BRANCH_INDIRECT_CALL: 0
BRANCH_RETURN: 3.894e-05


CPU 14 cumulative IPC: 2.996 instructions: 578370589 cycles: 193023614
CPU 14 Branch Prediction Accuracy: 97.94% MPKI: 2.864 Average ROB Occupancy at Mispredict: 108.9
Branch type MPKI
BRANCH_DIRECT_JUMP: 0.3018
BRANCH_INDIRECT: 0
BRANCH_CONDITIONAL: 2.562
BRANCH_DIRECT_CALL: 0
BRANCH_INDIRECT_CALL: 0
BRANCH_RETURN: 0


CPU 13 cumulative IPC: 1.036 instructions: 200000005 cycles: 193023614
CPU 13 Branch Prediction Accuracy: 97.81% MPKI: 6.068 Average ROB Occupancy at Mispredict: 54.26
Branch type MPKI
BRANCH_DIRECT_JUMP: 0.1237
BRANCH_INDIRECT: 0.3787
BRANCH_CONDITIONAL: 3.531
BRANCH_DIRECT_CALL: 0.00063
BRANCH_INDIRECT_CALL: 0.4207
BRANCH_RETURN: 1.613


CPU 12 cumulative IPC: 3.219 instructions: 621416426 cycles: 193023614
CPU 12 Branch Prediction Accuracy: 98.77% MPKI: 1.949 Average ROB Occupancy at Mispredict: 142.8
Branch type MPKI
BRANCH_DIRECT_JUMP: 0.17
BRANCH_INDIRECT: 0
BRANCH_CONDITIONAL: 1.534
BRANCH_DIRECT_CALL: 1.126e-05
BRANCH_INDIRECT_CALL: 0
BRANCH_RETURN: 0.2456


CPU 11 cumulative IPC: 1.472 instructions: 284163013 cycles: 193023614
CPU 11 Branch Prediction Accuracy: 98.94% MPKI: 0.01414 Average ROB Occupancy at Mispredict: 171
Branch type MPKI
BRANCH_DIRECT_JUMP: 0.0001056
BRANCH_INDIRECT: 0.0002991
BRANCH_CONDITIONAL: 0.007453
BRANCH_DIRECT_CALL: 0.002182
BRANCH_INDIRECT_CALL: 1.056e-05
BRANCH_RETURN: 0.004089


CPU 10 cumulative IPC: 1.131 instructions: 218233370 cycles: 193023614
CPU 10 Branch Prediction Accuracy: 98.18% MPKI: 5.276 Average ROB Occupancy at Mispredict: 57.4
Branch type MPKI
BRANCH_DIRECT_JUMP: 0.1059
BRANCH_INDIRECT: 0.3427
BRANCH_CONDITIONAL: 3.075
BRANCH_DIRECT_CALL: 0.0001008
BRANCH_INDIRECT_CALL: 0.3574
BRANCH_RETURN: 1.395


CPU 1 cumulative IPC: 1.854 instructions: 357771176 cycles: 193023614
CPU 1 Branch Prediction Accuracy: 92.56% MPKI: 12.24 Average ROB Occupancy at Mispredict: 35.78
Branch type MPKI
BRANCH_DIRECT_JUMP: 0.0764
BRANCH_INDIRECT: 0.0004332
BRANCH_CONDITIONAL: 12.14
BRANCH_DIRECT_CALL: 1.118e-05
BRANCH_INDIRECT_CALL: 0
BRANCH_RETURN: 0.03163


CPU 0 cumulative IPC: 3.389 instructions: 654243188 cycles: 193023614
CPU 0 Branch Prediction Accuracy: 99.31% MPKI: 1.001 Average ROB Occupancy at Mispredict: 124.9
Branch type MPKI
BRANCH_DIRECT_JUMP: 0.1917
BRANCH_INDIRECT: 0
BRANCH_CONDITIONAL: 0.679
BRANCH_DIRECT_CALL: 0
BRANCH_INDIRECT_CALL: 0
BRANCH_RETURN: 0.1306

cpu9->cpu9_STLB TOTAL        ACCESS:         36 HIT:          1 MISS:         35 MSHR_MERGE:          0
cpu9->cpu9_STLB LOAD         ACCESS:         36 HIT:          1 MISS:         35 MSHR_MERGE:          0
cpu9->cpu9_STLB RFO          ACCESS:          0 HIT:          0 MISS:          0 MSHR_MERGE:          0
cpu9->cpu9_STLB PREFETCH     ACCESS:          0 HIT:          0 MISS:          0 MSHR_MERGE:          0
cpu9->cpu9_STLB WRITE        ACCESS:          0 HIT:          0 MISS:          0 MSHR_MERGE:          0
cpu9->cpu9_STLB TRANSLATION  ACCESS:          0 HIT:          0 MISS:          0 MSHR_MERGE:          0
cpu9->cpu9_STLB PREFETCH REQUESTED:          0 ISSUED:          0 USEFUL:          0 USELESS:          0
cpu9->cpu9_STLB AVERAGE MISS LATENCY: 1064 cycles
cpu0->cpu9_L2C TOTAL        ACCESS:        342 HIT:        342 MISS:          0 MSHR_MERGE:          0
cpu0->cpu9_L2C LOAD         ACCESS:          0 HIT:          0 MISS:          0 MSHR_MERGE:          0
cpu0->cpu9_L2C RFO          ACCESS:          0 HIT:          0 MISS:          0 MSHR_MERGE:          0
cpu0->cpu9_L2C PREFETCH     ACCESS:          0 HIT:          0 MISS:          0 MSHR_MERGE:          0
cpu0->cpu9_L2C WRITE        ACCESS:        342 HIT:        342 MISS:          0 MSHR_MERGE:          0
cpu0->cpu9_L2C TRANSLATION  ACCESS:          0 HIT:          0 MISS:          0 MSHR_MERGE:          0
cpu0->cpu9_L2C PREFETCH REQUESTED:     543979 ISSUED:     529704 USEFUL:         33 USELESS:          0
cpu0->cpu9_L2C AVERAGE MISS LATENCY: - cycles
cpu9->cpu9_L2C TOTAL        ACCESS:     663665 HIT:     631640 MISS:      32025 MSHR_MERGE:        337
cpu9->cpu9_L2C LOAD         ACCESS:      94109 HIT:      93878 MISS:        231 MSHR_MERGE:          3
cpu9->cpu9_L2C RFO          ACCESS:         63 HIT:         12 MISS:         51 MSHR_MERGE:          0
cpu9->cpu9_L2C PREFETCH     ACCESS:     569423 HIT:     537740 MISS:      31683 MSHR_MERGE:        334
cpu9->cpu9_L2C WRITE        ACCESS:         10 HIT:         10 MISS:          0 MSHR_MERGE:          0
cpu9->cpu9_L2C TRANSLATION  ACCESS:         60 HIT:          0 MISS:         60 MSHR_MERGE:          0
cpu9->cpu9_L2C PREFETCH REQUESTED:     543979 ISSUED:     529704 USEFUL:         33 USELESS:          0
cpu9->cpu9_L2C AVERAGE MISS LATENCY: 293.1 cycles
cpu9->cpu9_L1I TOTAL        ACCESS:  116588520 HIT:  116163570 MISS:     424950 MSHR_MERGE:     291216
cpu9->cpu9_L1I LOAD         ACCESS:   62449375 HIT:   62232745 MISS:     216630 MSHR_MERGE:     122593
cpu9->cpu9_L1I RFO          ACCESS:          0 HIT:          0 MISS:          0 MSHR_MERGE:          0
cpu9->cpu9_L1I PREFETCH     ACCESS:   54139145 HIT:   53930825 MISS:     208320 MSHR_MERGE:     168623
cpu9->cpu9_L1I WRITE        ACCESS:          0 HIT:          0 MISS:          0 MSHR_MERGE:          0
cpu9->cpu9_L1I TRANSLATION  ACCESS:          0 HIT:          0 MISS:          0 MSHR_MERGE:          0
cpu9->cpu9_L1I PREFETCH REQUESTED:   62449378 ISSUED:   54139113 USEFUL:      33910 USELESS:       5785
cpu9->cpu9_L1I AVERAGE MISS LATENCY: 9.151 cycles
cpu9->cpu9_L1D TOTAL        ACCESS:  183508444 HIT:  183507906 MISS:        538 MSHR_MERGE:        318
cpu9->cpu9_L1D LOAD         ACCESS:   78190376 HIT:   78190220 MISS:        156 MSHR_MERGE:         81
cpu9->cpu9_L1D RFO          ACCESS:          0 HIT:          0 MISS:          0 MSHR_MERGE:          0
cpu9->cpu9_L1D PREFETCH     ACCESS:   13214349 HIT:   13214319 MISS:         30 MSHR_MERGE:          8
cpu9->cpu9_L1D WRITE        ACCESS:   92103649 HIT:   92103357 MISS:        292 MSHR_MERGE:        229
cpu9->cpu9_L1D TRANSLATION  ACCESS:         70 HIT:         10 MISS:         60 MSHR_MERGE:          0
cpu9->cpu9_L1D PREFETCH REQUESTED:   14582300 ISSUED:   13214333 USEFUL:         13 USELESS:          0
cpu9->cpu9_L1D AVERAGE MISS LATENCY: 372.3 cycles
cpu9_L1D FLUSH STALL CYCLES: 278
cpu9->cpu9_ITLB TOTAL        ACCESS:   80574558 HIT:   80574529 MISS:         29 MSHR_MERGE:          9
cpu9->cpu9_ITLB LOAD         ACCESS:   80574558 HIT:   80574529 MISS:         29 MSHR_MERGE:          9
cpu9->cpu9_ITLB RFO          ACCESS:          0 HIT:          0 MISS:          0 MSHR_MERGE:          0
cpu9->cpu9_ITLB PREFETCH     ACCESS:          0 HIT:          0 MISS:          0 MSHR_MERGE:          0
cpu9->cpu9_ITLB WRITE        ACCESS:          0 HIT:          0 MISS:          0 MSHR_MERGE:          0
cpu9->cpu9_ITLB TRANSLATION  ACCESS:          0 HIT:          0 MISS:          0 MSHR_MERGE:          0
cpu9->cpu9_ITLB PREFETCH REQUESTED:          0 ISSUED:          0 USEFUL:          0 USELESS:          0
cpu9->cpu9_ITLB AVERAGE MISS LATENCY: 927.5 cycles
cpu9->cpu9_DTLB TOTAL        ACCESS:  147164913 HIT:  147164892 MISS:         21 MSHR_MERGE:          5
cpu9->cpu9_DTLB LOAD         ACCESS:  147164913 HIT:  147164892 MISS:         21 MSHR_MERGE:          5
cpu9->cpu9_DTLB RFO          ACCESS:          0 HIT:          0 MISS:          0 MSHR_MERGE:          0
cpu9->cpu9_DTLB PREFETCH     ACCESS:          0 HIT:          0 MISS:          0 MSHR_MERGE:          0
cpu9->cpu9_DTLB WRITE        ACCESS:          0 HIT:          0 MISS:          0 MSHR_MERGE:          0
cpu9->cpu9_DTLB TRANSLATION  ACCESS:          0 HIT:          0 MISS:          0 MSHR_MERGE:          0
cpu9->cpu9_DTLB PREFETCH REQUESTED:          0 ISSUED:          0 USEFUL:          0 USELESS:          0
cpu9->cpu9_DTLB AVERAGE MISS LATENCY: 1182 cycles
cpu8->cpu8_STLB TOTAL        ACCESS:     173153 HIT:     171774 MISS:       1379 MSHR_MERGE:          0
cpu8->cpu8_STLB LOAD         ACCESS:     173153 HIT:     171774 MISS:       1379 MSHR_MERGE:          0
cpu8->cpu8_STLB RFO          ACCESS:          0 HIT:          0 MISS:          0 MSHR_MERGE:          0
cpu8->cpu8_STLB PREFETCH     ACCESS:          0 HIT:          0 MISS:          0 MSHR_MERGE:          0
cpu8->cpu8_STLB WRITE        ACCESS:          0 HIT:          0 MISS:          0 MSHR_MERGE:          0
cpu8->cpu8_STLB TRANSLATION  ACCESS:          0 HIT:          0 MISS:          0 MSHR_MERGE:          0
cpu8->cpu8_STLB PREFETCH REQUESTED:          0 ISSUED:          0 USEFUL:          0 USELESS:          0
cpu8->cpu8_STLB AVERAGE MISS LATENCY: 927.2 cycles
cpu0->cpu8_L2C TOTAL        ACCESS:         57 HIT:         48 MISS:          9 MSHR_MERGE:          0
cpu0->cpu8_L2C LOAD         ACCESS:          0 HIT:          0 MISS:          0 MSHR_MERGE:          0
cpu0->cpu8_L2C RFO          ACCESS:          0 HIT:          0 MISS:          0 MSHR_MERGE:          0
cpu0->cpu8_L2C PREFETCH     ACCESS:          0 HIT:          0 MISS:          0 MSHR_MERGE:          0
cpu0->cpu8_L2C WRITE        ACCESS:         57 HIT:         48 MISS:          9 MSHR_MERGE:          0
cpu0->cpu8_L2C TRANSLATION  ACCESS:          0 HIT:          0 MISS:          0 MSHR_MERGE:          0
cpu0->cpu8_L2C PREFETCH REQUESTED:    3632707 ISSUED:    3632707 USEFUL:          9 USELESS:          1
cpu0->cpu8_L2C AVERAGE MISS LATENCY: 3.836e+06 cycles
cpu8->cpu8_L2C TOTAL        ACCESS:    8154581 HIT:    7962053 MISS:     192528 MSHR_MERGE:      20764
cpu8->cpu8_L2C LOAD         ACCESS:    3188521 HIT:    3164501 MISS:      24020 MSHR_MERGE:          2
cpu8->cpu8_L2C RFO          ACCESS:     175429 HIT:      93912 MISS:      81517 MSHR_MERGE:          0
cpu8->cpu8_L2C PREFETCH     ACCESS:    4520462 HIT:    4437115 MISS:      83347 MSHR_MERGE:      20762
cpu8->cpu8_L2C WRITE        ACCESS:     267923 HIT:     266054 MISS:       1869 MSHR_MERGE:          0
cpu8->cpu8_L2C TRANSLATION  ACCESS:       2246 HIT:        471 MISS:       1775 MSHR_MERGE:          0
cpu8->cpu8_L2C PREFETCH REQUESTED:    3632707 ISSUED:    3632707 USEFUL:          9 USELESS:          1
cpu8->cpu8_L2C AVERAGE MISS LATENCY: 316.2 cycles
cpu8_L2C FLUSH STALL CYCLES: 22980
cpu8->cpu8_L1I TOTAL        ACCESS:   28149862 HIT:   28149862 MISS:          0 MSHR_MERGE:          0
cpu8->cpu8_L1I LOAD         ACCESS:   14324432 HIT:   14324432 MISS:          0 MSHR_MERGE:          0
cpu8->cpu8_L1I RFO          ACCESS:          0 HIT:          0 MISS:          0 MSHR_MERGE:          0
cpu8->cpu8_L1I PREFETCH     ACCESS:   13825430 HIT:   13825430 MISS:          0 MSHR_MERGE:          0
cpu8->cpu8_L1I WRITE        ACCESS:          0 HIT:          0 MISS:          0 MSHR_MERGE:          0
cpu8->cpu8_L1I TRANSLATION  ACCESS:          0 HIT:          0 MISS:          0 MSHR_MERGE:          0
cpu8->cpu8_L1I PREFETCH REQUESTED:   14324432 ISSUED:   13825430 USEFUL:          0 USELESS:          0
cpu8->cpu8_L1I AVERAGE MISS LATENCY: - cycles
cpu8->cpu8_L1D TOTAL        ACCESS:  141159630 HIT:  134860763 MISS:    6298867 MSHR_MERGE:    2044891
cpu8->cpu8_L1D LOAD         ACCESS:   73376509 HIT:   69515019 MISS:    3861490 MSHR_MERGE:     672965
cpu8->cpu8_L1D RFO          ACCESS:          0 HIT:          0 MISS:          0 MSHR_MERGE:          0
cpu8->cpu8_L1D PREFETCH     ACCESS:    7694931 HIT:    6745475 MISS:     949456 MSHR_MERGE:      61700
cpu8->cpu8_L1D WRITE        ACCESS:   60085428 HIT:   58599904 MISS:    1485524 MSHR_MERGE:    1310075
cpu8->cpu8_L1D TRANSLATION  ACCESS:       2762 HIT:        365 MISS:       2397 MSHR_MERGE:        151
cpu8->cpu8_L1D PREFETCH REQUESTED:    7697973 ISSUED:    7694931 USEFUL:     565097 USELESS:     322042
cpu8->cpu8_L1D AVERAGE MISS LATENCY: 20.23 cycles
cpu8->cpu8_ITLB TOTAL        ACCESS:   19740932 HIT:   19740932 MISS:          0 MSHR_MERGE:          0
cpu8->cpu8_ITLB LOAD         ACCESS:   19740932 HIT:   19740932 MISS:          0 MSHR_MERGE:          0
cpu8->cpu8_ITLB RFO          ACCESS:          0 HIT:          0 MISS:          0 MSHR_MERGE:          0
cpu8->cpu8_ITLB PREFETCH     ACCESS:          0 HIT:          0 MISS:          0 MSHR_MERGE:          0
cpu8->cpu8_ITLB WRITE        ACCESS:          0 HIT:          0 MISS:          0 MSHR_MERGE:          0
cpu8->cpu8_ITLB TRANSLATION  ACCESS:          0 HIT:          0 MISS:          0 MSHR_MERGE:          0
cpu8->cpu8_ITLB PREFETCH REQUESTED:          0 ISSUED:          0 USEFUL:          0 USELESS:          0
cpu8->cpu8_ITLB AVERAGE MISS LATENCY: - cycles
cpu8->cpu8_DTLB TOTAL        ACCESS:  121885285 HIT:  121668321 MISS:     216964 MSHR_MERGE:      43811
cpu8->cpu8_DTLB LOAD         ACCESS:  121885285 HIT:  121668321 MISS:     216964 MSHR_MERGE:      43811
cpu8->cpu8_DTLB RFO          ACCESS:          0 HIT:          0 MISS:          0 MSHR_MERGE:          0
cpu8->cpu8_DTLB PREFETCH     ACCESS:          0 HIT:          0 MISS:          0 MSHR_MERGE:          0
cpu8->cpu8_DTLB WRITE        ACCESS:          0 HIT:          0 MISS:          0 MSHR_MERGE:          0
cpu8->cpu8_DTLB TRANSLATION  ACCESS:          0 HIT:          0 MISS:          0 MSHR_MERGE:          0
cpu8->cpu8_DTLB PREFETCH REQUESTED:          0 ISSUED:          0 USEFUL:          0 USELESS:          0
cpu8->cpu8_DTLB AVERAGE MISS LATENCY: 12.39 cycles
cpu7->cpu7_STLB TOTAL        ACCESS:      78205 HIT:      77519 MISS:        686 MSHR_MERGE:          0
cpu7->cpu7_STLB LOAD         ACCESS:      78205 HIT:      77519 MISS:        686 MSHR_MERGE:          0
cpu7->cpu7_STLB RFO          ACCESS:          0 HIT:          0 MISS:          0 MSHR_MERGE:          0
cpu7->cpu7_STLB PREFETCH     ACCESS:          0 HIT:          0 MISS:          0 MSHR_MERGE:          0
cpu7->cpu7_STLB WRITE        ACCESS:          0 HIT:          0 MISS:          0 MSHR_MERGE:          0
cpu7->cpu7_STLB TRANSLATION  ACCESS:          0 HIT:          0 MISS:          0 MSHR_MERGE:          0
cpu7->cpu7_STLB PREFETCH REQUESTED:          0 ISSUED:          0 USEFUL:          0 USELESS:          0
cpu7->cpu7_STLB AVERAGE MISS LATENCY: 1051 cycles
cpu0->cpu7_L2C TOTAL        ACCESS:        383 HIT:        376 MISS:          7 MSHR_MERGE:          0
cpu0->cpu7_L2C LOAD         ACCESS:          0 HIT:          0 MISS:          0 MSHR_MERGE:          0
cpu0->cpu7_L2C RFO          ACCESS:          0 HIT:          0 MISS:          0 MSHR_MERGE:          0
cpu0->cpu7_L2C PREFETCH     ACCESS:          0 HIT:          0 MISS:          0 MSHR_MERGE:          0
cpu0->cpu7_L2C WRITE        ACCESS:        383 HIT:        376 MISS:          7 MSHR_MERGE:          0
cpu0->cpu7_L2C TRANSLATION  ACCESS:          0 HIT:          0 MISS:          0 MSHR_MERGE:          0
cpu0->cpu7_L2C PREFETCH REQUESTED:     148467 ISSUED:     148426 USEFUL:       1537 USELESS:         11
cpu0->cpu7_L2C AVERAGE MISS LATENCY: 6.114e+05 cycles
cpu7->cpu7_L2C TOTAL        ACCESS:     280566 HIT:     218555 MISS:      62011 MSHR_MERGE:       4641
cpu7->cpu7_L2C LOAD         ACCESS:      81579 HIT:      75462 MISS:       6117 MSHR_MERGE:         69
cpu7->cpu7_L2C RFO          ACCESS:       7836 HIT:        243 MISS:       7593 MSHR_MERGE:          0
cpu7->cpu7_L2C PREFETCH     ACCESS:     179724 HIT:     132570 MISS:      47154 MSHR_MERGE:       4572
cpu7->cpu7_L2C WRITE        ACCESS:      10297 HIT:      10262 MISS:         35 MSHR_MERGE:          0
cpu7->cpu7_L2C TRANSLATION  ACCESS:       1130 HIT:         18 MISS:       1112 MSHR_MERGE:          0
cpu7->cpu7_L2C PREFETCH REQUESTED:     148467 ISSUED:     148426 USEFUL:       1537 USELESS:         11
cpu7->cpu7_L2C AVERAGE MISS LATENCY: 288.1 cycles
cpu7_L2C FLUSH STALL CYCLES: 10787
cpu7->cpu7_L1I TOTAL        ACCESS:   14653996 HIT:   14418353 MISS:     235643 MSHR_MERGE:     133357
cpu7->cpu7_L1I LOAD         ACCESS:    7376526 HIT:    7248254 MISS:     128272 MSHR_MERGE:      56057
cpu7->cpu7_L1I RFO          ACCESS:          0 HIT:          0 MISS:          0 MSHR_MERGE:          0
cpu7->cpu7_L1I PREFETCH     ACCESS:    7277470 HIT:    7170099 MISS:     107371 MSHR_MERGE:      77300
cpu7->cpu7_L1I WRITE        ACCESS:          0 HIT:          0 MISS:          0 MSHR_MERGE:          0
cpu7->cpu7_L1I TRANSLATION  ACCESS:          0 HIT:          0 MISS:          0 MSHR_MERGE:          0
cpu7->cpu7_L1I PREFETCH REQUESTED:    7376828 ISSUED:    7277438 USEFUL:      19417 USELESS:      10639
cpu7->cpu7_L1I AVERAGE MISS LATENCY: 10.31 cycles
cpu7->cpu7_L1D TOTAL        ACCESS:   46558008 HIT:   46524326 MISS:      33682 MSHR_MERGE:      14120
cpu7->cpu7_L1D LOAD         ACCESS:   35764480 HIT:   35752829 MISS:      11651 MSHR_MERGE:       2287
cpu7->cpu7_L1D RFO          ACCESS:          0 HIT:          0 MISS:          0 MSHR_MERGE:          0
cpu7->cpu7_L1D PREFETCH     ACCESS:      13130 HIT:      11205 MISS:       1925 MSHR_MERGE:        693
cpu7->cpu7_L1D WRITE        ACCESS:   10779021 HIT:   10760052 MISS:      18969 MSHR_MERGE:      11133
cpu7->cpu7_L1D TRANSLATION  ACCESS:       1377 HIT:        240 MISS:       1137 MSHR_MERGE:          7
cpu7->cpu7_L1D PREFETCH REQUESTED:      13619 ISSUED:      13130 USEFUL:        481 USELESS:        556
cpu7->cpu7_L1D AVERAGE MISS LATENCY: 239.4 cycles
cpu7_L1D FLUSH STALL CYCLES: 319
cpu7->cpu7_ITLB TOTAL        ACCESS:   11447439 HIT:   11447380 MISS:         59 MSHR_MERGE:         37
cpu7->cpu7_ITLB LOAD         ACCESS:   11447439 HIT:   11447380 MISS:         59 MSHR_MERGE:         37
cpu7->cpu7_ITLB RFO          ACCESS:          0 HIT:          0 MISS:          0 MSHR_MERGE:          0
cpu7->cpu7_ITLB PREFETCH     ACCESS:          0 HIT:          0 MISS:          0 MSHR_MERGE:          0
cpu7->cpu7_ITLB WRITE        ACCESS:          0 HIT:          0 MISS:          0 MSHR_MERGE:          0
cpu7->cpu7_ITLB TRANSLATION  ACCESS:          0 HIT:          0 MISS:          0 MSHR_MERGE:          0
cpu7->cpu7_ITLB PREFETCH REQUESTED:          0 ISSUED:          0 USEFUL:          0 USELESS:          0
cpu7->cpu7_ITLB AVERAGE MISS LATENCY: 1103 cycles
cpu7->cpu7_DTLB TOTAL        ACCESS:   45557970 HIT:   45467923 MISS:      90047 MSHR_MERGE:      11864
cpu7->cpu7_DTLB LOAD         ACCESS:   45557970 HIT:   45467923 MISS:      90047 MSHR_MERGE:      11864
cpu7->cpu7_DTLB RFO          ACCESS:          0 HIT:          0 MISS:          0 MSHR_MERGE:          0
cpu7->cpu7_DTLB PREFETCH     ACCESS:          0 HIT:          0 MISS:          0 MSHR_MERGE:          0
cpu7->cpu7_DTLB WRITE        ACCESS:          0 HIT:          0 MISS:          0 MSHR_MERGE:          0
cpu7->cpu7_DTLB TRANSLATION  ACCESS:          0 HIT:          0 MISS:          0 MSHR_MERGE:          0
cpu7->cpu7_DTLB PREFETCH REQUESTED:          0 ISSUED:          0 USEFUL:          0 USELESS:          0
cpu7->cpu7_DTLB AVERAGE MISS LATENCY: 13.94 cycles
cpu6->cpu6_STLB TOTAL        ACCESS:       1928 HIT:         93 MISS:       1835 MSHR_MERGE:          0
cpu6->cpu6_STLB LOAD         ACCESS:       1928 HIT:         93 MISS:       1835 MSHR_MERGE:          0
cpu6->cpu6_STLB RFO          ACCESS:          0 HIT:          0 MISS:          0 MSHR_MERGE:          0
cpu6->cpu6_STLB PREFETCH     ACCESS:          0 HIT:          0 MISS:          0 MSHR_MERGE:          0
cpu6->cpu6_STLB WRITE        ACCESS:          0 HIT:          0 MISS:          0 MSHR_MERGE:          0
cpu6->cpu6_STLB TRANSLATION  ACCESS:          0 HIT:          0 MISS:          0 MSHR_MERGE:          0
cpu6->cpu6_STLB PREFETCH REQUESTED:          0 ISSUED:          0 USEFUL:          0 USELESS:          0
cpu6->cpu6_STLB AVERAGE MISS LATENCY: 933 cycles
cpu0->cpu6_L2C TOTAL        ACCESS:        590 HIT:        411 MISS:        179 MSHR_MERGE:          0
cpu0->cpu6_L2C LOAD         ACCESS:          0 HIT:          0 MISS:          0 MSHR_MERGE:          0
cpu0->cpu6_L2C RFO          ACCESS:          0 HIT:          0 MISS:          0 MSHR_MERGE:          0
cpu0->cpu6_L2C PREFETCH     ACCESS:          0 HIT:          0 MISS:          0 MSHR_MERGE:          0
cpu0->cpu6_L2C WRITE        ACCESS:        590 HIT:        411 MISS:        179 MSHR_MERGE:          0
cpu0->cpu6_L2C TRANSLATION  ACCESS:          0 HIT:          0 MISS:          0 MSHR_MERGE:          0
cpu0->cpu6_L2C PREFETCH REQUESTED:      69556 ISSUED:      69556 USEFUL:        461 USELESS:         15
cpu0->cpu6_L2C AVERAGE MISS LATENCY: 2.388e+05 cycles
cpu6->cpu6_L2C TOTAL        ACCESS:     310971 HIT:      93653 MISS:     217318 MSHR_MERGE:      17605
cpu6->cpu6_L2C LOAD         ACCESS:       6209 HIT:       5052 MISS:       1157 MSHR_MERGE:         41
cpu6->cpu6_L2C RFO          ACCESS:      98340 HIT:        910 MISS:      97430 MSHR_MERGE:          0
cpu6->cpu6_L2C PREFETCH     ACCESS:     105239 HIT:      34381 MISS:      70858 MSHR_MERGE:      17564
cpu6->cpu6_L2C WRITE        ACCESS:      98848 HIT:      53310 MISS:      45538 MSHR_MERGE:          0
cpu6->cpu6_L2C TRANSLATION  ACCESS:       2335 HIT:          0 MISS:       2335 MSHR_MERGE:          0
cpu6->cpu6_L2C PREFETCH REQUESTED:      69556 ISSUED:      69556 USEFUL:        461 USELESS:         15
cpu6->cpu6_L2C AVERAGE MISS LATENCY: 291.9 cycles
cpu6_L2C FLUSH STALL CYCLES: 25583
cpu6->cpu6_L1I TOTAL        ACCESS:   47772933 HIT:   47772932 MISS:          1 MSHR_MERGE:          0
cpu6->cpu6_L1I LOAD         ACCESS:   27850280 HIT:   27850280 MISS:          0 MSHR_MERGE:          0
cpu6->cpu6_L1I RFO          ACCESS:          0 HIT:          0 MISS:          0 MSHR_MERGE:          0
cpu6->cpu6_L1I PREFETCH     ACCESS:   19922653 HIT:   19922652 MISS:          1 MSHR_MERGE:          0
cpu6->cpu6_L1I WRITE        ACCESS:          0 HIT:          0 MISS:          0 MSHR_MERGE:          0
cpu6->cpu6_L1I TRANSLATION  ACCESS:          0 HIT:          0 MISS:          0 MSHR_MERGE:          0
cpu6->cpu6_L1I PREFETCH REQUESTED:   27850280 ISSUED:   19922653 USEFUL:          0 USELESS:          0
cpu6->cpu6_L1I AVERAGE MISS LATENCY: - cycles
cpu6->cpu6_L1D TOTAL        ACCESS:  138661992 HIT:  137887489 MISS:     774503 MSHR_MERGE:     631911
cpu6->cpu6_L1D LOAD         ACCESS:  111953577 HIT:  111942173 MISS:      11404 MSHR_MERGE:       5195
cpu6->cpu6_L1D RFO          ACCESS:          0 HIT:          0 MISS:          0 MSHR_MERGE:          0
cpu6->cpu6_L1D PREFETCH     ACCESS:     708013 HIT:     669330 MISS:      38683 MSHR_MERGE:       2983
cpu6->cpu6_L1D WRITE        ACCESS:   25996729 HIT:   25274649 MISS:     722080 MSHR_MERGE:     623732
cpu6->cpu6_L1D TRANSLATION  ACCESS:       3673 HIT:       1337 MISS:       2336 MSHR_MERGE:          1
cpu6->cpu6_L1D PREFETCH REQUESTED:     708013 ISSUED:     708013 USEFUL:      15143 USELESS:         18
cpu6->cpu6_L1D AVERAGE MISS LATENCY: 407.8 cycles
cpu6_L1D FLUSH STALL CYCLES: 526
cpu6->cpu6_ITLB TOTAL        ACCESS:   35192326 HIT:   35192326 MISS:          0 MSHR_MERGE:          0
cpu6->cpu6_ITLB LOAD         ACCESS:   35192326 HIT:   35192326 MISS:          0 MSHR_MERGE:          0
cpu6->cpu6_ITLB RFO          ACCESS:          0 HIT:          0 MISS:          0 MSHR_MERGE:          0
cpu6->cpu6_ITLB PREFETCH     ACCESS:          0 HIT:          0 MISS:          0 MSHR_MERGE:          0
cpu6->cpu6_ITLB WRITE        ACCESS:          0 HIT:          0 MISS:          0 MSHR_MERGE:          0
cpu6->cpu6_ITLB TRANSLATION  ACCESS:          0 HIT:          0 MISS:          0 MSHR_MERGE:          0
cpu6->cpu6_ITLB PREFETCH REQUESTED:          0 ISSUED:          0 USEFUL:          0 USELESS:          0
cpu6->cpu6_ITLB AVERAGE MISS LATENCY: - cycles
cpu6->cpu6_DTLB TOTAL        ACCESS:  128544591 HIT:  128524411 MISS:      20180 MSHR_MERGE:      18252
cpu6->cpu6_DTLB LOAD         ACCESS:  128544591 HIT:  128524411 MISS:      20180 MSHR_MERGE:      18252
cpu6->cpu6_DTLB RFO          ACCESS:          0 HIT:          0 MISS:          0 MSHR_MERGE:          0
cpu6->cpu6_DTLB PREFETCH     ACCESS:          0 HIT:          0 MISS:          0 MSHR_MERGE:          0
cpu6->cpu6_DTLB WRITE        ACCESS:          0 HIT:          0 MISS:          0 MSHR_MERGE:          0
cpu6->cpu6_DTLB TRANSLATION  ACCESS:          0 HIT:          0 MISS:          0 MSHR_MERGE:          0
cpu6->cpu6_DTLB PREFETCH REQUESTED:          0 ISSUED:          0 USEFUL:          0 USELESS:          0
cpu6->cpu6_DTLB AVERAGE MISS LATENCY: 894 cycles
cpu5->cpu5_STLB TOTAL        ACCESS:    1349884 HIT:    1222601 MISS:     127283 MSHR_MERGE:          0
cpu5->cpu5_STLB LOAD         ACCESS:    1349884 HIT:    1222601 MISS:     127283 MSHR_MERGE:          0
cpu5->cpu5_STLB RFO          ACCESS:          0 HIT:          0 MISS:          0 MSHR_MERGE:          0
cpu5->cpu5_STLB PREFETCH     ACCESS:          0 HIT:          0 MISS:          0 MSHR_MERGE:          0
cpu5->cpu5_STLB WRITE        ACCESS:          0 HIT:          0 MISS:          0 MSHR_MERGE:          0
cpu5->cpu5_STLB TRANSLATION  ACCESS:          0 HIT:          0 MISS:          0 MSHR_MERGE:          0
cpu5->cpu5_STLB PREFETCH REQUESTED:          0 ISSUED:          0 USEFUL:          0 USELESS:          0
cpu5->cpu5_STLB AVERAGE MISS LATENCY: 498.1 cycles
cpu0->cpu5_L2C TOTAL        ACCESS:        573 HIT:        571 MISS:          2 MSHR_MERGE:          0
cpu0->cpu5_L2C LOAD         ACCESS:          0 HIT:          0 MISS:          0 MSHR_MERGE:          0
cpu0->cpu5_L2C RFO          ACCESS:          0 HIT:          0 MISS:          0 MSHR_MERGE:          0
cpu0->cpu5_L2C PREFETCH     ACCESS:          0 HIT:          0 MISS:          0 MSHR_MERGE:          0
cpu0->cpu5_L2C WRITE        ACCESS:        573 HIT:        571 MISS:          2 MSHR_MERGE:          0
cpu0->cpu5_L2C TRANSLATION  ACCESS:          0 HIT:          0 MISS:          0 MSHR_MERGE:          0
cpu0->cpu5_L2C PREFETCH REQUESTED:     902553 ISSUED:     902553 USEFUL:       7175 USELESS:         94
cpu0->cpu5_L2C AVERAGE MISS LATENCY: 7.374e+07 cycles
cpu5->cpu5_L2C TOTAL        ACCESS:    3705066 HIT:    2899290 MISS:     805776 MSHR_MERGE:     192363
cpu5->cpu5_L2C LOAD         ACCESS:    1009841 HIT:     792500 MISS:     217341 MSHR_MERGE:       5486
cpu5->cpu5_L2C RFO          ACCESS:     385280 HIT:     300873 MISS:      84407 MSHR_MERGE:          0
cpu5->cpu5_L2C PREFETCH     ACCESS:     998700 HIT:     733955 MISS:     264745 MSHR_MERGE:     186877
cpu5->cpu5_L2C WRITE        ACCESS:    1063098 HIT:    1030590 MISS:      32508 MSHR_MERGE:          0
cpu5->cpu5_L2C TRANSLATION  ACCESS:     248147 HIT:      41372 MISS:     206775 MSHR_MERGE:          0
cpu5->cpu5_L2C PREFETCH REQUESTED:     902553 ISSUED:     902553 USEFUL:       7175 USELESS:         94
cpu5->cpu5_L2C AVERAGE MISS LATENCY: 272.6 cycles
cpu5_L2C FLUSH STALL CYCLES: 28031
cpu5->cpu5_L1I TOTAL        ACCESS:   17233643 HIT:   17227405 MISS:       6238 MSHR_MERGE:       4299
cpu5->cpu5_L1I LOAD         ACCESS:    8667815 HIT:    8664984 MISS:       2831 MSHR_MERGE:       1722
cpu5->cpu5_L1I RFO          ACCESS:          0 HIT:          0 MISS:          0 MSHR_MERGE:          0
cpu5->cpu5_L1I PREFETCH     ACCESS:    8565828 HIT:    8562421 MISS:       3407 MSHR_MERGE:       2577
cpu5->cpu5_L1I WRITE        ACCESS:          0 HIT:          0 MISS:          0 MSHR_MERGE:          0
cpu5->cpu5_L1I TRANSLATION  ACCESS:          0 HIT:          0 MISS:          0 MSHR_MERGE:          0
cpu5->cpu5_L1I PREFETCH REQUESTED:    8667815 ISSUED:    8565796 USEFUL:        540 USELESS:        288
cpu5->cpu5_L1I AVERAGE MISS LATENCY: 51.1 cycles
cpu5->cpu5_L1D TOTAL        ACCESS:   64813084 HIT:   62139383 MISS:    2673701 MSHR_MERGE:     936209
cpu5->cpu5_L1D LOAD         ACCESS:   45114349 HIT:   43760382 MISS:    1353967 MSHR_MERGE:     345222
cpu5->cpu5_L1D RFO          ACCESS:          0 HIT:          0 MISS:          0 MSHR_MERGE:          0
cpu5->cpu5_L1D PREFETCH     ACCESS:    1036091 HIT:     931416 MISS:     104675 MSHR_MERGE:       9358
cpu5->cpu5_L1D WRITE        ACCESS:   18408078 HIT:   17442508 MISS:     965570 MSHR_MERGE:     580287
cpu5->cpu5_L1D TRANSLATION  ACCESS:     254566 HIT:       5077 MISS:     249489 MSHR_MERGE:       1342
cpu5->cpu5_L1D PREFETCH REQUESTED:    1040051 ISSUED:    1036087 USEFUL:      34206 USELESS:      60962
cpu5->cpu5_L1D AVERAGE MISS LATENCY: 99.77 cycles
cpu5_L1D FLUSH STALL CYCLES: 509
cpu5->cpu5_ITLB TOTAL        ACCESS:   12848027 HIT:   12848027 MISS:          0 MSHR_MERGE:          0
cpu5->cpu5_ITLB LOAD         ACCESS:   12848027 HIT:   12848027 MISS:          0 MSHR_MERGE:          0
cpu5->cpu5_ITLB RFO          ACCESS:          0 HIT:          0 MISS:          0 MSHR_MERGE:          0
cpu5->cpu5_ITLB PREFETCH     ACCESS:          0 HIT:          0 MISS:          0 MSHR_MERGE:          0
cpu5->cpu5_ITLB WRITE        ACCESS:          0 HIT:          0 MISS:          0 MSHR_MERGE:          0
cpu5->cpu5_ITLB TRANSLATION  ACCESS:          0 HIT:          0 MISS:          0 MSHR_MERGE:          0
cpu5->cpu5_ITLB PREFETCH REQUESTED:          0 ISSUED:          0 USEFUL:          0 USELESS:          0
cpu5->cpu5_ITLB AVERAGE MISS LATENCY: - cycles
cpu5->cpu5_DTLB TOTAL        ACCESS:   60877841 HIT:   59320836 MISS:    1557005 MSHR_MERGE:     207121
cpu5->cpu5_DTLB LOAD         ACCESS:   60877841 HIT:   59320836 MISS:    1557005 MSHR_MERGE:     207121
cpu5->cpu5_DTLB RFO          ACCESS:          0 HIT:          0 MISS:          0 MSHR_MERGE:          0
cpu5->cpu5_DTLB PREFETCH     ACCESS:          0 HIT:          0 MISS:          0 MSHR_MERGE:          0
cpu5->cpu5_DTLB WRITE        ACCESS:          0 HIT:          0 MISS:          0 MSHR_MERGE:          0
cpu5->cpu5_DTLB TRANSLATION  ACCESS:          0 HIT:          0 MISS:          0 MSHR_MERGE:          0
cpu5->cpu5_DTLB PREFETCH REQUESTED:          0 ISSUED:          0 USEFUL:          0 USELESS:          0
cpu5->cpu5_DTLB AVERAGE MISS LATENCY: 52.06 cycles
cpu4->cpu4_STLB TOTAL        ACCESS:      12992 HIT:          3 MISS:      12989 MSHR_MERGE:          0
cpu4->cpu4_STLB LOAD         ACCESS:      12992 HIT:          3 MISS:      12989 MSHR_MERGE:          0
cpu4->cpu4_STLB RFO          ACCESS:          0 HIT:          0 MISS:          0 MSHR_MERGE:          0
cpu4->cpu4_STLB PREFETCH     ACCESS:          0 HIT:          0 MISS:          0 MSHR_MERGE:          0
cpu4->cpu4_STLB WRITE        ACCESS:          0 HIT:          0 MISS:          0 MSHR_MERGE:          0
cpu4->cpu4_STLB TRANSLATION  ACCESS:          0 HIT:          0 MISS:          0 MSHR_MERGE:          0
cpu4->cpu4_STLB PREFETCH REQUESTED:          0 ISSUED:          0 USEFUL:          0 USELESS:          0
cpu4->cpu4_STLB AVERAGE MISS LATENCY: 779.1 cycles
cpu0->cpu4_L2C TOTAL        ACCESS:          9 HIT:          0 MISS:          9 MSHR_MERGE:          0
cpu0->cpu4_L2C LOAD         ACCESS:          0 HIT:          0 MISS:          0 MSHR_MERGE:          0
cpu0->cpu4_L2C RFO          ACCESS:          0 HIT:          0 MISS:          0 MSHR_MERGE:          0
cpu0->cpu4_L2C PREFETCH     ACCESS:          0 HIT:          0 MISS:          0 MSHR_MERGE:          0
cpu0->cpu4_L2C WRITE        ACCESS:          9 HIT:          0 MISS:          9 MSHR_MERGE:          0
cpu0->cpu4_L2C TRANSLATION  ACCESS:          0 HIT:          0 MISS:          0 MSHR_MERGE:          0
cpu0->cpu4_L2C PREFETCH REQUESTED:   16404732 ISSUED:   16404732 USEFUL:     606012 USELESS:          2
cpu0->cpu4_L2C AVERAGE MISS LATENCY: 1.938e+06 cycles
cpu4->cpu4_L2C TOTAL        ACCESS:   17246618 HIT:     605059 MISS:   16641559 MSHR_MERGE:       1768
cpu4->cpu4_L2C LOAD         ACCESS:     826887 HIT:     604972 MISS:     221915 MSHR_MERGE:       1510
cpu4->cpu4_L2C RFO          ACCESS:         40 HIT:          9 MISS:         31 MSHR_MERGE:          0
cpu4->cpu4_L2C PREFETCH     ACCESS:   16404921 HIT:          7 MISS:   16404914 MSHR_MERGE:        258
cpu4->cpu4_L2C WRITE        ACCESS:         79 HIT:         63 MISS:         16 MSHR_MERGE:          0
cpu4->cpu4_L2C TRANSLATION  ACCESS:      14691 HIT:          8 MISS:      14683 MSHR_MERGE:          0
cpu4->cpu4_L2C PREFETCH REQUESTED:   16404732 ISSUED:   16404732 USEFUL:     606012 USELESS:          2
cpu4->cpu4_L2C AVERAGE MISS LATENCY: 73.69 cycles
cpu4->cpu4_L1I TOTAL        ACCESS:  224367561 HIT:  224367032 MISS:        529 MSHR_MERGE:        197
cpu4->cpu4_L1I LOAD         ACCESS:  124093147 HIT:  124092931 MISS:        216 MSHR_MERGE:         68
cpu4->cpu4_L1I RFO          ACCESS:          0 HIT:          0 MISS:          0 MSHR_MERGE:          0
cpu4->cpu4_L1I PREFETCH     ACCESS:  100274414 HIT:  100274101 MISS:        313 MSHR_MERGE:        129
cpu4->cpu4_L1I WRITE        ACCESS:          0 HIT:          0 MISS:          0 MSHR_MERGE:          0
cpu4->cpu4_L1I TRANSLATION  ACCESS:          0 HIT:          0 MISS:          0 MSHR_MERGE:          0
cpu4->cpu4_L1I PREFETCH REQUESTED:  124093147 ISSUED:  100274382 USEFUL:         94 USELESS:         36
cpu4->cpu4_L1I AVERAGE MISS LATENCY: 301.5 cycles
cpu4->cpu4_L1D TOTAL        ACCESS:  132232686 HIT:  131168906 MISS:    1063780 MSHR_MERGE:     222303
cpu4->cpu4_L1D LOAD         ACCESS:  105676666 HIT:  104627675 MISS:    1048991 MSHR_MERGE:     222250
cpu4->cpu4_L1D RFO          ACCESS:          0 HIT:          0 MISS:          0 MSHR_MERGE:          0
cpu4->cpu4_L1D PREFETCH     ACCESS:         19 HIT:          8 MISS:         11 MSHR_MERGE:          6
cpu4->cpu4_L1D WRITE        ACCESS:   26529998 HIT:   26529912 MISS:         86 MSHR_MERGE:         46
cpu4->cpu4_L1D TRANSLATION  ACCESS:      26003 HIT:      11311 MISS:      14692 MSHR_MERGE:          1
cpu4->cpu4_L1D PREFETCH REQUESTED:         19 ISSUED:         19 USEFUL:          2 USELESS:          2
cpu4->cpu4_L1D AVERAGE MISS LATENCY: 30.95 cycles
cpu4->cpu4_ITLB TOTAL        ACCESS:  158588071 HIT:  158588031 MISS:         40 MSHR_MERGE:         12
cpu4->cpu4_ITLB LOAD         ACCESS:  158588071 HIT:  158588031 MISS:         40 MSHR_MERGE:         12
cpu4->cpu4_ITLB RFO          ACCESS:          0 HIT:          0 MISS:          0 MSHR_MERGE:          0
cpu4->cpu4_ITLB PREFETCH     ACCESS:          0 HIT:          0 MISS:          0 MSHR_MERGE:          0
cpu4->cpu4_ITLB WRITE        ACCESS:          0 HIT:          0 MISS:          0 MSHR_MERGE:          0
cpu4->cpu4_ITLB TRANSLATION  ACCESS:          0 HIT:          0 MISS:          0 MSHR_MERGE:          0
cpu4->cpu4_ITLB PREFETCH REQUESTED:          0 ISSUED:          0 USEFUL:          0 USELESS:          0
cpu4->cpu4_ITLB AVERAGE MISS LATENCY: 913 cycles
cpu4->cpu4_DTLB TOTAL        ACCESS:  121776734 HIT:  121750808 MISS:      25926 MSHR_MERGE:      12962
cpu4->cpu4_DTLB LOAD         ACCESS:  121776734 HIT:  121750808 MISS:      25926 MSHR_MERGE:      12962
cpu4->cpu4_DTLB RFO          ACCESS:          0 HIT:          0 MISS:          0 MSHR_MERGE:          0
cpu4->cpu4_DTLB PREFETCH     ACCESS:          0 HIT:          0 MISS:          0 MSHR_MERGE:          0
cpu4->cpu4_DTLB WRITE        ACCESS:          0 HIT:          0 MISS:          0 MSHR_MERGE:          0
cpu4->cpu4_DTLB TRANSLATION  ACCESS:          0 HIT:          0 MISS:          0 MSHR_MERGE:          0
cpu4->cpu4_DTLB PREFETCH REQUESTED:          0 ISSUED:          0 USEFUL:          0 USELESS:          0
cpu4->cpu4_DTLB AVERAGE MISS LATENCY: 784.7 cycles
cpu3->cpu3_STLB TOTAL        ACCESS:       2510 HIT:       1512 MISS:        998 MSHR_MERGE:          0
cpu3->cpu3_STLB LOAD         ACCESS:       2510 HIT:       1512 MISS:        998 MSHR_MERGE:          0
cpu3->cpu3_STLB RFO          ACCESS:          0 HIT:          0 MISS:          0 MSHR_MERGE:          0
cpu3->cpu3_STLB PREFETCH     ACCESS:          0 HIT:          0 MISS:          0 MSHR_MERGE:          0
cpu3->cpu3_STLB WRITE        ACCESS:          0 HIT:          0 MISS:          0 MSHR_MERGE:          0
cpu3->cpu3_STLB TRANSLATION  ACCESS:          0 HIT:          0 MISS:          0 MSHR_MERGE:          0
cpu3->cpu3_STLB PREFETCH REQUESTED:          0 ISSUED:          0 USEFUL:          0 USELESS:          0
cpu3->cpu3_STLB AVERAGE MISS LATENCY: 1147 cycles
cpu0->cpu3_L2C TOTAL        ACCESS:        578 HIT:        488 MISS:         90 MSHR_MERGE:          0
cpu0->cpu3_L2C LOAD         ACCESS:          0 HIT:          0 MISS:          0 MSHR_MERGE:          0
cpu0->cpu3_L2C RFO          ACCESS:          0 HIT:          0 MISS:          0 MSHR_MERGE:          0
cpu0->cpu3_L2C PREFETCH     ACCESS:          0 HIT:          0 MISS:          0 MSHR_MERGE:          0
cpu0->cpu3_L2C WRITE        ACCESS:        578 HIT:        488 MISS:         90 MSHR_MERGE:          0
cpu0->cpu3_L2C TRANSLATION  ACCESS:          0 HIT:          0 MISS:          0 MSHR_MERGE:          0
cpu0->cpu3_L2C PREFETCH REQUESTED:         11 ISSUED:         11 USEFUL:          0 USELESS:          0
cpu0->cpu3_L2C AVERAGE MISS LATENCY: 1.284e+05 cycles
cpu3->cpu3_L2C TOTAL        ACCESS:     129308 HIT:      94066 MISS:      35242 MSHR_MERGE:          5
cpu3->cpu3_L2C LOAD         ACCESS:      20336 HIT:      20329 MISS:          7 MSHR_MERGE:          0
cpu3->cpu3_L2C RFO          ACCESS:      32920 HIT:       1827 MISS:      31093 MSHR_MERGE:          0
cpu3->cpu3_L2C PREFETCH     ACCESS:      40778 HIT:      40755 MISS:         23 MSHR_MERGE:          5
cpu3->cpu3_L2C WRITE        ACCESS:      32877 HIT:      30688 MISS:       2189 MSHR_MERGE:          0
cpu3->cpu3_L2C TRANSLATION  ACCESS:       2397 HIT:        467 MISS:       1930 MSHR_MERGE:          0
cpu3->cpu3_L2C PREFETCH REQUESTED:         11 ISSUED:         11 USEFUL:          0 USELESS:          0
cpu3->cpu3_L2C AVERAGE MISS LATENCY: 328.1 cycles
cpu3_L2C FLUSH STALL CYCLES: 29425
cpu3->cpu3_L1I TOTAL        ACCESS:  183862381 HIT:  183720197 MISS:     142184 MSHR_MERGE:      81106
cpu3->cpu3_L1I LOAD         ACCESS:   98766648 HIT:   98746330 MISS:      20318 MSHR_MERGE:          1
cpu3->cpu3_L1I RFO          ACCESS:          0 HIT:          0 MISS:          0 MSHR_MERGE:          0
cpu3->cpu3_L1I PREFETCH     ACCESS:   85095733 HIT:   84973867 MISS:     121866 MSHR_MERGE:      81105
cpu3->cpu3_L1I WRITE        ACCESS:          0 HIT:          0 MISS:          0 MSHR_MERGE:          0
cpu3->cpu3_L1I TRANSLATION  ACCESS:          0 HIT:          0 MISS:          0 MSHR_MERGE:          0
cpu3->cpu3_L1I PREFETCH REQUESTED:   98766648 ISSUED:   85095701 USEFUL:         41 USELESS:      40708
cpu3->cpu3_L1I AVERAGE MISS LATENCY: 9.057 cycles
cpu3->cpu3_L1D TOTAL        ACCESS:  151045150 HIT:  151007864 MISS:      37286 MSHR_MERGE:       1943
cpu3->cpu3_L1D LOAD         ACCESS:   58761445 HIT:   58761426 MISS:         19 MSHR_MERGE:          0
cpu3->cpu3_L1D RFO          ACCESS:          0 HIT:          0 MISS:          0 MSHR_MERGE:          0
cpu3->cpu3_L1D PREFETCH     ACCESS:     143239 HIT:     143233 MISS:          6 MSHR_MERGE:          0
cpu3->cpu3_L1D WRITE        ACCESS:   92137910 HIT:   92103046 MISS:      34864 MSHR_MERGE:       1943
cpu3->cpu3_L1D TRANSLATION  ACCESS:       2556 HIT:        159 MISS:       2397 MSHR_MERGE:          0
cpu3->cpu3_L1D PREFETCH REQUESTED:     143239 ISSUED:     143239 USEFUL:          6 USELESS:          0
cpu3->cpu3_L1D AVERAGE MISS LATENCY: 337.5 cycles
cpu3_L1D FLUSH STALL CYCLES: 514
cpu3->cpu3_ITLB TOTAL        ACCESS:  152175463 HIT:  152175463 MISS:          0 MSHR_MERGE:          0
cpu3->cpu3_ITLB LOAD         ACCESS:  152175463 HIT:  152175463 MISS:          0 MSHR_MERGE:          0
cpu3->cpu3_ITLB RFO          ACCESS:          0 HIT:          0 MISS:          0 MSHR_MERGE:          0
cpu3->cpu3_ITLB PREFETCH     ACCESS:          0 HIT:          0 MISS:          0 MSHR_MERGE:          0
cpu3->cpu3_ITLB WRITE        ACCESS:          0 HIT:          0 MISS:          0 MSHR_MERGE:          0
cpu3->cpu3_ITLB TRANSLATION  ACCESS:          0 HIT:          0 MISS:          0 MSHR_MERGE:          0
cpu3->cpu3_ITLB PREFETCH REQUESTED:          0 ISSUED:          0 USEFUL:          0 USELESS:          0
cpu3->cpu3_ITLB AVERAGE MISS LATENCY: - cycles
cpu3->cpu3_DTLB TOTAL        ACCESS:  137737962 HIT:  137735045 MISS:       2917 MSHR_MERGE:        407
cpu3->cpu3_DTLB LOAD         ACCESS:  137737962 HIT:  137735045 MISS:       2917 MSHR_MERGE:        407
cpu3->cpu3_DTLB RFO          ACCESS:          0 HIT:          0 MISS:          0 MSHR_MERGE:          0
cpu3->cpu3_DTLB PREFETCH     ACCESS:          0 HIT:          0 MISS:          0 MSHR_MERGE:          0
cpu3->cpu3_DTLB WRITE        ACCESS:          0 HIT:          0 MISS:          0 MSHR_MERGE:          0
cpu3->cpu3_DTLB TRANSLATION  ACCESS:          0 HIT:          0 MISS:          0 MSHR_MERGE:          0
cpu3->cpu3_DTLB PREFETCH REQUESTED:          0 ISSUED:          0 USEFUL:          0 USELESS:          0
cpu3->cpu3_DTLB AVERAGE MISS LATENCY: 461.4 cycles
cpu31->cpu31_STLB TOTAL        ACCESS:       3450 HIT:          0 MISS:       3450 MSHR_MERGE:          0
cpu31->cpu31_STLB LOAD         ACCESS:       3450 HIT:          0 MISS:       3450 MSHR_MERGE:          0
cpu31->cpu31_STLB RFO          ACCESS:          0 HIT:          0 MISS:          0 MSHR_MERGE:          0
cpu31->cpu31_STLB PREFETCH     ACCESS:          0 HIT:          0 MISS:          0 MSHR_MERGE:          0
cpu31->cpu31_STLB WRITE        ACCESS:          0 HIT:          0 MISS:          0 MSHR_MERGE:          0
cpu31->cpu31_STLB TRANSLATION  ACCESS:          0 HIT:          0 MISS:          0 MSHR_MERGE:          0
cpu31->cpu31_STLB PREFETCH REQUESTED:          0 ISSUED:          0 USEFUL:          0 USELESS:          0
cpu31->cpu31_STLB AVERAGE MISS LATENCY: 810.8 cycles
cpu0->cpu31_L2C TOTAL        ACCESS:         15 HIT:          0 MISS:         15 MSHR_MERGE:          0
cpu0->cpu31_L2C LOAD         ACCESS:          0 HIT:          0 MISS:          0 MSHR_MERGE:          0
cpu0->cpu31_L2C RFO          ACCESS:          0 HIT:          0 MISS:          0 MSHR_MERGE:          0
cpu0->cpu31_L2C PREFETCH     ACCESS:          0 HIT:          0 MISS:          0 MSHR_MERGE:          0
cpu0->cpu31_L2C WRITE        ACCESS:         15 HIT:          0 MISS:         15 MSHR_MERGE:          0
cpu0->cpu31_L2C TRANSLATION  ACCESS:          0 HIT:          0 MISS:          0 MSHR_MERGE:          0
cpu0->cpu31_L2C PREFETCH REQUESTED:    4220024 ISSUED:    4101253 USEFUL:      77393 USELESS:      65200
cpu0->cpu31_L2C AVERAGE MISS LATENCY: 1.737e+05 cycles
cpu31->cpu31_L2C TOTAL        ACCESS:    4325951 HIT:      75697 MISS:    4250254 MSHR_MERGE:      86449
cpu31->cpu31_L2C LOAD         ACCESS:      10374 HIT:       3435 MISS:       6939 MSHR_MERGE:       1697
cpu31->cpu31_L2C RFO          ACCESS:          0 HIT:          0 MISS:          0 MSHR_MERGE:          0
cpu31->cpu31_L2C PREFETCH     ACCESS:    4311689 HIT:      72261 MISS:    4239428 MSHR_MERGE:      84752
cpu31->cpu31_L2C WRITE        ACCESS:          0 HIT:          0 MISS:          0 MSHR_MERGE:          0
cpu31->cpu31_L2C TRANSLATION  ACCESS:       3888 HIT:          1 MISS:       3887 MSHR_MERGE:          0
cpu31->cpu31_L2C PREFETCH REQUESTED:    4220024 ISSUED:    4101253 USEFUL:      77393 USELESS:      65200
cpu31->cpu31_L2C AVERAGE MISS LATENCY: 240.6 cycles
cpu31->cpu31_L1I TOTAL        ACCESS:  179527307 HIT:  179527306 MISS:          1 MSHR_MERGE:          0
cpu31->cpu31_L1I LOAD         ACCESS:   91839293 HIT:   91839293 MISS:          0 MSHR_MERGE:          0
cpu31->cpu31_L1I RFO          ACCESS:          0 HIT:          0 MISS:          0 MSHR_MERGE:          0
cpu31->cpu31_L1I PREFETCH     ACCESS:   87688014 HIT:   87688013 MISS:          1 MSHR_MERGE:          0
cpu31->cpu31_L1I WRITE        ACCESS:          0 HIT:          0 MISS:          0 MSHR_MERGE:          0
cpu31->cpu31_L1I TRANSLATION  ACCESS:          0 HIT:          0 MISS:          0 MSHR_MERGE:          0
cpu31->cpu31_L1I PREFETCH REQUESTED:   91839293 ISSUED:   87687982 USEFUL:          0 USELESS:          0
cpu31->cpu31_L1I AVERAGE MISS LATENCY: - cycles
cpu31->cpu31_L1D TOTAL        ACCESS:   78372867 HIT:   77945473 MISS:     427394 MSHR_MERGE:     202696
cpu31->cpu31_L1D LOAD         ACCESS:   25562416 HIT:   25449428 MISS:     112988 MSHR_MERGE:     102614
cpu31->cpu31_L1D RFO          ACCESS:          0 HIT:          0 MISS:          0 MSHR_MERGE:          0
cpu31->cpu31_L1D PREFETCH     ACCESS:   41763263 HIT:   41452746 MISS:     310517 MSHR_MERGE:     100082
cpu31->cpu31_L1D WRITE        ACCESS:   11040281 HIT:   11040280 MISS:          1 MSHR_MERGE:          0
cpu31->cpu31_L1D TRANSLATION  ACCESS:       6907 HIT:       3019 MISS:       3888 MSHR_MERGE:          0
cpu31->cpu31_L1D PREFETCH REQUESTED:   41763263 ISSUED:   41763263 USEFUL:     210432 USELESS:          0
cpu31->cpu31_L1D AVERAGE MISS LATENCY: 193 cycles
cpu31->cpu31_ITLB TOTAL        ACCESS:  121343634 HIT:  121343634 MISS:          0 MSHR_MERGE:          0
cpu31->cpu31_ITLB LOAD         ACCESS:  121343634 HIT:  121343634 MISS:          0 MSHR_MERGE:          0
cpu31->cpu31_ITLB RFO          ACCESS:          0 HIT:          0 MISS:          0 MSHR_MERGE:          0
cpu31->cpu31_ITLB PREFETCH     ACCESS:          0 HIT:          0 MISS:          0 MSHR_MERGE:          0
cpu31->cpu31_ITLB WRITE        ACCESS:          0 HIT:          0 MISS:          0 MSHR_MERGE:          0
cpu31->cpu31_ITLB TRANSLATION  ACCESS:          0 HIT:          0 MISS:          0 MSHR_MERGE:          0
cpu31->cpu31_ITLB PREFETCH REQUESTED:          0 ISSUED:          0 USEFUL:          0 USELESS:          0
cpu31->cpu31_ITLB AVERAGE MISS LATENCY: - cycles
cpu31->cpu31_DTLB TOTAL        ACCESS:   35486611 HIT:   35445211 MISS:      41400 MSHR_MERGE:      37950
cpu31->cpu31_DTLB LOAD         ACCESS:   35486611 HIT:   35445211 MISS:      41400 MSHR_MERGE:      37950
cpu31->cpu31_DTLB RFO          ACCESS:          0 HIT:          0 MISS:          0 MSHR_MERGE:          0
cpu31->cpu31_DTLB PREFETCH     ACCESS:          0 HIT:          0 MISS:          0 MSHR_MERGE:          0
cpu31->cpu31_DTLB WRITE        ACCESS:          0 HIT:          0 MISS:          0 MSHR_MERGE:          0
cpu31->cpu31_DTLB TRANSLATION  ACCESS:          0 HIT:          0 MISS:          0 MSHR_MERGE:          0
cpu31->cpu31_DTLB PREFETCH REQUESTED:          0 ISSUED:          0 USEFUL:          0 USELESS:          0
cpu31->cpu31_DTLB AVERAGE MISS LATENCY: 816.8 cycles
cpu30->cpu30_STLB TOTAL        ACCESS:       3438 HIT:          0 MISS:       3438 MSHR_MERGE:          0
cpu30->cpu30_STLB LOAD         ACCESS:       3438 HIT:          0 MISS:       3438 MSHR_MERGE:          0
cpu30->cpu30_STLB RFO          ACCESS:          0 HIT:          0 MISS:          0 MSHR_MERGE:          0
cpu30->cpu30_STLB PREFETCH     ACCESS:          0 HIT:          0 MISS:          0 MSHR_MERGE:          0
cpu30->cpu30_STLB WRITE        ACCESS:          0 HIT:          0 MISS:          0 MSHR_MERGE:          0
cpu30->cpu30_STLB TRANSLATION  ACCESS:          0 HIT:          0 MISS:          0 MSHR_MERGE:          0
cpu30->cpu30_STLB PREFETCH REQUESTED:          0 ISSUED:          0 USEFUL:          0 USELESS:          0
cpu30->cpu30_STLB AVERAGE MISS LATENCY: 822.3 cycles
cpu0->cpu30_L2C TOTAL        ACCESS:         15 HIT:          0 MISS:         15 MSHR_MERGE:          0
cpu0->cpu30_L2C LOAD         ACCESS:          0 HIT:          0 MISS:          0 MSHR_MERGE:          0
cpu0->cpu30_L2C RFO          ACCESS:          0 HIT:          0 MISS:          0 MSHR_MERGE:          0
cpu0->cpu30_L2C PREFETCH     ACCESS:          0 HIT:          0 MISS:          0 MSHR_MERGE:          0
cpu0->cpu30_L2C WRITE        ACCESS:         15 HIT:          0 MISS:         15 MSHR_MERGE:          0
cpu0->cpu30_L2C TRANSLATION  ACCESS:          0 HIT:          0 MISS:          0 MSHR_MERGE:          0
cpu0->cpu30_L2C PREFETCH REQUESTED:    2450780 ISSUED:    2374707 USEFUL:      36733 USELESS:      19074
cpu0->cpu30_L2C AVERAGE MISS LATENCY: 1.959e+05 cycles
cpu30->cpu30_L2C TOTAL        ACCESS:    2598599 HIT:      61622 MISS:    2536977 MSHR_MERGE:     123276
cpu30->cpu30_L2C LOAD         ACCESS:      19799 HIT:       4955 MISS:      14844 MSHR_MERGE:        366
cpu30->cpu30_L2C RFO          ACCESS:          0 HIT:          0 MISS:          0 MSHR_MERGE:          0
cpu30->cpu30_L2C PREFETCH     ACCESS:    2574926 HIT:      56667 MISS:    2518259 MSHR_MERGE:     122910
cpu30->cpu30_L2C WRITE        ACCESS:          0 HIT:          0 MISS:          0 MSHR_MERGE:          0
cpu30->cpu30_L2C TRANSLATION  ACCESS:       3874 HIT:          0 MISS:       3874 MSHR_MERGE:          0
cpu30->cpu30_L2C PREFETCH REQUESTED:    2450780 ISSUED:    2374707 USEFUL:      36733 USELESS:      19074
cpu30->cpu30_L2C AVERAGE MISS LATENCY: 157 cycles
cpu30->cpu30_L1I TOTAL        ACCESS:  178639924 HIT:  178639924 MISS:          0 MSHR_MERGE:          0
cpu30->cpu30_L1I LOAD         ACCESS:   91463207 HIT:   91463207 MISS:          0 MSHR_MERGE:          0
cpu30->cpu30_L1I RFO          ACCESS:          0 HIT:          0 MISS:          0 MSHR_MERGE:          0
cpu30->cpu30_L1I PREFETCH     ACCESS:   87176717 HIT:   87176717 MISS:          0 MSHR_MERGE:          0
cpu30->cpu30_L1I WRITE        ACCESS:          0 HIT:          0 MISS:          0 MSHR_MERGE:          0
cpu30->cpu30_L1I TRANSLATION  ACCESS:          0 HIT:          0 MISS:          0 MSHR_MERGE:          0
cpu30->cpu30_L1I PREFETCH REQUESTED:   91463207 ISSUED:   87176685 USEFUL:          0 USELESS:          0
cpu30->cpu30_L1I AVERAGE MISS LATENCY: - cycles
cpu30->cpu30_L1D TOTAL        ACCESS:   78029786 HIT:   77526151 MISS:     503635 MSHR_MERGE:     279743
cpu30->cpu30_L1D LOAD         ACCESS:   25516715 HIT:   25299867 MISS:     216848 MSHR_MERGE:     197049
cpu30->cpu30_L1D RFO          ACCESS:          0 HIT:          0 MISS:          0 MSHR_MERGE:          0
cpu30->cpu30_L1D PREFETCH     ACCESS:   41505388 HIT:   41222475 MISS:     282913 MSHR_MERGE:      82694
cpu30->cpu30_L1D WRITE        ACCESS:   11000800 HIT:   11000800 MISS:          0 MSHR_MERGE:          0
cpu30->cpu30_L1D TRANSLATION  ACCESS:       6883 HIT:       3009 MISS:       3874 MSHR_MERGE:          0
cpu30->cpu30_L1D PREFETCH REQUESTED:   41505388 ISSUED:   41505388 USEFUL:     200217 USELESS:          0
cpu30->cpu30_L1D AVERAGE MISS LATENCY: 131.3 cycles
cpu30->cpu30_ITLB TOTAL        ACCESS:  120449728 HIT:  120449728 MISS:          0 MSHR_MERGE:          0
cpu30->cpu30_ITLB LOAD         ACCESS:  120449728 HIT:  120449728 MISS:          0 MSHR_MERGE:          0
cpu30->cpu30_ITLB RFO          ACCESS:          0 HIT:          0 MISS:          0 MSHR_MERGE:          0
cpu30->cpu30_ITLB PREFETCH     ACCESS:          0 HIT:          0 MISS:          0 MSHR_MERGE:          0
cpu30->cpu30_ITLB WRITE        ACCESS:          0 HIT:          0 MISS:          0 MSHR_MERGE:          0
cpu30->cpu30_ITLB TRANSLATION  ACCESS:          0 HIT:          0 MISS:          0 MSHR_MERGE:          0
cpu30->cpu30_ITLB PREFETCH REQUESTED:          0 ISSUED:          0 USEFUL:          0 USELESS:          0
cpu30->cpu30_ITLB AVERAGE MISS LATENCY: - cycles
cpu30->cpu30_DTLB TOTAL        ACCESS:   35328548 HIT:   35287345 MISS:      41203 MSHR_MERGE:      37765
cpu30->cpu30_DTLB LOAD         ACCESS:   35328548 HIT:   35287345 MISS:      41203 MSHR_MERGE:      37765
cpu30->cpu30_DTLB RFO          ACCESS:          0 HIT:          0 MISS:          0 MSHR_MERGE:          0
cpu30->cpu30_DTLB PREFETCH     ACCESS:          0 HIT:          0 MISS:          0 MSHR_MERGE:          0
cpu30->cpu30_DTLB WRITE        ACCESS:          0 HIT:          0 MISS:          0 MSHR_MERGE:          0
cpu30->cpu30_DTLB TRANSLATION  ACCESS:          0 HIT:          0 MISS:          0 MSHR_MERGE:          0
cpu30->cpu30_DTLB PREFETCH REQUESTED:          0 ISSUED:          0 USEFUL:          0 USELESS:          0
cpu30->cpu30_DTLB AVERAGE MISS LATENCY: 828.3 cycles
cpu2->cpu2_STLB TOTAL        ACCESS:     153408 HIT:     152986 MISS:        422 MSHR_MERGE:          0
cpu2->cpu2_STLB LOAD         ACCESS:     153408 HIT:     152986 MISS:        422 MSHR_MERGE:          0
cpu2->cpu2_STLB RFO          ACCESS:          0 HIT:          0 MISS:          0 MSHR_MERGE:          0
cpu2->cpu2_STLB PREFETCH     ACCESS:          0 HIT:          0 MISS:          0 MSHR_MERGE:          0
cpu2->cpu2_STLB WRITE        ACCESS:          0 HIT:          0 MISS:          0 MSHR_MERGE:          0
cpu2->cpu2_STLB TRANSLATION  ACCESS:          0 HIT:          0 MISS:          0 MSHR_MERGE:          0
cpu2->cpu2_STLB PREFETCH REQUESTED:          0 ISSUED:          0 USEFUL:          0 USELESS:          0
cpu2->cpu2_STLB AVERAGE MISS LATENCY: 1094 cycles
cpu0->cpu2_L2C TOTAL        ACCESS:        395 HIT:        389 MISS:          6 MSHR_MERGE:          0
cpu0->cpu2_L2C LOAD         ACCESS:          0 HIT:          0 MISS:          0 MSHR_MERGE:          0
cpu0->cpu2_L2C RFO          ACCESS:          0 HIT:          0 MISS:          0 MSHR_MERGE:          0
cpu0->cpu2_L2C PREFETCH     ACCESS:          0 HIT:          0 MISS:          0 MSHR_MERGE:          0
cpu0->cpu2_L2C WRITE        ACCESS:        395 HIT:        389 MISS:          6 MSHR_MERGE:          0
cpu0->cpu2_L2C TRANSLATION  ACCESS:          0 HIT:          0 MISS:          0 MSHR_MERGE:          0
cpu0->cpu2_L2C PREFETCH REQUESTED:     329213 ISSUED:     329213 USEFUL:          7 USELESS:          1
cpu0->cpu2_L2C AVERAGE MISS LATENCY: 1.594e+05 cycles
cpu2->cpu2_L2C TOTAL        ACCESS:    1112029 HIT:    1089223 MISS:      22806 MSHR_MERGE:       1781
cpu2->cpu2_L2C LOAD         ACCESS:     473235 HIT:     471183 MISS:       2052 MSHR_MERGE:          0
cpu2->cpu2_L2C RFO          ACCESS:      59021 HIT:      59011 MISS:         10 MSHR_MERGE:          0
cpu2->cpu2_L2C PREFETCH     ACCESS:     452862 HIT:     432976 MISS:      19886 MSHR_MERGE:       1781
cpu2->cpu2_L2C WRITE        ACCESS:     126069 HIT:     126047 MISS:         22 MSHR_MERGE:          0
cpu2->cpu2_L2C TRANSLATION  ACCESS:        842 HIT:          6 MISS:        836 MSHR_MERGE:          0
cpu2->cpu2_L2C PREFETCH REQUESTED:     329213 ISSUED:     329213 USEFUL:          7 USELESS:          1
cpu2->cpu2_L2C AVERAGE MISS LATENCY: 327.4 cycles
cpu2_L2C FLUSH STALL CYCLES: 20978
cpu2->cpu2_L1I TOTAL        ACCESS:   74985084 HIT:   74716923 MISS:     268161 MSHR_MERGE:     141032
cpu2->cpu2_L1I LOAD         ACCESS:   38059594 HIT:   37923853 MISS:     135741 MSHR_MERGE:      64069
cpu2->cpu2_L1I RFO          ACCESS:          0 HIT:          0 MISS:          0 MSHR_MERGE:          0
cpu2->cpu2_L1I PREFETCH     ACCESS:   36925490 HIT:   36793070 MISS:     132420 MSHR_MERGE:      76963
cpu2->cpu2_L1I WRITE        ACCESS:          0 HIT:          0 MISS:          0 MSHR_MERGE:          0
cpu2->cpu2_L1I TRANSLATION  ACCESS:          0 HIT:          0 MISS:          0 MSHR_MERGE:          0
cpu2->cpu2_L1I PREFETCH REQUESTED:   38059594 ISSUED:   36925477 USEFUL:      31048 USELESS:      24412
cpu2->cpu2_L1I AVERAGE MISS LATENCY: 8.997 cycles
cpu2->cpu2_L1D TOTAL        ACCESS:  104631846 HIT:  103966930 MISS:     664916 MSHR_MERGE:     135268
cpu2->cpu2_L1D LOAD         ACCESS:   58619604 HIT:   58202084 MISS:     417520 MSHR_MERGE:      15948
cpu2->cpu2_L1D RFO          ACCESS:          0 HIT:          0 MISS:          0 MSHR_MERGE:          0
cpu2->cpu2_L1D PREFETCH     ACCESS:    5839996 HIT:    5745012 MISS:      94984 MSHR_MERGE:      26792
cpu2->cpu2_L1D WRITE        ACCESS:   40171402 HIT:   40019832 MISS:     151570 MSHR_MERGE:      92528
cpu2->cpu2_L1D TRANSLATION  ACCESS:        844 HIT:          2 MISS:        842 MSHR_MERGE:          0
cpu2->cpu2_L1D PREFETCH REQUESTED:    5840664 ISSUED:    5839996 USEFUL:      50058 USELESS:      18092
cpu2->cpu2_L1D AVERAGE MISS LATENCY: 11.99 cycles
cpu2_L1D FLUSH STALL CYCLES: 331
cpu2->cpu2_ITLB TOTAL        ACCESS:   60324833 HIT:   60324833 MISS:          0 MSHR_MERGE:          0
cpu2->cpu2_ITLB LOAD         ACCESS:   60324833 HIT:   60324833 MISS:          0 MSHR_MERGE:          0
cpu2->cpu2_ITLB RFO          ACCESS:          0 HIT:          0 MISS:          0 MSHR_MERGE:          0
cpu2->cpu2_ITLB PREFETCH     ACCESS:          0 HIT:          0 MISS:          0 MSHR_MERGE:          0
cpu2->cpu2_ITLB WRITE        ACCESS:          0 HIT:          0 MISS:          0 MSHR_MERGE:          0
cpu2->cpu2_ITLB TRANSLATION  ACCESS:          0 HIT:          0 MISS:          0 MSHR_MERGE:          0
cpu2->cpu2_ITLB PREFETCH REQUESTED:          0 ISSUED:          0 USEFUL:          0 USELESS:          0
cpu2->cpu2_ITLB AVERAGE MISS LATENCY: - cycles
cpu2->cpu2_DTLB TOTAL        ACCESS:   92462811 HIT:   92292199 MISS:     170612 MSHR_MERGE:      17204
cpu2->cpu2_DTLB LOAD         ACCESS:   92462811 HIT:   92292199 MISS:     170612 MSHR_MERGE:      17204
cpu2->cpu2_DTLB RFO          ACCESS:          0 HIT:          0 MISS:          0 MSHR_MERGE:          0
cpu2->cpu2_DTLB PREFETCH     ACCESS:          0 HIT:          0 MISS:          0 MSHR_MERGE:          0
cpu2->cpu2_DTLB WRITE        ACCESS:          0 HIT:          0 MISS:          0 MSHR_MERGE:          0
cpu2->cpu2_DTLB TRANSLATION  ACCESS:          0 HIT:          0 MISS:          0 MSHR_MERGE:          0
cpu2->cpu2_DTLB PREFETCH REQUESTED:          0 ISSUED:          0 USEFUL:          0 USELESS:          0
cpu2->cpu2_DTLB AVERAGE MISS LATENCY: 8.011 cycles
cpu29->cpu29_STLB TOTAL        ACCESS:       1149 HIT:          0 MISS:       1149 MSHR_MERGE:          0
cpu29->cpu29_STLB LOAD         ACCESS:       1149 HIT:          0 MISS:       1149 MSHR_MERGE:          0
cpu29->cpu29_STLB RFO          ACCESS:          0 HIT:          0 MISS:          0 MSHR_MERGE:          0
cpu29->cpu29_STLB PREFETCH     ACCESS:          0 HIT:          0 MISS:          0 MSHR_MERGE:          0
cpu29->cpu29_STLB WRITE        ACCESS:          0 HIT:          0 MISS:          0 MSHR_MERGE:          0
cpu29->cpu29_STLB TRANSLATION  ACCESS:          0 HIT:          0 MISS:          0 MSHR_MERGE:          0
cpu29->cpu29_STLB PREFETCH REQUESTED:          0 ISSUED:          0 USEFUL:          0 USELESS:          0
cpu29->cpu29_STLB AVERAGE MISS LATENCY: 817.5 cycles
cpu0->cpu29_L2C TOTAL        ACCESS:        730 HIT:        677 MISS:         53 MSHR_MERGE:          0
cpu0->cpu29_L2C LOAD         ACCESS:          0 HIT:          0 MISS:          0 MSHR_MERGE:          0
cpu0->cpu29_L2C RFO          ACCESS:          0 HIT:          0 MISS:          0 MSHR_MERGE:          0
cpu0->cpu29_L2C PREFETCH     ACCESS:          0 HIT:          0 MISS:          0 MSHR_MERGE:          0
cpu0->cpu29_L2C WRITE        ACCESS:        730 HIT:        677 MISS:         53 MSHR_MERGE:          0
cpu0->cpu29_L2C TRANSLATION  ACCESS:          0 HIT:          0 MISS:          0 MSHR_MERGE:          0
cpu0->cpu29_L2C PREFETCH REQUESTED:    1429332 ISSUED:    1193767 USEFUL:      38954 USELESS:         77
cpu0->cpu29_L2C AVERAGE MISS LATENCY: 2.667e+04 cycles
cpu29->cpu29_L2C TOTAL        ACCESS:    1343408 HIT:     103419 MISS:    1239989 MSHR_MERGE:      28390
cpu29->cpu29_L2C LOAD         ACCESS:      45326 HIT:      32084 MISS:      13242 MSHR_MERGE:          0
cpu29->cpu29_L2C RFO          ACCESS:        248 HIT:        244 MISS:          4 MSHR_MERGE:          0
cpu29->cpu29_L2C PREFETCH     ACCESS:    1222606 HIT:       8589 MISS:    1214017 MSHR_MERGE:      28390
cpu29->cpu29_L2C WRITE        ACCESS:      73934 HIT:      62501 MISS:      11433 MSHR_MERGE:          0
cpu29->cpu29_L2C TRANSLATION  ACCESS:       1294 HIT:          1 MISS:       1293 MSHR_MERGE:          0
cpu29->cpu29_L2C PREFETCH REQUESTED:    1429332 ISSUED:    1193767 USEFUL:      38954 USELESS:         77
cpu29->cpu29_L2C AVERAGE MISS LATENCY: 54.43 cycles
cpu29_L2C FLUSH STALL CYCLES: 32222
cpu29->cpu29_L1I TOTAL        ACCESS:  166920734 HIT:  166920734 MISS:          0 MSHR_MERGE:          0
cpu29->cpu29_L1I LOAD         ACCESS:   83460399 HIT:   83460399 MISS:          0 MSHR_MERGE:          0
cpu29->cpu29_L1I RFO          ACCESS:          0 HIT:          0 MISS:          0 MSHR_MERGE:          0
cpu29->cpu29_L1I PREFETCH     ACCESS:   83460335 HIT:   83460335 MISS:          0 MSHR_MERGE:          0
cpu29->cpu29_L1I WRITE        ACCESS:          0 HIT:          0 MISS:          0 MSHR_MERGE:          0
cpu29->cpu29_L1I TRANSLATION  ACCESS:          0 HIT:          0 MISS:          0 MSHR_MERGE:          0
cpu29->cpu29_L1I PREFETCH REQUESTED:   83460399 ISSUED:   83460303 USEFUL:          0 USELESS:          0
cpu29->cpu29_L1I AVERAGE MISS LATENCY: - cycles
cpu29->cpu29_L1D TOTAL        ACCESS:   66776764 HIT:   66653686 MISS:     123078 MSHR_MERGE:      47371
cpu29->cpu29_L1D LOAD         ACCESS:   49348533 HIT:   49256610 MISS:      91923 MSHR_MERGE:      46597
cpu29->cpu29_L1D RFO          ACCESS:          0 HIT:          0 MISS:          0 MSHR_MERGE:          0
cpu29->cpu29_L1D PREFETCH     ACCESS:      30574 HIT:       1723 MISS:      28851 MSHR_MERGE:         12
cpu29->cpu29_L1D WRITE        ACCESS:   17395357 HIT:   17394347 MISS:       1010 MSHR_MERGE:        762
cpu29->cpu29_L1D TRANSLATION  ACCESS:       2300 HIT:       1006 MISS:       1294 MSHR_MERGE:          0
cpu29->cpu29_L1D PREFETCH REQUESTED:      30574 ISSUED:      30574 USEFUL:      28839 USELESS:          0
cpu29->cpu29_L1D AVERAGE MISS LATENCY: 38.76 cycles
cpu29_L1D FLUSH STALL CYCLES: 666
cpu29->cpu29_ITLB TOTAL        ACCESS:  135840106 HIT:  135840106 MISS:          0 MSHR_MERGE:          0
cpu29->cpu29_ITLB LOAD         ACCESS:  135840106 HIT:  135840106 MISS:          0 MSHR_MERGE:          0
cpu29->cpu29_ITLB RFO          ACCESS:          0 HIT:          0 MISS:          0 MSHR_MERGE:          0
cpu29->cpu29_ITLB PREFETCH     ACCESS:          0 HIT:          0 MISS:          0 MSHR_MERGE:          0
cpu29->cpu29_ITLB WRITE        ACCESS:          0 HIT:          0 MISS:          0 MSHR_MERGE:          0
cpu29->cpu29_ITLB TRANSLATION  ACCESS:          0 HIT:          0 MISS:          0 MSHR_MERGE:          0
cpu29->cpu29_ITLB PREFETCH REQUESTED:          0 ISSUED:          0 USEFUL:          0 USELESS:          0
cpu29->cpu29_ITLB AVERAGE MISS LATENCY: - cycles
cpu29->cpu29_DTLB TOTAL        ACCESS:   66175878 HIT:   66173481 MISS:       2397 MSHR_MERGE:       1248
cpu29->cpu29_DTLB LOAD         ACCESS:   66175878 HIT:   66173481 MISS:       2397 MSHR_MERGE:       1248
cpu29->cpu29_DTLB RFO          ACCESS:          0 HIT:          0 MISS:          0 MSHR_MERGE:          0
cpu29->cpu29_DTLB PREFETCH     ACCESS:          0 HIT:          0 MISS:          0 MSHR_MERGE:          0
cpu29->cpu29_DTLB WRITE        ACCESS:          0 HIT:          0 MISS:          0 MSHR_MERGE:          0
cpu29->cpu29_DTLB TRANSLATION  ACCESS:          0 HIT:          0 MISS:          0 MSHR_MERGE:          0
cpu29->cpu29_DTLB PREFETCH REQUESTED:          0 ISSUED:          0 USEFUL:          0 USELESS:          0
cpu29->cpu29_DTLB AVERAGE MISS LATENCY: 823.5 cycles
cpu28->cpu28_STLB TOTAL        ACCESS:       1929 HIT:         94 MISS:       1835 MSHR_MERGE:          0
cpu28->cpu28_STLB LOAD         ACCESS:       1929 HIT:         94 MISS:       1835 MSHR_MERGE:          0
cpu28->cpu28_STLB RFO          ACCESS:          0 HIT:          0 MISS:          0 MSHR_MERGE:          0
cpu28->cpu28_STLB PREFETCH     ACCESS:          0 HIT:          0 MISS:          0 MSHR_MERGE:          0
cpu28->cpu28_STLB WRITE        ACCESS:          0 HIT:          0 MISS:          0 MSHR_MERGE:          0
cpu28->cpu28_STLB TRANSLATION  ACCESS:          0 HIT:          0 MISS:          0 MSHR_MERGE:          0
cpu28->cpu28_STLB PREFETCH REQUESTED:          0 ISSUED:          0 USEFUL:          0 USELESS:          0
cpu28->cpu28_STLB AVERAGE MISS LATENCY: 944.5 cycles
cpu0->cpu28_L2C TOTAL        ACCESS:        590 HIT:        532 MISS:         58 MSHR_MERGE:          0
cpu0->cpu28_L2C LOAD         ACCESS:          0 HIT:          0 MISS:          0 MSHR_MERGE:          0
cpu0->cpu28_L2C RFO          ACCESS:          0 HIT:          0 MISS:          0 MSHR_MERGE:          0
cpu0->cpu28_L2C PREFETCH     ACCESS:          0 HIT:          0 MISS:          0 MSHR_MERGE:          0
cpu0->cpu28_L2C WRITE        ACCESS:        590 HIT:        532 MISS:         58 MSHR_MERGE:          0
cpu0->cpu28_L2C TRANSLATION  ACCESS:          0 HIT:          0 MISS:          0 MSHR_MERGE:          0
cpu0->cpu28_L2C PREFETCH REQUESTED:      70352 ISSUED:      70352 USEFUL:        492 USELESS:         24
cpu0->cpu28_L2C AVERAGE MISS LATENCY: 7.429e+05 cycles
cpu28->cpu28_L2C TOTAL        ACCESS:     311966 HIT:      92967 MISS:     218999 MSHR_MERGE:      17832
cpu28->cpu28_L2C LOAD         ACCESS:       6172 HIT:       4995 MISS:       1177 MSHR_MERGE:         31
cpu28->cpu28_L2C RFO          ACCESS:      98343 HIT:        937 MISS:      97406 MSHR_MERGE:          0
cpu28->cpu28_L2C PREFETCH     ACCESS:     106265 HIT:      34234 MISS:      72031 MSHR_MERGE:      17801
cpu28->cpu28_L2C WRITE        ACCESS:      98851 HIT:      52801 MISS:      46050 MSHR_MERGE:          0
cpu28->cpu28_L2C TRANSLATION  ACCESS:       2335 HIT:          0 MISS:       2335 MSHR_MERGE:          0
cpu28->cpu28_L2C PREFETCH REQUESTED:      70352 ISSUED:      70352 USEFUL:        492 USELESS:         24
cpu28->cpu28_L2C AVERAGE MISS LATENCY: 293.2 cycles
cpu28_L2C FLUSH STALL CYCLES: 25877
cpu28->cpu28_L1I TOTAL        ACCESS:   47762932 HIT:   47762931 MISS:          1 MSHR_MERGE:          0
cpu28->cpu28_L1I LOAD         ACCESS:   27845026 HIT:   27845026 MISS:          0 MSHR_MERGE:          0
cpu28->cpu28_L1I RFO          ACCESS:          0 HIT:          0 MISS:          0 MSHR_MERGE:          0
cpu28->cpu28_L1I PREFETCH     ACCESS:   19917906 HIT:   19917905 MISS:          1 MSHR_MERGE:          0
cpu28->cpu28_L1I WRITE        ACCESS:          0 HIT:          0 MISS:          0 MSHR_MERGE:          0
cpu28->cpu28_L1I TRANSLATION  ACCESS:          0 HIT:          0 MISS:          0 MSHR_MERGE:          0
cpu28->cpu28_L1I PREFETCH REQUESTED:   27845026 ISSUED:   19917906 USEFUL:          0 USELESS:          0
cpu28->cpu28_L1I AVERAGE MISS LATENCY: - cycles
cpu28->cpu28_L1D TOTAL        ACCESS:  138634945 HIT:  137860324 MISS:     774621 MSHR_MERGE:     631840
cpu28->cpu28_L1D LOAD         ACCESS:  111933228 HIT:  111921837 MISS:      11391 MSHR_MERGE:       5219
cpu28->cpu28_L1D RFO          ACCESS:          0 HIT:          0 MISS:          0 MSHR_MERGE:          0
cpu28->cpu28_L1D PREFETCH     ACCESS:     707998 HIT:     668964 MISS:      39034 MSHR_MERGE:       3109
cpu28->cpu28_L1D WRITE        ACCESS:   25990046 HIT:   25268186 MISS:     721860 MSHR_MERGE:     623511
cpu28->cpu28_L1D TRANSLATION  ACCESS:       3673 HIT:       1337 MISS:       2336 MSHR_MERGE:          1
cpu28->cpu28_L1D PREFETCH REQUESTED:     707998 ISSUED:     707998 USEFUL:      15188 USELESS:         20
cpu28->cpu28_L1D AVERAGE MISS LATENCY: 411 cycles
cpu28_L1D FLUSH STALL CYCLES: 526
cpu28->cpu28_ITLB TOTAL        ACCESS:   35186684 HIT:   35186684 MISS:          0 MSHR_MERGE:          0
cpu28->cpu28_ITLB LOAD         ACCESS:   35186684 HIT:   35186684 MISS:          0 MSHR_MERGE:          0
cpu28->cpu28_ITLB RFO          ACCESS:          0 HIT:          0 MISS:          0 MSHR_MERGE:          0
cpu28->cpu28_ITLB PREFETCH     ACCESS:          0 HIT:          0 MISS:          0 MSHR_MERGE:          0
cpu28->cpu28_ITLB WRITE        ACCESS:          0 HIT:          0 MISS:          0 MSHR_MERGE:          0
cpu28->cpu28_ITLB TRANSLATION  ACCESS:          0 HIT:          0 MISS:          0 MSHR_MERGE:          0
cpu28->cpu28_ITLB PREFETCH REQUESTED:          0 ISSUED:          0 USEFUL:          0 USELESS:          0
cpu28->cpu28_ITLB AVERAGE MISS LATENCY: - cycles
cpu28->cpu28_DTLB TOTAL        ACCESS:  128520001 HIT:  128499816 MISS:      20185 MSHR_MERGE:      18256
cpu28->cpu28_DTLB LOAD         ACCESS:  128520001 HIT:  128499816 MISS:      20185 MSHR_MERGE:      18256
cpu28->cpu28_DTLB RFO          ACCESS:          0 HIT:          0 MISS:          0 MSHR_MERGE:          0
cpu28->cpu28_DTLB PREFETCH     ACCESS:          0 HIT:          0 MISS:          0 MSHR_MERGE:          0
cpu28->cpu28_DTLB WRITE        ACCESS:          0 HIT:          0 MISS:          0 MSHR_MERGE:          0
cpu28->cpu28_DTLB TRANSLATION  ACCESS:          0 HIT:          0 MISS:          0 MSHR_MERGE:          0
cpu28->cpu28_DTLB PREFETCH REQUESTED:          0 ISSUED:          0 USEFUL:          0 USELESS:          0
cpu28->cpu28_DTLB AVERAGE MISS LATENCY: 904.4 cycles
cpu27->cpu27_STLB TOTAL        ACCESS:         35 HIT:          0 MISS:         35 MSHR_MERGE:          0
cpu27->cpu27_STLB LOAD         ACCESS:         35 HIT:          0 MISS:         35 MSHR_MERGE:          0
cpu27->cpu27_STLB RFO          ACCESS:          0 HIT:          0 MISS:          0 MSHR_MERGE:          0
cpu27->cpu27_STLB PREFETCH     ACCESS:          0 HIT:          0 MISS:          0 MSHR_MERGE:          0
cpu27->cpu27_STLB WRITE        ACCESS:          0 HIT:          0 MISS:          0 MSHR_MERGE:          0
cpu27->cpu27_STLB TRANSLATION  ACCESS:          0 HIT:          0 MISS:          0 MSHR_MERGE:          0
cpu27->cpu27_STLB PREFETCH REQUESTED:          0 ISSUED:          0 USEFUL:          0 USELESS:          0
cpu27->cpu27_STLB AVERAGE MISS LATENCY: 984.1 cycles
cpu0->cpu27_L2C TOTAL        ACCESS:        260 HIT:        260 MISS:          0 MSHR_MERGE:          0
cpu0->cpu27_L2C LOAD         ACCESS:          0 HIT:          0 MISS:          0 MSHR_MERGE:          0
cpu0->cpu27_L2C RFO          ACCESS:          0 HIT:          0 MISS:          0 MSHR_MERGE:          0
cpu0->cpu27_L2C PREFETCH     ACCESS:          0 HIT:          0 MISS:          0 MSHR_MERGE:          0
cpu0->cpu27_L2C WRITE        ACCESS:        260 HIT:        260 MISS:          0 MSHR_MERGE:          0
cpu0->cpu27_L2C TRANSLATION  ACCESS:          0 HIT:          0 MISS:          0 MSHR_MERGE:          0
cpu0->cpu27_L2C PREFETCH REQUESTED:      62918 ISSUED:      62819 USEFUL:        147 USELESS:          0
cpu0->cpu27_L2C AVERAGE MISS LATENCY: - cycles
cpu27->cpu27_L2C TOTAL        ACCESS:      85368 HIT:      78934 MISS:       6434 MSHR_MERGE:        859
cpu27->cpu27_L2C LOAD         ACCESS:      15122 HIT:      14556 MISS:        566 MSHR_MERGE:         19
cpu27->cpu27_L2C RFO          ACCESS:         59 HIT:          1 MISS:         58 MSHR_MERGE:          0
cpu27->cpu27_L2C PREFETCH     ACCESS:      70126 HIT:      64375 MISS:       5751 MSHR_MERGE:        840
cpu27->cpu27_L2C WRITE        ACCESS:          2 HIT:          2 MISS:          0 MSHR_MERGE:          0
cpu27->cpu27_L2C TRANSLATION  ACCESS:         59 HIT:          0 MISS:         59 MSHR_MERGE:          0
cpu27->cpu27_L2C PREFETCH REQUESTED:      62918 ISSUED:      62819 USEFUL:        147 USELESS:          0
cpu27->cpu27_L2C AVERAGE MISS LATENCY: 254.1 cycles
cpu27->cpu27_L1I TOTAL        ACCESS:  153618146 HIT:  153549246 MISS:      68900 MSHR_MERGE:      46529
cpu27->cpu27_L1I LOAD         ACCESS:   82602538 HIT:   82569698 MISS:      32840 MSHR_MERGE:      17757
cpu27->cpu27_L1I RFO          ACCESS:          0 HIT:          0 MISS:          0 MSHR_MERGE:          0
cpu27->cpu27_L1I PREFETCH     ACCESS:   71015608 HIT:   70979548 MISS:      36060 MSHR_MERGE:      28772
cpu27->cpu27_L1I WRITE        ACCESS:          0 HIT:          0 MISS:          0 MSHR_MERGE:          0
cpu27->cpu27_L1I TRANSLATION  ACCESS:          0 HIT:          0 MISS:          0 MSHR_MERGE:          0
cpu27->cpu27_L1I PREFETCH REQUESTED:   82602596 ISSUED:   71015576 USEFUL:       6287 USELESS:        977
cpu27->cpu27_L1I AVERAGE MISS LATENCY: 17.88 cycles
cpu27->cpu27_L1D TOTAL        ACCESS:  211417915 HIT:  211417122 MISS:        793 MSHR_MERGE:        617
cpu27->cpu27_L1D LOAD         ACCESS:   81706359 HIT:   81706246 MISS:        113 MSHR_MERGE:         74
cpu27->cpu27_L1D RFO          ACCESS:          0 HIT:          0 MISS:          0 MSHR_MERGE:          0
cpu27->cpu27_L1D PREFETCH     ACCESS:   15166383 HIT:   15166348 MISS:         35 MSHR_MERGE:         16
cpu27->cpu27_L1D WRITE        ACCESS:  114545102 HIT:  114544516 MISS:        586 MSHR_MERGE:        527
cpu27->cpu27_L1D TRANSLATION  ACCESS:         71 HIT:         12 MISS:         59 MSHR_MERGE:          0
cpu27->cpu27_L1D PREFETCH REQUESTED:   17461053 ISSUED:   15166367 USEFUL:         13 USELESS:          3
cpu27->cpu27_L1D AVERAGE MISS LATENCY: 329.5 cycles
cpu27_L1D FLUSH STALL CYCLES: 196
cpu27->cpu27_ITLB TOTAL        ACCESS:  106018422 HIT:  106018371 MISS:         51 MSHR_MERGE:         27
cpu27->cpu27_ITLB LOAD         ACCESS:  106018422 HIT:  106018371 MISS:         51 MSHR_MERGE:         27
cpu27->cpu27_ITLB RFO          ACCESS:          0 HIT:          0 MISS:          0 MSHR_MERGE:          0
cpu27->cpu27_ITLB PREFETCH     ACCESS:          0 HIT:          0 MISS:          0 MSHR_MERGE:          0
cpu27->cpu27_ITLB WRITE        ACCESS:          0 HIT:          0 MISS:          0 MSHR_MERGE:          0
cpu27->cpu27_ITLB TRANSLATION  ACCESS:          0 HIT:          0 MISS:          0 MSHR_MERGE:          0
cpu27->cpu27_ITLB PREFETCH REQUESTED:          0 ISSUED:          0 USEFUL:          0 USELESS:          0
cpu27->cpu27_ITLB AVERAGE MISS LATENCY: 964.7 cycles
cpu27->cpu27_DTLB TOTAL        ACCESS:  166353087 HIT:  166353059 MISS:         28 MSHR_MERGE:         17
cpu27->cpu27_DTLB LOAD         ACCESS:  166353087 HIT:  166353059 MISS:         28 MSHR_MERGE:         17
cpu27->cpu27_DTLB RFO          ACCESS:          0 HIT:          0 MISS:          0 MSHR_MERGE:          0
cpu27->cpu27_DTLB PREFETCH     ACCESS:          0 HIT:          0 MISS:          0 MSHR_MERGE:          0
cpu27->cpu27_DTLB WRITE        ACCESS:          0 HIT:          0 MISS:          0 MSHR_MERGE:          0
cpu27->cpu27_DTLB TRANSLATION  ACCESS:          0 HIT:          0 MISS:          0 MSHR_MERGE:          0
cpu27->cpu27_DTLB PREFETCH REQUESTED:          0 ISSUED:          0 USEFUL:          0 USELESS:          0
cpu27->cpu27_DTLB AVERAGE MISS LATENCY: 1045 cycles
cpu26->cpu26_STLB TOTAL        ACCESS:     632892 HIT:     621101 MISS:      11791 MSHR_MERGE:          0
cpu26->cpu26_STLB LOAD         ACCESS:     632892 HIT:     621101 MISS:      11791 MSHR_MERGE:          0
cpu26->cpu26_STLB RFO          ACCESS:          0 HIT:          0 MISS:          0 MSHR_MERGE:          0
cpu26->cpu26_STLB PREFETCH     ACCESS:          0 HIT:          0 MISS:          0 MSHR_MERGE:          0
cpu26->cpu26_STLB WRITE        ACCESS:          0 HIT:          0 MISS:          0 MSHR_MERGE:          0
cpu26->cpu26_STLB TRANSLATION  ACCESS:          0 HIT:          0 MISS:          0 MSHR_MERGE:          0
cpu26->cpu26_STLB PREFETCH REQUESTED:          0 ISSUED:          0 USEFUL:          0 USELESS:          0
cpu26->cpu26_STLB AVERAGE MISS LATENCY: 902.7 cycles
cpu0->cpu26_L2C TOTAL        ACCESS:        255 HIT:        245 MISS:         10 MSHR_MERGE:          0
cpu0->cpu26_L2C LOAD         ACCESS:          0 HIT:          0 MISS:          0 MSHR_MERGE:          0
cpu0->cpu26_L2C RFO          ACCESS:          0 HIT:          0 MISS:          0 MSHR_MERGE:          0
cpu0->cpu26_L2C PREFETCH     ACCESS:          0 HIT:          0 MISS:          0 MSHR_MERGE:          0
cpu0->cpu26_L2C WRITE        ACCESS:        255 HIT:        245 MISS:         10 MSHR_MERGE:          0
cpu0->cpu26_L2C TRANSLATION  ACCESS:          0 HIT:          0 MISS:          0 MSHR_MERGE:          0
cpu0->cpu26_L2C PREFETCH REQUESTED:    5418708 ISSUED:    5217238 USEFUL:      71532 USELESS:       2391
cpu0->cpu26_L2C AVERAGE MISS LATENCY: 1.643e+07 cycles
cpu26->cpu26_L2C TOTAL        ACCESS:    8457327 HIT:    5543593 MISS:    2913734 MSHR_MERGE:     413619
cpu26->cpu26_L2C LOAD         ACCESS:    1904593 HIT:    1523889 MISS:     380704 MSHR_MERGE:      41859
cpu26->cpu26_L2C RFO          ACCESS:     369566 HIT:     101604 MISS:     267962 MSHR_MERGE:         36
cpu26->cpu26_L2C PREFETCH     ACCESS:    5713225 HIT:    3557826 MISS:    2155399 MSHR_MERGE:     371724
cpu26->cpu26_L2C WRITE        ACCESS:     451737 HIT:     360014 MISS:      91723 MSHR_MERGE:          0
cpu26->cpu26_L2C TRANSLATION  ACCESS:      18206 HIT:        260 MISS:      17946 MSHR_MERGE:          0
cpu26->cpu26_L2C PREFETCH REQUESTED:    5418708 ISSUED:    5217238 USEFUL:      71532 USELESS:       2391
cpu26->cpu26_L2C AVERAGE MISS LATENCY: 216.7 cycles
cpu26_L2C FLUSH STALL CYCLES: 20434
cpu26->cpu26_L1I TOTAL        ACCESS:  179914843 HIT:  176745101 MISS:    3169742 MSHR_MERGE:    1629800
cpu26->cpu26_L1I LOAD         ACCESS:   95482134 HIT:   93531892 MISS:    1950242 MSHR_MERGE:     817544
cpu26->cpu26_L1I RFO          ACCESS:          0 HIT:          0 MISS:          0 MSHR_MERGE:          0
cpu26->cpu26_L1I PREFETCH     ACCESS:   84432709 HIT:   83213209 MISS:    1219500 MSHR_MERGE:     812256
cpu26->cpu26_L1I WRITE        ACCESS:          0 HIT:          0 MISS:          0 MSHR_MERGE:          0
cpu26->cpu26_L1I TRANSLATION  ACCESS:          0 HIT:          0 MISS:          0 MSHR_MERGE:          0
cpu26->cpu26_L1I PREFETCH REQUESTED:   95496264 ISSUED:   84432677 USEFUL:     198082 USELESS:     209106
cpu26->cpu26_L1I AVERAGE MISS LATENCY: 10.45 cycles
cpu26->cpu26_L1D TOTAL        ACCESS:  130171140 HIT:  124299089 MISS:    5872051 MSHR_MERGE:    4622693
cpu26->cpu26_L1D LOAD         ACCESS:   76353958 HIT:   74465729 MISS:    1888229 MSHR_MERGE:    1116322
cpu26->cpu26_L1D RFO          ACCESS:          0 HIT:          0 MISS:          0 MSHR_MERGE:          0
cpu26->cpu26_L1D PREFETCH     ACCESS:    5326798 HIT:    5178163 MISS:     148635 MSHR_MERGE:      59133
cpu26->cpu26_L1D WRITE        ACCESS:   48466756 HIT:   44651229 MISS:    3815527 MSHR_MERGE:    3445784
cpu26->cpu26_L1D TRANSLATION  ACCESS:      23628 HIT:       3968 MISS:      19660 MSHR_MERGE:       1454
cpu26->cpu26_L1D PREFETCH REQUESTED:    5589293 ISSUED:    5326798 USEFUL:      36704 USELESS:      15251
cpu26->cpu26_L1D AVERAGE MISS LATENCY: 150.4 cycles
cpu26_L1D FLUSH STALL CYCLES: 191
cpu26->cpu26_ITLB TOTAL        ACCESS:  124242287 HIT:  124238160 MISS:       4127 MSHR_MERGE:       2804
cpu26->cpu26_ITLB LOAD         ACCESS:  124242287 HIT:  124238160 MISS:       4127 MSHR_MERGE:       2804
cpu26->cpu26_ITLB RFO          ACCESS:          0 HIT:          0 MISS:          0 MSHR_MERGE:          0
cpu26->cpu26_ITLB PREFETCH     ACCESS:          0 HIT:          0 MISS:          0 MSHR_MERGE:          0
cpu26->cpu26_ITLB WRITE        ACCESS:          0 HIT:          0 MISS:          0 MSHR_MERGE:          0
cpu26->cpu26_ITLB TRANSLATION  ACCESS:          0 HIT:          0 MISS:          0 MSHR_MERGE:          0
cpu26->cpu26_ITLB PREFETCH REQUESTED:          0 ISSUED:          0 USEFUL:          0 USELESS:          0
cpu26->cpu26_ITLB AVERAGE MISS LATENCY: 158.2 cycles
cpu26->cpu26_DTLB TOTAL        ACCESS:  116209649 HIT:  114948908 MISS:    1260741 MSHR_MERGE:     629172
cpu26->cpu26_DTLB LOAD         ACCESS:  116209649 HIT:  114948908 MISS:    1260741 MSHR_MERGE:     629172
cpu26->cpu26_DTLB RFO          ACCESS:          0 HIT:          0 MISS:          0 MSHR_MERGE:          0
cpu26->cpu26_DTLB PREFETCH     ACCESS:          0 HIT:          0 MISS:          0 MSHR_MERGE:          0
cpu26->cpu26_DTLB WRITE        ACCESS:          0 HIT:          0 MISS:          0 MSHR_MERGE:          0
cpu26->cpu26_DTLB TRANSLATION  ACCESS:          0 HIT:          0 MISS:          0 MSHR_MERGE:          0
cpu26->cpu26_DTLB PREFETCH REQUESTED:          0 ISSUED:          0 USEFUL:          0 USELESS:          0
cpu26->cpu26_DTLB AVERAGE MISS LATENCY: 21.55 cycles
cpu25->cpu25_STLB TOTAL        ACCESS:     235226 HIT:     230011 MISS:       5215 MSHR_MERGE:          0
cpu25->cpu25_STLB LOAD         ACCESS:     235226 HIT:     230011 MISS:       5215 MSHR_MERGE:          0
cpu25->cpu25_STLB RFO          ACCESS:          0 HIT:          0 MISS:          0 MSHR_MERGE:          0
cpu25->cpu25_STLB PREFETCH     ACCESS:          0 HIT:          0 MISS:          0 MSHR_MERGE:          0
cpu25->cpu25_STLB WRITE        ACCESS:          0 HIT:          0 MISS:          0 MSHR_MERGE:          0
cpu25->cpu25_STLB TRANSLATION  ACCESS:          0 HIT:          0 MISS:          0 MSHR_MERGE:          0
cpu25->cpu25_STLB PREFETCH REQUESTED:          0 ISSUED:          0 USEFUL:          0 USELESS:          0
cpu25->cpu25_STLB AVERAGE MISS LATENCY: 965.6 cycles
cpu0->cpu25_L2C TOTAL        ACCESS:        510 HIT:        443 MISS:         67 MSHR_MERGE:          0
cpu0->cpu25_L2C LOAD         ACCESS:          0 HIT:          0 MISS:          0 MSHR_MERGE:          0
cpu0->cpu25_L2C RFO          ACCESS:          0 HIT:          0 MISS:          0 MSHR_MERGE:          0
cpu0->cpu25_L2C PREFETCH     ACCESS:          0 HIT:          0 MISS:          0 MSHR_MERGE:          0
cpu0->cpu25_L2C WRITE        ACCESS:        510 HIT:        443 MISS:         67 MSHR_MERGE:          0
cpu0->cpu25_L2C TRANSLATION  ACCESS:          0 HIT:          0 MISS:          0 MSHR_MERGE:          0
cpu0->cpu25_L2C PREFETCH REQUESTED:    2316381 ISSUED:    2223990 USEFUL:      55320 USELESS:       1378
cpu0->cpu25_L2C AVERAGE MISS LATENCY: 9.993e+05 cycles
cpu25->cpu25_L2C TOTAL        ACCESS:    3142532 HIT:    1410162 MISS:    1732370 MSHR_MERGE:     245418
cpu25->cpu25_L2C LOAD         ACCESS:     541569 HIT:     317863 MISS:     223706 MSHR_MERGE:      29741
cpu25->cpu25_L2C RFO          ACCESS:     108168 HIT:      21998 MISS:      86170 MSHR_MERGE:          6
cpu25->cpu25_L2C PREFETCH     ACCESS:    2348965 HIT:     969503 MISS:    1379462 MSHR_MERGE:     215671
cpu25->cpu25_L2C WRITE        ACCESS:     135552 HIT:     100642 MISS:      34910 MSHR_MERGE:          0
cpu25->cpu25_L2C TRANSLATION  ACCESS:       8278 HIT:        156 MISS:       8122 MSHR_MERGE:          0
cpu25->cpu25_L2C PREFETCH REQUESTED:    2316381 ISSUED:    2223990 USEFUL:      55320 USELESS:       1378
cpu25->cpu25_L2C AVERAGE MISS LATENCY: 189.7 cycles
cpu25_L2C FLUSH STALL CYCLES: 16382
cpu25->cpu25_L1I TOTAL        ACCESS:  209154849 HIT:  208700156 MISS:     454693 MSHR_MERGE:     231492
cpu25->cpu25_L1I LOAD         ACCESS:  112766841 HIT:  112491519 MISS:     275322 MSHR_MERGE:     110875
cpu25->cpu25_L1I RFO          ACCESS:          0 HIT:          0 MISS:          0 MSHR_MERGE:          0
cpu25->cpu25_L1I PREFETCH     ACCESS:   96388008 HIT:   96208637 MISS:     179371 MSHR_MERGE:     120617
cpu25->cpu25_L1I WRITE        ACCESS:          0 HIT:          0 MISS:          0 MSHR_MERGE:          0
cpu25->cpu25_L1I TRANSLATION  ACCESS:          0 HIT:          0 MISS:          0 MSHR_MERGE:          0
cpu25->cpu25_L1I PREFETCH REQUESTED:  112768943 ISSUED:   96387976 USEFUL:      29138 USELESS:      29617
cpu25->cpu25_L1I AVERAGE MISS LATENCY: 12.66 cycles
cpu25->cpu25_L1D TOTAL        ACCESS:  148361307 HIT:  146239715 MISS:    2121592 MSHR_MERGE:    1561222
cpu25->cpu25_L1D LOAD         ACCESS:   81338104 HIT:   80418373 MISS:     919731 MSHR_MERGE:     542607
cpu25->cpu25_L1D RFO          ACCESS:          0 HIT:          0 MISS:          0 MSHR_MERGE:          0
cpu25->cpu25_L1D PREFETCH     ACCESS:    8864485 HIT:    8752838 MISS:     111647 MSHR_MERGE:      44902
cpu25->cpu25_L1D WRITE        ACCESS:   58148262 HIT:   57066858 MISS:    1081404 MSHR_MERGE:     973181
cpu25->cpu25_L1D TRANSLATION  ACCESS:      10456 HIT:       1646 MISS:       8810 MSHR_MERGE:        532
cpu25->cpu25_L1D PREFETCH REQUESTED:    9000156 ISSUED:    8864485 USEFUL:      41509 USELESS:       9827
cpu25->cpu25_L1D AVERAGE MISS LATENCY: 146.4 cycles
cpu25_L1D FLUSH STALL CYCLES: 446
cpu25->cpu25_ITLB TOTAL        ACCESS:  147501620 HIT:  147500587 MISS:       1033 MSHR_MERGE:        673
cpu25->cpu25_ITLB LOAD         ACCESS:  147501620 HIT:  147500587 MISS:       1033 MSHR_MERGE:        673
cpu25->cpu25_ITLB RFO          ACCESS:          0 HIT:          0 MISS:          0 MSHR_MERGE:          0
cpu25->cpu25_ITLB PREFETCH     ACCESS:          0 HIT:          0 MISS:          0 MSHR_MERGE:          0
cpu25->cpu25_ITLB WRITE        ACCESS:          0 HIT:          0 MISS:          0 MSHR_MERGE:          0
cpu25->cpu25_ITLB TRANSLATION  ACCESS:          0 HIT:          0 MISS:          0 MSHR_MERGE:          0
cpu25->cpu25_ITLB PREFETCH REQUESTED:          0 ISSUED:          0 USEFUL:          0 USELESS:          0
cpu25->cpu25_ITLB AVERAGE MISS LATENCY: 279 cycles
cpu25->cpu25_DTLB TOTAL        ACCESS:  129056220 HIT:  128609586 MISS:     446634 MSHR_MERGE:     211768
cpu25->cpu25_DTLB LOAD         ACCESS:  129056220 HIT:  128609586 MISS:     446634 MSHR_MERGE:     211768
cpu25->cpu25_DTLB RFO          ACCESS:          0 HIT:          0 MISS:          0 MSHR_MERGE:          0
cpu25->cpu25_DTLB PREFETCH     ACCESS:          0 HIT:          0 MISS:          0 MSHR_MERGE:          0
cpu25->cpu25_DTLB WRITE        ACCESS:          0 HIT:          0 MISS:          0 MSHR_MERGE:          0
cpu25->cpu25_DTLB TRANSLATION  ACCESS:          0 HIT:          0 MISS:          0 MSHR_MERGE:          0
cpu25->cpu25_DTLB PREFETCH REQUESTED:          0 ISSUED:          0 USEFUL:          0 USELESS:          0
cpu25->cpu25_DTLB AVERAGE MISS LATENCY: 26.04 cycles
cpu24->cpu24_STLB TOTAL        ACCESS:     141504 HIT:     137590 MISS:       3914 MSHR_MERGE:          0
cpu24->cpu24_STLB LOAD         ACCESS:     141504 HIT:     137590 MISS:       3914 MSHR_MERGE:          0
cpu24->cpu24_STLB RFO          ACCESS:          0 HIT:          0 MISS:          0 MSHR_MERGE:          0
cpu24->cpu24_STLB PREFETCH     ACCESS:          0 HIT:          0 MISS:          0 MSHR_MERGE:          0
cpu24->cpu24_STLB WRITE        ACCESS:          0 HIT:          0 MISS:          0 MSHR_MERGE:          0
cpu24->cpu24_STLB TRANSLATION  ACCESS:          0 HIT:          0 MISS:          0 MSHR_MERGE:          0
cpu24->cpu24_STLB PREFETCH REQUESTED:          0 ISSUED:          0 USEFUL:          0 USELESS:          0
cpu24->cpu24_STLB AVERAGE MISS LATENCY: 920.5 cycles
cpu0->cpu24_L2C TOTAL        ACCESS:          6 HIT:          1 MISS:          5 MSHR_MERGE:          0
cpu0->cpu24_L2C LOAD         ACCESS:          0 HIT:          0 MISS:          0 MSHR_MERGE:          0
cpu0->cpu24_L2C RFO          ACCESS:          0 HIT:          0 MISS:          0 MSHR_MERGE:          0
cpu0->cpu24_L2C PREFETCH     ACCESS:          0 HIT:          0 MISS:          0 MSHR_MERGE:          0
cpu0->cpu24_L2C WRITE        ACCESS:          6 HIT:          1 MISS:          5 MSHR_MERGE:          0
cpu0->cpu24_L2C TRANSLATION  ACCESS:          0 HIT:          0 MISS:          0 MSHR_MERGE:          0
cpu0->cpu24_L2C PREFETCH REQUESTED:   12085713 ISSUED:   12081226 USEFUL:      78953 USELESS:        775
cpu0->cpu24_L2C AVERAGE MISS LATENCY: 1.89e+06 cycles
cpu24->cpu24_L2C TOTAL        ACCESS:   14973968 HIT:   13110953 MISS:    1863015 MSHR_MERGE:       7553
cpu24->cpu24_L2C LOAD         ACCESS:    2175235 HIT:    2041225 MISS:     134010 MSHR_MERGE:         33
cpu24->cpu24_L2C RFO          ACCESS:       6724 HIT:       6547 MISS:        177 MSHR_MERGE:          0
cpu24->cpu24_L2C PREFETCH     ACCESS:   12777904 HIT:   11054827 MISS:    1723077 MSHR_MERGE:       7520
cpu24->cpu24_L2C WRITE        ACCESS:       6814 HIT:       6809 MISS:          5 MSHR_MERGE:          0
cpu24->cpu24_L2C TRANSLATION  ACCESS:       7291 HIT:       1545 MISS:       5746 MSHR_MERGE:          0
cpu24->cpu24_L2C PREFETCH REQUESTED:   12085713 ISSUED:   12081226 USEFUL:      78953 USELESS:        775
cpu24->cpu24_L2C AVERAGE MISS LATENCY: 67.54 cycles
cpu24->cpu24_L1I TOTAL        ACCESS:   64628490 HIT:   64628490 MISS:          0 MSHR_MERGE:          0
cpu24->cpu24_L1I LOAD         ACCESS:   32314287 HIT:   32314287 MISS:          0 MSHR_MERGE:          0
cpu24->cpu24_L1I RFO          ACCESS:          0 HIT:          0 MISS:          0 MSHR_MERGE:          0
cpu24->cpu24_L1I PREFETCH     ACCESS:   32314203 HIT:   32314203 MISS:          0 MSHR_MERGE:          0
cpu24->cpu24_L1I WRITE        ACCESS:          0 HIT:          0 MISS:          0 MSHR_MERGE:          0
cpu24->cpu24_L1I TRANSLATION  ACCESS:          0 HIT:          0 MISS:          0 MSHR_MERGE:          0
cpu24->cpu24_L1I PREFETCH REQUESTED:   32314287 ISSUED:   32314203 USEFUL:          0 USELESS:          0
cpu24->cpu24_L1I AVERAGE MISS LATENCY: - cycles
cpu24->cpu24_L1D TOTAL        ACCESS:   95201738 HIT:   91837977 MISS:    3363761 MSHR_MERGE:     477742
cpu24->cpu24_L1D LOAD         ACCESS:   88150437 HIT:   85530822 MISS:    2619615 MSHR_MERGE:     444379
cpu24->cpu24_L1D RFO          ACCESS:          0 HIT:          0 MISS:          0 MSHR_MERGE:          0
cpu24->cpu24_L1D PREFETCH     ACCESS:    1271094 HIT:     541070 MISS:     730024 MSHR_MERGE:      33346
cpu24->cpu24_L1D WRITE        ACCESS:    5772329 HIT:    5765498 MISS:       6831 MSHR_MERGE:         17
cpu24->cpu24_L1D TRANSLATION  ACCESS:       7878 HIT:        587 MISS:       7291 MSHR_MERGE:          0
cpu24->cpu24_L1D PREFETCH REQUESTED:    1271081 ISSUED:    1271081 USEFUL:     579702 USELESS:     116991
cpu24->cpu24_L1D AVERAGE MISS LATENCY: 14.38 cycles
cpu24->cpu24_ITLB TOTAL        ACCESS:   51964088 HIT:   51964088 MISS:          0 MSHR_MERGE:          0
cpu24->cpu24_ITLB LOAD         ACCESS:   51964088 HIT:   51964088 MISS:          0 MSHR_MERGE:          0
cpu24->cpu24_ITLB RFO          ACCESS:          0 HIT:          0 MISS:          0 MSHR_MERGE:          0
cpu24->cpu24_ITLB PREFETCH     ACCESS:          0 HIT:          0 MISS:          0 MSHR_MERGE:          0
cpu24->cpu24_ITLB WRITE        ACCESS:          0 HIT:          0 MISS:          0 MSHR_MERGE:          0
cpu24->cpu24_ITLB TRANSLATION  ACCESS:          0 HIT:          0 MISS:          0 MSHR_MERGE:          0
cpu24->cpu24_ITLB PREFETCH REQUESTED:          0 ISSUED:          0 USEFUL:          0 USELESS:          0
cpu24->cpu24_ITLB AVERAGE MISS LATENCY: - cycles
cpu24->cpu24_DTLB TOTAL        ACCESS:   93637319 HIT:   93462766 MISS:     174553 MSHR_MERGE:      33049
cpu24->cpu24_DTLB LOAD         ACCESS:   93637319 HIT:   93462766 MISS:     174553 MSHR_MERGE:      33049
cpu24->cpu24_DTLB RFO          ACCESS:          0 HIT:          0 MISS:          0 MSHR_MERGE:          0
cpu24->cpu24_DTLB PREFETCH     ACCESS:          0 HIT:          0 MISS:          0 MSHR_MERGE:          0
cpu24->cpu24_DTLB WRITE        ACCESS:          0 HIT:          0 MISS:          0 MSHR_MERGE:          0
cpu24->cpu24_DTLB TRANSLATION  ACCESS:          0 HIT:          0 MISS:          0 MSHR_MERGE:          0
cpu24->cpu24_DTLB PREFETCH REQUESTED:          0 ISSUED:          0 USEFUL:          0 USELESS:          0
cpu24->cpu24_DTLB AVERAGE MISS LATENCY: 30.49 cycles
cpu23->cpu23_STLB TOTAL        ACCESS:     208297 HIT:     185746 MISS:      22551 MSHR_MERGE:          0
cpu23->cpu23_STLB LOAD         ACCESS:     208297 HIT:     185746 MISS:      22551 MSHR_MERGE:          0
cpu23->cpu23_STLB RFO          ACCESS:          0 HIT:          0 MISS:          0 MSHR_MERGE:          0
cpu23->cpu23_STLB PREFETCH     ACCESS:          0 HIT:          0 MISS:          0 MSHR_MERGE:          0
cpu23->cpu23_STLB WRITE        ACCESS:          0 HIT:          0 MISS:          0 MSHR_MERGE:          0
cpu23->cpu23_STLB TRANSLATION  ACCESS:          0 HIT:          0 MISS:          0 MSHR_MERGE:          0
cpu23->cpu23_STLB PREFETCH REQUESTED:          0 ISSUED:          0 USEFUL:          0 USELESS:          0
cpu23->cpu23_STLB AVERAGE MISS LATENCY: 814.3 cycles
cpu0->cpu23_L2C TOTAL        ACCESS:        423 HIT:        398 MISS:         25 MSHR_MERGE:          0
cpu0->cpu23_L2C LOAD         ACCESS:          0 HIT:          0 MISS:          0 MSHR_MERGE:          0
cpu0->cpu23_L2C RFO          ACCESS:          0 HIT:          0 MISS:          0 MSHR_MERGE:          0
cpu0->cpu23_L2C PREFETCH     ACCESS:          0 HIT:          0 MISS:          0 MSHR_MERGE:          0
cpu0->cpu23_L2C WRITE        ACCESS:        423 HIT:        398 MISS:         25 MSHR_MERGE:          0
cpu0->cpu23_L2C TRANSLATION  ACCESS:          0 HIT:          0 MISS:          0 MSHR_MERGE:          0
cpu0->cpu23_L2C PREFETCH REQUESTED:   34067226 ISSUED:   29536499 USEFUL:     327741 USELESS:      20096
cpu0->cpu23_L2C AVERAGE MISS LATENCY: 1.237e+07 cycles
cpu23->cpu23_L2C TOTAL        ACCESS:   39624797 HIT:   27142024 MISS:   12482773 MSHR_MERGE:    1025206
cpu23->cpu23_L2C LOAD         ACCESS:    3810685 HIT:    2983527 MISS:     827158 MSHR_MERGE:     133888
cpu23->cpu23_L2C RFO          ACCESS:    2339234 HIT:    1618886 MISS:     720348 MSHR_MERGE:          0
cpu23->cpu23_L2C PREFETCH     ACCESS:   30358932 HIT:   19715796 MISS:   10643136 MSHR_MERGE:     891318
cpu23->cpu23_L2C WRITE        ACCESS:    3075507 HIT:    2820292 MISS:     255215 MSHR_MERGE:          0
cpu23->cpu23_L2C TRANSLATION  ACCESS:      40439 HIT:       3523 MISS:      36916 MSHR_MERGE:          0
cpu23->cpu23_L2C PREFETCH REQUESTED:   34067226 ISSUED:   29536499 USEFUL:     327741 USELESS:      20096
cpu23->cpu23_L2C AVERAGE MISS LATENCY: 168.1 cycles
cpu23_L2C FLUSH STALL CYCLES: 26165
cpu23->cpu23_L1I TOTAL        ACCESS:   65216598 HIT:   64521802 MISS:     694796 MSHR_MERGE:     464098
cpu23->cpu23_L1I LOAD         ACCESS:   35138445 HIT:   34815199 MISS:     323246 MSHR_MERGE:     176395
cpu23->cpu23_L1I RFO          ACCESS:          0 HIT:          0 MISS:          0 MSHR_MERGE:          0
cpu23->cpu23_L1I PREFETCH     ACCESS:   30078153 HIT:   29706603 MISS:     371550 MSHR_MERGE:     287703
cpu23->cpu23_L1I WRITE        ACCESS:          0 HIT:          0 MISS:          0 MSHR_MERGE:          0
cpu23->cpu23_L1I TRANSLATION  ACCESS:          0 HIT:          0 MISS:          0 MSHR_MERGE:          0
cpu23->cpu23_L1I PREFETCH REQUESTED:   35148370 ISSUED:   30078121 USEFUL:      57966 USELESS:      25908
cpu23->cpu23_L1I AVERAGE MISS LATENCY: 29.79 cycles
cpu23->cpu23_L1D TOTAL        ACCESS:   97507411 HIT:   79985094 MISS:   17522317 MSHR_MERGE:   10739212
cpu23->cpu23_L1D LOAD         ACCESS:   62555173 HIT:   55444880 MISS:    7110293 MSHR_MERGE:    3446360
cpu23->cpu23_L1D RFO          ACCESS:          0 HIT:          0 MISS:          0 MSHR_MERGE:          0
cpu23->cpu23_L1D PREFETCH     ACCESS:    4156670 HIT:    3113241 MISS:    1043429 MSHR_MERGE:     304028
cpu23->cpu23_L1D WRITE        ACCESS:   30747293 HIT:   21419843 MISS:    9327450 MSHR_MERGE:    6988118
cpu23->cpu23_L1D TRANSLATION  ACCESS:      48275 HIT:       7130 MISS:      41145 MSHR_MERGE:        706
cpu23->cpu23_L1D PREFETCH REQUESTED:    6823408 ISSUED:    4156670 USEFUL:     541610 USELESS:      64304
cpu23->cpu23_L1D AVERAGE MISS LATENCY: 60.6 cycles
cpu23_L1D FLUSH STALL CYCLES: 359
cpu23->cpu23_ITLB TOTAL        ACCESS:   47025796 HIT:   47004677 MISS:      21119 MSHR_MERGE:      12687
cpu23->cpu23_ITLB LOAD         ACCESS:   47025796 HIT:   47004677 MISS:      21119 MSHR_MERGE:      12687
cpu23->cpu23_ITLB RFO          ACCESS:          0 HIT:          0 MISS:          0 MSHR_MERGE:          0
cpu23->cpu23_ITLB PREFETCH     ACCESS:          0 HIT:          0 MISS:          0 MSHR_MERGE:          0
cpu23->cpu23_ITLB WRITE        ACCESS:          0 HIT:          0 MISS:          0 MSHR_MERGE:          0
cpu23->cpu23_ITLB TRANSLATION  ACCESS:          0 HIT:          0 MISS:          0 MSHR_MERGE:          0
cpu23->cpu23_ITLB PREFETCH REQUESTED:          0 ISSUED:          0 USEFUL:          0 USELESS:          0
cpu23->cpu23_ITLB AVERAGE MISS LATENCY: 31.51 cycles
cpu23->cpu23_DTLB TOTAL        ACCESS:   89353547 HIT:   88807456 MISS:     546091 MSHR_MERGE:     346226
cpu23->cpu23_DTLB LOAD         ACCESS:   89353547 HIT:   88807456 MISS:     546091 MSHR_MERGE:     346226
cpu23->cpu23_DTLB RFO          ACCESS:          0 HIT:          0 MISS:          0 MSHR_MERGE:          0
cpu23->cpu23_DTLB PREFETCH     ACCESS:          0 HIT:          0 MISS:          0 MSHR_MERGE:          0
cpu23->cpu23_DTLB WRITE        ACCESS:          0 HIT:          0 MISS:          0 MSHR_MERGE:          0
cpu23->cpu23_DTLB TRANSLATION  ACCESS:          0 HIT:          0 MISS:          0 MSHR_MERGE:          0
cpu23->cpu23_DTLB PREFETCH REQUESTED:          0 ISSUED:          0 USEFUL:          0 USELESS:          0
cpu23->cpu23_DTLB AVERAGE MISS LATENCY: 95.88 cycles
cpu22->cpu22_STLB TOTAL        ACCESS:    5257618 HIT:    4964552 MISS:     293066 MSHR_MERGE:          0
cpu22->cpu22_STLB LOAD         ACCESS:    5257618 HIT:    4964552 MISS:     293066 MSHR_MERGE:          0
cpu22->cpu22_STLB RFO          ACCESS:          0 HIT:          0 MISS:          0 MSHR_MERGE:          0
cpu22->cpu22_STLB PREFETCH     ACCESS:          0 HIT:          0 MISS:          0 MSHR_MERGE:          0
cpu22->cpu22_STLB WRITE        ACCESS:          0 HIT:          0 MISS:          0 MSHR_MERGE:          0
cpu22->cpu22_STLB TRANSLATION  ACCESS:          0 HIT:          0 MISS:          0 MSHR_MERGE:          0
cpu22->cpu22_STLB PREFETCH REQUESTED:          0 ISSUED:          0 USEFUL:          0 USELESS:          0
cpu22->cpu22_STLB AVERAGE MISS LATENCY: 87.75 cycles
cpu22->cpu22_L2C TOTAL        ACCESS:   26607004 HIT:   22825641 MISS:    3781363 MSHR_MERGE:      23823
cpu22->cpu22_L2C LOAD         ACCESS:   10107514 HIT:   10008469 MISS:      99045 MSHR_MERGE:        289
cpu22->cpu22_L2C RFO          ACCESS:     459990 HIT:      85805 MISS:     374185 MSHR_MERGE:        146
cpu22->cpu22_L2C PREFETCH     ACCESS:   14821435 HIT:   11605339 MISS:    3216096 MSHR_MERGE:      23388
cpu22->cpu22_L2C WRITE        ACCESS:     653946 HIT:     619435 MISS:      34511 MSHR_MERGE:          0
cpu22->cpu22_L2C TRANSLATION  ACCESS:     564119 HIT:     506593 MISS:      57526 MSHR_MERGE:          0
cpu22->cpu22_L2C PREFETCH REQUESTED:   13506189 ISSUED:   13506008 USEFUL:       1451 USELESS:       4921
cpu22->cpu22_L2C AVERAGE MISS LATENCY: 284.2 cycles
cpu22_L2C FLUSH STALL CYCLES: 27842
cpu22->cpu22_L1I TOTAL        ACCESS:   80679174 HIT:   77655563 MISS:    3023611 MSHR_MERGE:    1076111
cpu22->cpu22_L1I LOAD         ACCESS:   40814410 HIT:   39233251 MISS:    1581159 MSHR_MERGE:     544995
cpu22->cpu22_L1I RFO          ACCESS:          0 HIT:          0 MISS:          0 MSHR_MERGE:          0
cpu22->cpu22_L1I PREFETCH     ACCESS:   39864764 HIT:   38422312 MISS:    1442452 MSHR_MERGE:     531116
cpu22->cpu22_L1I WRITE        ACCESS:          0 HIT:          0 MISS:          0 MSHR_MERGE:          0
cpu22->cpu22_L1I TRANSLATION  ACCESS:          0 HIT:          0 MISS:          0 MSHR_MERGE:          0
cpu22->cpu22_L1I PREFETCH REQUESTED:   40817128 ISSUED:   39864732 USEFUL:     386440 USELESS:     524868
cpu22->cpu22_L1I AVERAGE MISS LATENCY: 9.432 cycles
cpu22->cpu22_L1D TOTAL        ACCESS:   59444559 HIT:   43443291 MISS:   16001268 MSHR_MERGE:    5501600
cpu22->cpu22_L1D LOAD         ACCESS:   39072643 HIT:   25987788 MISS:   13084855 MSHR_MERGE:    4013496
cpu22->cpu22_L1D RFO          ACCESS:          0 HIT:          0 MISS:          0 MSHR_MERGE:          0
cpu22->cpu22_L1D PREFETCH     ACCESS:    4884356 HIT:    4298299 MISS:     586057 MSHR_MERGE:     181860
cpu22->cpu22_L1D WRITE        ACCESS:   14899670 HIT:   13134611 MISS:    1765059 MSHR_MERGE:    1305066
cpu22->cpu22_L1D TRANSLATION  ACCESS:     587890 HIT:      22593 MISS:     565297 MSHR_MERGE:       1178
cpu22->cpu22_L1D PREFETCH REQUESTED:    6552180 ISSUED:    4884356 USEFUL:     274861 USELESS:     112122
cpu22->cpu22_L1D AVERAGE MISS LATENCY: 25.92 cycles
cpu22->cpu22_ITLB TOTAL        ACCESS:   59911847 HIT:   59751725 MISS:     160122 MSHR_MERGE:      83228
cpu22->cpu22_ITLB LOAD         ACCESS:   59911847 HIT:   59751725 MISS:     160122 MSHR_MERGE:      83228
cpu22->cpu22_ITLB RFO          ACCESS:          0 HIT:          0 MISS:          0 MSHR_MERGE:          0
cpu22->cpu22_ITLB PREFETCH     ACCESS:          0 HIT:          0 MISS:          0 MSHR_MERGE:          0
cpu22->cpu22_ITLB WRITE        ACCESS:          0 HIT:          0 MISS:          0 MSHR_MERGE:          0
cpu22->cpu22_ITLB TRANSLATION  ACCESS:          0 HIT:          0 MISS:          0 MSHR_MERGE:          0
cpu22->cpu22_ITLB PREFETCH REQUESTED:          0 ISSUED:          0 USEFUL:          0 USELESS:          0
cpu22->cpu22_ITLB AVERAGE MISS LATENCY: 10.86 cycles
cpu22->cpu22_DTLB TOTAL        ACCESS:   51964127 HIT:   43875755 MISS:    8088372 MSHR_MERGE:    2907648
cpu22->cpu22_DTLB LOAD         ACCESS:   51964127 HIT:   43875755 MISS:    8088372 MSHR_MERGE:    2907648
cpu22->cpu22_DTLB RFO          ACCESS:          0 HIT:          0 MISS:          0 MSHR_MERGE:          0
cpu22->cpu22_DTLB PREFETCH     ACCESS:          0 HIT:          0 MISS:          0 MSHR_MERGE:          0
cpu22->cpu22_DTLB WRITE        ACCESS:          0 HIT:          0 MISS:          0 MSHR_MERGE:          0
cpu22->cpu22_DTLB TRANSLATION  ACCESS:          0 HIT:          0 MISS:          0 MSHR_MERGE:          0
cpu22->cpu22_DTLB PREFETCH REQUESTED:          0 ISSUED:          0 USEFUL:          0 USELESS:          0
cpu22->cpu22_DTLB AVERAGE MISS LATENCY: 9.934 cycles
cpu21->cpu21_STLB TOTAL        ACCESS:         39 HIT:          0 MISS:         39 MSHR_MERGE:          0
cpu21->cpu21_STLB LOAD         ACCESS:         39 HIT:          0 MISS:         39 MSHR_MERGE:          0
cpu21->cpu21_STLB RFO          ACCESS:          0 HIT:          0 MISS:          0 MSHR_MERGE:          0
cpu21->cpu21_STLB PREFETCH     ACCESS:          0 HIT:          0 MISS:          0 MSHR_MERGE:          0
cpu21->cpu21_STLB WRITE        ACCESS:          0 HIT:          0 MISS:          0 MSHR_MERGE:          0
cpu21->cpu21_STLB TRANSLATION  ACCESS:          0 HIT:          0 MISS:          0 MSHR_MERGE:          0
cpu21->cpu21_STLB PREFETCH REQUESTED:          0 ISSUED:          0 USEFUL:          0 USELESS:          0
cpu21->cpu21_STLB AVERAGE MISS LATENCY: 874.8 cycles
cpu0->cpu21_L2C TOTAL        ACCESS:        261 HIT:        261 MISS:          0 MSHR_MERGE:          0
cpu0->cpu21_L2C LOAD         ACCESS:          0 HIT:          0 MISS:          0 MSHR_MERGE:          0
cpu0->cpu21_L2C RFO          ACCESS:          0 HIT:          0 MISS:          0 MSHR_MERGE:          0
cpu0->cpu21_L2C PREFETCH     ACCESS:          0 HIT:          0 MISS:          0 MSHR_MERGE:          0
cpu0->cpu21_L2C WRITE        ACCESS:        261 HIT:        261 MISS:          0 MSHR_MERGE:          0
cpu0->cpu21_L2C TRANSLATION  ACCESS:          0 HIT:          0 MISS:          0 MSHR_MERGE:          0
cpu0->cpu21_L2C PREFETCH REQUESTED:     105421 ISSUED:     104743 USEFUL:        129 USELESS:          0
cpu0->cpu21_L2C AVERAGE MISS LATENCY: - cycles
cpu21->cpu21_L2C TOTAL        ACCESS:     138149 HIT:     126684 MISS:      11465 MSHR_MERGE:        755
cpu21->cpu21_L2C LOAD         ACCESS:      22900 HIT:      22309 MISS:        591 MSHR_MERGE:         18
cpu21->cpu21_L2C RFO          ACCESS:         60 HIT:          4 MISS:         56 MSHR_MERGE:          0
cpu21->cpu21_L2C PREFETCH     ACCESS:     115127 HIT:     104368 MISS:      10759 MSHR_MERGE:        737
cpu21->cpu21_L2C WRITE        ACCESS:          3 HIT:          3 MISS:          0 MSHR_MERGE:          0
cpu21->cpu21_L2C TRANSLATION  ACCESS:         59 HIT:          0 MISS:         59 MSHR_MERGE:          0
cpu21->cpu21_L2C PREFETCH REQUESTED:     105421 ISSUED:     104743 USEFUL:        129 USELESS:          0
cpu21->cpu21_L2C AVERAGE MISS LATENCY: 264.8 cycles
cpu21->cpu21_L1I TOTAL        ACCESS:  164494134 HIT:  164391069 MISS:     103065 MSHR_MERGE:      69861
cpu21->cpu21_L1I LOAD         ACCESS:   90882183 HIT:   90831625 MISS:      50558 MSHR_MERGE:      27726
cpu21->cpu21_L1I RFO          ACCESS:          0 HIT:          0 MISS:          0 MSHR_MERGE:          0
cpu21->cpu21_L1I PREFETCH     ACCESS:   73611951 HIT:   73559444 MISS:      52507 MSHR_MERGE:      42135
cpu21->cpu21_L1I WRITE        ACCESS:          0 HIT:          0 MISS:          0 MSHR_MERGE:          0
cpu21->cpu21_L1I TRANSLATION  ACCESS:          0 HIT:          0 MISS:          0 MSHR_MERGE:          0
cpu21->cpu21_L1I PREFETCH REQUESTED:   90882183 ISSUED:   73611919 USEFUL:       8934 USELESS:       1408
cpu21->cpu21_L1I AVERAGE MISS LATENCY: 14.85 cycles
cpu21->cpu21_L1D TOTAL        ACCESS:  199980178 HIT:  199979443 MISS:        735 MSHR_MERGE:        534
cpu21->cpu21_L1D LOAD         ACCESS:   79187616 HIT:   79187502 MISS:        114 MSHR_MERGE:         46
cpu21->cpu21_L1D RFO          ACCESS:          0 HIT:          0 MISS:          0 MSHR_MERGE:          0
cpu21->cpu21_L1D PREFETCH     ACCESS:   13720579 HIT:   13720560 MISS:         19 MSHR_MERGE:          7
cpu21->cpu21_L1D WRITE        ACCESS:  107071904 HIT:  107071361 MISS:        543 MSHR_MERGE:        481
cpu21->cpu21_L1D TRANSLATION  ACCESS:         79 HIT:         20 MISS:         59 MSHR_MERGE:          0
cpu21->cpu21_L1D PREFETCH REQUESTED:   14422668 ISSUED:   13720563 USEFUL:         21 USELESS:          2
cpu21->cpu21_L1D AVERAGE MISS LATENCY: 316.1 cycles
cpu21_L1D FLUSH STALL CYCLES: 197
cpu21->cpu21_ITLB TOTAL        ACCESS:  115813775 HIT:  115813727 MISS:         48 MSHR_MERGE:         24
cpu21->cpu21_ITLB LOAD         ACCESS:  115813775 HIT:  115813727 MISS:         48 MSHR_MERGE:         24
cpu21->cpu21_ITLB RFO          ACCESS:          0 HIT:          0 MISS:          0 MSHR_MERGE:          0
cpu21->cpu21_ITLB PREFETCH     ACCESS:          0 HIT:          0 MISS:          0 MSHR_MERGE:          0
cpu21->cpu21_ITLB WRITE        ACCESS:          0 HIT:          0 MISS:          0 MSHR_MERGE:          0
cpu21->cpu21_ITLB TRANSLATION  ACCESS:          0 HIT:          0 MISS:          0 MSHR_MERGE:          0
cpu21->cpu21_ITLB PREFETCH REQUESTED:          0 ISSUED:          0 USEFUL:          0 USELESS:          0
cpu21->cpu21_ITLB AVERAGE MISS LATENCY: 850.8 cycles
cpu21->cpu21_DTLB TOTAL        ACCESS:  158132967 HIT:  158132923 MISS:         44 MSHR_MERGE:         29
cpu21->cpu21_DTLB LOAD         ACCESS:  158132967 HIT:  158132923 MISS:         44 MSHR_MERGE:         29
cpu21->cpu21_DTLB RFO          ACCESS:          0 HIT:          0 MISS:          0 MSHR_MERGE:          0
cpu21->cpu21_DTLB PREFETCH     ACCESS:          0 HIT:          0 MISS:          0 MSHR_MERGE:          0
cpu21->cpu21_DTLB WRITE        ACCESS:          0 HIT:          0 MISS:          0 MSHR_MERGE:          0
cpu21->cpu21_DTLB TRANSLATION  ACCESS:          0 HIT:          0 MISS:          0 MSHR_MERGE:          0
cpu21->cpu21_DTLB PREFETCH REQUESTED:          0 ISSUED:          0 USEFUL:          0 USELESS:          0
cpu21->cpu21_DTLB AVERAGE MISS LATENCY: 928.8 cycles
cpu20->cpu20_STLB TOTAL        ACCESS:      68245 HIT:      67349 MISS:        896 MSHR_MERGE:          0
cpu20->cpu20_STLB LOAD         ACCESS:      68245 HIT:      67349 MISS:        896 MSHR_MERGE:          0
cpu20->cpu20_STLB RFO          ACCESS:          0 HIT:          0 MISS:          0 MSHR_MERGE:          0
cpu20->cpu20_STLB PREFETCH     ACCESS:          0 HIT:          0 MISS:          0 MSHR_MERGE:          0
cpu20->cpu20_STLB WRITE        ACCESS:          0 HIT:          0 MISS:          0 MSHR_MERGE:          0
cpu20->cpu20_STLB TRANSLATION  ACCESS:          0 HIT:          0 MISS:          0 MSHR_MERGE:          0
cpu20->cpu20_STLB PREFETCH REQUESTED:          0 ISSUED:          0 USEFUL:          0 USELESS:          0
cpu20->cpu20_STLB AVERAGE MISS LATENCY: 1025 cycles
cpu0->cpu20_L2C TOTAL        ACCESS:        504 HIT:        504 MISS:          0 MSHR_MERGE:          0
cpu0->cpu20_L2C LOAD         ACCESS:          0 HIT:          0 MISS:          0 MSHR_MERGE:          0
cpu0->cpu20_L2C RFO          ACCESS:          0 HIT:          0 MISS:          0 MSHR_MERGE:          0
cpu0->cpu20_L2C PREFETCH     ACCESS:          0 HIT:          0 MISS:          0 MSHR_MERGE:          0
cpu0->cpu20_L2C WRITE        ACCESS:        504 HIT:        504 MISS:          0 MSHR_MERGE:          0
cpu0->cpu20_L2C TRANSLATION  ACCESS:          0 HIT:          0 MISS:          0 MSHR_MERGE:          0
cpu0->cpu20_L2C PREFETCH REQUESTED:    4271615 ISSUED:    3935605 USEFUL:      26259 USELESS:        532
cpu0->cpu20_L2C AVERAGE MISS LATENCY: - cycles
cpu20->cpu20_L2C TOTAL        ACCESS:    5648060 HIT:    5053993 MISS:     594067 MSHR_MERGE:      36875
cpu20->cpu20_L2C LOAD         ACCESS:     642317 HIT:     615281 MISS:      27036 MSHR_MERGE:       2139
cpu20->cpu20_L2C RFO          ACCESS:     449977 HIT:     441327 MISS:       8650 MSHR_MERGE:          0
cpu20->cpu20_L2C PREFETCH     ACCESS:    3999178 HIT:    3444515 MISS:     554663 MSHR_MERGE:      34736
cpu20->cpu20_L2C WRITE        ACCESS:     555089 HIT:     552770 MISS:       2319 MSHR_MERGE:          0
cpu20->cpu20_L2C TRANSLATION  ACCESS:       1499 HIT:        100 MISS:       1399 MSHR_MERGE:          0
cpu20->cpu20_L2C PREFETCH REQUESTED:    4271615 ISSUED:    3935605 USEFUL:      26259 USELESS:        532
cpu20->cpu20_L2C AVERAGE MISS LATENCY: 116.6 cycles
cpu20_L2C FLUSH STALL CYCLES: 20603
cpu20->cpu20_L1I TOTAL        ACCESS:   21791425 HIT:   21705196 MISS:      86229 MSHR_MERGE:      57728
cpu20->cpu20_L1I LOAD         ACCESS:   11278857 HIT:   11238567 MISS:      40290 MSHR_MERGE:      20503
cpu20->cpu20_L1I RFO          ACCESS:          0 HIT:          0 MISS:          0 MSHR_MERGE:          0
cpu20->cpu20_L1I PREFETCH     ACCESS:   10512568 HIT:   10466629 MISS:      45939 MSHR_MERGE:      37225
cpu20->cpu20_L1I WRITE        ACCESS:          0 HIT:          0 MISS:          0 MSHR_MERGE:          0
cpu20->cpu20_L1I TRANSLATION  ACCESS:          0 HIT:          0 MISS:          0 MSHR_MERGE:          0
cpu20->cpu20_L1I PREFETCH REQUESTED:   11279313 ISSUED:   10512536 USEFUL:       7710 USELESS:        999
cpu20->cpu20_L1I AVERAGE MISS LATENCY: 22.97 cycles
cpu20->cpu20_L1D TOTAL        ACCESS:   68340703 HIT:   66371364 MISS:    1969339 MSHR_MERGE:     840406
cpu20->cpu20_L1D LOAD         ACCESS:   47428179 HIT:   46646647 MISS:     781532 MSHR_MERGE:     158999
cpu20->cpu20_L1D RFO          ACCESS:          0 HIT:          0 MISS:          0 MSHR_MERGE:          0
cpu20->cpu20_L1D PREFETCH     ACCESS:     637710 HIT:     567499 MISS:      70211 MSHR_MERGE:      15291
cpu20->cpu20_L1D WRITE        ACCESS:   20273022 HIT:   19156925 MISS:    1116097 MSHR_MERGE:     666116
cpu20->cpu20_L1D TRANSLATION  ACCESS:       1792 HIT:        293 MISS:       1499 MSHR_MERGE:          0
cpu20->cpu20_L1D PREFETCH REQUESTED:     642916 ISSUED:     637694 USEFUL:      32462 USELESS:      17957
cpu20->cpu20_L1D AVERAGE MISS LATENCY: 14.35 cycles
cpu20_L1D FLUSH STALL CYCLES: 440
cpu20->cpu20_ITLB TOTAL        ACCESS:   14994826 HIT:   14994826 MISS:          0 MSHR_MERGE:          0
cpu20->cpu20_ITLB LOAD         ACCESS:   14994826 HIT:   14994826 MISS:          0 MSHR_MERGE:          0
cpu20->cpu20_ITLB RFO          ACCESS:          0 HIT:          0 MISS:          0 MSHR_MERGE:          0
cpu20->cpu20_ITLB PREFETCH     ACCESS:          0 HIT:          0 MISS:          0 MSHR_MERGE:          0
cpu20->cpu20_ITLB WRITE        ACCESS:          0 HIT:          0 MISS:          0 MSHR_MERGE:          0
cpu20->cpu20_ITLB TRANSLATION  ACCESS:          0 HIT:          0 MISS:          0 MSHR_MERGE:          0
cpu20->cpu20_ITLB PREFETCH REQUESTED:          0 ISSUED:          0 USEFUL:          0 USELESS:          0
cpu20->cpu20_ITLB AVERAGE MISS LATENCY: - cycles
cpu20->cpu20_DTLB TOTAL        ACCESS:   66112404 HIT:   66010794 MISS:     101610 MSHR_MERGE:      33365
cpu20->cpu20_DTLB LOAD         ACCESS:   66112404 HIT:   66010794 MISS:     101610 MSHR_MERGE:      33365
cpu20->cpu20_DTLB RFO          ACCESS:          0 HIT:          0 MISS:          0 MSHR_MERGE:          0
cpu20->cpu20_DTLB PREFETCH     ACCESS:          0 HIT:          0 MISS:          0 MSHR_MERGE:          0
cpu20->cpu20_DTLB WRITE        ACCESS:          0 HIT:          0 MISS:          0 MSHR_MERGE:          0
cpu20->cpu20_DTLB TRANSLATION  ACCESS:          0 HIT:          0 MISS:          0 MSHR_MERGE:          0
cpu20->cpu20_DTLB PREFETCH REQUESTED:          0 ISSUED:          0 USEFUL:          0 USELESS:          0
cpu20->cpu20_DTLB AVERAGE MISS LATENCY: 18.48 cycles
cpu1->cpu1_STLB TOTAL        ACCESS:     158100 HIT:     157809 MISS:        291 MSHR_MERGE:          0
cpu1->cpu1_STLB LOAD         ACCESS:     158100 HIT:     157809 MISS:        291 MSHR_MERGE:          0
cpu1->cpu1_STLB RFO          ACCESS:          0 HIT:          0 MISS:          0 MSHR_MERGE:          0
cpu1->cpu1_STLB PREFETCH     ACCESS:          0 HIT:          0 MISS:          0 MSHR_MERGE:          0
cpu1->cpu1_STLB WRITE        ACCESS:          0 HIT:          0 MISS:          0 MSHR_MERGE:          0
cpu1->cpu1_STLB TRANSLATION  ACCESS:          0 HIT:          0 MISS:          0 MSHR_MERGE:          0
cpu1->cpu1_STLB PREFETCH REQUESTED:          0 ISSUED:          0 USEFUL:          0 USELESS:          0
cpu1->cpu1_STLB AVERAGE MISS LATENCY: 1083 cycles
cpu0->cpu1_L2C TOTAL        ACCESS:        389 HIT:        389 MISS:          0 MSHR_MERGE:          0
cpu0->cpu1_L2C LOAD         ACCESS:          0 HIT:          0 MISS:          0 MSHR_MERGE:          0
cpu0->cpu1_L2C RFO          ACCESS:          0 HIT:          0 MISS:          0 MSHR_MERGE:          0
cpu0->cpu1_L2C PREFETCH     ACCESS:          0 HIT:          0 MISS:          0 MSHR_MERGE:          0
cpu0->cpu1_L2C WRITE        ACCESS:        389 HIT:        389 MISS:          0 MSHR_MERGE:          0
cpu0->cpu1_L2C TRANSLATION  ACCESS:          0 HIT:          0 MISS:          0 MSHR_MERGE:          0
cpu0->cpu1_L2C PREFETCH REQUESTED:     630141 ISSUED:     630141 USEFUL:        328 USELESS:          0
cpu0->cpu1_L2C AVERAGE MISS LATENCY: - cycles
cpu1->cpu1_L2C TOTAL        ACCESS:    1610267 HIT:    1574738 MISS:      35529 MSHR_MERGE:       1666
cpu1->cpu1_L2C LOAD         ACCESS:     502908 HIT:     501844 MISS:       1064 MSHR_MERGE:          2
cpu1->cpu1_L2C RFO          ACCESS:      70716 HIT:      69897 MISS:        819 MSHR_MERGE:          1
cpu1->cpu1_L2C PREFETCH     ACCESS:     888770 HIT:     855681 MISS:      33089 MSHR_MERGE:       1663
cpu1->cpu1_L2C WRITE        ACCESS:     147307 HIT:     147307 MISS:          0 MSHR_MERGE:          0
cpu1->cpu1_L2C TRANSLATION  ACCESS:        566 HIT:          9 MISS:        557 MSHR_MERGE:          0
cpu1->cpu1_L2C PREFETCH REQUESTED:     630141 ISSUED:     630141 USEFUL:        328 USELESS:          0
cpu1->cpu1_L2C AVERAGE MISS LATENCY: 310 cycles
cpu1_L2C FLUSH STALL CYCLES: 3865
cpu1->cpu1_L1I TOTAL        ACCESS:   75795823 HIT:   75716159 MISS:      79664 MSHR_MERGE:      41575
cpu1->cpu1_L1I LOAD         ACCESS:   38244405 HIT:   38202529 MISS:      41876 MSHR_MERGE:      20798
cpu1->cpu1_L1I RFO          ACCESS:          0 HIT:          0 MISS:          0 MSHR_MERGE:          0
cpu1->cpu1_L1I PREFETCH     ACCESS:   37551418 HIT:   37513630 MISS:      37788 MSHR_MERGE:      20777
cpu1->cpu1_L1I WRITE        ACCESS:          0 HIT:          0 MISS:          0 MSHR_MERGE:          0
cpu1->cpu1_L1I TRANSLATION  ACCESS:          0 HIT:          0 MISS:          0 MSHR_MERGE:          0
cpu1->cpu1_L1I PREFETCH REQUESTED:   38244405 ISSUED:   37551386 USEFUL:       9328 USELESS:       7682
cpu1->cpu1_L1I AVERAGE MISS LATENCY: 8.986 cycles
cpu1->cpu1_L1D TOTAL        ACCESS:  106340781 HIT:  105242365 MISS:    1098416 MSHR_MERGE:     303679
cpu1->cpu1_L1D LOAD         ACCESS:   61505537 HIT:   60973879 MISS:     531658 MSHR_MERGE:      49826
cpu1->cpu1_L1D RFO          ACCESS:          0 HIT:          0 MISS:          0 MSHR_MERGE:          0
cpu1->cpu1_L1D PREFETCH     ACCESS:    4513760 HIT:    4158038 MISS:     355722 MSHR_MERGE:     114100
cpu1->cpu1_L1D WRITE        ACCESS:   40320902 HIT:   40110433 MISS:     210469 MSHR_MERGE:     139752
cpu1->cpu1_L1D TRANSLATION  ACCESS:        582 HIT:         15 MISS:        567 MSHR_MERGE:          1
cpu1->cpu1_L1D PREFETCH REQUESTED:    4514968 ISSUED:    4513760 USEFUL:     179886 USELESS:      60485
cpu1->cpu1_L1D AVERAGE MISS LATENCY: 11.2 cycles
cpu1_L1D FLUSH STALL CYCLES: 325
cpu1->cpu1_ITLB TOTAL        ACCESS:   60816201 HIT:   60816201 MISS:          0 MSHR_MERGE:          0
cpu1->cpu1_ITLB LOAD         ACCESS:   60816201 HIT:   60816201 MISS:          0 MSHR_MERGE:          0
cpu1->cpu1_ITLB RFO          ACCESS:          0 HIT:          0 MISS:          0 MSHR_MERGE:          0
cpu1->cpu1_ITLB PREFETCH     ACCESS:          0 HIT:          0 MISS:          0 MSHR_MERGE:          0
cpu1->cpu1_ITLB WRITE        ACCESS:          0 HIT:          0 MISS:          0 MSHR_MERGE:          0
cpu1->cpu1_ITLB TRANSLATION  ACCESS:          0 HIT:          0 MISS:          0 MSHR_MERGE:          0
cpu1->cpu1_ITLB PREFETCH REQUESTED:          0 ISSUED:          0 USEFUL:          0 USELESS:          0
cpu1->cpu1_ITLB AVERAGE MISS LATENCY: - cycles
cpu1->cpu1_DTLB TOTAL        ACCESS:   95301204 HIT:   95128326 MISS:     172878 MSHR_MERGE:      14778
cpu1->cpu1_DTLB LOAD         ACCESS:   95301204 HIT:   95128326 MISS:     172878 MSHR_MERGE:      14778
cpu1->cpu1_DTLB RFO          ACCESS:          0 HIT:          0 MISS:          0 MSHR_MERGE:          0
cpu1->cpu1_DTLB PREFETCH     ACCESS:          0 HIT:          0 MISS:          0 MSHR_MERGE:          0
cpu1->cpu1_DTLB WRITE        ACCESS:          0 HIT:          0 MISS:          0 MSHR_MERGE:          0
cpu1->cpu1_DTLB TRANSLATION  ACCESS:          0 HIT:          0 MISS:          0 MSHR_MERGE:          0
cpu1->cpu1_DTLB PREFETCH REQUESTED:          0 ISSUED:          0 USEFUL:          0 USELESS:          0
cpu1->cpu1_DTLB AVERAGE MISS LATENCY: 6.996 cycles
cpu19->cpu19_STLB TOTAL        ACCESS:       5863 HIT:        478 MISS:       5385 MSHR_MERGE:          0
cpu19->cpu19_STLB LOAD         ACCESS:       5863 HIT:        478 MISS:       5385 MSHR_MERGE:          0
cpu19->cpu19_STLB RFO          ACCESS:          0 HIT:          0 MISS:          0 MSHR_MERGE:          0
cpu19->cpu19_STLB PREFETCH     ACCESS:          0 HIT:          0 MISS:          0 MSHR_MERGE:          0
cpu19->cpu19_STLB WRITE        ACCESS:          0 HIT:          0 MISS:          0 MSHR_MERGE:          0
cpu19->cpu19_STLB TRANSLATION  ACCESS:          0 HIT:          0 MISS:          0 MSHR_MERGE:          0
cpu19->cpu19_STLB PREFETCH REQUESTED:          0 ISSUED:          0 USEFUL:          0 USELESS:          0
cpu19->cpu19_STLB AVERAGE MISS LATENCY: 841.1 cycles
cpu0->cpu19_L2C TOTAL        ACCESS:        433 HIT:        192 MISS:        241 MSHR_MERGE:          0
cpu0->cpu19_L2C LOAD         ACCESS:          0 HIT:          0 MISS:          0 MSHR_MERGE:          0
cpu0->cpu19_L2C RFO          ACCESS:          0 HIT:          0 MISS:          0 MSHR_MERGE:          0
cpu0->cpu19_L2C PREFETCH     ACCESS:          0 HIT:          0 MISS:          0 MSHR_MERGE:          0
cpu0->cpu19_L2C WRITE        ACCESS:        433 HIT:        192 MISS:        241 MSHR_MERGE:          0
cpu0->cpu19_L2C TRANSLATION  ACCESS:          0 HIT:          0 MISS:          0 MSHR_MERGE:          0
cpu0->cpu19_L2C PREFETCH REQUESTED:    2500222 ISSUED:    2372049 USEFUL:      76843 USELESS:       1339
cpu0->cpu19_L2C AVERAGE MISS LATENCY: 2.133e+05 cycles
cpu19->cpu19_L2C TOTAL        ACCESS:    2764570 HIT:     214962 MISS:    2549608 MSHR_MERGE:      92697
cpu19->cpu19_L2C LOAD         ACCESS:     146536 HIT:      77959 MISS:      68577 MSHR_MERGE:      12883
cpu19->cpu19_L2C RFO          ACCESS:     106724 HIT:        967 MISS:     105757 MSHR_MERGE:          0
cpu19->cpu19_L2C PREFETCH     ACCESS:    2398130 HIT:      67777 MISS:    2330353 MSHR_MERGE:      79814
cpu19->cpu19_L2C WRITE        ACCESS:     106767 HIT:      68258 MISS:      38509 MSHR_MERGE:          0
cpu19->cpu19_L2C TRANSLATION  ACCESS:       6413 HIT:          1 MISS:       6412 MSHR_MERGE:          0
cpu19->cpu19_L2C PREFETCH REQUESTED:    2500222 ISSUED:    2372049 USEFUL:      76843 USELESS:       1339
cpu19->cpu19_L2C AVERAGE MISS LATENCY: 234.5 cycles
cpu19_L2C FLUSH STALL CYCLES: 15970
cpu19->cpu19_L1I TOTAL        ACCESS:   24901680 HIT:   24901519 MISS:        161 MSHR_MERGE:         68
cpu19->cpu19_L1I LOAD         ACCESS:   12494574 HIT:   12494514 MISS:         60 MSHR_MERGE:         17
cpu19->cpu19_L1I RFO          ACCESS:          0 HIT:          0 MISS:          0 MSHR_MERGE:          0
cpu19->cpu19_L1I PREFETCH     ACCESS:   12407106 HIT:   12407005 MISS:        101 MSHR_MERGE:         51
cpu19->cpu19_L1I WRITE        ACCESS:          0 HIT:          0 MISS:          0 MSHR_MERGE:          0
cpu19->cpu19_L1I TRANSLATION  ACCESS:          0 HIT:          0 MISS:          0 MSHR_MERGE:          0
cpu19->cpu19_L1I PREFETCH REQUESTED:   12494574 ISSUED:   12407106 USEFUL:         28 USELESS:          0
cpu19->cpu19_L1I AVERAGE MISS LATENCY: 232.3 cycles
cpu19->cpu19_L1D TOTAL        ACCESS:   86157096 HIT:   85196681 MISS:     960415 MSHR_MERGE:     674750
cpu19->cpu19_L1D LOAD         ACCESS:   51044561 HIT:   50711762 MISS:     332799 MSHR_MERGE:     186306
cpu19->cpu19_L1D RFO          ACCESS:          0 HIT:          0 MISS:          0 MSHR_MERGE:          0
cpu19->cpu19_L1D PREFETCH     ACCESS:      94087 HIT:      64150 MISS:      29937 MSHR_MERGE:       3902
cpu19->cpu19_L1D WRITE        ACCESS:   35007663 HIT:   34416418 MISS:     591245 MSHR_MERGE:     484521
cpu19->cpu19_L1D TRANSLATION  ACCESS:      10785 HIT:       4351 MISS:       6434 MSHR_MERGE:         21
cpu19->cpu19_L1D PREFETCH REQUESTED:      94087 ISSUED:      94087 USEFUL:      12842 USELESS:        740
cpu19->cpu19_L1D AVERAGE MISS LATENCY: 206.1 cycles
cpu19_L1D FLUSH STALL CYCLES: 369
cpu19->cpu19_ITLB TOTAL        ACCESS:   19747225 HIT:   19747215 MISS:         10 MSHR_MERGE:          3
cpu19->cpu19_ITLB LOAD         ACCESS:   19747225 HIT:   19747215 MISS:         10 MSHR_MERGE:          3
cpu19->cpu19_ITLB RFO          ACCESS:          0 HIT:          0 MISS:          0 MSHR_MERGE:          0
cpu19->cpu19_ITLB PREFETCH     ACCESS:          0 HIT:          0 MISS:          0 MSHR_MERGE:          0
cpu19->cpu19_ITLB WRITE        ACCESS:          0 HIT:          0 MISS:          0 MSHR_MERGE:          0
cpu19->cpu19_ITLB TRANSLATION  ACCESS:          0 HIT:          0 MISS:          0 MSHR_MERGE:          0
cpu19->cpu19_ITLB PREFETCH REQUESTED:          0 ISSUED:          0 USEFUL:          0 USELESS:          0
cpu19->cpu19_ITLB AVERAGE MISS LATENCY: 1076 cycles
cpu19->cpu19_DTLB TOTAL        ACCESS:   80563685 HIT:   80512994 MISS:      50691 MSHR_MERGE:      44835
cpu19->cpu19_DTLB LOAD         ACCESS:   80563685 HIT:   80512994 MISS:      50691 MSHR_MERGE:      44835
cpu19->cpu19_DTLB RFO          ACCESS:          0 HIT:          0 MISS:          0 MSHR_MERGE:          0
cpu19->cpu19_DTLB PREFETCH     ACCESS:          0 HIT:          0 MISS:          0 MSHR_MERGE:          0
cpu19->cpu19_DTLB WRITE        ACCESS:          0 HIT:          0 MISS:          0 MSHR_MERGE:          0
cpu19->cpu19_DTLB TRANSLATION  ACCESS:          0 HIT:          0 MISS:          0 MSHR_MERGE:          0
cpu19->cpu19_DTLB PREFETCH REQUESTED:          0 ISSUED:          0 USEFUL:          0 USELESS:          0
cpu19->cpu19_DTLB AVERAGE MISS LATENCY: 778.1 cycles
cpu18->cpu18_STLB TOTAL        ACCESS:     232319 HIT:     231216 MISS:       1103 MSHR_MERGE:          0
cpu18->cpu18_STLB LOAD         ACCESS:     232319 HIT:     231216 MISS:       1103 MSHR_MERGE:          0
cpu18->cpu18_STLB RFO          ACCESS:          0 HIT:          0 MISS:          0 MSHR_MERGE:          0
cpu18->cpu18_STLB PREFETCH     ACCESS:          0 HIT:          0 MISS:          0 MSHR_MERGE:          0
cpu18->cpu18_STLB WRITE        ACCESS:          0 HIT:          0 MISS:          0 MSHR_MERGE:          0
cpu18->cpu18_STLB TRANSLATION  ACCESS:          0 HIT:          0 MISS:          0 MSHR_MERGE:          0
cpu18->cpu18_STLB PREFETCH REQUESTED:          0 ISSUED:          0 USEFUL:          0 USELESS:          0
cpu18->cpu18_STLB AVERAGE MISS LATENCY: 1021 cycles
cpu0->cpu18_L2C TOTAL        ACCESS:        406 HIT:        402 MISS:          4 MSHR_MERGE:          0
cpu0->cpu18_L2C LOAD         ACCESS:          0 HIT:          0 MISS:          0 MSHR_MERGE:          0
cpu0->cpu18_L2C RFO          ACCESS:          0 HIT:          0 MISS:          0 MSHR_MERGE:          0
cpu0->cpu18_L2C PREFETCH     ACCESS:          0 HIT:          0 MISS:          0 MSHR_MERGE:          0
cpu0->cpu18_L2C WRITE        ACCESS:        406 HIT:        402 MISS:          4 MSHR_MERGE:          0
cpu0->cpu18_L2C TRANSLATION  ACCESS:          0 HIT:          0 MISS:          0 MSHR_MERGE:          0
cpu0->cpu18_L2C PREFETCH REQUESTED:     723350 ISSUED:     723187 USEFUL:       5649 USELESS:         94
cpu0->cpu18_L2C AVERAGE MISS LATENCY: 2.443e+06 cycles
cpu18->cpu18_L2C TOTAL        ACCESS:    2110326 HIT:    1925201 MISS:     185125 MSHR_MERGE:       5366
cpu18->cpu18_L2C LOAD         ACCESS:     658219 HIT:     649427 MISS:       8792 MSHR_MERGE:        709
cpu18->cpu18_L2C RFO          ACCESS:     158442 HIT:     136984 MISS:      21458 MSHR_MERGE:         24
cpu18->cpu18_L2C PREFETCH     ACCESS:     987029 HIT:     836481 MISS:     150548 MSHR_MERGE:       4633
cpu18->cpu18_L2C WRITE        ACCESS:     304593 HIT:     302289 MISS:       2304 MSHR_MERGE:          0
cpu18->cpu18_L2C TRANSLATION  ACCESS:       2043 HIT:         20 MISS:       2023 MSHR_MERGE:          0
cpu18->cpu18_L2C PREFETCH REQUESTED:     723350 ISSUED:     723187 USEFUL:       5649 USELESS:         94
cpu18->cpu18_L2C AVERAGE MISS LATENCY: 282.6 cycles
cpu18_L2C FLUSH STALL CYCLES: 21128
cpu18->cpu18_L1I TOTAL        ACCESS:   74289833 HIT:   73726724 MISS:     563109 MSHR_MERGE:     276029
cpu18->cpu18_L1I LOAD         ACCESS:   38025554 HIT:   37708198 MISS:     317356 MSHR_MERGE:     141304
cpu18->cpu18_L1I RFO          ACCESS:          0 HIT:          0 MISS:          0 MSHR_MERGE:          0
cpu18->cpu18_L1I PREFETCH     ACCESS:   36264279 HIT:   36018526 MISS:     245753 MSHR_MERGE:     134725
cpu18->cpu18_L1I WRITE        ACCESS:          0 HIT:          0 MISS:          0 MSHR_MERGE:          0
cpu18->cpu18_L1I TRANSLATION  ACCESS:          0 HIT:          0 MISS:          0 MSHR_MERGE:          0
cpu18->cpu18_L1I PREFETCH REQUESTED:   38025812 ISSUED:   36264279 USEFUL:      60123 USELESS:      50891
cpu18->cpu18_L1I AVERAGE MISS LATENCY: 9.655 cycles
cpu18->cpu18_L1D TOTAL        ACCESS:  108290325 HIT:  106962022 MISS:    1328303 MSHR_MERGE:     532807
cpu18->cpu18_L1D LOAD         ACCESS:   58765011 HIT:   58224583 MISS:     540428 MSHR_MERGE:      58257
cpu18->cpu18_L1D RFO          ACCESS:          0 HIT:          0 MISS:          0 MSHR_MERGE:          0
cpu18->cpu18_L1D PREFETCH     ACCESS:    7251596 HIT:    7044388 MISS:     207208 MSHR_MERGE:      54391
cpu18->cpu18_L1D WRITE        ACCESS:   42271511 HIT:   41692888 MISS:     578623 MSHR_MERGE:     420158
cpu18->cpu18_L1D TRANSLATION  ACCESS:       2207 HIT:        163 MISS:       2044 MSHR_MERGE:          1
cpu18->cpu18_L1D PREFETCH REQUESTED:    7254119 ISSUED:    7251580 USEFUL:      95373 USELESS:      56107
cpu18->cpu18_L1D AVERAGE MISS LATENCY: 25.01 cycles
cpu18_L1D FLUSH STALL CYCLES: 342
cpu18->cpu18_ITLB TOTAL        ACCESS:   60368034 HIT:   60367958 MISS:         76 MSHR_MERGE:         33
cpu18->cpu18_ITLB LOAD         ACCESS:   60368034 HIT:   60367958 MISS:         76 MSHR_MERGE:         33
cpu18->cpu18_ITLB RFO          ACCESS:          0 HIT:          0 MISS:          0 MSHR_MERGE:          0
cpu18->cpu18_ITLB PREFETCH     ACCESS:          0 HIT:          0 MISS:          0 MSHR_MERGE:          0
cpu18->cpu18_ITLB WRITE        ACCESS:          0 HIT:          0 MISS:          0 MSHR_MERGE:          0
cpu18->cpu18_ITLB TRANSLATION  ACCESS:          0 HIT:          0 MISS:          0 MSHR_MERGE:          0
cpu18->cpu18_ITLB PREFETCH REQUESTED:          0 ISSUED:          0 USEFUL:          0 USELESS:          0
cpu18->cpu18_ITLB AVERAGE MISS LATENCY: 1022 cycles
cpu18->cpu18_DTLB TOTAL        ACCESS:   95082405 HIT:   94786133 MISS:     296272 MSHR_MERGE:      63996
cpu18->cpu18_DTLB LOAD         ACCESS:   95082405 HIT:   94786133 MISS:     296272 MSHR_MERGE:      63996
cpu18->cpu18_DTLB RFO          ACCESS:          0 HIT:          0 MISS:          0 MSHR_MERGE:          0
cpu18->cpu18_DTLB PREFETCH     ACCESS:          0 HIT:          0 MISS:          0 MSHR_MERGE:          0
cpu18->cpu18_DTLB WRITE        ACCESS:          0 HIT:          0 MISS:          0 MSHR_MERGE:          0
cpu18->cpu18_DTLB TRANSLATION  ACCESS:          0 HIT:          0 MISS:          0 MSHR_MERGE:          0
cpu18->cpu18_DTLB PREFETCH REQUESTED:          0 ISSUED:          0 USEFUL:          0 USELESS:          0
cpu18->cpu18_DTLB AVERAGE MISS LATENCY: 9.663 cycles
cpu17->cpu17_STLB TOTAL        ACCESS:     158068 HIT:     157777 MISS:        291 MSHR_MERGE:          0
cpu17->cpu17_STLB LOAD         ACCESS:     158068 HIT:     157777 MISS:        291 MSHR_MERGE:          0
cpu17->cpu17_STLB RFO          ACCESS:          0 HIT:          0 MISS:          0 MSHR_MERGE:          0
cpu17->cpu17_STLB PREFETCH     ACCESS:          0 HIT:          0 MISS:          0 MSHR_MERGE:          0
cpu17->cpu17_STLB WRITE        ACCESS:          0 HIT:          0 MISS:          0 MSHR_MERGE:          0
cpu17->cpu17_STLB TRANSLATION  ACCESS:          0 HIT:          0 MISS:          0 MSHR_MERGE:          0
cpu17->cpu17_STLB PREFETCH REQUESTED:          0 ISSUED:          0 USEFUL:          0 USELESS:          0
cpu17->cpu17_STLB AVERAGE MISS LATENCY: 1113 cycles
cpu0->cpu17_L2C TOTAL        ACCESS:        422 HIT:        422 MISS:          0 MSHR_MERGE:          0
cpu0->cpu17_L2C LOAD         ACCESS:          0 HIT:          0 MISS:          0 MSHR_MERGE:          0
cpu0->cpu17_L2C RFO          ACCESS:          0 HIT:          0 MISS:          0 MSHR_MERGE:          0
cpu0->cpu17_L2C PREFETCH     ACCESS:          0 HIT:          0 MISS:          0 MSHR_MERGE:          0
cpu0->cpu17_L2C WRITE        ACCESS:        422 HIT:        422 MISS:          0 MSHR_MERGE:          0
cpu0->cpu17_L2C TRANSLATION  ACCESS:          0 HIT:          0 MISS:          0 MSHR_MERGE:          0
cpu0->cpu17_L2C PREFETCH REQUESTED:     643206 ISSUED:     643206 USEFUL:        375 USELESS:          0
cpu0->cpu17_L2C AVERAGE MISS LATENCY: - cycles
cpu17->cpu17_L2C TOTAL        ACCESS:    1623236 HIT:    1587172 MISS:      36064 MSHR_MERGE:       1643
cpu17->cpu17_L2C LOAD         ACCESS:     502838 HIT:     501775 MISS:       1063 MSHR_MERGE:          1
cpu17->cpu17_L2C RFO          ACCESS:      70703 HIT:      69897 MISS:        806 MSHR_MERGE:          0
cpu17->cpu17_L2C PREFETCH     ACCESS:     901845 HIT:     868207 MISS:      33638 MSHR_MERGE:       1642
cpu17->cpu17_L2C WRITE        ACCESS:     147284 HIT:     147284 MISS:          0 MSHR_MERGE:          0
cpu17->cpu17_L2C TRANSLATION  ACCESS:        566 HIT:          9 MISS:        557 MSHR_MERGE:          0
cpu17->cpu17_L2C PREFETCH REQUESTED:     643206 ISSUED:     643206 USEFUL:        375 USELESS:          0
cpu17->cpu17_L2C AVERAGE MISS LATENCY: 322.6 cycles
cpu17_L2C FLUSH STALL CYCLES: 3865
cpu17->cpu17_L1I TOTAL        ACCESS:   75783055 HIT:   75703394 MISS:      79661 MSHR_MERGE:      41571
cpu17->cpu17_L1I LOAD         ACCESS:   38237783 HIT:   38195906 MISS:      41877 MSHR_MERGE:      20798
cpu17->cpu17_L1I RFO          ACCESS:          0 HIT:          0 MISS:          0 MSHR_MERGE:          0
cpu17->cpu17_L1I PREFETCH     ACCESS:   37545272 HIT:   37507488 MISS:      37784 MSHR_MERGE:      20773
cpu17->cpu17_L1I WRITE        ACCESS:          0 HIT:          0 MISS:          0 MSHR_MERGE:          0
cpu17->cpu17_L1I TRANSLATION  ACCESS:          0 HIT:          0 MISS:          0 MSHR_MERGE:          0
cpu17->cpu17_L1I PREFETCH REQUESTED:   38237783 ISSUED:   37545240 USEFUL:       9326 USELESS:       7682
cpu17->cpu17_L1I AVERAGE MISS LATENCY: 8.942 cycles
cpu17->cpu17_L1D TOTAL        ACCESS:  106322078 HIT:  105224065 MISS:    1098013 MSHR_MERGE:     303353
cpu17->cpu17_L1D LOAD         ACCESS:   61494527 HIT:   60962949 MISS:     531578 MSHR_MERGE:      49817
cpu17->cpu17_L1D RFO          ACCESS:          0 HIT:          0 MISS:          0 MSHR_MERGE:          0
cpu17->cpu17_L1D PREFETCH     ACCESS:    4513256 HIT:    4157714 MISS:     355542 MSHR_MERGE:     113912
cpu17->cpu17_L1D WRITE        ACCESS:   40313713 HIT:   40103387 MISS:     210326 MSHR_MERGE:     139623
cpu17->cpu17_L1D TRANSLATION  ACCESS:        582 HIT:         15 MISS:        567 MSHR_MERGE:          1
cpu17->cpu17_L1D PREFETCH REQUESTED:    4514410 ISSUED:    4513256 USEFUL:     179909 USELESS:      60474
cpu17->cpu17_L1D AVERAGE MISS LATENCY: 11.25 cycles
cpu17_L1D FLUSH STALL CYCLES: 358
cpu17->cpu17_ITLB TOTAL        ACCESS:   60806093 HIT:   60806093 MISS:          0 MSHR_MERGE:          0
cpu17->cpu17_ITLB LOAD         ACCESS:   60806093 HIT:   60806093 MISS:          0 MSHR_MERGE:          0
cpu17->cpu17_ITLB RFO          ACCESS:          0 HIT:          0 MISS:          0 MSHR_MERGE:          0
cpu17->cpu17_ITLB PREFETCH     ACCESS:          0 HIT:          0 MISS:          0 MSHR_MERGE:          0
cpu17->cpu17_ITLB WRITE        ACCESS:          0 HIT:          0 MISS:          0 MSHR_MERGE:          0
cpu17->cpu17_ITLB TRANSLATION  ACCESS:          0 HIT:          0 MISS:          0 MSHR_MERGE:          0
cpu17->cpu17_ITLB PREFETCH REQUESTED:          0 ISSUED:          0 USEFUL:          0 USELESS:          0
cpu17->cpu17_ITLB AVERAGE MISS LATENCY: - cycles
cpu17->cpu17_DTLB TOTAL        ACCESS:   95284046 HIT:   95111206 MISS:     172840 MSHR_MERGE:      14772
cpu17->cpu17_DTLB LOAD         ACCESS:   95284046 HIT:   95111206 MISS:     172840 MSHR_MERGE:      14772
cpu17->cpu17_DTLB RFO          ACCESS:          0 HIT:          0 MISS:          0 MSHR_MERGE:          0
cpu17->cpu17_DTLB PREFETCH     ACCESS:          0 HIT:          0 MISS:          0 MSHR_MERGE:          0
cpu17->cpu17_DTLB WRITE        ACCESS:          0 HIT:          0 MISS:          0 MSHR_MERGE:          0
cpu17->cpu17_DTLB TRANSLATION  ACCESS:          0 HIT:          0 MISS:          0 MSHR_MERGE:          0
cpu17->cpu17_DTLB PREFETCH REQUESTED:          0 ISSUED:          0 USEFUL:          0 USELESS:          0
cpu17->cpu17_DTLB AVERAGE MISS LATENCY: 7.05 cycles
cpu16->cpu16_STLB TOTAL        ACCESS:     411245 HIT:     410704 MISS:        541 MSHR_MERGE:          0
cpu16->cpu16_STLB LOAD         ACCESS:     411245 HIT:     410704 MISS:        541 MSHR_MERGE:          0
cpu16->cpu16_STLB RFO          ACCESS:          0 HIT:          0 MISS:          0 MSHR_MERGE:          0
cpu16->cpu16_STLB PREFETCH     ACCESS:          0 HIT:          0 MISS:          0 MSHR_MERGE:          0
cpu16->cpu16_STLB WRITE        ACCESS:          0 HIT:          0 MISS:          0 MSHR_MERGE:          0
cpu16->cpu16_STLB TRANSLATION  ACCESS:          0 HIT:          0 MISS:          0 MSHR_MERGE:          0
cpu16->cpu16_STLB PREFETCH REQUESTED:          0 ISSUED:          0 USEFUL:          0 USELESS:          0
cpu16->cpu16_STLB AVERAGE MISS LATENCY: 1143 cycles
cpu0->cpu16_L2C TOTAL        ACCESS:          2 HIT:          0 MISS:          2 MSHR_MERGE:          0
cpu0->cpu16_L2C LOAD         ACCESS:          0 HIT:          0 MISS:          0 MSHR_MERGE:          0
cpu0->cpu16_L2C RFO          ACCESS:          0 HIT:          0 MISS:          0 MSHR_MERGE:          0
cpu0->cpu16_L2C PREFETCH     ACCESS:          0 HIT:          0 MISS:          0 MSHR_MERGE:          0
cpu0->cpu16_L2C WRITE        ACCESS:          2 HIT:          0 MISS:          2 MSHR_MERGE:          0
cpu0->cpu16_L2C TRANSLATION  ACCESS:          0 HIT:          0 MISS:          0 MSHR_MERGE:          0
cpu0->cpu16_L2C PREFETCH REQUESTED:   97966684 ISSUED:   94880146 USEFUL:      27268 USELESS:        819
cpu0->cpu16_L2C AVERAGE MISS LATENCY: 4.254e+05 cycles
cpu16->cpu16_L2C TOTAL        ACCESS:  103268610 HIT:   90797335 MISS:   12471275 MSHR_MERGE:      10543
cpu16->cpu16_L2C LOAD         ACCESS:    5729352 HIT:    5727585 MISS:       1767 MSHR_MERGE:        135
cpu16->cpu16_L2C RFO          ACCESS:       5250 HIT:       4951 MISS:        299 MSHR_MERGE:          0
cpu16->cpu16_L2C PREFETCH     ACCESS:   97520257 HIT:   85052128 MISS:   12468129 MSHR_MERGE:      10408
cpu16->cpu16_L2C WRITE        ACCESS:      12669 HIT:      12669 MISS:          0 MSHR_MERGE:          0
cpu16->cpu16_L2C TRANSLATION  ACCESS:       1082 HIT:          2 MISS:       1080 MSHR_MERGE:          0
cpu16->cpu16_L2C PREFETCH REQUESTED:   97966684 ISSUED:   94880146 USEFUL:      27268 USELESS:        819
cpu16->cpu16_L2C AVERAGE MISS LATENCY: 270.4 cycles
cpu16->cpu16_L1I TOTAL        ACCESS:     428184 HIT:     428184 MISS:          0 MSHR_MERGE:          0
cpu16->cpu16_L1I LOAD         ACCESS:     243844 HIT:     243844 MISS:          0 MSHR_MERGE:          0
cpu16->cpu16_L1I RFO          ACCESS:          0 HIT:          0 MISS:          0 MSHR_MERGE:          0
cpu16->cpu16_L1I PREFETCH     ACCESS:     184340 HIT:     184340 MISS:          0 MSHR_MERGE:          0
cpu16->cpu16_L1I WRITE        ACCESS:          0 HIT:          0 MISS:          0 MSHR_MERGE:          0
cpu16->cpu16_L1I TRANSLATION  ACCESS:          0 HIT:          0 MISS:          0 MSHR_MERGE:          0
cpu16->cpu16_L1I PREFETCH REQUESTED:     243844 ISSUED:     184340 USEFUL:          0 USELESS:          0
cpu16->cpu16_L1I AVERAGE MISS LATENCY: - cycles
cpu16->cpu16_L1D TOTAL        ACCESS:   92716520 HIT:   68023745 MISS:   24692775 MSHR_MERGE:   16316980
cpu16->cpu16_L1D LOAD         ACCESS:   87864682 HIT:   65969131 MISS:   21895551 MSHR_MERGE:   16166199
cpu16->cpu16_L1D RFO          ACCESS:          0 HIT:          0 MISS:          0 MSHR_MERGE:          0
cpu16->cpu16_L1D PREFETCH     ACCESS:    4807591 HIT:    2021635 MISS:    2785956 MSHR_MERGE:     145845
cpu16->cpu16_L1D WRITE        ACCESS:      43165 HIT:      32979 MISS:      10186 MSHR_MERGE:       4936
cpu16->cpu16_L1D TRANSLATION  ACCESS:       1082 HIT:          0 MISS:       1082 MSHR_MERGE:          0
cpu16->cpu16_L1D PREFETCH REQUESTED:    4807591 ISSUED:    4807591 USEFUL:    2149134 USELESS:     490924
cpu16->cpu16_L1D AVERAGE MISS LATENCY: 10.12 cycles
cpu16->cpu16_ITLB TOTAL        ACCESS:     233023 HIT:     233023 MISS:          0 MSHR_MERGE:          0
cpu16->cpu16_ITLB LOAD         ACCESS:     233023 HIT:     233023 MISS:          0 MSHR_MERGE:          0
cpu16->cpu16_ITLB RFO          ACCESS:          0 HIT:          0 MISS:          0 MSHR_MERGE:          0
cpu16->cpu16_ITLB PREFETCH     ACCESS:          0 HIT:          0 MISS:          0 MSHR_MERGE:          0
cpu16->cpu16_ITLB WRITE        ACCESS:          0 HIT:          0 MISS:          0 MSHR_MERGE:          0
cpu16->cpu16_ITLB TRANSLATION  ACCESS:          0 HIT:          0 MISS:          0 MSHR_MERGE:          0
cpu16->cpu16_ITLB PREFETCH REQUESTED:          0 ISSUED:          0 USEFUL:          0 USELESS:          0
cpu16->cpu16_ITLB AVERAGE MISS LATENCY: - cycles
cpu16->cpu16_DTLB TOTAL        ACCESS:   87901460 HIT:   86198458 MISS:    1703002 MSHR_MERGE:    1291757
cpu16->cpu16_DTLB LOAD         ACCESS:   87901460 HIT:   86198458 MISS:    1703002 MSHR_MERGE:    1291757
cpu16->cpu16_DTLB RFO          ACCESS:          0 HIT:          0 MISS:          0 MSHR_MERGE:          0
cpu16->cpu16_DTLB PREFETCH     ACCESS:          0 HIT:          0 MISS:          0 MSHR_MERGE:          0
cpu16->cpu16_DTLB WRITE        ACCESS:          0 HIT:          0 MISS:          0 MSHR_MERGE:          0
cpu16->cpu16_DTLB TRANSLATION  ACCESS:          0 HIT:          0 MISS:          0 MSHR_MERGE:          0
cpu16->cpu16_DTLB PREFETCH REQUESTED:          0 ISSUED:          0 USEFUL:          0 USELESS:          0
cpu16->cpu16_DTLB AVERAGE MISS LATENCY: 6.508 cycles
cpu15->cpu15_STLB TOTAL        ACCESS:      55480 HIT:      39502 MISS:      15978 MSHR_MERGE:          0
cpu15->cpu15_STLB LOAD         ACCESS:      55480 HIT:      39502 MISS:      15978 MSHR_MERGE:          0
cpu15->cpu15_STLB RFO          ACCESS:          0 HIT:          0 MISS:          0 MSHR_MERGE:          0
cpu15->cpu15_STLB PREFETCH     ACCESS:          0 HIT:          0 MISS:          0 MSHR_MERGE:          0
cpu15->cpu15_STLB WRITE        ACCESS:          0 HIT:          0 MISS:          0 MSHR_MERGE:          0
cpu15->cpu15_STLB TRANSLATION  ACCESS:          0 HIT:          0 MISS:          0 MSHR_MERGE:          0
cpu15->cpu15_STLB PREFETCH REQUESTED:          0 ISSUED:          0 USEFUL:          0 USELESS:          0
cpu15->cpu15_STLB AVERAGE MISS LATENCY: 844.5 cycles
cpu0->cpu15_L2C TOTAL        ACCESS:        190 HIT:        151 MISS:         39 MSHR_MERGE:          0
cpu0->cpu15_L2C LOAD         ACCESS:          0 HIT:          0 MISS:          0 MSHR_MERGE:          0
cpu0->cpu15_L2C RFO          ACCESS:          0 HIT:          0 MISS:          0 MSHR_MERGE:          0
cpu0->cpu15_L2C PREFETCH     ACCESS:          0 HIT:          0 MISS:          0 MSHR_MERGE:          0
cpu0->cpu15_L2C WRITE        ACCESS:        190 HIT:        151 MISS:         39 MSHR_MERGE:          0
cpu0->cpu15_L2C TRANSLATION  ACCESS:          0 HIT:          0 MISS:          0 MSHR_MERGE:          0
cpu0->cpu15_L2C PREFETCH REQUESTED:   12937055 ISSUED:   11001720 USEFUL:     171631 USELESS:       9507
cpu0->cpu15_L2C AVERAGE MISS LATENCY: 2.201e+06 cycles
cpu15->cpu15_L2C TOTAL        ACCESS:   14688753 HIT:    9594170 MISS:    5094583 MSHR_MERGE:     386513
cpu15->cpu15_L2C LOAD         ACCESS:    1820906 HIT:    1429872 MISS:     391034 MSHR_MERGE:      35479
cpu15->cpu15_L2C RFO          ACCESS:      97007 HIT:       3876 MISS:      93131 MSHR_MERGE:          0
cpu15->cpu15_L2C PREFETCH     ACCESS:   11853134 HIT:    7342369 MISS:    4510765 MSHR_MERGE:     351034
cpu15->cpu15_L2C WRITE        ACCESS:     897031 HIT:     816422 MISS:      80609 MSHR_MERGE:          0
cpu15->cpu15_L2C TRANSLATION  ACCESS:      20675 HIT:       1631 MISS:      19044 MSHR_MERGE:          0
cpu15->cpu15_L2C PREFETCH REQUESTED:   12937055 ISSUED:   11001720 USEFUL:     171631 USELESS:       9507
cpu15->cpu15_L2C AVERAGE MISS LATENCY: 147 cycles
cpu15_L2C FLUSH STALL CYCLES: 18292
cpu15->cpu15_L1I TOTAL        ACCESS:  166703446 HIT:  166702615 MISS:        831 MSHR_MERGE:        444
cpu15->cpu15_L1I LOAD         ACCESS:   83385925 HIT:   83385574 MISS:        351 MSHR_MERGE:        124
cpu15->cpu15_L1I RFO          ACCESS:          0 HIT:          0 MISS:          0 MSHR_MERGE:          0
cpu15->cpu15_L1I PREFETCH     ACCESS:   83317521 HIT:   83317041 MISS:        480 MSHR_MERGE:        320
cpu15->cpu15_L1I WRITE        ACCESS:          0 HIT:          0 MISS:          0 MSHR_MERGE:          0
cpu15->cpu15_L1I TRANSLATION  ACCESS:          0 HIT:          0 MISS:          0 MSHR_MERGE:          0
cpu15->cpu15_L1I PREFETCH REQUESTED:   83385925 ISSUED:   83317489 USEFUL:        119 USELESS:          0
cpu15->cpu15_L1I AVERAGE MISS LATENCY: 306.9 cycles
cpu15->cpu15_L1D TOTAL        ACCESS:  124591343 HIT:  120650915 MISS:    3940428 MSHR_MERGE:    1150566
cpu15->cpu15_L1D LOAD         ACCESS:  104530606 HIT:  101952551 MISS:    2578055 MSHR_MERGE:     757376
cpu15->cpu15_L1D RFO          ACCESS:          0 HIT:          0 MISS:          0 MSHR_MERGE:          0
cpu15->cpu15_L1D PREFETCH     ACCESS:    3834536 HIT:    2875070 MISS:     959466 MSHR_MERGE:     107970
cpu15->cpu15_L1D WRITE        ACCESS:   16194209 HIT:   15811984 MISS:     382225 MSHR_MERGE:     285213
cpu15->cpu15_L1D TRANSLATION  ACCESS:      31992 HIT:      11310 MISS:      20682 MSHR_MERGE:          7
cpu15->cpu15_L1D PREFETCH REQUESTED:    4833438 ISSUED:    3834520 USEFUL:     740800 USELESS:      85831
cpu15->cpu15_L1D AVERAGE MISS LATENCY: 54.62 cycles
cpu15_L1D FLUSH STALL CYCLES: 126
cpu15->cpu15_ITLB TOTAL        ACCESS:  126071157 HIT:  126071123 MISS:         34 MSHR_MERGE:         16
cpu15->cpu15_ITLB LOAD         ACCESS:  126071157 HIT:  126071123 MISS:         34 MSHR_MERGE:         16
cpu15->cpu15_ITLB RFO          ACCESS:          0 HIT:          0 MISS:          0 MSHR_MERGE:          0
cpu15->cpu15_ITLB PREFETCH     ACCESS:          0 HIT:          0 MISS:          0 MSHR_MERGE:          0
cpu15->cpu15_ITLB WRITE        ACCESS:          0 HIT:          0 MISS:          0 MSHR_MERGE:          0
cpu15->cpu15_ITLB TRANSLATION  ACCESS:          0 HIT:          0 MISS:          0 MSHR_MERGE:          0
cpu15->cpu15_ITLB PREFETCH REQUESTED:          0 ISSUED:          0 USEFUL:          0 USELESS:          0
cpu15->cpu15_ITLB AVERAGE MISS LATENCY: 1228 cycles
cpu15->cpu15_DTLB TOTAL        ACCESS:  116882636 HIT:  116741163 MISS:     141473 MSHR_MERGE:      86011
cpu15->cpu15_DTLB LOAD         ACCESS:  116882636 HIT:  116741163 MISS:     141473 MSHR_MERGE:      86011
cpu15->cpu15_DTLB RFO          ACCESS:          0 HIT:          0 MISS:          0 MSHR_MERGE:          0
cpu15->cpu15_DTLB PREFETCH     ACCESS:          0 HIT:          0 MISS:          0 MSHR_MERGE:          0
cpu15->cpu15_DTLB WRITE        ACCESS:          0 HIT:          0 MISS:          0 MSHR_MERGE:          0
cpu15->cpu15_DTLB TRANSLATION  ACCESS:          0 HIT:          0 MISS:          0 MSHR_MERGE:          0
cpu15->cpu15_DTLB PREFETCH REQUESTED:          0 ISSUED:          0 USEFUL:          0 USELESS:          0
cpu15->cpu15_DTLB AVERAGE MISS LATENCY: 248.2 cycles
cpu14->cpu14_STLB TOTAL        ACCESS:     173350 HIT:     171969 MISS:       1381 MSHR_MERGE:          0
cpu14->cpu14_STLB LOAD         ACCESS:     173350 HIT:     171969 MISS:       1381 MSHR_MERGE:          0
cpu14->cpu14_STLB RFO          ACCESS:          0 HIT:          0 MISS:          0 MSHR_MERGE:          0
cpu14->cpu14_STLB PREFETCH     ACCESS:          0 HIT:          0 MISS:          0 MSHR_MERGE:          0
cpu14->cpu14_STLB WRITE        ACCESS:          0 HIT:          0 MISS:          0 MSHR_MERGE:          0
cpu14->cpu14_STLB TRANSLATION  ACCESS:          0 HIT:          0 MISS:          0 MSHR_MERGE:          0
cpu14->cpu14_STLB PREFETCH REQUESTED:          0 ISSUED:          0 USEFUL:          0 USELESS:          0
cpu14->cpu14_STLB AVERAGE MISS LATENCY: 912.4 cycles
cpu0->cpu14_L2C TOTAL        ACCESS:        240 HIT:        228 MISS:         12 MSHR_MERGE:          0
cpu0->cpu14_L2C LOAD         ACCESS:          0 HIT:          0 MISS:          0 MSHR_MERGE:          0
cpu0->cpu14_L2C RFO          ACCESS:          0 HIT:          0 MISS:          0 MSHR_MERGE:          0
cpu0->cpu14_L2C PREFETCH     ACCESS:          0 HIT:          0 MISS:          0 MSHR_MERGE:          0
cpu0->cpu14_L2C WRITE        ACCESS:        240 HIT:        228 MISS:         12 MSHR_MERGE:          0
cpu0->cpu14_L2C TRANSLATION  ACCESS:          0 HIT:          0 MISS:          0 MSHR_MERGE:          0
cpu0->cpu14_L2C PREFETCH REQUESTED:    3634304 ISSUED:    3634304 USEFUL:          3 USELESS:          5
cpu0->cpu14_L2C AVERAGE MISS LATENCY: 2.879e+06 cycles
cpu14->cpu14_L2C TOTAL        ACCESS:    8163470 HIT:    7966371 MISS:     197099 MSHR_MERGE:      19008
cpu14->cpu14_L2C LOAD         ACCESS:    3190195 HIT:    3167727 MISS:      22468 MSHR_MERGE:          0
cpu14->cpu14_L2C RFO          ACCESS:     175772 HIT:      94090 MISS:      81682 MSHR_MERGE:          0
cpu14->cpu14_L2C PREFETCH     ACCESS:    4527125 HIT:    4439181 MISS:      87944 MSHR_MERGE:      19008
cpu14->cpu14_L2C WRITE        ACCESS:     268130 HIT:     264901 MISS:       3229 MSHR_MERGE:          0
cpu14->cpu14_L2C TRANSLATION  ACCESS:       2248 HIT:        472 MISS:       1776 MSHR_MERGE:          0
cpu14->cpu14_L2C PREFETCH REQUESTED:    3634304 ISSUED:    3634304 USEFUL:          3 USELESS:          5
cpu14->cpu14_L2C AVERAGE MISS LATENCY: 316.5 cycles
cpu14_L2C FLUSH STALL CYCLES: 23120
cpu14->cpu14_L1I TOTAL        ACCESS:   28153717 HIT:   28153717 MISS:          0 MSHR_MERGE:          0
cpu14->cpu14_L1I LOAD         ACCESS:   14330777 HIT:   14330777 MISS:          0 MSHR_MERGE:          0
cpu14->cpu14_L1I RFO          ACCESS:          0 HIT:          0 MISS:          0 MSHR_MERGE:          0
cpu14->cpu14_L1I PREFETCH     ACCESS:   13822940 HIT:   13822940 MISS:          0 MSHR_MERGE:          0
cpu14->cpu14_L1I WRITE        ACCESS:          0 HIT:          0 MISS:          0 MSHR_MERGE:          0
cpu14->cpu14_L1I TRANSLATION  ACCESS:          0 HIT:          0 MISS:          0 MSHR_MERGE:          0
cpu14->cpu14_L1I PREFETCH REQUESTED:   14330777 ISSUED:   13822940 USEFUL:          0 USELESS:          0
cpu14->cpu14_L1I AVERAGE MISS LATENCY: - cycles
cpu14->cpu14_L1D TOTAL        ACCESS:  141487579 HIT:  135172625 MISS:    6314954 MSHR_MERGE:    2053906
cpu14->cpu14_L1D LOAD         ACCESS:   73629020 HIT:   69761471 MISS:    3867549 MSHR_MERGE:     677354
cpu14->cpu14_L1D RFO          ACCESS:          0 HIT:          0 MISS:          0 MSHR_MERGE:          0
cpu14->cpu14_L1D PREFETCH     ACCESS:    7702899 HIT:    6747119 MISS:     955780 MSHR_MERGE:      62957
cpu14->cpu14_L1D WRITE        ACCESS:   60152894 HIT:   58663674 MISS:    1489220 MSHR_MERGE:    1313438
cpu14->cpu14_L1D TRANSLATION  ACCESS:       2766 HIT:        361 MISS:       2405 MSHR_MERGE:        157
cpu14->cpu14_L1D PREFETCH REQUESTED:    7705113 ISSUED:    7702895 USEFUL:     566968 USELESS:     325166
cpu14->cpu14_L1D AVERAGE MISS LATENCY: 20.23 cycles
cpu14_L1D FLUSH STALL CYCLES: 176
cpu14->cpu14_ITLB TOTAL        ACCESS:   19812236 HIT:   19812236 MISS:          0 MSHR_MERGE:          0
cpu14->cpu14_ITLB LOAD         ACCESS:   19812236 HIT:   19812236 MISS:          0 MSHR_MERGE:          0
cpu14->cpu14_ITLB RFO          ACCESS:          0 HIT:          0 MISS:          0 MSHR_MERGE:          0
cpu14->cpu14_ITLB PREFETCH     ACCESS:          0 HIT:          0 MISS:          0 MSHR_MERGE:          0
cpu14->cpu14_ITLB WRITE        ACCESS:          0 HIT:          0 MISS:          0 MSHR_MERGE:          0
cpu14->cpu14_ITLB TRANSLATION  ACCESS:          0 HIT:          0 MISS:          0 MSHR_MERGE:          0
cpu14->cpu14_ITLB PREFETCH REQUESTED:          0 ISSUED:          0 USEFUL:          0 USELESS:          0
cpu14->cpu14_ITLB AVERAGE MISS LATENCY: - cycles
cpu14->cpu14_DTLB TOTAL        ACCESS:  122498184 HIT:  122280343 MISS:     217841 MSHR_MERGE:      44491
cpu14->cpu14_DTLB LOAD         ACCESS:  122498184 HIT:  122280343 MISS:     217841 MSHR_MERGE:      44491
cpu14->cpu14_DTLB RFO          ACCESS:          0 HIT:          0 MISS:          0 MSHR_MERGE:          0
cpu14->cpu14_DTLB PREFETCH     ACCESS:          0 HIT:          0 MISS:          0 MSHR_MERGE:          0
cpu14->cpu14_DTLB WRITE        ACCESS:          0 HIT:          0 MISS:          0 MSHR_MERGE:          0
cpu14->cpu14_DTLB TRANSLATION  ACCESS:          0 HIT:          0 MISS:          0 MSHR_MERGE:          0
cpu14->cpu14_DTLB PREFETCH REQUESTED:          0 ISSUED:          0 USEFUL:          0 USELESS:          0
cpu14->cpu14_DTLB AVERAGE MISS LATENCY: 12.28 cycles
cpu13->cpu13_STLB TOTAL        ACCESS:    5721422 HIT:    5391046 MISS:     330376 MSHR_MERGE:          0
cpu13->cpu13_STLB LOAD         ACCESS:    5721422 HIT:    5391046 MISS:     330376 MSHR_MERGE:          0
cpu13->cpu13_STLB RFO          ACCESS:          0 HIT:          0 MISS:          0 MSHR_MERGE:          0
cpu13->cpu13_STLB PREFETCH     ACCESS:          0 HIT:          0 MISS:          0 MSHR_MERGE:          0
cpu13->cpu13_STLB WRITE        ACCESS:          0 HIT:          0 MISS:          0 MSHR_MERGE:          0
cpu13->cpu13_STLB TRANSLATION  ACCESS:          0 HIT:          0 MISS:          0 MSHR_MERGE:          0
cpu13->cpu13_STLB PREFETCH REQUESTED:          0 ISSUED:          0 USEFUL:          0 USELESS:          0
cpu13->cpu13_STLB AVERAGE MISS LATENCY: 91.44 cycles
cpu0->cpu13_L2C TOTAL        ACCESS:          7 HIT:          7 MISS:          0 MSHR_MERGE:          0
cpu0->cpu13_L2C LOAD         ACCESS:          0 HIT:          0 MISS:          0 MSHR_MERGE:          0
cpu0->cpu13_L2C RFO          ACCESS:          0 HIT:          0 MISS:          0 MSHR_MERGE:          0
cpu0->cpu13_L2C PREFETCH     ACCESS:          0 HIT:          0 MISS:          0 MSHR_MERGE:          0
cpu0->cpu13_L2C WRITE        ACCESS:          7 HIT:          7 MISS:          0 MSHR_MERGE:          0
cpu0->cpu13_L2C TRANSLATION  ACCESS:          0 HIT:          0 MISS:          0 MSHR_MERGE:          0
cpu0->cpu13_L2C PREFETCH REQUESTED:   12955534 ISSUED:   12955534 USEFUL:       1304 USELESS:       5154
cpu0->cpu13_L2C AVERAGE MISS LATENCY: - cycles
cpu13->cpu13_L2C TOTAL        ACCESS:   26013133 HIT:   21810004 MISS:    4203129 MSHR_MERGE:      15253
cpu13->cpu13_L2C LOAD         ACCESS:   10233213 HIT:   10162749 MISS:      70464 MSHR_MERGE:         40
cpu13->cpu13_L2C RFO          ACCESS:     304453 HIT:      94756 MISS:     209697 MSHR_MERGE:         99
cpu13->cpu13_L2C PREFETCH     ACCESS:   14348770 HIT:   10522236 MISS:    3826534 MSHR_MERGE:      15114
cpu13->cpu13_L2C WRITE        ACCESS:     484716 HIT:     469925 MISS:      14791 MSHR_MERGE:          0
cpu13->cpu13_L2C TRANSLATION  ACCESS:     641981 HIT:     560338 MISS:      81643 MSHR_MERGE:          0
cpu13->cpu13_L2C PREFETCH REQUESTED:   12955534 ISSUED:   12955534 USEFUL:       1304 USELESS:       5154
cpu13->cpu13_L2C AVERAGE MISS LATENCY: 277.5 cycles
cpu13_L2C FLUSH STALL CYCLES: 27346
cpu13->cpu13_L1I TOTAL        ACCESS:   72684024 HIT:   69596196 MISS:    3087828 MSHR_MERGE:    1095136
cpu13->cpu13_L1I LOAD         ACCESS:   36745423 HIT:   35128841 MISS:    1616582 MSHR_MERGE:     550660
cpu13->cpu13_L1I RFO          ACCESS:          0 HIT:          0 MISS:          0 MSHR_MERGE:          0
cpu13->cpu13_L1I PREFETCH     ACCESS:   35938601 HIT:   34467355 MISS:    1471246 MSHR_MERGE:     544476
cpu13->cpu13_L1I WRITE        ACCESS:          0 HIT:          0 MISS:          0 MSHR_MERGE:          0
cpu13->cpu13_L1I TRANSLATION  ACCESS:          0 HIT:          0 MISS:          0 MSHR_MERGE:          0
cpu13->cpu13_L1I PREFETCH REQUESTED:   36748702 ISSUED:   35938601 USEFUL:     388875 USELESS:     537871
cpu13->cpu13_L1I AVERAGE MISS LATENCY: 9.692 cycles
cpu13->cpu13_L1D TOTAL        ACCESS:   62957982 HIT:   49036226 MISS:   13921756 MSHR_MERGE:    3341536
cpu13->cpu13_L1D LOAD         ACCESS:   41652677 HIT:   30300071 MISS:   11352606 MSHR_MERGE:    2185314
cpu13->cpu13_L1D RFO          ACCESS:          0 HIT:          0 MISS:          0 MSHR_MERGE:          0
cpu13->cpu13_L1D PREFETCH     ACCESS:    5426878 HIT:    4660340 MISS:     766538 MSHR_MERGE:     300044
cpu13->cpu13_L1D WRITE        ACCESS:   15216611 HIT:   14056988 MISS:    1159623 MSHR_MERGE:     855170
cpu13->cpu13_L1D TRANSLATION  ACCESS:     661816 HIT:      18827 MISS:     642989 MSHR_MERGE:       1008
cpu13->cpu13_L1D PREFETCH REQUESTED:    5894319 ISSUED:    5426878 USEFUL:     329937 USELESS:     128947
cpu13->cpu13_L1D AVERAGE MISS LATENCY: 20.42 cycles
cpu13->cpu13_ITLB TOTAL        ACCESS:   55365462 HIT:   55187564 MISS:     177898 MSHR_MERGE:      93345
cpu13->cpu13_ITLB LOAD         ACCESS:   55365462 HIT:   55187564 MISS:     177898 MSHR_MERGE:      93345
cpu13->cpu13_ITLB RFO          ACCESS:          0 HIT:          0 MISS:          0 MSHR_MERGE:          0
cpu13->cpu13_ITLB PREFETCH     ACCESS:          0 HIT:          0 MISS:          0 MSHR_MERGE:          0
cpu13->cpu13_ITLB WRITE        ACCESS:          0 HIT:          0 MISS:          0 MSHR_MERGE:          0
cpu13->cpu13_ITLB TRANSLATION  ACCESS:          0 HIT:          0 MISS:          0 MSHR_MERGE:          0
cpu13->cpu13_ITLB PREFETCH REQUESTED:          0 ISSUED:          0 USEFUL:          0 USELESS:          0
cpu13->cpu13_ITLB AVERAGE MISS LATENCY: 13.78 cycles
cpu13->cpu13_DTLB TOTAL        ACCESS:   54770741 HIT:   46006678 MISS:    8764063 MSHR_MERGE:    3127194
cpu13->cpu13_DTLB LOAD         ACCESS:   54770741 HIT:   46006678 MISS:    8764063 MSHR_MERGE:    3127194
cpu13->cpu13_DTLB RFO          ACCESS:          0 HIT:          0 MISS:          0 MSHR_MERGE:          0
cpu13->cpu13_DTLB PREFETCH     ACCESS:          0 HIT:          0 MISS:          0 MSHR_MERGE:          0
cpu13->cpu13_DTLB WRITE        ACCESS:          0 HIT:          0 MISS:          0 MSHR_MERGE:          0
cpu13->cpu13_DTLB TRANSLATION  ACCESS:          0 HIT:          0 MISS:          0 MSHR_MERGE:          0
cpu13->cpu13_DTLB PREFETCH REQUESTED:          0 ISSUED:          0 USEFUL:          0 USELESS:          0
cpu13->cpu13_DTLB AVERAGE MISS LATENCY: 10.29 cycles
cpu12->cpu12_STLB TOTAL        ACCESS:     961008 HIT:     958853 MISS:       2155 MSHR_MERGE:          0
cpu12->cpu12_STLB LOAD         ACCESS:     961008 HIT:     958853 MISS:       2155 MSHR_MERGE:          0
cpu12->cpu12_STLB RFO          ACCESS:          0 HIT:          0 MISS:          0 MSHR_MERGE:          0
cpu12->cpu12_STLB PREFETCH     ACCESS:          0 HIT:          0 MISS:          0 MSHR_MERGE:          0
cpu12->cpu12_STLB WRITE        ACCESS:          0 HIT:          0 MISS:          0 MSHR_MERGE:          0
cpu12->cpu12_STLB TRANSLATION  ACCESS:          0 HIT:          0 MISS:          0 MSHR_MERGE:          0
cpu12->cpu12_STLB PREFETCH REQUESTED:          0 ISSUED:          0 USEFUL:          0 USELESS:          0
cpu12->cpu12_STLB AVERAGE MISS LATENCY: 1050 cycles
cpu0->cpu12_L2C TOTAL        ACCESS:        127 HIT:         76 MISS:         51 MSHR_MERGE:          0
cpu0->cpu12_L2C LOAD         ACCESS:          0 HIT:          0 MISS:          0 MSHR_MERGE:          0
cpu0->cpu12_L2C RFO          ACCESS:          0 HIT:          0 MISS:          0 MSHR_MERGE:          0
cpu0->cpu12_L2C PREFETCH     ACCESS:          0 HIT:          0 MISS:          0 MSHR_MERGE:          0
cpu0->cpu12_L2C WRITE        ACCESS:        127 HIT:         76 MISS:         51 MSHR_MERGE:          0
cpu0->cpu12_L2C TRANSLATION  ACCESS:          0 HIT:          0 MISS:          0 MSHR_MERGE:          0
cpu0->cpu12_L2C PREFETCH REQUESTED:    2596576 ISSUED:    2129767 USEFUL:      33819 USELESS:       1470
cpu0->cpu12_L2C AVERAGE MISS LATENCY: 1.948e+05 cycles
cpu12->cpu12_L2C TOTAL        ACCESS:    2607133 HIT:    1824626 MISS:     782507 MSHR_MERGE:       2906
cpu12->cpu12_L2C LOAD         ACCESS:     288160 HIT:     237273 MISS:      50887 MSHR_MERGE:        487
cpu12->cpu12_L2C RFO          ACCESS:      66387 HIT:      53064 MISS:      13323 MSHR_MERGE:          0
cpu12->cpu12_L2C PREFETCH     ACCESS:    2150553 HIT:    1437110 MISS:     713443 MSHR_MERGE:       2419
cpu12->cpu12_L2C WRITE        ACCESS:      96830 HIT:      95927 MISS:        903 MSHR_MERGE:          0
cpu12->cpu12_L2C TRANSLATION  ACCESS:       5203 HIT:       1252 MISS:       3951 MSHR_MERGE:          0
cpu12->cpu12_L2C PREFETCH REQUESTED:    2596576 ISSUED:    2129767 USEFUL:      33819 USELESS:       1470
cpu12->cpu12_L2C AVERAGE MISS LATENCY: 143.8 cycles
cpu12_L2C FLUSH STALL CYCLES: 10252
cpu12->cpu12_L1I TOTAL        ACCESS:   57105044 HIT:   57104826 MISS:        218 MSHR_MERGE:        142
cpu12->cpu12_L1I LOAD         ACCESS:   28950320 HIT:   28950229 MISS:         91 MSHR_MERGE:         41
cpu12->cpu12_L1I RFO          ACCESS:          0 HIT:          0 MISS:          0 MSHR_MERGE:          0
cpu12->cpu12_L1I PREFETCH     ACCESS:   28154724 HIT:   28154597 MISS:        127 MSHR_MERGE:        101
cpu12->cpu12_L1I WRITE        ACCESS:          0 HIT:          0 MISS:          0 MSHR_MERGE:          0
cpu12->cpu12_L1I TRANSLATION  ACCESS:          0 HIT:          0 MISS:          0 MSHR_MERGE:          0
cpu12->cpu12_L1I PREFETCH REQUESTED:   28950323 ISSUED:   28154713 USEFUL:         24 USELESS:          0
cpu12->cpu12_L1I AVERAGE MISS LATENCY: 161.7 cycles
cpu12->cpu12_L1D TOTAL        ACCESS:  123793417 HIT:  123285778 MISS:     507639 MSHR_MERGE:     127128
cpu12->cpu12_L1D LOAD         ACCESS:   81086749 HIT:   80756572 MISS:     330177 MSHR_MERGE:      42060
cpu12->cpu12_L1D RFO          ACCESS:          0 HIT:          0 MISS:          0 MSHR_MERGE:          0
cpu12->cpu12_L1D PREFETCH     ACCESS:     119146 HIT:      97699 MISS:      21447 MSHR_MERGE:        686
cpu12->cpu12_L1D WRITE        ACCESS:   42581741 HIT:   42430941 MISS:     150800 MSHR_MERGE:      84370
cpu12->cpu12_L1D TRANSLATION  ACCESS:       5781 HIT:        566 MISS:       5215 MSHR_MERGE:         12
cpu12->cpu12_L1D PREFETCH REQUESTED:     168996 ISSUED:     119145 USEFUL:      19170 USELESS:        347
cpu12->cpu12_L1D AVERAGE MISS LATENCY: 37.76 cycles
cpu12_L1D FLUSH STALL CYCLES: 63
cpu12->cpu12_ITLB TOTAL        ACCESS:   43664012 HIT:   43664008 MISS:          4 MSHR_MERGE:          2
cpu12->cpu12_ITLB LOAD         ACCESS:   43664012 HIT:   43664008 MISS:          4 MSHR_MERGE:          2
cpu12->cpu12_ITLB RFO          ACCESS:          0 HIT:          0 MISS:          0 MSHR_MERGE:          0
cpu12->cpu12_ITLB PREFETCH     ACCESS:          0 HIT:          0 MISS:          0 MSHR_MERGE:          0
cpu12->cpu12_ITLB WRITE        ACCESS:          0 HIT:          0 MISS:          0 MSHR_MERGE:          0
cpu12->cpu12_ITLB TRANSLATION  ACCESS:          0 HIT:          0 MISS:          0 MSHR_MERGE:          0
cpu12->cpu12_ITLB PREFETCH REQUESTED:          0 ISSUED:          0 USEFUL:          0 USELESS:          0
cpu12->cpu12_ITLB AVERAGE MISS LATENCY: 848.5 cycles
cpu12->cpu12_DTLB TOTAL        ACCESS:  112668105 HIT:  111689004 MISS:     979101 MSHR_MERGE:      18095
cpu12->cpu12_DTLB LOAD         ACCESS:  112668105 HIT:  111689004 MISS:     979101 MSHR_MERGE:      18095
cpu12->cpu12_DTLB RFO          ACCESS:          0 HIT:          0 MISS:          0 MSHR_MERGE:          0
cpu12->cpu12_DTLB PREFETCH     ACCESS:          0 HIT:          0 MISS:          0 MSHR_MERGE:          0
cpu12->cpu12_DTLB WRITE        ACCESS:          0 HIT:          0 MISS:          0 MSHR_MERGE:          0
cpu12->cpu12_DTLB TRANSLATION  ACCESS:          0 HIT:          0 MISS:          0 MSHR_MERGE:          0
cpu12->cpu12_DTLB PREFETCH REQUESTED:          0 ISSUED:          0 USEFUL:          0 USELESS:          0
cpu12->cpu12_DTLB AVERAGE MISS LATENCY: 7.366 cycles
cpu11->cpu11_STLB TOTAL        ACCESS:   21348668 HIT:   21313843 MISS:      34825 MSHR_MERGE:          0
cpu11->cpu11_STLB LOAD         ACCESS:   21348668 HIT:   21313843 MISS:      34825 MSHR_MERGE:          0
cpu11->cpu11_STLB RFO          ACCESS:          0 HIT:          0 MISS:          0 MSHR_MERGE:          0
cpu11->cpu11_STLB PREFETCH     ACCESS:          0 HIT:          0 MISS:          0 MSHR_MERGE:          0
cpu11->cpu11_STLB WRITE        ACCESS:          0 HIT:          0 MISS:          0 MSHR_MERGE:          0
cpu11->cpu11_STLB TRANSLATION  ACCESS:          0 HIT:          0 MISS:          0 MSHR_MERGE:          0
cpu11->cpu11_STLB PREFETCH REQUESTED:          0 ISSUED:          0 USEFUL:          0 USELESS:          0
cpu11->cpu11_STLB AVERAGE MISS LATENCY: 815.5 cycles
cpu0->cpu11_L2C TOTAL        ACCESS:         28 HIT:         28 MISS:          0 MSHR_MERGE:          0
cpu0->cpu11_L2C LOAD         ACCESS:          0 HIT:          0 MISS:          0 MSHR_MERGE:          0
cpu0->cpu11_L2C RFO          ACCESS:          0 HIT:          0 MISS:          0 MSHR_MERGE:          0
cpu0->cpu11_L2C PREFETCH     ACCESS:          0 HIT:          0 MISS:          0 MSHR_MERGE:          0
cpu0->cpu11_L2C WRITE        ACCESS:         28 HIT:         28 MISS:          0 MSHR_MERGE:          0
cpu0->cpu11_L2C TRANSLATION  ACCESS:          0 HIT:          0 MISS:          0 MSHR_MERGE:          0
cpu0->cpu11_L2C PREFETCH REQUESTED:   26204185 ISSUED:   26184578 USEFUL:     561512 USELESS:     539222
cpu0->cpu11_L2C AVERAGE MISS LATENCY: - cycles
cpu11->cpu11_L2C TOTAL        ACCESS:   61328695 HIT:   43244077 MISS:   18084618 MSHR_MERGE:    1955541
cpu11->cpu11_L2C LOAD         ACCESS:   30914842 HIT:   22031832 MISS:    8883010 MSHR_MERGE:      19514
cpu11->cpu11_L2C RFO          ACCESS:    1554314 HIT:    1391480 MISS:     162834 MSHR_MERGE:          0
cpu11->cpu11_L2C PREFETCH     ACCESS:   26452619 HIT:   17590877 MISS:    8861742 MSHR_MERGE:    1936027
cpu11->cpu11_L2C WRITE        ACCESS:    2318650 HIT:    2209893 MISS:     108757 MSHR_MERGE:          0
cpu11->cpu11_L2C TRANSLATION  ACCESS:      88270 HIT:      19995 MISS:      68275 MSHR_MERGE:          0
cpu11->cpu11_L2C PREFETCH REQUESTED:   26204185 ISSUED:   26184578 USEFUL:     561512 USELESS:     539222
cpu11->cpu11_L2C AVERAGE MISS LATENCY: 49.86 cycles
cpu11_L2C FLUSH STALL CYCLES: 4337
cpu11->cpu11_L1I TOTAL        ACCESS:   95277504 HIT:   95130979 MISS:     146525 MSHR_MERGE:      88050
cpu11->cpu11_L1I LOAD         ACCESS:   49401759 HIT:   49303603 MISS:      98156 MSHR_MERGE:      49498
cpu11->cpu11_L1I RFO          ACCESS:          0 HIT:          0 MISS:          0 MSHR_MERGE:          0
cpu11->cpu11_L1I PREFETCH     ACCESS:   45875745 HIT:   45827376 MISS:      48369 MSHR_MERGE:      38552
cpu11->cpu11_L1I WRITE        ACCESS:          0 HIT:          0 MISS:          0 MSHR_MERGE:          0
cpu11->cpu11_L1I TRANSLATION  ACCESS:          0 HIT:          0 MISS:          0 MSHR_MERGE:          0
cpu11->cpu11_L1I PREFETCH REQUESTED:   49402012 ISSUED:   45875713 USEFUL:       8578 USELESS:       1227
cpu11->cpu11_L1I AVERAGE MISS LATENCY: 10.67 cycles
cpu11->cpu11_L1D TOTAL        ACCESS:   82249518 HIT:   45886463 MISS:   36363055 MSHR_MERGE:    3579086
cpu11->cpu11_L1D LOAD         ACCESS:   49410160 HIT:   15706634 MISS:   33703526 MSHR_MERGE:    2821595
cpu11->cpu11_L1D RFO          ACCESS:          0 HIT:          0 MISS:          0 MSHR_MERGE:          0
cpu11->cpu11_L1D PREFETCH     ACCESS:     354394 HIT:      72590 MISS:     281804 MSHR_MERGE:      23570
cpu11->cpu11_L1D WRITE        ACCESS:   32395963 HIT:   30106761 MISS:    2289202 MSHR_MERGE:     733668
cpu11->cpu11_L1D TRANSLATION  ACCESS:      89001 HIT:        478 MISS:      88523 MSHR_MERGE:        253
cpu11->cpu11_L1D PREFETCH REQUESTED:     354394 ISSUED:     354394 USEFUL:        904 USELESS:      63255
cpu11->cpu11_L1D AVERAGE MISS LATENCY: 24.62 cycles
cpu11->cpu11_ITLB TOTAL        ACCESS:   63022759 HIT:   63022642 MISS:        117 MSHR_MERGE:         64
cpu11->cpu11_ITLB LOAD         ACCESS:   63022759 HIT:   63022642 MISS:        117 MSHR_MERGE:         64
cpu11->cpu11_ITLB RFO          ACCESS:          0 HIT:          0 MISS:          0 MSHR_MERGE:          0
cpu11->cpu11_ITLB PREFETCH     ACCESS:          0 HIT:          0 MISS:          0 MSHR_MERGE:          0
cpu11->cpu11_ITLB WRITE        ACCESS:          0 HIT:          0 MISS:          0 MSHR_MERGE:          0
cpu11->cpu11_ITLB TRANSLATION  ACCESS:          0 HIT:          0 MISS:          0 MSHR_MERGE:          0
cpu11->cpu11_ITLB PREFETCH REQUESTED:          0 ISSUED:          0 USEFUL:          0 USELESS:          0
cpu11->cpu11_ITLB AVERAGE MISS LATENCY: 943.5 cycles
cpu11->cpu11_DTLB TOTAL        ACCESS:   76133662 HIT:   49140614 MISS:   26993048 MSHR_MERGE:    5644433
cpu11->cpu11_DTLB LOAD         ACCESS:   76133662 HIT:   49140614 MISS:   26993048 MSHR_MERGE:    5644433
cpu11->cpu11_DTLB RFO          ACCESS:          0 HIT:          0 MISS:          0 MSHR_MERGE:          0
cpu11->cpu11_DTLB PREFETCH     ACCESS:          0 HIT:          0 MISS:          0 MSHR_MERGE:          0
cpu11->cpu11_DTLB WRITE        ACCESS:          0 HIT:          0 MISS:          0 MSHR_MERGE:          0
cpu11->cpu11_DTLB TRANSLATION  ACCESS:          0 HIT:          0 MISS:          0 MSHR_MERGE:          0
cpu11->cpu11_DTLB PREFETCH REQUESTED:          0 ISSUED:          0 USEFUL:          0 USELESS:          0
cpu11->cpu11_DTLB AVERAGE MISS LATENCY: 6.405 cycles
cpu10->cpu10_STLB TOTAL        ACCESS:    5266861 HIT:    4973226 MISS:     293635 MSHR_MERGE:          0
cpu10->cpu10_STLB LOAD         ACCESS:    5266861 HIT:    4973226 MISS:     293635 MSHR_MERGE:          0
cpu10->cpu10_STLB RFO          ACCESS:          0 HIT:          0 MISS:          0 MSHR_MERGE:          0
cpu10->cpu10_STLB PREFETCH     ACCESS:          0 HIT:          0 MISS:          0 MSHR_MERGE:          0
cpu10->cpu10_STLB WRITE        ACCESS:          0 HIT:          0 MISS:          0 MSHR_MERGE:          0
cpu10->cpu10_STLB TRANSLATION  ACCESS:          0 HIT:          0 MISS:          0 MSHR_MERGE:          0
cpu10->cpu10_STLB PREFETCH REQUESTED:          0 ISSUED:          0 USEFUL:          0 USELESS:          0
cpu10->cpu10_STLB AVERAGE MISS LATENCY: 87.35 cycles
cpu0->cpu10_L2C TOTAL        ACCESS:         91 HIT:         90 MISS:          1 MSHR_MERGE:          0
cpu0->cpu10_L2C LOAD         ACCESS:          0 HIT:          0 MISS:          0 MSHR_MERGE:          0
cpu0->cpu10_L2C RFO          ACCESS:          0 HIT:          0 MISS:          0 MSHR_MERGE:          0
cpu0->cpu10_L2C PREFETCH     ACCESS:          0 HIT:          0 MISS:          0 MSHR_MERGE:          0
cpu0->cpu10_L2C WRITE        ACCESS:         91 HIT:         90 MISS:          1 MSHR_MERGE:          0
cpu0->cpu10_L2C TRANSLATION  ACCESS:          0 HIT:          0 MISS:          0 MSHR_MERGE:          0
cpu0->cpu10_L2C PREFETCH REQUESTED:   13386225 ISSUED:   13385925 USEFUL:       1314 USELESS:       4570
cpu0->cpu10_L2C AVERAGE MISS LATENCY: 1.61e+08 cycles
cpu10->cpu10_L2C TOTAL        ACCESS:   26534395 HIT:   22587721 MISS:    3946674 MSHR_MERGE:      23065
cpu10->cpu10_L2C LOAD         ACCESS:   10144484 HIT:   10044328 MISS:     100156 MSHR_MERGE:        197
cpu10->cpu10_L2C RFO          ACCESS:     462298 HIT:      86446 MISS:     375852 MSHR_MERGE:        151
cpu10->cpu10_L2C PREFETCH     ACCESS:   14705356 HIT:   11323744 MISS:    3381612 MSHR_MERGE:      22717
cpu10->cpu10_L2C WRITE        ACCESS:     657037 HIT:     624096 MISS:      32941 MSHR_MERGE:          0
cpu10->cpu10_L2C TRANSLATION  ACCESS:     565220 HIT:     509107 MISS:      56113 MSHR_MERGE:          0
cpu10->cpu10_L2C PREFETCH REQUESTED:   13386225 ISSUED:   13385925 USEFUL:       1314 USELESS:       4570
cpu10->cpu10_L2C AVERAGE MISS LATENCY: 285 cycles
cpu10_L2C FLUSH STALL CYCLES: 27992
cpu10->cpu10_L1I TOTAL        ACCESS:   80925326 HIT:   77891344 MISS:    3033982 MSHR_MERGE:    1079808
cpu10->cpu10_L1I LOAD         ACCESS:   40937985 HIT:   39351886 MISS:    1586099 MSHR_MERGE:     546474
cpu10->cpu10_L1I RFO          ACCESS:          0 HIT:          0 MISS:          0 MSHR_MERGE:          0
cpu10->cpu10_L1I PREFETCH     ACCESS:   39987341 HIT:   38539458 MISS:    1447883 MSHR_MERGE:     533334
cpu10->cpu10_L1I WRITE        ACCESS:          0 HIT:          0 MISS:          0 MSHR_MERGE:          0
cpu10->cpu10_L1I TRANSLATION  ACCESS:          0 HIT:          0 MISS:          0 MSHR_MERGE:          0
cpu10->cpu10_L1I PREFETCH REQUESTED:   40942188 ISSUED:   39987309 USEFUL:     387786 USELESS:     526725
cpu10->cpu10_L1I AVERAGE MISS LATENCY: 9.475 cycles
cpu10->cpu10_L1D TOTAL        ACCESS:   59599663 HIT:   43519341 MISS:   16080322 MSHR_MERGE:    5542979
cpu10->cpu10_L1D LOAD         ACCESS:   39184600 HIT:   26031215 MISS:   13153385 MSHR_MERGE:    4048519
cpu10->cpu10_L1D RFO          ACCESS:          0 HIT:          0 MISS:          0 MSHR_MERGE:          0
cpu10->cpu10_L1D PREFETCH     ACCESS:    4878547 HIT:    4291975 MISS:     586572 MSHR_MERGE:     181616
cpu10->cpu10_L1D WRITE        ACCESS:   14947482 HIT:   13173535 MISS:    1773947 MSHR_MERGE:    1311646
cpu10->cpu10_L1D TRANSLATION  ACCESS:     589034 HIT:      22616 MISS:     566418 MSHR_MERGE:       1198
cpu10->cpu10_L1D PREFETCH REQUESTED:    6574020 ISSUED:    4878547 USEFUL:     275374 USELESS:     112021
cpu10->cpu10_L1D AVERAGE MISS LATENCY: 25.89 cycles
cpu10_L1D FLUSH STALL CYCLES: 27
cpu10->cpu10_ITLB TOTAL        ACCESS:   60092691 HIT:   59931985 MISS:     160706 MSHR_MERGE:      83553
cpu10->cpu10_ITLB LOAD         ACCESS:   60092691 HIT:   59931985 MISS:     160706 MSHR_MERGE:      83553
cpu10->cpu10_ITLB RFO          ACCESS:          0 HIT:          0 MISS:          0 MSHR_MERGE:          0
cpu10->cpu10_ITLB PREFETCH     ACCESS:          0 HIT:          0 MISS:          0 MSHR_MERGE:          0
cpu10->cpu10_ITLB WRITE        ACCESS:          0 HIT:          0 MISS:          0 MSHR_MERGE:          0
cpu10->cpu10_ITLB TRANSLATION  ACCESS:          0 HIT:          0 MISS:          0 MSHR_MERGE:          0
cpu10->cpu10_ITLB PREFETCH REQUESTED:          0 ISSUED:          0 USEFUL:          0 USELESS:          0
cpu10->cpu10_ITLB AVERAGE MISS LATENCY: 10.86 cycles
cpu10->cpu10_DTLB TOTAL        ACCESS:   52118626 HIT:   44013356 MISS:    8105270 MSHR_MERGE:    2915562
cpu10->cpu10_DTLB LOAD         ACCESS:   52118626 HIT:   44013356 MISS:    8105270 MSHR_MERGE:    2915562
cpu10->cpu10_DTLB RFO          ACCESS:          0 HIT:          0 MISS:          0 MSHR_MERGE:          0
cpu10->cpu10_DTLB PREFETCH     ACCESS:          0 HIT:          0 MISS:          0 MSHR_MERGE:          0
cpu10->cpu10_DTLB WRITE        ACCESS:          0 HIT:          0 MISS:          0 MSHR_MERGE:          0
cpu10->cpu10_DTLB TRANSLATION  ACCESS:          0 HIT:          0 MISS:          0 MSHR_MERGE:          0
cpu10->cpu10_DTLB PREFETCH REQUESTED:          0 ISSUED:          0 USEFUL:          0 USELESS:          0
cpu10->cpu10_DTLB AVERAGE MISS LATENCY: 9.912 cycles
cpu0->cpu0_STLB TOTAL        ACCESS:       2008 HIT:         63 MISS:       1945 MSHR_MERGE:          0
cpu0->cpu0_STLB LOAD         ACCESS:       2008 HIT:         63 MISS:       1945 MSHR_MERGE:          0
cpu0->cpu0_STLB RFO          ACCESS:          0 HIT:          0 MISS:          0 MSHR_MERGE:          0
cpu0->cpu0_STLB PREFETCH     ACCESS:          0 HIT:          0 MISS:          0 MSHR_MERGE:          0
cpu0->cpu0_STLB WRITE        ACCESS:          0 HIT:          0 MISS:          0 MSHR_MERGE:          0
cpu0->cpu0_STLB TRANSLATION  ACCESS:          0 HIT:          0 MISS:          0 MSHR_MERGE:          0
cpu0->cpu0_STLB PREFETCH REQUESTED:          0 ISSUED:          0 USEFUL:          0 USELESS:          0
cpu0->cpu0_STLB AVERAGE MISS LATENCY: 870.6 cycles
cpu0->cpu0_L2C TOTAL        ACCESS:     274625 HIT:      80475 MISS:     194150 MSHR_MERGE:       7770
cpu0->cpu0_L2C LOAD         ACCESS:       2513 HIT:       1862 MISS:        651 MSHR_MERGE:          8
cpu0->cpu0_L2C RFO          ACCESS:     113589 HIT:       1557 MISS:     112032 MSHR_MERGE:          0
cpu0->cpu0_L2C PREFETCH     ACCESS:      41118 HIT:      14459 MISS:      26659 MSHR_MERGE:       7762
cpu0->cpu0_L2C WRITE        ACCESS:     115134 HIT:      62565 MISS:      52569 MSHR_MERGE:          0
cpu0->cpu0_L2C TRANSLATION  ACCESS:       2271 HIT:         32 MISS:       2239 MSHR_MERGE:          0
cpu0->cpu0_L2C PREFETCH REQUESTED:      19655 ISSUED:      19655 USEFUL:         83 USELESS:          8
cpu0->cpu0_L2C AVERAGE MISS LATENCY: 270.5 cycles
cpu0_L2C FLUSH STALL CYCLES: 29540
cpu0->cpu0_L1I TOTAL        ACCESS:   41571952 HIT:   41571951 MISS:          1 MSHR_MERGE:          0
cpu0->cpu0_L1I LOAD         ACCESS:   24316218 HIT:   24316218 MISS:          0 MSHR_MERGE:          0
cpu0->cpu0_L1I RFO          ACCESS:          0 HIT:          0 MISS:          0 MSHR_MERGE:          0
cpu0->cpu0_L1I PREFETCH     ACCESS:   17255734 HIT:   17255733 MISS:          1 MSHR_MERGE:          0
cpu0->cpu0_L1I WRITE        ACCESS:          0 HIT:          0 MISS:          0 MSHR_MERGE:          0
cpu0->cpu0_L1I TRANSLATION  ACCESS:          0 HIT:          0 MISS:          0 MSHR_MERGE:          0
cpu0->cpu0_L1I PREFETCH REQUESTED:   24316218 ISSUED:   17255734 USEFUL:          0 USELESS:          0
cpu0->cpu0_L1I AVERAGE MISS LATENCY: - cycles
cpu0->cpu0_L1D TOTAL        ACCESS:  139138930 HIT:  138259985 MISS:     878945 MSHR_MERGE:     739051
cpu0->cpu0_L1D LOAD         ACCESS:  112564176 HIT:  112559423 MISS:       4753 MSHR_MERGE:       2240
cpu0->cpu0_L1D RFO          ACCESS:          0 HIT:          0 MISS:          0 MSHR_MERGE:          0
cpu0->cpu0_L1D PREFETCH     ACCESS:     760568 HIT:     737070 MISS:      23498 MSHR_MERGE:       2023
cpu0->cpu0_L1D WRITE        ACCESS:   25810293 HIT:   24961870 MISS:     848423 MSHR_MERGE:     734788
cpu0->cpu0_L1D TRANSLATION  ACCESS:       3893 HIT:       1622 MISS:       2271 MSHR_MERGE:          0
cpu0->cpu0_L1D PREFETCH REQUESTED:     760568 ISSUED:     760568 USEFUL:      11051 USELESS:        122
cpu0->cpu0_L1D AVERAGE MISS LATENCY: 390.4 cycles
cpu0_L1D FLUSH STALL CYCLES: 574
cpu0->cpu0_ITLB TOTAL        ACCESS:   30692909 HIT:   30692909 MISS:          0 MSHR_MERGE:          0
cpu0->cpu0_ITLB LOAD         ACCESS:   30692909 HIT:   30692909 MISS:          0 MSHR_MERGE:          0
cpu0->cpu0_ITLB RFO          ACCESS:          0 HIT:          0 MISS:          0 MSHR_MERGE:          0
cpu0->cpu0_ITLB PREFETCH     ACCESS:          0 HIT:          0 MISS:          0 MSHR_MERGE:          0
cpu0->cpu0_ITLB WRITE        ACCESS:          0 HIT:          0 MISS:          0 MSHR_MERGE:          0
cpu0->cpu0_ITLB TRANSLATION  ACCESS:          0 HIT:          0 MISS:          0 MSHR_MERGE:          0
cpu0->cpu0_ITLB PREFETCH REQUESTED:          0 ISSUED:          0 USEFUL:          0 USELESS:          0
cpu0->cpu0_ITLB AVERAGE MISS LATENCY: - cycles
cpu0->cpu0_DTLB TOTAL        ACCESS:  129056126 HIT:  129033433 MISS:      22693 MSHR_MERGE:      20685
cpu0->cpu0_DTLB LOAD         ACCESS:  129056126 HIT:  129033433 MISS:      22693 MSHR_MERGE:      20685
cpu0->cpu0_DTLB RFO          ACCESS:          0 HIT:          0 MISS:          0 MSHR_MERGE:          0
cpu0->cpu0_DTLB PREFETCH     ACCESS:          0 HIT:          0 MISS:          0 MSHR_MERGE:          0
cpu0->cpu0_DTLB WRITE        ACCESS:          0 HIT:          0 MISS:          0 MSHR_MERGE:          0
cpu0->cpu0_DTLB TRANSLATION  ACCESS:          0 HIT:          0 MISS:          0 MSHR_MERGE:          0
cpu0->cpu0_DTLB PREFETCH REQUESTED:          0 ISSUED:          0 USEFUL:          0 USELESS:          0
cpu0->cpu0_DTLB AVERAGE MISS LATENCY: 849.3 cycles
cpu0->LLC TOTAL        ACCESS:     755174 HIT:      88925 MISS:     666249 MSHR_MERGE:       1418
cpu0->LLC LOAD         ACCESS:        643 HIT:        231 MISS:        412 MSHR_MERGE:         11
cpu0->LLC RFO          ACCESS:     112032 HIT:        140 MISS:     111892 MSHR_MERGE:          1
cpu0->LLC PREFETCH     ACCESS:      18897 HIT:       5247 MISS:      13650 MSHR_MERGE:       1406
cpu0->LLC WRITE        ACCESS:     621363 HIT:      83295 MISS:     538068 MSHR_MERGE:          0
cpu0->LLC TRANSLATION  ACCESS:       2239 HIT:         12 MISS:       2227 MSHR_MERGE:          0
cpu0->LLC PREFETCH REQUESTED:          0 ISSUED:          0 USEFUL:          0 USELESS:          0
cpu0->LLC AVERAGE MISS LATENCY: 3639 cycles
cpu1->LLC TOTAL        ACCESS:      33841 HIT:      20048 MISS:      13793 MSHR_MERGE:       1576
cpu1->LLC LOAD         ACCESS:       1062 HIT:         46 MISS:       1016 MSHR_MERGE:          3
cpu1->LLC RFO          ACCESS:        818 HIT:        122 MISS:        696 MSHR_MERGE:         16
cpu1->LLC PREFETCH     ACCESS:      31404 HIT:      19880 MISS:      11524 MSHR_MERGE:       1557
cpu1->LLC WRITE        ACCESS:          0 HIT:          0 MISS:          0 MSHR_MERGE:          0
cpu1->LLC TRANSLATION  ACCESS:        557 HIT:          0 MISS:        557 MSHR_MERGE:          0
cpu1->LLC PREFETCH REQUESTED:          0 ISSUED:          0 USEFUL:          0 USELESS:          0
cpu1->LLC AVERAGE MISS LATENCY: 1.047e+06 cycles
cpu2->LLC TOTAL        ACCESS:      21537 HIT:      10521 MISS:      11016 MSHR_MERGE:         17
cpu2->LLC LOAD         ACCESS:       2052 HIT:         76 MISS:       1976 MSHR_MERGE:          2
cpu2->LLC RFO          ACCESS:         10 HIT:          2 MISS:          8 MSHR_MERGE:          0
cpu2->LLC PREFETCH     ACCESS:      18105 HIT:      10408 MISS:       7697 MSHR_MERGE:         15
cpu2->LLC WRITE        ACCESS:        534 HIT:         34 MISS:        500 MSHR_MERGE:          0
cpu2->LLC TRANSLATION  ACCESS:        836 HIT:          1 MISS:        835 MSHR_MERGE:          0
cpu2->LLC PREFETCH REQUESTED:          0 ISSUED:          0 USEFUL:          0 USELESS:          0
cpu2->LLC AVERAGE MISS LATENCY: 7.155e+05 cycles
cpu3->LLC TOTAL        ACCESS:      37123 HIT:         18 MISS:      37105 MSHR_MERGE:          0
cpu3->LLC LOAD         ACCESS:          7 HIT:          0 MISS:          7 MSHR_MERGE:          0
cpu3->LLC RFO          ACCESS:      31093 HIT:          1 MISS:      31092 MSHR_MERGE:          0
cpu3->LLC PREFETCH     ACCESS:         18 HIT:          0 MISS:         18 MSHR_MERGE:          0
cpu3->LLC WRITE        ACCESS:       4075 HIT:         17 MISS:       4058 MSHR_MERGE:          0
cpu3->LLC TRANSLATION  ACCESS:       1930 HIT:          0 MISS:       1930 MSHR_MERGE:          0
cpu3->LLC PREFETCH REQUESTED:          0 ISSUED:          0 USEFUL:          0 USELESS:          0
cpu3->LLC AVERAGE MISS LATENCY: 6.403e+04 cycles
cpu4->LLC TOTAL        ACCESS:    9576362 HIT:    8261779 MISS:    1314583 MSHR_MERGE:     472819
cpu4->LLC LOAD         ACCESS:     220405 HIT:     201958 MISS:      18447 MSHR_MERGE:        444
cpu4->LLC RFO          ACCESS:         31 HIT:          1 MISS:         30 MSHR_MERGE:          0
cpu4->LLC PREFETCH     ACCESS:    9341135 HIT:    8059797 MISS:    1281338 MSHR_MERGE:     472375
cpu4->LLC WRITE        ACCESS:        108 HIT:         23 MISS:         85 MSHR_MERGE:          0
cpu4->LLC TRANSLATION  ACCESS:      14683 HIT:          0 MISS:      14683 MSHR_MERGE:          0
cpu4->LLC PREFETCH REQUESTED:          0 ISSUED:          0 USEFUL:          0 USELESS:          0
cpu4->LLC AVERAGE MISS LATENCY: 7.143e+04 cycles
cpu5->LLC TOTAL        ACCESS:     789139 HIT:     136528 MISS:     652611 MSHR_MERGE:       2427
cpu5->LLC LOAD         ACCESS:     211855 HIT:      34557 MISS:     177298 MSHR_MERGE:       1810
cpu5->LLC RFO          ACCESS:      84407 HIT:       1364 MISS:      83043 MSHR_MERGE:          3
cpu5->LLC PREFETCH     ACCESS:      77868 HIT:      34101 MISS:      43767 MSHR_MERGE:        614
cpu5->LLC WRITE        ACCESS:     208234 HIT:      30687 MISS:     177547 MSHR_MERGE:          0
cpu5->LLC TRANSLATION  ACCESS:     206775 HIT:      35819 MISS:     170956 MSHR_MERGE:          0
cpu5->LLC PREFETCH REQUESTED:          0 ISSUED:          0 USEFUL:          0 USELESS:          0
cpu5->LLC AVERAGE MISS LATENCY: 3900 cycles
cpu6->LLC TOTAL        ACCESS:     255382 HIT:      46349 MISS:     209033 MSHR_MERGE:       6538
cpu6->LLC LOAD         ACCESS:       1116 HIT:        593 MISS:        523 MSHR_MERGE:         63
cpu6->LLC RFO          ACCESS:      97430 HIT:        145 MISS:      97285 MSHR_MERGE:          1
cpu6->LLC PREFETCH     ACCESS:      52372 HIT:      25641 MISS:      26731 MSHR_MERGE:       6474
cpu6->LLC WRITE        ACCESS:     102129 HIT:      19970 MISS:      82159 MSHR_MERGE:          0
cpu6->LLC TRANSLATION  ACCESS:       2335 HIT:          0 MISS:       2335 MSHR_MERGE:          0
cpu6->LLC PREFETCH REQUESTED:          0 ISSUED:          0 USEFUL:          0 USELESS:          0
cpu6->LLC AVERAGE MISS LATENCY: 1.303e+04 cycles
cpu7->LLC TOTAL        ACCESS:      52522 HIT:      27188 MISS:      25334 MSHR_MERGE:       3520
cpu7->LLC LOAD         ACCESS:       6048 HIT:       3259 MISS:       2789 MSHR_MERGE:        198
cpu7->LLC RFO          ACCESS:       7593 HIT:        178 MISS:       7415 MSHR_MERGE:          0
cpu7->LLC PREFETCH     ACCESS:      37740 HIT:      23735 MISS:      14005 MSHR_MERGE:       3322
cpu7->LLC WRITE        ACCESS:         29 HIT:         16 MISS:         13 MSHR_MERGE:          0
cpu7->LLC TRANSLATION  ACCESS:       1112 HIT:          0 MISS:       1112 MSHR_MERGE:          0
cpu7->LLC PREFETCH REQUESTED:          0 ISSUED:          0 USEFUL:          0 USELESS:          0
cpu7->LLC AVERAGE MISS LATENCY: 2.096e+05 cycles
cpu8->LLC TOTAL        ACCESS:     237799 HIT:      65449 MISS:     172350 MSHR_MERGE:        757
cpu8->LLC LOAD         ACCESS:      24018 HIT:      16821 MISS:       7197 MSHR_MERGE:        384
cpu8->LLC RFO          ACCESS:      81517 HIT:         60 MISS:      81457 MSHR_MERGE:         40
cpu8->LLC PREFETCH     ACCESS:      62582 HIT:      47412 MISS:      15170 MSHR_MERGE:        333
cpu8->LLC WRITE        ACCESS:      67907 HIT:       1129 MISS:      66778 MSHR_MERGE:          0
cpu8->LLC TRANSLATION  ACCESS:       1775 HIT:         27 MISS:       1748 MSHR_MERGE:          0
cpu8->LLC PREFETCH REQUESTED:          0 ISSUED:          0 USEFUL:          0 USELESS:          0
cpu8->LLC AVERAGE MISS LATENCY: 1.511e+04 cycles
cpu9->LLC TOTAL        ACCESS:      23280 HIT:      20586 MISS:       2694 MSHR_MERGE:        835
cpu9->LLC LOAD         ACCESS:        228 HIT:         89 MISS:        139 MSHR_MERGE:          7
cpu9->LLC RFO          ACCESS:         51 HIT:          3 MISS:         48 MSHR_MERGE:          0
cpu9->LLC PREFETCH     ACCESS:      22941 HIT:      20494 MISS:       2447 MSHR_MERGE:        828
cpu9->LLC WRITE        ACCESS:          0 HIT:          0 MISS:          0 MSHR_MERGE:          0
cpu9->LLC TRANSLATION  ACCESS:         60 HIT:          0 MISS:         60 MSHR_MERGE:          0
cpu9->LLC PREFETCH REQUESTED:          0 ISSUED:          0 USEFUL:          0 USELESS:          0
cpu9->LLC AVERAGE MISS LATENCY: 9.614e+06 cycles
cpu10->LLC TOTAL        ACCESS:    4293874 HIT:    3383554 MISS:     910320 MSHR_MERGE:       4983
cpu10->LLC LOAD         ACCESS:      99959 HIT:      72280 MISS:      27679 MSHR_MERGE:        521
cpu10->LLC RFO          ACCESS:     375701 HIT:      17896 MISS:     357805 MSHR_MERGE:       2246
cpu10->LLC PREFETCH     ACCESS:    3352491 HIT:    3230880 MISS:     121611 MSHR_MERGE:       2216
cpu10->LLC WRITE        ACCESS:     409610 HIT:      50020 MISS:     359590 MSHR_MERGE:          0
cpu10->LLC TRANSLATION  ACCESS:      56113 HIT:      12478 MISS:      43635 MSHR_MERGE:          0
cpu10->LLC PREFETCH REQUESTED:          0 ISSUED:          0 USEFUL:          0 USELESS:          0
cpu10->LLC AVERAGE MISS LATENCY: 3011 cycles
cpu11->LLC TOTAL        ACCESS:   16369347 HIT:   13695399 MISS:    2673948 MSHR_MERGE:       7963
cpu11->LLC LOAD         ACCESS:    8863047 HIT:    8340425 MISS:     522622 MSHR_MERGE:       3228
cpu11->LLC RFO          ACCESS:     162719 HIT:     161376 MISS:       1343 MSHR_MERGE:          0
cpu11->LLC PREFETCH     ACCESS:    6921302 HIT:    4859119 MISS:    2062183 MSHR_MERGE:       4735
cpu11->LLC WRITE        ACCESS:     354004 HIT:     320493 MISS:      33511 MSHR_MERGE:          0
cpu11->LLC TRANSLATION  ACCESS:      68275 HIT:      13986 MISS:      54289 MSHR_MERGE:          0
cpu11->LLC PREFETCH REQUESTED:          0 ISSUED:          0 USEFUL:          0 USELESS:          0
cpu11->LLC AVERAGE MISS LATENCY: 3882 cycles
cpu12->LLC TOTAL        ACCESS:     559130 HIT:     403658 MISS:     155472 MSHR_MERGE:      37944
cpu12->LLC LOAD         ACCESS:      50400 HIT:      41934 MISS:       8466 MSHR_MERGE:        136
cpu12->LLC RFO          ACCESS:      13323 HIT:       2465 MISS:      10858 MSHR_MERGE:          1
cpu12->LLC PREFETCH     ACCESS:     485684 HIT:     357476 MISS:     128208 MSHR_MERGE:      37807
cpu12->LLC WRITE        ACCESS:       5772 HIT:       1587 MISS:       4185 MSHR_MERGE:          0
cpu12->LLC TRANSLATION  ACCESS:       3951 HIT:        196 MISS:       3755 MSHR_MERGE:          0
cpu12->LLC PREFETCH REQUESTED:          0 ISSUED:          0 USEFUL:          0 USELESS:          0
cpu12->LLC AVERAGE MISS LATENCY: 8.71e+04 cycles
cpu13->LLC TOTAL        ACCESS:    4405069 HIT:    3793689 MISS:     611380 MSHR_MERGE:       4348
cpu13->LLC LOAD         ACCESS:      70424 HIT:      41231 MISS:      29193 MSHR_MERGE:        630
cpu13->LLC RFO          ACCESS:     209598 HIT:      17561 MISS:     192037 MSHR_MERGE:       1755
cpu13->LLC PREFETCH     ACCESS:    3807397 HIT:    3676932 MISS:     130465 MSHR_MERGE:       1963
cpu13->LLC WRITE        ACCESS:     236007 HIT:      32267 MISS:     203740 MSHR_MERGE:          0
cpu13->LLC TRANSLATION  ACCESS:      81643 HIT:      25698 MISS:      55945 MSHR_MERGE:          0
cpu13->LLC PREFETCH REQUESTED:          0 ISSUED:          0 USEFUL:          0 USELESS:          0
cpu13->LLC AVERAGE MISS LATENCY: 4938 cycles
cpu14->LLC TOTAL        ACCESS:     242868 HIT:      71443 MISS:     171425 MSHR_MERGE:        743
cpu14->LLC LOAD         ACCESS:      22468 HIT:      15346 MISS:       7122 MSHR_MERGE:        365
cpu14->LLC RFO          ACCESS:      81682 HIT:        121 MISS:      81561 MSHR_MERGE:         55
cpu14->LLC PREFETCH     ACCESS:      68933 HIT:      54076 MISS:      14857 MSHR_MERGE:        323
cpu14->LLC WRITE        ACCESS:      68009 HIT:       1873 MISS:      66136 MSHR_MERGE:          0
cpu14->LLC TRANSLATION  ACCESS:       1776 HIT:         27 MISS:       1749 MSHR_MERGE:          0
cpu14->LLC PREFETCH REQUESTED:          0 ISSUED:          0 USEFUL:          0 USELESS:          0
cpu14->LLC AVERAGE MISS LATENCY: 1.517e+04 cycles
cpu15->LLC TOTAL        ACCESS:    3534175 HIT:    2326738 MISS:    1207437 MSHR_MERGE:     528010
cpu15->LLC LOAD         ACCESS:     355555 HIT:     289255 MISS:      66300 MSHR_MERGE:      22003
cpu15->LLC RFO          ACCESS:      93131 HIT:       8726 MISS:      84405 MSHR_MERGE:          1
cpu15->LLC PREFETCH     ACCESS:    2876203 HIT:    1906278 MISS:     969925 MSHR_MERGE:     506006
cpu15->LLC WRITE        ACCESS:     190242 HIT:     122386 MISS:      67856 MSHR_MERGE:          0
cpu15->LLC TRANSLATION  ACCESS:      19044 HIT:         93 MISS:      18951 MSHR_MERGE:          0
cpu15->LLC PREFETCH REQUESTED:          0 ISSUED:          0 USEFUL:          0 USELESS:          0
cpu15->LLC AVERAGE MISS LATENCY: 9998 cycles
cpu16->LLC TOTAL        ACCESS:    7914873 HIT:    7854110 MISS:      60763 MSHR_MERGE:      11011
cpu16->LLC LOAD         ACCESS:       1632 HIT:        752 MISS:        880 MSHR_MERGE:         64
cpu16->LLC RFO          ACCESS:        299 HIT:          0 MISS:        299 MSHR_MERGE:          0
cpu16->LLC PREFETCH     ACCESS:    7911792 HIT:    7853358 MISS:      58434 MSHR_MERGE:      10947
cpu16->LLC WRITE        ACCESS:         70 HIT:          0 MISS:         70 MSHR_MERGE:          0
cpu16->LLC TRANSLATION  ACCESS:       1080 HIT:          0 MISS:       1080 MSHR_MERGE:          0
cpu16->LLC PREFETCH REQUESTED:          0 ISSUED:          0 USEFUL:          0 USELESS:          0
cpu16->LLC AVERAGE MISS LATENCY: 1.02e+06 cycles
cpu17->LLC TOTAL        ACCESS:      34401 HIT:      20500 MISS:      13901 MSHR_MERGE:       1627
cpu17->LLC LOAD         ACCESS:       1062 HIT:         44 MISS:       1018 MSHR_MERGE:          3
cpu17->LLC RFO          ACCESS:        806 HIT:        113 MISS:        693 MSHR_MERGE:         18
cpu17->LLC PREFETCH     ACCESS:      31976 HIT:      20343 MISS:      11633 MSHR_MERGE:       1606
cpu17->LLC WRITE        ACCESS:          0 HIT:          0 MISS:          0 MSHR_MERGE:          0
cpu17->LLC TRANSLATION  ACCESS:        557 HIT:          0 MISS:        557 MSHR_MERGE:          0
cpu17->LLC PREFETCH REQUESTED:          0 ISSUED:          0 USEFUL:          0 USELESS:          0
cpu17->LLC AVERAGE MISS LATENCY: 1.047e+06 cycles
cpu18->LLC TOTAL        ACCESS:     156422 HIT:      80060 MISS:      76362 MSHR_MERGE:      23737
cpu18->LLC LOAD         ACCESS:       8083 HIT:       3741 MISS:       4342 MSHR_MERGE:        544
cpu18->LLC RFO          ACCESS:      21434 HIT:        249 MISS:      21185 MSHR_MERGE:         11
cpu18->LLC PREFETCH     ACCESS:     120961 HIT:      74012 MISS:      46949 MSHR_MERGE:      23182
cpu18->LLC WRITE        ACCESS:       3921 HIT:       2058 MISS:       1863 MSHR_MERGE:          0
cpu18->LLC TRANSLATION  ACCESS:       2023 HIT:          0 MISS:       2023 MSHR_MERGE:          0
cpu18->LLC PREFETCH REQUESTED:          0 ISSUED:          0 USEFUL:          0 USELESS:          0
cpu18->LLC AVERAGE MISS LATENCY: 8.073e+04 cycles
cpu19->LLC TOTAL        ACCESS:    1649842 HIT:     938339 MISS:     711503 MSHR_MERGE:     388228
cpu19->LLC LOAD         ACCESS:      55694 HIT:      40766 MISS:      14928 MSHR_MERGE:       6122
cpu19->LLC RFO          ACCESS:     105757 HIT:      14111 MISS:      91646 MSHR_MERGE:          0
cpu19->LLC PREFETCH     ACCESS:    1387581 HIT:     853388 MISS:     534193 MSHR_MERGE:     382106
cpu19->LLC WRITE        ACCESS:      94398 HIT:      30073 MISS:      64325 MSHR_MERGE:          0
cpu19->LLC TRANSLATION  ACCESS:       6412 HIT:          1 MISS:       6411 MSHR_MERGE:          0
cpu19->LLC PREFETCH REQUESTED:          0 ISSUED:          0 USEFUL:          0 USELESS:          0
cpu19->LLC AVERAGE MISS LATENCY: 1.339e+04 cycles
cpu20->LLC TOTAL        ACCESS:     425118 HIT:     247804 MISS:     177314 MSHR_MERGE:      81596
cpu20->LLC LOAD         ACCESS:      24897 HIT:      18233 MISS:       6664 MSHR_MERGE:       2901
cpu20->LLC RFO          ACCESS:       8650 HIT:       6092 MISS:       2558 MSHR_MERGE:          0
cpu20->LLC PREFETCH     ACCESS:     359969 HIT:     220712 MISS:     139257 MSHR_MERGE:      78695
cpu20->LLC WRITE        ACCESS:      30203 HIT:       2764 MISS:      27439 MSHR_MERGE:          0
cpu20->LLC TRANSLATION  ACCESS:       1399 HIT:          3 MISS:       1396 MSHR_MERGE:          0
cpu20->LLC PREFETCH REQUESTED:          0 ISSUED:          0 USEFUL:          0 USELESS:          0
cpu20->LLC AVERAGE MISS LATENCY: 6.24e+04 cycles
cpu21->LLC TOTAL        ACCESS:       8506 HIT:       4304 MISS:       4202 MSHR_MERGE:       1749
cpu21->LLC LOAD         ACCESS:        573 HIT:        128 MISS:        445 MSHR_MERGE:         57
cpu21->LLC RFO          ACCESS:         56 HIT:          0 MISS:         56 MSHR_MERGE:          0
cpu21->LLC PREFETCH     ACCESS:       7818 HIT:       4176 MISS:       3642 MSHR_MERGE:       1692
cpu21->LLC WRITE        ACCESS:          0 HIT:          0 MISS:          0 MSHR_MERGE:          0
cpu21->LLC TRANSLATION  ACCESS:         59 HIT:          0 MISS:         59 MSHR_MERGE:          0
cpu21->LLC PREFETCH REQUESTED:          0 ISSUED:          0 USEFUL:          0 USELESS:          0
cpu21->LLC AVERAGE MISS LATENCY: 4.24e+06 cycles
cpu22->LLC TOTAL        ACCESS:    4125088 HIT:    3217395 MISS:     907693 MSHR_MERGE:       5040
cpu22->LLC LOAD         ACCESS:      98756 HIT:      69884 MISS:      28872 MSHR_MERGE:        500
cpu22->LLC RFO          ACCESS:     374039 HIT:      18424 MISS:     355615 MSHR_MERGE:       2266
cpu22->LLC PREFETCH     ACCESS:    3186749 HIT:    3064923 MISS:     121826 MSHR_MERGE:       2274
cpu22->LLC WRITE        ACCESS:     408018 HIT:      50436 MISS:     357582 MSHR_MERGE:          0
cpu22->LLC TRANSLATION  ACCESS:      57526 HIT:      13728 MISS:      43798 MSHR_MERGE:          0
cpu22->LLC PREFETCH REQUESTED:          0 ISSUED:          0 USEFUL:          0 USELESS:          0
cpu22->LLC AVERAGE MISS LATENCY: 3022 cycles
cpu23->LLC TOTAL        ACCESS:    9296564 HIT:    5607494 MISS:    3689070 MSHR_MERGE:    1780219
cpu23->LLC LOAD         ACCESS:     693269 HIT:     567923 MISS:     125346 MSHR_MERGE:      77927
cpu23->LLC RFO          ACCESS:     720348 HIT:      87141 MISS:     633207 MSHR_MERGE:          5
cpu23->LLC PREFETCH     ACCESS:    6926161 HIT:    4532094 MISS:    2394067 MSHR_MERGE:    1702287
cpu23->LLC WRITE        ACCESS:     919870 HIT:     415440 MISS:     504430 MSHR_MERGE:          0
cpu23->LLC TRANSLATION  ACCESS:      36916 HIT:       4896 MISS:      32020 MSHR_MERGE:          0
cpu23->LLC PREFETCH REQUESTED:          0 ISSUED:          0 USEFUL:          0 USELESS:          0
cpu23->LLC AVERAGE MISS LATENCY: 1834 cycles
cpu24->LLC TOTAL        ACCESS:    1346832 HIT:    1098032 MISS:     248800 MSHR_MERGE:      14871
cpu24->LLC LOAD         ACCESS:     133977 HIT:     123097 MISS:      10880 MSHR_MERGE:        351
cpu24->LLC RFO          ACCESS:        177 HIT:          0 MISS:        177 MSHR_MERGE:          0
cpu24->LLC PREFETCH     ACCESS:    1206782 HIT:     974888 MISS:     231894 MSHR_MERGE:      14520
cpu24->LLC WRITE        ACCESS:        150 HIT:          0 MISS:        150 MSHR_MERGE:          0
cpu24->LLC TRANSLATION  ACCESS:       5746 HIT:         47 MISS:       5699 MSHR_MERGE:          0
cpu24->LLC PREFETCH REQUESTED:          0 ISSUED:          0 USEFUL:          0 USELESS:          0
cpu24->LLC AVERAGE MISS LATENCY: 1.405e+05 cycles
cpu25->LLC TOTAL        ACCESS:    1285434 HIT:     694446 MISS:     590988 MSHR_MERGE:     191371
cpu25->LLC LOAD         ACCESS:     193965 HIT:     105017 MISS:      88948 MSHR_MERGE:      29669
cpu25->LLC RFO          ACCESS:      86164 HIT:      14522 MISS:      71642 MSHR_MERGE:        214
cpu25->LLC PREFETCH     ACCESS:     895845 HIT:     540053 MISS:     355792 MSHR_MERGE:     161488
cpu25->LLC WRITE        ACCESS:     101338 HIT:      34766 MISS:      66572 MSHR_MERGE:          0
cpu25->LLC TRANSLATION  ACCESS:       8122 HIT:         88 MISS:       8034 MSHR_MERGE:          0
cpu25->LLC PREFETCH REQUESTED:          0 ISSUED:          0 USEFUL:          0 USELESS:          0
cpu25->LLC AVERAGE MISS LATENCY: 1.01e+04 cycles
cpu26->LLC TOTAL        ACCESS:    2373926 HIT:    1235296 MISS:    1138630 MSHR_MERGE:     256377
cpu26->LLC LOAD         ACCESS:     338845 HIT:     192560 MISS:     146285 MSHR_MERGE:      46750
cpu26->LLC RFO          ACCESS:     267925 HIT:      12804 MISS:     255121 MSHR_MERGE:        799
cpu26->LLC PREFETCH     ACCESS:    1454524 HIT:     948018 MISS:     506506 MSHR_MERGE:     208828
cpu26->LLC WRITE        ACCESS:     294686 HIT:      81683 MISS:     213003 MSHR_MERGE:          0
cpu26->LLC TRANSLATION  ACCESS:      17946 HIT:        231 MISS:      17715 MSHR_MERGE:          0
cpu26->LLC PREFETCH REQUESTED:          0 ISSUED:          0 USEFUL:          0 USELESS:          0
cpu26->LLC AVERAGE MISS LATENCY: 3757 cycles
cpu27->LLC TOTAL        ACCESS:       4738 HIT:       1711 MISS:       3027 MSHR_MERGE:       1071
cpu27->LLC LOAD         ACCESS:        547 HIT:        146 MISS:        401 MSHR_MERGE:         68
cpu27->LLC RFO          ACCESS:         58 HIT:          1 MISS:         57 MSHR_MERGE:          0
cpu27->LLC PREFETCH     ACCESS:       4074 HIT:       1564 MISS:       2510 MSHR_MERGE:       1003
cpu27->LLC WRITE        ACCESS:          0 HIT:          0 MISS:          0 MSHR_MERGE:          0
cpu27->LLC TRANSLATION  ACCESS:         59 HIT:          0 MISS:         59 MSHR_MERGE:          0
cpu27->LLC PREFETCH REQUESTED:          0 ISSUED:          0 USEFUL:          0 USELESS:          0
cpu27->LLC AVERAGE MISS LATENCY: 4.593e+06 cycles
cpu28->LLC TOTAL        ACCESS:     256185 HIT:      47483 MISS:     208702 MSHR_MERGE:       6484
cpu28->LLC LOAD         ACCESS:       1146 HIT:        594 MISS:        552 MSHR_MERGE:         78
cpu28->LLC RFO          ACCESS:      97406 HIT:        129 MISS:      97277 MSHR_MERGE:          6
cpu28->LLC PREFETCH     ACCESS:      53135 HIT:      26413 MISS:      26722 MSHR_MERGE:       6400
cpu28->LLC WRITE        ACCESS:     102163 HIT:      20347 MISS:      81816 MSHR_MERGE:          0
cpu28->LLC TRANSLATION  ACCESS:       2335 HIT:          0 MISS:       2335 MSHR_MERGE:          0
cpu28->LLC PREFETCH REQUESTED:          0 ISSUED:          0 USEFUL:          0 USELESS:          0
cpu28->LLC AVERAGE MISS LATENCY: 1.305e+04 cycles
cpu29->LLC TOTAL        ACCESS:     801121 HIT:     677095 MISS:     124026 MSHR_MERGE:       4798
cpu29->LLC LOAD         ACCESS:      13242 HIT:      11704 MISS:       1538 MSHR_MERGE:          2
cpu29->LLC RFO          ACCESS:          4 HIT:          4 MISS:          0 MSHR_MERGE:          0
cpu29->LLC PREFETCH     ACCESS:     731913 HIT:     654459 MISS:      77454 MSHR_MERGE:       4796
cpu29->LLC WRITE        ACCESS:      54669 HIT:      10928 MISS:      43741 MSHR_MERGE:          0
cpu29->LLC TRANSLATION  ACCESS:       1293 HIT:          0 MISS:       1293 MSHR_MERGE:          0
cpu29->LLC PREFETCH REQUESTED:          0 ISSUED:          0 USEFUL:          0 USELESS:          0
cpu29->LLC AVERAGE MISS LATENCY: 5.099e+04 cycles
cpu30->LLC TOTAL        ACCESS:    1601820 HIT:    1193783 MISS:     408037 MSHR_MERGE:     183713
cpu30->LLC LOAD         ACCESS:      14478 HIT:      10869 MISS:       3609 MSHR_MERGE:          9
cpu30->LLC RFO          ACCESS:          0 HIT:          0 MISS:          0 MSHR_MERGE:          0
cpu30->LLC PREFETCH     ACCESS:    1583468 HIT:    1182914 MISS:     400554 MSHR_MERGE:     183704
cpu30->LLC WRITE        ACCESS:          0 HIT:          0 MISS:          0 MSHR_MERGE:          0
cpu30->LLC TRANSLATION  ACCESS:       3874 HIT:          0 MISS:       3874 MSHR_MERGE:          0
cpu30->LLC PREFETCH REQUESTED:          0 ISSUED:          0 USEFUL:          0 USELESS:          0
cpu30->LLC AVERAGE MISS LATENCY: 3.173e+05 cycles
cpu31->LLC TOTAL        ACCESS:    2478124 HIT:    2169330 MISS:     308794 MSHR_MERGE:      83644
cpu31->LLC LOAD         ACCESS:       5242 HIT:       1750 MISS:       3492 MSHR_MERGE:          1
cpu31->LLC RFO          ACCESS:          0 HIT:          0 MISS:          0 MSHR_MERGE:          0
cpu31->LLC PREFETCH     ACCESS:    2468995 HIT:    2167580 MISS:     301415 MSHR_MERGE:      83643
cpu31->LLC WRITE        ACCESS:          0 HIT:          0 MISS:          0 MSHR_MERGE:          0
cpu31->LLC TRANSLATION  ACCESS:       3887 HIT:          0 MISS:       3887 MSHR_MERGE:          0
cpu31->LLC PREFETCH REQUESTED:          0 ISSUED:          0 USEFUL:          0 USELESS:          0
cpu31->LLC AVERAGE MISS LATENCY: 3.218e+05 cycles

Region of Interest Statistics

CPU 9 cumulative IPC: 3.636 instructions: 200000007 cycles: 55000472
CPU 9 Branch Prediction Accuracy: 98.08% MPKI: 2.739 Average ROB Occupancy at Mispredict: 55.17
Branch type MPKI
BRANCH_DIRECT_JUMP: 0.1371
BRANCH_INDIRECT: 0
BRANCH_CONDITIONAL: 2.602
BRANCH_DIRECT_CALL: 0
BRANCH_INDIRECT_CALL: 0
BRANCH_RETURN: 0


CPU 8 cumulative IPC: 3.036 instructions: 200000000 cycles: 65886139
CPU 8 Branch Prediction Accuracy: 98.07% MPKI: 2.697 Average ROB Occupancy at Mispredict: 116.8
Branch type MPKI
BRANCH_DIRECT_JUMP: 0.1974
BRANCH_INDIRECT: 0
BRANCH_CONDITIONAL: 2.499
BRANCH_DIRECT_CALL: 0
BRANCH_INDIRECT_CALL: 0
BRANCH_RETURN: 0


CPU 7 cumulative IPC: 1.437 instructions: 200000000 cycles: 139202641
CPU 7 Branch Prediction Accuracy: 97.13% MPKI: 3.842 Average ROB Occupancy at Mispredict: 164.5
Branch type MPKI
BRANCH_DIRECT_JUMP: 0
BRANCH_INDIRECT: 0
BRANCH_CONDITIONAL: 3.825
BRANCH_DIRECT_CALL: 0
BRANCH_INDIRECT_CALL: 0
BRANCH_RETURN: 0.01679


CPU 6 cumulative IPC: 3.564 instructions: 200000001 cycles: 56115209
CPU 6 Branch Prediction Accuracy: 99.49% MPKI: 0.7394 Average ROB Occupancy at Mispredict: 164.4
Branch type MPKI
BRANCH_DIRECT_JUMP: 0.06155
BRANCH_INDIRECT: 0
BRANCH_CONDITIONAL: 0.6087
BRANCH_DIRECT_CALL: 0
BRANCH_INDIRECT_CALL: 0
BRANCH_RETURN: 0.0691


CPU 5 cumulative IPC: 1.442 instructions: 200000005 cycles: 138655095
CPU 5 Branch Prediction Accuracy: 95.74% MPKI: 6.331 Average ROB Occupancy at Mispredict: 44.44
Branch type MPKI
BRANCH_DIRECT_JUMP: 0.07811
BRANCH_INDIRECT: 0.8295
BRANCH_CONDITIONAL: 5.421
BRANCH_DIRECT_CALL: 0
BRANCH_INDIRECT_CALL: 0.0025
BRANCH_RETURN: 0


CPU 4 cumulative IPC: 4.555 instructions: 200000000 cycles: 43907344
CPU 4 Branch Prediction Accuracy: 99.96% MPKI: 0.04544 Average ROB Occupancy at Mispredict: 190.3
Branch type MPKI
BRANCH_DIRECT_JUMP: 0
BRANCH_INDIRECT: 0
BRANCH_CONDITIONAL: 0.04544
BRANCH_DIRECT_CALL: 0
BRANCH_INDIRECT_CALL: 0
BRANCH_RETURN: 0


CPU 31 cumulative IPC: 2.776 instructions: 200000001 cycles: 72047356
CPU 31 Branch Prediction Accuracy: 100% MPKI: 0 Average ROB Occupancy at Mispredict: -
Branch type MPKI
BRANCH_DIRECT_JUMP: 0
BRANCH_INDIRECT: 0
BRANCH_CONDITIONAL: 0
BRANCH_DIRECT_CALL: 0
BRANCH_INDIRECT_CALL: 0
BRANCH_RETURN: 0


CPU 30 cumulative IPC: 2.766 instructions: 200000005 cycles: 72316657
CPU 30 Branch Prediction Accuracy: 100% MPKI: 0 Average ROB Occupancy at Mispredict: -
Branch type MPKI
BRANCH_DIRECT_JUMP: 0
BRANCH_INDIRECT: 0
BRANCH_CONDITIONAL: 0
BRANCH_DIRECT_CALL: 0
BRANCH_INDIRECT_CALL: 0
BRANCH_RETURN: 0


CPU 3 cumulative IPC: 3.131 instructions: 200000002 cycles: 63872171
CPU 3 Branch Prediction Accuracy: 98.95% MPKI: 2.497 Average ROB Occupancy at Mispredict: 136.2
Branch type MPKI
BRANCH_DIRECT_JUMP: 5e-06
BRANCH_INDIRECT: 0.2733
BRANCH_CONDITIONAL: 2.224
BRANCH_DIRECT_CALL: 5e-06
BRANCH_INDIRECT_CALL: 0
BRANCH_RETURN: 5e-06


CPU 29 cumulative IPC: 1.827 instructions: 200000001 cycles: 109492303
CPU 29 Branch Prediction Accuracy: 99.94% MPKI: 0.08897 Average ROB Occupancy at Mispredict: 451.7
Branch type MPKI
BRANCH_DIRECT_JUMP: 0
BRANCH_INDIRECT: 1e-05
BRANCH_CONDITIONAL: 0.08896
BRANCH_DIRECT_CALL: 0
BRANCH_INDIRECT_CALL: 0
BRANCH_RETURN: 0


CPU 28 cumulative IPC: 3.563 instructions: 200000005 cycles: 56132174
CPU 28 Branch Prediction Accuracy: 99.49% MPKI: 0.7394 Average ROB Occupancy at Mispredict: 164.4
Branch type MPKI
BRANCH_DIRECT_JUMP: 0.06154
BRANCH_INDIRECT: 0
BRANCH_CONDITIONAL: 0.6087
BRANCH_DIRECT_CALL: 0
BRANCH_INDIRECT_CALL: 0
BRANCH_RETURN: 0.0691


CPU 27 cumulative IPC: 4.149 instructions: 200000003 cycles: 48202243
CPU 27 Branch Prediction Accuracy: 99.21% MPKI: 1.054 Average ROB Occupancy at Mispredict: 86.64
Branch type MPKI
BRANCH_DIRECT_JUMP: 0.01302
BRANCH_INDIRECT: 0
BRANCH_CONDITIONAL: 1.041
BRANCH_DIRECT_CALL: 0
BRANCH_INDIRECT_CALL: 0
BRANCH_RETURN: 0


CPU 26 cumulative IPC: 4.384 instructions: 200000007 cycles: 45621413
CPU 26 Branch Prediction Accuracy: 99.55% MPKI: 0.1861 Average ROB Occupancy at Mispredict: 145.9
Branch type MPKI
BRANCH_DIRECT_JUMP: 5e-05
BRANCH_INDIRECT: 0
BRANCH_CONDITIONAL: 0.1157
BRANCH_DIRECT_CALL: 4e-05
BRANCH_INDIRECT_CALL: 0.006325
BRANCH_RETURN: 0.06397


CPU 25 cumulative IPC: 4.01 instructions: 200000007 cycles: 49874547
CPU 25 Branch Prediction Accuracy: 99.53% MPKI: 0.1587 Average ROB Occupancy at Mispredict: 165
Branch type MPKI
BRANCH_DIRECT_JUMP: 0.000355
BRANCH_INDIRECT: 9e-05
BRANCH_CONDITIONAL: 0.0753
BRANCH_DIRECT_CALL: 0.000445
BRANCH_INDIRECT_CALL: 0.00226
BRANCH_RETURN: 0.0803


CPU 24 cumulative IPC: 1.649 instructions: 200000000 cycles: 121266651
CPU 24 Branch Prediction Accuracy: 97.06% MPKI: 3.79 Average ROB Occupancy at Mispredict: 103
Branch type MPKI
BRANCH_DIRECT_JUMP: 0
BRANCH_INDIRECT: 0
BRANCH_CONDITIONAL: 3.79
BRANCH_DIRECT_CALL: 0
BRANCH_INDIRECT_CALL: 0
BRANCH_RETURN: 0


CPU 23 cumulative IPC: 2.594 instructions: 200000001 cycles: 77108704
CPU 23 Branch Prediction Accuracy: 99.1% MPKI: 1.368 Average ROB Occupancy at Mispredict: 71.16
Branch type MPKI
BRANCH_DIRECT_JUMP: 0.03051
BRANCH_INDIRECT: 0.000855
BRANCH_CONDITIONAL: 1.305
BRANCH_DIRECT_CALL: 0.001385
BRANCH_INDIRECT_CALL: 0
BRANCH_RETURN: 0.03041


CPU 22 cumulative IPC: 1.131 instructions: 200000005 cycles: 176790037
CPU 22 Branch Prediction Accuracy: 98.19% MPKI: 5.246 Average ROB Occupancy at Mispredict: 57.64
Branch type MPKI
BRANCH_DIRECT_JUMP: 0.1044
BRANCH_INDIRECT: 0.3378
BRANCH_CONDITIONAL: 3.073
BRANCH_DIRECT_CALL: 0.00011
BRANCH_INDIRECT_CALL: 0.3528
BRANCH_RETURN: 1.378


CPU 21 cumulative IPC: 3.935 instructions: 200000005 cycles: 50823072
CPU 21 Branch Prediction Accuracy: 98.61% MPKI: 1.932 Average ROB Occupancy at Mispredict: 60.43
Branch type MPKI
BRANCH_DIRECT_JUMP: 0.08067
BRANCH_INDIRECT: 0
BRANCH_CONDITIONAL: 1.851
BRANCH_DIRECT_CALL: 0.000415
BRANCH_INDIRECT_CALL: 0
BRANCH_RETURN: 0.000415


CPU 20 cumulative IPC: 1.37 instructions: 200000001 cycles: 145945465
CPU 20 Branch Prediction Accuracy: 91.53% MPKI: 10.45 Average ROB Occupancy at Mispredict: 45.31
Branch type MPKI
BRANCH_DIRECT_JUMP: 0.0043
BRANCH_INDIRECT: 0
BRANCH_CONDITIONAL: 6.683
BRANCH_DIRECT_CALL: 1e-05
BRANCH_INDIRECT_CALL: 0
BRANCH_RETURN: 3.759


CPU 2 cumulative IPC: 1.847 instructions: 200000002 cycles: 108283321
CPU 2 Branch Prediction Accuracy: 92.7% MPKI: 12.08 Average ROB Occupancy at Mispredict: 35.34
Branch type MPKI
BRANCH_DIRECT_JUMP: 0.1102
BRANCH_INDIRECT: 0.00071
BRANCH_CONDITIONAL: 11.94
BRANCH_DIRECT_CALL: 0
BRANCH_INDIRECT_CALL: 0
BRANCH_RETURN: 0.02898


CPU 19 cumulative IPC: 2.7 instructions: 200000001 cycles: 74079266
CPU 19 Branch Prediction Accuracy: 97.17% MPKI: 4.672 Average ROB Occupancy at Mispredict: 86.08
Branch type MPKI
BRANCH_DIRECT_JUMP: 0.1561
BRANCH_INDIRECT: 0
BRANCH_CONDITIONAL: 3.352
BRANCH_DIRECT_CALL: 0
BRANCH_INDIRECT_CALL: 0
BRANCH_RETURN: 1.164


CPU 18 cumulative IPC: 1.872 instructions: 200000000 cycles: 106817584
CPU 18 Branch Prediction Accuracy: 94.22% MPKI: 10.05 Average ROB Occupancy at Mispredict: 42.23
Branch type MPKI
BRANCH_DIRECT_JUMP: 0.2049
BRANCH_INDIRECT: 0.00249
BRANCH_CONDITIONAL: 9.814
BRANCH_DIRECT_CALL: 0.000745
BRANCH_INDIRECT_CALL: 8e-05
BRANCH_RETURN: 0.02483


CPU 17 cumulative IPC: 1.878 instructions: 200000003 cycles: 106499254
CPU 17 Branch Prediction Accuracy: 92.55% MPKI: 12.27 Average ROB Occupancy at Mispredict: 35.7
Branch type MPKI
BRANCH_DIRECT_JUMP: 0.07731
BRANCH_INDIRECT: 0.000465
BRANCH_CONDITIONAL: 12.16
BRANCH_DIRECT_CALL: 1e-05
BRANCH_INDIRECT_CALL: 0
BRANCH_RETURN: 0.03112


CPU 16 cumulative IPC: 4.658 instructions: 200000001 cycles: 42937512
CPU 16 Branch Prediction Accuracy: 99.7% MPKI: 0.3129 Average ROB Occupancy at Mispredict: 108.4
Branch type MPKI
BRANCH_DIRECT_JUMP: 5e-06
BRANCH_INDIRECT: 0
BRANCH_CONDITIONAL: 0.3129
BRANCH_DIRECT_CALL: 0
BRANCH_INDIRECT_CALL: 0
BRANCH_RETURN: 0


CPU 15 cumulative IPC: 2.659 instructions: 200000000 cycles: 75206029
CPU 15 Branch Prediction Accuracy: 99.95% MPKI: 0.05566 Average ROB Occupancy at Mispredict: 269.5
Branch type MPKI
BRANCH_DIRECT_JUMP: 0
BRANCH_INDIRECT: 0
BRANCH_CONDITIONAL: 0.05566
BRANCH_DIRECT_CALL: 0
BRANCH_INDIRECT_CALL: 0
BRANCH_RETURN: 0


CPU 14 cumulative IPC: 3.04 instructions: 200000006 cycles: 65793202
CPU 14 Branch Prediction Accuracy: 98.07% MPKI: 2.697 Average ROB Occupancy at Mispredict: 116.6
Branch type MPKI
BRANCH_DIRECT_JUMP: 0.1974
BRANCH_INDIRECT: 0
BRANCH_CONDITIONAL: 2.499
BRANCH_DIRECT_CALL: 0
BRANCH_INDIRECT_CALL: 0
BRANCH_RETURN: 0


CPU 13 cumulative IPC: 1.036 instructions: 200000005 cycles: 193023614
CPU 13 Branch Prediction Accuracy: 97.81% MPKI: 6.068 Average ROB Occupancy at Mispredict: 54.26
Branch type MPKI
BRANCH_DIRECT_JUMP: 0.1237
BRANCH_INDIRECT: 0.3787
BRANCH_CONDITIONAL: 3.531
BRANCH_DIRECT_CALL: 0.00063
BRANCH_INDIRECT_CALL: 0.4207
BRANCH_RETURN: 1.613


CPU 12 cumulative IPC: 3.022 instructions: 200000003 cycles: 66182029
CPU 12 Branch Prediction Accuracy: 98.86% MPKI: 1.709 Average ROB Occupancy at Mispredict: 144
Branch type MPKI
BRANCH_DIRECT_JUMP: 0.1485
BRANCH_INDIRECT: 0
BRANCH_CONDITIONAL: 1.346
BRANCH_DIRECT_CALL: 3.5e-05
BRANCH_INDIRECT_CALL: 0
BRANCH_RETURN: 0.2145


CPU 11 cumulative IPC: 1.534 instructions: 200000007 cycles: 130346849
CPU 11 Branch Prediction Accuracy: 98.61% MPKI: 0.01933 Average ROB Occupancy at Mispredict: 166.9
Branch type MPKI
BRANCH_DIRECT_JUMP: 0.00015
BRANCH_INDIRECT: 0.000425
BRANCH_CONDITIONAL: 0.009835
BRANCH_DIRECT_CALL: 0.0031
BRANCH_INDIRECT_CALL: 1.5e-05
BRANCH_RETURN: 0.00581


CPU 10 cumulative IPC: 1.135 instructions: 200000001 cycles: 176247476
CPU 10 Branch Prediction Accuracy: 98.19% MPKI: 5.246 Average ROB Occupancy at Mispredict: 57.66
Branch type MPKI
BRANCH_DIRECT_JUMP: 0.1044
BRANCH_INDIRECT: 0.3378
BRANCH_CONDITIONAL: 3.073
BRANCH_DIRECT_CALL: 0.00011
BRANCH_INDIRECT_CALL: 0.3528
BRANCH_RETURN: 1.378


CPU 1 cumulative IPC: 1.878 instructions: 200000001 cycles: 106487141
CPU 1 Branch Prediction Accuracy: 92.55% MPKI: 12.27 Average ROB Occupancy at Mispredict: 35.7
Branch type MPKI
BRANCH_DIRECT_JUMP: 0.07731
BRANCH_INDIRECT: 0.000465
BRANCH_CONDITIONAL: 12.16
BRANCH_DIRECT_CALL: 1e-05
BRANCH_INDIRECT_CALL: 0
BRANCH_RETURN: 0.03112


CPU 0 cumulative IPC: 3.502 instructions: 200000000 cycles: 57109447
CPU 0 Branch Prediction Accuracy: 99.44% MPKI: 0.8186 Average ROB Occupancy at Mispredict: 131.1
Branch type MPKI
BRANCH_DIRECT_JUMP: 0.1436
BRANCH_INDIRECT: 0
BRANCH_CONDITIONAL: 0.5876
BRANCH_DIRECT_CALL: 0
BRANCH_INDIRECT_CALL: 0
BRANCH_RETURN: 0.08739

cpu9->cpu9_STLB TOTAL        ACCESS:         36 HIT:          1 MISS:         35 MSHR_MERGE:          0
cpu9->cpu9_STLB LOAD         ACCESS:         36 HIT:          1 MISS:         35 MSHR_MERGE:          0
cpu9->cpu9_STLB RFO          ACCESS:          0 HIT:          0 MISS:          0 MSHR_MERGE:          0
cpu9->cpu9_STLB PREFETCH     ACCESS:          0 HIT:          0 MISS:          0 MSHR_MERGE:          0
cpu9->cpu9_STLB WRITE        ACCESS:          0 HIT:          0 MISS:          0 MSHR_MERGE:          0
cpu9->cpu9_STLB TRANSLATION  ACCESS:          0 HIT:          0 MISS:          0 MSHR_MERGE:          0
cpu9->cpu9_STLB PREFETCH REQUESTED:          0 ISSUED:          0 USEFUL:          0 USELESS:          0
cpu9->cpu9_STLB AVERAGE MISS LATENCY: 1064 cycles
cpu0->cpu9_L2C TOTAL        ACCESS:        342 HIT:        342 MISS:          0 MSHR_MERGE:          0
cpu0->cpu9_L2C LOAD         ACCESS:          0 HIT:          0 MISS:          0 MSHR_MERGE:          0
cpu0->cpu9_L2C RFO          ACCESS:          0 HIT:          0 MISS:          0 MSHR_MERGE:          0
cpu0->cpu9_L2C PREFETCH     ACCESS:          0 HIT:          0 MISS:          0 MSHR_MERGE:          0
cpu0->cpu9_L2C WRITE        ACCESS:        342 HIT:        342 MISS:          0 MSHR_MERGE:          0
cpu0->cpu9_L2C TRANSLATION  ACCESS:          0 HIT:          0 MISS:          0 MSHR_MERGE:          0
cpu0->cpu9_L2C PREFETCH REQUESTED:     543979 ISSUED:     529704 USEFUL:         33 USELESS:          0
cpu0->cpu9_L2C AVERAGE MISS LATENCY: - cycles
cpu9->cpu9_L2C TOTAL        ACCESS:     663665 HIT:     631640 MISS:      32025 MSHR_MERGE:        337
cpu9->cpu9_L2C LOAD         ACCESS:      94109 HIT:      93878 MISS:        231 MSHR_MERGE:          3
cpu9->cpu9_L2C RFO          ACCESS:         63 HIT:         12 MISS:         51 MSHR_MERGE:          0
cpu9->cpu9_L2C PREFETCH     ACCESS:     569423 HIT:     537740 MISS:      31683 MSHR_MERGE:        334
cpu9->cpu9_L2C WRITE        ACCESS:         10 HIT:         10 MISS:          0 MSHR_MERGE:          0
cpu9->cpu9_L2C TRANSLATION  ACCESS:         60 HIT:          0 MISS:         60 MSHR_MERGE:          0
cpu9->cpu9_L2C PREFETCH REQUESTED:     543979 ISSUED:     529704 USEFUL:         33 USELESS:          0
cpu9->cpu9_L2C AVERAGE MISS LATENCY: 293.1 cycles
cpu9->cpu9_L1I TOTAL        ACCESS:  116588520 HIT:  116163570 MISS:     424950 MSHR_MERGE:     291216
cpu9->cpu9_L1I LOAD         ACCESS:   62449375 HIT:   62232745 MISS:     216630 MSHR_MERGE:     122593
cpu9->cpu9_L1I RFO          ACCESS:          0 HIT:          0 MISS:          0 MSHR_MERGE:          0
cpu9->cpu9_L1I PREFETCH     ACCESS:   54139145 HIT:   53930825 MISS:     208320 MSHR_MERGE:     168623
cpu9->cpu9_L1I WRITE        ACCESS:          0 HIT:          0 MISS:          0 MSHR_MERGE:          0
cpu9->cpu9_L1I TRANSLATION  ACCESS:          0 HIT:          0 MISS:          0 MSHR_MERGE:          0
cpu9->cpu9_L1I PREFETCH REQUESTED:   62449378 ISSUED:   54139113 USEFUL:      33910 USELESS:       5785
cpu9->cpu9_L1I AVERAGE MISS LATENCY: 9.151 cycles
cpu9->cpu9_L1D TOTAL        ACCESS:  183508444 HIT:  183507906 MISS:        538 MSHR_MERGE:        318
cpu9->cpu9_L1D LOAD         ACCESS:   78190376 HIT:   78190220 MISS:        156 MSHR_MERGE:         81
cpu9->cpu9_L1D RFO          ACCESS:          0 HIT:          0 MISS:          0 MSHR_MERGE:          0
cpu9->cpu9_L1D PREFETCH     ACCESS:   13214349 HIT:   13214319 MISS:         30 MSHR_MERGE:          8
cpu9->cpu9_L1D WRITE        ACCESS:   92103649 HIT:   92103357 MISS:        292 MSHR_MERGE:        229
cpu9->cpu9_L1D TRANSLATION  ACCESS:         70 HIT:         10 MISS:         60 MSHR_MERGE:          0
cpu9->cpu9_L1D PREFETCH REQUESTED:   14582300 ISSUED:   13214333 USEFUL:         13 USELESS:          0
cpu9->cpu9_L1D AVERAGE MISS LATENCY: 372.3 cycles
cpu9_L1D FLUSH STALL CYCLES: 278
cpu9->cpu9_ITLB TOTAL        ACCESS:   80574558 HIT:   80574529 MISS:         29 MSHR_MERGE:          9
cpu9->cpu9_ITLB LOAD         ACCESS:   80574558 HIT:   80574529 MISS:         29 MSHR_MERGE:          9
cpu9->cpu9_ITLB RFO          ACCESS:          0 HIT:          0 MISS:          0 MSHR_MERGE:          0
cpu9->cpu9_ITLB PREFETCH     ACCESS:          0 HIT:          0 MISS:          0 MSHR_MERGE:          0
cpu9->cpu9_ITLB WRITE        ACCESS:          0 HIT:          0 MISS:          0 MSHR_MERGE:          0
cpu9->cpu9_ITLB TRANSLATION  ACCESS:          0 HIT:          0 MISS:          0 MSHR_MERGE:          0
cpu9->cpu9_ITLB PREFETCH REQUESTED:          0 ISSUED:          0 USEFUL:          0 USELESS:          0
cpu9->cpu9_ITLB AVERAGE MISS LATENCY: 927.5 cycles
cpu9->cpu9_DTLB TOTAL        ACCESS:  147164913 HIT:  147164892 MISS:         21 MSHR_MERGE:          5
cpu9->cpu9_DTLB LOAD         ACCESS:  147164913 HIT:  147164892 MISS:         21 MSHR_MERGE:          5
cpu9->cpu9_DTLB RFO          ACCESS:          0 HIT:          0 MISS:          0 MSHR_MERGE:          0
cpu9->cpu9_DTLB PREFETCH     ACCESS:          0 HIT:          0 MISS:          0 MSHR_MERGE:          0
cpu9->cpu9_DTLB WRITE        ACCESS:          0 HIT:          0 MISS:          0 MSHR_MERGE:          0
cpu9->cpu9_DTLB TRANSLATION  ACCESS:          0 HIT:          0 MISS:          0 MSHR_MERGE:          0
cpu9->cpu9_DTLB PREFETCH REQUESTED:          0 ISSUED:          0 USEFUL:          0 USELESS:          0
cpu9->cpu9_DTLB AVERAGE MISS LATENCY: 1182 cycles
cpu8->cpu8_STLB TOTAL        ACCESS:     173153 HIT:     171774 MISS:       1379 MSHR_MERGE:          0
cpu8->cpu8_STLB LOAD         ACCESS:     173153 HIT:     171774 MISS:       1379 MSHR_MERGE:          0
cpu8->cpu8_STLB RFO          ACCESS:          0 HIT:          0 MISS:          0 MSHR_MERGE:          0
cpu8->cpu8_STLB PREFETCH     ACCESS:          0 HIT:          0 MISS:          0 MSHR_MERGE:          0
cpu8->cpu8_STLB WRITE        ACCESS:          0 HIT:          0 MISS:          0 MSHR_MERGE:          0
cpu8->cpu8_STLB TRANSLATION  ACCESS:          0 HIT:          0 MISS:          0 MSHR_MERGE:          0
cpu8->cpu8_STLB PREFETCH REQUESTED:          0 ISSUED:          0 USEFUL:          0 USELESS:          0
cpu8->cpu8_STLB AVERAGE MISS LATENCY: 927.2 cycles
cpu0->cpu8_L2C TOTAL        ACCESS:         57 HIT:         48 MISS:          9 MSHR_MERGE:          0
cpu0->cpu8_L2C LOAD         ACCESS:          0 HIT:          0 MISS:          0 MSHR_MERGE:          0
cpu0->cpu8_L2C RFO          ACCESS:          0 HIT:          0 MISS:          0 MSHR_MERGE:          0
cpu0->cpu8_L2C PREFETCH     ACCESS:          0 HIT:          0 MISS:          0 MSHR_MERGE:          0
cpu0->cpu8_L2C WRITE        ACCESS:         57 HIT:         48 MISS:          9 MSHR_MERGE:          0
cpu0->cpu8_L2C TRANSLATION  ACCESS:          0 HIT:          0 MISS:          0 MSHR_MERGE:          0
cpu0->cpu8_L2C PREFETCH REQUESTED:    3632707 ISSUED:    3632707 USEFUL:          9 USELESS:          1
cpu0->cpu8_L2C AVERAGE MISS LATENCY: 3.836e+06 cycles
cpu8->cpu8_L2C TOTAL        ACCESS:    8154581 HIT:    7962053 MISS:     192528 MSHR_MERGE:      20764
cpu8->cpu8_L2C LOAD         ACCESS:    3188521 HIT:    3164501 MISS:      24020 MSHR_MERGE:          2
cpu8->cpu8_L2C RFO          ACCESS:     175429 HIT:      93912 MISS:      81517 MSHR_MERGE:          0
cpu8->cpu8_L2C PREFETCH     ACCESS:    4520462 HIT:    4437115 MISS:      83347 MSHR_MERGE:      20762
cpu8->cpu8_L2C WRITE        ACCESS:     267923 HIT:     266054 MISS:       1869 MSHR_MERGE:          0
cpu8->cpu8_L2C TRANSLATION  ACCESS:       2246 HIT:        471 MISS:       1775 MSHR_MERGE:          0
cpu8->cpu8_L2C PREFETCH REQUESTED:    3632707 ISSUED:    3632707 USEFUL:          9 USELESS:          1
cpu8->cpu8_L2C AVERAGE MISS LATENCY: 316.2 cycles
cpu8_L2C FLUSH STALL CYCLES: 22980
cpu8->cpu8_L1I TOTAL        ACCESS:   28149862 HIT:   28149862 MISS:          0 MSHR_MERGE:          0
cpu8->cpu8_L1I LOAD         ACCESS:   14324432 HIT:   14324432 MISS:          0 MSHR_MERGE:          0
cpu8->cpu8_L1I RFO          ACCESS:          0 HIT:          0 MISS:          0 MSHR_MERGE:          0
cpu8->cpu8_L1I PREFETCH     ACCESS:   13825430 HIT:   13825430 MISS:          0 MSHR_MERGE:          0
cpu8->cpu8_L1I WRITE        ACCESS:          0 HIT:          0 MISS:          0 MSHR_MERGE:          0
cpu8->cpu8_L1I TRANSLATION  ACCESS:          0 HIT:          0 MISS:          0 MSHR_MERGE:          0
cpu8->cpu8_L1I PREFETCH REQUESTED:   14324432 ISSUED:   13825430 USEFUL:          0 USELESS:          0
cpu8->cpu8_L1I AVERAGE MISS LATENCY: - cycles
cpu8->cpu8_L1D TOTAL        ACCESS:  141159630 HIT:  134860763 MISS:    6298867 MSHR_MERGE:    2044891
cpu8->cpu8_L1D LOAD         ACCESS:   73376509 HIT:   69515019 MISS:    3861490 MSHR_MERGE:     672965
cpu8->cpu8_L1D RFO          ACCESS:          0 HIT:          0 MISS:          0 MSHR_MERGE:          0
cpu8->cpu8_L1D PREFETCH     ACCESS:    7694931 HIT:    6745475 MISS:     949456 MSHR_MERGE:      61700
cpu8->cpu8_L1D WRITE        ACCESS:   60085428 HIT:   58599904 MISS:    1485524 MSHR_MERGE:    1310075
cpu8->cpu8_L1D TRANSLATION  ACCESS:       2762 HIT:        365 MISS:       2397 MSHR_MERGE:        151
cpu8->cpu8_L1D PREFETCH REQUESTED:    7697973 ISSUED:    7694931 USEFUL:     565097 USELESS:     322042
cpu8->cpu8_L1D AVERAGE MISS LATENCY: 20.23 cycles
cpu8->cpu8_ITLB TOTAL        ACCESS:   19740932 HIT:   19740932 MISS:          0 MSHR_MERGE:          0
cpu8->cpu8_ITLB LOAD         ACCESS:   19740932 HIT:   19740932 MISS:          0 MSHR_MERGE:          0
cpu8->cpu8_ITLB RFO          ACCESS:          0 HIT:          0 MISS:          0 MSHR_MERGE:          0
cpu8->cpu8_ITLB PREFETCH     ACCESS:          0 HIT:          0 MISS:          0 MSHR_MERGE:          0
cpu8->cpu8_ITLB WRITE        ACCESS:          0 HIT:          0 MISS:          0 MSHR_MERGE:          0
cpu8->cpu8_ITLB TRANSLATION  ACCESS:          0 HIT:          0 MISS:          0 MSHR_MERGE:          0
cpu8->cpu8_ITLB PREFETCH REQUESTED:          0 ISSUED:          0 USEFUL:          0 USELESS:          0
cpu8->cpu8_ITLB AVERAGE MISS LATENCY: - cycles
cpu8->cpu8_DTLB TOTAL        ACCESS:  121885285 HIT:  121668321 MISS:     216964 MSHR_MERGE:      43811
cpu8->cpu8_DTLB LOAD         ACCESS:  121885285 HIT:  121668321 MISS:     216964 MSHR_MERGE:      43811
cpu8->cpu8_DTLB RFO          ACCESS:          0 HIT:          0 MISS:          0 MSHR_MERGE:          0
cpu8->cpu8_DTLB PREFETCH     ACCESS:          0 HIT:          0 MISS:          0 MSHR_MERGE:          0
cpu8->cpu8_DTLB WRITE        ACCESS:          0 HIT:          0 MISS:          0 MSHR_MERGE:          0
cpu8->cpu8_DTLB TRANSLATION  ACCESS:          0 HIT:          0 MISS:          0 MSHR_MERGE:          0
cpu8->cpu8_DTLB PREFETCH REQUESTED:          0 ISSUED:          0 USEFUL:          0 USELESS:          0
cpu8->cpu8_DTLB AVERAGE MISS LATENCY: 12.39 cycles
cpu7->cpu7_STLB TOTAL        ACCESS:      78205 HIT:      77519 MISS:        686 MSHR_MERGE:          0
cpu7->cpu7_STLB LOAD         ACCESS:      78205 HIT:      77519 MISS:        686 MSHR_MERGE:          0
cpu7->cpu7_STLB RFO          ACCESS:          0 HIT:          0 MISS:          0 MSHR_MERGE:          0
cpu7->cpu7_STLB PREFETCH     ACCESS:          0 HIT:          0 MISS:          0 MSHR_MERGE:          0
cpu7->cpu7_STLB WRITE        ACCESS:          0 HIT:          0 MISS:          0 MSHR_MERGE:          0
cpu7->cpu7_STLB TRANSLATION  ACCESS:          0 HIT:          0 MISS:          0 MSHR_MERGE:          0
cpu7->cpu7_STLB PREFETCH REQUESTED:          0 ISSUED:          0 USEFUL:          0 USELESS:          0
cpu7->cpu7_STLB AVERAGE MISS LATENCY: 1051 cycles
cpu0->cpu7_L2C TOTAL        ACCESS:        383 HIT:        376 MISS:          7 MSHR_MERGE:          0
cpu0->cpu7_L2C LOAD         ACCESS:          0 HIT:          0 MISS:          0 MSHR_MERGE:          0
cpu0->cpu7_L2C RFO          ACCESS:          0 HIT:          0 MISS:          0 MSHR_MERGE:          0
cpu0->cpu7_L2C PREFETCH     ACCESS:          0 HIT:          0 MISS:          0 MSHR_MERGE:          0
cpu0->cpu7_L2C WRITE        ACCESS:        383 HIT:        376 MISS:          7 MSHR_MERGE:          0
cpu0->cpu7_L2C TRANSLATION  ACCESS:          0 HIT:          0 MISS:          0 MSHR_MERGE:          0
cpu0->cpu7_L2C PREFETCH REQUESTED:     148467 ISSUED:     148426 USEFUL:       1537 USELESS:         11
cpu0->cpu7_L2C AVERAGE MISS LATENCY: 6.114e+05 cycles
cpu7->cpu7_L2C TOTAL        ACCESS:     280566 HIT:     218555 MISS:      62011 MSHR_MERGE:       4641
cpu7->cpu7_L2C LOAD         ACCESS:      81579 HIT:      75462 MISS:       6117 MSHR_MERGE:         69
cpu7->cpu7_L2C RFO          ACCESS:       7836 HIT:        243 MISS:       7593 MSHR_MERGE:          0
cpu7->cpu7_L2C PREFETCH     ACCESS:     179724 HIT:     132570 MISS:      47154 MSHR_MERGE:       4572
cpu7->cpu7_L2C WRITE        ACCESS:      10297 HIT:      10262 MISS:         35 MSHR_MERGE:          0
cpu7->cpu7_L2C TRANSLATION  ACCESS:       1130 HIT:         18 MISS:       1112 MSHR_MERGE:          0
cpu7->cpu7_L2C PREFETCH REQUESTED:     148467 ISSUED:     148426 USEFUL:       1537 USELESS:         11
cpu7->cpu7_L2C AVERAGE MISS LATENCY: 288.1 cycles
cpu7_L2C FLUSH STALL CYCLES: 10787
cpu7->cpu7_L1I TOTAL        ACCESS:   14653996 HIT:   14418353 MISS:     235643 MSHR_MERGE:     133357
cpu7->cpu7_L1I LOAD         ACCESS:    7376526 HIT:    7248254 MISS:     128272 MSHR_MERGE:      56057
cpu7->cpu7_L1I RFO          ACCESS:          0 HIT:          0 MISS:          0 MSHR_MERGE:          0
cpu7->cpu7_L1I PREFETCH     ACCESS:    7277470 HIT:    7170099 MISS:     107371 MSHR_MERGE:      77300
cpu7->cpu7_L1I WRITE        ACCESS:          0 HIT:          0 MISS:          0 MSHR_MERGE:          0
cpu7->cpu7_L1I TRANSLATION  ACCESS:          0 HIT:          0 MISS:          0 MSHR_MERGE:          0
cpu7->cpu7_L1I PREFETCH REQUESTED:    7376828 ISSUED:    7277438 USEFUL:      19417 USELESS:      10639
cpu7->cpu7_L1I AVERAGE MISS LATENCY: 10.31 cycles
cpu7->cpu7_L1D TOTAL        ACCESS:   46558008 HIT:   46524326 MISS:      33682 MSHR_MERGE:      14120
cpu7->cpu7_L1D LOAD         ACCESS:   35764480 HIT:   35752829 MISS:      11651 MSHR_MERGE:       2287
cpu7->cpu7_L1D RFO          ACCESS:          0 HIT:          0 MISS:          0 MSHR_MERGE:          0
cpu7->cpu7_L1D PREFETCH     ACCESS:      13130 HIT:      11205 MISS:       1925 MSHR_MERGE:        693
cpu7->cpu7_L1D WRITE        ACCESS:   10779021 HIT:   10760052 MISS:      18969 MSHR_MERGE:      11133
cpu7->cpu7_L1D TRANSLATION  ACCESS:       1377 HIT:        240 MISS:       1137 MSHR_MERGE:          7
cpu7->cpu7_L1D PREFETCH REQUESTED:      13619 ISSUED:      13130 USEFUL:        481 USELESS:        556
cpu7->cpu7_L1D AVERAGE MISS LATENCY: 239.4 cycles
cpu7_L1D FLUSH STALL CYCLES: 319
cpu7->cpu7_ITLB TOTAL        ACCESS:   11447439 HIT:   11447380 MISS:         59 MSHR_MERGE:         37
cpu7->cpu7_ITLB LOAD         ACCESS:   11447439 HIT:   11447380 MISS:         59 MSHR_MERGE:         37
cpu7->cpu7_ITLB RFO          ACCESS:          0 HIT:          0 MISS:          0 MSHR_MERGE:          0
cpu7->cpu7_ITLB PREFETCH     ACCESS:          0 HIT:          0 MISS:          0 MSHR_MERGE:          0
cpu7->cpu7_ITLB WRITE        ACCESS:          0 HIT:          0 MISS:          0 MSHR_MERGE:          0
cpu7->cpu7_ITLB TRANSLATION  ACCESS:          0 HIT:          0 MISS:          0 MSHR_MERGE:          0
cpu7->cpu7_ITLB PREFETCH REQUESTED:          0 ISSUED:          0 USEFUL:          0 USELESS:          0
cpu7->cpu7_ITLB AVERAGE MISS LATENCY: 1103 cycles
cpu7->cpu7_DTLB TOTAL        ACCESS:   45557970 HIT:   45467923 MISS:      90047 MSHR_MERGE:      11864
cpu7->cpu7_DTLB LOAD         ACCESS:   45557970 HIT:   45467923 MISS:      90047 MSHR_MERGE:      11864
cpu7->cpu7_DTLB RFO          ACCESS:          0 HIT:          0 MISS:          0 MSHR_MERGE:          0
cpu7->cpu7_DTLB PREFETCH     ACCESS:          0 HIT:          0 MISS:          0 MSHR_MERGE:          0
cpu7->cpu7_DTLB WRITE        ACCESS:          0 HIT:          0 MISS:          0 MSHR_MERGE:          0
cpu7->cpu7_DTLB TRANSLATION  ACCESS:          0 HIT:          0 MISS:          0 MSHR_MERGE:          0
cpu7->cpu7_DTLB PREFETCH REQUESTED:          0 ISSUED:          0 USEFUL:          0 USELESS:          0
cpu7->cpu7_DTLB AVERAGE MISS LATENCY: 13.94 cycles
cpu6->cpu6_STLB TOTAL        ACCESS:       1928 HIT:         93 MISS:       1835 MSHR_MERGE:          0
cpu6->cpu6_STLB LOAD         ACCESS:       1928 HIT:         93 MISS:       1835 MSHR_MERGE:          0
cpu6->cpu6_STLB RFO          ACCESS:          0 HIT:          0 MISS:          0 MSHR_MERGE:          0
cpu6->cpu6_STLB PREFETCH     ACCESS:          0 HIT:          0 MISS:          0 MSHR_MERGE:          0
cpu6->cpu6_STLB WRITE        ACCESS:          0 HIT:          0 MISS:          0 MSHR_MERGE:          0
cpu6->cpu6_STLB TRANSLATION  ACCESS:          0 HIT:          0 MISS:          0 MSHR_MERGE:          0
cpu6->cpu6_STLB PREFETCH REQUESTED:          0 ISSUED:          0 USEFUL:          0 USELESS:          0
cpu6->cpu6_STLB AVERAGE MISS LATENCY: 933 cycles
cpu0->cpu6_L2C TOTAL        ACCESS:        590 HIT:        411 MISS:        179 MSHR_MERGE:          0
cpu0->cpu6_L2C LOAD         ACCESS:          0 HIT:          0 MISS:          0 MSHR_MERGE:          0
cpu0->cpu6_L2C RFO          ACCESS:          0 HIT:          0 MISS:          0 MSHR_MERGE:          0
cpu0->cpu6_L2C PREFETCH     ACCESS:          0 HIT:          0 MISS:          0 MSHR_MERGE:          0
cpu0->cpu6_L2C WRITE        ACCESS:        590 HIT:        411 MISS:        179 MSHR_MERGE:          0
cpu0->cpu6_L2C TRANSLATION  ACCESS:          0 HIT:          0 MISS:          0 MSHR_MERGE:          0
cpu0->cpu6_L2C PREFETCH REQUESTED:      69556 ISSUED:      69556 USEFUL:        461 USELESS:         15
cpu0->cpu6_L2C AVERAGE MISS LATENCY: 2.388e+05 cycles
cpu6->cpu6_L2C TOTAL        ACCESS:     310971 HIT:      93653 MISS:     217318 MSHR_MERGE:      17605
cpu6->cpu6_L2C LOAD         ACCESS:       6209 HIT:       5052 MISS:       1157 MSHR_MERGE:         41
cpu6->cpu6_L2C RFO          ACCESS:      98340 HIT:        910 MISS:      97430 MSHR_MERGE:          0
cpu6->cpu6_L2C PREFETCH     ACCESS:     105239 HIT:      34381 MISS:      70858 MSHR_MERGE:      17564
cpu6->cpu6_L2C WRITE        ACCESS:      98848 HIT:      53310 MISS:      45538 MSHR_MERGE:          0
cpu6->cpu6_L2C TRANSLATION  ACCESS:       2335 HIT:          0 MISS:       2335 MSHR_MERGE:          0
cpu6->cpu6_L2C PREFETCH REQUESTED:      69556 ISSUED:      69556 USEFUL:        461 USELESS:         15
cpu6->cpu6_L2C AVERAGE MISS LATENCY: 291.9 cycles
cpu6_L2C FLUSH STALL CYCLES: 25583
cpu6->cpu6_L1I TOTAL        ACCESS:   47772933 HIT:   47772932 MISS:          1 MSHR_MERGE:          0
cpu6->cpu6_L1I LOAD         ACCESS:   27850280 HIT:   27850280 MISS:          0 MSHR_MERGE:          0
cpu6->cpu6_L1I RFO          ACCESS:          0 HIT:          0 MISS:          0 MSHR_MERGE:          0
cpu6->cpu6_L1I PREFETCH     ACCESS:   19922653 HIT:   19922652 MISS:          1 MSHR_MERGE:          0
cpu6->cpu6_L1I WRITE        ACCESS:          0 HIT:          0 MISS:          0 MSHR_MERGE:          0
cpu6->cpu6_L1I TRANSLATION  ACCESS:          0 HIT:          0 MISS:          0 MSHR_MERGE:          0
cpu6->cpu6_L1I PREFETCH REQUESTED:   27850280 ISSUED:   19922653 USEFUL:          0 USELESS:          0
cpu6->cpu6_L1I AVERAGE MISS LATENCY: - cycles
cpu6->cpu6_L1D TOTAL        ACCESS:  138661992 HIT:  137887489 MISS:     774503 MSHR_MERGE:     631911
cpu6->cpu6_L1D LOAD         ACCESS:  111953577 HIT:  111942173 MISS:      11404 MSHR_MERGE:       5195
cpu6->cpu6_L1D RFO          ACCESS:          0 HIT:          0 MISS:          0 MSHR_MERGE:          0
cpu6->cpu6_L1D PREFETCH     ACCESS:     708013 HIT:     669330 MISS:      38683 MSHR_MERGE:       2983
cpu6->cpu6_L1D WRITE        ACCESS:   25996729 HIT:   25274649 MISS:     722080 MSHR_MERGE:     623732
cpu6->cpu6_L1D TRANSLATION  ACCESS:       3673 HIT:       1337 MISS:       2336 MSHR_MERGE:          1
cpu6->cpu6_L1D PREFETCH REQUESTED:     708013 ISSUED:     708013 USEFUL:      15143 USELESS:         18
cpu6->cpu6_L1D AVERAGE MISS LATENCY: 407.8 cycles
cpu6_L1D FLUSH STALL CYCLES: 526
cpu6->cpu6_ITLB TOTAL        ACCESS:   35192326 HIT:   35192326 MISS:          0 MSHR_MERGE:          0
cpu6->cpu6_ITLB LOAD         ACCESS:   35192326 HIT:   35192326 MISS:          0 MSHR_MERGE:          0
cpu6->cpu6_ITLB RFO          ACCESS:          0 HIT:          0 MISS:          0 MSHR_MERGE:          0
cpu6->cpu6_ITLB PREFETCH     ACCESS:          0 HIT:          0 MISS:          0 MSHR_MERGE:          0
cpu6->cpu6_ITLB WRITE        ACCESS:          0 HIT:          0 MISS:          0 MSHR_MERGE:          0
cpu6->cpu6_ITLB TRANSLATION  ACCESS:          0 HIT:          0 MISS:          0 MSHR_MERGE:          0
cpu6->cpu6_ITLB PREFETCH REQUESTED:          0 ISSUED:          0 USEFUL:          0 USELESS:          0
cpu6->cpu6_ITLB AVERAGE MISS LATENCY: - cycles
cpu6->cpu6_DTLB TOTAL        ACCESS:  128544591 HIT:  128524411 MISS:      20180 MSHR_MERGE:      18252
cpu6->cpu6_DTLB LOAD         ACCESS:  128544591 HIT:  128524411 MISS:      20180 MSHR_MERGE:      18252
cpu6->cpu6_DTLB RFO          ACCESS:          0 HIT:          0 MISS:          0 MSHR_MERGE:          0
cpu6->cpu6_DTLB PREFETCH     ACCESS:          0 HIT:          0 MISS:          0 MSHR_MERGE:          0
cpu6->cpu6_DTLB WRITE        ACCESS:          0 HIT:          0 MISS:          0 MSHR_MERGE:          0
cpu6->cpu6_DTLB TRANSLATION  ACCESS:          0 HIT:          0 MISS:          0 MSHR_MERGE:          0
cpu6->cpu6_DTLB PREFETCH REQUESTED:          0 ISSUED:          0 USEFUL:          0 USELESS:          0
cpu6->cpu6_DTLB AVERAGE MISS LATENCY: 894 cycles
cpu5->cpu5_STLB TOTAL        ACCESS:    1349884 HIT:    1222601 MISS:     127283 MSHR_MERGE:          0
cpu5->cpu5_STLB LOAD         ACCESS:    1349884 HIT:    1222601 MISS:     127283 MSHR_MERGE:          0
cpu5->cpu5_STLB RFO          ACCESS:          0 HIT:          0 MISS:          0 MSHR_MERGE:          0
cpu5->cpu5_STLB PREFETCH     ACCESS:          0 HIT:          0 MISS:          0 MSHR_MERGE:          0
cpu5->cpu5_STLB WRITE        ACCESS:          0 HIT:          0 MISS:          0 MSHR_MERGE:          0
cpu5->cpu5_STLB TRANSLATION  ACCESS:          0 HIT:          0 MISS:          0 MSHR_MERGE:          0
cpu5->cpu5_STLB PREFETCH REQUESTED:          0 ISSUED:          0 USEFUL:          0 USELESS:          0
cpu5->cpu5_STLB AVERAGE MISS LATENCY: 498.1 cycles
cpu0->cpu5_L2C TOTAL        ACCESS:        573 HIT:        571 MISS:          2 MSHR_MERGE:          0
cpu0->cpu5_L2C LOAD         ACCESS:          0 HIT:          0 MISS:          0 MSHR_MERGE:          0
cpu0->cpu5_L2C RFO          ACCESS:          0 HIT:          0 MISS:          0 MSHR_MERGE:          0
cpu0->cpu5_L2C PREFETCH     ACCESS:          0 HIT:          0 MISS:          0 MSHR_MERGE:          0
cpu0->cpu5_L2C WRITE        ACCESS:        573 HIT:        571 MISS:          2 MSHR_MERGE:          0
cpu0->cpu5_L2C TRANSLATION  ACCESS:          0 HIT:          0 MISS:          0 MSHR_MERGE:          0
cpu0->cpu5_L2C PREFETCH REQUESTED:     902553 ISSUED:     902553 USEFUL:       7175 USELESS:         94
cpu0->cpu5_L2C AVERAGE MISS LATENCY: 7.374e+07 cycles
cpu5->cpu5_L2C TOTAL        ACCESS:    3705066 HIT:    2899290 MISS:     805776 MSHR_MERGE:     192363
cpu5->cpu5_L2C LOAD         ACCESS:    1009841 HIT:     792500 MISS:     217341 MSHR_MERGE:       5486
cpu5->cpu5_L2C RFO          ACCESS:     385280 HIT:     300873 MISS:      84407 MSHR_MERGE:          0
cpu5->cpu5_L2C PREFETCH     ACCESS:     998700 HIT:     733955 MISS:     264745 MSHR_MERGE:     186877
cpu5->cpu5_L2C WRITE        ACCESS:    1063098 HIT:    1030590 MISS:      32508 MSHR_MERGE:          0
cpu5->cpu5_L2C TRANSLATION  ACCESS:     248147 HIT:      41372 MISS:     206775 MSHR_MERGE:          0
cpu5->cpu5_L2C PREFETCH REQUESTED:     902553 ISSUED:     902553 USEFUL:       7175 USELESS:         94
cpu5->cpu5_L2C AVERAGE MISS LATENCY: 272.6 cycles
cpu5_L2C FLUSH STALL CYCLES: 28031
cpu5->cpu5_L1I TOTAL        ACCESS:   17233643 HIT:   17227405 MISS:       6238 MSHR_MERGE:       4299
cpu5->cpu5_L1I LOAD         ACCESS:    8667815 HIT:    8664984 MISS:       2831 MSHR_MERGE:       1722
cpu5->cpu5_L1I RFO          ACCESS:          0 HIT:          0 MISS:          0 MSHR_MERGE:          0
cpu5->cpu5_L1I PREFETCH     ACCESS:    8565828 HIT:    8562421 MISS:       3407 MSHR_MERGE:       2577
cpu5->cpu5_L1I WRITE        ACCESS:          0 HIT:          0 MISS:          0 MSHR_MERGE:          0
cpu5->cpu5_L1I TRANSLATION  ACCESS:          0 HIT:          0 MISS:          0 MSHR_MERGE:          0
cpu5->cpu5_L1I PREFETCH REQUESTED:    8667815 ISSUED:    8565796 USEFUL:        540 USELESS:        288
cpu5->cpu5_L1I AVERAGE MISS LATENCY: 51.1 cycles
cpu5->cpu5_L1D TOTAL        ACCESS:   64813084 HIT:   62139383 MISS:    2673701 MSHR_MERGE:     936209
cpu5->cpu5_L1D LOAD         ACCESS:   45114349 HIT:   43760382 MISS:    1353967 MSHR_MERGE:     345222
cpu5->cpu5_L1D RFO          ACCESS:          0 HIT:          0 MISS:          0 MSHR_MERGE:          0
cpu5->cpu5_L1D PREFETCH     ACCESS:    1036091 HIT:     931416 MISS:     104675 MSHR_MERGE:       9358
cpu5->cpu5_L1D WRITE        ACCESS:   18408078 HIT:   17442508 MISS:     965570 MSHR_MERGE:     580287
cpu5->cpu5_L1D TRANSLATION  ACCESS:     254566 HIT:       5077 MISS:     249489 MSHR_MERGE:       1342
cpu5->cpu5_L1D PREFETCH REQUESTED:    1040051 ISSUED:    1036087 USEFUL:      34206 USELESS:      60962
cpu5->cpu5_L1D AVERAGE MISS LATENCY: 99.77 cycles
cpu5_L1D FLUSH STALL CYCLES: 509
cpu5->cpu5_ITLB TOTAL        ACCESS:   12848027 HIT:   12848027 MISS:          0 MSHR_MERGE:          0
cpu5->cpu5_ITLB LOAD         ACCESS:   12848027 HIT:   12848027 MISS:          0 MSHR_MERGE:          0
cpu5->cpu5_ITLB RFO          ACCESS:          0 HIT:          0 MISS:          0 MSHR_MERGE:          0
cpu5->cpu5_ITLB PREFETCH     ACCESS:          0 HIT:          0 MISS:          0 MSHR_MERGE:          0
cpu5->cpu5_ITLB WRITE        ACCESS:          0 HIT:          0 MISS:          0 MSHR_MERGE:          0
cpu5->cpu5_ITLB TRANSLATION  ACCESS:          0 HIT:          0 MISS:          0 MSHR_MERGE:          0
cpu5->cpu5_ITLB PREFETCH REQUESTED:          0 ISSUED:          0 USEFUL:          0 USELESS:          0
cpu5->cpu5_ITLB AVERAGE MISS LATENCY: - cycles
cpu5->cpu5_DTLB TOTAL        ACCESS:   60877841 HIT:   59320836 MISS:    1557005 MSHR_MERGE:     207121
cpu5->cpu5_DTLB LOAD         ACCESS:   60877841 HIT:   59320836 MISS:    1557005 MSHR_MERGE:     207121
cpu5->cpu5_DTLB RFO          ACCESS:          0 HIT:          0 MISS:          0 MSHR_MERGE:          0
cpu5->cpu5_DTLB PREFETCH     ACCESS:          0 HIT:          0 MISS:          0 MSHR_MERGE:          0
cpu5->cpu5_DTLB WRITE        ACCESS:          0 HIT:          0 MISS:          0 MSHR_MERGE:          0
cpu5->cpu5_DTLB TRANSLATION  ACCESS:          0 HIT:          0 MISS:          0 MSHR_MERGE:          0
cpu5->cpu5_DTLB PREFETCH REQUESTED:          0 ISSUED:          0 USEFUL:          0 USELESS:          0
cpu5->cpu5_DTLB AVERAGE MISS LATENCY: 52.06 cycles
cpu4->cpu4_STLB TOTAL        ACCESS:      12992 HIT:          3 MISS:      12989 MSHR_MERGE:          0
cpu4->cpu4_STLB LOAD         ACCESS:      12992 HIT:          3 MISS:      12989 MSHR_MERGE:          0
cpu4->cpu4_STLB RFO          ACCESS:          0 HIT:          0 MISS:          0 MSHR_MERGE:          0
cpu4->cpu4_STLB PREFETCH     ACCESS:          0 HIT:          0 MISS:          0 MSHR_MERGE:          0
cpu4->cpu4_STLB WRITE        ACCESS:          0 HIT:          0 MISS:          0 MSHR_MERGE:          0
cpu4->cpu4_STLB TRANSLATION  ACCESS:          0 HIT:          0 MISS:          0 MSHR_MERGE:          0
cpu4->cpu4_STLB PREFETCH REQUESTED:          0 ISSUED:          0 USEFUL:          0 USELESS:          0
cpu4->cpu4_STLB AVERAGE MISS LATENCY: 779.1 cycles
cpu0->cpu4_L2C TOTAL        ACCESS:          9 HIT:          0 MISS:          9 MSHR_MERGE:          0
cpu0->cpu4_L2C LOAD         ACCESS:          0 HIT:          0 MISS:          0 MSHR_MERGE:          0
cpu0->cpu4_L2C RFO          ACCESS:          0 HIT:          0 MISS:          0 MSHR_MERGE:          0
cpu0->cpu4_L2C PREFETCH     ACCESS:          0 HIT:          0 MISS:          0 MSHR_MERGE:          0
cpu0->cpu4_L2C WRITE        ACCESS:          9 HIT:          0 MISS:          9 MSHR_MERGE:          0
cpu0->cpu4_L2C TRANSLATION  ACCESS:          0 HIT:          0 MISS:          0 MSHR_MERGE:          0
cpu0->cpu4_L2C PREFETCH REQUESTED:   16404732 ISSUED:   16404732 USEFUL:     606012 USELESS:          2
cpu0->cpu4_L2C AVERAGE MISS LATENCY: 1.938e+06 cycles
cpu4->cpu4_L2C TOTAL        ACCESS:   17246618 HIT:     605059 MISS:   16641559 MSHR_MERGE:       1768
cpu4->cpu4_L2C LOAD         ACCESS:     826887 HIT:     604972 MISS:     221915 MSHR_MERGE:       1510
cpu4->cpu4_L2C RFO          ACCESS:         40 HIT:          9 MISS:         31 MSHR_MERGE:          0
cpu4->cpu4_L2C PREFETCH     ACCESS:   16404921 HIT:          7 MISS:   16404914 MSHR_MERGE:        258
cpu4->cpu4_L2C WRITE        ACCESS:         79 HIT:         63 MISS:         16 MSHR_MERGE:          0
cpu4->cpu4_L2C TRANSLATION  ACCESS:      14691 HIT:          8 MISS:      14683 MSHR_MERGE:          0
cpu4->cpu4_L2C PREFETCH REQUESTED:   16404732 ISSUED:   16404732 USEFUL:     606012 USELESS:          2
cpu4->cpu4_L2C AVERAGE MISS LATENCY: 73.69 cycles
cpu4->cpu4_L1I TOTAL        ACCESS:  224367561 HIT:  224367032 MISS:        529 MSHR_MERGE:        197
cpu4->cpu4_L1I LOAD         ACCESS:  124093147 HIT:  124092931 MISS:        216 MSHR_MERGE:         68
cpu4->cpu4_L1I RFO          ACCESS:          0 HIT:          0 MISS:          0 MSHR_MERGE:          0
cpu4->cpu4_L1I PREFETCH     ACCESS:  100274414 HIT:  100274101 MISS:        313 MSHR_MERGE:        129
cpu4->cpu4_L1I WRITE        ACCESS:          0 HIT:          0 MISS:          0 MSHR_MERGE:          0
cpu4->cpu4_L1I TRANSLATION  ACCESS:          0 HIT:          0 MISS:          0 MSHR_MERGE:          0
cpu4->cpu4_L1I PREFETCH REQUESTED:  124093147 ISSUED:  100274382 USEFUL:         94 USELESS:         36
cpu4->cpu4_L1I AVERAGE MISS LATENCY: 301.5 cycles
cpu4->cpu4_L1D TOTAL        ACCESS:  132232686 HIT:  131168906 MISS:    1063780 MSHR_MERGE:     222303
cpu4->cpu4_L1D LOAD         ACCESS:  105676666 HIT:  104627675 MISS:    1048991 MSHR_MERGE:     222250
cpu4->cpu4_L1D RFO          ACCESS:          0 HIT:          0 MISS:          0 MSHR_MERGE:          0
cpu4->cpu4_L1D PREFETCH     ACCESS:         19 HIT:          8 MISS:         11 MSHR_MERGE:          6
cpu4->cpu4_L1D WRITE        ACCESS:   26529998 HIT:   26529912 MISS:         86 MSHR_MERGE:         46
cpu4->cpu4_L1D TRANSLATION  ACCESS:      26003 HIT:      11311 MISS:      14692 MSHR_MERGE:          1
cpu4->cpu4_L1D PREFETCH REQUESTED:         19 ISSUED:         19 USEFUL:          2 USELESS:          2
cpu4->cpu4_L1D AVERAGE MISS LATENCY: 30.95 cycles
cpu4->cpu4_ITLB TOTAL        ACCESS:  158588071 HIT:  158588031 MISS:         40 MSHR_MERGE:         12
cpu4->cpu4_ITLB LOAD         ACCESS:  158588071 HIT:  158588031 MISS:         40 MSHR_MERGE:         12
cpu4->cpu4_ITLB RFO          ACCESS:          0 HIT:          0 MISS:          0 MSHR_MERGE:          0
cpu4->cpu4_ITLB PREFETCH     ACCESS:          0 HIT:          0 MISS:          0 MSHR_MERGE:          0
cpu4->cpu4_ITLB WRITE        ACCESS:          0 HIT:          0 MISS:          0 MSHR_MERGE:          0
cpu4->cpu4_ITLB TRANSLATION  ACCESS:          0 HIT:          0 MISS:          0 MSHR_MERGE:          0
cpu4->cpu4_ITLB PREFETCH REQUESTED:          0 ISSUED:          0 USEFUL:          0 USELESS:          0
cpu4->cpu4_ITLB AVERAGE MISS LATENCY: 913 cycles
cpu4->cpu4_DTLB TOTAL        ACCESS:  121776734 HIT:  121750808 MISS:      25926 MSHR_MERGE:      12962
cpu4->cpu4_DTLB LOAD         ACCESS:  121776734 HIT:  121750808 MISS:      25926 MSHR_MERGE:      12962
cpu4->cpu4_DTLB RFO          ACCESS:          0 HIT:          0 MISS:          0 MSHR_MERGE:          0
cpu4->cpu4_DTLB PREFETCH     ACCESS:          0 HIT:          0 MISS:          0 MSHR_MERGE:          0
cpu4->cpu4_DTLB WRITE        ACCESS:          0 HIT:          0 MISS:          0 MSHR_MERGE:          0
cpu4->cpu4_DTLB TRANSLATION  ACCESS:          0 HIT:          0 MISS:          0 MSHR_MERGE:          0
cpu4->cpu4_DTLB PREFETCH REQUESTED:          0 ISSUED:          0 USEFUL:          0 USELESS:          0
cpu4->cpu4_DTLB AVERAGE MISS LATENCY: 784.7 cycles
cpu3->cpu3_STLB TOTAL        ACCESS:       2510 HIT:       1512 MISS:        998 MSHR_MERGE:          0
cpu3->cpu3_STLB LOAD         ACCESS:       2510 HIT:       1512 MISS:        998 MSHR_MERGE:          0
cpu3->cpu3_STLB RFO          ACCESS:          0 HIT:          0 MISS:          0 MSHR_MERGE:          0
cpu3->cpu3_STLB PREFETCH     ACCESS:          0 HIT:          0 MISS:          0 MSHR_MERGE:          0
cpu3->cpu3_STLB WRITE        ACCESS:          0 HIT:          0 MISS:          0 MSHR_MERGE:          0
cpu3->cpu3_STLB TRANSLATION  ACCESS:          0 HIT:          0 MISS:          0 MSHR_MERGE:          0
cpu3->cpu3_STLB PREFETCH REQUESTED:          0 ISSUED:          0 USEFUL:          0 USELESS:          0
cpu3->cpu3_STLB AVERAGE MISS LATENCY: 1147 cycles
cpu0->cpu3_L2C TOTAL        ACCESS:        578 HIT:        488 MISS:         90 MSHR_MERGE:          0
cpu0->cpu3_L2C LOAD         ACCESS:          0 HIT:          0 MISS:          0 MSHR_MERGE:          0
cpu0->cpu3_L2C RFO          ACCESS:          0 HIT:          0 MISS:          0 MSHR_MERGE:          0
cpu0->cpu3_L2C PREFETCH     ACCESS:          0 HIT:          0 MISS:          0 MSHR_MERGE:          0
cpu0->cpu3_L2C WRITE        ACCESS:        578 HIT:        488 MISS:         90 MSHR_MERGE:          0
cpu0->cpu3_L2C TRANSLATION  ACCESS:          0 HIT:          0 MISS:          0 MSHR_MERGE:          0
cpu0->cpu3_L2C PREFETCH REQUESTED:         11 ISSUED:         11 USEFUL:          0 USELESS:          0
cpu0->cpu3_L2C AVERAGE MISS LATENCY: 1.284e+05 cycles
cpu3->cpu3_L2C TOTAL        ACCESS:     129308 HIT:      94066 MISS:      35242 MSHR_MERGE:          5
cpu3->cpu3_L2C LOAD         ACCESS:      20336 HIT:      20329 MISS:          7 MSHR_MERGE:          0
cpu3->cpu3_L2C RFO          ACCESS:      32920 HIT:       1827 MISS:      31093 MSHR_MERGE:          0
cpu3->cpu3_L2C PREFETCH     ACCESS:      40778 HIT:      40755 MISS:         23 MSHR_MERGE:          5
cpu3->cpu3_L2C WRITE        ACCESS:      32877 HIT:      30688 MISS:       2189 MSHR_MERGE:          0
cpu3->cpu3_L2C TRANSLATION  ACCESS:       2397 HIT:        467 MISS:       1930 MSHR_MERGE:          0
cpu3->cpu3_L2C PREFETCH REQUESTED:         11 ISSUED:         11 USEFUL:          0 USELESS:          0
cpu3->cpu3_L2C AVERAGE MISS LATENCY: 328.1 cycles
cpu3_L2C FLUSH STALL CYCLES: 29425
cpu3->cpu3_L1I TOTAL        ACCESS:  183862381 HIT:  183720197 MISS:     142184 MSHR_MERGE:      81106
cpu3->cpu3_L1I LOAD         ACCESS:   98766648 HIT:   98746330 MISS:      20318 MSHR_MERGE:          1
cpu3->cpu3_L1I RFO          ACCESS:          0 HIT:          0 MISS:          0 MSHR_MERGE:          0
cpu3->cpu3_L1I PREFETCH     ACCESS:   85095733 HIT:   84973867 MISS:     121866 MSHR_MERGE:      81105
cpu3->cpu3_L1I WRITE        ACCESS:          0 HIT:          0 MISS:          0 MSHR_MERGE:          0
cpu3->cpu3_L1I TRANSLATION  ACCESS:          0 HIT:          0 MISS:          0 MSHR_MERGE:          0
cpu3->cpu3_L1I PREFETCH REQUESTED:   98766648 ISSUED:   85095701 USEFUL:         41 USELESS:      40708
cpu3->cpu3_L1I AVERAGE MISS LATENCY: 9.057 cycles
cpu3->cpu3_L1D TOTAL        ACCESS:  151045150 HIT:  151007864 MISS:      37286 MSHR_MERGE:       1943
cpu3->cpu3_L1D LOAD         ACCESS:   58761445 HIT:   58761426 MISS:         19 MSHR_MERGE:          0
cpu3->cpu3_L1D RFO          ACCESS:          0 HIT:          0 MISS:          0 MSHR_MERGE:          0
cpu3->cpu3_L1D PREFETCH     ACCESS:     143239 HIT:     143233 MISS:          6 MSHR_MERGE:          0
cpu3->cpu3_L1D WRITE        ACCESS:   92137910 HIT:   92103046 MISS:      34864 MSHR_MERGE:       1943
cpu3->cpu3_L1D TRANSLATION  ACCESS:       2556 HIT:        159 MISS:       2397 MSHR_MERGE:          0
cpu3->cpu3_L1D PREFETCH REQUESTED:     143239 ISSUED:     143239 USEFUL:          6 USELESS:          0
cpu3->cpu3_L1D AVERAGE MISS LATENCY: 337.5 cycles
cpu3_L1D FLUSH STALL CYCLES: 514
cpu3->cpu3_ITLB TOTAL        ACCESS:  152175463 HIT:  152175463 MISS:          0 MSHR_MERGE:          0
cpu3->cpu3_ITLB LOAD         ACCESS:  152175463 HIT:  152175463 MISS:          0 MSHR_MERGE:          0
cpu3->cpu3_ITLB RFO          ACCESS:          0 HIT:          0 MISS:          0 MSHR_MERGE:          0
cpu3->cpu3_ITLB PREFETCH     ACCESS:          0 HIT:          0 MISS:          0 MSHR_MERGE:          0
cpu3->cpu3_ITLB WRITE        ACCESS:          0 HIT:          0 MISS:          0 MSHR_MERGE:          0
cpu3->cpu3_ITLB TRANSLATION  ACCESS:          0 HIT:          0 MISS:          0 MSHR_MERGE:          0
cpu3->cpu3_ITLB PREFETCH REQUESTED:          0 ISSUED:          0 USEFUL:          0 USELESS:          0
cpu3->cpu3_ITLB AVERAGE MISS LATENCY: - cycles
cpu3->cpu3_DTLB TOTAL        ACCESS:  137737962 HIT:  137735045 MISS:       2917 MSHR_MERGE:        407
cpu3->cpu3_DTLB LOAD         ACCESS:  137737962 HIT:  137735045 MISS:       2917 MSHR_MERGE:        407
cpu3->cpu3_DTLB RFO          ACCESS:          0 HIT:          0 MISS:          0 MSHR_MERGE:          0
cpu3->cpu3_DTLB PREFETCH     ACCESS:          0 HIT:          0 MISS:          0 MSHR_MERGE:          0
cpu3->cpu3_DTLB WRITE        ACCESS:          0 HIT:          0 MISS:          0 MSHR_MERGE:          0
cpu3->cpu3_DTLB TRANSLATION  ACCESS:          0 HIT:          0 MISS:          0 MSHR_MERGE:          0
cpu3->cpu3_DTLB PREFETCH REQUESTED:          0 ISSUED:          0 USEFUL:          0 USELESS:          0
cpu3->cpu3_DTLB AVERAGE MISS LATENCY: 461.4 cycles
cpu31->cpu31_STLB TOTAL        ACCESS:       3450 HIT:          0 MISS:       3450 MSHR_MERGE:          0
cpu31->cpu31_STLB LOAD         ACCESS:       3450 HIT:          0 MISS:       3450 MSHR_MERGE:          0
cpu31->cpu31_STLB RFO          ACCESS:          0 HIT:          0 MISS:          0 MSHR_MERGE:          0
cpu31->cpu31_STLB PREFETCH     ACCESS:          0 HIT:          0 MISS:          0 MSHR_MERGE:          0
cpu31->cpu31_STLB WRITE        ACCESS:          0 HIT:          0 MISS:          0 MSHR_MERGE:          0
cpu31->cpu31_STLB TRANSLATION  ACCESS:          0 HIT:          0 MISS:          0 MSHR_MERGE:          0
cpu31->cpu31_STLB PREFETCH REQUESTED:          0 ISSUED:          0 USEFUL:          0 USELESS:          0
cpu31->cpu31_STLB AVERAGE MISS LATENCY: 810.8 cycles
cpu0->cpu31_L2C TOTAL        ACCESS:         15 HIT:          0 MISS:         15 MSHR_MERGE:          0
cpu0->cpu31_L2C LOAD         ACCESS:          0 HIT:          0 MISS:          0 MSHR_MERGE:          0
cpu0->cpu31_L2C RFO          ACCESS:          0 HIT:          0 MISS:          0 MSHR_MERGE:          0
cpu0->cpu31_L2C PREFETCH     ACCESS:          0 HIT:          0 MISS:          0 MSHR_MERGE:          0
cpu0->cpu31_L2C WRITE        ACCESS:         15 HIT:          0 MISS:         15 MSHR_MERGE:          0
cpu0->cpu31_L2C TRANSLATION  ACCESS:          0 HIT:          0 MISS:          0 MSHR_MERGE:          0
cpu0->cpu31_L2C PREFETCH REQUESTED:    4220024 ISSUED:    4101253 USEFUL:      77393 USELESS:      65200
cpu0->cpu31_L2C AVERAGE MISS LATENCY: 1.737e+05 cycles
cpu31->cpu31_L2C TOTAL        ACCESS:    4325951 HIT:      75697 MISS:    4250254 MSHR_MERGE:      86449
cpu31->cpu31_L2C LOAD         ACCESS:      10374 HIT:       3435 MISS:       6939 MSHR_MERGE:       1697
cpu31->cpu31_L2C RFO          ACCESS:          0 HIT:          0 MISS:          0 MSHR_MERGE:          0
cpu31->cpu31_L2C PREFETCH     ACCESS:    4311689 HIT:      72261 MISS:    4239428 MSHR_MERGE:      84752
cpu31->cpu31_L2C WRITE        ACCESS:          0 HIT:          0 MISS:          0 MSHR_MERGE:          0
cpu31->cpu31_L2C TRANSLATION  ACCESS:       3888 HIT:          1 MISS:       3887 MSHR_MERGE:          0
cpu31->cpu31_L2C PREFETCH REQUESTED:    4220024 ISSUED:    4101253 USEFUL:      77393 USELESS:      65200
cpu31->cpu31_L2C AVERAGE MISS LATENCY: 240.6 cycles
cpu31->cpu31_L1I TOTAL        ACCESS:  179527307 HIT:  179527306 MISS:          1 MSHR_MERGE:          0
cpu31->cpu31_L1I LOAD         ACCESS:   91839293 HIT:   91839293 MISS:          0 MSHR_MERGE:          0
cpu31->cpu31_L1I RFO          ACCESS:          0 HIT:          0 MISS:          0 MSHR_MERGE:          0
cpu31->cpu31_L1I PREFETCH     ACCESS:   87688014 HIT:   87688013 MISS:          1 MSHR_MERGE:          0
cpu31->cpu31_L1I WRITE        ACCESS:          0 HIT:          0 MISS:          0 MSHR_MERGE:          0
cpu31->cpu31_L1I TRANSLATION  ACCESS:          0 HIT:          0 MISS:          0 MSHR_MERGE:          0
cpu31->cpu31_L1I PREFETCH REQUESTED:   91839293 ISSUED:   87687982 USEFUL:          0 USELESS:          0
cpu31->cpu31_L1I AVERAGE MISS LATENCY: - cycles
cpu31->cpu31_L1D TOTAL        ACCESS:   78372867 HIT:   77945473 MISS:     427394 MSHR_MERGE:     202696
cpu31->cpu31_L1D LOAD         ACCESS:   25562416 HIT:   25449428 MISS:     112988 MSHR_MERGE:     102614
cpu31->cpu31_L1D RFO          ACCESS:          0 HIT:          0 MISS:          0 MSHR_MERGE:          0
cpu31->cpu31_L1D PREFETCH     ACCESS:   41763263 HIT:   41452746 MISS:     310517 MSHR_MERGE:     100082
cpu31->cpu31_L1D WRITE        ACCESS:   11040281 HIT:   11040280 MISS:          1 MSHR_MERGE:          0
cpu31->cpu31_L1D TRANSLATION  ACCESS:       6907 HIT:       3019 MISS:       3888 MSHR_MERGE:          0
cpu31->cpu31_L1D PREFETCH REQUESTED:   41763263 ISSUED:   41763263 USEFUL:     210432 USELESS:          0
cpu31->cpu31_L1D AVERAGE MISS LATENCY: 193 cycles
cpu31->cpu31_ITLB TOTAL        ACCESS:  121343634 HIT:  121343634 MISS:          0 MSHR_MERGE:          0
cpu31->cpu31_ITLB LOAD         ACCESS:  121343634 HIT:  121343634 MISS:          0 MSHR_MERGE:          0
cpu31->cpu31_ITLB RFO          ACCESS:          0 HIT:          0 MISS:          0 MSHR_MERGE:          0
cpu31->cpu31_ITLB PREFETCH     ACCESS:          0 HIT:          0 MISS:          0 MSHR_MERGE:          0
cpu31->cpu31_ITLB WRITE        ACCESS:          0 HIT:          0 MISS:          0 MSHR_MERGE:          0
cpu31->cpu31_ITLB TRANSLATION  ACCESS:          0 HIT:          0 MISS:          0 MSHR_MERGE:          0
cpu31->cpu31_ITLB PREFETCH REQUESTED:          0 ISSUED:          0 USEFUL:          0 USELESS:          0
cpu31->cpu31_ITLB AVERAGE MISS LATENCY: - cycles
cpu31->cpu31_DTLB TOTAL        ACCESS:   35486611 HIT:   35445211 MISS:      41400 MSHR_MERGE:      37950
cpu31->cpu31_DTLB LOAD         ACCESS:   35486611 HIT:   35445211 MISS:      41400 MSHR_MERGE:      37950
cpu31->cpu31_DTLB RFO          ACCESS:          0 HIT:          0 MISS:          0 MSHR_MERGE:          0
cpu31->cpu31_DTLB PREFETCH     ACCESS:          0 HIT:          0 MISS:          0 MSHR_MERGE:          0
cpu31->cpu31_DTLB WRITE        ACCESS:          0 HIT:          0 MISS:          0 MSHR_MERGE:          0
cpu31->cpu31_DTLB TRANSLATION  ACCESS:          0 HIT:          0 MISS:          0 MSHR_MERGE:          0
cpu31->cpu31_DTLB PREFETCH REQUESTED:          0 ISSUED:          0 USEFUL:          0 USELESS:          0
cpu31->cpu31_DTLB AVERAGE MISS LATENCY: 816.8 cycles
cpu30->cpu30_STLB TOTAL        ACCESS:       3438 HIT:          0 MISS:       3438 MSHR_MERGE:          0
cpu30->cpu30_STLB LOAD         ACCESS:       3438 HIT:          0 MISS:       3438 MSHR_MERGE:          0
cpu30->cpu30_STLB RFO          ACCESS:          0 HIT:          0 MISS:          0 MSHR_MERGE:          0
cpu30->cpu30_STLB PREFETCH     ACCESS:          0 HIT:          0 MISS:          0 MSHR_MERGE:          0
cpu30->cpu30_STLB WRITE        ACCESS:          0 HIT:          0 MISS:          0 MSHR_MERGE:          0
cpu30->cpu30_STLB TRANSLATION  ACCESS:          0 HIT:          0 MISS:          0 MSHR_MERGE:          0
cpu30->cpu30_STLB PREFETCH REQUESTED:          0 ISSUED:          0 USEFUL:          0 USELESS:          0
cpu30->cpu30_STLB AVERAGE MISS LATENCY: 822.3 cycles
cpu0->cpu30_L2C TOTAL        ACCESS:         15 HIT:          0 MISS:         15 MSHR_MERGE:          0
cpu0->cpu30_L2C LOAD         ACCESS:          0 HIT:          0 MISS:          0 MSHR_MERGE:          0
cpu0->cpu30_L2C RFO          ACCESS:          0 HIT:          0 MISS:          0 MSHR_MERGE:          0
cpu0->cpu30_L2C PREFETCH     ACCESS:          0 HIT:          0 MISS:          0 MSHR_MERGE:          0
cpu0->cpu30_L2C WRITE        ACCESS:         15 HIT:          0 MISS:         15 MSHR_MERGE:          0
cpu0->cpu30_L2C TRANSLATION  ACCESS:          0 HIT:          0 MISS:          0 MSHR_MERGE:          0
cpu0->cpu30_L2C PREFETCH REQUESTED:    2450780 ISSUED:    2374707 USEFUL:      36733 USELESS:      19074
cpu0->cpu30_L2C AVERAGE MISS LATENCY: 1.959e+05 cycles
cpu30->cpu30_L2C TOTAL        ACCESS:    2598599 HIT:      61622 MISS:    2536977 MSHR_MERGE:     123276
cpu30->cpu30_L2C LOAD         ACCESS:      19799 HIT:       4955 MISS:      14844 MSHR_MERGE:        366
cpu30->cpu30_L2C RFO          ACCESS:          0 HIT:          0 MISS:          0 MSHR_MERGE:          0
cpu30->cpu30_L2C PREFETCH     ACCESS:    2574926 HIT:      56667 MISS:    2518259 MSHR_MERGE:     122910
cpu30->cpu30_L2C WRITE        ACCESS:          0 HIT:          0 MISS:          0 MSHR_MERGE:          0
cpu30->cpu30_L2C TRANSLATION  ACCESS:       3874 HIT:          0 MISS:       3874 MSHR_MERGE:          0
cpu30->cpu30_L2C PREFETCH REQUESTED:    2450780 ISSUED:    2374707 USEFUL:      36733 USELESS:      19074
cpu30->cpu30_L2C AVERAGE MISS LATENCY: 157 cycles
cpu30->cpu30_L1I TOTAL        ACCESS:  178639924 HIT:  178639924 MISS:          0 MSHR_MERGE:          0
cpu30->cpu30_L1I LOAD         ACCESS:   91463207 HIT:   91463207 MISS:          0 MSHR_MERGE:          0
cpu30->cpu30_L1I RFO          ACCESS:          0 HIT:          0 MISS:          0 MSHR_MERGE:          0
cpu30->cpu30_L1I PREFETCH     ACCESS:   87176717 HIT:   87176717 MISS:          0 MSHR_MERGE:          0
cpu30->cpu30_L1I WRITE        ACCESS:          0 HIT:          0 MISS:          0 MSHR_MERGE:          0
cpu30->cpu30_L1I TRANSLATION  ACCESS:          0 HIT:          0 MISS:          0 MSHR_MERGE:          0
cpu30->cpu30_L1I PREFETCH REQUESTED:   91463207 ISSUED:   87176685 USEFUL:          0 USELESS:          0
cpu30->cpu30_L1I AVERAGE MISS LATENCY: - cycles
cpu30->cpu30_L1D TOTAL        ACCESS:   78029786 HIT:   77526151 MISS:     503635 MSHR_MERGE:     279743
cpu30->cpu30_L1D LOAD         ACCESS:   25516715 HIT:   25299867 MISS:     216848 MSHR_MERGE:     197049
cpu30->cpu30_L1D RFO          ACCESS:          0 HIT:          0 MISS:          0 MSHR_MERGE:          0
cpu30->cpu30_L1D PREFETCH     ACCESS:   41505388 HIT:   41222475 MISS:     282913 MSHR_MERGE:      82694
cpu30->cpu30_L1D WRITE        ACCESS:   11000800 HIT:   11000800 MISS:          0 MSHR_MERGE:          0
cpu30->cpu30_L1D TRANSLATION  ACCESS:       6883 HIT:       3009 MISS:       3874 MSHR_MERGE:          0
cpu30->cpu30_L1D PREFETCH REQUESTED:   41505388 ISSUED:   41505388 USEFUL:     200217 USELESS:          0
cpu30->cpu30_L1D AVERAGE MISS LATENCY: 131.3 cycles
cpu30->cpu30_ITLB TOTAL        ACCESS:  120449728 HIT:  120449728 MISS:          0 MSHR_MERGE:          0
cpu30->cpu30_ITLB LOAD         ACCESS:  120449728 HIT:  120449728 MISS:          0 MSHR_MERGE:          0
cpu30->cpu30_ITLB RFO          ACCESS:          0 HIT:          0 MISS:          0 MSHR_MERGE:          0
cpu30->cpu30_ITLB PREFETCH     ACCESS:          0 HIT:          0 MISS:          0 MSHR_MERGE:          0
cpu30->cpu30_ITLB WRITE        ACCESS:          0 HIT:          0 MISS:          0 MSHR_MERGE:          0
cpu30->cpu30_ITLB TRANSLATION  ACCESS:          0 HIT:          0 MISS:          0 MSHR_MERGE:          0
cpu30->cpu30_ITLB PREFETCH REQUESTED:          0 ISSUED:          0 USEFUL:          0 USELESS:          0
cpu30->cpu30_ITLB AVERAGE MISS LATENCY: - cycles
cpu30->cpu30_DTLB TOTAL        ACCESS:   35328548 HIT:   35287345 MISS:      41203 MSHR_MERGE:      37765
cpu30->cpu30_DTLB LOAD         ACCESS:   35328548 HIT:   35287345 MISS:      41203 MSHR_MERGE:      37765
cpu30->cpu30_DTLB RFO          ACCESS:          0 HIT:          0 MISS:          0 MSHR_MERGE:          0
cpu30->cpu30_DTLB PREFETCH     ACCESS:          0 HIT:          0 MISS:          0 MSHR_MERGE:          0
cpu30->cpu30_DTLB WRITE        ACCESS:          0 HIT:          0 MISS:          0 MSHR_MERGE:          0
cpu30->cpu30_DTLB TRANSLATION  ACCESS:          0 HIT:          0 MISS:          0 MSHR_MERGE:          0
cpu30->cpu30_DTLB PREFETCH REQUESTED:          0 ISSUED:          0 USEFUL:          0 USELESS:          0
cpu30->cpu30_DTLB AVERAGE MISS LATENCY: 828.3 cycles
cpu2->cpu2_STLB TOTAL        ACCESS:     153408 HIT:     152986 MISS:        422 MSHR_MERGE:          0
cpu2->cpu2_STLB LOAD         ACCESS:     153408 HIT:     152986 MISS:        422 MSHR_MERGE:          0
cpu2->cpu2_STLB RFO          ACCESS:          0 HIT:          0 MISS:          0 MSHR_MERGE:          0
cpu2->cpu2_STLB PREFETCH     ACCESS:          0 HIT:          0 MISS:          0 MSHR_MERGE:          0
cpu2->cpu2_STLB WRITE        ACCESS:          0 HIT:          0 MISS:          0 MSHR_MERGE:          0
cpu2->cpu2_STLB TRANSLATION  ACCESS:          0 HIT:          0 MISS:          0 MSHR_MERGE:          0
cpu2->cpu2_STLB PREFETCH REQUESTED:          0 ISSUED:          0 USEFUL:          0 USELESS:          0
cpu2->cpu2_STLB AVERAGE MISS LATENCY: 1094 cycles
cpu0->cpu2_L2C TOTAL        ACCESS:        395 HIT:        389 MISS:          6 MSHR_MERGE:          0
cpu0->cpu2_L2C LOAD         ACCESS:          0 HIT:          0 MISS:          0 MSHR_MERGE:          0
cpu0->cpu2_L2C RFO          ACCESS:          0 HIT:          0 MISS:          0 MSHR_MERGE:          0
cpu0->cpu2_L2C PREFETCH     ACCESS:          0 HIT:          0 MISS:          0 MSHR_MERGE:          0
cpu0->cpu2_L2C WRITE        ACCESS:        395 HIT:        389 MISS:          6 MSHR_MERGE:          0
cpu0->cpu2_L2C TRANSLATION  ACCESS:          0 HIT:          0 MISS:          0 MSHR_MERGE:          0
cpu0->cpu2_L2C PREFETCH REQUESTED:     329213 ISSUED:     329213 USEFUL:          7 USELESS:          1
cpu0->cpu2_L2C AVERAGE MISS LATENCY: 1.594e+05 cycles
cpu2->cpu2_L2C TOTAL        ACCESS:    1112029 HIT:    1089223 MISS:      22806 MSHR_MERGE:       1781
cpu2->cpu2_L2C LOAD         ACCESS:     473235 HIT:     471183 MISS:       2052 MSHR_MERGE:          0
cpu2->cpu2_L2C RFO          ACCESS:      59021 HIT:      59011 MISS:         10 MSHR_MERGE:          0
cpu2->cpu2_L2C PREFETCH     ACCESS:     452862 HIT:     432976 MISS:      19886 MSHR_MERGE:       1781
cpu2->cpu2_L2C WRITE        ACCESS:     126069 HIT:     126047 MISS:         22 MSHR_MERGE:          0
cpu2->cpu2_L2C TRANSLATION  ACCESS:        842 HIT:          6 MISS:        836 MSHR_MERGE:          0
cpu2->cpu2_L2C PREFETCH REQUESTED:     329213 ISSUED:     329213 USEFUL:          7 USELESS:          1
cpu2->cpu2_L2C AVERAGE MISS LATENCY: 327.4 cycles
cpu2_L2C FLUSH STALL CYCLES: 20978
cpu2->cpu2_L1I TOTAL        ACCESS:   74985084 HIT:   74716923 MISS:     268161 MSHR_MERGE:     141032
cpu2->cpu2_L1I LOAD         ACCESS:   38059594 HIT:   37923853 MISS:     135741 MSHR_MERGE:      64069
cpu2->cpu2_L1I RFO          ACCESS:          0 HIT:          0 MISS:          0 MSHR_MERGE:          0
cpu2->cpu2_L1I PREFETCH     ACCESS:   36925490 HIT:   36793070 MISS:     132420 MSHR_MERGE:      76963
cpu2->cpu2_L1I WRITE        ACCESS:          0 HIT:          0 MISS:          0 MSHR_MERGE:          0
cpu2->cpu2_L1I TRANSLATION  ACCESS:          0 HIT:          0 MISS:          0 MSHR_MERGE:          0
cpu2->cpu2_L1I PREFETCH REQUESTED:   38059594 ISSUED:   36925477 USEFUL:      31048 USELESS:      24412
cpu2->cpu2_L1I AVERAGE MISS LATENCY: 8.997 cycles
cpu2->cpu2_L1D TOTAL        ACCESS:  104631846 HIT:  103966930 MISS:     664916 MSHR_MERGE:     135268
cpu2->cpu2_L1D LOAD         ACCESS:   58619604 HIT:   58202084 MISS:     417520 MSHR_MERGE:      15948
cpu2->cpu2_L1D RFO          ACCESS:          0 HIT:          0 MISS:          0 MSHR_MERGE:          0
cpu2->cpu2_L1D PREFETCH     ACCESS:    5839996 HIT:    5745012 MISS:      94984 MSHR_MERGE:      26792
cpu2->cpu2_L1D WRITE        ACCESS:   40171402 HIT:   40019832 MISS:     151570 MSHR_MERGE:      92528
cpu2->cpu2_L1D TRANSLATION  ACCESS:        844 HIT:          2 MISS:        842 MSHR_MERGE:          0
cpu2->cpu2_L1D PREFETCH REQUESTED:    5840664 ISSUED:    5839996 USEFUL:      50058 USELESS:      18092
cpu2->cpu2_L1D AVERAGE MISS LATENCY: 11.99 cycles
cpu2_L1D FLUSH STALL CYCLES: 331
cpu2->cpu2_ITLB TOTAL        ACCESS:   60324833 HIT:   60324833 MISS:          0 MSHR_MERGE:          0
cpu2->cpu2_ITLB LOAD         ACCESS:   60324833 HIT:   60324833 MISS:          0 MSHR_MERGE:          0
cpu2->cpu2_ITLB RFO          ACCESS:          0 HIT:          0 MISS:          0 MSHR_MERGE:          0
cpu2->cpu2_ITLB PREFETCH     ACCESS:          0 HIT:          0 MISS:          0 MSHR_MERGE:          0
cpu2->cpu2_ITLB WRITE        ACCESS:          0 HIT:          0 MISS:          0 MSHR_MERGE:          0
cpu2->cpu2_ITLB TRANSLATION  ACCESS:          0 HIT:          0 MISS:          0 MSHR_MERGE:          0
cpu2->cpu2_ITLB PREFETCH REQUESTED:          0 ISSUED:          0 USEFUL:          0 USELESS:          0
cpu2->cpu2_ITLB AVERAGE MISS LATENCY: - cycles
cpu2->cpu2_DTLB TOTAL        ACCESS:   92462811 HIT:   92292199 MISS:     170612 MSHR_MERGE:      17204
cpu2->cpu2_DTLB LOAD         ACCESS:   92462811 HIT:   92292199 MISS:     170612 MSHR_MERGE:      17204
cpu2->cpu2_DTLB RFO          ACCESS:          0 HIT:          0 MISS:          0 MSHR_MERGE:          0
cpu2->cpu2_DTLB PREFETCH     ACCESS:          0 HIT:          0 MISS:          0 MSHR_MERGE:          0
cpu2->cpu2_DTLB WRITE        ACCESS:          0 HIT:          0 MISS:          0 MSHR_MERGE:          0
cpu2->cpu2_DTLB TRANSLATION  ACCESS:          0 HIT:          0 MISS:          0 MSHR_MERGE:          0
cpu2->cpu2_DTLB PREFETCH REQUESTED:          0 ISSUED:          0 USEFUL:          0 USELESS:          0
cpu2->cpu2_DTLB AVERAGE MISS LATENCY: 8.011 cycles
cpu29->cpu29_STLB TOTAL        ACCESS:       1149 HIT:          0 MISS:       1149 MSHR_MERGE:          0
cpu29->cpu29_STLB LOAD         ACCESS:       1149 HIT:          0 MISS:       1149 MSHR_MERGE:          0
cpu29->cpu29_STLB RFO          ACCESS:          0 HIT:          0 MISS:          0 MSHR_MERGE:          0
cpu29->cpu29_STLB PREFETCH     ACCESS:          0 HIT:          0 MISS:          0 MSHR_MERGE:          0
cpu29->cpu29_STLB WRITE        ACCESS:          0 HIT:          0 MISS:          0 MSHR_MERGE:          0
cpu29->cpu29_STLB TRANSLATION  ACCESS:          0 HIT:          0 MISS:          0 MSHR_MERGE:          0
cpu29->cpu29_STLB PREFETCH REQUESTED:          0 ISSUED:          0 USEFUL:          0 USELESS:          0
cpu29->cpu29_STLB AVERAGE MISS LATENCY: 817.5 cycles
cpu0->cpu29_L2C TOTAL        ACCESS:        730 HIT:        677 MISS:         53 MSHR_MERGE:          0
cpu0->cpu29_L2C LOAD         ACCESS:          0 HIT:          0 MISS:          0 MSHR_MERGE:          0
cpu0->cpu29_L2C RFO          ACCESS:          0 HIT:          0 MISS:          0 MSHR_MERGE:          0
cpu0->cpu29_L2C PREFETCH     ACCESS:          0 HIT:          0 MISS:          0 MSHR_MERGE:          0
cpu0->cpu29_L2C WRITE        ACCESS:        730 HIT:        677 MISS:         53 MSHR_MERGE:          0
cpu0->cpu29_L2C TRANSLATION  ACCESS:          0 HIT:          0 MISS:          0 MSHR_MERGE:          0
cpu0->cpu29_L2C PREFETCH REQUESTED:    1429332 ISSUED:    1193767 USEFUL:      38954 USELESS:         77
cpu0->cpu29_L2C AVERAGE MISS LATENCY: 2.667e+04 cycles
cpu29->cpu29_L2C TOTAL        ACCESS:    1343408 HIT:     103419 MISS:    1239989 MSHR_MERGE:      28390
cpu29->cpu29_L2C LOAD         ACCESS:      45326 HIT:      32084 MISS:      13242 MSHR_MERGE:          0
cpu29->cpu29_L2C RFO          ACCESS:        248 HIT:        244 MISS:          4 MSHR_MERGE:          0
cpu29->cpu29_L2C PREFETCH     ACCESS:    1222606 HIT:       8589 MISS:    1214017 MSHR_MERGE:      28390
cpu29->cpu29_L2C WRITE        ACCESS:      73934 HIT:      62501 MISS:      11433 MSHR_MERGE:          0
cpu29->cpu29_L2C TRANSLATION  ACCESS:       1294 HIT:          1 MISS:       1293 MSHR_MERGE:          0
cpu29->cpu29_L2C PREFETCH REQUESTED:    1429332 ISSUED:    1193767 USEFUL:      38954 USELESS:         77
cpu29->cpu29_L2C AVERAGE MISS LATENCY: 54.43 cycles
cpu29_L2C FLUSH STALL CYCLES: 32222
cpu29->cpu29_L1I TOTAL        ACCESS:  166920734 HIT:  166920734 MISS:          0 MSHR_MERGE:          0
cpu29->cpu29_L1I LOAD         ACCESS:   83460399 HIT:   83460399 MISS:          0 MSHR_MERGE:          0
cpu29->cpu29_L1I RFO          ACCESS:          0 HIT:          0 MISS:          0 MSHR_MERGE:          0
cpu29->cpu29_L1I PREFETCH     ACCESS:   83460335 HIT:   83460335 MISS:          0 MSHR_MERGE:          0
cpu29->cpu29_L1I WRITE        ACCESS:          0 HIT:          0 MISS:          0 MSHR_MERGE:          0
cpu29->cpu29_L1I TRANSLATION  ACCESS:          0 HIT:          0 MISS:          0 MSHR_MERGE:          0
cpu29->cpu29_L1I PREFETCH REQUESTED:   83460399 ISSUED:   83460303 USEFUL:          0 USELESS:          0
cpu29->cpu29_L1I AVERAGE MISS LATENCY: - cycles
cpu29->cpu29_L1D TOTAL        ACCESS:   66776764 HIT:   66653686 MISS:     123078 MSHR_MERGE:      47371
cpu29->cpu29_L1D LOAD         ACCESS:   49348533 HIT:   49256610 MISS:      91923 MSHR_MERGE:      46597
cpu29->cpu29_L1D RFO          ACCESS:          0 HIT:          0 MISS:          0 MSHR_MERGE:          0
cpu29->cpu29_L1D PREFETCH     ACCESS:      30574 HIT:       1723 MISS:      28851 MSHR_MERGE:         12
cpu29->cpu29_L1D WRITE        ACCESS:   17395357 HIT:   17394347 MISS:       1010 MSHR_MERGE:        762
cpu29->cpu29_L1D TRANSLATION  ACCESS:       2300 HIT:       1006 MISS:       1294 MSHR_MERGE:          0
cpu29->cpu29_L1D PREFETCH REQUESTED:      30574 ISSUED:      30574 USEFUL:      28839 USELESS:          0
cpu29->cpu29_L1D AVERAGE MISS LATENCY: 38.76 cycles
cpu29_L1D FLUSH STALL CYCLES: 666
cpu29->cpu29_ITLB TOTAL        ACCESS:  135840106 HIT:  135840106 MISS:          0 MSHR_MERGE:          0
cpu29->cpu29_ITLB LOAD         ACCESS:  135840106 HIT:  135840106 MISS:          0 MSHR_MERGE:          0
cpu29->cpu29_ITLB RFO          ACCESS:          0 HIT:          0 MISS:          0 MSHR_MERGE:          0
cpu29->cpu29_ITLB PREFETCH     ACCESS:          0 HIT:          0 MISS:          0 MSHR_MERGE:          0
cpu29->cpu29_ITLB WRITE        ACCESS:          0 HIT:          0 MISS:          0 MSHR_MERGE:          0
cpu29->cpu29_ITLB TRANSLATION  ACCESS:          0 HIT:          0 MISS:          0 MSHR_MERGE:          0
cpu29->cpu29_ITLB PREFETCH REQUESTED:          0 ISSUED:          0 USEFUL:          0 USELESS:          0
cpu29->cpu29_ITLB AVERAGE MISS LATENCY: - cycles
cpu29->cpu29_DTLB TOTAL        ACCESS:   66175878 HIT:   66173481 MISS:       2397 MSHR_MERGE:       1248
cpu29->cpu29_DTLB LOAD         ACCESS:   66175878 HIT:   66173481 MISS:       2397 MSHR_MERGE:       1248
cpu29->cpu29_DTLB RFO          ACCESS:          0 HIT:          0 MISS:          0 MSHR_MERGE:          0
cpu29->cpu29_DTLB PREFETCH     ACCESS:          0 HIT:          0 MISS:          0 MSHR_MERGE:          0
cpu29->cpu29_DTLB WRITE        ACCESS:          0 HIT:          0 MISS:          0 MSHR_MERGE:          0
cpu29->cpu29_DTLB TRANSLATION  ACCESS:          0 HIT:          0 MISS:          0 MSHR_MERGE:          0
cpu29->cpu29_DTLB PREFETCH REQUESTED:          0 ISSUED:          0 USEFUL:          0 USELESS:          0
cpu29->cpu29_DTLB AVERAGE MISS LATENCY: 823.5 cycles
cpu28->cpu28_STLB TOTAL        ACCESS:       1929 HIT:         94 MISS:       1835 MSHR_MERGE:          0
cpu28->cpu28_STLB LOAD         ACCESS:       1929 HIT:         94 MISS:       1835 MSHR_MERGE:          0
cpu28->cpu28_STLB RFO          ACCESS:          0 HIT:          0 MISS:          0 MSHR_MERGE:          0
cpu28->cpu28_STLB PREFETCH     ACCESS:          0 HIT:          0 MISS:          0 MSHR_MERGE:          0
cpu28->cpu28_STLB WRITE        ACCESS:          0 HIT:          0 MISS:          0 MSHR_MERGE:          0
cpu28->cpu28_STLB TRANSLATION  ACCESS:          0 HIT:          0 MISS:          0 MSHR_MERGE:          0
cpu28->cpu28_STLB PREFETCH REQUESTED:          0 ISSUED:          0 USEFUL:          0 USELESS:          0
cpu28->cpu28_STLB AVERAGE MISS LATENCY: 944.5 cycles
cpu0->cpu28_L2C TOTAL        ACCESS:        590 HIT:        532 MISS:         58 MSHR_MERGE:          0
cpu0->cpu28_L2C LOAD         ACCESS:          0 HIT:          0 MISS:          0 MSHR_MERGE:          0
cpu0->cpu28_L2C RFO          ACCESS:          0 HIT:          0 MISS:          0 MSHR_MERGE:          0
cpu0->cpu28_L2C PREFETCH     ACCESS:          0 HIT:          0 MISS:          0 MSHR_MERGE:          0
cpu0->cpu28_L2C WRITE        ACCESS:        590 HIT:        532 MISS:         58 MSHR_MERGE:          0
cpu0->cpu28_L2C TRANSLATION  ACCESS:          0 HIT:          0 MISS:          0 MSHR_MERGE:          0
cpu0->cpu28_L2C PREFETCH REQUESTED:      70352 ISSUED:      70352 USEFUL:        492 USELESS:         24
cpu0->cpu28_L2C AVERAGE MISS LATENCY: 7.429e+05 cycles
cpu28->cpu28_L2C TOTAL        ACCESS:     311966 HIT:      92967 MISS:     218999 MSHR_MERGE:      17832
cpu28->cpu28_L2C LOAD         ACCESS:       6172 HIT:       4995 MISS:       1177 MSHR_MERGE:         31
cpu28->cpu28_L2C RFO          ACCESS:      98343 HIT:        937 MISS:      97406 MSHR_MERGE:          0
cpu28->cpu28_L2C PREFETCH     ACCESS:     106265 HIT:      34234 MISS:      72031 MSHR_MERGE:      17801
cpu28->cpu28_L2C WRITE        ACCESS:      98851 HIT:      52801 MISS:      46050 MSHR_MERGE:          0
cpu28->cpu28_L2C TRANSLATION  ACCESS:       2335 HIT:          0 MISS:       2335 MSHR_MERGE:          0
cpu28->cpu28_L2C PREFETCH REQUESTED:      70352 ISSUED:      70352 USEFUL:        492 USELESS:         24
cpu28->cpu28_L2C AVERAGE MISS LATENCY: 293.2 cycles
cpu28_L2C FLUSH STALL CYCLES: 25877
cpu28->cpu28_L1I TOTAL        ACCESS:   47762932 HIT:   47762931 MISS:          1 MSHR_MERGE:          0
cpu28->cpu28_L1I LOAD         ACCESS:   27845026 HIT:   27845026 MISS:          0 MSHR_MERGE:          0
cpu28->cpu28_L1I RFO          ACCESS:          0 HIT:          0 MISS:          0 MSHR_MERGE:          0
cpu28->cpu28_L1I PREFETCH     ACCESS:   19917906 HIT:   19917905 MISS:          1 MSHR_MERGE:          0
cpu28->cpu28_L1I WRITE        ACCESS:          0 HIT:          0 MISS:          0 MSHR_MERGE:          0
cpu28->cpu28_L1I TRANSLATION  ACCESS:          0 HIT:          0 MISS:          0 MSHR_MERGE:          0
cpu28->cpu28_L1I PREFETCH REQUESTED:   27845026 ISSUED:   19917906 USEFUL:          0 USELESS:          0
cpu28->cpu28_L1I AVERAGE MISS LATENCY: - cycles
cpu28->cpu28_L1D TOTAL        ACCESS:  138634945 HIT:  137860324 MISS:     774621 MSHR_MERGE:     631840
cpu28->cpu28_L1D LOAD         ACCESS:  111933228 HIT:  111921837 MISS:      11391 MSHR_MERGE:       5219
cpu28->cpu28_L1D RFO          ACCESS:          0 HIT:          0 MISS:          0 MSHR_MERGE:          0
cpu28->cpu28_L1D PREFETCH     ACCESS:     707998 HIT:     668964 MISS:      39034 MSHR_MERGE:       3109
cpu28->cpu28_L1D WRITE        ACCESS:   25990046 HIT:   25268186 MISS:     721860 MSHR_MERGE:     623511
cpu28->cpu28_L1D TRANSLATION  ACCESS:       3673 HIT:       1337 MISS:       2336 MSHR_MERGE:          1
cpu28->cpu28_L1D PREFETCH REQUESTED:     707998 ISSUED:     707998 USEFUL:      15188 USELESS:         20
cpu28->cpu28_L1D AVERAGE MISS LATENCY: 411 cycles
cpu28_L1D FLUSH STALL CYCLES: 526
cpu28->cpu28_ITLB TOTAL        ACCESS:   35186684 HIT:   35186684 MISS:          0 MSHR_MERGE:          0
cpu28->cpu28_ITLB LOAD         ACCESS:   35186684 HIT:   35186684 MISS:          0 MSHR_MERGE:          0
cpu28->cpu28_ITLB RFO          ACCESS:          0 HIT:          0 MISS:          0 MSHR_MERGE:          0
cpu28->cpu28_ITLB PREFETCH     ACCESS:          0 HIT:          0 MISS:          0 MSHR_MERGE:          0
cpu28->cpu28_ITLB WRITE        ACCESS:          0 HIT:          0 MISS:          0 MSHR_MERGE:          0
cpu28->cpu28_ITLB TRANSLATION  ACCESS:          0 HIT:          0 MISS:          0 MSHR_MERGE:          0
cpu28->cpu28_ITLB PREFETCH REQUESTED:          0 ISSUED:          0 USEFUL:          0 USELESS:          0
cpu28->cpu28_ITLB AVERAGE MISS LATENCY: - cycles
cpu28->cpu28_DTLB TOTAL        ACCESS:  128520001 HIT:  128499816 MISS:      20185 MSHR_MERGE:      18256
cpu28->cpu28_DTLB LOAD         ACCESS:  128520001 HIT:  128499816 MISS:      20185 MSHR_MERGE:      18256
cpu28->cpu28_DTLB RFO          ACCESS:          0 HIT:          0 MISS:          0 MSHR_MERGE:          0
cpu28->cpu28_DTLB PREFETCH     ACCESS:          0 HIT:          0 MISS:          0 MSHR_MERGE:          0
cpu28->cpu28_DTLB WRITE        ACCESS:          0 HIT:          0 MISS:          0 MSHR_MERGE:          0
cpu28->cpu28_DTLB TRANSLATION  ACCESS:          0 HIT:          0 MISS:          0 MSHR_MERGE:          0
cpu28->cpu28_DTLB PREFETCH REQUESTED:          0 ISSUED:          0 USEFUL:          0 USELESS:          0
cpu28->cpu28_DTLB AVERAGE MISS LATENCY: 904.4 cycles
cpu27->cpu27_STLB TOTAL        ACCESS:         35 HIT:          0 MISS:         35 MSHR_MERGE:          0
cpu27->cpu27_STLB LOAD         ACCESS:         35 HIT:          0 MISS:         35 MSHR_MERGE:          0
cpu27->cpu27_STLB RFO          ACCESS:          0 HIT:          0 MISS:          0 MSHR_MERGE:          0
cpu27->cpu27_STLB PREFETCH     ACCESS:          0 HIT:          0 MISS:          0 MSHR_MERGE:          0
cpu27->cpu27_STLB WRITE        ACCESS:          0 HIT:          0 MISS:          0 MSHR_MERGE:          0
cpu27->cpu27_STLB TRANSLATION  ACCESS:          0 HIT:          0 MISS:          0 MSHR_MERGE:          0
cpu27->cpu27_STLB PREFETCH REQUESTED:          0 ISSUED:          0 USEFUL:          0 USELESS:          0
cpu27->cpu27_STLB AVERAGE MISS LATENCY: 984.1 cycles
cpu0->cpu27_L2C TOTAL        ACCESS:        260 HIT:        260 MISS:          0 MSHR_MERGE:          0
cpu0->cpu27_L2C LOAD         ACCESS:          0 HIT:          0 MISS:          0 MSHR_MERGE:          0
cpu0->cpu27_L2C RFO          ACCESS:          0 HIT:          0 MISS:          0 MSHR_MERGE:          0
cpu0->cpu27_L2C PREFETCH     ACCESS:          0 HIT:          0 MISS:          0 MSHR_MERGE:          0
cpu0->cpu27_L2C WRITE        ACCESS:        260 HIT:        260 MISS:          0 MSHR_MERGE:          0
cpu0->cpu27_L2C TRANSLATION  ACCESS:          0 HIT:          0 MISS:          0 MSHR_MERGE:          0
cpu0->cpu27_L2C PREFETCH REQUESTED:      62918 ISSUED:      62819 USEFUL:        147 USELESS:          0
cpu0->cpu27_L2C AVERAGE MISS LATENCY: - cycles
cpu27->cpu27_L2C TOTAL        ACCESS:      85368 HIT:      78934 MISS:       6434 MSHR_MERGE:        859
cpu27->cpu27_L2C LOAD         ACCESS:      15122 HIT:      14556 MISS:        566 MSHR_MERGE:         19
cpu27->cpu27_L2C RFO          ACCESS:         59 HIT:          1 MISS:         58 MSHR_MERGE:          0
cpu27->cpu27_L2C PREFETCH     ACCESS:      70126 HIT:      64375 MISS:       5751 MSHR_MERGE:        840
cpu27->cpu27_L2C WRITE        ACCESS:          2 HIT:          2 MISS:          0 MSHR_MERGE:          0
cpu27->cpu27_L2C TRANSLATION  ACCESS:         59 HIT:          0 MISS:         59 MSHR_MERGE:          0
cpu27->cpu27_L2C PREFETCH REQUESTED:      62918 ISSUED:      62819 USEFUL:        147 USELESS:          0
cpu27->cpu27_L2C AVERAGE MISS LATENCY: 254.1 cycles
cpu27->cpu27_L1I TOTAL        ACCESS:  153618146 HIT:  153549246 MISS:      68900 MSHR_MERGE:      46529
cpu27->cpu27_L1I LOAD         ACCESS:   82602538 HIT:   82569698 MISS:      32840 MSHR_MERGE:      17757
cpu27->cpu27_L1I RFO          ACCESS:          0 HIT:          0 MISS:          0 MSHR_MERGE:          0
cpu27->cpu27_L1I PREFETCH     ACCESS:   71015608 HIT:   70979548 MISS:      36060 MSHR_MERGE:      28772
cpu27->cpu27_L1I WRITE        ACCESS:          0 HIT:          0 MISS:          0 MSHR_MERGE:          0
cpu27->cpu27_L1I TRANSLATION  ACCESS:          0 HIT:          0 MISS:          0 MSHR_MERGE:          0
cpu27->cpu27_L1I PREFETCH REQUESTED:   82602596 ISSUED:   71015576 USEFUL:       6287 USELESS:        977
cpu27->cpu27_L1I AVERAGE MISS LATENCY: 17.88 cycles
cpu27->cpu27_L1D TOTAL        ACCESS:  211417915 HIT:  211417122 MISS:        793 MSHR_MERGE:        617
cpu27->cpu27_L1D LOAD         ACCESS:   81706359 HIT:   81706246 MISS:        113 MSHR_MERGE:         74
cpu27->cpu27_L1D RFO          ACCESS:          0 HIT:          0 MISS:          0 MSHR_MERGE:          0
cpu27->cpu27_L1D PREFETCH     ACCESS:   15166383 HIT:   15166348 MISS:         35 MSHR_MERGE:         16
cpu27->cpu27_L1D WRITE        ACCESS:  114545102 HIT:  114544516 MISS:        586 MSHR_MERGE:        527
cpu27->cpu27_L1D TRANSLATION  ACCESS:         71 HIT:         12 MISS:         59 MSHR_MERGE:          0
cpu27->cpu27_L1D PREFETCH REQUESTED:   17461053 ISSUED:   15166367 USEFUL:         13 USELESS:          3
cpu27->cpu27_L1D AVERAGE MISS LATENCY: 329.5 cycles
cpu27_L1D FLUSH STALL CYCLES: 196
cpu27->cpu27_ITLB TOTAL        ACCESS:  106018422 HIT:  106018371 MISS:         51 MSHR_MERGE:         27
cpu27->cpu27_ITLB LOAD         ACCESS:  106018422 HIT:  106018371 MISS:         51 MSHR_MERGE:         27
cpu27->cpu27_ITLB RFO          ACCESS:          0 HIT:          0 MISS:          0 MSHR_MERGE:          0
cpu27->cpu27_ITLB PREFETCH     ACCESS:          0 HIT:          0 MISS:          0 MSHR_MERGE:          0
cpu27->cpu27_ITLB WRITE        ACCESS:          0 HIT:          0 MISS:          0 MSHR_MERGE:          0
cpu27->cpu27_ITLB TRANSLATION  ACCESS:          0 HIT:          0 MISS:          0 MSHR_MERGE:          0
cpu27->cpu27_ITLB PREFETCH REQUESTED:          0 ISSUED:          0 USEFUL:          0 USELESS:          0
cpu27->cpu27_ITLB AVERAGE MISS LATENCY: 964.7 cycles
cpu27->cpu27_DTLB TOTAL        ACCESS:  166353087 HIT:  166353059 MISS:         28 MSHR_MERGE:         17
cpu27->cpu27_DTLB LOAD         ACCESS:  166353087 HIT:  166353059 MISS:         28 MSHR_MERGE:         17
cpu27->cpu27_DTLB RFO          ACCESS:          0 HIT:          0 MISS:          0 MSHR_MERGE:          0
cpu27->cpu27_DTLB PREFETCH     ACCESS:          0 HIT:          0 MISS:          0 MSHR_MERGE:          0
cpu27->cpu27_DTLB WRITE        ACCESS:          0 HIT:          0 MISS:          0 MSHR_MERGE:          0
cpu27->cpu27_DTLB TRANSLATION  ACCESS:          0 HIT:          0 MISS:          0 MSHR_MERGE:          0
cpu27->cpu27_DTLB PREFETCH REQUESTED:          0 ISSUED:          0 USEFUL:          0 USELESS:          0
cpu27->cpu27_DTLB AVERAGE MISS LATENCY: 1045 cycles
cpu26->cpu26_STLB TOTAL        ACCESS:     632892 HIT:     621101 MISS:      11791 MSHR_MERGE:          0
cpu26->cpu26_STLB LOAD         ACCESS:     632892 HIT:     621101 MISS:      11791 MSHR_MERGE:          0
cpu26->cpu26_STLB RFO          ACCESS:          0 HIT:          0 MISS:          0 MSHR_MERGE:          0
cpu26->cpu26_STLB PREFETCH     ACCESS:          0 HIT:          0 MISS:          0 MSHR_MERGE:          0
cpu26->cpu26_STLB WRITE        ACCESS:          0 HIT:          0 MISS:          0 MSHR_MERGE:          0
cpu26->cpu26_STLB TRANSLATION  ACCESS:          0 HIT:          0 MISS:          0 MSHR_MERGE:          0
cpu26->cpu26_STLB PREFETCH REQUESTED:          0 ISSUED:          0 USEFUL:          0 USELESS:          0
cpu26->cpu26_STLB AVERAGE MISS LATENCY: 902.7 cycles
cpu0->cpu26_L2C TOTAL        ACCESS:        255 HIT:        245 MISS:         10 MSHR_MERGE:          0
cpu0->cpu26_L2C LOAD         ACCESS:          0 HIT:          0 MISS:          0 MSHR_MERGE:          0
cpu0->cpu26_L2C RFO          ACCESS:          0 HIT:          0 MISS:          0 MSHR_MERGE:          0
cpu0->cpu26_L2C PREFETCH     ACCESS:          0 HIT:          0 MISS:          0 MSHR_MERGE:          0
cpu0->cpu26_L2C WRITE        ACCESS:        255 HIT:        245 MISS:         10 MSHR_MERGE:          0
cpu0->cpu26_L2C TRANSLATION  ACCESS:          0 HIT:          0 MISS:          0 MSHR_MERGE:          0
cpu0->cpu26_L2C PREFETCH REQUESTED:    5418708 ISSUED:    5217238 USEFUL:      71532 USELESS:       2391
cpu0->cpu26_L2C AVERAGE MISS LATENCY: 1.643e+07 cycles
cpu26->cpu26_L2C TOTAL        ACCESS:    8457327 HIT:    5543593 MISS:    2913734 MSHR_MERGE:     413619
cpu26->cpu26_L2C LOAD         ACCESS:    1904593 HIT:    1523889 MISS:     380704 MSHR_MERGE:      41859
cpu26->cpu26_L2C RFO          ACCESS:     369566 HIT:     101604 MISS:     267962 MSHR_MERGE:         36
cpu26->cpu26_L2C PREFETCH     ACCESS:    5713225 HIT:    3557826 MISS:    2155399 MSHR_MERGE:     371724
cpu26->cpu26_L2C WRITE        ACCESS:     451737 HIT:     360014 MISS:      91723 MSHR_MERGE:          0
cpu26->cpu26_L2C TRANSLATION  ACCESS:      18206 HIT:        260 MISS:      17946 MSHR_MERGE:          0
cpu26->cpu26_L2C PREFETCH REQUESTED:    5418708 ISSUED:    5217238 USEFUL:      71532 USELESS:       2391
cpu26->cpu26_L2C AVERAGE MISS LATENCY: 216.7 cycles
cpu26_L2C FLUSH STALL CYCLES: 20434
cpu26->cpu26_L1I TOTAL        ACCESS:  179914843 HIT:  176745101 MISS:    3169742 MSHR_MERGE:    1629800
cpu26->cpu26_L1I LOAD         ACCESS:   95482134 HIT:   93531892 MISS:    1950242 MSHR_MERGE:     817544
cpu26->cpu26_L1I RFO          ACCESS:          0 HIT:          0 MISS:          0 MSHR_MERGE:          0
cpu26->cpu26_L1I PREFETCH     ACCESS:   84432709 HIT:   83213209 MISS:    1219500 MSHR_MERGE:     812256
cpu26->cpu26_L1I WRITE        ACCESS:          0 HIT:          0 MISS:          0 MSHR_MERGE:          0
cpu26->cpu26_L1I TRANSLATION  ACCESS:          0 HIT:          0 MISS:          0 MSHR_MERGE:          0
cpu26->cpu26_L1I PREFETCH REQUESTED:   95496264 ISSUED:   84432677 USEFUL:     198082 USELESS:     209106
cpu26->cpu26_L1I AVERAGE MISS LATENCY: 10.45 cycles
cpu26->cpu26_L1D TOTAL        ACCESS:  130171140 HIT:  124299089 MISS:    5872051 MSHR_MERGE:    4622693
cpu26->cpu26_L1D LOAD         ACCESS:   76353958 HIT:   74465729 MISS:    1888229 MSHR_MERGE:    1116322
cpu26->cpu26_L1D RFO          ACCESS:          0 HIT:          0 MISS:          0 MSHR_MERGE:          0
cpu26->cpu26_L1D PREFETCH     ACCESS:    5326798 HIT:    5178163 MISS:     148635 MSHR_MERGE:      59133
cpu26->cpu26_L1D WRITE        ACCESS:   48466756 HIT:   44651229 MISS:    3815527 MSHR_MERGE:    3445784
cpu26->cpu26_L1D TRANSLATION  ACCESS:      23628 HIT:       3968 MISS:      19660 MSHR_MERGE:       1454
cpu26->cpu26_L1D PREFETCH REQUESTED:    5589293 ISSUED:    5326798 USEFUL:      36704 USELESS:      15251
cpu26->cpu26_L1D AVERAGE MISS LATENCY: 150.4 cycles
cpu26_L1D FLUSH STALL CYCLES: 191
cpu26->cpu26_ITLB TOTAL        ACCESS:  124242287 HIT:  124238160 MISS:       4127 MSHR_MERGE:       2804
cpu26->cpu26_ITLB LOAD         ACCESS:  124242287 HIT:  124238160 MISS:       4127 MSHR_MERGE:       2804
cpu26->cpu26_ITLB RFO          ACCESS:          0 HIT:          0 MISS:          0 MSHR_MERGE:          0
cpu26->cpu26_ITLB PREFETCH     ACCESS:          0 HIT:          0 MISS:          0 MSHR_MERGE:          0
cpu26->cpu26_ITLB WRITE        ACCESS:          0 HIT:          0 MISS:          0 MSHR_MERGE:          0
cpu26->cpu26_ITLB TRANSLATION  ACCESS:          0 HIT:          0 MISS:          0 MSHR_MERGE:          0
cpu26->cpu26_ITLB PREFETCH REQUESTED:          0 ISSUED:          0 USEFUL:          0 USELESS:          0
cpu26->cpu26_ITLB AVERAGE MISS LATENCY: 158.2 cycles
cpu26->cpu26_DTLB TOTAL        ACCESS:  116209649 HIT:  114948908 MISS:    1260741 MSHR_MERGE:     629172
cpu26->cpu26_DTLB LOAD         ACCESS:  116209649 HIT:  114948908 MISS:    1260741 MSHR_MERGE:     629172
cpu26->cpu26_DTLB RFO          ACCESS:          0 HIT:          0 MISS:          0 MSHR_MERGE:          0
cpu26->cpu26_DTLB PREFETCH     ACCESS:          0 HIT:          0 MISS:          0 MSHR_MERGE:          0
cpu26->cpu26_DTLB WRITE        ACCESS:          0 HIT:          0 MISS:          0 MSHR_MERGE:          0
cpu26->cpu26_DTLB TRANSLATION  ACCESS:          0 HIT:          0 MISS:          0 MSHR_MERGE:          0
cpu26->cpu26_DTLB PREFETCH REQUESTED:          0 ISSUED:          0 USEFUL:          0 USELESS:          0
cpu26->cpu26_DTLB AVERAGE MISS LATENCY: 21.55 cycles
cpu25->cpu25_STLB TOTAL        ACCESS:     235226 HIT:     230011 MISS:       5215 MSHR_MERGE:          0
cpu25->cpu25_STLB LOAD         ACCESS:     235226 HIT:     230011 MISS:       5215 MSHR_MERGE:          0
cpu25->cpu25_STLB RFO          ACCESS:          0 HIT:          0 MISS:          0 MSHR_MERGE:          0
cpu25->cpu25_STLB PREFETCH     ACCESS:          0 HIT:          0 MISS:          0 MSHR_MERGE:          0
cpu25->cpu25_STLB WRITE        ACCESS:          0 HIT:          0 MISS:          0 MSHR_MERGE:          0
cpu25->cpu25_STLB TRANSLATION  ACCESS:          0 HIT:          0 MISS:          0 MSHR_MERGE:          0
cpu25->cpu25_STLB PREFETCH REQUESTED:          0 ISSUED:          0 USEFUL:          0 USELESS:          0
cpu25->cpu25_STLB AVERAGE MISS LATENCY: 965.6 cycles
cpu0->cpu25_L2C TOTAL        ACCESS:        510 HIT:        443 MISS:         67 MSHR_MERGE:          0
cpu0->cpu25_L2C LOAD         ACCESS:          0 HIT:          0 MISS:          0 MSHR_MERGE:          0
cpu0->cpu25_L2C RFO          ACCESS:          0 HIT:          0 MISS:          0 MSHR_MERGE:          0
cpu0->cpu25_L2C PREFETCH     ACCESS:          0 HIT:          0 MISS:          0 MSHR_MERGE:          0
cpu0->cpu25_L2C WRITE        ACCESS:        510 HIT:        443 MISS:         67 MSHR_MERGE:          0
cpu0->cpu25_L2C TRANSLATION  ACCESS:          0 HIT:          0 MISS:          0 MSHR_MERGE:          0
cpu0->cpu25_L2C PREFETCH REQUESTED:    2316381 ISSUED:    2223990 USEFUL:      55320 USELESS:       1378
cpu0->cpu25_L2C AVERAGE MISS LATENCY: 9.993e+05 cycles
cpu25->cpu25_L2C TOTAL        ACCESS:    3142532 HIT:    1410162 MISS:    1732370 MSHR_MERGE:     245418
cpu25->cpu25_L2C LOAD         ACCESS:     541569 HIT:     317863 MISS:     223706 MSHR_MERGE:      29741
cpu25->cpu25_L2C RFO          ACCESS:     108168 HIT:      21998 MISS:      86170 MSHR_MERGE:          6
cpu25->cpu25_L2C PREFETCH     ACCESS:    2348965 HIT:     969503 MISS:    1379462 MSHR_MERGE:     215671
cpu25->cpu25_L2C WRITE        ACCESS:     135552 HIT:     100642 MISS:      34910 MSHR_MERGE:          0
cpu25->cpu25_L2C TRANSLATION  ACCESS:       8278 HIT:        156 MISS:       8122 MSHR_MERGE:          0
cpu25->cpu25_L2C PREFETCH REQUESTED:    2316381 ISSUED:    2223990 USEFUL:      55320 USELESS:       1378
cpu25->cpu25_L2C AVERAGE MISS LATENCY: 189.7 cycles
cpu25_L2C FLUSH STALL CYCLES: 16382
cpu25->cpu25_L1I TOTAL        ACCESS:  209154849 HIT:  208700156 MISS:     454693 MSHR_MERGE:     231492
cpu25->cpu25_L1I LOAD         ACCESS:  112766841 HIT:  112491519 MISS:     275322 MSHR_MERGE:     110875
cpu25->cpu25_L1I RFO          ACCESS:          0 HIT:          0 MISS:          0 MSHR_MERGE:          0
cpu25->cpu25_L1I PREFETCH     ACCESS:   96388008 HIT:   96208637 MISS:     179371 MSHR_MERGE:     120617
cpu25->cpu25_L1I WRITE        ACCESS:          0 HIT:          0 MISS:          0 MSHR_MERGE:          0
cpu25->cpu25_L1I TRANSLATION  ACCESS:          0 HIT:          0 MISS:          0 MSHR_MERGE:          0
cpu25->cpu25_L1I PREFETCH REQUESTED:  112768943 ISSUED:   96387976 USEFUL:      29138 USELESS:      29617
cpu25->cpu25_L1I AVERAGE MISS LATENCY: 12.66 cycles
cpu25->cpu25_L1D TOTAL        ACCESS:  148361307 HIT:  146239715 MISS:    2121592 MSHR_MERGE:    1561222
cpu25->cpu25_L1D LOAD         ACCESS:   81338104 HIT:   80418373 MISS:     919731 MSHR_MERGE:     542607
cpu25->cpu25_L1D RFO          ACCESS:          0 HIT:          0 MISS:          0 MSHR_MERGE:          0
cpu25->cpu25_L1D PREFETCH     ACCESS:    8864485 HIT:    8752838 MISS:     111647 MSHR_MERGE:      44902
cpu25->cpu25_L1D WRITE        ACCESS:   58148262 HIT:   57066858 MISS:    1081404 MSHR_MERGE:     973181
cpu25->cpu25_L1D TRANSLATION  ACCESS:      10456 HIT:       1646 MISS:       8810 MSHR_MERGE:        532
cpu25->cpu25_L1D PREFETCH REQUESTED:    9000156 ISSUED:    8864485 USEFUL:      41509 USELESS:       9827
cpu25->cpu25_L1D AVERAGE MISS LATENCY: 146.4 cycles
cpu25_L1D FLUSH STALL CYCLES: 446
cpu25->cpu25_ITLB TOTAL        ACCESS:  147501620 HIT:  147500587 MISS:       1033 MSHR_MERGE:        673
cpu25->cpu25_ITLB LOAD         ACCESS:  147501620 HIT:  147500587 MISS:       1033 MSHR_MERGE:        673
cpu25->cpu25_ITLB RFO          ACCESS:          0 HIT:          0 MISS:          0 MSHR_MERGE:          0
cpu25->cpu25_ITLB PREFETCH     ACCESS:          0 HIT:          0 MISS:          0 MSHR_MERGE:          0
cpu25->cpu25_ITLB WRITE        ACCESS:          0 HIT:          0 MISS:          0 MSHR_MERGE:          0
cpu25->cpu25_ITLB TRANSLATION  ACCESS:          0 HIT:          0 MISS:          0 MSHR_MERGE:          0
cpu25->cpu25_ITLB PREFETCH REQUESTED:          0 ISSUED:          0 USEFUL:          0 USELESS:          0
cpu25->cpu25_ITLB AVERAGE MISS LATENCY: 279 cycles
cpu25->cpu25_DTLB TOTAL        ACCESS:  129056220 HIT:  128609586 MISS:     446634 MSHR_MERGE:     211768
cpu25->cpu25_DTLB LOAD         ACCESS:  129056220 HIT:  128609586 MISS:     446634 MSHR_MERGE:     211768
cpu25->cpu25_DTLB RFO          ACCESS:          0 HIT:          0 MISS:          0 MSHR_MERGE:          0
cpu25->cpu25_DTLB PREFETCH     ACCESS:          0 HIT:          0 MISS:          0 MSHR_MERGE:          0
cpu25->cpu25_DTLB WRITE        ACCESS:          0 HIT:          0 MISS:          0 MSHR_MERGE:          0
cpu25->cpu25_DTLB TRANSLATION  ACCESS:          0 HIT:          0 MISS:          0 MSHR_MERGE:          0
cpu25->cpu25_DTLB PREFETCH REQUESTED:          0 ISSUED:          0 USEFUL:          0 USELESS:          0
cpu25->cpu25_DTLB AVERAGE MISS LATENCY: 26.04 cycles
cpu24->cpu24_STLB TOTAL        ACCESS:     141504 HIT:     137590 MISS:       3914 MSHR_MERGE:          0
cpu24->cpu24_STLB LOAD         ACCESS:     141504 HIT:     137590 MISS:       3914 MSHR_MERGE:          0
cpu24->cpu24_STLB RFO          ACCESS:          0 HIT:          0 MISS:          0 MSHR_MERGE:          0
cpu24->cpu24_STLB PREFETCH     ACCESS:          0 HIT:          0 MISS:          0 MSHR_MERGE:          0
cpu24->cpu24_STLB WRITE        ACCESS:          0 HIT:          0 MISS:          0 MSHR_MERGE:          0
cpu24->cpu24_STLB TRANSLATION  ACCESS:          0 HIT:          0 MISS:          0 MSHR_MERGE:          0
cpu24->cpu24_STLB PREFETCH REQUESTED:          0 ISSUED:          0 USEFUL:          0 USELESS:          0
cpu24->cpu24_STLB AVERAGE MISS LATENCY: 920.5 cycles
cpu0->cpu24_L2C TOTAL        ACCESS:          6 HIT:          1 MISS:          5 MSHR_MERGE:          0
cpu0->cpu24_L2C LOAD         ACCESS:          0 HIT:          0 MISS:          0 MSHR_MERGE:          0
cpu0->cpu24_L2C RFO          ACCESS:          0 HIT:          0 MISS:          0 MSHR_MERGE:          0
cpu0->cpu24_L2C PREFETCH     ACCESS:          0 HIT:          0 MISS:          0 MSHR_MERGE:          0
cpu0->cpu24_L2C WRITE        ACCESS:          6 HIT:          1 MISS:          5 MSHR_MERGE:          0
cpu0->cpu24_L2C TRANSLATION  ACCESS:          0 HIT:          0 MISS:          0 MSHR_MERGE:          0
cpu0->cpu24_L2C PREFETCH REQUESTED:   12085713 ISSUED:   12081226 USEFUL:      78953 USELESS:        775
cpu0->cpu24_L2C AVERAGE MISS LATENCY: 1.89e+06 cycles
cpu24->cpu24_L2C TOTAL        ACCESS:   14973968 HIT:   13110953 MISS:    1863015 MSHR_MERGE:       7553
cpu24->cpu24_L2C LOAD         ACCESS:    2175235 HIT:    2041225 MISS:     134010 MSHR_MERGE:         33
cpu24->cpu24_L2C RFO          ACCESS:       6724 HIT:       6547 MISS:        177 MSHR_MERGE:          0
cpu24->cpu24_L2C PREFETCH     ACCESS:   12777904 HIT:   11054827 MISS:    1723077 MSHR_MERGE:       7520
cpu24->cpu24_L2C WRITE        ACCESS:       6814 HIT:       6809 MISS:          5 MSHR_MERGE:          0
cpu24->cpu24_L2C TRANSLATION  ACCESS:       7291 HIT:       1545 MISS:       5746 MSHR_MERGE:          0
cpu24->cpu24_L2C PREFETCH REQUESTED:   12085713 ISSUED:   12081226 USEFUL:      78953 USELESS:        775
cpu24->cpu24_L2C AVERAGE MISS LATENCY: 67.54 cycles
cpu24->cpu24_L1I TOTAL        ACCESS:   64628490 HIT:   64628490 MISS:          0 MSHR_MERGE:          0
cpu24->cpu24_L1I LOAD         ACCESS:   32314287 HIT:   32314287 MISS:          0 MSHR_MERGE:          0
cpu24->cpu24_L1I RFO          ACCESS:          0 HIT:          0 MISS:          0 MSHR_MERGE:          0
cpu24->cpu24_L1I PREFETCH     ACCESS:   32314203 HIT:   32314203 MISS:          0 MSHR_MERGE:          0
cpu24->cpu24_L1I WRITE        ACCESS:          0 HIT:          0 MISS:          0 MSHR_MERGE:          0
cpu24->cpu24_L1I TRANSLATION  ACCESS:          0 HIT:          0 MISS:          0 MSHR_MERGE:          0
cpu24->cpu24_L1I PREFETCH REQUESTED:   32314287 ISSUED:   32314203 USEFUL:          0 USELESS:          0
cpu24->cpu24_L1I AVERAGE MISS LATENCY: - cycles
cpu24->cpu24_L1D TOTAL        ACCESS:   95201738 HIT:   91837977 MISS:    3363761 MSHR_MERGE:     477742
cpu24->cpu24_L1D LOAD         ACCESS:   88150437 HIT:   85530822 MISS:    2619615 MSHR_MERGE:     444379
cpu24->cpu24_L1D RFO          ACCESS:          0 HIT:          0 MISS:          0 MSHR_MERGE:          0
cpu24->cpu24_L1D PREFETCH     ACCESS:    1271094 HIT:     541070 MISS:     730024 MSHR_MERGE:      33346
cpu24->cpu24_L1D WRITE        ACCESS:    5772329 HIT:    5765498 MISS:       6831 MSHR_MERGE:         17
cpu24->cpu24_L1D TRANSLATION  ACCESS:       7878 HIT:        587 MISS:       7291 MSHR_MERGE:          0
cpu24->cpu24_L1D PREFETCH REQUESTED:    1271081 ISSUED:    1271081 USEFUL:     579702 USELESS:     116991
cpu24->cpu24_L1D AVERAGE MISS LATENCY: 14.38 cycles
cpu24->cpu24_ITLB TOTAL        ACCESS:   51964088 HIT:   51964088 MISS:          0 MSHR_MERGE:          0
cpu24->cpu24_ITLB LOAD         ACCESS:   51964088 HIT:   51964088 MISS:          0 MSHR_MERGE:          0
cpu24->cpu24_ITLB RFO          ACCESS:          0 HIT:          0 MISS:          0 MSHR_MERGE:          0
cpu24->cpu24_ITLB PREFETCH     ACCESS:          0 HIT:          0 MISS:          0 MSHR_MERGE:          0
cpu24->cpu24_ITLB WRITE        ACCESS:          0 HIT:          0 MISS:          0 MSHR_MERGE:          0
cpu24->cpu24_ITLB TRANSLATION  ACCESS:          0 HIT:          0 MISS:          0 MSHR_MERGE:          0
cpu24->cpu24_ITLB PREFETCH REQUESTED:          0 ISSUED:          0 USEFUL:          0 USELESS:          0
cpu24->cpu24_ITLB AVERAGE MISS LATENCY: - cycles
cpu24->cpu24_DTLB TOTAL        ACCESS:   93637319 HIT:   93462766 MISS:     174553 MSHR_MERGE:      33049
cpu24->cpu24_DTLB LOAD         ACCESS:   93637319 HIT:   93462766 MISS:     174553 MSHR_MERGE:      33049
cpu24->cpu24_DTLB RFO          ACCESS:          0 HIT:          0 MISS:          0 MSHR_MERGE:          0
cpu24->cpu24_DTLB PREFETCH     ACCESS:          0 HIT:          0 MISS:          0 MSHR_MERGE:          0
cpu24->cpu24_DTLB WRITE        ACCESS:          0 HIT:          0 MISS:          0 MSHR_MERGE:          0
cpu24->cpu24_DTLB TRANSLATION  ACCESS:          0 HIT:          0 MISS:          0 MSHR_MERGE:          0
cpu24->cpu24_DTLB PREFETCH REQUESTED:          0 ISSUED:          0 USEFUL:          0 USELESS:          0
cpu24->cpu24_DTLB AVERAGE MISS LATENCY: 30.49 cycles
cpu23->cpu23_STLB TOTAL        ACCESS:     208297 HIT:     185746 MISS:      22551 MSHR_MERGE:          0
cpu23->cpu23_STLB LOAD         ACCESS:     208297 HIT:     185746 MISS:      22551 MSHR_MERGE:          0
cpu23->cpu23_STLB RFO          ACCESS:          0 HIT:          0 MISS:          0 MSHR_MERGE:          0
cpu23->cpu23_STLB PREFETCH     ACCESS:          0 HIT:          0 MISS:          0 MSHR_MERGE:          0
cpu23->cpu23_STLB WRITE        ACCESS:          0 HIT:          0 MISS:          0 MSHR_MERGE:          0
cpu23->cpu23_STLB TRANSLATION  ACCESS:          0 HIT:          0 MISS:          0 MSHR_MERGE:          0
cpu23->cpu23_STLB PREFETCH REQUESTED:          0 ISSUED:          0 USEFUL:          0 USELESS:          0
cpu23->cpu23_STLB AVERAGE MISS LATENCY: 814.3 cycles
cpu0->cpu23_L2C TOTAL        ACCESS:        423 HIT:        398 MISS:         25 MSHR_MERGE:          0
cpu0->cpu23_L2C LOAD         ACCESS:          0 HIT:          0 MISS:          0 MSHR_MERGE:          0
cpu0->cpu23_L2C RFO          ACCESS:          0 HIT:          0 MISS:          0 MSHR_MERGE:          0
cpu0->cpu23_L2C PREFETCH     ACCESS:          0 HIT:          0 MISS:          0 MSHR_MERGE:          0
cpu0->cpu23_L2C WRITE        ACCESS:        423 HIT:        398 MISS:         25 MSHR_MERGE:          0
cpu0->cpu23_L2C TRANSLATION  ACCESS:          0 HIT:          0 MISS:          0 MSHR_MERGE:          0
cpu0->cpu23_L2C PREFETCH REQUESTED:   34067226 ISSUED:   29536499 USEFUL:     327741 USELESS:      20096
cpu0->cpu23_L2C AVERAGE MISS LATENCY: 1.237e+07 cycles
cpu23->cpu23_L2C TOTAL        ACCESS:   39624797 HIT:   27142024 MISS:   12482773 MSHR_MERGE:    1025206
cpu23->cpu23_L2C LOAD         ACCESS:    3810685 HIT:    2983527 MISS:     827158 MSHR_MERGE:     133888
cpu23->cpu23_L2C RFO          ACCESS:    2339234 HIT:    1618886 MISS:     720348 MSHR_MERGE:          0
cpu23->cpu23_L2C PREFETCH     ACCESS:   30358932 HIT:   19715796 MISS:   10643136 MSHR_MERGE:     891318
cpu23->cpu23_L2C WRITE        ACCESS:    3075507 HIT:    2820292 MISS:     255215 MSHR_MERGE:          0
cpu23->cpu23_L2C TRANSLATION  ACCESS:      40439 HIT:       3523 MISS:      36916 MSHR_MERGE:          0
cpu23->cpu23_L2C PREFETCH REQUESTED:   34067226 ISSUED:   29536499 USEFUL:     327741 USELESS:      20096
cpu23->cpu23_L2C AVERAGE MISS LATENCY: 168.1 cycles
cpu23_L2C FLUSH STALL CYCLES: 26165
cpu23->cpu23_L1I TOTAL        ACCESS:   65216598 HIT:   64521802 MISS:     694796 MSHR_MERGE:     464098
cpu23->cpu23_L1I LOAD         ACCESS:   35138445 HIT:   34815199 MISS:     323246 MSHR_MERGE:     176395
cpu23->cpu23_L1I RFO          ACCESS:          0 HIT:          0 MISS:          0 MSHR_MERGE:          0
cpu23->cpu23_L1I PREFETCH     ACCESS:   30078153 HIT:   29706603 MISS:     371550 MSHR_MERGE:     287703
cpu23->cpu23_L1I WRITE        ACCESS:          0 HIT:          0 MISS:          0 MSHR_MERGE:          0
cpu23->cpu23_L1I TRANSLATION  ACCESS:          0 HIT:          0 MISS:          0 MSHR_MERGE:          0
cpu23->cpu23_L1I PREFETCH REQUESTED:   35148370 ISSUED:   30078121 USEFUL:      57966 USELESS:      25908
cpu23->cpu23_L1I AVERAGE MISS LATENCY: 29.79 cycles
cpu23->cpu23_L1D TOTAL        ACCESS:   97507411 HIT:   79985094 MISS:   17522317 MSHR_MERGE:   10739212
cpu23->cpu23_L1D LOAD         ACCESS:   62555173 HIT:   55444880 MISS:    7110293 MSHR_MERGE:    3446360
cpu23->cpu23_L1D RFO          ACCESS:          0 HIT:          0 MISS:          0 MSHR_MERGE:          0
cpu23->cpu23_L1D PREFETCH     ACCESS:    4156670 HIT:    3113241 MISS:    1043429 MSHR_MERGE:     304028
cpu23->cpu23_L1D WRITE        ACCESS:   30747293 HIT:   21419843 MISS:    9327450 MSHR_MERGE:    6988118
cpu23->cpu23_L1D TRANSLATION  ACCESS:      48275 HIT:       7130 MISS:      41145 MSHR_MERGE:        706
cpu23->cpu23_L1D PREFETCH REQUESTED:    6823408 ISSUED:    4156670 USEFUL:     541610 USELESS:      64304
cpu23->cpu23_L1D AVERAGE MISS LATENCY: 60.6 cycles
cpu23_L1D FLUSH STALL CYCLES: 359
cpu23->cpu23_ITLB TOTAL        ACCESS:   47025796 HIT:   47004677 MISS:      21119 MSHR_MERGE:      12687
cpu23->cpu23_ITLB LOAD         ACCESS:   47025796 HIT:   47004677 MISS:      21119 MSHR_MERGE:      12687
cpu23->cpu23_ITLB RFO          ACCESS:          0 HIT:          0 MISS:          0 MSHR_MERGE:          0
cpu23->cpu23_ITLB PREFETCH     ACCESS:          0 HIT:          0 MISS:          0 MSHR_MERGE:          0
cpu23->cpu23_ITLB WRITE        ACCESS:          0 HIT:          0 MISS:          0 MSHR_MERGE:          0
cpu23->cpu23_ITLB TRANSLATION  ACCESS:          0 HIT:          0 MISS:          0 MSHR_MERGE:          0
cpu23->cpu23_ITLB PREFETCH REQUESTED:          0 ISSUED:          0 USEFUL:          0 USELESS:          0
cpu23->cpu23_ITLB AVERAGE MISS LATENCY: 31.51 cycles
cpu23->cpu23_DTLB TOTAL        ACCESS:   89353547 HIT:   88807456 MISS:     546091 MSHR_MERGE:     346226
cpu23->cpu23_DTLB LOAD         ACCESS:   89353547 HIT:   88807456 MISS:     546091 MSHR_MERGE:     346226
cpu23->cpu23_DTLB RFO          ACCESS:          0 HIT:          0 MISS:          0 MSHR_MERGE:          0
cpu23->cpu23_DTLB PREFETCH     ACCESS:          0 HIT:          0 MISS:          0 MSHR_MERGE:          0
cpu23->cpu23_DTLB WRITE        ACCESS:          0 HIT:          0 MISS:          0 MSHR_MERGE:          0
cpu23->cpu23_DTLB TRANSLATION  ACCESS:          0 HIT:          0 MISS:          0 MSHR_MERGE:          0
cpu23->cpu23_DTLB PREFETCH REQUESTED:          0 ISSUED:          0 USEFUL:          0 USELESS:          0
cpu23->cpu23_DTLB AVERAGE MISS LATENCY: 95.88 cycles
cpu22->cpu22_STLB TOTAL        ACCESS:    5257618 HIT:    4964552 MISS:     293066 MSHR_MERGE:          0
cpu22->cpu22_STLB LOAD         ACCESS:    5257618 HIT:    4964552 MISS:     293066 MSHR_MERGE:          0
cpu22->cpu22_STLB RFO          ACCESS:          0 HIT:          0 MISS:          0 MSHR_MERGE:          0
cpu22->cpu22_STLB PREFETCH     ACCESS:          0 HIT:          0 MISS:          0 MSHR_MERGE:          0
cpu22->cpu22_STLB WRITE        ACCESS:          0 HIT:          0 MISS:          0 MSHR_MERGE:          0
cpu22->cpu22_STLB TRANSLATION  ACCESS:          0 HIT:          0 MISS:          0 MSHR_MERGE:          0
cpu22->cpu22_STLB PREFETCH REQUESTED:          0 ISSUED:          0 USEFUL:          0 USELESS:          0
cpu22->cpu22_STLB AVERAGE MISS LATENCY: 87.75 cycles
cpu22->cpu22_L2C TOTAL        ACCESS:   26607004 HIT:   22825641 MISS:    3781363 MSHR_MERGE:      23823
cpu22->cpu22_L2C LOAD         ACCESS:   10107514 HIT:   10008469 MISS:      99045 MSHR_MERGE:        289
cpu22->cpu22_L2C RFO          ACCESS:     459990 HIT:      85805 MISS:     374185 MSHR_MERGE:        146
cpu22->cpu22_L2C PREFETCH     ACCESS:   14821435 HIT:   11605339 MISS:    3216096 MSHR_MERGE:      23388
cpu22->cpu22_L2C WRITE        ACCESS:     653946 HIT:     619435 MISS:      34511 MSHR_MERGE:          0
cpu22->cpu22_L2C TRANSLATION  ACCESS:     564119 HIT:     506593 MISS:      57526 MSHR_MERGE:          0
cpu22->cpu22_L2C PREFETCH REQUESTED:   13506189 ISSUED:   13506008 USEFUL:       1451 USELESS:       4921
cpu22->cpu22_L2C AVERAGE MISS LATENCY: 284.2 cycles
cpu22_L2C FLUSH STALL CYCLES: 27842
cpu22->cpu22_L1I TOTAL        ACCESS:   80679174 HIT:   77655563 MISS:    3023611 MSHR_MERGE:    1076111
cpu22->cpu22_L1I LOAD         ACCESS:   40814410 HIT:   39233251 MISS:    1581159 MSHR_MERGE:     544995
cpu22->cpu22_L1I RFO          ACCESS:          0 HIT:          0 MISS:          0 MSHR_MERGE:          0
cpu22->cpu22_L1I PREFETCH     ACCESS:   39864764 HIT:   38422312 MISS:    1442452 MSHR_MERGE:     531116
cpu22->cpu22_L1I WRITE        ACCESS:          0 HIT:          0 MISS:          0 MSHR_MERGE:          0
cpu22->cpu22_L1I TRANSLATION  ACCESS:          0 HIT:          0 MISS:          0 MSHR_MERGE:          0
cpu22->cpu22_L1I PREFETCH REQUESTED:   40817128 ISSUED:   39864732 USEFUL:     386440 USELESS:     524868
cpu22->cpu22_L1I AVERAGE MISS LATENCY: 9.432 cycles
cpu22->cpu22_L1D TOTAL        ACCESS:   59444559 HIT:   43443291 MISS:   16001268 MSHR_MERGE:    5501600
cpu22->cpu22_L1D LOAD         ACCESS:   39072643 HIT:   25987788 MISS:   13084855 MSHR_MERGE:    4013496
cpu22->cpu22_L1D RFO          ACCESS:          0 HIT:          0 MISS:          0 MSHR_MERGE:          0
cpu22->cpu22_L1D PREFETCH     ACCESS:    4884356 HIT:    4298299 MISS:     586057 MSHR_MERGE:     181860
cpu22->cpu22_L1D WRITE        ACCESS:   14899670 HIT:   13134611 MISS:    1765059 MSHR_MERGE:    1305066
cpu22->cpu22_L1D TRANSLATION  ACCESS:     587890 HIT:      22593 MISS:     565297 MSHR_MERGE:       1178
cpu22->cpu22_L1D PREFETCH REQUESTED:    6552180 ISSUED:    4884356 USEFUL:     274861 USELESS:     112122
cpu22->cpu22_L1D AVERAGE MISS LATENCY: 25.92 cycles
cpu22->cpu22_ITLB TOTAL        ACCESS:   59911847 HIT:   59751725 MISS:     160122 MSHR_MERGE:      83228
cpu22->cpu22_ITLB LOAD         ACCESS:   59911847 HIT:   59751725 MISS:     160122 MSHR_MERGE:      83228
cpu22->cpu22_ITLB RFO          ACCESS:          0 HIT:          0 MISS:          0 MSHR_MERGE:          0
cpu22->cpu22_ITLB PREFETCH     ACCESS:          0 HIT:          0 MISS:          0 MSHR_MERGE:          0
cpu22->cpu22_ITLB WRITE        ACCESS:          0 HIT:          0 MISS:          0 MSHR_MERGE:          0
cpu22->cpu22_ITLB TRANSLATION  ACCESS:          0 HIT:          0 MISS:          0 MSHR_MERGE:          0
cpu22->cpu22_ITLB PREFETCH REQUESTED:          0 ISSUED:          0 USEFUL:          0 USELESS:          0
cpu22->cpu22_ITLB AVERAGE MISS LATENCY: 10.86 cycles
cpu22->cpu22_DTLB TOTAL        ACCESS:   51964127 HIT:   43875755 MISS:    8088372 MSHR_MERGE:    2907648
cpu22->cpu22_DTLB LOAD         ACCESS:   51964127 HIT:   43875755 MISS:    8088372 MSHR_MERGE:    2907648
cpu22->cpu22_DTLB RFO          ACCESS:          0 HIT:          0 MISS:          0 MSHR_MERGE:          0
cpu22->cpu22_DTLB PREFETCH     ACCESS:          0 HIT:          0 MISS:          0 MSHR_MERGE:          0
cpu22->cpu22_DTLB WRITE        ACCESS:          0 HIT:          0 MISS:          0 MSHR_MERGE:          0
cpu22->cpu22_DTLB TRANSLATION  ACCESS:          0 HIT:          0 MISS:          0 MSHR_MERGE:          0
cpu22->cpu22_DTLB PREFETCH REQUESTED:          0 ISSUED:          0 USEFUL:          0 USELESS:          0
cpu22->cpu22_DTLB AVERAGE MISS LATENCY: 9.934 cycles
cpu21->cpu21_STLB TOTAL        ACCESS:         39 HIT:          0 MISS:         39 MSHR_MERGE:          0
cpu21->cpu21_STLB LOAD         ACCESS:         39 HIT:          0 MISS:         39 MSHR_MERGE:          0
cpu21->cpu21_STLB RFO          ACCESS:          0 HIT:          0 MISS:          0 MSHR_MERGE:          0
cpu21->cpu21_STLB PREFETCH     ACCESS:          0 HIT:          0 MISS:          0 MSHR_MERGE:          0
cpu21->cpu21_STLB WRITE        ACCESS:          0 HIT:          0 MISS:          0 MSHR_MERGE:          0
cpu21->cpu21_STLB TRANSLATION  ACCESS:          0 HIT:          0 MISS:          0 MSHR_MERGE:          0
cpu21->cpu21_STLB PREFETCH REQUESTED:          0 ISSUED:          0 USEFUL:          0 USELESS:          0
cpu21->cpu21_STLB AVERAGE MISS LATENCY: 874.8 cycles
cpu0->cpu21_L2C TOTAL        ACCESS:        261 HIT:        261 MISS:          0 MSHR_MERGE:          0
cpu0->cpu21_L2C LOAD         ACCESS:          0 HIT:          0 MISS:          0 MSHR_MERGE:          0
cpu0->cpu21_L2C RFO          ACCESS:          0 HIT:          0 MISS:          0 MSHR_MERGE:          0
cpu0->cpu21_L2C PREFETCH     ACCESS:          0 HIT:          0 MISS:          0 MSHR_MERGE:          0
cpu0->cpu21_L2C WRITE        ACCESS:        261 HIT:        261 MISS:          0 MSHR_MERGE:          0
cpu0->cpu21_L2C TRANSLATION  ACCESS:          0 HIT:          0 MISS:          0 MSHR_MERGE:          0
cpu0->cpu21_L2C PREFETCH REQUESTED:     105421 ISSUED:     104743 USEFUL:        129 USELESS:          0
cpu0->cpu21_L2C AVERAGE MISS LATENCY: - cycles
cpu21->cpu21_L2C TOTAL        ACCESS:     138149 HIT:     126684 MISS:      11465 MSHR_MERGE:        755
cpu21->cpu21_L2C LOAD         ACCESS:      22900 HIT:      22309 MISS:        591 MSHR_MERGE:         18
cpu21->cpu21_L2C RFO          ACCESS:         60 HIT:          4 MISS:         56 MSHR_MERGE:          0
cpu21->cpu21_L2C PREFETCH     ACCESS:     115127 HIT:     104368 MISS:      10759 MSHR_MERGE:        737
cpu21->cpu21_L2C WRITE        ACCESS:          3 HIT:          3 MISS:          0 MSHR_MERGE:          0
cpu21->cpu21_L2C TRANSLATION  ACCESS:         59 HIT:          0 MISS:         59 MSHR_MERGE:          0
cpu21->cpu21_L2C PREFETCH REQUESTED:     105421 ISSUED:     104743 USEFUL:        129 USELESS:          0
cpu21->cpu21_L2C AVERAGE MISS LATENCY: 264.8 cycles
cpu21->cpu21_L1I TOTAL        ACCESS:  164494134 HIT:  164391069 MISS:     103065 MSHR_MERGE:      69861
cpu21->cpu21_L1I LOAD         ACCESS:   90882183 HIT:   90831625 MISS:      50558 MSHR_MERGE:      27726
cpu21->cpu21_L1I RFO          ACCESS:          0 HIT:          0 MISS:          0 MSHR_MERGE:          0
cpu21->cpu21_L1I PREFETCH     ACCESS:   73611951 HIT:   73559444 MISS:      52507 MSHR_MERGE:      42135
cpu21->cpu21_L1I WRITE        ACCESS:          0 HIT:          0 MISS:          0 MSHR_MERGE:          0
cpu21->cpu21_L1I TRANSLATION  ACCESS:          0 HIT:          0 MISS:          0 MSHR_MERGE:          0
cpu21->cpu21_L1I PREFETCH REQUESTED:   90882183 ISSUED:   73611919 USEFUL:       8934 USELESS:       1408
cpu21->cpu21_L1I AVERAGE MISS LATENCY: 14.85 cycles
cpu21->cpu21_L1D TOTAL        ACCESS:  199980178 HIT:  199979443 MISS:        735 MSHR_MERGE:        534
cpu21->cpu21_L1D LOAD         ACCESS:   79187616 HIT:   79187502 MISS:        114 MSHR_MERGE:         46
cpu21->cpu21_L1D RFO          ACCESS:          0 HIT:          0 MISS:          0 MSHR_MERGE:          0
cpu21->cpu21_L1D PREFETCH     ACCESS:   13720579 HIT:   13720560 MISS:         19 MSHR_MERGE:          7
cpu21->cpu21_L1D WRITE        ACCESS:  107071904 HIT:  107071361 MISS:        543 MSHR_MERGE:        481
cpu21->cpu21_L1D TRANSLATION  ACCESS:         79 HIT:         20 MISS:         59 MSHR_MERGE:          0
cpu21->cpu21_L1D PREFETCH REQUESTED:   14422668 ISSUED:   13720563 USEFUL:         21 USELESS:          2
cpu21->cpu21_L1D AVERAGE MISS LATENCY: 316.1 cycles
cpu21_L1D FLUSH STALL CYCLES: 197
cpu21->cpu21_ITLB TOTAL        ACCESS:  115813775 HIT:  115813727 MISS:         48 MSHR_MERGE:         24
cpu21->cpu21_ITLB LOAD         ACCESS:  115813775 HIT:  115813727 MISS:         48 MSHR_MERGE:         24
cpu21->cpu21_ITLB RFO          ACCESS:          0 HIT:          0 MISS:          0 MSHR_MERGE:          0
cpu21->cpu21_ITLB PREFETCH     ACCESS:          0 HIT:          0 MISS:          0 MSHR_MERGE:          0
cpu21->cpu21_ITLB WRITE        ACCESS:          0 HIT:          0 MISS:          0 MSHR_MERGE:          0
cpu21->cpu21_ITLB TRANSLATION  ACCESS:          0 HIT:          0 MISS:          0 MSHR_MERGE:          0
cpu21->cpu21_ITLB PREFETCH REQUESTED:          0 ISSUED:          0 USEFUL:          0 USELESS:          0
cpu21->cpu21_ITLB AVERAGE MISS LATENCY: 850.8 cycles
cpu21->cpu21_DTLB TOTAL        ACCESS:  158132967 HIT:  158132923 MISS:         44 MSHR_MERGE:         29
cpu21->cpu21_DTLB LOAD         ACCESS:  158132967 HIT:  158132923 MISS:         44 MSHR_MERGE:         29
cpu21->cpu21_DTLB RFO          ACCESS:          0 HIT:          0 MISS:          0 MSHR_MERGE:          0
cpu21->cpu21_DTLB PREFETCH     ACCESS:          0 HIT:          0 MISS:          0 MSHR_MERGE:          0
cpu21->cpu21_DTLB WRITE        ACCESS:          0 HIT:          0 MISS:          0 MSHR_MERGE:          0
cpu21->cpu21_DTLB TRANSLATION  ACCESS:          0 HIT:          0 MISS:          0 MSHR_MERGE:          0
cpu21->cpu21_DTLB PREFETCH REQUESTED:          0 ISSUED:          0 USEFUL:          0 USELESS:          0
cpu21->cpu21_DTLB AVERAGE MISS LATENCY: 928.8 cycles
cpu20->cpu20_STLB TOTAL        ACCESS:      68245 HIT:      67349 MISS:        896 MSHR_MERGE:          0
cpu20->cpu20_STLB LOAD         ACCESS:      68245 HIT:      67349 MISS:        896 MSHR_MERGE:          0
cpu20->cpu20_STLB RFO          ACCESS:          0 HIT:          0 MISS:          0 MSHR_MERGE:          0
cpu20->cpu20_STLB PREFETCH     ACCESS:          0 HIT:          0 MISS:          0 MSHR_MERGE:          0
cpu20->cpu20_STLB WRITE        ACCESS:          0 HIT:          0 MISS:          0 MSHR_MERGE:          0
cpu20->cpu20_STLB TRANSLATION  ACCESS:          0 HIT:          0 MISS:          0 MSHR_MERGE:          0
cpu20->cpu20_STLB PREFETCH REQUESTED:          0 ISSUED:          0 USEFUL:          0 USELESS:          0
cpu20->cpu20_STLB AVERAGE MISS LATENCY: 1025 cycles
cpu0->cpu20_L2C TOTAL        ACCESS:        504 HIT:        504 MISS:          0 MSHR_MERGE:          0
cpu0->cpu20_L2C LOAD         ACCESS:          0 HIT:          0 MISS:          0 MSHR_MERGE:          0
cpu0->cpu20_L2C RFO          ACCESS:          0 HIT:          0 MISS:          0 MSHR_MERGE:          0
cpu0->cpu20_L2C PREFETCH     ACCESS:          0 HIT:          0 MISS:          0 MSHR_MERGE:          0
cpu0->cpu20_L2C WRITE        ACCESS:        504 HIT:        504 MISS:          0 MSHR_MERGE:          0
cpu0->cpu20_L2C TRANSLATION  ACCESS:          0 HIT:          0 MISS:          0 MSHR_MERGE:          0
cpu0->cpu20_L2C PREFETCH REQUESTED:    4271615 ISSUED:    3935605 USEFUL:      26259 USELESS:        532
cpu0->cpu20_L2C AVERAGE MISS LATENCY: - cycles
cpu20->cpu20_L2C TOTAL        ACCESS:    5648060 HIT:    5053993 MISS:     594067 MSHR_MERGE:      36875
cpu20->cpu20_L2C LOAD         ACCESS:     642317 HIT:     615281 MISS:      27036 MSHR_MERGE:       2139
cpu20->cpu20_L2C RFO          ACCESS:     449977 HIT:     441327 MISS:       8650 MSHR_MERGE:          0
cpu20->cpu20_L2C PREFETCH     ACCESS:    3999178 HIT:    3444515 MISS:     554663 MSHR_MERGE:      34736
cpu20->cpu20_L2C WRITE        ACCESS:     555089 HIT:     552770 MISS:       2319 MSHR_MERGE:          0
cpu20->cpu20_L2C TRANSLATION  ACCESS:       1499 HIT:        100 MISS:       1399 MSHR_MERGE:          0
cpu20->cpu20_L2C PREFETCH REQUESTED:    4271615 ISSUED:    3935605 USEFUL:      26259 USELESS:        532
cpu20->cpu20_L2C AVERAGE MISS LATENCY: 116.6 cycles
cpu20_L2C FLUSH STALL CYCLES: 20603
cpu20->cpu20_L1I TOTAL        ACCESS:   21791425 HIT:   21705196 MISS:      86229 MSHR_MERGE:      57728
cpu20->cpu20_L1I LOAD         ACCESS:   11278857 HIT:   11238567 MISS:      40290 MSHR_MERGE:      20503
cpu20->cpu20_L1I RFO          ACCESS:          0 HIT:          0 MISS:          0 MSHR_MERGE:          0
cpu20->cpu20_L1I PREFETCH     ACCESS:   10512568 HIT:   10466629 MISS:      45939 MSHR_MERGE:      37225
cpu20->cpu20_L1I WRITE        ACCESS:          0 HIT:          0 MISS:          0 MSHR_MERGE:          0
cpu20->cpu20_L1I TRANSLATION  ACCESS:          0 HIT:          0 MISS:          0 MSHR_MERGE:          0
cpu20->cpu20_L1I PREFETCH REQUESTED:   11279313 ISSUED:   10512536 USEFUL:       7710 USELESS:        999
cpu20->cpu20_L1I AVERAGE MISS LATENCY: 22.97 cycles
cpu20->cpu20_L1D TOTAL        ACCESS:   68340703 HIT:   66371364 MISS:    1969339 MSHR_MERGE:     840406
cpu20->cpu20_L1D LOAD         ACCESS:   47428179 HIT:   46646647 MISS:     781532 MSHR_MERGE:     158999
cpu20->cpu20_L1D RFO          ACCESS:          0 HIT:          0 MISS:          0 MSHR_MERGE:          0
cpu20->cpu20_L1D PREFETCH     ACCESS:     637710 HIT:     567499 MISS:      70211 MSHR_MERGE:      15291
cpu20->cpu20_L1D WRITE        ACCESS:   20273022 HIT:   19156925 MISS:    1116097 MSHR_MERGE:     666116
cpu20->cpu20_L1D TRANSLATION  ACCESS:       1792 HIT:        293 MISS:       1499 MSHR_MERGE:          0
cpu20->cpu20_L1D PREFETCH REQUESTED:     642916 ISSUED:     637694 USEFUL:      32462 USELESS:      17957
cpu20->cpu20_L1D AVERAGE MISS LATENCY: 14.35 cycles
cpu20_L1D FLUSH STALL CYCLES: 440
cpu20->cpu20_ITLB TOTAL        ACCESS:   14994826 HIT:   14994826 MISS:          0 MSHR_MERGE:          0
cpu20->cpu20_ITLB LOAD         ACCESS:   14994826 HIT:   14994826 MISS:          0 MSHR_MERGE:          0
cpu20->cpu20_ITLB RFO          ACCESS:          0 HIT:          0 MISS:          0 MSHR_MERGE:          0
cpu20->cpu20_ITLB PREFETCH     ACCESS:          0 HIT:          0 MISS:          0 MSHR_MERGE:          0
cpu20->cpu20_ITLB WRITE        ACCESS:          0 HIT:          0 MISS:          0 MSHR_MERGE:          0
cpu20->cpu20_ITLB TRANSLATION  ACCESS:          0 HIT:          0 MISS:          0 MSHR_MERGE:          0
cpu20->cpu20_ITLB PREFETCH REQUESTED:          0 ISSUED:          0 USEFUL:          0 USELESS:          0
cpu20->cpu20_ITLB AVERAGE MISS LATENCY: - cycles
cpu20->cpu20_DTLB TOTAL        ACCESS:   66112404 HIT:   66010794 MISS:     101610 MSHR_MERGE:      33365
cpu20->cpu20_DTLB LOAD         ACCESS:   66112404 HIT:   66010794 MISS:     101610 MSHR_MERGE:      33365
cpu20->cpu20_DTLB RFO          ACCESS:          0 HIT:          0 MISS:          0 MSHR_MERGE:          0
cpu20->cpu20_DTLB PREFETCH     ACCESS:          0 HIT:          0 MISS:          0 MSHR_MERGE:          0
cpu20->cpu20_DTLB WRITE        ACCESS:          0 HIT:          0 MISS:          0 MSHR_MERGE:          0
cpu20->cpu20_DTLB TRANSLATION  ACCESS:          0 HIT:          0 MISS:          0 MSHR_MERGE:          0
cpu20->cpu20_DTLB PREFETCH REQUESTED:          0 ISSUED:          0 USEFUL:          0 USELESS:          0
cpu20->cpu20_DTLB AVERAGE MISS LATENCY: 18.48 cycles
cpu1->cpu1_STLB TOTAL        ACCESS:     158100 HIT:     157809 MISS:        291 MSHR_MERGE:          0
cpu1->cpu1_STLB LOAD         ACCESS:     158100 HIT:     157809 MISS:        291 MSHR_MERGE:          0
cpu1->cpu1_STLB RFO          ACCESS:          0 HIT:          0 MISS:          0 MSHR_MERGE:          0
cpu1->cpu1_STLB PREFETCH     ACCESS:          0 HIT:          0 MISS:          0 MSHR_MERGE:          0
cpu1->cpu1_STLB WRITE        ACCESS:          0 HIT:          0 MISS:          0 MSHR_MERGE:          0
cpu1->cpu1_STLB TRANSLATION  ACCESS:          0 HIT:          0 MISS:          0 MSHR_MERGE:          0
cpu1->cpu1_STLB PREFETCH REQUESTED:          0 ISSUED:          0 USEFUL:          0 USELESS:          0
cpu1->cpu1_STLB AVERAGE MISS LATENCY: 1083 cycles
cpu0->cpu1_L2C TOTAL        ACCESS:        389 HIT:        389 MISS:          0 MSHR_MERGE:          0
cpu0->cpu1_L2C LOAD         ACCESS:          0 HIT:          0 MISS:          0 MSHR_MERGE:          0
cpu0->cpu1_L2C RFO          ACCESS:          0 HIT:          0 MISS:          0 MSHR_MERGE:          0
cpu0->cpu1_L2C PREFETCH     ACCESS:          0 HIT:          0 MISS:          0 MSHR_MERGE:          0
cpu0->cpu1_L2C WRITE        ACCESS:        389 HIT:        389 MISS:          0 MSHR_MERGE:          0
cpu0->cpu1_L2C TRANSLATION  ACCESS:          0 HIT:          0 MISS:          0 MSHR_MERGE:          0
cpu0->cpu1_L2C PREFETCH REQUESTED:     630141 ISSUED:     630141 USEFUL:        328 USELESS:          0
cpu0->cpu1_L2C AVERAGE MISS LATENCY: - cycles
cpu1->cpu1_L2C TOTAL        ACCESS:    1610267 HIT:    1574738 MISS:      35529 MSHR_MERGE:       1666
cpu1->cpu1_L2C LOAD         ACCESS:     502908 HIT:     501844 MISS:       1064 MSHR_MERGE:          2
cpu1->cpu1_L2C RFO          ACCESS:      70716 HIT:      69897 MISS:        819 MSHR_MERGE:          1
cpu1->cpu1_L2C PREFETCH     ACCESS:     888770 HIT:     855681 MISS:      33089 MSHR_MERGE:       1663
cpu1->cpu1_L2C WRITE        ACCESS:     147307 HIT:     147307 MISS:          0 MSHR_MERGE:          0
cpu1->cpu1_L2C TRANSLATION  ACCESS:        566 HIT:          9 MISS:        557 MSHR_MERGE:          0
cpu1->cpu1_L2C PREFETCH REQUESTED:     630141 ISSUED:     630141 USEFUL:        328 USELESS:          0
cpu1->cpu1_L2C AVERAGE MISS LATENCY: 310 cycles
cpu1_L2C FLUSH STALL CYCLES: 3865
cpu1->cpu1_L1I TOTAL        ACCESS:   75795823 HIT:   75716159 MISS:      79664 MSHR_MERGE:      41575
cpu1->cpu1_L1I LOAD         ACCESS:   38244405 HIT:   38202529 MISS:      41876 MSHR_MERGE:      20798
cpu1->cpu1_L1I RFO          ACCESS:          0 HIT:          0 MISS:          0 MSHR_MERGE:          0
cpu1->cpu1_L1I PREFETCH     ACCESS:   37551418 HIT:   37513630 MISS:      37788 MSHR_MERGE:      20777
cpu1->cpu1_L1I WRITE        ACCESS:          0 HIT:          0 MISS:          0 MSHR_MERGE:          0
cpu1->cpu1_L1I TRANSLATION  ACCESS:          0 HIT:          0 MISS:          0 MSHR_MERGE:          0
cpu1->cpu1_L1I PREFETCH REQUESTED:   38244405 ISSUED:   37551386 USEFUL:       9328 USELESS:       7682
cpu1->cpu1_L1I AVERAGE MISS LATENCY: 8.986 cycles
cpu1->cpu1_L1D TOTAL        ACCESS:  106340781 HIT:  105242365 MISS:    1098416 MSHR_MERGE:     303679
cpu1->cpu1_L1D LOAD         ACCESS:   61505537 HIT:   60973879 MISS:     531658 MSHR_MERGE:      49826
cpu1->cpu1_L1D RFO          ACCESS:          0 HIT:          0 MISS:          0 MSHR_MERGE:          0
cpu1->cpu1_L1D PREFETCH     ACCESS:    4513760 HIT:    4158038 MISS:     355722 MSHR_MERGE:     114100
cpu1->cpu1_L1D WRITE        ACCESS:   40320902 HIT:   40110433 MISS:     210469 MSHR_MERGE:     139752
cpu1->cpu1_L1D TRANSLATION  ACCESS:        582 HIT:         15 MISS:        567 MSHR_MERGE:          1
cpu1->cpu1_L1D PREFETCH REQUESTED:    4514968 ISSUED:    4513760 USEFUL:     179886 USELESS:      60485
cpu1->cpu1_L1D AVERAGE MISS LATENCY: 11.2 cycles
cpu1_L1D FLUSH STALL CYCLES: 325
cpu1->cpu1_ITLB TOTAL        ACCESS:   60816201 HIT:   60816201 MISS:          0 MSHR_MERGE:          0
cpu1->cpu1_ITLB LOAD         ACCESS:   60816201 HIT:   60816201 MISS:          0 MSHR_MERGE:          0
cpu1->cpu1_ITLB RFO          ACCESS:          0 HIT:          0 MISS:          0 MSHR_MERGE:          0
cpu1->cpu1_ITLB PREFETCH     ACCESS:          0 HIT:          0 MISS:          0 MSHR_MERGE:          0
cpu1->cpu1_ITLB WRITE        ACCESS:          0 HIT:          0 MISS:          0 MSHR_MERGE:          0
cpu1->cpu1_ITLB TRANSLATION  ACCESS:          0 HIT:          0 MISS:          0 MSHR_MERGE:          0
cpu1->cpu1_ITLB PREFETCH REQUESTED:          0 ISSUED:          0 USEFUL:          0 USELESS:          0
cpu1->cpu1_ITLB AVERAGE MISS LATENCY: - cycles
cpu1->cpu1_DTLB TOTAL        ACCESS:   95301204 HIT:   95128326 MISS:     172878 MSHR_MERGE:      14778
cpu1->cpu1_DTLB LOAD         ACCESS:   95301204 HIT:   95128326 MISS:     172878 MSHR_MERGE:      14778
cpu1->cpu1_DTLB RFO          ACCESS:          0 HIT:          0 MISS:          0 MSHR_MERGE:          0
cpu1->cpu1_DTLB PREFETCH     ACCESS:          0 HIT:          0 MISS:          0 MSHR_MERGE:          0
cpu1->cpu1_DTLB WRITE        ACCESS:          0 HIT:          0 MISS:          0 MSHR_MERGE:          0
cpu1->cpu1_DTLB TRANSLATION  ACCESS:          0 HIT:          0 MISS:          0 MSHR_MERGE:          0
cpu1->cpu1_DTLB PREFETCH REQUESTED:          0 ISSUED:          0 USEFUL:          0 USELESS:          0
cpu1->cpu1_DTLB AVERAGE MISS LATENCY: 6.996 cycles
cpu19->cpu19_STLB TOTAL        ACCESS:       5863 HIT:        478 MISS:       5385 MSHR_MERGE:          0
cpu19->cpu19_STLB LOAD         ACCESS:       5863 HIT:        478 MISS:       5385 MSHR_MERGE:          0
cpu19->cpu19_STLB RFO          ACCESS:          0 HIT:          0 MISS:          0 MSHR_MERGE:          0
cpu19->cpu19_STLB PREFETCH     ACCESS:          0 HIT:          0 MISS:          0 MSHR_MERGE:          0
cpu19->cpu19_STLB WRITE        ACCESS:          0 HIT:          0 MISS:          0 MSHR_MERGE:          0
cpu19->cpu19_STLB TRANSLATION  ACCESS:          0 HIT:          0 MISS:          0 MSHR_MERGE:          0
cpu19->cpu19_STLB PREFETCH REQUESTED:          0 ISSUED:          0 USEFUL:          0 USELESS:          0
cpu19->cpu19_STLB AVERAGE MISS LATENCY: 841.1 cycles
cpu0->cpu19_L2C TOTAL        ACCESS:        433 HIT:        192 MISS:        241 MSHR_MERGE:          0
cpu0->cpu19_L2C LOAD         ACCESS:          0 HIT:          0 MISS:          0 MSHR_MERGE:          0
cpu0->cpu19_L2C RFO          ACCESS:          0 HIT:          0 MISS:          0 MSHR_MERGE:          0
cpu0->cpu19_L2C PREFETCH     ACCESS:          0 HIT:          0 MISS:          0 MSHR_MERGE:          0
cpu0->cpu19_L2C WRITE        ACCESS:        433 HIT:        192 MISS:        241 MSHR_MERGE:          0
cpu0->cpu19_L2C TRANSLATION  ACCESS:          0 HIT:          0 MISS:          0 MSHR_MERGE:          0
cpu0->cpu19_L2C PREFETCH REQUESTED:    2500222 ISSUED:    2372049 USEFUL:      76843 USELESS:       1339
cpu0->cpu19_L2C AVERAGE MISS LATENCY: 2.133e+05 cycles
cpu19->cpu19_L2C TOTAL        ACCESS:    2764570 HIT:     214962 MISS:    2549608 MSHR_MERGE:      92697
cpu19->cpu19_L2C LOAD         ACCESS:     146536 HIT:      77959 MISS:      68577 MSHR_MERGE:      12883
cpu19->cpu19_L2C RFO          ACCESS:     106724 HIT:        967 MISS:     105757 MSHR_MERGE:          0
cpu19->cpu19_L2C PREFETCH     ACCESS:    2398130 HIT:      67777 MISS:    2330353 MSHR_MERGE:      79814
cpu19->cpu19_L2C WRITE        ACCESS:     106767 HIT:      68258 MISS:      38509 MSHR_MERGE:          0
cpu19->cpu19_L2C TRANSLATION  ACCESS:       6413 HIT:          1 MISS:       6412 MSHR_MERGE:          0
cpu19->cpu19_L2C PREFETCH REQUESTED:    2500222 ISSUED:    2372049 USEFUL:      76843 USELESS:       1339
cpu19->cpu19_L2C AVERAGE MISS LATENCY: 234.5 cycles
cpu19_L2C FLUSH STALL CYCLES: 15970
cpu19->cpu19_L1I TOTAL        ACCESS:   24901680 HIT:   24901519 MISS:        161 MSHR_MERGE:         68
cpu19->cpu19_L1I LOAD         ACCESS:   12494574 HIT:   12494514 MISS:         60 MSHR_MERGE:         17
cpu19->cpu19_L1I RFO          ACCESS:          0 HIT:          0 MISS:          0 MSHR_MERGE:          0
cpu19->cpu19_L1I PREFETCH     ACCESS:   12407106 HIT:   12407005 MISS:        101 MSHR_MERGE:         51
cpu19->cpu19_L1I WRITE        ACCESS:          0 HIT:          0 MISS:          0 MSHR_MERGE:          0
cpu19->cpu19_L1I TRANSLATION  ACCESS:          0 HIT:          0 MISS:          0 MSHR_MERGE:          0
cpu19->cpu19_L1I PREFETCH REQUESTED:   12494574 ISSUED:   12407106 USEFUL:         28 USELESS:          0
cpu19->cpu19_L1I AVERAGE MISS LATENCY: 232.3 cycles
cpu19->cpu19_L1D TOTAL        ACCESS:   86157096 HIT:   85196681 MISS:     960415 MSHR_MERGE:     674750
cpu19->cpu19_L1D LOAD         ACCESS:   51044561 HIT:   50711762 MISS:     332799 MSHR_MERGE:     186306
cpu19->cpu19_L1D RFO          ACCESS:          0 HIT:          0 MISS:          0 MSHR_MERGE:          0
cpu19->cpu19_L1D PREFETCH     ACCESS:      94087 HIT:      64150 MISS:      29937 MSHR_MERGE:       3902
cpu19->cpu19_L1D WRITE        ACCESS:   35007663 HIT:   34416418 MISS:     591245 MSHR_MERGE:     484521
cpu19->cpu19_L1D TRANSLATION  ACCESS:      10785 HIT:       4351 MISS:       6434 MSHR_MERGE:         21
cpu19->cpu19_L1D PREFETCH REQUESTED:      94087 ISSUED:      94087 USEFUL:      12842 USELESS:        740
cpu19->cpu19_L1D AVERAGE MISS LATENCY: 206.1 cycles
cpu19_L1D FLUSH STALL CYCLES: 369
cpu19->cpu19_ITLB TOTAL        ACCESS:   19747225 HIT:   19747215 MISS:         10 MSHR_MERGE:          3
cpu19->cpu19_ITLB LOAD         ACCESS:   19747225 HIT:   19747215 MISS:         10 MSHR_MERGE:          3
cpu19->cpu19_ITLB RFO          ACCESS:          0 HIT:          0 MISS:          0 MSHR_MERGE:          0
cpu19->cpu19_ITLB PREFETCH     ACCESS:          0 HIT:          0 MISS:          0 MSHR_MERGE:          0
cpu19->cpu19_ITLB WRITE        ACCESS:          0 HIT:          0 MISS:          0 MSHR_MERGE:          0
cpu19->cpu19_ITLB TRANSLATION  ACCESS:          0 HIT:          0 MISS:          0 MSHR_MERGE:          0
cpu19->cpu19_ITLB PREFETCH REQUESTED:          0 ISSUED:          0 USEFUL:          0 USELESS:          0
cpu19->cpu19_ITLB AVERAGE MISS LATENCY: 1076 cycles
cpu19->cpu19_DTLB TOTAL        ACCESS:   80563685 HIT:   80512994 MISS:      50691 MSHR_MERGE:      44835
cpu19->cpu19_DTLB LOAD         ACCESS:   80563685 HIT:   80512994 MISS:      50691 MSHR_MERGE:      44835
cpu19->cpu19_DTLB RFO          ACCESS:          0 HIT:          0 MISS:          0 MSHR_MERGE:          0
cpu19->cpu19_DTLB PREFETCH     ACCESS:          0 HIT:          0 MISS:          0 MSHR_MERGE:          0
cpu19->cpu19_DTLB WRITE        ACCESS:          0 HIT:          0 MISS:          0 MSHR_MERGE:          0
cpu19->cpu19_DTLB TRANSLATION  ACCESS:          0 HIT:          0 MISS:          0 MSHR_MERGE:          0
cpu19->cpu19_DTLB PREFETCH REQUESTED:          0 ISSUED:          0 USEFUL:          0 USELESS:          0
cpu19->cpu19_DTLB AVERAGE MISS LATENCY: 778.1 cycles
cpu18->cpu18_STLB TOTAL        ACCESS:     232319 HIT:     231216 MISS:       1103 MSHR_MERGE:          0
cpu18->cpu18_STLB LOAD         ACCESS:     232319 HIT:     231216 MISS:       1103 MSHR_MERGE:          0
cpu18->cpu18_STLB RFO          ACCESS:          0 HIT:          0 MISS:          0 MSHR_MERGE:          0
cpu18->cpu18_STLB PREFETCH     ACCESS:          0 HIT:          0 MISS:          0 MSHR_MERGE:          0
cpu18->cpu18_STLB WRITE        ACCESS:          0 HIT:          0 MISS:          0 MSHR_MERGE:          0
cpu18->cpu18_STLB TRANSLATION  ACCESS:          0 HIT:          0 MISS:          0 MSHR_MERGE:          0
cpu18->cpu18_STLB PREFETCH REQUESTED:          0 ISSUED:          0 USEFUL:          0 USELESS:          0
cpu18->cpu18_STLB AVERAGE MISS LATENCY: 1021 cycles
cpu0->cpu18_L2C TOTAL        ACCESS:        406 HIT:        402 MISS:          4 MSHR_MERGE:          0
cpu0->cpu18_L2C LOAD         ACCESS:          0 HIT:          0 MISS:          0 MSHR_MERGE:          0
cpu0->cpu18_L2C RFO          ACCESS:          0 HIT:          0 MISS:          0 MSHR_MERGE:          0
cpu0->cpu18_L2C PREFETCH     ACCESS:          0 HIT:          0 MISS:          0 MSHR_MERGE:          0
cpu0->cpu18_L2C WRITE        ACCESS:        406 HIT:        402 MISS:          4 MSHR_MERGE:          0
cpu0->cpu18_L2C TRANSLATION  ACCESS:          0 HIT:          0 MISS:          0 MSHR_MERGE:          0
cpu0->cpu18_L2C PREFETCH REQUESTED:     723350 ISSUED:     723187 USEFUL:       5649 USELESS:         94
cpu0->cpu18_L2C AVERAGE MISS LATENCY: 2.443e+06 cycles
cpu18->cpu18_L2C TOTAL        ACCESS:    2110326 HIT:    1925201 MISS:     185125 MSHR_MERGE:       5366
cpu18->cpu18_L2C LOAD         ACCESS:     658219 HIT:     649427 MISS:       8792 MSHR_MERGE:        709
cpu18->cpu18_L2C RFO          ACCESS:     158442 HIT:     136984 MISS:      21458 MSHR_MERGE:         24
cpu18->cpu18_L2C PREFETCH     ACCESS:     987029 HIT:     836481 MISS:     150548 MSHR_MERGE:       4633
cpu18->cpu18_L2C WRITE        ACCESS:     304593 HIT:     302289 MISS:       2304 MSHR_MERGE:          0
cpu18->cpu18_L2C TRANSLATION  ACCESS:       2043 HIT:         20 MISS:       2023 MSHR_MERGE:          0
cpu18->cpu18_L2C PREFETCH REQUESTED:     723350 ISSUED:     723187 USEFUL:       5649 USELESS:         94
cpu18->cpu18_L2C AVERAGE MISS LATENCY: 282.6 cycles
cpu18_L2C FLUSH STALL CYCLES: 21128
cpu18->cpu18_L1I TOTAL        ACCESS:   74289833 HIT:   73726724 MISS:     563109 MSHR_MERGE:     276029
cpu18->cpu18_L1I LOAD         ACCESS:   38025554 HIT:   37708198 MISS:     317356 MSHR_MERGE:     141304
cpu18->cpu18_L1I RFO          ACCESS:          0 HIT:          0 MISS:          0 MSHR_MERGE:          0
cpu18->cpu18_L1I PREFETCH     ACCESS:   36264279 HIT:   36018526 MISS:     245753 MSHR_MERGE:     134725
cpu18->cpu18_L1I WRITE        ACCESS:          0 HIT:          0 MISS:          0 MSHR_MERGE:          0
cpu18->cpu18_L1I TRANSLATION  ACCESS:          0 HIT:          0 MISS:          0 MSHR_MERGE:          0
cpu18->cpu18_L1I PREFETCH REQUESTED:   38025812 ISSUED:   36264279 USEFUL:      60123 USELESS:      50891
cpu18->cpu18_L1I AVERAGE MISS LATENCY: 9.655 cycles
cpu18->cpu18_L1D TOTAL        ACCESS:  108290325 HIT:  106962022 MISS:    1328303 MSHR_MERGE:     532807
cpu18->cpu18_L1D LOAD         ACCESS:   58765011 HIT:   58224583 MISS:     540428 MSHR_MERGE:      58257
cpu18->cpu18_L1D RFO          ACCESS:          0 HIT:          0 MISS:          0 MSHR_MERGE:          0
cpu18->cpu18_L1D PREFETCH     ACCESS:    7251596 HIT:    7044388 MISS:     207208 MSHR_MERGE:      54391
cpu18->cpu18_L1D WRITE        ACCESS:   42271511 HIT:   41692888 MISS:     578623 MSHR_MERGE:     420158
cpu18->cpu18_L1D TRANSLATION  ACCESS:       2207 HIT:        163 MISS:       2044 MSHR_MERGE:          1
cpu18->cpu18_L1D PREFETCH REQUESTED:    7254119 ISSUED:    7251580 USEFUL:      95373 USELESS:      56107
cpu18->cpu18_L1D AVERAGE MISS LATENCY: 25.01 cycles
cpu18_L1D FLUSH STALL CYCLES: 342
cpu18->cpu18_ITLB TOTAL        ACCESS:   60368034 HIT:   60367958 MISS:         76 MSHR_MERGE:         33
cpu18->cpu18_ITLB LOAD         ACCESS:   60368034 HIT:   60367958 MISS:         76 MSHR_MERGE:         33
cpu18->cpu18_ITLB RFO          ACCESS:          0 HIT:          0 MISS:          0 MSHR_MERGE:          0
cpu18->cpu18_ITLB PREFETCH     ACCESS:          0 HIT:          0 MISS:          0 MSHR_MERGE:          0
cpu18->cpu18_ITLB WRITE        ACCESS:          0 HIT:          0 MISS:          0 MSHR_MERGE:          0
cpu18->cpu18_ITLB TRANSLATION  ACCESS:          0 HIT:          0 MISS:          0 MSHR_MERGE:          0
cpu18->cpu18_ITLB PREFETCH REQUESTED:          0 ISSUED:          0 USEFUL:          0 USELESS:          0
cpu18->cpu18_ITLB AVERAGE MISS LATENCY: 1022 cycles
cpu18->cpu18_DTLB TOTAL        ACCESS:   95082405 HIT:   94786133 MISS:     296272 MSHR_MERGE:      63996
cpu18->cpu18_DTLB LOAD         ACCESS:   95082405 HIT:   94786133 MISS:     296272 MSHR_MERGE:      63996
cpu18->cpu18_DTLB RFO          ACCESS:          0 HIT:          0 MISS:          0 MSHR_MERGE:          0
cpu18->cpu18_DTLB PREFETCH     ACCESS:          0 HIT:          0 MISS:          0 MSHR_MERGE:          0
cpu18->cpu18_DTLB WRITE        ACCESS:          0 HIT:          0 MISS:          0 MSHR_MERGE:          0
cpu18->cpu18_DTLB TRANSLATION  ACCESS:          0 HIT:          0 MISS:          0 MSHR_MERGE:          0
cpu18->cpu18_DTLB PREFETCH REQUESTED:          0 ISSUED:          0 USEFUL:          0 USELESS:          0
cpu18->cpu18_DTLB AVERAGE MISS LATENCY: 9.663 cycles
cpu17->cpu17_STLB TOTAL        ACCESS:     158068 HIT:     157777 MISS:        291 MSHR_MERGE:          0
cpu17->cpu17_STLB LOAD         ACCESS:     158068 HIT:     157777 MISS:        291 MSHR_MERGE:          0
cpu17->cpu17_STLB RFO          ACCESS:          0 HIT:          0 MISS:          0 MSHR_MERGE:          0
cpu17->cpu17_STLB PREFETCH     ACCESS:          0 HIT:          0 MISS:          0 MSHR_MERGE:          0
cpu17->cpu17_STLB WRITE        ACCESS:          0 HIT:          0 MISS:          0 MSHR_MERGE:          0
cpu17->cpu17_STLB TRANSLATION  ACCESS:          0 HIT:          0 MISS:          0 MSHR_MERGE:          0
cpu17->cpu17_STLB PREFETCH REQUESTED:          0 ISSUED:          0 USEFUL:          0 USELESS:          0
cpu17->cpu17_STLB AVERAGE MISS LATENCY: 1113 cycles
cpu0->cpu17_L2C TOTAL        ACCESS:        422 HIT:        422 MISS:          0 MSHR_MERGE:          0
cpu0->cpu17_L2C LOAD         ACCESS:          0 HIT:          0 MISS:          0 MSHR_MERGE:          0
cpu0->cpu17_L2C RFO          ACCESS:          0 HIT:          0 MISS:          0 MSHR_MERGE:          0
cpu0->cpu17_L2C PREFETCH     ACCESS:          0 HIT:          0 MISS:          0 MSHR_MERGE:          0
cpu0->cpu17_L2C WRITE        ACCESS:        422 HIT:        422 MISS:          0 MSHR_MERGE:          0
cpu0->cpu17_L2C TRANSLATION  ACCESS:          0 HIT:          0 MISS:          0 MSHR_MERGE:          0
cpu0->cpu17_L2C PREFETCH REQUESTED:     643206 ISSUED:     643206 USEFUL:        375 USELESS:          0
cpu0->cpu17_L2C AVERAGE MISS LATENCY: - cycles
cpu17->cpu17_L2C TOTAL        ACCESS:    1623236 HIT:    1587172 MISS:      36064 MSHR_MERGE:       1643
cpu17->cpu17_L2C LOAD         ACCESS:     502838 HIT:     501775 MISS:       1063 MSHR_MERGE:          1
cpu17->cpu17_L2C RFO          ACCESS:      70703 HIT:      69897 MISS:        806 MSHR_MERGE:          0
cpu17->cpu17_L2C PREFETCH     ACCESS:     901845 HIT:     868207 MISS:      33638 MSHR_MERGE:       1642
cpu17->cpu17_L2C WRITE        ACCESS:     147284 HIT:     147284 MISS:          0 MSHR_MERGE:          0
cpu17->cpu17_L2C TRANSLATION  ACCESS:        566 HIT:          9 MISS:        557 MSHR_MERGE:          0
cpu17->cpu17_L2C PREFETCH REQUESTED:     643206 ISSUED:     643206 USEFUL:        375 USELESS:          0
cpu17->cpu17_L2C AVERAGE MISS LATENCY: 322.6 cycles
cpu17_L2C FLUSH STALL CYCLES: 3865
cpu17->cpu17_L1I TOTAL        ACCESS:   75783055 HIT:   75703394 MISS:      79661 MSHR_MERGE:      41571
cpu17->cpu17_L1I LOAD         ACCESS:   38237783 HIT:   38195906 MISS:      41877 MSHR_MERGE:      20798
cpu17->cpu17_L1I RFO          ACCESS:          0 HIT:          0 MISS:          0 MSHR_MERGE:          0
cpu17->cpu17_L1I PREFETCH     ACCESS:   37545272 HIT:   37507488 MISS:      37784 MSHR_MERGE:      20773
cpu17->cpu17_L1I WRITE        ACCESS:          0 HIT:          0 MISS:          0 MSHR_MERGE:          0
cpu17->cpu17_L1I TRANSLATION  ACCESS:          0 HIT:          0 MISS:          0 MSHR_MERGE:          0
cpu17->cpu17_L1I PREFETCH REQUESTED:   38237783 ISSUED:   37545240 USEFUL:       9326 USELESS:       7682
cpu17->cpu17_L1I AVERAGE MISS LATENCY: 8.942 cycles
cpu17->cpu17_L1D TOTAL        ACCESS:  106322078 HIT:  105224065 MISS:    1098013 MSHR_MERGE:     303353
cpu17->cpu17_L1D LOAD         ACCESS:   61494527 HIT:   60962949 MISS:     531578 MSHR_MERGE:      49817
cpu17->cpu17_L1D RFO          ACCESS:          0 HIT:          0 MISS:          0 MSHR_MERGE:          0
cpu17->cpu17_L1D PREFETCH     ACCESS:    4513256 HIT:    4157714 MISS:     355542 MSHR_MERGE:     113912
cpu17->cpu17_L1D WRITE        ACCESS:   40313713 HIT:   40103387 MISS:     210326 MSHR_MERGE:     139623
cpu17->cpu17_L1D TRANSLATION  ACCESS:        582 HIT:         15 MISS:        567 MSHR_MERGE:          1
cpu17->cpu17_L1D PREFETCH REQUESTED:    4514410 ISSUED:    4513256 USEFUL:     179909 USELESS:      60474
cpu17->cpu17_L1D AVERAGE MISS LATENCY: 11.25 cycles
cpu17_L1D FLUSH STALL CYCLES: 358
cpu17->cpu17_ITLB TOTAL        ACCESS:   60806093 HIT:   60806093 MISS:          0 MSHR_MERGE:          0
cpu17->cpu17_ITLB LOAD         ACCESS:   60806093 HIT:   60806093 MISS:          0 MSHR_MERGE:          0
cpu17->cpu17_ITLB RFO          ACCESS:          0 HIT:          0 MISS:          0 MSHR_MERGE:          0
cpu17->cpu17_ITLB PREFETCH     ACCESS:          0 HIT:          0 MISS:          0 MSHR_MERGE:          0
cpu17->cpu17_ITLB WRITE        ACCESS:          0 HIT:          0 MISS:          0 MSHR_MERGE:          0
cpu17->cpu17_ITLB TRANSLATION  ACCESS:          0 HIT:          0 MISS:          0 MSHR_MERGE:          0
cpu17->cpu17_ITLB PREFETCH REQUESTED:          0 ISSUED:          0 USEFUL:          0 USELESS:          0
cpu17->cpu17_ITLB AVERAGE MISS LATENCY: - cycles
cpu17->cpu17_DTLB TOTAL        ACCESS:   95284046 HIT:   95111206 MISS:     172840 MSHR_MERGE:      14772
cpu17->cpu17_DTLB LOAD         ACCESS:   95284046 HIT:   95111206 MISS:     172840 MSHR_MERGE:      14772
cpu17->cpu17_DTLB RFO          ACCESS:          0 HIT:          0 MISS:          0 MSHR_MERGE:          0
cpu17->cpu17_DTLB PREFETCH     ACCESS:          0 HIT:          0 MISS:          0 MSHR_MERGE:          0
cpu17->cpu17_DTLB WRITE        ACCESS:          0 HIT:          0 MISS:          0 MSHR_MERGE:          0
cpu17->cpu17_DTLB TRANSLATION  ACCESS:          0 HIT:          0 MISS:          0 MSHR_MERGE:          0
cpu17->cpu17_DTLB PREFETCH REQUESTED:          0 ISSUED:          0 USEFUL:          0 USELESS:          0
cpu17->cpu17_DTLB AVERAGE MISS LATENCY: 7.05 cycles
cpu16->cpu16_STLB TOTAL        ACCESS:     411245 HIT:     410704 MISS:        541 MSHR_MERGE:          0
cpu16->cpu16_STLB LOAD         ACCESS:     411245 HIT:     410704 MISS:        541 MSHR_MERGE:          0
cpu16->cpu16_STLB RFO          ACCESS:          0 HIT:          0 MISS:          0 MSHR_MERGE:          0
cpu16->cpu16_STLB PREFETCH     ACCESS:          0 HIT:          0 MISS:          0 MSHR_MERGE:          0
cpu16->cpu16_STLB WRITE        ACCESS:          0 HIT:          0 MISS:          0 MSHR_MERGE:          0
cpu16->cpu16_STLB TRANSLATION  ACCESS:          0 HIT:          0 MISS:          0 MSHR_MERGE:          0
cpu16->cpu16_STLB PREFETCH REQUESTED:          0 ISSUED:          0 USEFUL:          0 USELESS:          0
cpu16->cpu16_STLB AVERAGE MISS LATENCY: 1143 cycles
cpu0->cpu16_L2C TOTAL        ACCESS:          2 HIT:          0 MISS:          2 MSHR_MERGE:          0
cpu0->cpu16_L2C LOAD         ACCESS:          0 HIT:          0 MISS:          0 MSHR_MERGE:          0
cpu0->cpu16_L2C RFO          ACCESS:          0 HIT:          0 MISS:          0 MSHR_MERGE:          0
cpu0->cpu16_L2C PREFETCH     ACCESS:          0 HIT:          0 MISS:          0 MSHR_MERGE:          0
cpu0->cpu16_L2C WRITE        ACCESS:          2 HIT:          0 MISS:          2 MSHR_MERGE:          0
cpu0->cpu16_L2C TRANSLATION  ACCESS:          0 HIT:          0 MISS:          0 MSHR_MERGE:          0
cpu0->cpu16_L2C PREFETCH REQUESTED:   97966684 ISSUED:   94880146 USEFUL:      27268 USELESS:        819
cpu0->cpu16_L2C AVERAGE MISS LATENCY: 4.254e+05 cycles
cpu16->cpu16_L2C TOTAL        ACCESS:  103268610 HIT:   90797335 MISS:   12471275 MSHR_MERGE:      10543
cpu16->cpu16_L2C LOAD         ACCESS:    5729352 HIT:    5727585 MISS:       1767 MSHR_MERGE:        135
cpu16->cpu16_L2C RFO          ACCESS:       5250 HIT:       4951 MISS:        299 MSHR_MERGE:          0
cpu16->cpu16_L2C PREFETCH     ACCESS:   97520257 HIT:   85052128 MISS:   12468129 MSHR_MERGE:      10408
cpu16->cpu16_L2C WRITE        ACCESS:      12669 HIT:      12669 MISS:          0 MSHR_MERGE:          0
cpu16->cpu16_L2C TRANSLATION  ACCESS:       1082 HIT:          2 MISS:       1080 MSHR_MERGE:          0
cpu16->cpu16_L2C PREFETCH REQUESTED:   97966684 ISSUED:   94880146 USEFUL:      27268 USELESS:        819
cpu16->cpu16_L2C AVERAGE MISS LATENCY: 270.4 cycles
cpu16->cpu16_L1I TOTAL        ACCESS:     428184 HIT:     428184 MISS:          0 MSHR_MERGE:          0
cpu16->cpu16_L1I LOAD         ACCESS:     243844 HIT:     243844 MISS:          0 MSHR_MERGE:          0
cpu16->cpu16_L1I RFO          ACCESS:          0 HIT:          0 MISS:          0 MSHR_MERGE:          0
cpu16->cpu16_L1I PREFETCH     ACCESS:     184340 HIT:     184340 MISS:          0 MSHR_MERGE:          0
cpu16->cpu16_L1I WRITE        ACCESS:          0 HIT:          0 MISS:          0 MSHR_MERGE:          0
cpu16->cpu16_L1I TRANSLATION  ACCESS:          0 HIT:          0 MISS:          0 MSHR_MERGE:          0
cpu16->cpu16_L1I PREFETCH REQUESTED:     243844 ISSUED:     184340 USEFUL:          0 USELESS:          0
cpu16->cpu16_L1I AVERAGE MISS LATENCY: - cycles
cpu16->cpu16_L1D TOTAL        ACCESS:   92716520 HIT:   68023745 MISS:   24692775 MSHR_MERGE:   16316980
cpu16->cpu16_L1D LOAD         ACCESS:   87864682 HIT:   65969131 MISS:   21895551 MSHR_MERGE:   16166199
cpu16->cpu16_L1D RFO          ACCESS:          0 HIT:          0 MISS:          0 MSHR_MERGE:          0
cpu16->cpu16_L1D PREFETCH     ACCESS:    4807591 HIT:    2021635 MISS:    2785956 MSHR_MERGE:     145845
cpu16->cpu16_L1D WRITE        ACCESS:      43165 HIT:      32979 MISS:      10186 MSHR_MERGE:       4936
cpu16->cpu16_L1D TRANSLATION  ACCESS:       1082 HIT:          0 MISS:       1082 MSHR_MERGE:          0
cpu16->cpu16_L1D PREFETCH REQUESTED:    4807591 ISSUED:    4807591 USEFUL:    2149134 USELESS:     490924
cpu16->cpu16_L1D AVERAGE MISS LATENCY: 10.12 cycles
cpu16->cpu16_ITLB TOTAL        ACCESS:     233023 HIT:     233023 MISS:          0 MSHR_MERGE:          0
cpu16->cpu16_ITLB LOAD         ACCESS:     233023 HIT:     233023 MISS:          0 MSHR_MERGE:          0
cpu16->cpu16_ITLB RFO          ACCESS:          0 HIT:          0 MISS:          0 MSHR_MERGE:          0
cpu16->cpu16_ITLB PREFETCH     ACCESS:          0 HIT:          0 MISS:          0 MSHR_MERGE:          0
cpu16->cpu16_ITLB WRITE        ACCESS:          0 HIT:          0 MISS:          0 MSHR_MERGE:          0
cpu16->cpu16_ITLB TRANSLATION  ACCESS:          0 HIT:          0 MISS:          0 MSHR_MERGE:          0
cpu16->cpu16_ITLB PREFETCH REQUESTED:          0 ISSUED:          0 USEFUL:          0 USELESS:          0
cpu16->cpu16_ITLB AVERAGE MISS LATENCY: - cycles
cpu16->cpu16_DTLB TOTAL        ACCESS:   87901460 HIT:   86198458 MISS:    1703002 MSHR_MERGE:    1291757
cpu16->cpu16_DTLB LOAD         ACCESS:   87901460 HIT:   86198458 MISS:    1703002 MSHR_MERGE:    1291757
cpu16->cpu16_DTLB RFO          ACCESS:          0 HIT:          0 MISS:          0 MSHR_MERGE:          0
cpu16->cpu16_DTLB PREFETCH     ACCESS:          0 HIT:          0 MISS:          0 MSHR_MERGE:          0
cpu16->cpu16_DTLB WRITE        ACCESS:          0 HIT:          0 MISS:          0 MSHR_MERGE:          0
cpu16->cpu16_DTLB TRANSLATION  ACCESS:          0 HIT:          0 MISS:          0 MSHR_MERGE:          0
cpu16->cpu16_DTLB PREFETCH REQUESTED:          0 ISSUED:          0 USEFUL:          0 USELESS:          0
cpu16->cpu16_DTLB AVERAGE MISS LATENCY: 6.508 cycles
cpu15->cpu15_STLB TOTAL        ACCESS:      55480 HIT:      39502 MISS:      15978 MSHR_MERGE:          0
cpu15->cpu15_STLB LOAD         ACCESS:      55480 HIT:      39502 MISS:      15978 MSHR_MERGE:          0
cpu15->cpu15_STLB RFO          ACCESS:          0 HIT:          0 MISS:          0 MSHR_MERGE:          0
cpu15->cpu15_STLB PREFETCH     ACCESS:          0 HIT:          0 MISS:          0 MSHR_MERGE:          0
cpu15->cpu15_STLB WRITE        ACCESS:          0 HIT:          0 MISS:          0 MSHR_MERGE:          0
cpu15->cpu15_STLB TRANSLATION  ACCESS:          0 HIT:          0 MISS:          0 MSHR_MERGE:          0
cpu15->cpu15_STLB PREFETCH REQUESTED:          0 ISSUED:          0 USEFUL:          0 USELESS:          0
cpu15->cpu15_STLB AVERAGE MISS LATENCY: 844.5 cycles
cpu0->cpu15_L2C TOTAL        ACCESS:        190 HIT:        151 MISS:         39 MSHR_MERGE:          0
cpu0->cpu15_L2C LOAD         ACCESS:          0 HIT:          0 MISS:          0 MSHR_MERGE:          0
cpu0->cpu15_L2C RFO          ACCESS:          0 HIT:          0 MISS:          0 MSHR_MERGE:          0
cpu0->cpu15_L2C PREFETCH     ACCESS:          0 HIT:          0 MISS:          0 MSHR_MERGE:          0
cpu0->cpu15_L2C WRITE        ACCESS:        190 HIT:        151 MISS:         39 MSHR_MERGE:          0
cpu0->cpu15_L2C TRANSLATION  ACCESS:          0 HIT:          0 MISS:          0 MSHR_MERGE:          0
cpu0->cpu15_L2C PREFETCH REQUESTED:   12937055 ISSUED:   11001720 USEFUL:     171631 USELESS:       9507
cpu0->cpu15_L2C AVERAGE MISS LATENCY: 2.201e+06 cycles
cpu15->cpu15_L2C TOTAL        ACCESS:   14688753 HIT:    9594170 MISS:    5094583 MSHR_MERGE:     386513
cpu15->cpu15_L2C LOAD         ACCESS:    1820906 HIT:    1429872 MISS:     391034 MSHR_MERGE:      35479
cpu15->cpu15_L2C RFO          ACCESS:      97007 HIT:       3876 MISS:      93131 MSHR_MERGE:          0
cpu15->cpu15_L2C PREFETCH     ACCESS:   11853134 HIT:    7342369 MISS:    4510765 MSHR_MERGE:     351034
cpu15->cpu15_L2C WRITE        ACCESS:     897031 HIT:     816422 MISS:      80609 MSHR_MERGE:          0
cpu15->cpu15_L2C TRANSLATION  ACCESS:      20675 HIT:       1631 MISS:      19044 MSHR_MERGE:          0
cpu15->cpu15_L2C PREFETCH REQUESTED:   12937055 ISSUED:   11001720 USEFUL:     171631 USELESS:       9507
cpu15->cpu15_L2C AVERAGE MISS LATENCY: 147 cycles
cpu15_L2C FLUSH STALL CYCLES: 18292
cpu15->cpu15_L1I TOTAL        ACCESS:  166703446 HIT:  166702615 MISS:        831 MSHR_MERGE:        444
cpu15->cpu15_L1I LOAD         ACCESS:   83385925 HIT:   83385574 MISS:        351 MSHR_MERGE:        124
cpu15->cpu15_L1I RFO          ACCESS:          0 HIT:          0 MISS:          0 MSHR_MERGE:          0
cpu15->cpu15_L1I PREFETCH     ACCESS:   83317521 HIT:   83317041 MISS:        480 MSHR_MERGE:        320
cpu15->cpu15_L1I WRITE        ACCESS:          0 HIT:          0 MISS:          0 MSHR_MERGE:          0
cpu15->cpu15_L1I TRANSLATION  ACCESS:          0 HIT:          0 MISS:          0 MSHR_MERGE:          0
cpu15->cpu15_L1I PREFETCH REQUESTED:   83385925 ISSUED:   83317489 USEFUL:        119 USELESS:          0
cpu15->cpu15_L1I AVERAGE MISS LATENCY: 306.9 cycles
cpu15->cpu15_L1D TOTAL        ACCESS:  124591343 HIT:  120650915 MISS:    3940428 MSHR_MERGE:    1150566
cpu15->cpu15_L1D LOAD         ACCESS:  104530606 HIT:  101952551 MISS:    2578055 MSHR_MERGE:     757376
cpu15->cpu15_L1D RFO          ACCESS:          0 HIT:          0 MISS:          0 MSHR_MERGE:          0
cpu15->cpu15_L1D PREFETCH     ACCESS:    3834536 HIT:    2875070 MISS:     959466 MSHR_MERGE:     107970
cpu15->cpu15_L1D WRITE        ACCESS:   16194209 HIT:   15811984 MISS:     382225 MSHR_MERGE:     285213
cpu15->cpu15_L1D TRANSLATION  ACCESS:      31992 HIT:      11310 MISS:      20682 MSHR_MERGE:          7
cpu15->cpu15_L1D PREFETCH REQUESTED:    4833438 ISSUED:    3834520 USEFUL:     740800 USELESS:      85831
cpu15->cpu15_L1D AVERAGE MISS LATENCY: 54.62 cycles
cpu15_L1D FLUSH STALL CYCLES: 126
cpu15->cpu15_ITLB TOTAL        ACCESS:  126071157 HIT:  126071123 MISS:         34 MSHR_MERGE:         16
cpu15->cpu15_ITLB LOAD         ACCESS:  126071157 HIT:  126071123 MISS:         34 MSHR_MERGE:         16
cpu15->cpu15_ITLB RFO          ACCESS:          0 HIT:          0 MISS:          0 MSHR_MERGE:          0
cpu15->cpu15_ITLB PREFETCH     ACCESS:          0 HIT:          0 MISS:          0 MSHR_MERGE:          0
cpu15->cpu15_ITLB WRITE        ACCESS:          0 HIT:          0 MISS:          0 MSHR_MERGE:          0
cpu15->cpu15_ITLB TRANSLATION  ACCESS:          0 HIT:          0 MISS:          0 MSHR_MERGE:          0
cpu15->cpu15_ITLB PREFETCH REQUESTED:          0 ISSUED:          0 USEFUL:          0 USELESS:          0
cpu15->cpu15_ITLB AVERAGE MISS LATENCY: 1228 cycles
cpu15->cpu15_DTLB TOTAL        ACCESS:  116882636 HIT:  116741163 MISS:     141473 MSHR_MERGE:      86011
cpu15->cpu15_DTLB LOAD         ACCESS:  116882636 HIT:  116741163 MISS:     141473 MSHR_MERGE:      86011
cpu15->cpu15_DTLB RFO          ACCESS:          0 HIT:          0 MISS:          0 MSHR_MERGE:          0
cpu15->cpu15_DTLB PREFETCH     ACCESS:          0 HIT:          0 MISS:          0 MSHR_MERGE:          0
cpu15->cpu15_DTLB WRITE        ACCESS:          0 HIT:          0 MISS:          0 MSHR_MERGE:          0
cpu15->cpu15_DTLB TRANSLATION  ACCESS:          0 HIT:          0 MISS:          0 MSHR_MERGE:          0
cpu15->cpu15_DTLB PREFETCH REQUESTED:          0 ISSUED:          0 USEFUL:          0 USELESS:          0
cpu15->cpu15_DTLB AVERAGE MISS LATENCY: 248.2 cycles
cpu14->cpu14_STLB TOTAL        ACCESS:     173350 HIT:     171969 MISS:       1381 MSHR_MERGE:          0
cpu14->cpu14_STLB LOAD         ACCESS:     173350 HIT:     171969 MISS:       1381 MSHR_MERGE:          0
cpu14->cpu14_STLB RFO          ACCESS:          0 HIT:          0 MISS:          0 MSHR_MERGE:          0
cpu14->cpu14_STLB PREFETCH     ACCESS:          0 HIT:          0 MISS:          0 MSHR_MERGE:          0
cpu14->cpu14_STLB WRITE        ACCESS:          0 HIT:          0 MISS:          0 MSHR_MERGE:          0
cpu14->cpu14_STLB TRANSLATION  ACCESS:          0 HIT:          0 MISS:          0 MSHR_MERGE:          0
cpu14->cpu14_STLB PREFETCH REQUESTED:          0 ISSUED:          0 USEFUL:          0 USELESS:          0
cpu14->cpu14_STLB AVERAGE MISS LATENCY: 912.4 cycles
cpu0->cpu14_L2C TOTAL        ACCESS:        240 HIT:        228 MISS:         12 MSHR_MERGE:          0
cpu0->cpu14_L2C LOAD         ACCESS:          0 HIT:          0 MISS:          0 MSHR_MERGE:          0
cpu0->cpu14_L2C RFO          ACCESS:          0 HIT:          0 MISS:          0 MSHR_MERGE:          0
cpu0->cpu14_L2C PREFETCH     ACCESS:          0 HIT:          0 MISS:          0 MSHR_MERGE:          0
cpu0->cpu14_L2C WRITE        ACCESS:        240 HIT:        228 MISS:         12 MSHR_MERGE:          0
cpu0->cpu14_L2C TRANSLATION  ACCESS:          0 HIT:          0 MISS:          0 MSHR_MERGE:          0
cpu0->cpu14_L2C PREFETCH REQUESTED:    3634304 ISSUED:    3634304 USEFUL:          3 USELESS:          5
cpu0->cpu14_L2C AVERAGE MISS LATENCY: 2.879e+06 cycles
cpu14->cpu14_L2C TOTAL        ACCESS:    8163470 HIT:    7966371 MISS:     197099 MSHR_MERGE:      19008
cpu14->cpu14_L2C LOAD         ACCESS:    3190195 HIT:    3167727 MISS:      22468 MSHR_MERGE:          0
cpu14->cpu14_L2C RFO          ACCESS:     175772 HIT:      94090 MISS:      81682 MSHR_MERGE:          0
cpu14->cpu14_L2C PREFETCH     ACCESS:    4527125 HIT:    4439181 MISS:      87944 MSHR_MERGE:      19008
cpu14->cpu14_L2C WRITE        ACCESS:     268130 HIT:     264901 MISS:       3229 MSHR_MERGE:          0
cpu14->cpu14_L2C TRANSLATION  ACCESS:       2248 HIT:        472 MISS:       1776 MSHR_MERGE:          0
cpu14->cpu14_L2C PREFETCH REQUESTED:    3634304 ISSUED:    3634304 USEFUL:          3 USELESS:          5
cpu14->cpu14_L2C AVERAGE MISS LATENCY: 316.5 cycles
cpu14_L2C FLUSH STALL CYCLES: 23120
cpu14->cpu14_L1I TOTAL        ACCESS:   28153717 HIT:   28153717 MISS:          0 MSHR_MERGE:          0
cpu14->cpu14_L1I LOAD         ACCESS:   14330777 HIT:   14330777 MISS:          0 MSHR_MERGE:          0
cpu14->cpu14_L1I RFO          ACCESS:          0 HIT:          0 MISS:          0 MSHR_MERGE:          0
cpu14->cpu14_L1I PREFETCH     ACCESS:   13822940 HIT:   13822940 MISS:          0 MSHR_MERGE:          0
cpu14->cpu14_L1I WRITE        ACCESS:          0 HIT:          0 MISS:          0 MSHR_MERGE:          0
cpu14->cpu14_L1I TRANSLATION  ACCESS:          0 HIT:          0 MISS:          0 MSHR_MERGE:          0
cpu14->cpu14_L1I PREFETCH REQUESTED:   14330777 ISSUED:   13822940 USEFUL:          0 USELESS:          0
cpu14->cpu14_L1I AVERAGE MISS LATENCY: - cycles
cpu14->cpu14_L1D TOTAL        ACCESS:  141487579 HIT:  135172625 MISS:    6314954 MSHR_MERGE:    2053906
cpu14->cpu14_L1D LOAD         ACCESS:   73629020 HIT:   69761471 MISS:    3867549 MSHR_MERGE:     677354
cpu14->cpu14_L1D RFO          ACCESS:          0 HIT:          0 MISS:          0 MSHR_MERGE:          0
cpu14->cpu14_L1D PREFETCH     ACCESS:    7702899 HIT:    6747119 MISS:     955780 MSHR_MERGE:      62957
cpu14->cpu14_L1D WRITE        ACCESS:   60152894 HIT:   58663674 MISS:    1489220 MSHR_MERGE:    1313438
cpu14->cpu14_L1D TRANSLATION  ACCESS:       2766 HIT:        361 MISS:       2405 MSHR_MERGE:        157
cpu14->cpu14_L1D PREFETCH REQUESTED:    7705113 ISSUED:    7702895 USEFUL:     566968 USELESS:     325166
cpu14->cpu14_L1D AVERAGE MISS LATENCY: 20.23 cycles
cpu14_L1D FLUSH STALL CYCLES: 176
cpu14->cpu14_ITLB TOTAL        ACCESS:   19812236 HIT:   19812236 MISS:          0 MSHR_MERGE:          0
cpu14->cpu14_ITLB LOAD         ACCESS:   19812236 HIT:   19812236 MISS:          0 MSHR_MERGE:          0
cpu14->cpu14_ITLB RFO          ACCESS:          0 HIT:          0 MISS:          0 MSHR_MERGE:          0
cpu14->cpu14_ITLB PREFETCH     ACCESS:          0 HIT:          0 MISS:          0 MSHR_MERGE:          0
cpu14->cpu14_ITLB WRITE        ACCESS:          0 HIT:          0 MISS:          0 MSHR_MERGE:          0
cpu14->cpu14_ITLB TRANSLATION  ACCESS:          0 HIT:          0 MISS:          0 MSHR_MERGE:          0
cpu14->cpu14_ITLB PREFETCH REQUESTED:          0 ISSUED:          0 USEFUL:          0 USELESS:          0
cpu14->cpu14_ITLB AVERAGE MISS LATENCY: - cycles
cpu14->cpu14_DTLB TOTAL        ACCESS:  122498184 HIT:  122280343 MISS:     217841 MSHR_MERGE:      44491
cpu14->cpu14_DTLB LOAD         ACCESS:  122498184 HIT:  122280343 MISS:     217841 MSHR_MERGE:      44491
cpu14->cpu14_DTLB RFO          ACCESS:          0 HIT:          0 MISS:          0 MSHR_MERGE:          0
cpu14->cpu14_DTLB PREFETCH     ACCESS:          0 HIT:          0 MISS:          0 MSHR_MERGE:          0
cpu14->cpu14_DTLB WRITE        ACCESS:          0 HIT:          0 MISS:          0 MSHR_MERGE:          0
cpu14->cpu14_DTLB TRANSLATION  ACCESS:          0 HIT:          0 MISS:          0 MSHR_MERGE:          0
cpu14->cpu14_DTLB PREFETCH REQUESTED:          0 ISSUED:          0 USEFUL:          0 USELESS:          0
cpu14->cpu14_DTLB AVERAGE MISS LATENCY: 12.28 cycles
cpu13->cpu13_STLB TOTAL        ACCESS:    5721422 HIT:    5391046 MISS:     330376 MSHR_MERGE:          0
cpu13->cpu13_STLB LOAD         ACCESS:    5721422 HIT:    5391046 MISS:     330376 MSHR_MERGE:          0
cpu13->cpu13_STLB RFO          ACCESS:          0 HIT:          0 MISS:          0 MSHR_MERGE:          0
cpu13->cpu13_STLB PREFETCH     ACCESS:          0 HIT:          0 MISS:          0 MSHR_MERGE:          0
cpu13->cpu13_STLB WRITE        ACCESS:          0 HIT:          0 MISS:          0 MSHR_MERGE:          0
cpu13->cpu13_STLB TRANSLATION  ACCESS:          0 HIT:          0 MISS:          0 MSHR_MERGE:          0
cpu13->cpu13_STLB PREFETCH REQUESTED:          0 ISSUED:          0 USEFUL:          0 USELESS:          0
cpu13->cpu13_STLB AVERAGE MISS LATENCY: 91.44 cycles
cpu0->cpu13_L2C TOTAL        ACCESS:          7 HIT:          7 MISS:          0 MSHR_MERGE:          0
cpu0->cpu13_L2C LOAD         ACCESS:          0 HIT:          0 MISS:          0 MSHR_MERGE:          0
cpu0->cpu13_L2C RFO          ACCESS:          0 HIT:          0 MISS:          0 MSHR_MERGE:          0
cpu0->cpu13_L2C PREFETCH     ACCESS:          0 HIT:          0 MISS:          0 MSHR_MERGE:          0
cpu0->cpu13_L2C WRITE        ACCESS:          7 HIT:          7 MISS:          0 MSHR_MERGE:          0
cpu0->cpu13_L2C TRANSLATION  ACCESS:          0 HIT:          0 MISS:          0 MSHR_MERGE:          0
cpu0->cpu13_L2C PREFETCH REQUESTED:   12955534 ISSUED:   12955534 USEFUL:       1304 USELESS:       5154
cpu0->cpu13_L2C AVERAGE MISS LATENCY: - cycles
cpu13->cpu13_L2C TOTAL        ACCESS:   26013133 HIT:   21810004 MISS:    4203129 MSHR_MERGE:      15253
cpu13->cpu13_L2C LOAD         ACCESS:   10233213 HIT:   10162749 MISS:      70464 MSHR_MERGE:         40
cpu13->cpu13_L2C RFO          ACCESS:     304453 HIT:      94756 MISS:     209697 MSHR_MERGE:         99
cpu13->cpu13_L2C PREFETCH     ACCESS:   14348770 HIT:   10522236 MISS:    3826534 MSHR_MERGE:      15114
cpu13->cpu13_L2C WRITE        ACCESS:     484716 HIT:     469925 MISS:      14791 MSHR_MERGE:          0
cpu13->cpu13_L2C TRANSLATION  ACCESS:     641981 HIT:     560338 MISS:      81643 MSHR_MERGE:          0
cpu13->cpu13_L2C PREFETCH REQUESTED:   12955534 ISSUED:   12955534 USEFUL:       1304 USELESS:       5154
cpu13->cpu13_L2C AVERAGE MISS LATENCY: 277.5 cycles
cpu13_L2C FLUSH STALL CYCLES: 27346
cpu13->cpu13_L1I TOTAL        ACCESS:   72684024 HIT:   69596196 MISS:    3087828 MSHR_MERGE:    1095136
cpu13->cpu13_L1I LOAD         ACCESS:   36745423 HIT:   35128841 MISS:    1616582 MSHR_MERGE:     550660
cpu13->cpu13_L1I RFO          ACCESS:          0 HIT:          0 MISS:          0 MSHR_MERGE:          0
cpu13->cpu13_L1I PREFETCH     ACCESS:   35938601 HIT:   34467355 MISS:    1471246 MSHR_MERGE:     544476
cpu13->cpu13_L1I WRITE        ACCESS:          0 HIT:          0 MISS:          0 MSHR_MERGE:          0
cpu13->cpu13_L1I TRANSLATION  ACCESS:          0 HIT:          0 MISS:          0 MSHR_MERGE:          0
cpu13->cpu13_L1I PREFETCH REQUESTED:   36748702 ISSUED:   35938601 USEFUL:     388875 USELESS:     537871
cpu13->cpu13_L1I AVERAGE MISS LATENCY: 9.692 cycles
cpu13->cpu13_L1D TOTAL        ACCESS:   62957982 HIT:   49036226 MISS:   13921756 MSHR_MERGE:    3341536
cpu13->cpu13_L1D LOAD         ACCESS:   41652677 HIT:   30300071 MISS:   11352606 MSHR_MERGE:    2185314
cpu13->cpu13_L1D RFO          ACCESS:          0 HIT:          0 MISS:          0 MSHR_MERGE:          0
cpu13->cpu13_L1D PREFETCH     ACCESS:    5426878 HIT:    4660340 MISS:     766538 MSHR_MERGE:     300044
cpu13->cpu13_L1D WRITE        ACCESS:   15216611 HIT:   14056988 MISS:    1159623 MSHR_MERGE:     855170
cpu13->cpu13_L1D TRANSLATION  ACCESS:     661816 HIT:      18827 MISS:     642989 MSHR_MERGE:       1008
cpu13->cpu13_L1D PREFETCH REQUESTED:    5894319 ISSUED:    5426878 USEFUL:     329937 USELESS:     128947
cpu13->cpu13_L1D AVERAGE MISS LATENCY: 20.42 cycles
cpu13->cpu13_ITLB TOTAL        ACCESS:   55365462 HIT:   55187564 MISS:     177898 MSHR_MERGE:      93345
cpu13->cpu13_ITLB LOAD         ACCESS:   55365462 HIT:   55187564 MISS:     177898 MSHR_MERGE:      93345
cpu13->cpu13_ITLB RFO          ACCESS:          0 HIT:          0 MISS:          0 MSHR_MERGE:          0
cpu13->cpu13_ITLB PREFETCH     ACCESS:          0 HIT:          0 MISS:          0 MSHR_MERGE:          0
cpu13->cpu13_ITLB WRITE        ACCESS:          0 HIT:          0 MISS:          0 MSHR_MERGE:          0
cpu13->cpu13_ITLB TRANSLATION  ACCESS:          0 HIT:          0 MISS:          0 MSHR_MERGE:          0
cpu13->cpu13_ITLB PREFETCH REQUESTED:          0 ISSUED:          0 USEFUL:          0 USELESS:          0
cpu13->cpu13_ITLB AVERAGE MISS LATENCY: 13.78 cycles
cpu13->cpu13_DTLB TOTAL        ACCESS:   54770741 HIT:   46006678 MISS:    8764063 MSHR_MERGE:    3127194
cpu13->cpu13_DTLB LOAD         ACCESS:   54770741 HIT:   46006678 MISS:    8764063 MSHR_MERGE:    3127194
cpu13->cpu13_DTLB RFO          ACCESS:          0 HIT:          0 MISS:          0 MSHR_MERGE:          0
cpu13->cpu13_DTLB PREFETCH     ACCESS:          0 HIT:          0 MISS:          0 MSHR_MERGE:          0
cpu13->cpu13_DTLB WRITE        ACCESS:          0 HIT:          0 MISS:          0 MSHR_MERGE:          0
cpu13->cpu13_DTLB TRANSLATION  ACCESS:          0 HIT:          0 MISS:          0 MSHR_MERGE:          0
cpu13->cpu13_DTLB PREFETCH REQUESTED:          0 ISSUED:          0 USEFUL:          0 USELESS:          0
cpu13->cpu13_DTLB AVERAGE MISS LATENCY: 10.29 cycles
cpu12->cpu12_STLB TOTAL        ACCESS:     961008 HIT:     958853 MISS:       2155 MSHR_MERGE:          0
cpu12->cpu12_STLB LOAD         ACCESS:     961008 HIT:     958853 MISS:       2155 MSHR_MERGE:          0
cpu12->cpu12_STLB RFO          ACCESS:          0 HIT:          0 MISS:          0 MSHR_MERGE:          0
cpu12->cpu12_STLB PREFETCH     ACCESS:          0 HIT:          0 MISS:          0 MSHR_MERGE:          0
cpu12->cpu12_STLB WRITE        ACCESS:          0 HIT:          0 MISS:          0 MSHR_MERGE:          0
cpu12->cpu12_STLB TRANSLATION  ACCESS:          0 HIT:          0 MISS:          0 MSHR_MERGE:          0
cpu12->cpu12_STLB PREFETCH REQUESTED:          0 ISSUED:          0 USEFUL:          0 USELESS:          0
cpu12->cpu12_STLB AVERAGE MISS LATENCY: 1050 cycles
cpu0->cpu12_L2C TOTAL        ACCESS:        127 HIT:         76 MISS:         51 MSHR_MERGE:          0
cpu0->cpu12_L2C LOAD         ACCESS:          0 HIT:          0 MISS:          0 MSHR_MERGE:          0
cpu0->cpu12_L2C RFO          ACCESS:          0 HIT:          0 MISS:          0 MSHR_MERGE:          0
cpu0->cpu12_L2C PREFETCH     ACCESS:          0 HIT:          0 MISS:          0 MSHR_MERGE:          0
cpu0->cpu12_L2C WRITE        ACCESS:        127 HIT:         76 MISS:         51 MSHR_MERGE:          0
cpu0->cpu12_L2C TRANSLATION  ACCESS:          0 HIT:          0 MISS:          0 MSHR_MERGE:          0
cpu0->cpu12_L2C PREFETCH REQUESTED:    2596576 ISSUED:    2129767 USEFUL:      33819 USELESS:       1470
cpu0->cpu12_L2C AVERAGE MISS LATENCY: 1.948e+05 cycles
cpu12->cpu12_L2C TOTAL        ACCESS:    2607133 HIT:    1824626 MISS:     782507 MSHR_MERGE:       2906
cpu12->cpu12_L2C LOAD         ACCESS:     288160 HIT:     237273 MISS:      50887 MSHR_MERGE:        487
cpu12->cpu12_L2C RFO          ACCESS:      66387 HIT:      53064 MISS:      13323 MSHR_MERGE:          0
cpu12->cpu12_L2C PREFETCH     ACCESS:    2150553 HIT:    1437110 MISS:     713443 MSHR_MERGE:       2419
cpu12->cpu12_L2C WRITE        ACCESS:      96830 HIT:      95927 MISS:        903 MSHR_MERGE:          0
cpu12->cpu12_L2C TRANSLATION  ACCESS:       5203 HIT:       1252 MISS:       3951 MSHR_MERGE:          0
cpu12->cpu12_L2C PREFETCH REQUESTED:    2596576 ISSUED:    2129767 USEFUL:      33819 USELESS:       1470
cpu12->cpu12_L2C AVERAGE MISS LATENCY: 143.8 cycles
cpu12_L2C FLUSH STALL CYCLES: 10252
cpu12->cpu12_L1I TOTAL        ACCESS:   57105044 HIT:   57104826 MISS:        218 MSHR_MERGE:        142
cpu12->cpu12_L1I LOAD         ACCESS:   28950320 HIT:   28950229 MISS:         91 MSHR_MERGE:         41
cpu12->cpu12_L1I RFO          ACCESS:          0 HIT:          0 MISS:          0 MSHR_MERGE:          0
cpu12->cpu12_L1I PREFETCH     ACCESS:   28154724 HIT:   28154597 MISS:        127 MSHR_MERGE:        101
cpu12->cpu12_L1I WRITE        ACCESS:          0 HIT:          0 MISS:          0 MSHR_MERGE:          0
cpu12->cpu12_L1I TRANSLATION  ACCESS:          0 HIT:          0 MISS:          0 MSHR_MERGE:          0
cpu12->cpu12_L1I PREFETCH REQUESTED:   28950323 ISSUED:   28154713 USEFUL:         24 USELESS:          0
cpu12->cpu12_L1I AVERAGE MISS LATENCY: 161.7 cycles
cpu12->cpu12_L1D TOTAL        ACCESS:  123793417 HIT:  123285778 MISS:     507639 MSHR_MERGE:     127128
cpu12->cpu12_L1D LOAD         ACCESS:   81086749 HIT:   80756572 MISS:     330177 MSHR_MERGE:      42060
cpu12->cpu12_L1D RFO          ACCESS:          0 HIT:          0 MISS:          0 MSHR_MERGE:          0
cpu12->cpu12_L1D PREFETCH     ACCESS:     119146 HIT:      97699 MISS:      21447 MSHR_MERGE:        686
cpu12->cpu12_L1D WRITE        ACCESS:   42581741 HIT:   42430941 MISS:     150800 MSHR_MERGE:      84370
cpu12->cpu12_L1D TRANSLATION  ACCESS:       5781 HIT:        566 MISS:       5215 MSHR_MERGE:         12
cpu12->cpu12_L1D PREFETCH REQUESTED:     168996 ISSUED:     119145 USEFUL:      19170 USELESS:        347
cpu12->cpu12_L1D AVERAGE MISS LATENCY: 37.76 cycles
cpu12_L1D FLUSH STALL CYCLES: 63
cpu12->cpu12_ITLB TOTAL        ACCESS:   43664012 HIT:   43664008 MISS:          4 MSHR_MERGE:          2
cpu12->cpu12_ITLB LOAD         ACCESS:   43664012 HIT:   43664008 MISS:          4 MSHR_MERGE:          2
cpu12->cpu12_ITLB RFO          ACCESS:          0 HIT:          0 MISS:          0 MSHR_MERGE:          0
cpu12->cpu12_ITLB PREFETCH     ACCESS:          0 HIT:          0 MISS:          0 MSHR_MERGE:          0
cpu12->cpu12_ITLB WRITE        ACCESS:          0 HIT:          0 MISS:          0 MSHR_MERGE:          0
cpu12->cpu12_ITLB TRANSLATION  ACCESS:          0 HIT:          0 MISS:          0 MSHR_MERGE:          0
cpu12->cpu12_ITLB PREFETCH REQUESTED:          0 ISSUED:          0 USEFUL:          0 USELESS:          0
cpu12->cpu12_ITLB AVERAGE MISS LATENCY: 848.5 cycles
cpu12->cpu12_DTLB TOTAL        ACCESS:  112668105 HIT:  111689004 MISS:     979101 MSHR_MERGE:      18095
cpu12->cpu12_DTLB LOAD         ACCESS:  112668105 HIT:  111689004 MISS:     979101 MSHR_MERGE:      18095
cpu12->cpu12_DTLB RFO          ACCESS:          0 HIT:          0 MISS:          0 MSHR_MERGE:          0
cpu12->cpu12_DTLB PREFETCH     ACCESS:          0 HIT:          0 MISS:          0 MSHR_MERGE:          0
cpu12->cpu12_DTLB WRITE        ACCESS:          0 HIT:          0 MISS:          0 MSHR_MERGE:          0
cpu12->cpu12_DTLB TRANSLATION  ACCESS:          0 HIT:          0 MISS:          0 MSHR_MERGE:          0
cpu12->cpu12_DTLB PREFETCH REQUESTED:          0 ISSUED:          0 USEFUL:          0 USELESS:          0
cpu12->cpu12_DTLB AVERAGE MISS LATENCY: 7.366 cycles
cpu11->cpu11_STLB TOTAL        ACCESS:   21348668 HIT:   21313843 MISS:      34825 MSHR_MERGE:          0
cpu11->cpu11_STLB LOAD         ACCESS:   21348668 HIT:   21313843 MISS:      34825 MSHR_MERGE:          0
cpu11->cpu11_STLB RFO          ACCESS:          0 HIT:          0 MISS:          0 MSHR_MERGE:          0
cpu11->cpu11_STLB PREFETCH     ACCESS:          0 HIT:          0 MISS:          0 MSHR_MERGE:          0
cpu11->cpu11_STLB WRITE        ACCESS:          0 HIT:          0 MISS:          0 MSHR_MERGE:          0
cpu11->cpu11_STLB TRANSLATION  ACCESS:          0 HIT:          0 MISS:          0 MSHR_MERGE:          0
cpu11->cpu11_STLB PREFETCH REQUESTED:          0 ISSUED:          0 USEFUL:          0 USELESS:          0
cpu11->cpu11_STLB AVERAGE MISS LATENCY: 815.5 cycles
cpu0->cpu11_L2C TOTAL        ACCESS:         28 HIT:         28 MISS:          0 MSHR_MERGE:          0
cpu0->cpu11_L2C LOAD         ACCESS:          0 HIT:          0 MISS:          0 MSHR_MERGE:          0
cpu0->cpu11_L2C RFO          ACCESS:          0 HIT:          0 MISS:          0 MSHR_MERGE:          0
cpu0->cpu11_L2C PREFETCH     ACCESS:          0 HIT:          0 MISS:          0 MSHR_MERGE:          0
cpu0->cpu11_L2C WRITE        ACCESS:         28 HIT:         28 MISS:          0 MSHR_MERGE:          0
cpu0->cpu11_L2C TRANSLATION  ACCESS:          0 HIT:          0 MISS:          0 MSHR_MERGE:          0
cpu0->cpu11_L2C PREFETCH REQUESTED:   26204185 ISSUED:   26184578 USEFUL:     561512 USELESS:     539222
cpu0->cpu11_L2C AVERAGE MISS LATENCY: - cycles
cpu11->cpu11_L2C TOTAL        ACCESS:   61328695 HIT:   43244077 MISS:   18084618 MSHR_MERGE:    1955541
cpu11->cpu11_L2C LOAD         ACCESS:   30914842 HIT:   22031832 MISS:    8883010 MSHR_MERGE:      19514
cpu11->cpu11_L2C RFO          ACCESS:    1554314 HIT:    1391480 MISS:     162834 MSHR_MERGE:          0
cpu11->cpu11_L2C PREFETCH     ACCESS:   26452619 HIT:   17590877 MISS:    8861742 MSHR_MERGE:    1936027
cpu11->cpu11_L2C WRITE        ACCESS:    2318650 HIT:    2209893 MISS:     108757 MSHR_MERGE:          0
cpu11->cpu11_L2C TRANSLATION  ACCESS:      88270 HIT:      19995 MISS:      68275 MSHR_MERGE:          0
cpu11->cpu11_L2C PREFETCH REQUESTED:   26204185 ISSUED:   26184578 USEFUL:     561512 USELESS:     539222
cpu11->cpu11_L2C AVERAGE MISS LATENCY: 49.86 cycles
cpu11_L2C FLUSH STALL CYCLES: 4337
cpu11->cpu11_L1I TOTAL        ACCESS:   95277504 HIT:   95130979 MISS:     146525 MSHR_MERGE:      88050
cpu11->cpu11_L1I LOAD         ACCESS:   49401759 HIT:   49303603 MISS:      98156 MSHR_MERGE:      49498
cpu11->cpu11_L1I RFO          ACCESS:          0 HIT:          0 MISS:          0 MSHR_MERGE:          0
cpu11->cpu11_L1I PREFETCH     ACCESS:   45875745 HIT:   45827376 MISS:      48369 MSHR_MERGE:      38552
cpu11->cpu11_L1I WRITE        ACCESS:          0 HIT:          0 MISS:          0 MSHR_MERGE:          0
cpu11->cpu11_L1I TRANSLATION  ACCESS:          0 HIT:          0 MISS:          0 MSHR_MERGE:          0
cpu11->cpu11_L1I PREFETCH REQUESTED:   49402012 ISSUED:   45875713 USEFUL:       8578 USELESS:       1227
cpu11->cpu11_L1I AVERAGE MISS LATENCY: 10.67 cycles
cpu11->cpu11_L1D TOTAL        ACCESS:   82249518 HIT:   45886463 MISS:   36363055 MSHR_MERGE:    3579086
cpu11->cpu11_L1D LOAD         ACCESS:   49410160 HIT:   15706634 MISS:   33703526 MSHR_MERGE:    2821595
cpu11->cpu11_L1D RFO          ACCESS:          0 HIT:          0 MISS:          0 MSHR_MERGE:          0
cpu11->cpu11_L1D PREFETCH     ACCESS:     354394 HIT:      72590 MISS:     281804 MSHR_MERGE:      23570
cpu11->cpu11_L1D WRITE        ACCESS:   32395963 HIT:   30106761 MISS:    2289202 MSHR_MERGE:     733668
cpu11->cpu11_L1D TRANSLATION  ACCESS:      89001 HIT:        478 MISS:      88523 MSHR_MERGE:        253
cpu11->cpu11_L1D PREFETCH REQUESTED:     354394 ISSUED:     354394 USEFUL:        904 USELESS:      63255
cpu11->cpu11_L1D AVERAGE MISS LATENCY: 24.62 cycles
cpu11->cpu11_ITLB TOTAL        ACCESS:   63022759 HIT:   63022642 MISS:        117 MSHR_MERGE:         64
cpu11->cpu11_ITLB LOAD         ACCESS:   63022759 HIT:   63022642 MISS:        117 MSHR_MERGE:         64
cpu11->cpu11_ITLB RFO          ACCESS:          0 HIT:          0 MISS:          0 MSHR_MERGE:          0
cpu11->cpu11_ITLB PREFETCH     ACCESS:          0 HIT:          0 MISS:          0 MSHR_MERGE:          0
cpu11->cpu11_ITLB WRITE        ACCESS:          0 HIT:          0 MISS:          0 MSHR_MERGE:          0
cpu11->cpu11_ITLB TRANSLATION  ACCESS:          0 HIT:          0 MISS:          0 MSHR_MERGE:          0
cpu11->cpu11_ITLB PREFETCH REQUESTED:          0 ISSUED:          0 USEFUL:          0 USELESS:          0
cpu11->cpu11_ITLB AVERAGE MISS LATENCY: 943.5 cycles
cpu11->cpu11_DTLB TOTAL        ACCESS:   76133662 HIT:   49140614 MISS:   26993048 MSHR_MERGE:    5644433
cpu11->cpu11_DTLB LOAD         ACCESS:   76133662 HIT:   49140614 MISS:   26993048 MSHR_MERGE:    5644433
cpu11->cpu11_DTLB RFO          ACCESS:          0 HIT:          0 MISS:          0 MSHR_MERGE:          0
cpu11->cpu11_DTLB PREFETCH     ACCESS:          0 HIT:          0 MISS:          0 MSHR_MERGE:          0
cpu11->cpu11_DTLB WRITE        ACCESS:          0 HIT:          0 MISS:          0 MSHR_MERGE:          0
cpu11->cpu11_DTLB TRANSLATION  ACCESS:          0 HIT:          0 MISS:          0 MSHR_MERGE:          0
cpu11->cpu11_DTLB PREFETCH REQUESTED:          0 ISSUED:          0 USEFUL:          0 USELESS:          0
cpu11->cpu11_DTLB AVERAGE MISS LATENCY: 6.405 cycles
cpu10->cpu10_STLB TOTAL        ACCESS:    5266861 HIT:    4973226 MISS:     293635 MSHR_MERGE:          0
cpu10->cpu10_STLB LOAD         ACCESS:    5266861 HIT:    4973226 MISS:     293635 MSHR_MERGE:          0
cpu10->cpu10_STLB RFO          ACCESS:          0 HIT:          0 MISS:          0 MSHR_MERGE:          0
cpu10->cpu10_STLB PREFETCH     ACCESS:          0 HIT:          0 MISS:          0 MSHR_MERGE:          0
cpu10->cpu10_STLB WRITE        ACCESS:          0 HIT:          0 MISS:          0 MSHR_MERGE:          0
cpu10->cpu10_STLB TRANSLATION  ACCESS:          0 HIT:          0 MISS:          0 MSHR_MERGE:          0
cpu10->cpu10_STLB PREFETCH REQUESTED:          0 ISSUED:          0 USEFUL:          0 USELESS:          0
cpu10->cpu10_STLB AVERAGE MISS LATENCY: 87.35 cycles
cpu0->cpu10_L2C TOTAL        ACCESS:         91 HIT:         90 MISS:          1 MSHR_MERGE:          0
cpu0->cpu10_L2C LOAD         ACCESS:          0 HIT:          0 MISS:          0 MSHR_MERGE:          0
cpu0->cpu10_L2C RFO          ACCESS:          0 HIT:          0 MISS:          0 MSHR_MERGE:          0
cpu0->cpu10_L2C PREFETCH     ACCESS:          0 HIT:          0 MISS:          0 MSHR_MERGE:          0
cpu0->cpu10_L2C WRITE        ACCESS:         91 HIT:         90 MISS:          1 MSHR_MERGE:          0
cpu0->cpu10_L2C TRANSLATION  ACCESS:          0 HIT:          0 MISS:          0 MSHR_MERGE:          0
cpu0->cpu10_L2C PREFETCH REQUESTED:   13386225 ISSUED:   13385925 USEFUL:       1314 USELESS:       4570
cpu0->cpu10_L2C AVERAGE MISS LATENCY: 1.61e+08 cycles
cpu10->cpu10_L2C TOTAL        ACCESS:   26534395 HIT:   22587721 MISS:    3946674 MSHR_MERGE:      23065
cpu10->cpu10_L2C LOAD         ACCESS:   10144484 HIT:   10044328 MISS:     100156 MSHR_MERGE:        197
cpu10->cpu10_L2C RFO          ACCESS:     462298 HIT:      86446 MISS:     375852 MSHR_MERGE:        151
cpu10->cpu10_L2C PREFETCH     ACCESS:   14705356 HIT:   11323744 MISS:    3381612 MSHR_MERGE:      22717
cpu10->cpu10_L2C WRITE        ACCESS:     657037 HIT:     624096 MISS:      32941 MSHR_MERGE:          0
cpu10->cpu10_L2C TRANSLATION  ACCESS:     565220 HIT:     509107 MISS:      56113 MSHR_MERGE:          0
cpu10->cpu10_L2C PREFETCH REQUESTED:   13386225 ISSUED:   13385925 USEFUL:       1314 USELESS:       4570
cpu10->cpu10_L2C AVERAGE MISS LATENCY: 285 cycles
cpu10_L2C FLUSH STALL CYCLES: 27992
cpu10->cpu10_L1I TOTAL        ACCESS:   80925326 HIT:   77891344 MISS:    3033982 MSHR_MERGE:    1079808
cpu10->cpu10_L1I LOAD         ACCESS:   40937985 HIT:   39351886 MISS:    1586099 MSHR_MERGE:     546474
cpu10->cpu10_L1I RFO          ACCESS:          0 HIT:          0 MISS:          0 MSHR_MERGE:          0
cpu10->cpu10_L1I PREFETCH     ACCESS:   39987341 HIT:   38539458 MISS:    1447883 MSHR_MERGE:     533334
cpu10->cpu10_L1I WRITE        ACCESS:          0 HIT:          0 MISS:          0 MSHR_MERGE:          0
cpu10->cpu10_L1I TRANSLATION  ACCESS:          0 HIT:          0 MISS:          0 MSHR_MERGE:          0
cpu10->cpu10_L1I PREFETCH REQUESTED:   40942188 ISSUED:   39987309 USEFUL:     387786 USELESS:     526725
cpu10->cpu10_L1I AVERAGE MISS LATENCY: 9.475 cycles
cpu10->cpu10_L1D TOTAL        ACCESS:   59599663 HIT:   43519341 MISS:   16080322 MSHR_MERGE:    5542979
cpu10->cpu10_L1D LOAD         ACCESS:   39184600 HIT:   26031215 MISS:   13153385 MSHR_MERGE:    4048519
cpu10->cpu10_L1D RFO          ACCESS:          0 HIT:          0 MISS:          0 MSHR_MERGE:          0
cpu10->cpu10_L1D PREFETCH     ACCESS:    4878547 HIT:    4291975 MISS:     586572 MSHR_MERGE:     181616
cpu10->cpu10_L1D WRITE        ACCESS:   14947482 HIT:   13173535 MISS:    1773947 MSHR_MERGE:    1311646
cpu10->cpu10_L1D TRANSLATION  ACCESS:     589034 HIT:      22616 MISS:     566418 MSHR_MERGE:       1198
cpu10->cpu10_L1D PREFETCH REQUESTED:    6574020 ISSUED:    4878547 USEFUL:     275374 USELESS:     112021
cpu10->cpu10_L1D AVERAGE MISS LATENCY: 25.89 cycles
cpu10_L1D FLUSH STALL CYCLES: 27
cpu10->cpu10_ITLB TOTAL        ACCESS:   60092691 HIT:   59931985 MISS:     160706 MSHR_MERGE:      83553
cpu10->cpu10_ITLB LOAD         ACCESS:   60092691 HIT:   59931985 MISS:     160706 MSHR_MERGE:      83553
cpu10->cpu10_ITLB RFO          ACCESS:          0 HIT:          0 MISS:          0 MSHR_MERGE:          0
cpu10->cpu10_ITLB PREFETCH     ACCESS:          0 HIT:          0 MISS:          0 MSHR_MERGE:          0
cpu10->cpu10_ITLB WRITE        ACCESS:          0 HIT:          0 MISS:          0 MSHR_MERGE:          0
cpu10->cpu10_ITLB TRANSLATION  ACCESS:          0 HIT:          0 MISS:          0 MSHR_MERGE:          0
cpu10->cpu10_ITLB PREFETCH REQUESTED:          0 ISSUED:          0 USEFUL:          0 USELESS:          0
cpu10->cpu10_ITLB AVERAGE MISS LATENCY: 10.86 cycles
cpu10->cpu10_DTLB TOTAL        ACCESS:   52118626 HIT:   44013356 MISS:    8105270 MSHR_MERGE:    2915562
cpu10->cpu10_DTLB LOAD         ACCESS:   52118626 HIT:   44013356 MISS:    8105270 MSHR_MERGE:    2915562
cpu10->cpu10_DTLB RFO          ACCESS:          0 HIT:          0 MISS:          0 MSHR_MERGE:          0
cpu10->cpu10_DTLB PREFETCH     ACCESS:          0 HIT:          0 MISS:          0 MSHR_MERGE:          0
cpu10->cpu10_DTLB WRITE        ACCESS:          0 HIT:          0 MISS:          0 MSHR_MERGE:          0
cpu10->cpu10_DTLB TRANSLATION  ACCESS:          0 HIT:          0 MISS:          0 MSHR_MERGE:          0
cpu10->cpu10_DTLB PREFETCH REQUESTED:          0 ISSUED:          0 USEFUL:          0 USELESS:          0
cpu10->cpu10_DTLB AVERAGE MISS LATENCY: 9.912 cycles
cpu0->cpu0_STLB TOTAL        ACCESS:       2008 HIT:         63 MISS:       1945 MSHR_MERGE:          0
cpu0->cpu0_STLB LOAD         ACCESS:       2008 HIT:         63 MISS:       1945 MSHR_MERGE:          0
cpu0->cpu0_STLB RFO          ACCESS:          0 HIT:          0 MISS:          0 MSHR_MERGE:          0
cpu0->cpu0_STLB PREFETCH     ACCESS:          0 HIT:          0 MISS:          0 MSHR_MERGE:          0
cpu0->cpu0_STLB WRITE        ACCESS:          0 HIT:          0 MISS:          0 MSHR_MERGE:          0
cpu0->cpu0_STLB TRANSLATION  ACCESS:          0 HIT:          0 MISS:          0 MSHR_MERGE:          0
cpu0->cpu0_STLB PREFETCH REQUESTED:          0 ISSUED:          0 USEFUL:          0 USELESS:          0
cpu0->cpu0_STLB AVERAGE MISS LATENCY: 870.6 cycles
cpu0->cpu0_L2C TOTAL        ACCESS:     274625 HIT:      80475 MISS:     194150 MSHR_MERGE:       7770
cpu0->cpu0_L2C LOAD         ACCESS:       2513 HIT:       1862 MISS:        651 MSHR_MERGE:          8
cpu0->cpu0_L2C RFO          ACCESS:     113589 HIT:       1557 MISS:     112032 MSHR_MERGE:          0
cpu0->cpu0_L2C PREFETCH     ACCESS:      41118 HIT:      14459 MISS:      26659 MSHR_MERGE:       7762
cpu0->cpu0_L2C WRITE        ACCESS:     115134 HIT:      62565 MISS:      52569 MSHR_MERGE:          0
cpu0->cpu0_L2C TRANSLATION  ACCESS:       2271 HIT:         32 MISS:       2239 MSHR_MERGE:          0
cpu0->cpu0_L2C PREFETCH REQUESTED:      19655 ISSUED:      19655 USEFUL:         83 USELESS:          8
cpu0->cpu0_L2C AVERAGE MISS LATENCY: 270.5 cycles
cpu0_L2C FLUSH STALL CYCLES: 29540
cpu0->cpu0_L1I TOTAL        ACCESS:   41571952 HIT:   41571951 MISS:          1 MSHR_MERGE:          0
cpu0->cpu0_L1I LOAD         ACCESS:   24316218 HIT:   24316218 MISS:          0 MSHR_MERGE:          0
cpu0->cpu0_L1I RFO          ACCESS:          0 HIT:          0 MISS:          0 MSHR_MERGE:          0
cpu0->cpu0_L1I PREFETCH     ACCESS:   17255734 HIT:   17255733 MISS:          1 MSHR_MERGE:          0
cpu0->cpu0_L1I WRITE        ACCESS:          0 HIT:          0 MISS:          0 MSHR_MERGE:          0
cpu0->cpu0_L1I TRANSLATION  ACCESS:          0 HIT:          0 MISS:          0 MSHR_MERGE:          0
cpu0->cpu0_L1I PREFETCH REQUESTED:   24316218 ISSUED:   17255734 USEFUL:          0 USELESS:          0
cpu0->cpu0_L1I AVERAGE MISS LATENCY: - cycles
cpu0->cpu0_L1D TOTAL        ACCESS:  139138930 HIT:  138259985 MISS:     878945 MSHR_MERGE:     739051
cpu0->cpu0_L1D LOAD         ACCESS:  112564176 HIT:  112559423 MISS:       4753 MSHR_MERGE:       2240
cpu0->cpu0_L1D RFO          ACCESS:          0 HIT:          0 MISS:          0 MSHR_MERGE:          0
cpu0->cpu0_L1D PREFETCH     ACCESS:     760568 HIT:     737070 MISS:      23498 MSHR_MERGE:       2023
cpu0->cpu0_L1D WRITE        ACCESS:   25810293 HIT:   24961870 MISS:     848423 MSHR_MERGE:     734788
cpu0->cpu0_L1D TRANSLATION  ACCESS:       3893 HIT:       1622 MISS:       2271 MSHR_MERGE:          0
cpu0->cpu0_L1D PREFETCH REQUESTED:     760568 ISSUED:     760568 USEFUL:      11051 USELESS:        122
cpu0->cpu0_L1D AVERAGE MISS LATENCY: 390.4 cycles
cpu0_L1D FLUSH STALL CYCLES: 574
cpu0->cpu0_ITLB TOTAL        ACCESS:   30692909 HIT:   30692909 MISS:          0 MSHR_MERGE:          0
cpu0->cpu0_ITLB LOAD         ACCESS:   30692909 HIT:   30692909 MISS:          0 MSHR_MERGE:          0
cpu0->cpu0_ITLB RFO          ACCESS:          0 HIT:          0 MISS:          0 MSHR_MERGE:          0
cpu0->cpu0_ITLB PREFETCH     ACCESS:          0 HIT:          0 MISS:          0 MSHR_MERGE:          0
cpu0->cpu0_ITLB WRITE        ACCESS:          0 HIT:          0 MISS:          0 MSHR_MERGE:          0
cpu0->cpu0_ITLB TRANSLATION  ACCESS:          0 HIT:          0 MISS:          0 MSHR_MERGE:          0
cpu0->cpu0_ITLB PREFETCH REQUESTED:          0 ISSUED:          0 USEFUL:          0 USELESS:          0
cpu0->cpu0_ITLB AVERAGE MISS LATENCY: - cycles
cpu0->cpu0_DTLB TOTAL        ACCESS:  129056126 HIT:  129033433 MISS:      22693 MSHR_MERGE:      20685
cpu0->cpu0_DTLB LOAD         ACCESS:  129056126 HIT:  129033433 MISS:      22693 MSHR_MERGE:      20685
cpu0->cpu0_DTLB RFO          ACCESS:          0 HIT:          0 MISS:          0 MSHR_MERGE:          0
cpu0->cpu0_DTLB PREFETCH     ACCESS:          0 HIT:          0 MISS:          0 MSHR_MERGE:          0
cpu0->cpu0_DTLB WRITE        ACCESS:          0 HIT:          0 MISS:          0 MSHR_MERGE:          0
cpu0->cpu0_DTLB TRANSLATION  ACCESS:          0 HIT:          0 MISS:          0 MSHR_MERGE:          0
cpu0->cpu0_DTLB PREFETCH REQUESTED:          0 ISSUED:          0 USEFUL:          0 USELESS:          0
cpu0->cpu0_DTLB AVERAGE MISS LATENCY: 849.3 cycles
cpu0->LLC TOTAL        ACCESS:     755174 HIT:      88925 MISS:     666249 MSHR_MERGE:       1418
cpu0->LLC LOAD         ACCESS:        643 HIT:        231 MISS:        412 MSHR_MERGE:         11
cpu0->LLC RFO          ACCESS:     112032 HIT:        140 MISS:     111892 MSHR_MERGE:          1
cpu0->LLC PREFETCH     ACCESS:      18897 HIT:       5247 MISS:      13650 MSHR_MERGE:       1406
cpu0->LLC WRITE        ACCESS:     621363 HIT:      83295 MISS:     538068 MSHR_MERGE:          0
cpu0->LLC TRANSLATION  ACCESS:       2239 HIT:         12 MISS:       2227 MSHR_MERGE:          0
cpu0->LLC PREFETCH REQUESTED:          0 ISSUED:          0 USEFUL:          0 USELESS:          0
cpu0->LLC AVERAGE MISS LATENCY: 3639 cycles
cpu1->LLC TOTAL        ACCESS:      33841 HIT:      20048 MISS:      13793 MSHR_MERGE:       1576
cpu1->LLC LOAD         ACCESS:       1062 HIT:         46 MISS:       1016 MSHR_MERGE:          3
cpu1->LLC RFO          ACCESS:        818 HIT:        122 MISS:        696 MSHR_MERGE:         16
cpu1->LLC PREFETCH     ACCESS:      31404 HIT:      19880 MISS:      11524 MSHR_MERGE:       1557
cpu1->LLC WRITE        ACCESS:          0 HIT:          0 MISS:          0 MSHR_MERGE:          0
cpu1->LLC TRANSLATION  ACCESS:        557 HIT:          0 MISS:        557 MSHR_MERGE:          0
cpu1->LLC PREFETCH REQUESTED:          0 ISSUED:          0 USEFUL:          0 USELESS:          0
cpu1->LLC AVERAGE MISS LATENCY: 1.047e+06 cycles
cpu2->LLC TOTAL        ACCESS:      21537 HIT:      10521 MISS:      11016 MSHR_MERGE:         17
cpu2->LLC LOAD         ACCESS:       2052 HIT:         76 MISS:       1976 MSHR_MERGE:          2
cpu2->LLC RFO          ACCESS:         10 HIT:          2 MISS:          8 MSHR_MERGE:          0
cpu2->LLC PREFETCH     ACCESS:      18105 HIT:      10408 MISS:       7697 MSHR_MERGE:         15
cpu2->LLC WRITE        ACCESS:        534 HIT:         34 MISS:        500 MSHR_MERGE:          0
cpu2->LLC TRANSLATION  ACCESS:        836 HIT:          1 MISS:        835 MSHR_MERGE:          0
cpu2->LLC PREFETCH REQUESTED:          0 ISSUED:          0 USEFUL:          0 USELESS:          0
cpu2->LLC AVERAGE MISS LATENCY: 7.155e+05 cycles
cpu3->LLC TOTAL        ACCESS:      37123 HIT:         18 MISS:      37105 MSHR_MERGE:          0
cpu3->LLC LOAD         ACCESS:          7 HIT:          0 MISS:          7 MSHR_MERGE:          0
cpu3->LLC RFO          ACCESS:      31093 HIT:          1 MISS:      31092 MSHR_MERGE:          0
cpu3->LLC PREFETCH     ACCESS:         18 HIT:          0 MISS:         18 MSHR_MERGE:          0
cpu3->LLC WRITE        ACCESS:       4075 HIT:         17 MISS:       4058 MSHR_MERGE:          0
cpu3->LLC TRANSLATION  ACCESS:       1930 HIT:          0 MISS:       1930 MSHR_MERGE:          0
cpu3->LLC PREFETCH REQUESTED:          0 ISSUED:          0 USEFUL:          0 USELESS:          0
cpu3->LLC AVERAGE MISS LATENCY: 6.403e+04 cycles
cpu4->LLC TOTAL        ACCESS:    9576362 HIT:    8261779 MISS:    1314583 MSHR_MERGE:     472819
cpu4->LLC LOAD         ACCESS:     220405 HIT:     201958 MISS:      18447 MSHR_MERGE:        444
cpu4->LLC RFO          ACCESS:         31 HIT:          1 MISS:         30 MSHR_MERGE:          0
cpu4->LLC PREFETCH     ACCESS:    9341135 HIT:    8059797 MISS:    1281338 MSHR_MERGE:     472375
cpu4->LLC WRITE        ACCESS:        108 HIT:         23 MISS:         85 MSHR_MERGE:          0
cpu4->LLC TRANSLATION  ACCESS:      14683 HIT:          0 MISS:      14683 MSHR_MERGE:          0
cpu4->LLC PREFETCH REQUESTED:          0 ISSUED:          0 USEFUL:          0 USELESS:          0
cpu4->LLC AVERAGE MISS LATENCY: 7.143e+04 cycles
cpu5->LLC TOTAL        ACCESS:     789139 HIT:     136528 MISS:     652611 MSHR_MERGE:       2427
cpu5->LLC LOAD         ACCESS:     211855 HIT:      34557 MISS:     177298 MSHR_MERGE:       1810
cpu5->LLC RFO          ACCESS:      84407 HIT:       1364 MISS:      83043 MSHR_MERGE:          3
cpu5->LLC PREFETCH     ACCESS:      77868 HIT:      34101 MISS:      43767 MSHR_MERGE:        614
cpu5->LLC WRITE        ACCESS:     208234 HIT:      30687 MISS:     177547 MSHR_MERGE:          0
cpu5->LLC TRANSLATION  ACCESS:     206775 HIT:      35819 MISS:     170956 MSHR_MERGE:          0
cpu5->LLC PREFETCH REQUESTED:          0 ISSUED:          0 USEFUL:          0 USELESS:          0
cpu5->LLC AVERAGE MISS LATENCY: 3900 cycles
cpu6->LLC TOTAL        ACCESS:     255382 HIT:      46349 MISS:     209033 MSHR_MERGE:       6538
cpu6->LLC LOAD         ACCESS:       1116 HIT:        593 MISS:        523 MSHR_MERGE:         63
cpu6->LLC RFO          ACCESS:      97430 HIT:        145 MISS:      97285 MSHR_MERGE:          1
cpu6->LLC PREFETCH     ACCESS:      52372 HIT:      25641 MISS:      26731 MSHR_MERGE:       6474
cpu6->LLC WRITE        ACCESS:     102129 HIT:      19970 MISS:      82159 MSHR_MERGE:          0
cpu6->LLC TRANSLATION  ACCESS:       2335 HIT:          0 MISS:       2335 MSHR_MERGE:          0
cpu6->LLC PREFETCH REQUESTED:          0 ISSUED:          0 USEFUL:          0 USELESS:          0
cpu6->LLC AVERAGE MISS LATENCY: 1.303e+04 cycles
cpu7->LLC TOTAL        ACCESS:      52522 HIT:      27188 MISS:      25334 MSHR_MERGE:       3520
cpu7->LLC LOAD         ACCESS:       6048 HIT:       3259 MISS:       2789 MSHR_MERGE:        198
cpu7->LLC RFO          ACCESS:       7593 HIT:        178 MISS:       7415 MSHR_MERGE:          0
cpu7->LLC PREFETCH     ACCESS:      37740 HIT:      23735 MISS:      14005 MSHR_MERGE:       3322
cpu7->LLC WRITE        ACCESS:         29 HIT:         16 MISS:         13 MSHR_MERGE:          0
cpu7->LLC TRANSLATION  ACCESS:       1112 HIT:          0 MISS:       1112 MSHR_MERGE:          0
cpu7->LLC PREFETCH REQUESTED:          0 ISSUED:          0 USEFUL:          0 USELESS:          0
cpu7->LLC AVERAGE MISS LATENCY: 2.096e+05 cycles
cpu8->LLC TOTAL        ACCESS:     237799 HIT:      65449 MISS:     172350 MSHR_MERGE:        757
cpu8->LLC LOAD         ACCESS:      24018 HIT:      16821 MISS:       7197 MSHR_MERGE:        384
cpu8->LLC RFO          ACCESS:      81517 HIT:         60 MISS:      81457 MSHR_MERGE:         40
cpu8->LLC PREFETCH     ACCESS:      62582 HIT:      47412 MISS:      15170 MSHR_MERGE:        333
cpu8->LLC WRITE        ACCESS:      67907 HIT:       1129 MISS:      66778 MSHR_MERGE:          0
cpu8->LLC TRANSLATION  ACCESS:       1775 HIT:         27 MISS:       1748 MSHR_MERGE:          0
cpu8->LLC PREFETCH REQUESTED:          0 ISSUED:          0 USEFUL:          0 USELESS:          0
cpu8->LLC AVERAGE MISS LATENCY: 1.511e+04 cycles
cpu9->LLC TOTAL        ACCESS:      23280 HIT:      20586 MISS:       2694 MSHR_MERGE:        835
cpu9->LLC LOAD         ACCESS:        228 HIT:         89 MISS:        139 MSHR_MERGE:          7
cpu9->LLC RFO          ACCESS:         51 HIT:          3 MISS:         48 MSHR_MERGE:          0
cpu9->LLC PREFETCH     ACCESS:      22941 HIT:      20494 MISS:       2447 MSHR_MERGE:        828
cpu9->LLC WRITE        ACCESS:          0 HIT:          0 MISS:          0 MSHR_MERGE:          0
cpu9->LLC TRANSLATION  ACCESS:         60 HIT:          0 MISS:         60 MSHR_MERGE:          0
cpu9->LLC PREFETCH REQUESTED:          0 ISSUED:          0 USEFUL:          0 USELESS:          0
cpu9->LLC AVERAGE MISS LATENCY: 9.614e+06 cycles
cpu10->LLC TOTAL        ACCESS:    4293874 HIT:    3383554 MISS:     910320 MSHR_MERGE:       4983
cpu10->LLC LOAD         ACCESS:      99959 HIT:      72280 MISS:      27679 MSHR_MERGE:        521
cpu10->LLC RFO          ACCESS:     375701 HIT:      17896 MISS:     357805 MSHR_MERGE:       2246
cpu10->LLC PREFETCH     ACCESS:    3352491 HIT:    3230880 MISS:     121611 MSHR_MERGE:       2216
cpu10->LLC WRITE        ACCESS:     409610 HIT:      50020 MISS:     359590 MSHR_MERGE:          0
cpu10->LLC TRANSLATION  ACCESS:      56113 HIT:      12478 MISS:      43635 MSHR_MERGE:          0
cpu10->LLC PREFETCH REQUESTED:          0 ISSUED:          0 USEFUL:          0 USELESS:          0
cpu10->LLC AVERAGE MISS LATENCY: 3011 cycles
cpu11->LLC TOTAL        ACCESS:   16369347 HIT:   13695399 MISS:    2673948 MSHR_MERGE:       7963
cpu11->LLC LOAD         ACCESS:    8863047 HIT:    8340425 MISS:     522622 MSHR_MERGE:       3228
cpu11->LLC RFO          ACCESS:     162719 HIT:     161376 MISS:       1343 MSHR_MERGE:          0
cpu11->LLC PREFETCH     ACCESS:    6921302 HIT:    4859119 MISS:    2062183 MSHR_MERGE:       4735
cpu11->LLC WRITE        ACCESS:     354004 HIT:     320493 MISS:      33511 MSHR_MERGE:          0
cpu11->LLC TRANSLATION  ACCESS:      68275 HIT:      13986 MISS:      54289 MSHR_MERGE:          0
cpu11->LLC PREFETCH REQUESTED:          0 ISSUED:          0 USEFUL:          0 USELESS:          0
cpu11->LLC AVERAGE MISS LATENCY: 3882 cycles
cpu12->LLC TOTAL        ACCESS:     559130 HIT:     403658 MISS:     155472 MSHR_MERGE:      37944
cpu12->LLC LOAD         ACCESS:      50400 HIT:      41934 MISS:       8466 MSHR_MERGE:        136
cpu12->LLC RFO          ACCESS:      13323 HIT:       2465 MISS:      10858 MSHR_MERGE:          1
cpu12->LLC PREFETCH     ACCESS:     485684 HIT:     357476 MISS:     128208 MSHR_MERGE:      37807
cpu12->LLC WRITE        ACCESS:       5772 HIT:       1587 MISS:       4185 MSHR_MERGE:          0
cpu12->LLC TRANSLATION  ACCESS:       3951 HIT:        196 MISS:       3755 MSHR_MERGE:          0
cpu12->LLC PREFETCH REQUESTED:          0 ISSUED:          0 USEFUL:          0 USELESS:          0
cpu12->LLC AVERAGE MISS LATENCY: 8.71e+04 cycles
cpu13->LLC TOTAL        ACCESS:    4405069 HIT:    3793689 MISS:     611380 MSHR_MERGE:       4348
cpu13->LLC LOAD         ACCESS:      70424 HIT:      41231 MISS:      29193 MSHR_MERGE:        630
cpu13->LLC RFO          ACCESS:     209598 HIT:      17561 MISS:     192037 MSHR_MERGE:       1755
cpu13->LLC PREFETCH     ACCESS:    3807397 HIT:    3676932 MISS:     130465 MSHR_MERGE:       1963
cpu13->LLC WRITE        ACCESS:     236007 HIT:      32267 MISS:     203740 MSHR_MERGE:          0
cpu13->LLC TRANSLATION  ACCESS:      81643 HIT:      25698 MISS:      55945 MSHR_MERGE:          0
cpu13->LLC PREFETCH REQUESTED:          0 ISSUED:          0 USEFUL:          0 USELESS:          0
cpu13->LLC AVERAGE MISS LATENCY: 4938 cycles
cpu14->LLC TOTAL        ACCESS:     242868 HIT:      71443 MISS:     171425 MSHR_MERGE:        743
cpu14->LLC LOAD         ACCESS:      22468 HIT:      15346 MISS:       7122 MSHR_MERGE:        365
cpu14->LLC RFO          ACCESS:      81682 HIT:        121 MISS:      81561 MSHR_MERGE:         55
cpu14->LLC PREFETCH     ACCESS:      68933 HIT:      54076 MISS:      14857 MSHR_MERGE:        323
cpu14->LLC WRITE        ACCESS:      68009 HIT:       1873 MISS:      66136 MSHR_MERGE:          0
cpu14->LLC TRANSLATION  ACCESS:       1776 HIT:         27 MISS:       1749 MSHR_MERGE:          0
cpu14->LLC PREFETCH REQUESTED:          0 ISSUED:          0 USEFUL:          0 USELESS:          0
cpu14->LLC AVERAGE MISS LATENCY: 1.517e+04 cycles
cpu15->LLC TOTAL        ACCESS:    3534175 HIT:    2326738 MISS:    1207437 MSHR_MERGE:     528010
cpu15->LLC LOAD         ACCESS:     355555 HIT:     289255 MISS:      66300 MSHR_MERGE:      22003
cpu15->LLC RFO          ACCESS:      93131 HIT:       8726 MISS:      84405 MSHR_MERGE:          1
cpu15->LLC PREFETCH     ACCESS:    2876203 HIT:    1906278 MISS:     969925 MSHR_MERGE:     506006
cpu15->LLC WRITE        ACCESS:     190242 HIT:     122386 MISS:      67856 MSHR_MERGE:          0
cpu15->LLC TRANSLATION  ACCESS:      19044 HIT:         93 MISS:      18951 MSHR_MERGE:          0
cpu15->LLC PREFETCH REQUESTED:          0 ISSUED:          0 USEFUL:          0 USELESS:          0
cpu15->LLC AVERAGE MISS LATENCY: 9998 cycles
cpu16->LLC TOTAL        ACCESS:    7914873 HIT:    7854110 MISS:      60763 MSHR_MERGE:      11011
cpu16->LLC LOAD         ACCESS:       1632 HIT:        752 MISS:        880 MSHR_MERGE:         64
cpu16->LLC RFO          ACCESS:        299 HIT:          0 MISS:        299 MSHR_MERGE:          0
cpu16->LLC PREFETCH     ACCESS:    7911792 HIT:    7853358 MISS:      58434 MSHR_MERGE:      10947
cpu16->LLC WRITE        ACCESS:         70 HIT:          0 MISS:         70 MSHR_MERGE:          0
cpu16->LLC TRANSLATION  ACCESS:       1080 HIT:          0 MISS:       1080 MSHR_MERGE:          0
cpu16->LLC PREFETCH REQUESTED:          0 ISSUED:          0 USEFUL:          0 USELESS:          0
cpu16->LLC AVERAGE MISS LATENCY: 1.02e+06 cycles
cpu17->LLC TOTAL        ACCESS:      34401 HIT:      20500 MISS:      13901 MSHR_MERGE:       1627
cpu17->LLC LOAD         ACCESS:       1062 HIT:         44 MISS:       1018 MSHR_MERGE:          3
cpu17->LLC RFO          ACCESS:        806 HIT:        113 MISS:        693 MSHR_MERGE:         18
cpu17->LLC PREFETCH     ACCESS:      31976 HIT:      20343 MISS:      11633 MSHR_MERGE:       1606
cpu17->LLC WRITE        ACCESS:          0 HIT:          0 MISS:          0 MSHR_MERGE:          0
cpu17->LLC TRANSLATION  ACCESS:        557 HIT:          0 MISS:        557 MSHR_MERGE:          0
cpu17->LLC PREFETCH REQUESTED:          0 ISSUED:          0 USEFUL:          0 USELESS:          0
cpu17->LLC AVERAGE MISS LATENCY: 1.047e+06 cycles
cpu18->LLC TOTAL        ACCESS:     156422 HIT:      80060 MISS:      76362 MSHR_MERGE:      23737
cpu18->LLC LOAD         ACCESS:       8083 HIT:       3741 MISS:       4342 MSHR_MERGE:        544
cpu18->LLC RFO          ACCESS:      21434 HIT:        249 MISS:      21185 MSHR_MERGE:         11
cpu18->LLC PREFETCH     ACCESS:     120961 HIT:      74012 MISS:      46949 MSHR_MERGE:      23182
cpu18->LLC WRITE        ACCESS:       3921 HIT:       2058 MISS:       1863 MSHR_MERGE:          0
cpu18->LLC TRANSLATION  ACCESS:       2023 HIT:          0 MISS:       2023 MSHR_MERGE:          0
cpu18->LLC PREFETCH REQUESTED:          0 ISSUED:          0 USEFUL:          0 USELESS:          0
cpu18->LLC AVERAGE MISS LATENCY: 8.073e+04 cycles
cpu19->LLC TOTAL        ACCESS:    1649842 HIT:     938339 MISS:     711503 MSHR_MERGE:     388228
cpu19->LLC LOAD         ACCESS:      55694 HIT:      40766 MISS:      14928 MSHR_MERGE:       6122
cpu19->LLC RFO          ACCESS:     105757 HIT:      14111 MISS:      91646 MSHR_MERGE:          0
cpu19->LLC PREFETCH     ACCESS:    1387581 HIT:     853388 MISS:     534193 MSHR_MERGE:     382106
cpu19->LLC WRITE        ACCESS:      94398 HIT:      30073 MISS:      64325 MSHR_MERGE:          0
cpu19->LLC TRANSLATION  ACCESS:       6412 HIT:          1 MISS:       6411 MSHR_MERGE:          0
cpu19->LLC PREFETCH REQUESTED:          0 ISSUED:          0 USEFUL:          0 USELESS:          0
cpu19->LLC AVERAGE MISS LATENCY: 1.339e+04 cycles
cpu20->LLC TOTAL        ACCESS:     425118 HIT:     247804 MISS:     177314 MSHR_MERGE:      81596
cpu20->LLC LOAD         ACCESS:      24897 HIT:      18233 MISS:       6664 MSHR_MERGE:       2901
cpu20->LLC RFO          ACCESS:       8650 HIT:       6092 MISS:       2558 MSHR_MERGE:          0
cpu20->LLC PREFETCH     ACCESS:     359969 HIT:     220712 MISS:     139257 MSHR_MERGE:      78695
cpu20->LLC WRITE        ACCESS:      30203 HIT:       2764 MISS:      27439 MSHR_MERGE:          0
cpu20->LLC TRANSLATION  ACCESS:       1399 HIT:          3 MISS:       1396 MSHR_MERGE:          0
cpu20->LLC PREFETCH REQUESTED:          0 ISSUED:          0 USEFUL:          0 USELESS:          0
cpu20->LLC AVERAGE MISS LATENCY: 6.24e+04 cycles
cpu21->LLC TOTAL        ACCESS:       8506 HIT:       4304 MISS:       4202 MSHR_MERGE:       1749
cpu21->LLC LOAD         ACCESS:        573 HIT:        128 MISS:        445 MSHR_MERGE:         57
cpu21->LLC RFO          ACCESS:         56 HIT:          0 MISS:         56 MSHR_MERGE:          0
cpu21->LLC PREFETCH     ACCESS:       7818 HIT:       4176 MISS:       3642 MSHR_MERGE:       1692
cpu21->LLC WRITE        ACCESS:          0 HIT:          0 MISS:          0 MSHR_MERGE:          0
cpu21->LLC TRANSLATION  ACCESS:         59 HIT:          0 MISS:         59 MSHR_MERGE:          0
cpu21->LLC PREFETCH REQUESTED:          0 ISSUED:          0 USEFUL:          0 USELESS:          0
cpu21->LLC AVERAGE MISS LATENCY: 4.24e+06 cycles
cpu22->LLC TOTAL        ACCESS:    4125088 HIT:    3217395 MISS:     907693 MSHR_MERGE:       5040
cpu22->LLC LOAD         ACCESS:      98756 HIT:      69884 MISS:      28872 MSHR_MERGE:        500
cpu22->LLC RFO          ACCESS:     374039 HIT:      18424 MISS:     355615 MSHR_MERGE:       2266
cpu22->LLC PREFETCH     ACCESS:    3186749 HIT:    3064923 MISS:     121826 MSHR_MERGE:       2274
cpu22->LLC WRITE        ACCESS:     408018 HIT:      50436 MISS:     357582 MSHR_MERGE:          0
cpu22->LLC TRANSLATION  ACCESS:      57526 HIT:      13728 MISS:      43798 MSHR_MERGE:          0
cpu22->LLC PREFETCH REQUESTED:          0 ISSUED:          0 USEFUL:          0 USELESS:          0
cpu22->LLC AVERAGE MISS LATENCY: 3022 cycles
cpu23->LLC TOTAL        ACCESS:    9296564 HIT:    5607494 MISS:    3689070 MSHR_MERGE:    1780219
cpu23->LLC LOAD         ACCESS:     693269 HIT:     567923 MISS:     125346 MSHR_MERGE:      77927
cpu23->LLC RFO          ACCESS:     720348 HIT:      87141 MISS:     633207 MSHR_MERGE:          5
cpu23->LLC PREFETCH     ACCESS:    6926161 HIT:    4532094 MISS:    2394067 MSHR_MERGE:    1702287
cpu23->LLC WRITE        ACCESS:     919870 HIT:     415440 MISS:     504430 MSHR_MERGE:          0
cpu23->LLC TRANSLATION  ACCESS:      36916 HIT:       4896 MISS:      32020 MSHR_MERGE:          0
cpu23->LLC PREFETCH REQUESTED:          0 ISSUED:          0 USEFUL:          0 USELESS:          0
cpu23->LLC AVERAGE MISS LATENCY: 1834 cycles
cpu24->LLC TOTAL        ACCESS:    1346832 HIT:    1098032 MISS:     248800 MSHR_MERGE:      14871
cpu24->LLC LOAD         ACCESS:     133977 HIT:     123097 MISS:      10880 MSHR_MERGE:        351
cpu24->LLC RFO          ACCESS:        177 HIT:          0 MISS:        177 MSHR_MERGE:          0
cpu24->LLC PREFETCH     ACCESS:    1206782 HIT:     974888 MISS:     231894 MSHR_MERGE:      14520
cpu24->LLC WRITE        ACCESS:        150 HIT:          0 MISS:        150 MSHR_MERGE:          0
cpu24->LLC TRANSLATION  ACCESS:       5746 HIT:         47 MISS:       5699 MSHR_MERGE:          0
cpu24->LLC PREFETCH REQUESTED:          0 ISSUED:          0 USEFUL:          0 USELESS:          0
cpu24->LLC AVERAGE MISS LATENCY: 1.405e+05 cycles
cpu25->LLC TOTAL        ACCESS:    1285434 HIT:     694446 MISS:     590988 MSHR_MERGE:     191371
cpu25->LLC LOAD         ACCESS:     193965 HIT:     105017 MISS:      88948 MSHR_MERGE:      29669
cpu25->LLC RFO          ACCESS:      86164 HIT:      14522 MISS:      71642 MSHR_MERGE:        214
cpu25->LLC PREFETCH     ACCESS:     895845 HIT:     540053 MISS:     355792 MSHR_MERGE:     161488
cpu25->LLC WRITE        ACCESS:     101338 HIT:      34766 MISS:      66572 MSHR_MERGE:          0
cpu25->LLC TRANSLATION  ACCESS:       8122 HIT:         88 MISS:       8034 MSHR_MERGE:          0
cpu25->LLC PREFETCH REQUESTED:          0 ISSUED:          0 USEFUL:          0 USELESS:          0
cpu25->LLC AVERAGE MISS LATENCY: 1.01e+04 cycles
cpu26->LLC TOTAL        ACCESS:    2373926 HIT:    1235296 MISS:    1138630 MSHR_MERGE:     256377
cpu26->LLC LOAD         ACCESS:     338845 HIT:     192560 MISS:     146285 MSHR_MERGE:      46750
cpu26->LLC RFO          ACCESS:     267925 HIT:      12804 MISS:     255121 MSHR_MERGE:        799
cpu26->LLC PREFETCH     ACCESS:    1454524 HIT:     948018 MISS:     506506 MSHR_MERGE:     208828
cpu26->LLC WRITE        ACCESS:     294686 HIT:      81683 MISS:     213003 MSHR_MERGE:          0
cpu26->LLC TRANSLATION  ACCESS:      17946 HIT:        231 MISS:      17715 MSHR_MERGE:          0
cpu26->LLC PREFETCH REQUESTED:          0 ISSUED:          0 USEFUL:          0 USELESS:          0
cpu26->LLC AVERAGE MISS LATENCY: 3757 cycles
cpu27->LLC TOTAL        ACCESS:       4738 HIT:       1711 MISS:       3027 MSHR_MERGE:       1071
cpu27->LLC LOAD         ACCESS:        547 HIT:        146 MISS:        401 MSHR_MERGE:         68
cpu27->LLC RFO          ACCESS:         58 HIT:          1 MISS:         57 MSHR_MERGE:          0
cpu27->LLC PREFETCH     ACCESS:       4074 HIT:       1564 MISS:       2510 MSHR_MERGE:       1003
cpu27->LLC WRITE        ACCESS:          0 HIT:          0 MISS:          0 MSHR_MERGE:          0
cpu27->LLC TRANSLATION  ACCESS:         59 HIT:          0 MISS:         59 MSHR_MERGE:          0
cpu27->LLC PREFETCH REQUESTED:          0 ISSUED:          0 USEFUL:          0 USELESS:          0
cpu27->LLC AVERAGE MISS LATENCY: 4.593e+06 cycles
cpu28->LLC TOTAL        ACCESS:     256185 HIT:      47483 MISS:     208702 MSHR_MERGE:       6484
cpu28->LLC LOAD         ACCESS:       1146 HIT:        594 MISS:        552 MSHR_MERGE:         78
cpu28->LLC RFO          ACCESS:      97406 HIT:        129 MISS:      97277 MSHR_MERGE:          6
cpu28->LLC PREFETCH     ACCESS:      53135 HIT:      26413 MISS:      26722 MSHR_MERGE:       6400
cpu28->LLC WRITE        ACCESS:     102163 HIT:      20347 MISS:      81816 MSHR_MERGE:          0
cpu28->LLC TRANSLATION  ACCESS:       2335 HIT:          0 MISS:       2335 MSHR_MERGE:          0
cpu28->LLC PREFETCH REQUESTED:          0 ISSUED:          0 USEFUL:          0 USELESS:          0
cpu28->LLC AVERAGE MISS LATENCY: 1.305e+04 cycles
cpu29->LLC TOTAL        ACCESS:     801121 HIT:     677095 MISS:     124026 MSHR_MERGE:       4798
cpu29->LLC LOAD         ACCESS:      13242 HIT:      11704 MISS:       1538 MSHR_MERGE:          2
cpu29->LLC RFO          ACCESS:          4 HIT:          4 MISS:          0 MSHR_MERGE:          0
cpu29->LLC PREFETCH     ACCESS:     731913 HIT:     654459 MISS:      77454 MSHR_MERGE:       4796
cpu29->LLC WRITE        ACCESS:      54669 HIT:      10928 MISS:      43741 MSHR_MERGE:          0
cpu29->LLC TRANSLATION  ACCESS:       1293 HIT:          0 MISS:       1293 MSHR_MERGE:          0
cpu29->LLC PREFETCH REQUESTED:          0 ISSUED:          0 USEFUL:          0 USELESS:          0
cpu29->LLC AVERAGE MISS LATENCY: 5.099e+04 cycles
cpu30->LLC TOTAL        ACCESS:    1601820 HIT:    1193783 MISS:     408037 MSHR_MERGE:     183713
cpu30->LLC LOAD         ACCESS:      14478 HIT:      10869 MISS:       3609 MSHR_MERGE:          9
cpu30->LLC RFO          ACCESS:          0 HIT:          0 MISS:          0 MSHR_MERGE:          0
cpu30->LLC PREFETCH     ACCESS:    1583468 HIT:    1182914 MISS:     400554 MSHR_MERGE:     183704
cpu30->LLC WRITE        ACCESS:          0 HIT:          0 MISS:          0 MSHR_MERGE:          0
cpu30->LLC TRANSLATION  ACCESS:       3874 HIT:          0 MISS:       3874 MSHR_MERGE:          0
cpu30->LLC PREFETCH REQUESTED:          0 ISSUED:          0 USEFUL:          0 USELESS:          0
cpu30->LLC AVERAGE MISS LATENCY: 3.173e+05 cycles
cpu31->LLC TOTAL        ACCESS:    2478124 HIT:    2169330 MISS:     308794 MSHR_MERGE:      83644
cpu31->LLC LOAD         ACCESS:       5242 HIT:       1750 MISS:       3492 MSHR_MERGE:          1
cpu31->LLC RFO          ACCESS:          0 HIT:          0 MISS:          0 MSHR_MERGE:          0
cpu31->LLC PREFETCH     ACCESS:    2468995 HIT:    2167580 MISS:     301415 MSHR_MERGE:      83643
cpu31->LLC WRITE        ACCESS:          0 HIT:          0 MISS:          0 MSHR_MERGE:          0
cpu31->LLC TRANSLATION  ACCESS:       3887 HIT:          0 MISS:       3887 MSHR_MERGE:          0
cpu31->LLC PREFETCH REQUESTED:          0 ISSUED:          0 USEFUL:          0 USELESS:          0
cpu31->LLC AVERAGE MISS LATENCY: 3.218e+05 cycles

L1D MAX FLUSH STALL CYCLES: 666
L2C MAX FLUSH STALL CYCLES: 32222
LLC FLUSH STALL CYCLES: 0
TOTAL WRITEBACK FLUSH TIME: 32888 cycles

DRAM Statistics

Channel 0 RQ ROW_BUFFER_HIT:       5036
  ROW_BUFFER_MISS:    5207455
  AVG DBUS CONGESTED CYCLE: 4.197
Channel 0 WQ ROW_BUFFER_HIT:       7321
  ROW_BUFFER_MISS:    2092567
  FULL:     876284
Channel 0 REFRESHES ISSUED:      15634

Channel 1 RQ ROW_BUFFER_HIT:       4884
  ROW_BUFFER_MISS:    5212532
  AVG DBUS CONGESTED CYCLE: 4.187
Channel 1 WQ ROW_BUFFER_HIT:       7155
  ROW_BUFFER_MISS:    2092333
  FULL:     840322
Channel 1 REFRESHES ISSUED:      15634
