[VMEM] WARNING: physical memory size is smaller than virtual memory size.

*** ChampSim Multicore Out-of-Order Simulator ***
Warmup Instructions: 50000000
Simulation Instructions: 200000000
Number of CPUs: 32
Page size: 4096

Initialize SIGNATURE TABLE
ST_SET: 1
ST_WAY: 256
ST_TAG_BIT: 16

Initialize PATTERN TABLE
PT_SET: 512
PT_WAY: 4
SIG_DELTA_BIT: 7
C_SIG_BIT: 4
C_DELTA_BIT: 4

Initialize PREFETCH FILTER
FILTER_SET: 1024
Initialize SIGNATURE TABLE
ST_SET: 1
ST_WAY: 256
ST_TAG_BIT: 16

Initialize PATTERN TABLE
PT_SET: 512
PT_WAY: 4
SIG_DELTA_BIT: 7
C_SIG_BIT: 4
C_DELTA_BIT: 4

Initialize PREFETCH FILTER
FILTER_SET: 1024
Initialize SIGNATURE TABLE
ST_SET: 1
ST_WAY: 256
ST_TAG_BIT: 16

Initialize PATTERN TABLE
PT_SET: 512
PT_WAY: 4
SIG_DELTA_BIT: 7
C_SIG_BIT: 4
C_DELTA_BIT: 4

Initialize PREFETCH FILTER
FILTER_SET: 1024
Initialize SIGNATURE TABLE
ST_SET: 1
ST_WAY: 256
ST_TAG_BIT: 16

Initialize PATTERN TABLE
PT_SET: 512
PT_WAY: 4
SIG_DELTA_BIT: 7
C_SIG_BIT: 4
C_DELTA_BIT: 4

Initialize PREFETCH FILTER
FILTER_SET: 1024
Initialize SIGNATURE TABLE
ST_SET: 1
ST_WAY: 256
ST_TAG_BIT: 16

Initialize PATTERN TABLE
PT_SET: 512
PT_WAY: 4
SIG_DELTA_BIT: 7
C_SIG_BIT: 4
C_DELTA_BIT: 4

Initialize PREFETCH FILTER
FILTER_SET: 1024
Initialize SIGNATURE TABLE
ST_SET: 1
ST_WAY: 256
ST_TAG_BIT: 16

Initialize PATTERN TABLE
PT_SET: 512
PT_WAY: 4
SIG_DELTA_BIT: 7
C_SIG_BIT: 4
C_DELTA_BIT: 4

Initialize PREFETCH FILTER
FILTER_SET: 1024
Initialize SIGNATURE TABLE
ST_SET: 1
ST_WAY: 256
ST_TAG_BIT: 16

Initialize PATTERN TABLE
PT_SET: 512
PT_WAY: 4
SIG_DELTA_BIT: 7
C_SIG_BIT: 4
C_DELTA_BIT: 4

Initialize PREFETCH FILTER
FILTER_SET: 1024
Initialize SIGNATURE TABLE
ST_SET: 1
ST_WAY: 256
ST_TAG_BIT: 16

Initialize PATTERN TABLE
PT_SET: 512
PT_WAY: 4
SIG_DELTA_BIT: 7
C_SIG_BIT: 4
C_DELTA_BIT: 4

Initialize PREFETCH FILTER
FILTER_SET: 1024
Initialize SIGNATURE TABLE
ST_SET: 1
ST_WAY: 256
ST_TAG_BIT: 16

Initialize PATTERN TABLE
PT_SET: 512
PT_WAY: 4
SIG_DELTA_BIT: 7
C_SIG_BIT: 4
C_DELTA_BIT: 4

Initialize PREFETCH FILTER
FILTER_SET: 1024
Initialize SIGNATURE TABLE
ST_SET: 1
ST_WAY: 256
ST_TAG_BIT: 16

Initialize PATTERN TABLE
PT_SET: 512
PT_WAY: 4
SIG_DELTA_BIT: 7
C_SIG_BIT: 4
C_DELTA_BIT: 4

Initialize PREFETCH FILTER
FILTER_SET: 1024
Initialize SIGNATURE TABLE
ST_SET: 1
ST_WAY: 256
ST_TAG_BIT: 16

Initialize PATTERN TABLE
PT_SET: 512
PT_WAY: 4
SIG_DELTA_BIT: 7
C_SIG_BIT: 4
C_DELTA_BIT: 4

Initialize PREFETCH FILTER
FILTER_SET: 1024
Initialize SIGNATURE TABLE
ST_SET: 1
ST_WAY: 256
ST_TAG_BIT: 16

Initialize PATTERN TABLE
PT_SET: 512
PT_WAY: 4
SIG_DELTA_BIT: 7
C_SIG_BIT: 4
C_DELTA_BIT: 4

Initialize PREFETCH FILTER
FILTER_SET: 1024
Initialize SIGNATURE TABLE
ST_SET: 1
ST_WAY: 256
ST_TAG_BIT: 16

Initialize PATTERN TABLE
PT_SET: 512
PT_WAY: 4
SIG_DELTA_BIT: 7
C_SIG_BIT: 4
C_DELTA_BIT: 4

Initialize PREFETCH FILTER
FILTER_SET: 1024
Initialize SIGNATURE TABLE
ST_SET: 1
ST_WAY: 256
ST_TAG_BIT: 16

Initialize PATTERN TABLE
PT_SET: 512
PT_WAY: 4
SIG_DELTA_BIT: 7
C_SIG_BIT: 4
C_DELTA_BIT: 4

Initialize PREFETCH FILTER
FILTER_SET: 1024
Initialize SIGNATURE TABLE
ST_SET: 1
ST_WAY: 256
ST_TAG_BIT: 16

Initialize PATTERN TABLE
PT_SET: 512
PT_WAY: 4
SIG_DELTA_BIT: 7
C_SIG_BIT: 4
C_DELTA_BIT: 4

Initialize PREFETCH FILTER
FILTER_SET: 1024
Initialize SIGNATURE TABLE
ST_SET: 1
ST_WAY: 256
ST_TAG_BIT: 16

Initialize PATTERN TABLE
PT_SET: 512
PT_WAY: 4
SIG_DELTA_BIT: 7
C_SIG_BIT: 4
C_DELTA_BIT: 4

Initialize PREFETCH FILTER
FILTER_SET: 1024
Initialize SIGNATURE TABLE
ST_SET: 1
ST_WAY: 256
ST_TAG_BIT: 16

Initialize PATTERN TABLE
PT_SET: 512
PT_WAY: 4
SIG_DELTA_BIT: 7
C_SIG_BIT: 4
C_DELTA_BIT: 4

Initialize PREFETCH FILTER
FILTER_SET: 1024
Initialize SIGNATURE TABLE
ST_SET: 1
ST_WAY: 256
ST_TAG_BIT: 16

Initialize PATTERN TABLE
PT_SET: 512
PT_WAY: 4
SIG_DELTA_BIT: 7
C_SIG_BIT: 4
C_DELTA_BIT: 4

Initialize PREFETCH FILTER
FILTER_SET: 1024
Initialize SIGNATURE TABLE
ST_SET: 1
ST_WAY: 256
ST_TAG_BIT: 16

Initialize PATTERN TABLE
PT_SET: 512
PT_WAY: 4
SIG_DELTA_BIT: 7
C_SIG_BIT: 4
C_DELTA_BIT: 4

Initialize PREFETCH FILTER
FILTER_SET: 1024
Initialize SIGNATURE TABLE
ST_SET: 1
ST_WAY: 256
ST_TAG_BIT: 16

Initialize PATTERN TABLE
PT_SET: 512
PT_WAY: 4
SIG_DELTA_BIT: 7
C_SIG_BIT: 4
C_DELTA_BIT: 4

Initialize PREFETCH FILTER
FILTER_SET: 1024
Initialize SIGNATURE TABLE
ST_SET: 1
ST_WAY: 256
ST_TAG_BIT: 16

Initialize PATTERN TABLE
PT_SET: 512
PT_WAY: 4
SIG_DELTA_BIT: 7
C_SIG_BIT: 4
C_DELTA_BIT: 4

Initialize PREFETCH FILTER
FILTER_SET: 1024
Initialize SIGNATURE TABLE
ST_SET: 1
ST_WAY: 256
ST_TAG_BIT: 16

Initialize PATTERN TABLE
PT_SET: 512
PT_WAY: 4
SIG_DELTA_BIT: 7
C_SIG_BIT: 4
C_DELTA_BIT: 4

Initialize PREFETCH FILTER
FILTER_SET: 1024
Initialize SIGNATURE TABLE
ST_SET: 1
ST_WAY: 256
ST_TAG_BIT: 16

Initialize PATTERN TABLE
PT_SET: 512
PT_WAY: 4
SIG_DELTA_BIT: 7
C_SIG_BIT: 4
C_DELTA_BIT: 4

Initialize PREFETCH FILTER
FILTER_SET: 1024
Initialize SIGNATURE TABLE
ST_SET: 1
ST_WAY: 256
ST_TAG_BIT: 16

Initialize PATTERN TABLE
PT_SET: 512
PT_WAY: 4
SIG_DELTA_BIT: 7
C_SIG_BIT: 4
C_DELTA_BIT: 4

Initialize PREFETCH FILTER
FILTER_SET: 1024
Initialize SIGNATURE TABLE
ST_SET: 1
ST_WAY: 256
ST_TAG_BIT: 16

Initialize PATTERN TABLE
PT_SET: 512
PT_WAY: 4
SIG_DELTA_BIT: 7
C_SIG_BIT: 4
C_DELTA_BIT: 4

Initialize PREFETCH FILTER
FILTER_SET: 1024
Initialize SIGNATURE TABLE
ST_SET: 1
ST_WAY: 256
ST_TAG_BIT: 16

Initialize PATTERN TABLE
PT_SET: 512
PT_WAY: 4
SIG_DELTA_BIT: 7
C_SIG_BIT: 4
C_DELTA_BIT: 4

Initialize PREFETCH FILTER
FILTER_SET: 1024
Initialize SIGNATURE TABLE
ST_SET: 1
ST_WAY: 256
ST_TAG_BIT: 16

Initialize PATTERN TABLE
PT_SET: 512
PT_WAY: 4
SIG_DELTA_BIT: 7
C_SIG_BIT: 4
C_DELTA_BIT: 4

Initialize PREFETCH FILTER
FILTER_SET: 1024
Initialize SIGNATURE TABLE
ST_SET: 1
ST_WAY: 256
ST_TAG_BIT: 16

Initialize PATTERN TABLE
PT_SET: 512
PT_WAY: 4
SIG_DELTA_BIT: 7
C_SIG_BIT: 4
C_DELTA_BIT: 4

Initialize PREFETCH FILTER
FILTER_SET: 1024
Initialize SIGNATURE TABLE
ST_SET: 1
ST_WAY: 256
ST_TAG_BIT: 16

Initialize PATTERN TABLE
PT_SET: 512
PT_WAY: 4
SIG_DELTA_BIT: 7
C_SIG_BIT: 4
C_DELTA_BIT: 4

Initialize PREFETCH FILTER
FILTER_SET: 1024
Initialize SIGNATURE TABLE
ST_SET: 1
ST_WAY: 256
ST_TAG_BIT: 16

Initialize PATTERN TABLE
PT_SET: 512
PT_WAY: 4
SIG_DELTA_BIT: 7
C_SIG_BIT: 4
C_DELTA_BIT: 4

Initialize PREFETCH FILTER
FILTER_SET: 1024
Initialize SIGNATURE TABLE
ST_SET: 1
ST_WAY: 256
ST_TAG_BIT: 16

Initialize PATTERN TABLE
PT_SET: 512
PT_WAY: 4
SIG_DELTA_BIT: 7
C_SIG_BIT: 4
C_DELTA_BIT: 4

Initialize PREFETCH FILTER
FILTER_SET: 1024
Initialize SIGNATURE TABLE
ST_SET: 1
ST_WAY: 256
ST_TAG_BIT: 16

Initialize PATTERN TABLE
PT_SET: 512
PT_WAY: 4
SIG_DELTA_BIT: 7
C_SIG_BIT: 4
C_DELTA_BIT: 4

Initialize PREFETCH FILTER
FILTER_SET: 1024
Off-chip DRAM Size: 32 GiB Channels: 2 Width: 64-bit Data Rate: 5208 MT/s
Heartbeat CPU 13 instructions: 10000002 cycles: 2015346 heartbeat IPC: 4.962 cumulative IPC: 4.962 (Simulation time: 00 hr 23 min 14 sec)
Heartbeat CPU 22 instructions: 10000007 cycles: 2022896 heartbeat IPC: 4.943 cumulative IPC: 4.943 (Simulation time: 00 hr 23 min 20 sec)
Heartbeat CPU 4 instructions: 10000000 cycles: 2026386 heartbeat IPC: 4.935 cumulative IPC: 4.935 (Simulation time: 00 hr 23 min 22 sec)
Heartbeat CPU 9 instructions: 10000000 cycles: 2026394 heartbeat IPC: 4.935 cumulative IPC: 4.935 (Simulation time: 00 hr 23 min 22 sec)
Heartbeat CPU 27 instructions: 10000002 cycles: 2032523 heartbeat IPC: 4.92 cumulative IPC: 4.92 (Simulation time: 00 hr 23 min 26 sec)
Heartbeat CPU 17 instructions: 10000005 cycles: 2040815 heartbeat IPC: 4.9 cumulative IPC: 4.9 (Simulation time: 00 hr 23 min 32 sec)
Heartbeat CPU 5 instructions: 10000005 cycles: 2040851 heartbeat IPC: 4.9 cumulative IPC: 4.9 (Simulation time: 00 hr 23 min 32 sec)
Heartbeat CPU 14 instructions: 10000005 cycles: 2041043 heartbeat IPC: 4.899 cumulative IPC: 4.899 (Simulation time: 00 hr 23 min 32 sec)
Heartbeat CPU 7 instructions: 10000006 cycles: 2089305 heartbeat IPC: 4.786 cumulative IPC: 4.786 (Simulation time: 00 hr 24 min 05 sec)
Heartbeat CPU 10 instructions: 10000000 cycles: 2101531 heartbeat IPC: 4.758 cumulative IPC: 4.758 (Simulation time: 00 hr 24 min 13 sec)
Heartbeat CPU 29 instructions: 10000003 cycles: 2115596 heartbeat IPC: 4.727 cumulative IPC: 4.727 (Simulation time: 00 hr 24 min 23 sec)
Heartbeat CPU 8 instructions: 10000006 cycles: 2119523 heartbeat IPC: 4.718 cumulative IPC: 4.718 (Simulation time: 00 hr 24 min 26 sec)
Heartbeat CPU 19 instructions: 10000006 cycles: 2121887 heartbeat IPC: 4.713 cumulative IPC: 4.713 (Simulation time: 00 hr 24 min 27 sec)
Heartbeat CPU 18 instructions: 10000005 cycles: 2196584 heartbeat IPC: 4.553 cumulative IPC: 4.553 (Simulation time: 00 hr 25 min 19 sec)
Heartbeat CPU 16 instructions: 10000000 cycles: 2200978 heartbeat IPC: 4.543 cumulative IPC: 4.543 (Simulation time: 00 hr 25 min 22 sec)
Heartbeat CPU 23 instructions: 10000001 cycles: 2242233 heartbeat IPC: 4.46 cumulative IPC: 4.46 (Simulation time: 00 hr 25 min 50 sec)
Heartbeat CPU 1 instructions: 10000003 cycles: 2255336 heartbeat IPC: 4.434 cumulative IPC: 4.434 (Simulation time: 00 hr 25 min 59 sec)
Heartbeat CPU 28 instructions: 10000003 cycles: 2255339 heartbeat IPC: 4.434 cumulative IPC: 4.434 (Simulation time: 00 hr 25 min 59 sec)
Heartbeat CPU 0 instructions: 10000001 cycles: 2269589 heartbeat IPC: 4.406 cumulative IPC: 4.406 (Simulation time: 00 hr 26 min 09 sec)
Heartbeat CPU 12 instructions: 10000002 cycles: 2307494 heartbeat IPC: 4.334 cumulative IPC: 4.334 (Simulation time: 00 hr 26 min 35 sec)
Heartbeat CPU 30 instructions: 10000004 cycles: 2309637 heartbeat IPC: 4.33 cumulative IPC: 4.33 (Simulation time: 00 hr 26 min 36 sec)
Heartbeat CPU 24 instructions: 10000002 cycles: 2328803 heartbeat IPC: 4.294 cumulative IPC: 4.294 (Simulation time: 00 hr 26 min 49 sec)
Heartbeat CPU 21 instructions: 10000001 cycles: 2462569 heartbeat IPC: 4.061 cumulative IPC: 4.061 (Simulation time: 00 hr 28 min 22 sec)
Heartbeat CPU 6 instructions: 10000001 cycles: 2469023 heartbeat IPC: 4.05 cumulative IPC: 4.05 (Simulation time: 00 hr 28 min 27 sec)
Heartbeat CPU 11 instructions: 10000005 cycles: 2477342 heartbeat IPC: 4.037 cumulative IPC: 4.037 (Simulation time: 00 hr 28 min 33 sec)
Heartbeat CPU 31 instructions: 10000005 cycles: 2478201 heartbeat IPC: 4.035 cumulative IPC: 4.035 (Simulation time: 00 hr 28 min 34 sec)
Heartbeat CPU 2 instructions: 10000005 cycles: 2496961 heartbeat IPC: 4.005 cumulative IPC: 4.005 (Simulation time: 00 hr 28 min 47 sec)
Heartbeat CPU 15 instructions: 10000000 cycles: 2527222 heartbeat IPC: 3.957 cumulative IPC: 3.957 (Simulation time: 00 hr 29 min 08 sec)
Heartbeat CPU 26 instructions: 10000000 cycles: 2645312 heartbeat IPC: 3.78 cumulative IPC: 3.78 (Simulation time: 00 hr 30 min 35 sec)
Heartbeat CPU 3 instructions: 10000000 cycles: 2738736 heartbeat IPC: 3.651 cumulative IPC: 3.651 (Simulation time: 00 hr 31 min 42 sec)
Heartbeat CPU 25 instructions: 10000003 cycles: 2785961 heartbeat IPC: 3.589 cumulative IPC: 3.589 (Simulation time: 00 hr 32 min 16 sec)
Heartbeat CPU 20 instructions: 10000003 cycles: 2982979 heartbeat IPC: 3.352 cumulative IPC: 3.352 (Simulation time: 00 hr 34 min 37 sec)
Heartbeat CPU 13 instructions: 20000003 cycles: 4026827 heartbeat IPC: 4.971 cumulative IPC: 4.967 (Simulation time: 00 hr 46 min 08 sec)
Heartbeat CPU 22 instructions: 20000008 cycles: 4042567 heartbeat IPC: 4.951 cumulative IPC: 4.947 (Simulation time: 00 hr 46 min 19 sec)
Heartbeat CPU 4 instructions: 20000001 cycles: 4046146 heartbeat IPC: 4.951 cumulative IPC: 4.943 (Simulation time: 00 hr 46 min 21 sec)
Heartbeat CPU 9 instructions: 20000002 cycles: 4046176 heartbeat IPC: 4.951 cumulative IPC: 4.943 (Simulation time: 00 hr 46 min 21 sec)
Heartbeat CPU 17 instructions: 20000008 cycles: 4050269 heartbeat IPC: 4.976 cumulative IPC: 4.938 (Simulation time: 00 hr 46 min 24 sec)
Heartbeat CPU 5 instructions: 20000008 cycles: 4050305 heartbeat IPC: 4.976 cumulative IPC: 4.938 (Simulation time: 00 hr 46 min 24 sec)
Heartbeat CPU 14 instructions: 20000008 cycles: 4050453 heartbeat IPC: 4.977 cumulative IPC: 4.938 (Simulation time: 00 hr 46 min 24 sec)
Heartbeat CPU 27 instructions: 20000004 cycles: 4059925 heartbeat IPC: 4.932 cumulative IPC: 4.926 (Simulation time: 00 hr 46 min 30 sec)
Heartbeat CPU 7 instructions: 20000012 cycles: 4179518 heartbeat IPC: 4.784 cumulative IPC: 4.785 (Simulation time: 00 hr 47 min 47 sec)
Heartbeat CPU 10 instructions: 20000004 cycles: 4181064 heartbeat IPC: 4.809 cumulative IPC: 4.783 (Simulation time: 00 hr 47 min 48 sec)
Heartbeat CPU 29 instructions: 20000007 cycles: 4183654 heartbeat IPC: 4.835 cumulative IPC: 4.781 (Simulation time: 00 hr 47 min 50 sec)
Heartbeat CPU 8 instructions: 20000013 cycles: 4220274 heartbeat IPC: 4.76 cumulative IPC: 4.739 (Simulation time: 00 hr 48 min 13 sec)
Heartbeat CPU 19 instructions: 20000012 cycles: 4225782 heartbeat IPC: 4.753 cumulative IPC: 4.733 (Simulation time: 00 hr 48 min 17 sec)
Heartbeat CPU 16 instructions: 20000004 cycles: 4332363 heartbeat IPC: 4.692 cumulative IPC: 4.616 (Simulation time: 00 hr 49 min 24 sec)
Heartbeat CPU 18 instructions: 20000008 cycles: 4337564 heartbeat IPC: 4.671 cumulative IPC: 4.611 (Simulation time: 00 hr 49 min 27 sec)
Heartbeat CPU 1 instructions: 20000006 cycles: 4522092 heartbeat IPC: 4.412 cumulative IPC: 4.423 (Simulation time: 00 hr 51 min 36 sec)
Heartbeat CPU 28 instructions: 20000006 cycles: 4522095 heartbeat IPC: 4.412 cumulative IPC: 4.423 (Simulation time: 00 hr 51 min 36 sec)
Heartbeat CPU 0 instructions: 20000003 cycles: 4550469 heartbeat IPC: 4.384 cumulative IPC: 4.395 (Simulation time: 00 hr 51 min 57 sec)
Heartbeat CPU 30 instructions: 20000004 cycles: 4596538 heartbeat IPC: 4.373 cumulative IPC: 4.351 (Simulation time: 00 hr 52 min 30 sec)
Heartbeat CPU 24 instructions: 20000002 cycles: 4619734 heartbeat IPC: 4.365 cumulative IPC: 4.329 (Simulation time: 00 hr 52 min 47 sec)
Heartbeat CPU 12 instructions: 20000009 cycles: 4704630 heartbeat IPC: 4.172 cumulative IPC: 4.251 (Simulation time: 00 hr 53 min 49 sec)
Heartbeat CPU 11 instructions: 20000006 cycles: 4855293 heartbeat IPC: 4.205 cumulative IPC: 4.119 (Simulation time: 00 hr 55 min 39 sec)
Heartbeat CPU 31 instructions: 20000006 cycles: 4856164 heartbeat IPC: 4.205 cumulative IPC: 4.118 (Simulation time: 00 hr 55 min 40 sec)
Heartbeat CPU 15 instructions: 20000003 cycles: 4862989 heartbeat IPC: 4.281 cumulative IPC: 4.113 (Simulation time: 00 hr 55 min 45 sec)
Heartbeat CPU 21 instructions: 20000007 cycles: 4922125 heartbeat IPC: 4.066 cumulative IPC: 4.063 (Simulation time: 00 hr 56 min 27 sec)
Heartbeat CPU 6 instructions: 20000007 cycles: 4931206 heartbeat IPC: 4.061 cumulative IPC: 4.056 (Simulation time: 00 hr 56 min 34 sec)
Heartbeat CPU 2 instructions: 20000009 cycles: 4998595 heartbeat IPC: 3.997 cumulative IPC: 4.001 (Simulation time: 00 hr 57 min 22 sec)
Heartbeat CPU 23 instructions: 20000007 cycles: 5009057 heartbeat IPC: 3.614 cumulative IPC: 3.993 (Simulation time: 00 hr 57 min 30 sec)
Heartbeat CPU 26 instructions: 20000004 cycles: 5272024 heartbeat IPC: 3.807 cumulative IPC: 3.794 (Simulation time: 01 hr 00 min 46 sec)
Heartbeat CPU 3 instructions: 20000001 cycles: 5561669 heartbeat IPC: 3.542 cumulative IPC: 3.596 (Simulation time: 01 hr 04 min 19 sec)
Heartbeat CPU 25 instructions: 20000010 cycles: 5602934 heartbeat IPC: 3.55 cumulative IPC: 3.57 (Simulation time: 01 hr 04 min 49 sec)
Heartbeat CPU 20 instructions: 20000006 cycles: 5866839 heartbeat IPC: 3.468 cumulative IPC: 3.409 (Simulation time: 01 hr 08 min 05 sec)
Heartbeat CPU 13 instructions: 30000004 cycles: 6038128 heartbeat IPC: 4.972 cumulative IPC: 4.968 (Simulation time: 01 hr 10 min 14 sec)
Heartbeat CPU 17 instructions: 30000008 cycles: 6059018 heartbeat IPC: 4.978 cumulative IPC: 4.951 (Simulation time: 01 hr 10 min 29 sec)
Heartbeat CPU 5 instructions: 30000008 cycles: 6059076 heartbeat IPC: 4.978 cumulative IPC: 4.951 (Simulation time: 01 hr 10 min 29 sec)
Heartbeat CPU 14 instructions: 30000008 cycles: 6059224 heartbeat IPC: 4.978 cumulative IPC: 4.951 (Simulation time: 01 hr 10 min 30 sec)
Heartbeat CPU 22 instructions: 30000010 cycles: 6062543 heartbeat IPC: 4.951 cumulative IPC: 4.948 (Simulation time: 01 hr 10 min 32 sec)
Heartbeat CPU 9 instructions: 30000005 cycles: 6064074 heartbeat IPC: 4.956 cumulative IPC: 4.947 (Simulation time: 01 hr 10 min 33 sec)
Heartbeat CPU 4 instructions: 30000005 cycles: 6064133 heartbeat IPC: 4.955 cumulative IPC: 4.947 (Simulation time: 01 hr 10 min 33 sec)
Heartbeat CPU 27 instructions: 30000011 cycles: 6091568 heartbeat IPC: 4.922 cumulative IPC: 4.925 (Simulation time: 01 hr 10 min 54 sec)
Heartbeat CPU 29 instructions: 30000009 cycles: 6251711 heartbeat IPC: 4.835 cumulative IPC: 4.799 (Simulation time: 01 hr 12 min 51 sec)
Heartbeat CPU 10 instructions: 30000006 cycles: 6259168 heartbeat IPC: 4.812 cumulative IPC: 4.793 (Simulation time: 01 hr 12 min 56 sec)
Heartbeat CPU 7 instructions: 30000014 cycles: 6263967 heartbeat IPC: 4.797 cumulative IPC: 4.789 (Simulation time: 01 hr 13 min 00 sec)
Heartbeat CPU 8 instructions: 30000017 cycles: 6330075 heartbeat IPC: 4.74 cumulative IPC: 4.739 (Simulation time: 01 hr 13 min 50 sec)
Heartbeat CPU 19 instructions: 30000016 cycles: 6343382 heartbeat IPC: 4.722 cumulative IPC: 4.729 (Simulation time: 01 hr 13 min 59 sec)
Heartbeat CPU 16 instructions: 30000005 cycles: 6455574 heartbeat IPC: 4.71 cumulative IPC: 4.647 (Simulation time: 01 hr 15 min 22 sec)
Heartbeat CPU 18 instructions: 30000014 cycles: 6468442 heartbeat IPC: 4.693 cumulative IPC: 4.638 (Simulation time: 01 hr 15 min 31 sec)
Heartbeat CPU 1 instructions: 30000013 cycles: 6786415 heartbeat IPC: 4.416 cumulative IPC: 4.421 (Simulation time: 01 hr 19 min 26 sec)
Heartbeat CPU 28 instructions: 30000013 cycles: 6786418 heartbeat IPC: 4.416 cumulative IPC: 4.421 (Simulation time: 01 hr 19 min 26 sec)
Heartbeat CPU 0 instructions: 30000008 cycles: 6818210 heartbeat IPC: 4.41 cumulative IPC: 4.4 (Simulation time: 01 hr 19 min 50 sec)
Heartbeat CPU 30 instructions: 30000007 cycles: 6918431 heartbeat IPC: 4.307 cumulative IPC: 4.336 (Simulation time: 01 hr 21 min 04 sec)
Heartbeat CPU 24 instructions: 30000007 cycles: 6941092 heartbeat IPC: 4.308 cumulative IPC: 4.322 (Simulation time: 01 hr 21 min 20 sec)
Heartbeat CPU 12 instructions: 30000010 cycles: 6955371 heartbeat IPC: 4.443 cumulative IPC: 4.313 (Simulation time: 01 hr 21 min 30 sec)
Heartbeat CPU 11 instructions: 30000007 cycles: 7232945 heartbeat IPC: 4.206 cumulative IPC: 4.148 (Simulation time: 01 hr 24 min 55 sec)
Heartbeat CPU 31 instructions: 30000007 cycles: 7234548 heartbeat IPC: 4.205 cumulative IPC: 4.147 (Simulation time: 01 hr 24 min 56 sec)
Heartbeat CPU 23 instructions: 30000010 cycles: 7277976 heartbeat IPC: 4.407 cumulative IPC: 4.122 (Simulation time: 01 hr 25 min 28 sec)
Heartbeat CPU 15 instructions: 30000003 cycles: 7312981 heartbeat IPC: 4.082 cumulative IPC: 4.102 (Simulation time: 01 hr 25 min 54 sec)
Heartbeat CPU 21 instructions: 30000007 cycles: 7367691 heartbeat IPC: 4.089 cumulative IPC: 4.072 (Simulation time: 01 hr 26 min 36 sec)
Heartbeat CPU 6 instructions: 30000007 cycles: 7381189 heartbeat IPC: 4.082 cumulative IPC: 4.064 (Simulation time: 01 hr 26 min 46 sec)
Heartbeat CPU 2 instructions: 30000013 cycles: 7494318 heartbeat IPC: 4.007 cumulative IPC: 4.003 (Simulation time: 01 hr 28 min 12 sec)
Heartbeat CPU 26 instructions: 30000005 cycles: 7896253 heartbeat IPC: 3.811 cumulative IPC: 3.799 (Simulation time: 01 hr 33 min 07 sec)
Heartbeat CPU 13 instructions: 40000004 cycles: 8050013 heartbeat IPC: 4.97 cumulative IPC: 4.969 (Simulation time: 01 hr 35 min 03 sec)
Heartbeat CPU 17 instructions: 40000009 cycles: 8067310 heartbeat IPC: 4.979 cumulative IPC: 4.958 (Simulation time: 01 hr 35 min 16 sec)
Heartbeat CPU 5 instructions: 40000009 cycles: 8067368 heartbeat IPC: 4.979 cumulative IPC: 4.958 (Simulation time: 01 hr 35 min 16 sec)
Heartbeat CPU 14 instructions: 40000009 cycles: 8067516 heartbeat IPC: 4.979 cumulative IPC: 4.958 (Simulation time: 01 hr 35 min 16 sec)
Heartbeat CPU 9 instructions: 40000006 cycles: 8081499 heartbeat IPC: 4.957 cumulative IPC: 4.95 (Simulation time: 01 hr 35 min 27 sec)
Heartbeat CPU 4 instructions: 40000008 cycles: 8081623 heartbeat IPC: 4.957 cumulative IPC: 4.95 (Simulation time: 01 hr 35 min 27 sec)
Heartbeat CPU 22 instructions: 40000012 cycles: 8082218 heartbeat IPC: 4.951 cumulative IPC: 4.949 (Simulation time: 01 hr 35 min 27 sec)
Heartbeat CPU 27 instructions: 40000015 cycles: 8130331 heartbeat IPC: 4.905 cumulative IPC: 4.92 (Simulation time: 01 hr 36 min 03 sec)
Heartbeat CPU 29 instructions: 40000010 cycles: 8319461 heartbeat IPC: 4.836 cumulative IPC: 4.808 (Simulation time: 01 hr 38 min 21 sec)
Heartbeat CPU 10 instructions: 40000006 cycles: 8336813 heartbeat IPC: 4.813 cumulative IPC: 4.798 (Simulation time: 01 hr 38 min 33 sec)
Heartbeat CPU 7 instructions: 40000021 cycles: 8353626 heartbeat IPC: 4.785 cumulative IPC: 4.788 (Simulation time: 01 hr 38 min 45 sec)
Heartbeat CPU 25 instructions: 30000015 cycles: 8354007 heartbeat IPC: 3.635 cumulative IPC: 3.591 (Simulation time: 01 hr 38 min 46 sec)
Heartbeat CPU 3 instructions: 30000005 cycles: 8381314 heartbeat IPC: 3.547 cumulative IPC: 3.579 (Simulation time: 01 hr 39 min 06 sec)
Heartbeat CPU 8 instructions: 40000018 cycles: 8436983 heartbeat IPC: 4.746 cumulative IPC: 4.741 (Simulation time: 01 hr 39 min 47 sec)
Heartbeat CPU 19 instructions: 40000017 cycles: 8456265 heartbeat IPC: 4.733 cumulative IPC: 4.73 (Simulation time: 01 hr 40 min 01 sec)
Heartbeat CPU 16 instructions: 40000008 cycles: 8577741 heartbeat IPC: 4.712 cumulative IPC: 4.663 (Simulation time: 01 hr 41 min 30 sec)
Heartbeat CPU 18 instructions: 40000015 cycles: 8599452 heartbeat IPC: 4.693 cumulative IPC: 4.651 (Simulation time: 01 hr 41 min 46 sec)
Heartbeat CPU 20 instructions: 30000010 cycles: 8668138 heartbeat IPC: 3.57 cumulative IPC: 3.461 (Simulation time: 01 hr 42 min 35 sec)
Heartbeat CPU 0 instructions: 40000010 cycles: 9071386 heartbeat IPC: 4.438 cumulative IPC: 4.409 (Simulation time: 01 hr 47 min 28 sec)
Heartbeat CPU 1 instructions: 40000017 cycles: 9120821 heartbeat IPC: 4.284 cumulative IPC: 4.386 (Simulation time: 01 hr 48 min 04 sec)
Heartbeat CPU 28 instructions: 40000017 cycles: 9120824 heartbeat IPC: 4.284 cumulative IPC: 4.386 (Simulation time: 01 hr 48 min 04 sec)
Heartbeat CPU 30 instructions: 40000007 cycles: 9241157 heartbeat IPC: 4.305 cumulative IPC: 4.328 (Simulation time: 01 hr 49 min 30 sec)
Heartbeat CPU 24 instructions: 40000014 cycles: 9261574 heartbeat IPC: 4.309 cumulative IPC: 4.319 (Simulation time: 01 hr 49 min 45 sec)
Heartbeat CPU 12 instructions: 40000016 cycles: 9351081 heartbeat IPC: 4.174 cumulative IPC: 4.278 (Simulation time: 01 hr 50 min 48 sec)
Heartbeat CPU 23 instructions: 40000017 cycles: 9457645 heartbeat IPC: 4.588 cumulative IPC: 4.229 (Simulation time: 01 hr 52 min 07 sec)
Heartbeat CPU 11 instructions: 40000012 cycles: 9613733 heartbeat IPC: 4.2 cumulative IPC: 4.161 (Simulation time: 01 hr 54 min 03 sec)
Heartbeat CPU 31 instructions: 40000010 cycles: 9615674 heartbeat IPC: 4.2 cumulative IPC: 4.16 (Simulation time: 01 hr 54 min 05 sec)
Heartbeat CPU 15 instructions: 40000010 cycles: 9661886 heartbeat IPC: 4.257 cumulative IPC: 4.14 (Simulation time: 01 hr 54 min 40 sec)
Heartbeat CPU 21 instructions: 40000009 cycles: 9800091 heartbeat IPC: 4.111 cumulative IPC: 4.082 (Simulation time: 01 hr 56 min 22 sec)
Heartbeat CPU 6 instructions: 40000009 cycles: 9818400 heartbeat IPC: 4.103 cumulative IPC: 4.074 (Simulation time: 01 hr 56 min 35 sec)
Heartbeat CPU 2 instructions: 40000017 cycles: 9892450 heartbeat IPC: 4.17 cumulative IPC: 4.043 (Simulation time: 01 hr 57 min 29 sec)
Warmup finished CPU 13 instructions: 50000001 cycles: 10061651 cumulative IPC: 4.969 (Simulation time: 01 hr 59 min 34 sec)
Heartbeat CPU 13 instructions: 50000009 cycles: 10061652 heartbeat IPC: 4.971 cumulative IPC: 4.969 (Simulation time: 01 hr 59 min 34 sec)
Warmup finished CPU 17 instructions: 50000000 cycles: 10078043 cumulative IPC: 4.961 (Simulation time: 01 hr 59 min 47 sec)
Heartbeat CPU 17 instructions: 50000013 cycles: 10078045 heartbeat IPC: 4.973 cumulative IPC: 4.961 (Simulation time: 01 hr 59 min 47 sec)
Warmup finished CPU 5 instructions: 50000000 cycles: 10078099 cumulative IPC: 4.961 (Simulation time: 01 hr 59 min 47 sec)
Heartbeat CPU 5 instructions: 50000013 cycles: 10078101 heartbeat IPC: 4.973 cumulative IPC: 4.961 (Simulation time: 01 hr 59 min 47 sec)
Warmup finished CPU 14 instructions: 50000000 cycles: 10078239 cumulative IPC: 4.961 (Simulation time: 01 hr 59 min 47 sec)
Heartbeat CPU 14 instructions: 50000013 cycles: 10078241 heartbeat IPC: 4.973 cumulative IPC: 4.961 (Simulation time: 01 hr 59 min 47 sec)
Warmup finished CPU 9 instructions: 50000004 cycles: 10098685 cumulative IPC: 4.951 (Simulation time: 02 hr 00 min 01 sec)
Heartbeat CPU 9 instructions: 50000007 cycles: 10098686 heartbeat IPC: 4.957 cumulative IPC: 4.951 (Simulation time: 02 hr 00 min 01 sec)
Warmup finished CPU 4 instructions: 50000006 cycles: 10098830 cumulative IPC: 4.951 (Simulation time: 02 hr 00 min 02 sec)
Heartbeat CPU 4 instructions: 50000014 cycles: 10098831 heartbeat IPC: 4.957 cumulative IPC: 4.951 (Simulation time: 02 hr 00 min 02 sec)
Warmup finished CPU 22 instructions: 50000005 cycles: 10102190 cumulative IPC: 4.949 (Simulation time: 02 hr 00 min 04 sec)
Heartbeat CPU 22 instructions: 50000013 cycles: 10102192 heartbeat IPC: 4.951 cumulative IPC: 4.949 (Simulation time: 02 hr 00 min 04 sec)
Warmup finished CPU 27 instructions: 50000000 cycles: 10169095 cumulative IPC: 4.917 (Simulation time: 02 hr 00 min 55 sec)
Heartbeat CPU 27 instructions: 50000016 cycles: 10169097 heartbeat IPC: 4.905 cumulative IPC: 4.917 (Simulation time: 02 hr 00 min 55 sec)
Warmup finished CPU 29 instructions: 50000004 cycles: 10387781 cumulative IPC: 4.813 (Simulation time: 02 hr 03 min 34 sec)
Heartbeat CPU 29 instructions: 50000012 cycles: 10387782 heartbeat IPC: 4.835 cumulative IPC: 4.813 (Simulation time: 02 hr 03 min 34 sec)
Warmup finished CPU 10 instructions: 50000004 cycles: 10411419 cumulative IPC: 4.802 (Simulation time: 02 hr 03 min 51 sec)
Heartbeat CPU 10 instructions: 50000008 cycles: 10411420 heartbeat IPC: 4.82 cumulative IPC: 4.802 (Simulation time: 02 hr 03 min 51 sec)
Warmup finished CPU 7 instructions: 50000005 cycles: 10447293 cumulative IPC: 4.786 (Simulation time: 02 hr 04 min 18 sec)
Heartbeat CPU 7 instructions: 50000021 cycles: 10447295 heartbeat IPC: 4.776 cumulative IPC: 4.786 (Simulation time: 02 hr 04 min 18 sec)
Heartbeat CPU 26 instructions: 40000011 cycles: 10522134 heartbeat IPC: 3.808 cumulative IPC: 3.802 (Simulation time: 02 hr 05 min 13 sec)
Warmup finished CPU 16 instructions: 50000001 cycles: 10704709 cumulative IPC: 4.671 (Simulation time: 02 hr 07 min 26 sec)
Heartbeat CPU 16 instructions: 50000008 cycles: 10704723 heartbeat IPC: 4.701 cumulative IPC: 4.671 (Simulation time: 02 hr 07 min 26 sec)
Warmup finished CPU 18 instructions: 50000003 cycles: 10731787 cumulative IPC: 4.659 (Simulation time: 02 hr 07 min 45 sec)
Heartbeat CPU 18 instructions: 50000021 cycles: 10731796 heartbeat IPC: 4.69 cumulative IPC: 4.659 (Simulation time: 02 hr 07 min 45 sec)
Heartbeat CPU 25 instructions: 40000020 cycles: 11033099 heartbeat IPC: 3.733 cumulative IPC: 3.625 (Simulation time: 02 hr 11 min 25 sec)
Heartbeat CPU 3 instructions: 40000012 cycles: 11183578 heartbeat IPC: 3.569 cumulative IPC: 3.577 (Simulation time: 02 hr 13 min 12 sec)
Warmup finished CPU 0 instructions: 50000005 cycles: 11343080 cumulative IPC: 4.408 (Simulation time: 02 hr 15 min 04 sec)
Heartbeat CPU 0 instructions: 50000013 cycles: 11343081 heartbeat IPC: 4.402 cumulative IPC: 4.408 (Simulation time: 02 hr 15 min 04 sec)
Warmup finished CPU 1 instructions: 50000003 cycles: 11393864 cumulative IPC: 4.388 (Simulation time: 02 hr 15 min 40 sec)
Heartbeat CPU 1 instructions: 50000019 cycles: 11393866 heartbeat IPC: 4.399 cumulative IPC: 4.388 (Simulation time: 02 hr 15 min 40 sec)
Warmup finished CPU 28 instructions: 50000003 cycles: 11393867 cumulative IPC: 4.388 (Simulation time: 02 hr 15 min 40 sec)
Heartbeat CPU 28 instructions: 50000019 cycles: 11393869 heartbeat IPC: 4.399 cumulative IPC: 4.388 (Simulation time: 02 hr 15 min 40 sec)
Warmup finished CPU 8 instructions: 50000005 cycles: 11413893 cumulative IPC: 4.381 (Simulation time: 02 hr 15 min 54 sec)
Heartbeat CPU 8 instructions: 50000021 cycles: 11413895 heartbeat IPC: 3.359 cumulative IPC: 4.381 (Simulation time: 02 hr 15 min 54 sec)
Heartbeat CPU 20 instructions: 40000016 cycles: 11446390 heartbeat IPC: 3.599 cumulative IPC: 3.495 (Simulation time: 02 hr 16 min 17 sec)
Warmup finished CPU 30 instructions: 50000000 cycles: 11562194 cumulative IPC: 4.324 (Simulation time: 02 hr 17 min 42 sec)
Heartbeat CPU 30 instructions: 50000013 cycles: 11562197 heartbeat IPC: 4.308 cumulative IPC: 4.324 (Simulation time: 02 hr 17 min 42 sec)
Warmup finished CPU 24 instructions: 50000004 cycles: 11582626 cumulative IPC: 4.317 (Simulation time: 02 hr 17 min 57 sec)
Heartbeat CPU 24 instructions: 50000020 cycles: 11582628 heartbeat IPC: 4.308 cumulative IPC: 4.317 (Simulation time: 02 hr 17 min 57 sec)
Warmup finished CPU 12 instructions: 50000001 cycles: 11602409 cumulative IPC: 4.309 (Simulation time: 02 hr 18 min 11 sec)
Heartbeat CPU 12 instructions: 50000017 cycles: 11602411 heartbeat IPC: 4.442 cumulative IPC: 4.309 (Simulation time: 02 hr 18 min 11 sec)
Warmup finished CPU 23 instructions: 50000007 cycles: 11628734 cumulative IPC: 4.3 (Simulation time: 02 hr 18 min 30 sec)
Heartbeat CPU 23 instructions: 50000023 cycles: 11628736 heartbeat IPC: 4.606 cumulative IPC: 4.3 (Simulation time: 02 hr 18 min 30 sec)
Warmup finished CPU 19 instructions: 50000005 cycles: 11661753 cumulative IPC: 4.288 (Simulation time: 02 hr 18 min 54 sec)
Heartbeat CPU 19 instructions: 50000021 cycles: 11661755 heartbeat IPC: 3.12 cumulative IPC: 4.288 (Simulation time: 02 hr 18 min 54 sec)
Warmup finished CPU 11 instructions: 50000006 cycles: 11994932 cumulative IPC: 4.168 (Simulation time: 02 hr 22 min 57 sec)
Heartbeat CPU 11 instructions: 50000014 cycles: 11994933 heartbeat IPC: 4.2 cumulative IPC: 4.168 (Simulation time: 02 hr 22 min 57 sec)
Warmup finished CPU 31 instructions: 50000006 cycles: 11997090 cumulative IPC: 4.168 (Simulation time: 02 hr 22 min 59 sec)
Heartbeat CPU 31 instructions: 50000014 cycles: 11997091 heartbeat IPC: 4.199 cumulative IPC: 4.168 (Simulation time: 02 hr 22 min 59 sec)
Warmup finished CPU 15 instructions: 50000000 cycles: 12052554 cumulative IPC: 4.148 (Simulation time: 02 hr 23 min 39 sec)
Heartbeat CPU 15 instructions: 50000010 cycles: 12052556 heartbeat IPC: 4.183 cumulative IPC: 4.148 (Simulation time: 02 hr 23 min 39 sec)
Heartbeat CPU 13 instructions: 60000010 cycles: 12073301 heartbeat IPC: 4.971 cumulative IPC: 4.97 (Simulation time: 02 hr 23 min 54 sec)
Heartbeat CPU 17 instructions: 60000016 cycles: 12088363 heartbeat IPC: 4.974 cumulative IPC: 4.963 (Simulation time: 02 hr 24 min 05 sec)
Heartbeat CPU 5 instructions: 60000016 cycles: 12088437 heartbeat IPC: 4.974 cumulative IPC: 4.963 (Simulation time: 02 hr 24 min 06 sec)
Heartbeat CPU 14 instructions: 60000016 cycles: 12088569 heartbeat IPC: 4.974 cumulative IPC: 4.963 (Simulation time: 02 hr 24 min 06 sec)
Heartbeat CPU 9 instructions: 60000007 cycles: 12115426 heartbeat IPC: 4.958 cumulative IPC: 4.952 (Simulation time: 02 hr 24 min 25 sec)
Heartbeat CPU 4 instructions: 60000019 cycles: 12115495 heartbeat IPC: 4.959 cumulative IPC: 4.952 (Simulation time: 02 hr 24 min 25 sec)
Warmup finished CPU 21 instructions: 50000005 cycles: 12117640 cumulative IPC: 4.126 (Simulation time: 02 hr 24 min 27 sec)
Heartbeat CPU 21 instructions: 50000009 cycles: 12117641 heartbeat IPC: 4.315 cumulative IPC: 4.126 (Simulation time: 02 hr 24 min 27 sec)
Heartbeat CPU 22 instructions: 60000020 cycles: 12121868 heartbeat IPC: 4.951 cumulative IPC: 4.95 (Simulation time: 02 hr 24 min 30 sec)
Warmup finished CPU 6 instructions: 50000005 cycles: 12136983 cumulative IPC: 4.12 (Simulation time: 02 hr 24 min 41 sec)
Heartbeat CPU 6 instructions: 50000009 cycles: 12136984 heartbeat IPC: 4.313 cumulative IPC: 4.12 (Simulation time: 02 hr 24 min 41 sec)
Heartbeat CPU 27 instructions: 60000017 cycles: 12212885 heartbeat IPC: 4.893 cumulative IPC: 4.913 (Simulation time: 02 hr 25 min 36 sec)
Warmup finished CPU 2 instructions: 50000006 cycles: 12261855 cumulative IPC: 4.078 (Simulation time: 02 hr 26 min 11 sec)
Heartbeat CPU 2 instructions: 50000022 cycles: 12261859 heartbeat IPC: 4.22 cumulative IPC: 4.078 (Simulation time: 02 hr 26 min 11 sec)
Heartbeat CPU 29 instructions: 60000016 cycles: 12455850 heartbeat IPC: 4.835 cumulative IPC: 4.817 (Simulation time: 02 hr 28 min 30 sec)
Heartbeat CPU 10 instructions: 60000013 cycles: 12484597 heartbeat IPC: 4.824 cumulative IPC: 4.806 (Simulation time: 02 hr 28 min 49 sec)
Heartbeat CPU 7 instructions: 60000025 cycles: 12528973 heartbeat IPC: 4.804 cumulative IPC: 4.789 (Simulation time: 02 hr 29 min 19 sec)
Heartbeat CPU 16 instructions: 60000014 cycles: 12828816 heartbeat IPC: 4.708 cumulative IPC: 4.677 (Simulation time: 02 hr 32 min 42 sec)
Heartbeat CPU 18 instructions: 60000026 cycles: 12858200 heartbeat IPC: 4.703 cumulative IPC: 4.666 (Simulation time: 02 hr 33 min 02 sec)
Warmup finished CPU 26 instructions: 50000000 cycles: 13151221 cumulative IPC: 3.802 (Simulation time: 02 hr 36 min 28 sec)
Heartbeat CPU 26 instructions: 50000016 cycles: 13151223 heartbeat IPC: 3.804 cumulative IPC: 3.802 (Simulation time: 02 hr 36 min 28 sec)
Heartbeat CPU 0 instructions: 60000020 cycles: 13619990 heartbeat IPC: 4.392 cumulative IPC: 4.405 (Simulation time: 02 hr 41 min 46 sec)
Heartbeat CPU 1 instructions: 60000024 cycles: 13676744 heartbeat IPC: 4.38 cumulative IPC: 4.387 (Simulation time: 02 hr 42 min 24 sec)
Heartbeat CPU 28 instructions: 60000024 cycles: 13676747 heartbeat IPC: 4.38 cumulative IPC: 4.387 (Simulation time: 02 hr 42 min 24 sec)
Heartbeat CPU 19 instructions: 60000022 cycles: 13787086 heartbeat IPC: 4.705 cumulative IPC: 4.352 (Simulation time: 02 hr 43 min 38 sec)
Heartbeat CPU 23 instructions: 60000024 cycles: 13795688 heartbeat IPC: 4.615 cumulative IPC: 4.349 (Simulation time: 02 hr 43 min 44 sec)
Warmup finished CPU 25 instructions: 50000002 cycles: 13852360 cumulative IPC: 3.609 (Simulation time: 02 hr 44 min 21 sec)
Heartbeat CPU 25 instructions: 50000026 cycles: 13852363 heartbeat IPC: 3.547 cumulative IPC: 3.609 (Simulation time: 02 hr 44 min 21 sec)
Heartbeat CPU 30 instructions: 60000020 cycles: 13882494 heartbeat IPC: 4.31 cumulative IPC: 4.322 (Simulation time: 02 hr 44 min 41 sec)
Heartbeat CPU 24 instructions: 60000020 cycles: 13904037 heartbeat IPC: 4.308 cumulative IPC: 4.315 (Simulation time: 02 hr 44 min 55 sec)
Warmup finished CPU 3 instructions: 50000004 cycles: 13984983 cumulative IPC: 3.575 (Simulation time: 02 hr 45 min 47 sec)
Heartbeat CPU 3 instructions: 50000012 cycles: 13984984 heartbeat IPC: 3.57 cumulative IPC: 3.575 (Simulation time: 02 hr 45 min 47 sec)
Heartbeat CPU 12 instructions: 60000024 cycles: 14000553 heartbeat IPC: 4.17 cumulative IPC: 4.286 (Simulation time: 02 hr 45 min 57 sec)
Heartbeat CPU 13 instructions: 70000010 cycles: 14084668 heartbeat IPC: 4.972 cumulative IPC: 4.97 (Simulation time: 02 hr 46 min 53 sec)
Heartbeat CPU 17 instructions: 70000019 cycles: 14099226 heartbeat IPC: 4.973 cumulative IPC: 4.965 (Simulation time: 02 hr 47 min 03 sec)
Heartbeat CPU 5 instructions: 70000019 cycles: 14099309 heartbeat IPC: 4.973 cumulative IPC: 4.965 (Simulation time: 02 hr 47 min 03 sec)
Heartbeat CPU 14 instructions: 70000019 cycles: 14099432 heartbeat IPC: 4.973 cumulative IPC: 4.965 (Simulation time: 02 hr 47 min 03 sec)
Heartbeat CPU 4 instructions: 70000023 cycles: 14132885 heartbeat IPC: 4.957 cumulative IPC: 4.953 (Simulation time: 02 hr 47 min 25 sec)
Heartbeat CPU 9 instructions: 70000007 cycles: 14132889 heartbeat IPC: 4.957 cumulative IPC: 4.953 (Simulation time: 02 hr 47 min 25 sec)
Heartbeat CPU 22 instructions: 70000024 cycles: 14141545 heartbeat IPC: 4.951 cumulative IPC: 4.95 (Simulation time: 02 hr 47 min 31 sec)
Warmup finished CPU 20 instructions: 50000002 cycles: 14188222 cumulative IPC: 3.524 (Simulation time: 02 hr 48 min 02 sec)
Warmup complete CPU 9 instructions: 70275749 cycles: 14188222 cumulative IPC: 4.953 (Simulation time: 02 hr 48 min 02 sec)
Warmup complete CPU 8 instructions: 59298110 cycles: 14188222 cumulative IPC: 4.179 (Simulation time: 02 hr 48 min 02 sec)
Warmup complete CPU 7 instructions: 67975978 cycles: 14188222 cumulative IPC: 4.791 (Simulation time: 02 hr 48 min 02 sec)
Warmup complete CPU 6 instructions: 58937723 cycles: 14188222 cumulative IPC: 4.154 (Simulation time: 02 hr 48 min 02 sec)
Warmup complete CPU 5 instructions: 70442586 cycles: 14188222 cumulative IPC: 4.965 (Simulation time: 02 hr 48 min 02 sec)
Warmup complete CPU 4 instructions: 70275765 cycles: 14188222 cumulative IPC: 4.953 (Simulation time: 02 hr 48 min 02 sec)
Warmup complete CPU 31 instructions: 59178225 cycles: 14188222 cumulative IPC: 4.171 (Simulation time: 02 hr 48 min 02 sec)
Warmup complete CPU 30 instructions: 61316830 cycles: 14188222 cumulative IPC: 4.322 (Simulation time: 02 hr 48 min 02 sec)
Warmup complete CPU 3 instructions: 50731940 cycles: 14188222 cumulative IPC: 3.576 (Simulation time: 02 hr 48 min 02 sec)
Warmup complete CPU 29 instructions: 68376803 cycles: 14188222 cumulative IPC: 4.819 (Simulation time: 02 hr 48 min 02 sec)
Warmup complete CPU 28 instructions: 62317196 cycles: 14188222 cumulative IPC: 4.392 (Simulation time: 02 hr 48 min 02 sec)
Warmup complete CPU 27 instructions: 69736776 cycles: 14188222 cumulative IPC: 4.915 (Simulation time: 02 hr 48 min 02 sec)
Warmup complete CPU 26 instructions: 53755013 cycles: 14188222 cumulative IPC: 3.789 (Simulation time: 02 hr 48 min 02 sec)
Warmup complete CPU 25 instructions: 51165558 cycles: 14188222 cumulative IPC: 3.606 (Simulation time: 02 hr 48 min 02 sec)
Warmup complete CPU 24 instructions: 61218883 cycles: 14188222 cumulative IPC: 4.315 (Simulation time: 02 hr 48 min 02 sec)
Warmup complete CPU 23 instructions: 61815952 cycles: 14188222 cumulative IPC: 4.357 (Simulation time: 02 hr 48 min 02 sec)
Warmup complete CPU 22 instructions: 70230382 cycles: 14188222 cumulative IPC: 4.95 (Simulation time: 02 hr 48 min 02 sec)
Warmup complete CPU 21 instructions: 59019671 cycles: 14188222 cumulative IPC: 4.16 (Simulation time: 02 hr 48 min 02 sec)
Warmup complete CPU 20 instructions: 50000002 cycles: 14188222 cumulative IPC: 3.524 (Simulation time: 02 hr 48 min 02 sec)
Warmup complete CPU 2 instructions: 58161175 cycles: 14188222 cumulative IPC: 4.099 (Simulation time: 02 hr 48 min 02 sec)
Warmup complete CPU 19 instructions: 61908959 cycles: 14188222 cumulative IPC: 4.363 (Simulation time: 02 hr 48 min 02 sec)
Warmup complete CPU 18 instructions: 66243036 cycles: 14188222 cumulative IPC: 4.669 (Simulation time: 02 hr 48 min 02 sec)
Warmup complete CPU 17 instructions: 70442951 cycles: 14188222 cumulative IPC: 4.965 (Simulation time: 02 hr 48 min 02 sec)
Warmup complete CPU 16 instructions: 66405194 cycles: 14188222 cumulative IPC: 4.68 (Simulation time: 02 hr 48 min 02 sec)
Warmup complete CPU 15 instructions: 59323343 cycles: 14188222 cumulative IPC: 4.181 (Simulation time: 02 hr 48 min 02 sec)
Warmup complete CPU 14 instructions: 70441997 cycles: 14188222 cumulative IPC: 4.965 (Simulation time: 02 hr 48 min 02 sec)
Warmup complete CPU 13 instructions: 70514673 cycles: 14188222 cumulative IPC: 4.97 (Simulation time: 02 hr 48 min 02 sec)
Warmup complete CPU 12 instructions: 60891448 cycles: 14188222 cumulative IPC: 4.292 (Simulation time: 02 hr 48 min 02 sec)
Warmup complete CPU 11 instructions: 59187432 cycles: 14188222 cumulative IPC: 4.172 (Simulation time: 02 hr 48 min 02 sec)
Warmup complete CPU 10 instructions: 68224258 cycles: 14188222 cumulative IPC: 4.809 (Simulation time: 02 hr 48 min 02 sec)
Warmup complete CPU 1 instructions: 62317219 cycles: 14188222 cumulative IPC: 4.392 (Simulation time: 02 hr 48 min 02 sec)
Warmup complete CPU 0 instructions: 62530287 cycles: 14188222 cumulative IPC: 4.407 (Simulation time: 02 hr 48 min 02 sec)
Heartbeat CPU 20 instructions: 50000018 cycles: 14188224 heartbeat IPC: 3.647 cumulative IPC: 8 (Simulation time: 02 hr 48 min 02 sec)
Heartbeat CPU 27 instructions: 70000022 cycles: 14365281 heartbeat IPC: 4.646 cumulative IPC: 1.487 (Simulation time: 02 hr 49 min 50 sec)
Heartbeat CPU 29 instructions: 70000023 cycles: 14535486 heartbeat IPC: 4.809 cumulative IPC: 4.674 (Simulation time: 02 hr 51 min 35 sec)
Heartbeat CPU 11 instructions: 60000021 cycles: 14543597 heartbeat IPC: 3.924 cumulative IPC: 2.287 (Simulation time: 02 hr 51 min 39 sec)
Heartbeat CPU 31 instructions: 60000021 cycles: 14553735 heartbeat IPC: 3.911 cumulative IPC: 2.248 (Simulation time: 02 hr 51 min 45 sec)
Heartbeat CPU 15 instructions: 60000011 cycles: 14706624 heartbeat IPC: 3.768 cumulative IPC: 1.305 (Simulation time: 02 hr 53 min 20 sec)
Heartbeat CPU 8 instructions: 60000028 cycles: 14773123 heartbeat IPC: 2.977 cumulative IPC: 1.2 (Simulation time: 02 hr 54 min 00 sec)
Heartbeat CPU 7 instructions: 70000028 cycles: 14913662 heartbeat IPC: 4.193 cumulative IPC: 2.79 (Simulation time: 02 hr 55 min 23 sec)
Heartbeat CPU 21 instructions: 60000010 cycles: 15124443 heartbeat IPC: 3.326 cumulative IPC: 1.047 (Simulation time: 02 hr 57 min 32 sec)
Heartbeat CPU 6 instructions: 60000010 cycles: 15208520 heartbeat IPC: 3.256 cumulative IPC: 1.041 (Simulation time: 02 hr 58 min 24 sec)
Heartbeat CPU 10 instructions: 70000016 cycles: 15256303 heartbeat IPC: 3.608 cumulative IPC: 1.663 (Simulation time: 02 hr 58 min 54 sec)
Heartbeat CPU 2 instructions: 60000025 cycles: 15614600 heartbeat IPC: 2.983 cumulative IPC: 1.289 (Simulation time: 03 hr 02 min 30 sec)
Heartbeat CPU 16 instructions: 70000014 cycles: 16107020 heartbeat IPC: 3.05 cumulative IPC: 1.873 (Simulation time: 03 hr 07 min 28 sec)
Heartbeat CPU 0 instructions: 70000020 cycles: 16161567 heartbeat IPC: 3.935 cumulative IPC: 3.785 (Simulation time: 03 hr 08 min 01 sec)
Heartbeat CPU 28 instructions: 70000031 cycles: 16190995 heartbeat IPC: 3.977 cumulative IPC: 3.836 (Simulation time: 03 hr 08 min 19 sec)
Heartbeat CPU 1 instructions: 70000031 cycles: 16191065 heartbeat IPC: 3.977 cumulative IPC: 3.836 (Simulation time: 03 hr 08 min 19 sec)
Heartbeat CPU 18 instructions: 70000026 cycles: 16219365 heartbeat IPC: 2.975 cumulative IPC: 1.85 (Simulation time: 03 hr 08 min 35 sec)
Heartbeat CPU 5 instructions: 80000019 cycles: 16261339 heartbeat IPC: 4.625 cumulative IPC: 4.61 (Simulation time: 03 hr 09 min 00 sec)
Heartbeat CPU 17 instructions: 80000019 cycles: 16263043 heartbeat IPC: 4.621 cumulative IPC: 4.606 (Simulation time: 03 hr 09 min 01 sec)
Heartbeat CPU 14 instructions: 80000019 cycles: 16266364 heartbeat IPC: 4.615 cumulative IPC: 4.599 (Simulation time: 03 hr 09 min 03 sec)
Heartbeat CPU 4 instructions: 80000023 cycles: 16421374 heartbeat IPC: 4.37 cumulative IPC: 4.354 (Simulation time: 03 hr 10 min 34 sec)
Heartbeat CPU 9 instructions: 80000012 cycles: 16423484 heartbeat IPC: 4.366 cumulative IPC: 4.35 (Simulation time: 03 hr 10 min 36 sec)
Heartbeat CPU 24 instructions: 70000023 cycles: 16651018 heartbeat IPC: 3.64 cumulative IPC: 3.566 (Simulation time: 03 hr 12 min 52 sec)
Heartbeat CPU 30 instructions: 70000021 cycles: 16658144 heartbeat IPC: 3.603 cumulative IPC: 3.516 (Simulation time: 03 hr 12 min 56 sec)
Heartbeat CPU 29 instructions: 80000024 cycles: 16681753 heartbeat IPC: 4.659 cumulative IPC: 4.661 (Simulation time: 03 hr 13 min 10 sec)
Heartbeat CPU 12 instructions: 70000030 cycles: 17573479 heartbeat IPC: 2.799 cumulative IPC: 2.691 (Simulation time: 03 hr 22 min 00 sec)
Heartbeat CPU 25 instructions: 60000032 cycles: 17650658 heartbeat IPC: 2.633 cumulative IPC: 2.552 (Simulation time: 03 hr 22 min 45 sec)
Heartbeat CPU 22 instructions: 80000027 cycles: 17713715 heartbeat IPC: 2.799 cumulative IPC: 2.771 (Simulation time: 03 hr 23 min 23 sec)
Heartbeat CPU 3 instructions: 60000014 cycles: 17787798 heartbeat IPC: 2.63 cumulative IPC: 2.575 (Simulation time: 03 hr 24 min 06 sec)
Heartbeat CPU 5 instructions: 90000023 cycles: 18426070 heartbeat IPC: 4.62 cumulative IPC: 4.615 (Simulation time: 03 hr 30 min 26 sec)
Heartbeat CPU 17 instructions: 90000023 cycles: 18428502 heartbeat IPC: 4.618 cumulative IPC: 4.612 (Simulation time: 03 hr 30 min 28 sec)
Heartbeat CPU 14 instructions: 90000023 cycles: 18439356 heartbeat IPC: 4.602 cumulative IPC: 4.601 (Simulation time: 03 hr 30 min 34 sec)
Heartbeat CPU 11 instructions: 70000026 cycles: 18505936 heartbeat IPC: 2.524 cumulative IPC: 2.504 (Simulation time: 03 hr 31 min 12 sec)
Heartbeat CPU 23 instructions: 70000025 cycles: 18551425 heartbeat IPC: 2.103 cumulative IPC: 1.876 (Simulation time: 03 hr 31 min 38 sec)
Heartbeat CPU 31 instructions: 70000026 cycles: 18588011 heartbeat IPC: 2.479 cumulative IPC: 2.46 (Simulation time: 03 hr 31 min 59 sec)
Heartbeat CPU 26 instructions: 60000019 cycles: 18670175 heartbeat IPC: 1.812 cumulative IPC: 1.393 (Simulation time: 03 hr 32 min 48 sec)
Heartbeat CPU 7 instructions: 80000028 cycles: 18672128 heartbeat IPC: 2.661 cumulative IPC: 2.682 (Simulation time: 03 hr 32 min 49 sec)
Heartbeat CPU 4 instructions: 90000028 cycles: 18702366 heartbeat IPC: 4.384 cumulative IPC: 4.369 (Simulation time: 03 hr 33 min 07 sec)
Heartbeat CPU 9 instructions: 90000012 cycles: 18710912 heartbeat IPC: 4.372 cumulative IPC: 4.361 (Simulation time: 03 hr 33 min 12 sec)
Heartbeat CPU 0 instructions: 80000024 cycles: 18807726 heartbeat IPC: 3.779 cumulative IPC: 3.782 (Simulation time: 03 hr 34 min 08 sec)
Heartbeat CPU 29 instructions: 90000029 cycles: 18831140 heartbeat IPC: 4.652 cumulative IPC: 4.657 (Simulation time: 03 hr 34 min 22 sec)
Heartbeat CPU 28 instructions: 80000036 cycles: 19161405 heartbeat IPC: 3.367 cumulative IPC: 3.556 (Simulation time: 03 hr 37 min 36 sec)
Heartbeat CPU 1 instructions: 80000036 cycles: 19161603 heartbeat IPC: 3.366 cumulative IPC: 3.555 (Simulation time: 03 hr 37 min 36 sec)
Heartbeat CPU 13 instructions: 80000012 cycles: 19431665 heartbeat IPC: 1.87 cumulative IPC: 1.809 (Simulation time: 03 hr 40 min 17 sec)
Heartbeat CPU 24 instructions: 80000024 cycles: 19435948 heartbeat IPC: 3.591 cumulative IPC: 3.579 (Simulation time: 03 hr 40 min 20 sec)
Heartbeat CPU 30 instructions: 80000022 cycles: 19505170 heartbeat IPC: 3.512 cumulative IPC: 3.514 (Simulation time: 03 hr 41 min 02 sec)
Heartbeat CPU 19 instructions: 70000026 cycles: 19982952 heartbeat IPC: 1.614 cumulative IPC: 1.396 (Simulation time: 03 hr 45 min 52 sec)
Heartbeat CPU 17 instructions: 100000027 cycles: 20593766 heartbeat IPC: 4.618 cumulative IPC: 4.614 (Simulation time: 03 hr 52 min 10 sec)
Heartbeat CPU 5 instructions: 100000027 cycles: 20594135 heartbeat IPC: 4.612 cumulative IPC: 4.614 (Simulation time: 03 hr 52 min 10 sec)
Heartbeat CPU 14 instructions: 100000027 cycles: 20600933 heartbeat IPC: 4.626 cumulative IPC: 4.609 (Simulation time: 03 hr 52 min 14 sec)
Heartbeat CPU 4 instructions: 100000033 cycles: 20948810 heartbeat IPC: 4.451 cumulative IPC: 4.397 (Simulation time: 03 hr 55 min 44 sec)
Heartbeat CPU 9 instructions: 100000017 cycles: 20967312 heartbeat IPC: 4.432 cumulative IPC: 4.385 (Simulation time: 03 hr 55 min 56 sec)
Heartbeat CPU 29 instructions: 100000030 cycles: 20980855 heartbeat IPC: 4.652 cumulative IPC: 4.656 (Simulation time: 03 hr 56 min 04 sec)
Heartbeat CPU 27 instructions: 80000022 cycles: 21203987 heartbeat IPC: 1.462 cumulative IPC: 1.463 (Simulation time: 03 hr 58 min 18 sec)
Heartbeat CPU 3 instructions: 70000015 cycles: 21235553 heartbeat IPC: 2.9 cumulative IPC: 2.734 (Simulation time: 03 hr 58 min 37 sec)
Heartbeat CPU 20 instructions: 60000021 cycles: 21310162 heartbeat IPC: 1.404 cumulative IPC: 1.404 (Simulation time: 03 hr 59 min 25 sec)
Heartbeat CPU 22 instructions: 90000029 cycles: 21321905 heartbeat IPC: 2.771 cumulative IPC: 2.771 (Simulation time: 03 hr 59 min 32 sec)
Heartbeat CPU 10 instructions: 80000017 cycles: 21326930 heartbeat IPC: 1.647 cumulative IPC: 1.65 (Simulation time: 03 hr 59 min 35 sec)
Heartbeat CPU 0 instructions: 90000027 cycles: 21371936 heartbeat IPC: 3.9 cumulative IPC: 3.824 (Simulation time: 04 hr 00 min 04 sec)
Heartbeat CPU 16 instructions: 80000015 cycles: 21433546 heartbeat IPC: 1.877 cumulative IPC: 1.876 (Simulation time: 04 hr 00 min 42 sec)
Heartbeat CPU 18 instructions: 80000026 cycles: 21591529 heartbeat IPC: 1.861 cumulative IPC: 1.858 (Simulation time: 04 hr 02 min 16 sec)
Heartbeat CPU 12 instructions: 80000037 cycles: 21647173 heartbeat IPC: 2.455 cumulative IPC: 2.562 (Simulation time: 04 hr 02 min 49 sec)
Heartbeat CPU 28 instructions: 90000037 cycles: 21724614 heartbeat IPC: 3.901 cumulative IPC: 3.673 (Simulation time: 04 hr 03 min 35 sec)
Heartbeat CPU 1 instructions: 90000037 cycles: 21724746 heartbeat IPC: 3.901 cumulative IPC: 3.673 (Simulation time: 04 hr 03 min 35 sec)
Heartbeat CPU 24 instructions: 90000025 cycles: 22221963 heartbeat IPC: 3.589 cumulative IPC: 3.583 (Simulation time: 04 hr 08 min 45 sec)
Heartbeat CPU 11 instructions: 80000029 cycles: 22328901 heartbeat IPC: 2.616 cumulative IPC: 2.557 (Simulation time: 04 hr 09 min 50 sec)
Heartbeat CPU 30 instructions: 90000023 cycles: 22363480 heartbeat IPC: 3.499 cumulative IPC: 3.509 (Simulation time: 04 hr 10 min 12 sec)
Heartbeat CPU 31 instructions: 80000033 cycles: 22431375 heartbeat IPC: 2.602 cumulative IPC: 2.526 (Simulation time: 04 hr 10 min 54 sec)
Heartbeat CPU 7 instructions: 90000030 cycles: 22565160 heartbeat IPC: 2.569 cumulative IPC: 2.629 (Simulation time: 04 hr 12 min 15 sec)
Heartbeat CPU 5 instructions: 110000034 cycles: 22755370 heartbeat IPC: 4.627 cumulative IPC: 4.617 (Simulation time: 04 hr 14 min 12 sec)
Heartbeat CPU 17 instructions: 110000034 cycles: 22760708 heartbeat IPC: 4.615 cumulative IPC: 4.614 (Simulation time: 04 hr 14 min 15 sec)
Heartbeat CPU 14 instructions: 110000034 cycles: 22773421 heartbeat IPC: 4.603 cumulative IPC: 4.608 (Simulation time: 04 hr 14 min 23 sec)
Heartbeat CPU 8 instructions: 70000029 cycles: 23050673 heartbeat IPC: 1.208 cumulative IPC: 1.208 (Simulation time: 04 hr 17 min 19 sec)
Heartbeat CPU 29 instructions: 110000030 cycles: 23128537 heartbeat IPC: 4.656 cumulative IPC: 4.656 (Simulation time: 04 hr 18 min 08 sec)
Heartbeat CPU 4 instructions: 110000034 cycles: 23227884 heartbeat IPC: 4.388 cumulative IPC: 4.394 (Simulation time: 04 hr 19 min 09 sec)
Heartbeat CPU 9 instructions: 110000020 cycles: 23250962 heartbeat IPC: 4.379 cumulative IPC: 4.383 (Simulation time: 04 hr 19 min 24 sec)
Heartbeat CPU 2 instructions: 70000025 cycles: 23454551 heartbeat IPC: 1.276 cumulative IPC: 1.278 (Simulation time: 04 hr 21 min 31 sec)
Heartbeat CPU 0 instructions: 100000029 cycles: 23930731 heartbeat IPC: 3.908 cumulative IPC: 3.846 (Simulation time: 04 hr 26 min 30 sec)
Heartbeat CPU 23 instructions: 80000025 cycles: 23991482 heartbeat IPC: 1.838 cumulative IPC: 1.855 (Simulation time: 04 hr 27 min 09 sec)
Heartbeat CPU 28 instructions: 100000037 cycles: 24370253 heartbeat IPC: 3.78 cumulative IPC: 3.701 (Simulation time: 04 hr 31 min 03 sec)
Heartbeat CPU 1 instructions: 100000037 cycles: 24370454 heartbeat IPC: 3.78 cumulative IPC: 3.701 (Simulation time: 04 hr 31 min 03 sec)
Heartbeat CPU 15 instructions: 70000012 cycles: 24598345 heartbeat IPC: 1.011 cumulative IPC: 1.026 (Simulation time: 04 hr 33 min 16 sec)
Heartbeat CPU 3 instructions: 80000020 cycles: 24714647 heartbeat IPC: 2.874 cumulative IPC: 2.78 (Simulation time: 04 hr 34 min 25 sec)
Heartbeat CPU 13 instructions: 90000013 cycles: 24892560 heartbeat IPC: 1.831 cumulative IPC: 1.82 (Simulation time: 04 hr 36 min 10 sec)
Heartbeat CPU 5 instructions: 120000034 cycles: 24921959 heartbeat IPC: 4.616 cumulative IPC: 4.617 (Simulation time: 04 hr 36 min 27 sec)
Heartbeat CPU 17 instructions: 120000034 cycles: 24923625 heartbeat IPC: 4.623 cumulative IPC: 4.616 (Simulation time: 04 hr 36 min 28 sec)
Heartbeat CPU 22 instructions: 100000029 cycles: 24932020 heartbeat IPC: 2.77 cumulative IPC: 2.771 (Simulation time: 04 hr 36 min 33 sec)
Heartbeat CPU 14 instructions: 120000034 cycles: 24934888 heartbeat IPC: 4.626 cumulative IPC: 4.611 (Simulation time: 04 hr 36 min 35 sec)
Heartbeat CPU 21 instructions: 70000010 cycles: 24952984 heartbeat IPC: 1.017 cumulative IPC: 1.02 (Simulation time: 04 hr 36 min 46 sec)
Heartbeat CPU 6 instructions: 70000010 cycles: 24995769 heartbeat IPC: 1.022 cumulative IPC: 1.024 (Simulation time: 04 hr 37 min 12 sec)
Heartbeat CPU 24 instructions: 100000026 cycles: 25009943 heartbeat IPC: 3.587 cumulative IPC: 3.584 (Simulation time: 04 hr 37 min 21 sec)
Heartbeat CPU 30 instructions: 100000029 cycles: 25232472 heartbeat IPC: 3.486 cumulative IPC: 3.503 (Simulation time: 04 hr 39 min 36 sec)
Heartbeat CPU 29 instructions: 120000035 cycles: 25277394 heartbeat IPC: 4.654 cumulative IPC: 4.655 (Simulation time: 04 hr 40 min 03 sec)
Heartbeat CPU 26 instructions: 70000019 cycles: 25389114 heartbeat IPC: 1.488 cumulative IPC: 1.45 (Simulation time: 04 hr 41 min 10 sec)
Heartbeat CPU 12 instructions: 90000038 cycles: 25536853 heartbeat IPC: 2.571 cumulative IPC: 2.565 (Simulation time: 04 hr 42 min 39 sec)
Heartbeat CPU 4 instructions: 120000036 cycles: 25883089 heartbeat IPC: 3.766 cumulative IPC: 4.252 (Simulation time: 04 hr 46 min 10 sec)
Heartbeat CPU 9 instructions: 120000020 cycles: 25932663 heartbeat IPC: 3.729 cumulative IPC: 4.234 (Simulation time: 04 hr 46 min 40 sec)
Heartbeat CPU 7 instructions: 100000035 cycles: 25988236 heartbeat IPC: 2.921 cumulative IPC: 2.714 (Simulation time: 04 hr 47 min 14 sec)
Heartbeat CPU 11 instructions: 90000030 cycles: 26586547 heartbeat IPC: 2.349 cumulative IPC: 2.485 (Simulation time: 04 hr 53 min 24 sec)
Heartbeat CPU 0 instructions: 110000032 cycles: 26669245 heartbeat IPC: 3.652 cumulative IPC: 3.803 (Simulation time: 04 hr 54 min 13 sec)
Heartbeat CPU 31 instructions: 90000034 cycles: 26686155 heartbeat IPC: 2.35 cumulative IPC: 2.466 (Simulation time: 04 hr 54 min 23 sec)
Heartbeat CPU 16 instructions: 90000017 cycles: 26698802 heartbeat IPC: 1.899 cumulative IPC: 1.886 (Simulation time: 04 hr 54 min 30 sec)
Heartbeat CPU 18 instructions: 90000026 cycles: 26945065 heartbeat IPC: 1.868 cumulative IPC: 1.862 (Simulation time: 04 hr 56 min 53 sec)
Heartbeat CPU 28 instructions: 110000041 cycles: 26978288 heartbeat IPC: 3.834 cumulative IPC: 3.728 (Simulation time: 04 hr 57 min 13 sec)
Heartbeat CPU 1 instructions: 110000041 cycles: 26978396 heartbeat IPC: 3.834 cumulative IPC: 3.728 (Simulation time: 04 hr 57 min 13 sec)
Heartbeat CPU 5 instructions: 130000034 cycles: 27075449 heartbeat IPC: 4.644 cumulative IPC: 4.621 (Simulation time: 04 hr 58 min 11 sec)
Heartbeat CPU 17 instructions: 130000034 cycles: 27077119 heartbeat IPC: 4.644 cumulative IPC: 4.621 (Simulation time: 04 hr 58 min 12 sec)
Heartbeat CPU 19 instructions: 80000026 cycles: 27077296 heartbeat IPC: 1.41 cumulative IPC: 1.404 (Simulation time: 04 hr 58 min 12 sec)
Heartbeat CPU 14 instructions: 130000034 cycles: 27081846 heartbeat IPC: 4.658 cumulative IPC: 4.619 (Simulation time: 04 hr 58 min 15 sec)
Heartbeat CPU 10 instructions: 90000017 cycles: 27409229 heartbeat IPC: 1.644 cumulative IPC: 1.647 (Simulation time: 05 hr 01 min 33 sec)
Heartbeat CPU 29 instructions: 130000040 cycles: 27424956 heartbeat IPC: 4.656 cumulative IPC: 4.655 (Simulation time: 05 hr 01 min 42 sec)
Heartbeat CPU 25 instructions: 70000036 cycles: 27765750 heartbeat IPC: 0.9886 cumulative IPC: 1.387 (Simulation time: 05 hr 05 min 13 sec)
Heartbeat CPU 24 instructions: 110000032 cycles: 27792905 heartbeat IPC: 3.593 cumulative IPC: 3.586 (Simulation time: 05 hr 05 min 30 sec)
Heartbeat CPU 27 instructions: 90000022 cycles: 28047313 heartbeat IPC: 1.461 cumulative IPC: 1.462 (Simulation time: 05 hr 08 min 08 sec)
Heartbeat CPU 20 instructions: 70000028 cycles: 28063464 heartbeat IPC: 1.481 cumulative IPC: 1.441 (Simulation time: 05 hr 08 min 18 sec)
Heartbeat CPU 30 instructions: 110000030 cycles: 28081467 heartbeat IPC: 3.51 cumulative IPC: 3.504 (Simulation time: 05 hr 08 min 29 sec)
Heartbeat CPU 4 instructions: 130000041 cycles: 28138774 heartbeat IPC: 4.433 cumulative IPC: 4.281 (Simulation time: 05 hr 09 min 04 sec)
Heartbeat CPU 9 instructions: 130000024 cycles: 28188584 heartbeat IPC: 4.433 cumulative IPC: 4.266 (Simulation time: 05 hr 09 min 35 sec)
Heartbeat CPU 3 instructions: 90000025 cycles: 28474809 heartbeat IPC: 2.659 cumulative IPC: 2.749 (Simulation time: 05 hr 12 min 28 sec)
Heartbeat CPU 22 instructions: 110000029 cycles: 28537302 heartbeat IPC: 2.774 cumulative IPC: 2.772 (Simulation time: 05 hr 13 min 07 sec)
Heartbeat CPU 0 instructions: 120000034 cycles: 29205620 heartbeat IPC: 3.943 cumulative IPC: 3.827 (Simulation time: 05 hr 19 min 53 sec)
Heartbeat CPU 5 instructions: 140000040 cycles: 29236197 heartbeat IPC: 4.628 cumulative IPC: 4.622 (Simulation time: 05 hr 20 min 11 sec)
Heartbeat CPU 17 instructions: 140000040 cycles: 29245499 heartbeat IPC: 4.612 cumulative IPC: 4.619 (Simulation time: 05 hr 20 min 17 sec)
Heartbeat CPU 14 instructions: 140000040 cycles: 29252356 heartbeat IPC: 4.607 cumulative IPC: 4.617 (Simulation time: 05 hr 20 min 21 sec)
Heartbeat CPU 23 instructions: 90000026 cycles: 29397878 heartbeat IPC: 1.85 cumulative IPC: 1.853 (Simulation time: 05 hr 21 min 50 sec)
Heartbeat CPU 12 instructions: 100000039 cycles: 29463815 heartbeat IPC: 2.546 cumulative IPC: 2.56 (Simulation time: 05 hr 22 min 29 sec)
Heartbeat CPU 29 instructions: 140000041 cycles: 29569844 heartbeat IPC: 4.662 cumulative IPC: 4.656 (Simulation time: 05 hr 23 min 34 sec)
Heartbeat CPU 28 instructions: 120000046 cycles: 29581620 heartbeat IPC: 3.841 cumulative IPC: 3.747 (Simulation time: 05 hr 23 min 41 sec)
Heartbeat CPU 1 instructions: 120000046 cycles: 29581733 heartbeat IPC: 3.841 cumulative IPC: 3.747 (Simulation time: 05 hr 23 min 41 sec)
Heartbeat CPU 7 instructions: 110000035 cycles: 30075901 heartbeat IPC: 2.446 cumulative IPC: 2.645 (Simulation time: 05 hr 28 min 38 sec)
Heartbeat CPU 13 instructions: 100000014 cycles: 30388270 heartbeat IPC: 1.82 cumulative IPC: 1.82 (Simulation time: 05 hr 31 min 53 sec)
Heartbeat CPU 4 instructions: 140000046 cycles: 30413415 heartbeat IPC: 4.396 cumulative IPC: 4.297 (Simulation time: 05 hr 32 min 08 sec)
Heartbeat CPU 9 instructions: 140000030 cycles: 30445916 heartbeat IPC: 4.43 cumulative IPC: 4.289 (Simulation time: 05 hr 32 min 29 sec)
Heartbeat CPU 11 instructions: 100000035 cycles: 30448919 heartbeat IPC: 2.589 cumulative IPC: 2.51 (Simulation time: 05 hr 32 min 30 sec)
Heartbeat CPU 31 instructions: 100000040 cycles: 30527435 heartbeat IPC: 2.603 cumulative IPC: 2.498 (Simulation time: 05 hr 33 min 26 sec)
Heartbeat CPU 24 instructions: 120000038 cycles: 30590285 heartbeat IPC: 3.575 cumulative IPC: 3.584 (Simulation time: 05 hr 34 min 10 sec)
Heartbeat CPU 2 instructions: 80000027 cycles: 30723723 heartbeat IPC: 1.376 cumulative IPC: 1.321 (Simulation time: 05 hr 35 min 47 sec)
Heartbeat CPU 30 instructions: 120000031 cycles: 30912767 heartbeat IPC: 3.532 cumulative IPC: 3.509 (Simulation time: 05 hr 38 min 05 sec)
Heartbeat CPU 8 instructions: 80000029 cycles: 31289900 heartbeat IPC: 1.214 cumulative IPC: 1.211 (Simulation time: 05 hr 42 min 38 sec)
Heartbeat CPU 5 instructions: 150000047 cycles: 31419901 heartbeat IPC: 4.579 cumulative IPC: 4.617 (Simulation time: 05 hr 44 min 12 sec)
Heartbeat CPU 17 instructions: 150000047 cycles: 31429142 heartbeat IPC: 4.58 cumulative IPC: 4.614 (Simulation time: 05 hr 44 min 19 sec)
Heartbeat CPU 14 instructions: 150000047 cycles: 31429936 heartbeat IPC: 4.592 cumulative IPC: 4.614 (Simulation time: 05 hr 44 min 20 sec)
Heartbeat CPU 26 instructions: 80000022 cycles: 31665374 heartbeat IPC: 1.593 cumulative IPC: 1.502 (Simulation time: 05 hr 47 min 13 sec)
Heartbeat CPU 0 instructions: 130000035 cycles: 31701963 heartbeat IPC: 4.006 cumulative IPC: 3.852 (Simulation time: 05 hr 47 min 40 sec)
Heartbeat CPU 29 instructions: 150000044 cycles: 31716985 heartbeat IPC: 4.657 cumulative IPC: 4.657 (Simulation time: 05 hr 47 min 51 sec)
Heartbeat CPU 16 instructions: 100000021 cycles: 32037475 heartbeat IPC: 1.873 cumulative IPC: 1.882 (Simulation time: 05 hr 51 min 40 sec)
Heartbeat CPU 28 instructions: 130000046 cycles: 32141851 heartbeat IPC: 3.906 cumulative IPC: 3.77 (Simulation time: 05 hr 52 min 55 sec)
Heartbeat CPU 1 instructions: 130000046 cycles: 32142074 heartbeat IPC: 3.906 cumulative IPC: 3.77 (Simulation time: 05 hr 52 min 55 sec)
Heartbeat CPU 22 instructions: 120000033 cycles: 32146222 heartbeat IPC: 2.771 cumulative IPC: 2.771 (Simulation time: 05 hr 52 min 58 sec)
Heartbeat CPU 3 instructions: 100000029 cycles: 32176357 heartbeat IPC: 2.702 cumulative IPC: 2.739 (Simulation time: 05 hr 53 min 20 sec)
Heartbeat CPU 18 instructions: 100000030 cycles: 32317294 heartbeat IPC: 1.861 cumulative IPC: 1.862 (Simulation time: 05 hr 55 min 03 sec)
Heartbeat CPU 4 instructions: 150000050 cycles: 32711838 heartbeat IPC: 4.351 cumulative IPC: 4.304 (Simulation time: 05 hr 59 min 52 sec)
Heartbeat CPU 9 instructions: 150000032 cycles: 32726903 heartbeat IPC: 4.384 cumulative IPC: 4.3 (Simulation time: 06 hr 00 min 03 sec)
Heartbeat CPU 24 instructions: 130000044 cycles: 33374074 heartbeat IPC: 3.592 cumulative IPC: 3.585 (Simulation time: 06 hr 07 min 59 sec)
Heartbeat CPU 12 instructions: 110000045 cycles: 33488042 heartbeat IPC: 2.485 cumulative IPC: 2.545 (Simulation time: 06 hr 09 min 25 sec)
Heartbeat CPU 10 instructions: 100000019 cycles: 33542208 heartbeat IPC: 1.631 cumulative IPC: 1.642 (Simulation time: 06 hr 10 min 06 sec)
Heartbeat CPU 7 instructions: 120000039 cycles: 33597630 heartbeat IPC: 2.84 cumulative IPC: 2.68 (Simulation time: 06 hr 10 min 48 sec)
Heartbeat CPU 5 instructions: 160000047 cycles: 33610677 heartbeat IPC: 4.565 cumulative IPC: 4.611 (Simulation time: 06 hr 10 min 58 sec)
Heartbeat CPU 17 instructions: 160000047 cycles: 33623264 heartbeat IPC: 4.558 cumulative IPC: 4.608 (Simulation time: 06 hr 11 min 07 sec)
Heartbeat CPU 14 instructions: 160000047 cycles: 33638504 heartbeat IPC: 4.528 cumulative IPC: 4.604 (Simulation time: 06 hr 11 min 18 sec)
Heartbeat CPU 30 instructions: 130000035 cycles: 33743152 heartbeat IPC: 3.533 cumulative IPC: 3.512 (Simulation time: 06 hr 12 min 37 sec)
Heartbeat CPU 21 instructions: 80000016 cycles: 33801453 heartbeat IPC: 1.13 cumulative IPC: 1.07 (Simulation time: 06 hr 13 min 21 sec)
Heartbeat CPU 6 instructions: 80000016 cycles: 33811037 heartbeat IPC: 1.134 cumulative IPC: 1.073 (Simulation time: 06 hr 13 min 28 sec)
Heartbeat CPU 29 instructions: 160000049 cycles: 33866895 heartbeat IPC: 4.651 cumulative IPC: 4.656 (Simulation time: 06 hr 14 min 10 sec)
Heartbeat CPU 19 instructions: 90000031 cycles: 34213829 heartbeat IPC: 1.401 cumulative IPC: 1.403 (Simulation time: 06 hr 18 min 35 sec)
Heartbeat CPU 0 instructions: 140000035 cycles: 34259499 heartbeat IPC: 3.91 cumulative IPC: 3.86 (Simulation time: 06 hr 19 min 10 sec)
Heartbeat CPU 28 instructions: 140000048 cycles: 34686277 heartbeat IPC: 3.93 cumulative IPC: 3.79 (Simulation time: 06 hr 24 min 37 sec)
Heartbeat CPU 1 instructions: 140000048 cycles: 34686433 heartbeat IPC: 3.93 cumulative IPC: 3.79 (Simulation time: 06 hr 24 min 37 sec)
Heartbeat CPU 23 instructions: 100000026 cycles: 34801455 heartbeat IPC: 1.851 cumulative IPC: 1.852 (Simulation time: 06 hr 26 min 02 sec)
Heartbeat CPU 27 instructions: 100000022 cycles: 34885375 heartbeat IPC: 1.462 cumulative IPC: 1.462 (Simulation time: 06 hr 27 min 03 sec)
Heartbeat CPU 11 instructions: 110000039 cycles: 34966626 heartbeat IPC: 2.214 cumulative IPC: 2.445 (Simulation time: 06 hr 28 min 03 sec)
Heartbeat CPU 4 instructions: 160000051 cycles: 34996644 heartbeat IPC: 4.377 cumulative IPC: 4.312 (Simulation time: 06 hr 28 min 26 sec)
Heartbeat CPU 9 instructions: 160000035 cycles: 35021041 heartbeat IPC: 4.359 cumulative IPC: 4.307 (Simulation time: 06 hr 28 min 44 sec)
Heartbeat CPU 31 instructions: 110000047 cycles: 35057060 heartbeat IPC: 2.208 cumulative IPC: 2.435 (Simulation time: 06 hr 29 min 10 sec)
Heartbeat CPU 20 instructions: 80000031 cycles: 35273746 heartbeat IPC: 1.387 cumulative IPC: 1.423 (Simulation time: 06 hr 31 min 51 sec)
Heartbeat CPU 22 instructions: 130000033 cycles: 35766292 heartbeat IPC: 2.762 cumulative IPC: 2.77 (Simulation time: 06 hr 37 min 57 sec)
Heartbeat CPU 5 instructions: 170000047 cycles: 35805131 heartbeat IPC: 4.557 cumulative IPC: 4.606 (Simulation time: 06 hr 38 min 27 sec)
Heartbeat CPU 17 instructions: 170000047 cycles: 35806997 heartbeat IPC: 4.579 cumulative IPC: 4.605 (Simulation time: 06 hr 38 min 28 sec)
Heartbeat CPU 3 instructions: 110000036 cycles: 35839241 heartbeat IPC: 2.73 cumulative IPC: 2.737 (Simulation time: 06 hr 38 min 53 sec)
Heartbeat CPU 14 instructions: 170000047 cycles: 35841944 heartbeat IPC: 4.538 cumulative IPC: 4.598 (Simulation time: 06 hr 38 min 55 sec)
Heartbeat CPU 13 instructions: 110000015 cycles: 35850327 heartbeat IPC: 1.831 cumulative IPC: 1.823 (Simulation time: 06 hr 39 min 01 sec)
Heartbeat CPU 29 instructions: 170000049 cycles: 36013985 heartbeat IPC: 4.657 cumulative IPC: 4.656 (Simulation time: 06 hr 41 min 03 sec)
Heartbeat CPU 24 instructions: 140000044 cycles: 36149712 heartbeat IPC: 3.603 cumulative IPC: 3.587 (Simulation time: 06 hr 42 min 44 sec)
Heartbeat CPU 30 instructions: 140000042 cycles: 36573992 heartbeat IPC: 3.533 cumulative IPC: 3.515 (Simulation time: 06 hr 47 min 59 sec)
Heartbeat CPU 0 instructions: 150000037 cycles: 36755975 heartbeat IPC: 4.006 cumulative IPC: 3.876 (Simulation time: 06 hr 50 min 16 sec)
Heartbeat CPU 7 instructions: 130000039 cycles: 36922836 heartbeat IPC: 3.007 cumulative IPC: 2.728 (Simulation time: 06 hr 52 min 24 sec)
Heartbeat CPU 28 instructions: 150000053 cycles: 37171295 heartbeat IPC: 4.024 cumulative IPC: 3.815 (Simulation time: 06 hr 55 min 28 sec)
Heartbeat CPU 1 instructions: 150000053 cycles: 37171415 heartbeat IPC: 4.024 cumulative IPC: 3.815 (Simulation time: 06 hr 55 min 28 sec)
Heartbeat CPU 25 instructions: 80000037 cycles: 37280346 heartbeat IPC: 1.051 cumulative IPC: 1.249 (Simulation time: 06 hr 56 min 47 sec)
Heartbeat CPU 4 instructions: 170000056 cycles: 37343231 heartbeat IPC: 4.262 cumulative IPC: 4.307 (Simulation time: 06 hr 57 min 33 sec)
Heartbeat CPU 16 instructions: 110000021 cycles: 37360706 heartbeat IPC: 1.879 cumulative IPC: 1.881 (Simulation time: 06 hr 57 min 46 sec)
Heartbeat CPU 9 instructions: 170000040 cycles: 37398095 heartbeat IPC: 4.207 cumulative IPC: 4.297 (Simulation time: 06 hr 58 min 13 sec)
Heartbeat CPU 12 instructions: 120000050 cycles: 37436483 heartbeat IPC: 2.533 cumulative IPC: 2.542 (Simulation time: 06 hr 58 min 41 sec)
Heartbeat CPU 18 instructions: 110000035 cycles: 37671928 heartbeat IPC: 1.868 cumulative IPC: 1.863 (Simulation time: 07 hr 01 min 32 sec)
Heartbeat CPU 2 instructions: 90000028 cycles: 37962877 heartbeat IPC: 1.381 cumulative IPC: 1.339 (Simulation time: 07 hr 05 min 01 sec)
Heartbeat CPU 5 instructions: 180000054 cycles: 38007089 heartbeat IPC: 4.541 cumulative IPC: 4.6 (Simulation time: 07 hr 05 min 33 sec)
Heartbeat CPU 17 instructions: 180000054 cycles: 38012174 heartbeat IPC: 4.535 cumulative IPC: 4.599 (Simulation time: 07 hr 05 min 37 sec)
Heartbeat CPU 14 instructions: 180000054 cycles: 38037442 heartbeat IPC: 4.555 cumulative IPC: 4.594 (Simulation time: 07 hr 05 min 55 sec)
Heartbeat CPU 29 instructions: 180000052 cycles: 38165812 heartbeat IPC: 4.647 cumulative IPC: 4.655 (Simulation time: 07 hr 07 min 28 sec)
Heartbeat CPU 15 instructions: 80000013 cycles: 38451491 heartbeat IPC: 0.7219 cumulative IPC: 0.8522 (Simulation time: 07 hr 10 min 55 sec)
Heartbeat CPU 24 instructions: 150000050 cycles: 38927134 heartbeat IPC: 3.6 cumulative IPC: 3.589 (Simulation time: 07 hr 16 min 42 sec)
Heartbeat CPU 26 instructions: 90000024 cycles: 38977980 heartbeat IPC: 1.368 cumulative IPC: 1.462 (Simulation time: 07 hr 17 min 19 sec)
Heartbeat CPU 0 instructions: 160000038 cycles: 39276995 heartbeat IPC: 3.967 cumulative IPC: 3.885 (Simulation time: 07 hr 20 min 54 sec)
Heartbeat CPU 22 instructions: 140000034 cycles: 39378546 heartbeat IPC: 2.768 cumulative IPC: 2.77 (Simulation time: 07 hr 22 min 06 sec)
Heartbeat CPU 30 instructions: 150000048 cycles: 39428523 heartbeat IPC: 3.503 cumulative IPC: 3.514 (Simulation time: 07 hr 22 min 42 sec)
Heartbeat CPU 3 instructions: 120000039 cycles: 39477887 heartbeat IPC: 2.748 cumulative IPC: 2.739 (Simulation time: 07 hr 23 min 17 sec)
Heartbeat CPU 8 instructions: 90000033 cycles: 39540318 heartbeat IPC: 1.212 cumulative IPC: 1.211 (Simulation time: 07 hr 24 min 01 sec)
Heartbeat CPU 10 instructions: 110000022 cycles: 39589690 heartbeat IPC: 1.654 cumulative IPC: 1.645 (Simulation time: 07 hr 24 min 37 sec)
Heartbeat CPU 11 instructions: 120000039 cycles: 39595081 heartbeat IPC: 2.161 cumulative IPC: 2.394 (Simulation time: 07 hr 24 min 41 sec)
Heartbeat CPU 4 instructions: 180000061 cycles: 39676685 heartbeat IPC: 4.285 cumulative IPC: 4.305 (Simulation time: 07 hr 25 min 39 sec)
Heartbeat CPU 31 instructions: 120000047 cycles: 39677929 heartbeat IPC: 2.164 cumulative IPC: 2.386 (Simulation time: 07 hr 25 min 40 sec)
Heartbeat CPU 9 instructions: 180000045 cycles: 39731745 heartbeat IPC: 4.285 cumulative IPC: 4.296 (Simulation time: 07 hr 26 min 19 sec)
Heartbeat CPU 28 instructions: 160000053 cycles: 39775970 heartbeat IPC: 3.839 cumulative IPC: 3.818 (Simulation time: 07 hr 26 min 50 sec)
Heartbeat CPU 1 instructions: 160000053 cycles: 39776219 heartbeat IPC: 3.839 cumulative IPC: 3.818 (Simulation time: 07 hr 26 min 50 sec)
Heartbeat CPU 23 instructions: 110000026 cycles: 40236714 heartbeat IPC: 1.84 cumulative IPC: 1.85 (Simulation time: 07 hr 32 min 21 sec)
Heartbeat CPU 29 instructions: 190000054 cycles: 40313030 heartbeat IPC: 4.657 cumulative IPC: 4.655 (Simulation time: 07 hr 33 min 14 sec)
Heartbeat CPU 5 instructions: 190000061 cycles: 40383041 heartbeat IPC: 4.209 cumulative IPC: 4.564 (Simulation time: 07 hr 34 min 01 sec)
Heartbeat CPU 17 instructions: 190000061 cycles: 40413191 heartbeat IPC: 4.165 cumulative IPC: 4.559 (Simulation time: 07 hr 34 min 21 sec)
Heartbeat CPU 14 instructions: 190000061 cycles: 40427891 heartbeat IPC: 4.183 cumulative IPC: 4.556 (Simulation time: 07 hr 34 min 31 sec)
Heartbeat CPU 7 instructions: 140000039 cycles: 40844198 heartbeat IPC: 2.55 cumulative IPC: 2.702 (Simulation time: 07 hr 39 min 28 sec)
Heartbeat CPU 19 instructions: 100000033 cycles: 41317348 heartbeat IPC: 1.408 cumulative IPC: 1.404 (Simulation time: 07 hr 45 min 07 sec)
Heartbeat CPU 13 instructions: 120000019 cycles: 41342834 heartbeat IPC: 1.821 cumulative IPC: 1.822 (Simulation time: 07 hr 45 min 25 sec)
Heartbeat CPU 21 instructions: 90000016 cycles: 41678494 heartbeat IPC: 1.27 cumulative IPC: 1.127 (Simulation time: 07 hr 49 min 24 sec)
Heartbeat CPU 6 instructions: 90000016 cycles: 41703069 heartbeat IPC: 1.267 cumulative IPC: 1.129 (Simulation time: 07 hr 49 min 41 sec)
Heartbeat CPU 27 instructions: 110000022 cycles: 41721532 heartbeat IPC: 1.463 cumulative IPC: 1.462 (Simulation time: 07 hr 49 min 54 sec)
Heartbeat CPU 24 instructions: 160000053 cycles: 41749024 heartbeat IPC: 3.544 cumulative IPC: 3.584 (Simulation time: 07 hr 50 min 15 sec)
Heartbeat CPU 0 instructions: 170000043 cycles: 41843610 heartbeat IPC: 3.896 cumulative IPC: 3.886 (Simulation time: 07 hr 51 min 22 sec)
Heartbeat CPU 12 instructions: 130000051 cycles: 42042607 heartbeat IPC: 2.171 cumulative IPC: 2.481 (Simulation time: 07 hr 53 min 40 sec)
Heartbeat CPU 4 instructions: 190000066 cycles: 42051449 heartbeat IPC: 4.211 cumulative IPC: 4.297 (Simulation time: 07 hr 53 min 47 sec)
Heartbeat CPU 9 instructions: 190000048 cycles: 42097227 heartbeat IPC: 4.227 cumulative IPC: 4.29 (Simulation time: 07 hr 54 min 19 sec)
Heartbeat CPU 20 instructions: 90000031 cycles: 42286053 heartbeat IPC: 1.426 cumulative IPC: 1.424 (Simulation time: 07 hr 56 min 31 sec)
Heartbeat CPU 30 instructions: 160000048 cycles: 42290375 heartbeat IPC: 3.494 cumulative IPC: 3.512 (Simulation time: 07 hr 56 min 34 sec)
Heartbeat CPU 28 instructions: 170000057 cycles: 42410530 heartbeat IPC: 3.796 cumulative IPC: 3.816 (Simulation time: 07 hr 58 min 00 sec)
Heartbeat CPU 1 instructions: 170000057 cycles: 42410675 heartbeat IPC: 3.796 cumulative IPC: 3.816 (Simulation time: 07 hr 58 min 00 sec)
Heartbeat CPU 29 instructions: 200000059 cycles: 42459150 heartbeat IPC: 4.66 cumulative IPC: 4.656 (Simulation time: 07 hr 58 min 34 sec)
Heartbeat CPU 5 instructions: 200000068 cycles: 42567632 heartbeat IPC: 4.578 cumulative IPC: 4.565 (Simulation time: 07 hr 59 min 49 sec)
Heartbeat CPU 17 instructions: 200000068 cycles: 42623495 heartbeat IPC: 4.524 cumulative IPC: 4.556 (Simulation time: 08 hr 00 min 28 sec)
Heartbeat CPU 14 instructions: 200000068 cycles: 42626484 heartbeat IPC: 4.548 cumulative IPC: 4.556 (Simulation time: 08 hr 00 min 30 sec)
Heartbeat CPU 18 instructions: 120000042 cycles: 42961988 heartbeat IPC: 1.89 cumulative IPC: 1.868 (Simulation time: 08 hr 04 min 24 sec)
Heartbeat CPU 22 instructions: 150000034 cycles: 42995586 heartbeat IPC: 2.765 cumulative IPC: 2.769 (Simulation time: 08 hr 04 min 48 sec)
Heartbeat CPU 3 instructions: 130000045 cycles: 43370082 heartbeat IPC: 2.569 cumulative IPC: 2.716 (Simulation time: 08 hr 09 min 07 sec)
Heartbeat CPU 11 instructions: 130000045 cycles: 44022969 heartbeat IPC: 2.258 cumulative IPC: 2.373 (Simulation time: 08 hr 16 min 42 sec)
Heartbeat CPU 31 instructions: 130000053 cycles: 44145847 heartbeat IPC: 2.238 cumulative IPC: 2.364 (Simulation time: 08 hr 18 min 08 sec)
Heartbeat CPU 0 instructions: 180000049 cycles: 44369486 heartbeat IPC: 3.959 cumulative IPC: 3.892 (Simulation time: 08 hr 20 min 44 sec)
Heartbeat CPU 4 instructions: 200000067 cycles: 44478473 heartbeat IPC: 4.12 cumulative IPC: 4.283 (Simulation time: 08 hr 22 min 01 sec)
Heartbeat CPU 9 instructions: 200000051 cycles: 44528687 heartbeat IPC: 4.113 cumulative IPC: 4.276 (Simulation time: 08 hr 22 min 36 sec)
Heartbeat CPU 24 instructions: 170000058 cycles: 44563557 heartbeat IPC: 3.553 cumulative IPC: 3.581 (Simulation time: 08 hr 23 min 00 sec)
Heartbeat CPU 29 instructions: 210000059 cycles: 44608778 heartbeat IPC: 4.652 cumulative IPC: 4.656 (Simulation time: 08 hr 23 min 31 sec)
Heartbeat CPU 7 instructions: 150000039 cycles: 44771393 heartbeat IPC: 2.546 cumulative IPC: 2.682 (Simulation time: 08 hr 25 min 23 sec)
Heartbeat CPU 5 instructions: 210000070 cycles: 44784134 heartbeat IPC: 4.512 cumulative IPC: 4.561 (Simulation time: 08 hr 25 min 32 sec)
Heartbeat CPU 17 instructions: 210000070 cycles: 44843881 heartbeat IPC: 4.504 cumulative IPC: 4.552 (Simulation time: 08 hr 26 min 13 sec)
Heartbeat CPU 14 instructions: 210000072 cycles: 44845435 heartbeat IPC: 4.507 cumulative IPC: 4.552 (Simulation time: 08 hr 26 min 14 sec)
Heartbeat CPU 28 instructions: 180000060 cycles: 44920844 heartbeat IPC: 3.984 cumulative IPC: 3.829 (Simulation time: 08 hr 27 min 07 sec)
Heartbeat CPU 1 instructions: 180000060 cycles: 44921107 heartbeat IPC: 3.983 cumulative IPC: 3.829 (Simulation time: 08 hr 27 min 07 sec)
Heartbeat CPU 30 instructions: 170000054 cycles: 45169241 heartbeat IPC: 3.474 cumulative IPC: 3.508 (Simulation time: 08 hr 29 min 55 sec)
Heartbeat CPU 23 instructions: 120000026 cycles: 45645194 heartbeat IPC: 1.849 cumulative IPC: 1.85 (Simulation time: 08 hr 35 min 18 sec)
Heartbeat CPU 10 instructions: 120000023 cycles: 45675677 heartbeat IPC: 1.643 cumulative IPC: 1.644 (Simulation time: 08 hr 35 min 39 sec)
Heartbeat CPU 16 instructions: 120000022 cycles: 46507521 heartbeat IPC: 1.093 cumulative IPC: 1.658 (Simulation time: 08 hr 45 min 16 sec)
Heartbeat CPU 22 instructions: 160000034 cycles: 46620376 heartbeat IPC: 2.759 cumulative IPC: 2.768 (Simulation time: 08 hr 46 min 35 sec)
Heartbeat CPU 29 instructions: 220000059 cycles: 46763742 heartbeat IPC: 4.64 cumulative IPC: 4.655 (Simulation time: 08 hr 48 min 16 sec)
Heartbeat CPU 2 instructions: 100000028 cycles: 46779805 heartbeat IPC: 1.134 cumulative IPC: 1.284 (Simulation time: 08 hr 48 min 27 sec)
Heartbeat CPU 13 instructions: 130000019 cycles: 46830754 heartbeat IPC: 1.822 cumulative IPC: 1.822 (Simulation time: 08 hr 49 min 02 sec)
Heartbeat CPU 0 instructions: 190000055 cycles: 46875307 heartbeat IPC: 3.991 cumulative IPC: 3.9 (Simulation time: 08 hr 49 min 33 sec)
Heartbeat CPU 4 instructions: 210000069 cycles: 46898889 heartbeat IPC: 4.132 cumulative IPC: 4.272 (Simulation time: 08 hr 49 min 50 sec)
Heartbeat CPU 9 instructions: 210000053 cycles: 46961571 heartbeat IPC: 4.11 cumulative IPC: 4.263 (Simulation time: 08 hr 50 min 34 sec)
Heartbeat CPU 5 instructions: 220000072 cycles: 46998812 heartbeat IPC: 4.515 cumulative IPC: 4.558 (Simulation time: 08 hr 50 min 59 sec)
Heartbeat CPU 17 instructions: 220000070 cycles: 47052613 heartbeat IPC: 4.527 cumulative IPC: 4.551 (Simulation time: 08 hr 51 min 37 sec)
Heartbeat CPU 14 instructions: 220000072 cycles: 47062286 heartbeat IPC: 4.511 cumulative IPC: 4.549 (Simulation time: 08 hr 51 min 44 sec)
Heartbeat CPU 26 instructions: 100000028 cycles: 47248172 heartbeat IPC: 1.209 cumulative IPC: 1.399 (Simulation time: 08 hr 53 min 56 sec)
Heartbeat CPU 3 instructions: 140000045 cycles: 47275401 heartbeat IPC: 2.561 cumulative IPC: 2.698 (Simulation time: 08 hr 54 min 16 sec)
Heartbeat CPU 24 instructions: 180000062 cycles: 47404640 heartbeat IPC: 3.52 cumulative IPC: 3.576 (Simulation time: 08 hr 55 min 47 sec)
Heartbeat CPU 28 instructions: 190000063 cycles: 47532135 heartbeat IPC: 3.83 cumulative IPC: 3.829 (Simulation time: 08 hr 57 min 17 sec)
Heartbeat CPU 1 instructions: 190000063 cycles: 47532486 heartbeat IPC: 3.829 cumulative IPC: 3.829 (Simulation time: 08 hr 57 min 17 sec)
Heartbeat CPU 8 instructions: 100000038 cycles: 47784896 heartbeat IPC: 1.213 cumulative IPC: 1.211 (Simulation time: 09 hr 00 min 13 sec)
Heartbeat CPU 12 instructions: 140000055 cycles: 47824908 heartbeat IPC: 1.729 cumulative IPC: 2.352 (Simulation time: 09 hr 00 min 42 sec)
Heartbeat CPU 30 instructions: 180000056 cycles: 48028032 heartbeat IPC: 3.498 cumulative IPC: 3.507 (Simulation time: 09 hr 03 min 05 sec)
Heartbeat CPU 7 instructions: 160000039 cycles: 48276398 heartbeat IPC: 2.853 cumulative IPC: 2.7 (Simulation time: 09 hr 05 min 58 sec)
Heartbeat CPU 18 instructions: 130000042 cycles: 48304885 heartbeat IPC: 1.872 cumulative IPC: 1.869 (Simulation time: 09 hr 06 min 17 sec)
Heartbeat CPU 15 instructions: 90000013 cycles: 48419943 heartbeat IPC: 1.003 cumulative IPC: 0.8961 (Simulation time: 09 hr 07 min 38 sec)
Heartbeat CPU 11 instructions: 140000052 cycles: 48441529 heartbeat IPC: 2.263 cumulative IPC: 2.359 (Simulation time: 09 hr 07 min 53 sec)
Heartbeat CPU 19 instructions: 110000036 cycles: 48464854 heartbeat IPC: 1.399 cumulative IPC: 1.403 (Simulation time: 09 hr 08 min 09 sec)
Heartbeat CPU 31 instructions: 140000060 cycles: 48567814 heartbeat IPC: 2.261 cumulative IPC: 2.351 (Simulation time: 09 hr 09 min 22 sec)
Heartbeat CPU 27 instructions: 120000029 cycles: 48591111 heartbeat IPC: 1.456 cumulative IPC: 1.461 (Simulation time: 09 hr 09 min 39 sec)
Heartbeat CPU 29 instructions: 230000059 cycles: 48911655 heartbeat IPC: 4.656 cumulative IPC: 4.655 (Simulation time: 09 hr 13 min 27 sec)
Heartbeat CPU 21 instructions: 100000016 cycles: 49044759 heartbeat IPC: 1.358 cumulative IPC: 1.176 (Simulation time: 09 hr 15 min 01 sec)
Heartbeat CPU 6 instructions: 100000016 cycles: 49091147 heartbeat IPC: 1.354 cumulative IPC: 1.176 (Simulation time: 09 hr 15 min 33 sec)
Heartbeat CPU 5 instructions: 230000075 cycles: 49160450 heartbeat IPC: 4.626 cumulative IPC: 4.562 (Simulation time: 09 hr 16 min 23 sec)
Heartbeat CPU 14 instructions: 230000075 cycles: 49212270 heartbeat IPC: 4.651 cumulative IPC: 4.556 (Simulation time: 09 hr 16 min 59 sec)
Heartbeat CPU 17 instructions: 230000075 cycles: 49215999 heartbeat IPC: 4.622 cumulative IPC: 4.555 (Simulation time: 09 hr 17 min 02 sec)
Heartbeat CPU 4 instructions: 220000069 cycles: 49256216 heartbeat IPC: 4.242 cumulative IPC: 4.27 (Simulation time: 09 hr 17 min 29 sec)
Heartbeat CPU 9 instructions: 220000053 cycles: 49315828 heartbeat IPC: 4.248 cumulative IPC: 4.262 (Simulation time: 09 hr 18 min 10 sec)
Heartbeat CPU 20 instructions: 100000037 cycles: 49325911 heartbeat IPC: 1.42 cumulative IPC: 1.423 (Simulation time: 09 hr 18 min 17 sec)
Heartbeat CPU 0 instructions: 200000058 cycles: 49460359 heartbeat IPC: 3.868 cumulative IPC: 3.897 (Simulation time: 09 hr 19 min 50 sec)
Heartbeat CPU 22 instructions: 170000038 cycles: 50229122 heartbeat IPC: 2.771 cumulative IPC: 2.768 (Simulation time: 09 hr 28 min 41 sec)
Heartbeat CPU 24 instructions: 190000069 cycles: 50233161 heartbeat IPC: 3.535 cumulative IPC: 3.573 (Simulation time: 09 hr 28 min 44 sec)
Heartbeat CPU 28 instructions: 200000063 cycles: 50440501 heartbeat IPC: 3.438 cumulative IPC: 3.798 (Simulation time: 09 hr 31 min 04 sec)
Heartbeat CPU 1 instructions: 200000063 cycles: 50441586 heartbeat IPC: 3.437 cumulative IPC: 3.798 (Simulation time: 09 hr 31 min 05 sec)
Heartbeat CPU 30 instructions: 190000059 cycles: 50895721 heartbeat IPC: 3.487 cumulative IPC: 3.506 (Simulation time: 09 hr 35 min 51 sec)
Heartbeat CPU 25 instructions: 90000039 cycles: 50906790 heartbeat IPC: 0.7339 cumulative IPC: 1.058 (Simulation time: 09 hr 35 min 58 sec)
Heartbeat CPU 23 instructions: 130000027 cycles: 51011068 heartbeat IPC: 1.864 cumulative IPC: 1.852 (Simulation time: 09 hr 37 min 05 sec)
Heartbeat CPU 29 instructions: 240000062 cycles: 51058673 heartbeat IPC: 4.658 cumulative IPC: 4.655 (Simulation time: 09 hr 37 min 35 sec)
Heartbeat CPU 3 instructions: 150000051 cycles: 51337579 heartbeat IPC: 2.462 cumulative IPC: 2.672 (Simulation time: 09 hr 40 min 42 sec)
Heartbeat CPU 4 instructions: 230000071 cycles: 51648133 heartbeat IPC: 4.181 cumulative IPC: 4.264 (Simulation time: 09 hr 44 min 20 sec)
Heartbeat CPU 9 instructions: 230000053 cycles: 51686920 heartbeat IPC: 4.217 cumulative IPC: 4.259 (Simulation time: 09 hr 44 min 47 sec)
Heartbeat CPU 10 instructions: 130000023 cycles: 51774072 heartbeat IPC: 1.64 cumulative IPC: 1.644 (Simulation time: 09 hr 45 min 48 sec)
Heartbeat CPU 5 instructions: 240000075 cycles: 51834094 heartbeat IPC: 3.74 cumulative IPC: 4.504 (Simulation time: 09 hr 46 min 31 sec)
Heartbeat CPU 17 instructions: 240000081 cycles: 51886441 heartbeat IPC: 3.745 cumulative IPC: 4.498 (Simulation time: 09 hr 47 min 08 sec)
Heartbeat CPU 14 instructions: 240000081 cycles: 51891236 heartbeat IPC: 3.733 cumulative IPC: 4.497 (Simulation time: 09 hr 47 min 11 sec)
Heartbeat CPU 11 instructions: 150000059 cycles: 51956254 heartbeat IPC: 2.845 cumulative IPC: 2.404 (Simulation time: 09 hr 47 min 56 sec)
Heartbeat CPU 0 instructions: 210000061 cycles: 52020379 heartbeat IPC: 3.906 cumulative IPC: 3.898 (Simulation time: 09 hr 48 min 40 sec)
Heartbeat CPU 7 instructions: 170000039 cycles: 52024977 heartbeat IPC: 2.668 cumulative IPC: 2.696 (Simulation time: 09 hr 48 min 43 sec)
Heartbeat CPU 31 instructions: 150000060 cycles: 52081639 heartbeat IPC: 2.846 cumulative IPC: 2.397 (Simulation time: 09 hr 49 min 23 sec)
Heartbeat CPU 16 instructions: 130000024 cycles: 52128786 heartbeat IPC: 1.779 cumulative IPC: 1.676 (Simulation time: 09 hr 49 min 56 sec)
Heartbeat CPU 13 instructions: 140000019 cycles: 52307034 heartbeat IPC: 1.826 cumulative IPC: 1.823 (Simulation time: 09 hr 52 min 01 sec)
Heartbeat CPU 24 instructions: 200000070 cycles: 53100055 heartbeat IPC: 3.488 cumulative IPC: 3.567 (Simulation time: 10 hr 01 min 17 sec)
Heartbeat CPU 29 instructions: 250000062 cycles: 53207617 heartbeat IPC: 4.653 cumulative IPC: 4.655 (Simulation time: 10 hr 02 min 32 sec)
Heartbeat CPU 12 instructions: 150000059 cycles: 53242648 heartbeat IPC: 1.846 cumulative IPC: 2.282 (Simulation time: 10 hr 02 min 57 sec)
Heartbeat CPU 18 instructions: 140000046 cycles: 53657977 heartbeat IPC: 1.868 cumulative IPC: 1.869 (Simulation time: 10 hr 07 min 45 sec)
Heartbeat CPU 28 instructions: 210000064 cycles: 53728772 heartbeat IPC: 3.041 cumulative IPC: 3.735 (Simulation time: 10 hr 08 min 34 sec)
Heartbeat CPU 1 instructions: 210000064 cycles: 53730298 heartbeat IPC: 3.041 cumulative IPC: 3.735 (Simulation time: 10 hr 08 min 35 sec)
Heartbeat CPU 30 instructions: 200000062 cycles: 53771587 heartbeat IPC: 3.477 cumulative IPC: 3.504 (Simulation time: 10 hr 09 min 03 sec)
Heartbeat CPU 22 instructions: 180000038 cycles: 53838468 heartbeat IPC: 2.771 cumulative IPC: 2.768 (Simulation time: 10 hr 09 min 48 sec)
Heartbeat CPU 4 instructions: 240000074 cycles: 54013292 heartbeat IPC: 4.228 cumulative IPC: 4.262 (Simulation time: 10 hr 11 min 48 sec)
Heartbeat CPU 9 instructions: 240000054 cycles: 54050772 heartbeat IPC: 4.23 cumulative IPC: 4.258 (Simulation time: 10 hr 12 min 13 sec)
Heartbeat CPU 5 instructions: 250000075 cycles: 54125544 heartbeat IPC: 4.364 cumulative IPC: 4.496 (Simulation time: 10 hr 13 min 03 sec)
Heartbeat CPU 17 instructions: 250000085 cycles: 54185489 heartbeat IPC: 4.35 cumulative IPC: 4.489 (Simulation time: 10 hr 13 min 45 sec)
Heartbeat CPU 14 instructions: 250000085 cycles: 54187710 heartbeat IPC: 4.355 cumulative IPC: 4.489 (Simulation time: 10 hr 13 min 47 sec)
Heartbeat CPU 26 instructions: 110000035 cycles: 54462012 heartbeat IPC: 1.386 cumulative IPC: 1.397 (Simulation time: 10 hr 16 min 51 sec)
Heartbeat CPU 0 instructions: 220000061 cycles: 54585897 heartbeat IPC: 3.898 cumulative IPC: 3.898 (Simulation time: 10 hr 18 min 14 sec)
Heartbeat CPU 3 instructions: 160000055 cycles: 54968798 heartbeat IPC: 2.754 cumulative IPC: 2.679 (Simulation time: 10 hr 22 min 26 sec)
Heartbeat CPU 29 instructions: 260000062 cycles: 55360372 heartbeat IPC: 4.645 cumulative IPC: 4.654 (Simulation time: 10 hr 26 min 52 sec)
Heartbeat CPU 27 instructions: 130000029 cycles: 55399320 heartbeat IPC: 1.469 cumulative IPC: 1.462 (Simulation time: 10 hr 27 min 19 sec)
Heartbeat CPU 24 instructions: 210000071 cycles: 55949621 heartbeat IPC: 3.509 cumulative IPC: 3.563 (Simulation time: 10 hr 33 min 43 sec)
Heartbeat CPU 8 instructions: 110000045 cycles: 56061709 heartbeat IPC: 1.208 cumulative IPC: 1.211 (Simulation time: 10 hr 35 min 04 sec)
Heartbeat CPU 21 instructions: 110000016 cycles: 56138688 heartbeat IPC: 1.41 cumulative IPC: 1.215 (Simulation time: 10 hr 35 min 57 sec)
Heartbeat CPU 6 instructions: 110000016 cycles: 56148508 heartbeat IPC: 1.417 cumulative IPC: 1.217 (Simulation time: 10 hr 36 min 04 sec)
Heartbeat CPU 7 instructions: 180000039 cycles: 56208014 heartbeat IPC: 2.391 cumulative IPC: 2.666 (Simulation time: 10 hr 36 min 46 sec)
Heartbeat CPU 25 instructions: 100000044 cycles: 56246161 heartbeat IPC: 1.873 cumulative IPC: 1.161 (Simulation time: 10 hr 37 min 14 sec)
Heartbeat CPU 4 instructions: 250000076 cycles: 56322367 heartbeat IPC: 4.331 cumulative IPC: 4.266 (Simulation time: 10 hr 38 min 09 sec)
Heartbeat CPU 20 instructions: 110000043 cycles: 56325144 heartbeat IPC: 1.429 cumulative IPC: 1.424 (Simulation time: 10 hr 38 min 11 sec)
Heartbeat CPU 9 instructions: 250000054 cycles: 56375325 heartbeat IPC: 4.302 cumulative IPC: 4.26 (Simulation time: 10 hr 38 min 46 sec)
Heartbeat CPU 23 instructions: 140000032 cycles: 56442052 heartbeat IPC: 1.841 cumulative IPC: 1.85 (Simulation time: 10 hr 39 min 33 sec)
Heartbeat CPU 5 instructions: 260000077 cycles: 56551475 heartbeat IPC: 4.122 cumulative IPC: 4.475 (Simulation time: 10 hr 40 min 50 sec)
Heartbeat CPU 14 instructions: 260000085 cycles: 56593734 heartbeat IPC: 4.156 cumulative IPC: 4.47 (Simulation time: 10 hr 41 min 20 sec)
Heartbeat CPU 17 instructions: 260000085 cycles: 56597548 heartbeat IPC: 4.146 cumulative IPC: 4.47 (Simulation time: 10 hr 41 min 22 sec)
Heartbeat CPU 30 instructions: 210000067 cycles: 56642361 heartbeat IPC: 3.483 cumulative IPC: 3.502 (Simulation time: 10 hr 41 min 55 sec)
Heartbeat CPU 28 instructions: 220000064 cycles: 56835268 heartbeat IPC: 3.219 cumulative IPC: 3.697 (Simulation time: 10 hr 44 min 10 sec)
Heartbeat CPU 1 instructions: 220000064 cycles: 56836800 heartbeat IPC: 3.219 cumulative IPC: 3.697 (Simulation time: 10 hr 44 min 11 sec)
Heartbeat CPU 11 instructions: 160000060 cycles: 56885984 heartbeat IPC: 2.029 cumulative IPC: 2.361 (Simulation time: 10 hr 44 min 46 sec)
Heartbeat CPU 31 instructions: 160000060 cycles: 57025920 heartbeat IPC: 2.023 cumulative IPC: 2.354 (Simulation time: 10 hr 46 min 24 sec)
Heartbeat CPU 0 instructions: 230000063 cycles: 57118083 heartbeat IPC: 3.949 cumulative IPC: 3.901 (Simulation time: 10 hr 47 min 29 sec)
Simulation finished CPU 29 instructions: 200000007 cycles: 42971402 cumulative IPC: 4.654 (Simulation time: 10 hr 47 min 58 sec)
Heartbeat CPU 22 instructions: 190000045 cycles: 57464562 heartbeat IPC: 2.758 cumulative IPC: 2.768 (Simulation time: 10 hr 51 min 28 sec)
Heartbeat CPU 29 instructions: 270000069 cycles: 57510802 heartbeat IPC: 4.65 cumulative IPC: 4.654 (Simulation time: 10 hr 52 min 00 sec)
Heartbeat CPU 16 instructions: 140000024 cycles: 57587285 heartbeat IPC: 1.832 cumulative IPC: 1.696 (Simulation time: 10 hr 52 min 53 sec)
Heartbeat CPU 13 instructions: 150000020 cycles: 57817891 heartbeat IPC: 1.815 cumulative IPC: 1.822 (Simulation time: 10 hr 55 min 35 sec)
Heartbeat CPU 10 instructions: 140000029 cycles: 57878986 heartbeat IPC: 1.638 cumulative IPC: 1.643 (Simulation time: 10 hr 56 min 19 sec)
Heartbeat CPU 4 instructions: 260000079 cycles: 58567780 heartbeat IPC: 4.454 cumulative IPC: 4.275 (Simulation time: 11 hr 04 min 39 sec)
Heartbeat CPU 9 instructions: 260000057 cycles: 58628148 heartbeat IPC: 4.439 cumulative IPC: 4.269 (Simulation time: 11 hr 05 min 23 sec)
Heartbeat CPU 24 instructions: 220000076 cycles: 58805055 heartbeat IPC: 3.502 cumulative IPC: 3.559 (Simulation time: 11 hr 07 min 29 sec)
Heartbeat CPU 3 instructions: 170000060 cycles: 58806713 heartbeat IPC: 2.606 cumulative IPC: 2.673 (Simulation time: 11 hr 07 min 30 sec)
Heartbeat CPU 5 instructions: 270000081 cycles: 58921709 heartbeat IPC: 4.219 cumulative IPC: 4.461 (Simulation time: 11 hr 08 min 51 sec)
Heartbeat CPU 17 instructions: 270000089 cycles: 58963206 heartbeat IPC: 4.227 cumulative IPC: 4.457 (Simulation time: 11 hr 09 min 21 sec)
Heartbeat CPU 14 instructions: 270000089 cycles: 58979483 heartbeat IPC: 4.192 cumulative IPC: 4.455 (Simulation time: 11 hr 09 min 32 sec)
Heartbeat CPU 18 instructions: 150000048 cycles: 58995748 heartbeat IPC: 1.873 cumulative IPC: 1.869 (Simulation time: 11 hr 09 min 44 sec)
Simulation finished CPU 5 instructions: 200000002 cycles: 44838205 cumulative IPC: 4.46 (Simulation time: 11 hr 10 min 07 sec)
Simulation finished CPU 17 instructions: 200000001 cycles: 44873863 cumulative IPC: 4.457 (Simulation time: 11 hr 10 min 32 sec)
Simulation finished CPU 14 instructions: 200000006 cycles: 44891914 cumulative IPC: 4.455 (Simulation time: 11 hr 10 min 46 sec)
Heartbeat CPU 12 instructions: 160000062 cycles: 59084485 heartbeat IPC: 1.712 cumulative IPC: 2.208 (Simulation time: 11 hr 10 min 49 sec)
Heartbeat CPU 30 instructions: 220000072 cycles: 59513055 heartbeat IPC: 3.483 cumulative IPC: 3.501 (Simulation time: 11 hr 16 min 05 sec)
Heartbeat CPU 0 instructions: 240000066 cycles: 59618265 heartbeat IPC: 4 cumulative IPC: 3.906 (Simulation time: 11 hr 17 min 23 sec)
Heartbeat CPU 29 instructions: 280000074 cycles: 59657446 heartbeat IPC: 4.658 cumulative IPC: 4.654 (Simulation time: 11 hr 17 min 52 sec)
Heartbeat CPU 28 instructions: 230000066 cycles: 59799752 heartbeat IPC: 3.373 cumulative IPC: 3.676 (Simulation time: 11 hr 19 min 38 sec)
Heartbeat CPU 1 instructions: 230000066 cycles: 59801506 heartbeat IPC: 3.373 cumulative IPC: 3.676 (Simulation time: 11 hr 19 min 39 sec)
Heartbeat CPU 7 instructions: 190000040 cycles: 60166404 heartbeat IPC: 2.526 cumulative IPC: 2.654 (Simulation time: 11 hr 24 min 09 sec)
Heartbeat CPU 11 instructions: 170000064 cycles: 60571224 heartbeat IPC: 2.714 cumulative IPC: 2.389 (Simulation time: 11 hr 29 min 07 sec)
Heartbeat CPU 31 instructions: 170000064 cycles: 60727689 heartbeat IPC: 2.701 cumulative IPC: 2.381 (Simulation time: 11 hr 31 min 02 sec)
Heartbeat CPU 4 instructions: 270000079 cycles: 60832283 heartbeat IPC: 4.416 cumulative IPC: 4.282 (Simulation time: 11 hr 32 min 19 sec)
Heartbeat CPU 9 instructions: 270000063 cycles: 60887712 heartbeat IPC: 4.426 cumulative IPC: 4.277 (Simulation time: 11 hr 32 min 59 sec)
Simulation finished CPU 4 instructions: 200000002 cycles: 46704047 cumulative IPC: 4.282 (Simulation time: 11 hr 33 min 03 sec)
Simulation finished CPU 9 instructions: 200000002 cycles: 46760078 cumulative IPC: 4.277 (Simulation time: 11 hr 33 min 42 sec)
Heartbeat CPU 2 instructions: 110000028 cycles: 60953702 heartbeat IPC: 0.7055 cumulative IPC: 1.108 (Simulation time: 11 hr 33 min 46 sec)
Heartbeat CPU 15 instructions: 100000013 cycles: 60984233 heartbeat IPC: 0.7959 cumulative IPC: 0.8692 (Simulation time: 11 hr 34 min 08 sec)
Heartbeat CPU 22 instructions: 200000045 cycles: 61077637 heartbeat IPC: 2.768 cumulative IPC: 2.768 (Simulation time: 11 hr 35 min 15 sec)
Heartbeat CPU 5 instructions: 280000085 cycles: 61273029 heartbeat IPC: 4.253 cumulative IPC: 4.451 (Simulation time: 11 hr 37 min 37 sec)
Heartbeat CPU 25 instructions: 110000049 cycles: 61274395 heartbeat IPC: 1.989 cumulative IPC: 1.25 (Simulation time: 11 hr 37 min 38 sec)
Heartbeat CPU 17 instructions: 280000093 cycles: 61305307 heartbeat IPC: 4.27 cumulative IPC: 4.448 (Simulation time: 11 hr 38 min 01 sec)
Heartbeat CPU 14 instructions: 280000093 cycles: 61320951 heartbeat IPC: 4.271 cumulative IPC: 4.446 (Simulation time: 11 hr 38 min 12 sec)
Heartbeat CPU 19 instructions: 120000037 cycles: 61539424 heartbeat IPC: 0.7648 cumulative IPC: 1.227 (Simulation time: 11 hr 40 min 50 sec)
Heartbeat CPU 24 instructions: 230000078 cycles: 61651053 heartbeat IPC: 3.514 cumulative IPC: 3.556 (Simulation time: 11 hr 42 min 11 sec)
Heartbeat CPU 29 instructions: 290000076 cycles: 61808125 heartbeat IPC: 4.65 cumulative IPC: 4.654 (Simulation time: 11 hr 44 min 04 sec)
Heartbeat CPU 23 instructions: 150000033 cycles: 61849308 heartbeat IPC: 1.849 cumulative IPC: 1.85 (Simulation time: 11 hr 44 min 33 sec)
Heartbeat CPU 21 instructions: 120000016 cycles: 62091761 heartbeat IPC: 1.68 cumulative IPC: 1.273 (Simulation time: 11 hr 47 min 29 sec)
Heartbeat CPU 0 instructions: 250000073 cycles: 62103905 heartbeat IPC: 4.023 cumulative IPC: 3.912 (Simulation time: 11 hr 47 min 38 sec)
Heartbeat CPU 6 instructions: 120000016 cycles: 62135668 heartbeat IPC: 1.67 cumulative IPC: 1.274 (Simulation time: 11 hr 48 min 01 sec)
Heartbeat CPU 27 instructions: 140000034 cycles: 62202496 heartbeat IPC: 1.47 cumulative IPC: 1.463 (Simulation time: 11 hr 48 min 50 sec)
Heartbeat CPU 28 instructions: 240000070 cycles: 62371716 heartbeat IPC: 3.888 cumulative IPC: 3.688 (Simulation time: 11 hr 50 min 53 sec)
Heartbeat CPU 1 instructions: 240000070 cycles: 62373540 heartbeat IPC: 3.888 cumulative IPC: 3.687 (Simulation time: 11 hr 50 min 54 sec)
Heartbeat CPU 30 instructions: 230000079 cycles: 62376230 heartbeat IPC: 3.493 cumulative IPC: 3.501 (Simulation time: 11 hr 50 min 56 sec)
Heartbeat CPU 3 instructions: 180000061 cycles: 62652632 heartbeat IPC: 2.6 cumulative IPC: 2.667 (Simulation time: 11 hr 54 min 12 sec)
Heartbeat CPU 26 instructions: 120000035 cycles: 62840069 heartbeat IPC: 1.194 cumulative IPC: 1.362 (Simulation time: 11 hr 56 min 23 sec)
Heartbeat CPU 16 instructions: 150000031 cycles: 62959207 heartbeat IPC: 1.862 cumulative IPC: 1.714 (Simulation time: 11 hr 57 min 48 sec)
Heartbeat CPU 4 instructions: 280000079 cycles: 63100392 heartbeat IPC: 4.409 cumulative IPC: 4.288 (Simulation time: 11 hr 59 min 23 sec)
Heartbeat CPU 20 instructions: 120000050 cycles: 63123954 heartbeat IPC: 1.471 cumulative IPC: 1.43 (Simulation time: 11 hr 59 min 40 sec)
Heartbeat CPU 9 instructions: 280000069 cycles: 63149858 heartbeat IPC: 4.421 cumulative IPC: 4.283 (Simulation time: 11 hr 59 min 58 sec)
Heartbeat CPU 13 instructions: 160000024 cycles: 63275318 heartbeat IPC: 1.832 cumulative IPC: 1.823 (Simulation time: 12 hr 01 min 25 sec)
Heartbeat CPU 5 instructions: 290000092 cycles: 63755147 heartbeat IPC: 4.029 cumulative IPC: 4.43 (Simulation time: 12 hr 07 min 00 sec)
Heartbeat CPU 14 instructions: 290000094 cycles: 63785298 heartbeat IPC: 4.058 cumulative IPC: 4.427 (Simulation time: 12 hr 07 min 21 sec)
Heartbeat CPU 17 instructions: 290000094 cycles: 63807202 heartbeat IPC: 3.997 cumulative IPC: 4.425 (Simulation time: 12 hr 07 min 36 sec)
Heartbeat CPU 7 instructions: 200000047 cycles: 63903200 heartbeat IPC: 2.676 cumulative IPC: 2.656 (Simulation time: 12 hr 08 min 46 sec)
Heartbeat CPU 29 instructions: 300000077 cycles: 63957599 heartbeat IPC: 4.652 cumulative IPC: 4.654 (Simulation time: 12 hr 09 min 26 sec)
Heartbeat CPU 10 instructions: 150000031 cycles: 64071277 heartbeat IPC: 1.615 cumulative IPC: 1.639 (Simulation time: 12 hr 10 min 49 sec)
Heartbeat CPU 18 instructions: 160000053 cycles: 64255784 heartbeat IPC: 1.901 cumulative IPC: 1.873 (Simulation time: 12 hr 13 min 01 sec)
Heartbeat CPU 24 instructions: 240000078 cycles: 64496301 heartbeat IPC: 3.515 cumulative IPC: 3.554 (Simulation time: 12 hr 15 min 54 sec)
Heartbeat CPU 0 instructions: 260000074 cycles: 64601439 heartbeat IPC: 4.004 cumulative IPC: 3.917 (Simulation time: 12 hr 17 min 09 sec)
Heartbeat CPU 22 instructions: 210000048 cycles: 64695943 heartbeat IPC: 2.764 cumulative IPC: 2.767 (Simulation time: 12 hr 18 min 17 sec)
Heartbeat CPU 12 instructions: 170000065 cycles: 64896372 heartbeat IPC: 1.721 cumulative IPC: 2.152 (Simulation time: 12 hr 20 min 38 sec)
Heartbeat CPU 8 instructions: 120000045 cycles: 65011570 heartbeat IPC: 1.117 cumulative IPC: 1.194 (Simulation time: 12 hr 22 min 00 sec)
Heartbeat CPU 28 instructions: 250000075 cycles: 65019442 heartbeat IPC: 3.777 cumulative IPC: 3.692 (Simulation time: 12 hr 22 min 06 sec)
Heartbeat CPU 1 instructions: 250000075 cycles: 65021364 heartbeat IPC: 3.777 cumulative IPC: 3.692 (Simulation time: 12 hr 22 min 07 sec)
Simulation finished CPU 0 instructions: 200000001 cycles: 51043664 cumulative IPC: 3.918 (Simulation time: 12 hr 24 min 39 sec)
Heartbeat CPU 30 instructions: 240000082 cycles: 65258360 heartbeat IPC: 3.47 cumulative IPC: 3.499 (Simulation time: 12 hr 24 min 58 sec)
Heartbeat CPU 4 instructions: 290000081 cycles: 65418888 heartbeat IPC: 4.313 cumulative IPC: 4.289 (Simulation time: 12 hr 26 min 54 sec)
Heartbeat CPU 9 instructions: 290000073 cycles: 65469408 heartbeat IPC: 4.311 cumulative IPC: 4.285 (Simulation time: 12 hr 27 min 30 sec)
Heartbeat CPU 11 instructions: 180000070 cycles: 65656077 heartbeat IPC: 1.967 cumulative IPC: 2.347 (Simulation time: 12 hr 29 min 44 sec)
Heartbeat CPU 31 instructions: 180000070 cycles: 65848179 heartbeat IPC: 1.953 cumulative IPC: 2.339 (Simulation time: 12 hr 32 min 03 sec)
Heartbeat CPU 29 instructions: 310000080 cycles: 66105778 heartbeat IPC: 4.655 cumulative IPC: 4.654 (Simulation time: 12 hr 35 min 09 sec)
Heartbeat CPU 14 instructions: 300000094 cycles: 66209431 heartbeat IPC: 4.125 cumulative IPC: 4.413 (Simulation time: 12 hr 36 min 24 sec)
Heartbeat CPU 5 instructions: 300000093 cycles: 66215558 heartbeat IPC: 4.064 cumulative IPC: 4.412 (Simulation time: 12 hr 36 min 29 sec)
Heartbeat CPU 17 instructions: 300000094 cycles: 66284259 heartbeat IPC: 4.037 cumulative IPC: 4.406 (Simulation time: 12 hr 37 min 19 sec)
Heartbeat CPU 3 instructions: 190000066 cycles: 66509682 heartbeat IPC: 2.593 cumulative IPC: 2.662 (Simulation time: 12 hr 40 min 04 sec)
Heartbeat CPU 25 instructions: 120000053 cycles: 66844253 heartbeat IPC: 1.795 cumulative IPC: 1.307 (Simulation time: 12 hr 44 min 04 sec)
Heartbeat CPU 0 instructions: 270000080 cycles: 67081849 heartbeat IPC: 4.032 cumulative IPC: 3.922 (Simulation time: 12 hr 46 min 54 sec)
Heartbeat CPU 23 instructions: 160000034 cycles: 67292368 heartbeat IPC: 1.837 cumulative IPC: 1.849 (Simulation time: 12 hr 49 min 26 sec)
Heartbeat CPU 7 instructions: 210000051 cycles: 67293949 heartbeat IPC: 2.949 cumulative IPC: 2.674 (Simulation time: 12 hr 49 min 28 sec)
Heartbeat CPU 24 instructions: 250000079 cycles: 67361592 heartbeat IPC: 3.49 cumulative IPC: 3.55 (Simulation time: 12 hr 50 min 15 sec)
Heartbeat CPU 28 instructions: 260000079 cycles: 67616823 heartbeat IPC: 3.85 cumulative IPC: 3.7 (Simulation time: 12 hr 53 min 17 sec)
Heartbeat CPU 1 instructions: 260000079 cycles: 67618905 heartbeat IPC: 3.85 cumulative IPC: 3.7 (Simulation time: 12 hr 53 min 19 sec)
Heartbeat CPU 4 instructions: 300000088 cycles: 67722847 heartbeat IPC: 4.34 cumulative IPC: 4.291 (Simulation time: 12 hr 54 min 32 sec)
Heartbeat CPU 9 instructions: 300000080 cycles: 67767267 heartbeat IPC: 4.352 cumulative IPC: 4.288 (Simulation time: 12 hr 55 min 05 sec)
Heartbeat CPU 30 instructions: 250000089 cycles: 68134014 heartbeat IPC: 3.477 cumulative IPC: 3.498 (Simulation time: 12 hr 59 min 22 sec)
Simulation finished CPU 28 instructions: 200000000 cycles: 54038517 cumulative IPC: 3.701 (Simulation time: 13 hr 00 min 29 sec)
Simulation finished CPU 1 instructions: 200000007 cycles: 54040615 cumulative IPC: 3.701 (Simulation time: 13 hr 00 min 30 sec)
Heartbeat CPU 29 instructions: 320000084 cycles: 68253970 heartbeat IPC: 4.655 cumulative IPC: 4.654 (Simulation time: 13 hr 00 min 48 sec)
Heartbeat CPU 16 instructions: 160000033 cycles: 68323621 heartbeat IPC: 1.864 cumulative IPC: 1.729 (Simulation time: 13 hr 01 min 39 sec)
Heartbeat CPU 22 instructions: 220000050 cycles: 68328495 heartbeat IPC: 2.753 cumulative IPC: 2.766 (Simulation time: 13 hr 01 min 43 sec)
Heartbeat CPU 14 instructions: 310000095 cycles: 68631034 heartbeat IPC: 4.129 cumulative IPC: 4.4 (Simulation time: 13 hr 05 min 23 sec)
Heartbeat CPU 5 instructions: 310000095 cycles: 68676542 heartbeat IPC: 4.063 cumulative IPC: 4.396 (Simulation time: 13 hr 05 min 56 sec)
Heartbeat CPU 19 instructions: 130000041 cycles: 68691127 heartbeat IPC: 1.398 cumulative IPC: 1.249 (Simulation time: 13 hr 06 min 06 sec)
Heartbeat CPU 17 instructions: 310000095 cycles: 68719505 heartbeat IPC: 4.106 cumulative IPC: 4.393 (Simulation time: 13 hr 06 min 26 sec)
Heartbeat CPU 13 instructions: 170000026 cycles: 68786165 heartbeat IPC: 1.815 cumulative IPC: 1.822 (Simulation time: 13 hr 07 min 13 sec)
Heartbeat CPU 27 instructions: 150000034 cycles: 69039134 heartbeat IPC: 1.463 cumulative IPC: 1.463 (Simulation time: 13 hr 10 min 15 sec)
Heartbeat CPU 18 instructions: 170000053 cycles: 69614100 heartbeat IPC: 1.866 cumulative IPC: 1.872 (Simulation time: 13 hr 17 min 12 sec)
Heartbeat CPU 0 instructions: 280000086 cycles: 69697982 heartbeat IPC: 3.822 cumulative IPC: 3.918 (Simulation time: 13 hr 18 min 12 sec)
Heartbeat CPU 15 instructions: 110000013 cycles: 69875791 heartbeat IPC: 1.125 cumulative IPC: 0.91 (Simulation time: 13 hr 20 min 18 sec)
Heartbeat CPU 4 instructions: 310000089 cycles: 70067084 heartbeat IPC: 4.266 cumulative IPC: 4.29 (Simulation time: 13 hr 22 min 34 sec)
Heartbeat CPU 9 instructions: 310000081 cycles: 70115697 heartbeat IPC: 4.258 cumulative IPC: 4.286 (Simulation time: 13 hr 23 min 09 sec)
Heartbeat CPU 2 instructions: 120000030 cycles: 70164004 heartbeat IPC: 1.086 cumulative IPC: 1.105 (Simulation time: 13 hr 23 min 44 sec)
Heartbeat CPU 28 instructions: 270000079 cycles: 70170684 heartbeat IPC: 3.916 cumulative IPC: 3.71 (Simulation time: 13 hr 23 min 48 sec)
Heartbeat CPU 1 instructions: 270000079 cycles: 70172704 heartbeat IPC: 3.916 cumulative IPC: 3.71 (Simulation time: 13 hr 23 min 50 sec)
Heartbeat CPU 24 instructions: 260000081 cycles: 70177567 heartbeat IPC: 3.551 cumulative IPC: 3.55 (Simulation time: 13 hr 23 min 53 sec)
Heartbeat CPU 10 instructions: 160000032 cycles: 70247448 heartbeat IPC: 1.619 cumulative IPC: 1.637 (Simulation time: 13 hr 24 min 42 sec)
Heartbeat CPU 29 instructions: 330000087 cycles: 70406465 heartbeat IPC: 4.646 cumulative IPC: 4.654 (Simulation time: 13 hr 26 min 33 sec)
Heartbeat CPU 11 instructions: 190000074 cycles: 70480816 heartbeat IPC: 2.073 cumulative IPC: 2.324 (Simulation time: 13 hr 27 min 25 sec)
Simulation finished CPU 24 instructions: 200000000 cycles: 56325676 cumulative IPC: 3.551 (Simulation time: 13 hr 27 min 48 sec)
Heartbeat CPU 3 instructions: 200000066 cycles: 70593030 heartbeat IPC: 2.449 cumulative IPC: 2.646 (Simulation time: 13 hr 28 min 45 sec)
Heartbeat CPU 31 instructions: 190000074 cycles: 70687680 heartbeat IPC: 2.066 cumulative IPC: 2.315 (Simulation time: 13 hr 29 min 53 sec)
Heartbeat CPU 30 instructions: 260000096 cycles: 71001921 heartbeat IPC: 3.487 cumulative IPC: 3.497 (Simulation time: 13 hr 33 min 32 sec)
Heartbeat CPU 12 instructions: 180000072 cycles: 71052653 heartbeat IPC: 1.624 cumulative IPC: 2.095 (Simulation time: 13 hr 34 min 08 sec)
Heartbeat CPU 20 instructions: 130000052 cycles: 71056266 heartbeat IPC: 1.261 cumulative IPC: 1.407 (Simulation time: 13 hr 34 min 11 sec)
Heartbeat CPU 14 instructions: 320000102 cycles: 71113533 heartbeat IPC: 4.028 cumulative IPC: 4.384 (Simulation time: 13 hr 34 min 51 sec)
Heartbeat CPU 26 instructions: 130000036 cycles: 71134977 heartbeat IPC: 1.206 cumulative IPC: 1.339 (Simulation time: 13 hr 35 min 06 sec)
Heartbeat CPU 5 instructions: 320000102 cycles: 71141572 heartbeat IPC: 4.057 cumulative IPC: 4.382 (Simulation time: 13 hr 35 min 11 sec)
Heartbeat CPU 7 instructions: 220000052 cycles: 71243149 heartbeat IPC: 2.532 cumulative IPC: 2.665 (Simulation time: 13 hr 36 min 23 sec)
Heartbeat CPU 17 instructions: 320000102 cycles: 71251435 heartbeat IPC: 3.95 cumulative IPC: 4.373 (Simulation time: 13 hr 36 min 29 sec)
Simulation finished CPU 30 instructions: 200000001 cycles: 57202869 cumulative IPC: 3.496 (Simulation time: 13 hr 38 min 06 sec)
Heartbeat CPU 22 instructions: 230000051 cycles: 71959170 heartbeat IPC: 2.754 cumulative IPC: 2.766 (Simulation time: 13 hr 44 min 41 sec)
Heartbeat CPU 21 instructions: 130000018 cycles: 72125253 heartbeat IPC: 0.9967 cumulative IPC: 1.225 (Simulation time: 13 hr 46 min 38 sec)
Heartbeat CPU 6 instructions: 130000018 cycles: 72184243 heartbeat IPC: 0.9952 cumulative IPC: 1.225 (Simulation time: 13 hr 47 min 20 sec)
Heartbeat CPU 25 instructions: 130000055 cycles: 72229237 heartbeat IPC: 1.857 cumulative IPC: 1.358 (Simulation time: 13 hr 47 min 51 sec)
Heartbeat CPU 0 instructions: 290000088 cycles: 72236569 heartbeat IPC: 3.939 cumulative IPC: 3.919 (Simulation time: 13 hr 47 min 56 sec)
Heartbeat CPU 4 instructions: 320000096 cycles: 72396906 heartbeat IPC: 4.292 cumulative IPC: 4.29 (Simulation time: 13 hr 49 min 48 sec)
Heartbeat CPU 9 instructions: 320000088 cycles: 72428590 heartbeat IPC: 4.324 cumulative IPC: 4.288 (Simulation time: 13 hr 50 min 10 sec)
Heartbeat CPU 29 instructions: 340000093 cycles: 72554287 heartbeat IPC: 4.656 cumulative IPC: 4.654 (Simulation time: 13 hr 51 min 33 sec)
Heartbeat CPU 23 instructions: 170000034 cycles: 72763104 heartbeat IPC: 1.828 cumulative IPC: 1.847 (Simulation time: 13 hr 53 min 53 sec)
Heartbeat CPU 28 instructions: 280000079 cycles: 72769165 heartbeat IPC: 3.848 cumulative IPC: 3.716 (Simulation time: 13 hr 53 min 57 sec)
Heartbeat CPU 1 instructions: 280000079 cycles: 72771086 heartbeat IPC: 3.849 cumulative IPC: 3.716 (Simulation time: 13 hr 53 min 58 sec)
Heartbeat CPU 24 instructions: 270000081 cycles: 72995343 heartbeat IPC: 3.549 cumulative IPC: 3.55 (Simulation time: 13 hr 56 min 29 sec)
Heartbeat CPU 14 instructions: 330000102 cycles: 73573556 heartbeat IPC: 4.065 cumulative IPC: 4.371 (Simulation time: 14 hr 03 min 07 sec)
Heartbeat CPU 5 instructions: 330000102 cycles: 73637982 heartbeat IPC: 4.006 cumulative IPC: 4.366 (Simulation time: 14 hr 03 min 51 sec)
Heartbeat CPU 16 instructions: 170000036 cycles: 73705653 heartbeat IPC: 1.858 cumulative IPC: 1.741 (Simulation time: 14 hr 04 min 38 sec)
Heartbeat CPU 17 instructions: 330000102 cycles: 73735624 heartbeat IPC: 4.025 cumulative IPC: 4.359 (Simulation time: 14 hr 05 min 00 sec)
Heartbeat CPU 30 instructions: 270000099 cycles: 73881417 heartbeat IPC: 3.473 cumulative IPC: 3.496 (Simulation time: 14 hr 06 min 40 sec)
Heartbeat CPU 13 instructions: 180000027 cycles: 74245779 heartbeat IPC: 1.832 cumulative IPC: 1.823 (Simulation time: 14 hr 10 min 49 sec)
Heartbeat CPU 3 instructions: 210000072 cycles: 74471926 heartbeat IPC: 2.578 cumulative IPC: 2.642 (Simulation time: 14 hr 13 min 23 sec)
Heartbeat CPU 7 instructions: 230000056 cycles: 74569909 heartbeat IPC: 3.006 cumulative IPC: 2.683 (Simulation time: 14 hr 14 min 31 sec)
Heartbeat CPU 4 instructions: 330000096 cycles: 74692967 heartbeat IPC: 4.355 cumulative IPC: 4.293 (Simulation time: 14 hr 15 min 56 sec)
Heartbeat CPU 29 instructions: 350000100 cycles: 74703143 heartbeat IPC: 4.654 cumulative IPC: 4.654 (Simulation time: 14 hr 16 min 03 sec)
Heartbeat CPU 9 instructions: 330000088 cycles: 74725609 heartbeat IPC: 4.353 cumulative IPC: 4.29 (Simulation time: 14 hr 16 min 18 sec)
Heartbeat CPU 0 instructions: 300000093 cycles: 74776837 heartbeat IPC: 3.937 cumulative IPC: 3.919 (Simulation time: 14 hr 16 min 54 sec)
Heartbeat CPU 18 instructions: 180000054 cycles: 74917140 heartbeat IPC: 1.886 cumulative IPC: 1.873 (Simulation time: 14 hr 18 min 30 sec)
Heartbeat CPU 11 instructions: 200000074 cycles: 75038302 heartbeat IPC: 2.194 cumulative IPC: 2.314 (Simulation time: 14 hr 19 min 53 sec)
Heartbeat CPU 31 instructions: 200000074 cycles: 75227312 heartbeat IPC: 2.203 cumulative IPC: 2.307 (Simulation time: 14 hr 22 min 06 sec)
Heartbeat CPU 28 instructions: 290000082 cycles: 75305134 heartbeat IPC: 3.943 cumulative IPC: 3.725 (Simulation time: 14 hr 23 min 00 sec)
Heartbeat CPU 1 instructions: 290000082 cycles: 75306964 heartbeat IPC: 3.943 cumulative IPC: 3.725 (Simulation time: 14 hr 23 min 02 sec)
Heartbeat CPU 22 instructions: 240000057 cycles: 75582768 heartbeat IPC: 2.76 cumulative IPC: 2.765 (Simulation time: 14 hr 26 min 13 sec)
Heartbeat CPU 24 instructions: 280000081 cycles: 75828301 heartbeat IPC: 3.53 cumulative IPC: 3.549 (Simulation time: 14 hr 29 min 02 sec)
Heartbeat CPU 27 instructions: 160000041 cycles: 75895608 heartbeat IPC: 1.458 cumulative IPC: 1.463 (Simulation time: 14 hr 29 min 48 sec)
Heartbeat CPU 19 instructions: 140000046 cycles: 75902112 heartbeat IPC: 1.387 cumulative IPC: 1.265 (Simulation time: 14 hr 29 min 53 sec)
Heartbeat CPU 14 instructions: 340000103 cycles: 76082958 heartbeat IPC: 3.985 cumulative IPC: 4.355 (Simulation time: 14 hr 31 min 58 sec)
Heartbeat CPU 5 instructions: 340000103 cycles: 76157438 heartbeat IPC: 3.969 cumulative IPC: 4.35 (Simulation time: 14 hr 32 min 49 sec)
Heartbeat CPU 17 instructions: 340000103 cycles: 76230492 heartbeat IPC: 4.008 cumulative IPC: 4.345 (Simulation time: 14 hr 33 min 39 sec)
Heartbeat CPU 10 instructions: 170000034 cycles: 76416907 heartbeat IPC: 1.621 cumulative IPC: 1.636 (Simulation time: 14 hr 35 min 50 sec)
Heartbeat CPU 30 instructions: 280000099 cycles: 76762351 heartbeat IPC: 3.471 cumulative IPC: 3.495 (Simulation time: 14 hr 39 min 52 sec)
Heartbeat CPU 29 instructions: 360000105 cycles: 76855982 heartbeat IPC: 4.645 cumulative IPC: 4.653 (Simulation time: 14 hr 40 min 56 sec)
Heartbeat CPU 4 instructions: 340000097 cycles: 76964803 heartbeat IPC: 4.402 cumulative IPC: 4.297 (Simulation time: 14 hr 42 min 11 sec)
Heartbeat CPU 9 instructions: 340000089 cycles: 76982671 heartbeat IPC: 4.431 cumulative IPC: 4.295 (Simulation time: 14 hr 42 min 24 sec)
Heartbeat CPU 12 instructions: 190000073 cycles: 77009730 heartbeat IPC: 1.679 cumulative IPC: 2.055 (Simulation time: 14 hr 42 min 42 sec)
Heartbeat CPU 0 instructions: 310000093 cycles: 77283954 heartbeat IPC: 3.989 cumulative IPC: 3.922 (Simulation time: 14 hr 45 min 49 sec)
Heartbeat CPU 8 instructions: 130000048 cycles: 77551093 heartbeat IPC: 0.7975 cumulative IPC: 1.116 (Simulation time: 14 hr 48 min 48 sec)
Heartbeat CPU 28 instructions: 300000086 cycles: 77884554 heartbeat IPC: 3.877 cumulative IPC: 3.732 (Simulation time: 14 hr 52 min 35 sec)
Heartbeat CPU 1 instructions: 300000086 cycles: 77886244 heartbeat IPC: 3.877 cumulative IPC: 3.731 (Simulation time: 14 hr 52 min 36 sec)
Heartbeat CPU 23 instructions: 180000041 cycles: 78178625 heartbeat IPC: 1.847 cumulative IPC: 1.847 (Simulation time: 14 hr 55 min 58 sec)
Heartbeat CPU 20 instructions: 140000059 cycles: 78292187 heartbeat IPC: 1.382 cumulative IPC: 1.404 (Simulation time: 14 hr 57 min 16 sec)
Heartbeat CPU 15 instructions: 120000015 cycles: 78325817 heartbeat IPC: 1.183 cumulative IPC: 0.946 (Simulation time: 14 hr 57 min 39 sec)
Heartbeat CPU 3 instructions: 220000074 cycles: 78327559 heartbeat IPC: 2.594 cumulative IPC: 2.639 (Simulation time: 14 hr 57 min 40 sec)
Heartbeat CPU 7 instructions: 240000056 cycles: 78446917 heartbeat IPC: 2.579 cumulative IPC: 2.677 (Simulation time: 14 hr 59 min 03 sec)
Heartbeat CPU 14 instructions: 350000108 cycles: 78507835 heartbeat IPC: 4.124 cumulative IPC: 4.346 (Simulation time: 14 hr 59 min 45 sec)
Heartbeat CPU 5 instructions: 350000108 cycles: 78573491 heartbeat IPC: 4.139 cumulative IPC: 4.342 (Simulation time: 15 hr 00 min 30 sec)
Heartbeat CPU 17 instructions: 350000108 cycles: 78615726 heartbeat IPC: 4.192 cumulative IPC: 4.339 (Simulation time: 15 hr 00 min 59 sec)
Heartbeat CPU 24 instructions: 290000086 cycles: 78648090 heartbeat IPC: 3.546 cumulative IPC: 3.549 (Simulation time: 15 hr 01 min 21 sec)
Heartbeat CPU 2 instructions: 130000030 cycles: 78694304 heartbeat IPC: 1.172 cumulative IPC: 1.114 (Simulation time: 15 hr 01 min 53 sec)
Heartbeat CPU 29 instructions: 370000111 cycles: 79002310 heartbeat IPC: 4.659 cumulative IPC: 4.654 (Simulation time: 15 hr 05 min 26 sec)
Heartbeat CPU 16 instructions: 180000038 cycles: 79076568 heartbeat IPC: 1.862 cumulative IPC: 1.751 (Simulation time: 15 hr 06 min 18 sec)
Heartbeat CPU 22 instructions: 250000063 cycles: 79195344 heartbeat IPC: 2.768 cumulative IPC: 2.765 (Simulation time: 15 hr 07 min 39 sec)
Heartbeat CPU 4 instructions: 350000103 cycles: 79223823 heartbeat IPC: 4.427 cumulative IPC: 4.301 (Simulation time: 15 hr 07 min 59 sec)
Heartbeat CPU 9 instructions: 350000095 cycles: 79254458 heartbeat IPC: 4.402 cumulative IPC: 4.299 (Simulation time: 15 hr 08 min 21 sec)
Heartbeat CPU 11 instructions: 210000075 cycles: 79319166 heartbeat IPC: 2.336 cumulative IPC: 2.316 (Simulation time: 15 hr 09 min 06 sec)
Heartbeat CPU 26 instructions: 140000036 cycles: 79456976 heartbeat IPC: 1.202 cumulative IPC: 1.321 (Simulation time: 15 hr 10 min 42 sec)
Heartbeat CPU 31 instructions: 210000079 cycles: 79472015 heartbeat IPC: 2.356 cumulative IPC: 2.31 (Simulation time: 15 hr 10 min 53 sec)
Heartbeat CPU 30 instructions: 290000105 cycles: 79626723 heartbeat IPC: 3.491 cumulative IPC: 3.495 (Simulation time: 15 hr 12 min 43 sec)
Heartbeat CPU 13 instructions: 190000027 cycles: 79749694 heartbeat IPC: 1.817 cumulative IPC: 1.822 (Simulation time: 15 hr 14 min 07 sec)
Heartbeat CPU 0 instructions: 320000093 cycles: 79773636 heartbeat IPC: 4.017 cumulative IPC: 3.926 (Simulation time: 15 hr 14 min 24 sec)
Heartbeat CPU 21 instructions: 140000023 cycles: 80134761 heartbeat IPC: 1.249 cumulative IPC: 1.228 (Simulation time: 15 hr 18 min 35 sec)
Heartbeat CPU 18 instructions: 190000059 cycles: 80202435 heartbeat IPC: 1.892 cumulative IPC: 1.875 (Simulation time: 15 hr 19 min 21 sec)
Heartbeat CPU 6 instructions: 140000023 cycles: 80204296 heartbeat IPC: 1.247 cumulative IPC: 1.228 (Simulation time: 15 hr 19 min 22 sec)
Heartbeat CPU 28 instructions: 310000087 cycles: 80556334 heartbeat IPC: 3.743 cumulative IPC: 3.732 (Simulation time: 15 hr 23 min 24 sec)
Heartbeat CPU 1 instructions: 310000087 cycles: 80558036 heartbeat IPC: 3.743 cumulative IPC: 3.732 (Simulation time: 15 hr 23 min 25 sec)
Heartbeat CPU 14 instructions: 360000111 cycles: 80935996 heartbeat IPC: 4.118 cumulative IPC: 4.338 (Simulation time: 15 hr 27 min 47 sec)
Heartbeat CPU 5 instructions: 360000111 cycles: 81009219 heartbeat IPC: 4.106 cumulative IPC: 4.333 (Simulation time: 15 hr 28 min 38 sec)
Heartbeat CPU 17 instructions: 360000111 cycles: 81009788 heartbeat IPC: 4.177 cumulative IPC: 4.333 (Simulation time: 15 hr 28 min 38 sec)
Heartbeat CPU 29 instructions: 380000117 cycles: 81148174 heartbeat IPC: 4.66 cumulative IPC: 4.654 (Simulation time: 15 hr 30 min 13 sec)
Heartbeat CPU 24 instructions: 300000093 cycles: 81488265 heartbeat IPC: 3.521 cumulative IPC: 3.548 (Simulation time: 15 hr 33 min 57 sec)
Heartbeat CPU 4 instructions: 360000105 cycles: 81777256 heartbeat IPC: 3.916 cumulative IPC: 4.287 (Simulation time: 15 hr 37 min 09 sec)
Heartbeat CPU 9 instructions: 360000097 cycles: 81806880 heartbeat IPC: 3.918 cumulative IPC: 4.285 (Simulation time: 15 hr 37 min 29 sec)
Heartbeat CPU 3 instructions: 230000080 cycles: 82052438 heartbeat IPC: 2.685 cumulative IPC: 2.642 (Simulation time: 15 hr 40 min 10 sec)
Heartbeat CPU 7 instructions: 250000056 cycles: 82270554 heartbeat IPC: 2.615 cumulative IPC: 2.674 (Simulation time: 15 hr 42 min 34 sec)
Heartbeat CPU 0 instructions: 330000094 cycles: 82272092 heartbeat IPC: 4.002 cumulative IPC: 3.929 (Simulation time: 15 hr 42 min 35 sec)
Heartbeat CPU 30 instructions: 300000109 cycles: 82500774 heartbeat IPC: 3.479 cumulative IPC: 3.494 (Simulation time: 15 hr 45 min 05 sec)
Heartbeat CPU 10 instructions: 180000036 cycles: 82569294 heartbeat IPC: 1.625 cumulative IPC: 1.635 (Simulation time: 15 hr 45 min 51 sec)
Heartbeat CPU 12 instructions: 200000076 cycles: 82718648 heartbeat IPC: 1.752 cumulative IPC: 2.03 (Simulation time: 15 hr 47 min 31 sec)
Heartbeat CPU 27 instructions: 170000042 cycles: 82740480 heartbeat IPC: 1.461 cumulative IPC: 1.463 (Simulation time: 15 hr 47 min 46 sec)
Heartbeat CPU 22 instructions: 260000069 cycles: 82805697 heartbeat IPC: 2.77 cumulative IPC: 2.766 (Simulation time: 15 hr 48 min 29 sec)
Heartbeat CPU 19 instructions: 150000048 cycles: 83014234 heartbeat IPC: 1.406 cumulative IPC: 1.28 (Simulation time: 15 hr 50 min 48 sec)
Heartbeat CPU 28 instructions: 320000088 cycles: 83109094 heartbeat IPC: 3.917 cumulative IPC: 3.739 (Simulation time: 15 hr 51 min 53 sec)
Heartbeat CPU 1 instructions: 320000088 cycles: 83110763 heartbeat IPC: 3.917 cumulative IPC: 3.739 (Simulation time: 15 hr 51 min 54 sec)
Heartbeat CPU 29 instructions: 390000120 cycles: 83297228 heartbeat IPC: 4.653 cumulative IPC: 4.654 (Simulation time: 15 hr 53 min 59 sec)
Heartbeat CPU 14 instructions: 370000113 cycles: 83376866 heartbeat IPC: 4.097 cumulative IPC: 4.33 (Simulation time: 15 hr 54 min 53 sec)
Heartbeat CPU 17 instructions: 370000113 cycles: 83443038 heartbeat IPC: 4.11 cumulative IPC: 4.325 (Simulation time: 15 hr 55 min 38 sec)
Heartbeat CPU 5 instructions: 370000113 cycles: 83467907 heartbeat IPC: 4.067 cumulative IPC: 4.324 (Simulation time: 15 hr 55 min 54 sec)
Heartbeat CPU 23 instructions: 190000041 cycles: 83560299 heartbeat IPC: 1.858 cumulative IPC: 1.848 (Simulation time: 15 hr 56 min 57 sec)
Heartbeat CPU 11 instructions: 220000076 cycles: 83599118 heartbeat IPC: 2.336 cumulative IPC: 2.317 (Simulation time: 15 hr 57 min 23 sec)
Heartbeat CPU 25 instructions: 140000055 cycles: 83713244 heartbeat IPC: 0.8708 cumulative IPC: 1.278 (Simulation time: 15 hr 58 min 41 sec)
Heartbeat CPU 31 instructions: 220000080 cycles: 83877763 heartbeat IPC: 2.27 cumulative IPC: 2.308 (Simulation time: 16 hr 00 min 33 sec)
Heartbeat CPU 24 instructions: 310000099 cycles: 84332258 heartbeat IPC: 3.516 cumulative IPC: 3.547 (Simulation time: 16 hr 05 min 39 sec)
Heartbeat CPU 16 instructions: 190000039 cycles: 84443956 heartbeat IPC: 1.863 cumulative IPC: 1.759 (Simulation time: 16 hr 06 min 58 sec)
Heartbeat CPU 0 instructions: 340000096 cycles: 84733868 heartbeat IPC: 4.062 cumulative IPC: 3.933 (Simulation time: 16 hr 10 min 16 sec)
Heartbeat CPU 13 instructions: 200000030 cycles: 85208766 heartbeat IPC: 1.832 cumulative IPC: 1.823 (Simulation time: 16 hr 15 min 32 sec)
Heartbeat CPU 20 instructions: 150000065 cycles: 85293092 heartbeat IPC: 1.428 cumulative IPC: 1.406 (Simulation time: 16 hr 16 min 28 sec)
Heartbeat CPU 30 instructions: 310000116 cycles: 85370594 heartbeat IPC: 3.485 cumulative IPC: 3.494 (Simulation time: 16 hr 17 min 22 sec)
Heartbeat CPU 29 instructions: 400000122 cycles: 85445091 heartbeat IPC: 4.656 cumulative IPC: 4.654 (Simulation time: 16 hr 18 min 12 sec)
Heartbeat CPU 18 instructions: 200000061 cycles: 85538853 heartbeat IPC: 1.874 cumulative IPC: 1.875 (Simulation time: 16 hr 19 min 16 sec)
Heartbeat CPU 28 instructions: 330000095 cycles: 85681510 heartbeat IPC: 3.887 cumulative IPC: 3.744 (Simulation time: 16 hr 20 min 54 sec)
Heartbeat CPU 1 instructions: 330000095 cycles: 85683215 heartbeat IPC: 3.887 cumulative IPC: 3.744 (Simulation time: 16 hr 20 min 55 sec)
Heartbeat CPU 14 instructions: 380000114 cycles: 85781000 heartbeat IPC: 4.16 cumulative IPC: 4.324 (Simulation time: 16 hr 22 min 03 sec)
Heartbeat CPU 7 instructions: 260000059 cycles: 85782694 heartbeat IPC: 2.847 cumulative IPC: 2.682 (Simulation time: 16 hr 22 min 04 sec)
Heartbeat CPU 3 instructions: 240000086 cycles: 85820908 heartbeat IPC: 2.654 cumulative IPC: 2.642 (Simulation time: 16 hr 22 min 30 sec)
Heartbeat CPU 8 instructions: 140000053 cycles: 85837541 heartbeat IPC: 1.207 cumulative IPC: 1.126 (Simulation time: 16 hr 22 min 42 sec)
Heartbeat CPU 17 instructions: 380000113 cycles: 85867959 heartbeat IPC: 4.124 cumulative IPC: 4.319 (Simulation time: 16 hr 23 min 03 sec)
Heartbeat CPU 5 instructions: 380000114 cycles: 85873050 heartbeat IPC: 4.158 cumulative IPC: 4.318 (Simulation time: 16 hr 23 min 07 sec)
Heartbeat CPU 4 instructions: 370000106 cycles: 86375376 heartbeat IPC: 2.175 cumulative IPC: 4.152 (Simulation time: 16 hr 28 min 50 sec)
Heartbeat CPU 9 instructions: 370000098 cycles: 86412014 heartbeat IPC: 2.171 cumulative IPC: 4.15 (Simulation time: 16 hr 29 min 15 sec)
Heartbeat CPU 22 instructions: 270000071 cycles: 86422678 heartbeat IPC: 2.765 cumulative IPC: 2.766 (Simulation time: 16 hr 29 min 22 sec)
Simulation finished CPU 22 instructions: 200000003 cycles: 72317686 cumulative IPC: 2.766 (Simulation time: 16 hr 30 min 19 sec)
Heartbeat CPU 2 instructions: 140000037 cycles: 86754040 heartbeat IPC: 1.241 cumulative IPC: 1.128 (Simulation time: 16 hr 33 min 07 sec)
Heartbeat CPU 15 instructions: 130000016 cycles: 86931986 heartbeat IPC: 1.162 cumulative IPC: 0.9716 (Simulation time: 16 hr 35 min 02 sec)
Heartbeat CPU 0 instructions: 350000102 cycles: 87111560 heartbeat IPC: 4.206 cumulative IPC: 3.942 (Simulation time: 16 hr 37 min 03 sec)
Heartbeat CPU 26 instructions: 150000042 cycles: 87173877 heartbeat IPC: 1.296 cumulative IPC: 1.319 (Simulation time: 16 hr 37 min 46 sec)
Heartbeat CPU 24 instructions: 320000105 cycles: 87181626 heartbeat IPC: 3.51 cumulative IPC: 3.545 (Simulation time: 16 hr 37 min 51 sec)
Heartbeat CPU 21 instructions: 150000027 cycles: 87471052 heartbeat IPC: 1.363 cumulative IPC: 1.241 (Simulation time: 16 hr 41 min 12 sec)
Heartbeat CPU 6 instructions: 150000027 cycles: 87535202 heartbeat IPC: 1.364 cumulative IPC: 1.242 (Simulation time: 16 hr 41 min 55 sec)
Heartbeat CPU 29 instructions: 410000122 cycles: 87591919 heartbeat IPC: 4.658 cumulative IPC: 4.654 (Simulation time: 16 hr 42 min 35 sec)
Heartbeat CPU 11 instructions: 230000078 cycles: 88134526 heartbeat IPC: 2.205 cumulative IPC: 2.31 (Simulation time: 16 hr 48 min 43 sec)
Heartbeat CPU 28 instructions: 340000096 cycles: 88155620 heartbeat IPC: 4.042 cumulative IPC: 3.754 (Simulation time: 16 hr 48 min 58 sec)
Heartbeat CPU 1 instructions: 340000096 cycles: 88157494 heartbeat IPC: 4.042 cumulative IPC: 3.754 (Simulation time: 16 hr 49 min 00 sec)
Heartbeat CPU 14 instructions: 390000117 cycles: 88216488 heartbeat IPC: 4.106 cumulative IPC: 4.317 (Simulation time: 16 hr 49 min 41 sec)
Heartbeat CPU 30 instructions: 320000118 cycles: 88251144 heartbeat IPC: 3.472 cumulative IPC: 3.493 (Simulation time: 16 hr 50 min 05 sec)
Heartbeat CPU 17 instructions: 390000117 cycles: 88293707 heartbeat IPC: 4.122 cumulative IPC: 4.312 (Simulation time: 16 hr 50 min 34 sec)
Heartbeat CPU 5 instructions: 390000117 cycles: 88296483 heartbeat IPC: 4.126 cumulative IPC: 4.312 (Simulation time: 16 hr 50 min 36 sec)
Heartbeat CPU 12 instructions: 210000080 cycles: 88358407 heartbeat IPC: 1.773 cumulative IPC: 2.01 (Simulation time: 16 hr 51 min 18 sec)
Heartbeat CPU 31 instructions: 230000084 cycles: 88380194 heartbeat IPC: 2.221 cumulative IPC: 2.302 (Simulation time: 16 hr 51 min 32 sec)
Heartbeat CPU 10 instructions: 190000042 cycles: 88747799 heartbeat IPC: 1.619 cumulative IPC: 1.633 (Simulation time: 16 hr 55 min 37 sec)
Simulation finished CPU 7 instructions: 200000006 cycles: 74698407 cumulative IPC: 2.677 (Simulation time: 16 hr 57 min 09 sec)
Heartbeat CPU 23 instructions: 200000041 cycles: 89028204 heartbeat IPC: 1.829 cumulative IPC: 1.846 (Simulation time: 16 hr 58 min 44 sec)
Heartbeat CPU 3 instructions: 250000086 cycles: 89473547 heartbeat IPC: 2.738 cumulative IPC: 2.647 (Simulation time: 17 hr 03 min 43 sec)
Heartbeat CPU 0 instructions: 360000103 cycles: 89484677 heartbeat IPC: 4.214 cumulative IPC: 3.951 (Simulation time: 17 hr 03 min 51 sec)
Heartbeat CPU 27 instructions: 180000046 cycles: 89562025 heartbeat IPC: 1.466 cumulative IPC: 1.463 (Simulation time: 17 hr 04 min 46 sec)
Heartbeat CPU 7 instructions: 270000059 cycles: 89600328 heartbeat IPC: 2.619 cumulative IPC: 2.679 (Simulation time: 17 hr 05 min 12 sec)
Simulation finished CPU 3 instructions: 200000005 cycles: 75540160 cumulative IPC: 2.648 (Simulation time: 17 hr 06 min 38 sec)
Heartbeat CPU 29 instructions: 420000127 cycles: 89740390 heartbeat IPC: 4.654 cumulative IPC: 4.654 (Simulation time: 17 hr 06 min 46 sec)
Heartbeat CPU 16 instructions: 200000046 cycles: 89833224 heartbeat IPC: 1.856 cumulative IPC: 1.766 (Simulation time: 17 hr 07 min 49 sec)
Heartbeat CPU 24 instructions: 330000110 cycles: 90003604 heartbeat IPC: 3.544 cumulative IPC: 3.545 (Simulation time: 17 hr 09 min 44 sec)
Heartbeat CPU 22 instructions: 280000074 cycles: 90041169 heartbeat IPC: 2.764 cumulative IPC: 2.765 (Simulation time: 17 hr 10 min 08 sec)
Heartbeat CPU 4 instructions: 380000108 cycles: 90124193 heartbeat IPC: 2.668 cumulative IPC: 4.079 (Simulation time: 17 hr 11 min 04 sec)
Heartbeat CPU 19 instructions: 160000048 cycles: 90153938 heartbeat IPC: 1.401 cumulative IPC: 1.291 (Simulation time: 17 hr 11 min 25 sec)
Heartbeat CPU 9 instructions: 380000100 cycles: 90164651 heartbeat IPC: 2.665 cumulative IPC: 4.077 (Simulation time: 17 hr 11 min 32 sec)
Heartbeat CPU 14 instructions: 400000118 cycles: 90672786 heartbeat IPC: 4.071 cumulative IPC: 4.309 (Simulation time: 17 hr 17 min 21 sec)
Heartbeat CPU 13 instructions: 210000033 cycles: 90705420 heartbeat IPC: 1.819 cumulative IPC: 1.823 (Simulation time: 17 hr 17 min 44 sec)
Heartbeat CPU 17 instructions: 400000118 cycles: 90737234 heartbeat IPC: 4.092 cumulative IPC: 4.305 (Simulation time: 17 hr 18 min 06 sec)
Heartbeat CPU 5 instructions: 400000118 cycles: 90738877 heartbeat IPC: 4.094 cumulative IPC: 4.305 (Simulation time: 17 hr 18 min 07 sec)
Heartbeat CPU 18 instructions: 210000063 cycles: 90881316 heartbeat IPC: 1.872 cumulative IPC: 1.874 (Simulation time: 17 hr 19 min 46 sec)
Heartbeat CPU 28 instructions: 350000098 cycles: 90942287 heartbeat IPC: 3.589 cumulative IPC: 3.748 (Simulation time: 17 hr 20 min 29 sec)
Heartbeat CPU 1 instructions: 350000098 cycles: 90944105 heartbeat IPC: 3.589 cumulative IPC: 3.748 (Simulation time: 17 hr 20 min 30 sec)
Heartbeat CPU 30 instructions: 330000120 cycles: 91113200 heartbeat IPC: 3.494 cumulative IPC: 3.493 (Simulation time: 17 hr 22 min 26 sec)
Heartbeat CPU 29 instructions: 430000133 cycles: 91886582 heartbeat IPC: 4.659 cumulative IPC: 4.654 (Simulation time: 17 hr 31 min 23 sec)
Heartbeat CPU 0 instructions: 370000107 cycles: 91975487 heartbeat IPC: 4.015 cumulative IPC: 3.953 (Simulation time: 17 hr 32 min 25 sec)
Heartbeat CPU 20 instructions: 160000065 cycles: 92381835 heartbeat IPC: 1.411 cumulative IPC: 1.407 (Simulation time: 17 hr 36 min 57 sec)
Heartbeat CPU 11 instructions: 240000082 cycles: 92405169 heartbeat IPC: 2.342 cumulative IPC: 2.312 (Simulation time: 17 hr 37 min 13 sec)
Heartbeat CPU 31 instructions: 240000089 cycles: 92675747 heartbeat IPC: 2.328 cumulative IPC: 2.304 (Simulation time: 17 hr 40 min 19 sec)
Heartbeat CPU 24 instructions: 340000110 cycles: 92818062 heartbeat IPC: 3.553 cumulative IPC: 3.545 (Simulation time: 17 hr 41 min 56 sec)
Heartbeat CPU 25 instructions: 150000055 cycles: 93010114 heartbeat IPC: 1.076 cumulative IPC: 1.254 (Simulation time: 17 hr 44 min 09 sec)
Heartbeat CPU 14 instructions: 410000123 cycles: 93086757 heartbeat IPC: 4.143 cumulative IPC: 4.304 (Simulation time: 17 hr 45 min 02 sec)
Heartbeat CPU 4 instructions: 390000112 cycles: 93093522 heartbeat IPC: 3.368 cumulative IPC: 4.052 (Simulation time: 17 hr 45 min 06 sec)
Heartbeat CPU 9 instructions: 390000104 cycles: 93142248 heartbeat IPC: 3.358 cumulative IPC: 4.05 (Simulation time: 17 hr 45 min 40 sec)
Heartbeat CPU 5 instructions: 410000123 cycles: 93158017 heartbeat IPC: 4.134 cumulative IPC: 4.3 (Simulation time: 17 hr 45 min 51 sec)
Heartbeat CPU 17 instructions: 410000123 cycles: 93175681 heartbeat IPC: 4.101 cumulative IPC: 4.299 (Simulation time: 17 hr 46 min 04 sec)
Heartbeat CPU 3 instructions: 260000087 cycles: 93215541 heartbeat IPC: 2.672 cumulative IPC: 2.648 (Simulation time: 17 hr 46 min 31 sec)
Heartbeat CPU 7 instructions: 280000065 cycles: 93230436 heartbeat IPC: 2.755 cumulative IPC: 2.682 (Simulation time: 17 hr 46 min 42 sec)
Heartbeat CPU 28 instructions: 360000101 cycles: 93433683 heartbeat IPC: 4.014 cumulative IPC: 3.756 (Simulation time: 17 hr 49 min 01 sec)
Heartbeat CPU 1 instructions: 360000101 cycles: 93435332 heartbeat IPC: 4.014 cumulative IPC: 3.756 (Simulation time: 17 hr 49 min 02 sec)
Heartbeat CPU 22 instructions: 290000076 cycles: 93649850 heartbeat IPC: 2.771 cumulative IPC: 2.766 (Simulation time: 17 hr 51 min 30 sec)
Heartbeat CPU 12 instructions: 220000085 cycles: 93864260 heartbeat IPC: 1.816 cumulative IPC: 1.997 (Simulation time: 17 hr 54 min 00 sec)
Heartbeat CPU 21 instructions: 160000027 cycles: 93925472 heartbeat IPC: 1.549 cumulative IPC: 1.266 (Simulation time: 17 hr 54 min 42 sec)
Heartbeat CPU 30 instructions: 340000125 cycles: 93969086 heartbeat IPC: 3.502 cumulative IPC: 3.493 (Simulation time: 17 hr 55 min 13 sec)
Heartbeat CPU 6 instructions: 160000027 cycles: 93974220 heartbeat IPC: 1.553 cumulative IPC: 1.267 (Simulation time: 17 hr 55 min 17 sec)
Heartbeat CPU 29 instructions: 440000138 cycles: 94034494 heartbeat IPC: 4.656 cumulative IPC: 4.654 (Simulation time: 17 hr 55 min 58 sec)
Heartbeat CPU 8 instructions: 150000060 cycles: 94059132 heartbeat IPC: 1.216 cumulative IPC: 1.136 (Simulation time: 17 hr 56 min 15 sec)
Heartbeat CPU 26 instructions: 160000043 cycles: 94236203 heartbeat IPC: 1.416 cumulative IPC: 1.327 (Simulation time: 17 hr 58 min 16 sec)
Heartbeat CPU 0 instructions: 380000114 cycles: 94416523 heartbeat IPC: 4.097 cumulative IPC: 3.957 (Simulation time: 18 hr 00 min 20 sec)
Heartbeat CPU 23 instructions: 210000046 cycles: 94462298 heartbeat IPC: 1.84 cumulative IPC: 1.846 (Simulation time: 18 hr 00 min 53 sec)
Heartbeat CPU 2 instructions: 150000037 cycles: 94679667 heartbeat IPC: 1.262 cumulative IPC: 1.141 (Simulation time: 18 hr 03 min 25 sec)
Heartbeat CPU 10 instructions: 200000042 cycles: 94821488 heartbeat IPC: 1.646 cumulative IPC: 1.634 (Simulation time: 18 hr 05 min 05 sec)
Heartbeat CPU 16 instructions: 210000047 cycles: 95137267 heartbeat IPC: 1.885 cumulative IPC: 1.774 (Simulation time: 18 hr 08 min 46 sec)
Heartbeat CPU 14 instructions: 420000130 cycles: 95464405 heartbeat IPC: 4.206 cumulative IPC: 4.301 (Simulation time: 18 hr 12 min 31 sec)
Heartbeat CPU 5 instructions: 420000130 cycles: 95547716 heartbeat IPC: 4.185 cumulative IPC: 4.296 (Simulation time: 18 hr 13 min 29 sec)
Heartbeat CPU 17 instructions: 420000130 cycles: 95564601 heartbeat IPC: 4.186 cumulative IPC: 4.296 (Simulation time: 18 hr 13 min 41 sec)
Heartbeat CPU 24 instructions: 350000116 cycles: 95649075 heartbeat IPC: 3.532 cumulative IPC: 3.545 (Simulation time: 18 hr 14 min 40 sec)
Heartbeat CPU 28 instructions: 370000106 cycles: 95917691 heartbeat IPC: 4.026 cumulative IPC: 3.765 (Simulation time: 18 hr 17 min 42 sec)
Heartbeat CPU 1 instructions: 370000106 cycles: 95919281 heartbeat IPC: 4.026 cumulative IPC: 3.765 (Simulation time: 18 hr 17 min 43 sec)
Heartbeat CPU 4 instructions: 400000114 cycles: 96029808 heartbeat IPC: 3.406 cumulative IPC: 4.029 (Simulation time: 18 hr 18 min 58 sec)
Heartbeat CPU 9 instructions: 400000106 cycles: 96075791 heartbeat IPC: 3.409 cumulative IPC: 4.027 (Simulation time: 18 hr 19 min 29 sec)
Heartbeat CPU 13 instructions: 220000038 cycles: 96168271 heartbeat IPC: 1.831 cumulative IPC: 1.823 (Simulation time: 18 hr 20 min 31 sec)
Heartbeat CPU 29 instructions: 450000143 cycles: 96181071 heartbeat IPC: 4.659 cumulative IPC: 4.654 (Simulation time: 18 hr 20 min 40 sec)
Heartbeat CPU 18 instructions: 220000067 cycles: 96208051 heartbeat IPC: 1.877 cumulative IPC: 1.875 (Simulation time: 18 hr 20 min 58 sec)
Heartbeat CPU 11 instructions: 250000082 cycles: 96389127 heartbeat IPC: 2.51 cumulative IPC: 2.321 (Simulation time: 18 hr 22 min 57 sec)
Heartbeat CPU 27 instructions: 190000046 cycles: 96389826 heartbeat IPC: 1.465 cumulative IPC: 1.463 (Simulation time: 18 hr 22 min 58 sec)
Heartbeat CPU 7 instructions: 290000065 cycles: 96556517 heartbeat IPC: 3.007 cumulative IPC: 2.696 (Simulation time: 18 hr 24 min 50 sec)
Heartbeat CPU 31 instructions: 250000091 cycles: 96702618 heartbeat IPC: 2.483 cumulative IPC: 2.313 (Simulation time: 18 hr 26 min 29 sec)
Heartbeat CPU 0 instructions: 390000115 cycles: 96786778 heartbeat IPC: 4.219 cumulative IPC: 3.965 (Simulation time: 18 hr 27 min 25 sec)
Heartbeat CPU 30 instructions: 350000125 cycles: 96805719 heartbeat IPC: 3.525 cumulative IPC: 3.494 (Simulation time: 18 hr 27 min 38 sec)
Heartbeat CPU 3 instructions: 270000087 cycles: 96854303 heartbeat IPC: 2.748 cumulative IPC: 2.652 (Simulation time: 18 hr 28 min 10 sec)
Heartbeat CPU 15 instructions: 140000017 cycles: 97136543 heartbeat IPC: 0.98 cumulative IPC: 0.9726 (Simulation time: 18 hr 31 min 25 sec)
Heartbeat CPU 22 instructions: 300000079 cycles: 97262074 heartbeat IPC: 2.768 cumulative IPC: 2.766 (Simulation time: 18 hr 32 min 49 sec)
Heartbeat CPU 19 instructions: 170000048 cycles: 97270226 heartbeat IPC: 1.405 cumulative IPC: 1.301 (Simulation time: 18 hr 32 min 55 sec)
Heartbeat CPU 14 instructions: 430000132 cycles: 97882884 heartbeat IPC: 4.135 cumulative IPC: 4.296 (Simulation time: 18 hr 39 min 46 sec)
Heartbeat CPU 5 instructions: 430000134 cycles: 97956448 heartbeat IPC: 4.152 cumulative IPC: 4.292 (Simulation time: 18 hr 40 min 36 sec)
Heartbeat CPU 17 instructions: 430000130 cycles: 97968879 heartbeat IPC: 4.159 cumulative IPC: 4.292 (Simulation time: 18 hr 40 min 45 sec)
Heartbeat CPU 29 instructions: 460000148 cycles: 98328229 heartbeat IPC: 4.657 cumulative IPC: 4.654 (Simulation time: 18 hr 44 min 48 sec)
Heartbeat CPU 24 instructions: 360000117 cycles: 98441202 heartbeat IPC: 3.581 cumulative IPC: 3.546 (Simulation time: 18 hr 46 min 00 sec)
Heartbeat CPU 28 instructions: 380000109 cycles: 98463866 heartbeat IPC: 3.927 cumulative IPC: 3.77 (Simulation time: 18 hr 46 min 15 sec)
Heartbeat CPU 1 instructions: 380000109 cycles: 98465386 heartbeat IPC: 3.928 cumulative IPC: 3.77 (Simulation time: 18 hr 46 min 16 sec)
Heartbeat CPU 4 instructions: 410000120 cycles: 99076775 heartbeat IPC: 3.282 cumulative IPC: 4.002 (Simulation time: 18 hr 52 min 53 sec)
Heartbeat CPU 9 instructions: 410000106 cycles: 99126956 heartbeat IPC: 3.277 cumulative IPC: 4 (Simulation time: 18 hr 53 min 26 sec)
Heartbeat CPU 0 instructions: 400000115 cycles: 99320517 heartbeat IPC: 3.947 cumulative IPC: 3.964 (Simulation time: 18 hr 55 min 31 sec)
Heartbeat CPU 12 instructions: 230000092 cycles: 99375606 heartbeat IPC: 1.814 cumulative IPC: 1.985 (Simulation time: 18 hr 56 min 05 sec)
Heartbeat CPU 20 instructions: 170000069 cycles: 99471054 heartbeat IPC: 1.411 cumulative IPC: 1.407 (Simulation time: 18 hr 57 min 06 sec)
Heartbeat CPU 30 instructions: 360000126 cycles: 99641857 heartbeat IPC: 3.526 cumulative IPC: 3.495 (Simulation time: 18 hr 58 min 55 sec)
Heartbeat CPU 23 instructions: 220000048 cycles: 99899997 heartbeat IPC: 1.839 cumulative IPC: 1.846 (Simulation time: 19 hr 01 min 41 sec)
Simulation finished CPU 11 instructions: 200000006 cycles: 85817927 cumulative IPC: 2.331 (Simulation time: 19 hr 02 min 48 sec)
Heartbeat CPU 7 instructions: 300000070 cycles: 100060634 heartbeat IPC: 2.854 cumulative IPC: 2.702 (Simulation time: 19 hr 03 min 24 sec)
Simulation finished CPU 31 instructions: 200000001 cycles: 86136748 cumulative IPC: 2.322 (Simulation time: 19 hr 06 min 12 sec)
Heartbeat CPU 14 instructions: 440000139 cycles: 100444575 heartbeat IPC: 3.904 cumulative IPC: 4.284 (Simulation time: 19 hr 07 min 26 sec)
Heartbeat CPU 3 instructions: 280000087 cycles: 100453851 heartbeat IPC: 2.778 cumulative IPC: 2.658 (Simulation time: 19 hr 07 min 32 sec)
Heartbeat CPU 16 instructions: 220000050 cycles: 100455019 heartbeat IPC: 1.88 cumulative IPC: 1.78 (Simulation time: 19 hr 07 min 33 sec)
Heartbeat CPU 29 instructions: 470000152 cycles: 100475605 heartbeat IPC: 4.657 cumulative IPC: 4.654 (Simulation time: 19 hr 07 min 45 sec)
Heartbeat CPU 5 instructions: 440000139 cycles: 100511922 heartbeat IPC: 3.913 cumulative IPC: 4.281 (Simulation time: 19 hr 08 min 08 sec)
Heartbeat CPU 17 instructions: 440000131 cycles: 100532895 heartbeat IPC: 3.9 cumulative IPC: 4.28 (Simulation time: 19 hr 08 min 21 sec)
Heartbeat CPU 11 instructions: 260000087 cycles: 100559344 heartbeat IPC: 2.398 cumulative IPC: 2.325 (Simulation time: 19 hr 08 min 36 sec)
Heartbeat CPU 26 instructions: 170000049 cycles: 100800712 heartbeat IPC: 1.523 cumulative IPC: 1.342 (Simulation time: 19 hr 10 min 59 sec)
Heartbeat CPU 22 instructions: 310000083 cycles: 100874865 heartbeat IPC: 2.768 cumulative IPC: 2.766 (Simulation time: 19 hr 11 min 43 sec)
Heartbeat CPU 10 instructions: 210000043 cycles: 100890724 heartbeat IPC: 1.648 cumulative IPC: 1.635 (Simulation time: 19 hr 11 min 52 sec)
Heartbeat CPU 31 instructions: 260000091 cycles: 100934984 heartbeat IPC: 2.363 cumulative IPC: 2.315 (Simulation time: 19 hr 12 min 20 sec)
Heartbeat CPU 28 instructions: 390000110 cycles: 101027279 heartbeat IPC: 3.901 cumulative IPC: 3.773 (Simulation time: 19 hr 13 min 15 sec)
Heartbeat CPU 1 instructions: 390000111 cycles: 101028793 heartbeat IPC: 3.901 cumulative IPC: 3.773 (Simulation time: 19 hr 13 min 16 sec)
Heartbeat CPU 24 instructions: 370000118 cycles: 101287773 heartbeat IPC: 3.513 cumulative IPC: 3.545 (Simulation time: 19 hr 15 min 53 sec)
Heartbeat CPU 18 instructions: 230000070 cycles: 101535157 heartbeat IPC: 1.877 cumulative IPC: 1.875 (Simulation time: 19 hr 18 min 29 sec)
Heartbeat CPU 13 instructions: 230000039 cycles: 101658972 heartbeat IPC: 1.821 cumulative IPC: 1.823 (Simulation time: 19 hr 19 min 50 sec)
Heartbeat CPU 0 instructions: 410000119 cycles: 101807071 heartbeat IPC: 4.022 cumulative IPC: 3.966 (Simulation time: 19 hr 21 min 24 sec)
Heartbeat CPU 2 instructions: 160000037 cycles: 101870582 heartbeat IPC: 1.391 cumulative IPC: 1.161 (Simulation time: 19 hr 22 min 03 sec)
Heartbeat CPU 4 instructions: 420000121 cycles: 101967503 heartbeat IPC: 3.459 cumulative IPC: 3.984 (Simulation time: 19 hr 23 min 06 sec)
Heartbeat CPU 9 instructions: 420000113 cycles: 102037317 heartbeat IPC: 3.436 cumulative IPC: 3.981 (Simulation time: 19 hr 23 min 51 sec)
Heartbeat CPU 8 instructions: 160000060 cycles: 102330115 heartbeat IPC: 1.209 cumulative IPC: 1.142 (Simulation time: 19 hr 26 min 52 sec)
Heartbeat CPU 30 instructions: 370000130 cycles: 102479094 heartbeat IPC: 3.525 cumulative IPC: 3.496 (Simulation time: 19 hr 28 min 23 sec)
Heartbeat CPU 25 instructions: 160000060 cycles: 102605249 heartbeat IPC: 1.042 cumulative IPC: 1.231 (Simulation time: 19 hr 29 min 38 sec)
Heartbeat CPU 29 instructions: 480000152 cycles: 102620634 heartbeat IPC: 4.662 cumulative IPC: 4.655 (Simulation time: 19 hr 29 min 47 sec)
Heartbeat CPU 27 instructions: 200000046 cycles: 103194701 heartbeat IPC: 1.47 cumulative IPC: 1.464 (Simulation time: 19 hr 35 min 37 sec)
Heartbeat CPU 21 instructions: 170000030 cycles: 103230832 heartbeat IPC: 1.075 cumulative IPC: 1.246 (Simulation time: 19 hr 35 min 59 sec)
Heartbeat CPU 6 instructions: 170000030 cycles: 103285053 heartbeat IPC: 1.074 cumulative IPC: 1.247 (Simulation time: 19 hr 36 min 31 sec)
Heartbeat CPU 7 instructions: 310000074 cycles: 103324878 heartbeat IPC: 3.063 cumulative IPC: 2.715 (Simulation time: 19 hr 36 min 56 sec)
Heartbeat CPU 28 instructions: 400000112 cycles: 103544037 heartbeat IPC: 3.973 cumulative IPC: 3.779 (Simulation time: 19 hr 39 min 06 sec)
Heartbeat CPU 1 instructions: 400000112 cycles: 103545570 heartbeat IPC: 3.973 cumulative IPC: 3.779 (Simulation time: 19 hr 39 min 07 sec)
Heartbeat CPU 24 instructions: 380000120 cycles: 104128078 heartbeat IPC: 3.521 cumulative IPC: 3.544 (Simulation time: 19 hr 44 min 53 sec)
Heartbeat CPU 3 instructions: 290000091 cycles: 104155143 heartbeat IPC: 2.702 cumulative IPC: 2.66 (Simulation time: 19 hr 45 min 09 sec)
Heartbeat CPU 0 instructions: 420000122 cycles: 104312807 heartbeat IPC: 3.991 cumulative IPC: 3.966 (Simulation time: 19 hr 46 min 45 sec)
Heartbeat CPU 19 instructions: 180000049 cycles: 104366138 heartbeat IPC: 1.409 cumulative IPC: 1.31 (Simulation time: 19 hr 47 min 17 sec)
Heartbeat CPU 22 instructions: 320000086 cycles: 104494072 heartbeat IPC: 2.763 cumulative IPC: 2.766 (Simulation time: 19 hr 48 min 35 sec)
Heartbeat CPU 14 instructions: 450000140 cycles: 104576600 heartbeat IPC: 2.42 cumulative IPC: 4.199 (Simulation time: 19 hr 49 min 25 sec)
Heartbeat CPU 5 instructions: 450000140 cycles: 104624122 heartbeat IPC: 2.432 cumulative IPC: 4.197 (Simulation time: 19 hr 49 min 53 sec)
Heartbeat CPU 17 instructions: 450000131 cycles: 104665514 heartbeat IPC: 2.42 cumulative IPC: 4.195 (Simulation time: 19 hr 50 min 18 sec)
Heartbeat CPU 29 instructions: 490000154 cycles: 104771201 heartbeat IPC: 4.65 cumulative IPC: 4.655 (Simulation time: 19 hr 51 min 23 sec)
Heartbeat CPU 4 instructions: 430000123 cycles: 104924050 heartbeat IPC: 3.382 cumulative IPC: 3.965 (Simulation time: 19 hr 52 min 57 sec)
Heartbeat CPU 12 instructions: 240000097 cycles: 104928112 heartbeat IPC: 1.801 cumulative IPC: 1.974 (Simulation time: 19 hr 53 min 00 sec)
Heartbeat CPU 9 instructions: 430000117 cycles: 104980912 heartbeat IPC: 3.397 cumulative IPC: 3.962 (Simulation time: 19 hr 53 min 31 sec)
Heartbeat CPU 11 instructions: 270000088 cycles: 105172913 heartbeat IPC: 2.168 cumulative IPC: 2.317 (Simulation time: 19 hr 55 min 28 sec)
Heartbeat CPU 30 instructions: 380000135 cycles: 105334702 heartbeat IPC: 3.502 cumulative IPC: 3.496 (Simulation time: 19 hr 57 min 07 sec)
Heartbeat CPU 23 instructions: 230000048 cycles: 105358789 heartbeat IPC: 1.832 cumulative IPC: 1.845 (Simulation time: 19 hr 57 min 21 sec)
Heartbeat CPU 31 instructions: 270000091 cycles: 105520552 heartbeat IPC: 2.181 cumulative IPC: 2.308 (Simulation time: 19 hr 58 min 58 sec)
Heartbeat CPU 16 instructions: 230000051 cycles: 105764318 heartbeat IPC: 1.883 cumulative IPC: 1.786 (Simulation time: 20 hr 01 min 24 sec)
Heartbeat CPU 28 instructions: 410000116 cycles: 105982150 heartbeat IPC: 4.102 cumulative IPC: 3.788 (Simulation time: 20 hr 03 min 34 sec)
Heartbeat CPU 1 instructions: 410000116 cycles: 105983392 heartbeat IPC: 4.102 cumulative IPC: 3.788 (Simulation time: 20 hr 03 min 34 sec)
Heartbeat CPU 7 instructions: 320000074 cycles: 106589950 heartbeat IPC: 3.063 cumulative IPC: 2.727 (Simulation time: 20 hr 09 min 28 sec)
Heartbeat CPU 0 instructions: 430000129 cycles: 106662635 heartbeat IPC: 4.256 cumulative IPC: 3.974 (Simulation time: 20 hr 10 min 12 sec)
Heartbeat CPU 20 instructions: 180000076 cycles: 106675341 heartbeat IPC: 1.388 cumulative IPC: 1.406 (Simulation time: 20 hr 10 min 20 sec)
Heartbeat CPU 18 instructions: 240000071 cycles: 106828666 heartbeat IPC: 1.889 cumulative IPC: 1.876 (Simulation time: 20 hr 11 min 54 sec)
Heartbeat CPU 29 instructions: 500000155 cycles: 106917639 heartbeat IPC: 4.659 cumulative IPC: 4.655 (Simulation time: 20 hr 12 min 49 sec)
Heartbeat CPU 10 instructions: 220000050 cycles: 106945126 heartbeat IPC: 1.652 cumulative IPC: 1.636 (Simulation time: 20 hr 13 min 05 sec)
Heartbeat CPU 24 instructions: 390000124 cycles: 107041567 heartbeat IPC: 3.432 cumulative IPC: 3.541 (Simulation time: 20 hr 14 min 03 sec)
Heartbeat CPU 13 instructions: 240000039 cycles: 107125137 heartbeat IPC: 1.829 cumulative IPC: 1.824 (Simulation time: 20 hr 14 min 54 sec)
Heartbeat CPU 26 instructions: 180000052 cycles: 107740543 heartbeat IPC: 1.441 cumulative IPC: 1.349 (Simulation time: 20 hr 21 min 18 sec)
Heartbeat CPU 4 instructions: 440000128 cycles: 107912485 heartbeat IPC: 3.346 cumulative IPC: 3.945 (Simulation time: 20 hr 23 min 08 sec)
Heartbeat CPU 9 instructions: 440000120 cycles: 107961420 heartbeat IPC: 3.355 cumulative IPC: 3.943 (Simulation time: 20 hr 23 min 40 sec)
Heartbeat CPU 22 instructions: 330000088 cycles: 108111949 heartbeat IPC: 2.764 cumulative IPC: 2.766 (Simulation time: 20 hr 25 min 17 sec)
Heartbeat CPU 3 instructions: 300000093 cycles: 108172579 heartbeat IPC: 2.489 cumulative IPC: 2.652 (Simulation time: 20 hr 25 min 57 sec)
Heartbeat CPU 30 instructions: 390000137 cycles: 108219225 heartbeat IPC: 3.467 cumulative IPC: 3.495 (Simulation time: 20 hr 26 min 28 sec)
Heartbeat CPU 14 instructions: 460000147 cycles: 108312680 heartbeat IPC: 2.677 cumulative IPC: 4.139 (Simulation time: 20 hr 27 min 29 sec)
Heartbeat CPU 17 instructions: 460000131 cycles: 108389180 heartbeat IPC: 2.686 cumulative IPC: 4.135 (Simulation time: 20 hr 28 min 18 sec)
Heartbeat CPU 5 instructions: 460000143 cycles: 108416537 heartbeat IPC: 2.637 cumulative IPC: 4.134 (Simulation time: 20 hr 28 min 35 sec)
Heartbeat CPU 28 instructions: 420000121 cycles: 108574831 heartbeat IPC: 3.857 cumulative IPC: 3.79 (Simulation time: 20 hr 30 min 16 sec)
Heartbeat CPU 1 instructions: 420000121 cycles: 108576048 heartbeat IPC: 3.857 cumulative IPC: 3.79 (Simulation time: 20 hr 30 min 16 sec)
Heartbeat CPU 25 instructions: 170000066 cycles: 108749282 heartbeat IPC: 1.628 cumulative IPC: 1.257 (Simulation time: 20 hr 32 min 07 sec)
Heartbeat CPU 29 instructions: 510000155 cycles: 109064641 heartbeat IPC: 4.658 cumulative IPC: 4.655 (Simulation time: 20 hr 35 min 27 sec)
Heartbeat CPU 15 instructions: 150000023 cycles: 109102851 heartbeat IPC: 0.8357 cumulative IPC: 0.9553 (Simulation time: 20 hr 35 min 51 sec)
Heartbeat CPU 0 instructions: 440000133 cycles: 109172020 heartbeat IPC: 3.985 cumulative IPC: 3.974 (Simulation time: 20 hr 36 min 34 sec)
Heartbeat CPU 11 instructions: 280000092 cycles: 109397626 heartbeat IPC: 2.367 cumulative IPC: 2.319 (Simulation time: 20 hr 38 min 58 sec)
Heartbeat CPU 31 instructions: 280000091 cycles: 109740019 heartbeat IPC: 2.37 cumulative IPC: 2.311 (Simulation time: 20 hr 42 min 37 sec)
Heartbeat CPU 7 instructions: 330000076 cycles: 109854877 heartbeat IPC: 3.063 cumulative IPC: 2.739 (Simulation time: 20 hr 43 min 50 sec)
Heartbeat CPU 24 instructions: 400000126 cycles: 109914252 heartbeat IPC: 3.481 cumulative IPC: 3.539 (Simulation time: 20 hr 44 min 28 sec)
Heartbeat CPU 27 instructions: 210000050 cycles: 109999989 heartbeat IPC: 1.469 cumulative IPC: 1.464 (Simulation time: 20 hr 45 min 23 sec)
Heartbeat CPU 14 instructions: 470000148 cycles: 110460123 heartbeat IPC: 4.657 cumulative IPC: 4.15 (Simulation time: 20 hr 50 min 12 sec)
Heartbeat CPU 17 instructions: 470000132 cycles: 110553809 heartbeat IPC: 4.62 cumulative IPC: 4.146 (Simulation time: 20 hr 51 min 13 sec)
Heartbeat CPU 8 instructions: 170000065 cycles: 110559270 heartbeat IPC: 1.215 cumulative IPC: 1.149 (Simulation time: 20 hr 51 min 16 sec)
Heartbeat CPU 12 instructions: 250000101 cycles: 110623719 heartbeat IPC: 1.756 cumulative IPC: 1.961 (Simulation time: 20 hr 51 min 57 sec)
Heartbeat CPU 5 instructions: 470000148 cycles: 110652291 heartbeat IPC: 4.473 cumulative IPC: 4.142 (Simulation time: 20 hr 52 min 15 sec)
Heartbeat CPU 21 instructions: 180000030 cycles: 110749730 heartbeat IPC: 1.33 cumulative IPC: 1.253 (Simulation time: 20 hr 53 min 15 sec)
Heartbeat CPU 23 instructions: 240000054 cycles: 110773570 heartbeat IPC: 1.847 cumulative IPC: 1.845 (Simulation time: 20 hr 53 min 29 sec)
Heartbeat CPU 6 instructions: 180000030 cycles: 110789267 heartbeat IPC: 1.333 cumulative IPC: 1.253 (Simulation time: 20 hr 53 min 39 sec)
Heartbeat CPU 4 instructions: 450000130 cycles: 110807133 heartbeat IPC: 3.455 cumulative IPC: 3.93 (Simulation time: 20 hr 53 min 50 sec)
Heartbeat CPU 9 instructions: 450000121 cycles: 110829307 heartbeat IPC: 3.487 cumulative IPC: 3.929 (Simulation time: 20 hr 54 min 04 sec)
Heartbeat CPU 16 instructions: 240000056 cycles: 111064096 heartbeat IPC: 1.887 cumulative IPC: 1.792 (Simulation time: 20 hr 56 min 31 sec)
Heartbeat CPU 30 instructions: 400000140 cycles: 111073462 heartbeat IPC: 3.504 cumulative IPC: 3.496 (Simulation time: 20 hr 56 min 37 sec)
Heartbeat CPU 28 instructions: 430000122 cycles: 111100214 heartbeat IPC: 3.96 cumulative IPC: 3.794 (Simulation time: 20 hr 56 min 54 sec)
Heartbeat CPU 1 instructions: 430000122 cycles: 111101410 heartbeat IPC: 3.96 cumulative IPC: 3.794 (Simulation time: 20 hr 56 min 55 sec)
Heartbeat CPU 29 instructions: 520000158 cycles: 111211125 heartbeat IPC: 4.659 cumulative IPC: 4.655 (Simulation time: 20 hr 58 min 06 sec)
Heartbeat CPU 2 instructions: 170000042 cycles: 111426260 heartbeat IPC: 1.046 cumulative IPC: 1.15 (Simulation time: 21 hr 00 min 25 sec)
Heartbeat CPU 19 instructions: 190000051 cycles: 111536531 heartbeat IPC: 1.395 cumulative IPC: 1.316 (Simulation time: 21 hr 01 min 36 sec)
Heartbeat CPU 0 instructions: 450000134 cycles: 111608236 heartbeat IPC: 4.105 cumulative IPC: 3.977 (Simulation time: 21 hr 02 min 22 sec)
Heartbeat CPU 22 instructions: 340000088 cycles: 111729415 heartbeat IPC: 2.764 cumulative IPC: 2.766 (Simulation time: 21 hr 03 min 42 sec)
Heartbeat CPU 18 instructions: 250000075 cycles: 112104198 heartbeat IPC: 1.896 cumulative IPC: 1.877 (Simulation time: 21 hr 07 min 42 sec)
Heartbeat CPU 3 instructions: 310000095 cycles: 112137909 heartbeat IPC: 2.522 cumulative IPC: 2.647 (Simulation time: 21 hr 08 min 04 sec)
Heartbeat CPU 13 instructions: 250000039 cycles: 112605473 heartbeat IPC: 1.825 cumulative IPC: 1.824 (Simulation time: 21 hr 12 min 48 sec)
Heartbeat CPU 24 instructions: 410000127 cycles: 112799025 heartbeat IPC: 3.466 cumulative IPC: 3.537 (Simulation time: 21 hr 14 min 43 sec)
Heartbeat CPU 10 instructions: 230000052 cycles: 113022514 heartbeat IPC: 1.645 cumulative IPC: 1.637 (Simulation time: 21 hr 16 min 57 sec)
Heartbeat CPU 14 instructions: 480000151 cycles: 113209920 heartbeat IPC: 3.637 cumulative IPC: 4.136 (Simulation time: 21 hr 18 min 52 sec)
Heartbeat CPU 17 instructions: 480000135 cycles: 113303310 heartbeat IPC: 3.637 cumulative IPC: 4.132 (Simulation time: 21 hr 19 min 49 sec)
Heartbeat CPU 7 instructions: 340000080 cycles: 113361512 heartbeat IPC: 2.852 cumulative IPC: 2.743 (Simulation time: 21 hr 20 min 24 sec)
Heartbeat CPU 29 instructions: 530000159 cycles: 113365031 heartbeat IPC: 4.643 cumulative IPC: 4.655 (Simulation time: 21 hr 20 min 26 sec)
Heartbeat CPU 5 instructions: 480000151 cycles: 113473153 heartbeat IPC: 3.545 cumulative IPC: 4.125 (Simulation time: 21 hr 21 min 31 sec)
Heartbeat CPU 28 instructions: 440000127 cycles: 113523496 heartbeat IPC: 4.127 cumulative IPC: 3.802 (Simulation time: 21 hr 22 min 02 sec)
Heartbeat CPU 1 instructions: 440000127 cycles: 113524842 heartbeat IPC: 4.126 cumulative IPC: 3.802 (Simulation time: 21 hr 22 min 02 sec)
Heartbeat CPU 4 instructions: 460000136 cycles: 113822004 heartbeat IPC: 3.317 cumulative IPC: 3.912 (Simulation time: 21 hr 25 min 03 sec)
Heartbeat CPU 9 instructions: 460000124 cycles: 113847232 heartbeat IPC: 3.314 cumulative IPC: 3.911 (Simulation time: 21 hr 25 min 18 sec)
Heartbeat CPU 30 instructions: 410000140 cycles: 113936239 heartbeat IPC: 3.493 cumulative IPC: 3.496 (Simulation time: 21 hr 26 min 12 sec)
Heartbeat CPU 0 instructions: 460000136 cycles: 114103699 heartbeat IPC: 4.007 cumulative IPC: 3.978 (Simulation time: 21 hr 27 min 54 sec)
Heartbeat CPU 11 instructions: 290000097 cycles: 114369930 heartbeat IPC: 2.011 cumulative IPC: 2.304 (Simulation time: 21 hr 30 min 36 sec)
Heartbeat CPU 20 instructions: 190000080 cycles: 114457402 heartbeat IPC: 1.285 cumulative IPC: 1.396 (Simulation time: 21 hr 31 min 28 sec)
Heartbeat CPU 31 instructions: 290000097 cycles: 114773036 heartbeat IPC: 1.987 cumulative IPC: 2.295 (Simulation time: 21 hr 34 min 42 sec)
Heartbeat CPU 22 instructions: 350000088 cycles: 115365726 heartbeat IPC: 2.75 cumulative IPC: 2.765 (Simulation time: 21 hr 40 min 38 sec)
Heartbeat CPU 29 instructions: 540000161 cycles: 115519324 heartbeat IPC: 4.642 cumulative IPC: 4.654 (Simulation time: 21 hr 42 min 12 sec)
Heartbeat CPU 24 instructions: 420000128 cycles: 115715605 heartbeat IPC: 3.429 cumulative IPC: 3.534 (Simulation time: 21 hr 44 min 11 sec)
Heartbeat CPU 26 instructions: 190000052 cycles: 115928969 heartbeat IPC: 1.221 cumulative IPC: 1.339 (Simulation time: 21 hr 46 min 21 sec)
Heartbeat CPU 3 instructions: 320000095 cycles: 115945155 heartbeat IPC: 2.627 cumulative IPC: 2.646 (Simulation time: 21 hr 46 min 31 sec)
Heartbeat CPU 28 instructions: 450000131 cycles: 116064060 heartbeat IPC: 3.936 cumulative IPC: 3.805 (Simulation time: 21 hr 47 min 42 sec)
Heartbeat CPU 1 instructions: 450000131 cycles: 116065311 heartbeat IPC: 3.936 cumulative IPC: 3.805 (Simulation time: 21 hr 47 min 43 sec)
Heartbeat CPU 23 instructions: 250000057 cycles: 116151247 heartbeat IPC: 1.86 cumulative IPC: 1.846 (Simulation time: 21 hr 48 min 33 sec)
Heartbeat CPU 16 instructions: 250000058 cycles: 116387820 heartbeat IPC: 1.878 cumulative IPC: 1.796 (Simulation time: 21 hr 50 min 54 sec)
Heartbeat CPU 0 instructions: 470000138 cycles: 116592515 heartbeat IPC: 4.018 cumulative IPC: 3.979 (Simulation time: 21 hr 52 min 56 sec)
Heartbeat CPU 7 instructions: 350000081 cycles: 116688551 heartbeat IPC: 3.006 cumulative IPC: 2.751 (Simulation time: 21 hr 53 min 53 sec)
Heartbeat CPU 30 instructions: 420000143 cycles: 116792716 heartbeat IPC: 3.501 cumulative IPC: 3.496 (Simulation time: 21 hr 54 min 54 sec)
Heartbeat CPU 27 instructions: 220000055 cycles: 116838028 heartbeat IPC: 1.462 cumulative IPC: 1.464 (Simulation time: 21 hr 55 min 21 sec)
Heartbeat CPU 14 instructions: 490000158 cycles: 116840524 heartbeat IPC: 2.754 cumulative IPC: 4.087 (Simulation time: 21 hr 55 min 22 sec)
Heartbeat CPU 17 instructions: 490000142 cycles: 116912420 heartbeat IPC: 2.771 cumulative IPC: 4.084 (Simulation time: 21 hr 56 min 04 sec)
Heartbeat CPU 4 instructions: 470000143 cycles: 117024240 heartbeat IPC: 3.123 cumulative IPC: 3.887 (Simulation time: 21 hr 57 min 09 sec)
Heartbeat CPU 9 instructions: 470000127 cycles: 117029404 heartbeat IPC: 3.143 cumulative IPC: 3.887 (Simulation time: 21 hr 57 min 12 sec)
Heartbeat CPU 12 instructions: 260000108 cycles: 117043089 heartbeat IPC: 1.558 cumulative IPC: 1.936 (Simulation time: 21 hr 57 min 20 sec)
Heartbeat CPU 5 instructions: 490000158 cycles: 117086310 heartbeat IPC: 2.768 cumulative IPC: 4.077 (Simulation time: 21 hr 57 min 46 sec)
Heartbeat CPU 18 instructions: 260000080 cycles: 117437013 heartbeat IPC: 1.875 cumulative IPC: 1.877 (Simulation time: 22 hr 01 min 11 sec)
Simulation finished CPU 12 instructions: 200000003 cycles: 103440463 cumulative IPC: 1.933 (Simulation time: 22 hr 03 min 03 sec)
Heartbeat CPU 29 instructions: 550000162 cycles: 117673091 heartbeat IPC: 4.643 cumulative IPC: 4.654 (Simulation time: 22 hr 03 min 29 sec)
Heartbeat CPU 13 instructions: 260000041 cycles: 118101984 heartbeat IPC: 1.819 cumulative IPC: 1.823 (Simulation time: 22 hr 07 min 41 sec)
Heartbeat CPU 25 instructions: 180000069 cycles: 118322573 heartbeat IPC: 1.045 cumulative IPC: 1.237 (Simulation time: 22 hr 09 min 51 sec)
Heartbeat CPU 28 instructions: 460000132 cycles: 118535007 heartbeat IPC: 4.047 cumulative IPC: 3.811 (Simulation time: 22 hr 11 min 54 sec)
Heartbeat CPU 1 instructions: 460000132 cycles: 118536294 heartbeat IPC: 4.047 cumulative IPC: 3.811 (Simulation time: 22 hr 11 min 55 sec)
Heartbeat CPU 24 instructions: 430000131 cycles: 118601362 heartbeat IPC: 3.465 cumulative IPC: 3.532 (Simulation time: 22 hr 12 min 32 sec)
Heartbeat CPU 8 instructions: 180000070 cycles: 118923109 heartbeat IPC: 1.196 cumulative IPC: 1.152 (Simulation time: 22 hr 15 min 38 sec)
Heartbeat CPU 21 instructions: 190000030 cycles: 118962702 heartbeat IPC: 1.218 cumulative IPC: 1.25 (Simulation time: 22 hr 16 min 01 sec)
Heartbeat CPU 22 instructions: 360000089 cycles: 118992944 heartbeat IPC: 2.757 cumulative IPC: 2.765 (Simulation time: 22 hr 16 min 19 sec)
Heartbeat CPU 6 instructions: 190000030 cycles: 119010237 heartbeat IPC: 1.216 cumulative IPC: 1.25 (Simulation time: 22 hr 16 min 29 sec)
Heartbeat CPU 0 instructions: 480000143 cycles: 119089637 heartbeat IPC: 4.005 cumulative IPC: 3.98 (Simulation time: 22 hr 17 min 15 sec)
Heartbeat CPU 10 instructions: 240000059 cycles: 119115677 heartbeat IPC: 1.641 cumulative IPC: 1.637 (Simulation time: 22 hr 17 min 30 sec)
Heartbeat CPU 11 instructions: 300000097 cycles: 119453419 heartbeat IPC: 1.967 cumulative IPC: 2.288 (Simulation time: 22 hr 20 min 45 sec)
Heartbeat CPU 3 instructions: 330000098 cycles: 119624966 heartbeat IPC: 2.718 cumulative IPC: 2.649 (Simulation time: 22 hr 22 min 26 sec)
Heartbeat CPU 30 instructions: 430000144 cycles: 119662624 heartbeat IPC: 3.484 cumulative IPC: 3.495 (Simulation time: 22 hr 22 min 47 sec)
Heartbeat CPU 31 instructions: 300000097 cycles: 119810577 heartbeat IPC: 1.985 cumulative IPC: 2.28 (Simulation time: 22 hr 24 min 12 sec)
Heartbeat CPU 29 instructions: 560000166 cycles: 119826479 heartbeat IPC: 4.644 cumulative IPC: 4.654 (Simulation time: 22 hr 24 min 21 sec)
Heartbeat CPU 14 instructions: 500000158 cycles: 119883183 heartbeat IPC: 3.287 cumulative IPC: 4.064 (Simulation time: 22 hr 24 min 54 sec)
Heartbeat CPU 17 instructions: 500000143 cycles: 119974178 heartbeat IPC: 3.266 cumulative IPC: 4.061 (Simulation time: 22 hr 25 min 46 sec)
Heartbeat CPU 4 instructions: 480000145 cycles: 120034454 heartbeat IPC: 3.322 cumulative IPC: 3.871 (Simulation time: 22 hr 26 min 22 sec)
Heartbeat CPU 9 instructions: 480000129 cycles: 120046260 heartbeat IPC: 3.315 cumulative IPC: 3.871 (Simulation time: 22 hr 26 min 28 sec)
Heartbeat CPU 7 instructions: 360000083 cycles: 120072697 heartbeat IPC: 2.955 cumulative IPC: 2.758 (Simulation time: 22 hr 26 min 44 sec)
Heartbeat CPU 5 instructions: 500000158 cycles: 120128927 heartbeat IPC: 3.287 cumulative IPC: 4.055 (Simulation time: 22 hr 27 min 17 sec)
Simulation finished CPU 18 instructions: 200000001 cycles: 106594924 cumulative IPC: 1.876 (Simulation time: 22 hr 33 min 38 sec)
Heartbeat CPU 28 instructions: 470000133 cycles: 121006510 heartbeat IPC: 4.046 cumulative IPC: 3.817 (Simulation time: 22 hr 35 min 49 sec)
Heartbeat CPU 1 instructions: 470000133 cycles: 121007838 heartbeat IPC: 4.046 cumulative IPC: 3.817 (Simulation time: 22 hr 35 min 50 sec)
Heartbeat CPU 24 instructions: 440000132 cycles: 121444666 heartbeat IPC: 3.517 cumulative IPC: 3.532 (Simulation time: 22 hr 40 min 10 sec)
Heartbeat CPU 23 instructions: 260000064 cycles: 121531674 heartbeat IPC: 1.859 cumulative IPC: 1.846 (Simulation time: 22 hr 41 min 03 sec)
Heartbeat CPU 15 instructions: 160000023 cycles: 121629556 heartbeat IPC: 0.7983 cumulative IPC: 0.937 (Simulation time: 22 hr 42 min 01 sec)
Heartbeat CPU 16 instructions: 260000058 cycles: 121678329 heartbeat IPC: 1.89 cumulative IPC: 1.801 (Simulation time: 22 hr 42 min 30 sec)
Heartbeat CPU 29 instructions: 570000170 cycles: 121977475 heartbeat IPC: 4.649 cumulative IPC: 4.654 (Simulation time: 22 hr 45 min 28 sec)
Heartbeat CPU 0 instructions: 490000146 cycles: 121996537 heartbeat IPC: 3.44 cumulative IPC: 3.965 (Simulation time: 22 hr 45 min 39 sec)
Heartbeat CPU 20 instructions: 200000086 cycles: 122288886 heartbeat IPC: 1.277 cumulative IPC: 1.388 (Simulation time: 22 hr 48 min 29 sec)
Heartbeat CPU 30 instructions: 440000149 cycles: 122385322 heartbeat IPC: 3.673 cumulative IPC: 3.5 (Simulation time: 22 hr 49 min 25 sec)
Simulation finished CPU 23 instructions: 200000001 cycles: 108310712 cumulative IPC: 1.847 (Simulation time: 22 hr 50 min 31 sec)
Heartbeat CPU 22 instructions: 370000093 cycles: 122604875 heartbeat IPC: 2.769 cumulative IPC: 2.765 (Simulation time: 22 hr 51 min 34 sec)
Heartbeat CPU 18 instructions: 270000085 cycles: 122753266 heartbeat IPC: 1.881 cumulative IPC: 1.877 (Simulation time: 22 hr 53 min 02 sec)
Heartbeat CPU 14 instructions: 510000158 cycles: 122753860 heartbeat IPC: 3.483 cumulative IPC: 4.049 (Simulation time: 22 hr 53 min 03 sec)
Heartbeat CPU 12 instructions: 270000112 cycles: 122809837 heartbeat IPC: 1.734 cumulative IPC: 1.925 (Simulation time: 22 hr 53 min 36 sec)
Heartbeat CPU 17 instructions: 510000147 cycles: 122838617 heartbeat IPC: 3.491 cumulative IPC: 4.046 (Simulation time: 22 hr 53 min 53 sec)
Heartbeat CPU 4 instructions: 490000151 cycles: 122976135 heartbeat IPC: 3.399 cumulative IPC: 3.858 (Simulation time: 22 hr 55 min 14 sec)
Heartbeat CPU 5 instructions: 510000158 cycles: 122981915 heartbeat IPC: 3.505 cumulative IPC: 4.04 (Simulation time: 22 hr 55 min 18 sec)
Heartbeat CPU 9 instructions: 490000135 cycles: 122987315 heartbeat IPC: 3.4 cumulative IPC: 3.858 (Simulation time: 22 hr 55 min 21 sec)
Heartbeat CPU 3 instructions: 340000100 cycles: 123399471 heartbeat IPC: 2.649 cumulative IPC: 2.649 (Simulation time: 22 hr 59 min 26 sec)
Heartbeat CPU 28 instructions: 480000135 cycles: 123481708 heartbeat IPC: 4.04 cumulative IPC: 3.822 (Simulation time: 23 hr 00 min 14 sec)
Heartbeat CPU 1 instructions: 480000135 cycles: 123483125 heartbeat IPC: 4.04 cumulative IPC: 3.822 (Simulation time: 23 hr 00 min 15 sec)
Heartbeat CPU 7 instructions: 370000083 cycles: 123516521 heartbeat IPC: 2.904 cumulative IPC: 2.763 (Simulation time: 23 hr 00 min 35 sec)
Heartbeat CPU 13 instructions: 270000041 cycles: 123572534 heartbeat IPC: 1.828 cumulative IPC: 1.824 (Simulation time: 23 hr 01 min 08 sec)
Heartbeat CPU 27 instructions: 230000056 cycles: 123642239 heartbeat IPC: 1.47 cumulative IPC: 1.464 (Simulation time: 23 hr 01 min 50 sec)
Simulation finished CPU 13 instructions: 200000005 cycles: 109663132 cumulative IPC: 1.824 (Simulation time: 23 hr 03 min 55 sec)
Heartbeat CPU 26 instructions: 200000056 cycles: 123865395 heartbeat IPC: 1.26 cumulative IPC: 1.333 (Simulation time: 23 hr 04 min 03 sec)
Heartbeat CPU 11 instructions: 310000098 cycles: 123990855 heartbeat IPC: 2.204 cumulative IPC: 2.284 (Simulation time: 23 hr 05 min 19 sec)
Heartbeat CPU 29 instructions: 580000174 cycles: 124126497 heartbeat IPC: 4.653 cumulative IPC: 4.654 (Simulation time: 23 hr 06 min 41 sec)
Heartbeat CPU 24 instructions: 450000138 cycles: 124286980 heartbeat IPC: 3.518 cumulative IPC: 3.531 (Simulation time: 23 hr 08 min 17 sec)
Heartbeat CPU 31 instructions: 310000098 cycles: 124338624 heartbeat IPC: 2.208 cumulative IPC: 2.277 (Simulation time: 23 hr 08 min 48 sec)
Heartbeat CPU 0 instructions: 500000151 cycles: 124689534 heartbeat IPC: 3.713 cumulative IPC: 3.959 (Simulation time: 23 hr 12 min 18 sec)
Heartbeat CPU 19 instructions: 200000052 cycles: 125002204 heartbeat IPC: 0.7426 cumulative IPC: 1.246 (Simulation time: 23 hr 15 min 24 sec)
Heartbeat CPU 2 instructions: 180000046 cycles: 125038115 heartbeat IPC: 0.7347 cumulative IPC: 1.099 (Simulation time: 23 hr 15 min 45 sec)
Simulation finished CPU 16 instructions: 200000000 cycles: 110902577 cumulative IPC: 1.803 (Simulation time: 23 hr 16 min 17 sec)
Heartbeat CPU 30 instructions: 450000152 cycles: 125100557 heartbeat IPC: 3.683 cumulative IPC: 3.504 (Simulation time: 23 hr 16 min 23 sec)
Heartbeat CPU 10 instructions: 250000059 cycles: 125187978 heartbeat IPC: 1.647 cumulative IPC: 1.638 (Simulation time: 23 hr 17 min 15 sec)
Heartbeat CPU 14 instructions: 520000162 cycles: 125787539 heartbeat IPC: 3.296 cumulative IPC: 4.028 (Simulation time: 23 hr 23 min 00 sec)
Heartbeat CPU 17 instructions: 520000150 cycles: 125855821 heartbeat IPC: 3.314 cumulative IPC: 4.026 (Simulation time: 23 hr 23 min 39 sec)
Heartbeat CPU 28 instructions: 490000140 cycles: 125880751 heartbeat IPC: 4.168 cumulative IPC: 3.829 (Simulation time: 23 hr 23 min 53 sec)
Heartbeat CPU 1 instructions: 490000140 cycles: 125882184 heartbeat IPC: 4.168 cumulative IPC: 3.829 (Simulation time: 23 hr 23 min 54 sec)
Heartbeat CPU 4 instructions: 500000155 cycles: 125947490 heartbeat IPC: 3.365 cumulative IPC: 3.845 (Simulation time: 23 hr 24 min 32 sec)
Heartbeat CPU 9 instructions: 500000135 cycles: 125967930 heartbeat IPC: 3.355 cumulative IPC: 3.844 (Simulation time: 23 hr 24 min 44 sec)
Heartbeat CPU 5 instructions: 520000162 cycles: 126074868 heartbeat IPC: 3.233 cumulative IPC: 4.018 (Simulation time: 23 hr 25 min 45 sec)
Heartbeat CPU 22 instructions: 380000093 cycles: 126234103 heartbeat IPC: 2.755 cumulative IPC: 2.765 (Simulation time: 23 hr 27 min 15 sec)
Heartbeat CPU 29 instructions: 590000177 cycles: 126274143 heartbeat IPC: 4.656 cumulative IPC: 4.654 (Simulation time: 23 hr 27 min 38 sec)
Heartbeat CPU 21 instructions: 200000034 cycles: 126668667 heartbeat IPC: 1.298 cumulative IPC: 1.253 (Simulation time: 23 hr 31 min 28 sec)
Heartbeat CPU 6 instructions: 200000034 cycles: 126709953 heartbeat IPC: 1.299 cumulative IPC: 1.254 (Simulation time: 23 hr 31 min 53 sec)
Heartbeat CPU 23 instructions: 270000071 cycles: 126914141 heartbeat IPC: 1.858 cumulative IPC: 1.847 (Simulation time: 23 hr 33 min 53 sec)
Heartbeat CPU 16 instructions: 270000058 cycles: 126976732 heartbeat IPC: 1.887 cumulative IPC: 1.805 (Simulation time: 23 hr 34 min 30 sec)
Heartbeat CPU 24 instructions: 460000143 cycles: 127081601 heartbeat IPC: 3.578 cumulative IPC: 3.532 (Simulation time: 23 hr 35 min 30 sec)
Heartbeat CPU 3 instructions: 350000100 cycles: 127157782 heartbeat IPC: 2.661 cumulative IPC: 2.649 (Simulation time: 23 hr 36 min 14 sec)
Heartbeat CPU 8 instructions: 190000071 cycles: 127180512 heartbeat IPC: 1.211 cumulative IPC: 1.157 (Simulation time: 23 hr 36 min 27 sec)
Heartbeat CPU 0 instructions: 510000157 cycles: 127305756 heartbeat IPC: 3.822 cumulative IPC: 3.956 (Simulation time: 23 hr 37 min 41 sec)
Heartbeat CPU 30 instructions: 460000159 cycles: 127821970 heartbeat IPC: 3.675 cumulative IPC: 3.508 (Simulation time: 23 hr 42 min 43 sec)
Heartbeat CPU 18 instructions: 280000086 cycles: 128061999 heartbeat IPC: 1.884 cumulative IPC: 1.877 (Simulation time: 23 hr 45 min 06 sec)
Heartbeat CPU 28 instructions: 500000144 cycles: 128304224 heartbeat IPC: 4.126 cumulative IPC: 3.835 (Simulation time: 23 hr 47 min 28 sec)
Heartbeat CPU 1 instructions: 500000144 cycles: 128305799 heartbeat IPC: 4.126 cumulative IPC: 3.835 (Simulation time: 23 hr 47 min 28 sec)
Heartbeat CPU 7 instructions: 380000083 cycles: 128399616 heartbeat IPC: 2.048 cumulative IPC: 2.732 (Simulation time: 23 hr 48 min 24 sec)
Heartbeat CPU 29 instructions: 600000183 cycles: 128424862 heartbeat IPC: 4.65 cumulative IPC: 4.654 (Simulation time: 23 hr 48 min 39 sec)
Heartbeat CPU 11 instructions: 320000100 cycles: 128632459 heartbeat IPC: 2.154 cumulative IPC: 2.279 (Simulation time: 23 hr 50 min 41 sec)
Heartbeat CPU 14 instructions: 530000165 cycles: 128808495 heartbeat IPC: 3.31 cumulative IPC: 4.009 (Simulation time: 23 hr 52 min 23 sec)
Heartbeat CPU 17 instructions: 530000157 cycles: 128873595 heartbeat IPC: 3.314 cumulative IPC: 4.007 (Simulation time: 23 hr 53 min 02 sec)
Heartbeat CPU 12 instructions: 280000114 cycles: 128934187 heartbeat IPC: 1.633 cumulative IPC: 1.91 (Simulation time: 23 hr 53 min 37 sec)
Heartbeat CPU 9 instructions: 510000142 cycles: 128984562 heartbeat IPC: 3.315 cumulative IPC: 3.83 (Simulation time: 23 hr 54 min 07 sec)
Heartbeat CPU 31 instructions: 320000100 cycles: 128986305 heartbeat IPC: 2.152 cumulative IPC: 2.272 (Simulation time: 23 hr 54 min 08 sec)
Heartbeat CPU 4 instructions: 510000156 cycles: 128988436 heartbeat IPC: 3.288 cumulative IPC: 3.83 (Simulation time: 23 hr 54 min 10 sec)
Heartbeat CPU 13 instructions: 280000041 cycles: 129074396 heartbeat IPC: 1.818 cumulative IPC: 1.823 (Simulation time: 23 hr 55 min 00 sec)
Heartbeat CPU 5 instructions: 530000165 cycles: 129086458 heartbeat IPC: 3.321 cumulative IPC: 4 (Simulation time: 23 hr 55 min 07 sec)
Heartbeat CPU 20 instructions: 210000088 cycles: 129591124 heartbeat IPC: 1.369 cumulative IPC: 1.386 (Simulation time: 00 hr 00 min 09 sec)
Heartbeat CPU 22 instructions: 390000099 cycles: 129855795 heartbeat IPC: 2.761 cumulative IPC: 2.765 (Simulation time: 00 hr 02 min 47 sec)
Heartbeat CPU 0 instructions: 520000157 cycles: 129862037 heartbeat IPC: 3.912 cumulative IPC: 3.955 (Simulation time: 00 hr 02 min 51 sec)
Heartbeat CPU 24 instructions: 470000148 cycles: 129910919 heartbeat IPC: 3.534 cumulative IPC: 3.532 (Simulation time: 00 hr 03 min 21 sec)
Heartbeat CPU 25 instructions: 190000069 cycles: 130313492 heartbeat IPC: 0.834 cumulative IPC: 1.196 (Simulation time: 00 hr 07 min 18 sec)
Heartbeat CPU 27 instructions: 240000056 cycles: 130472823 heartbeat IPC: 1.464 cumulative IPC: 1.464 (Simulation time: 00 hr 08 min 50 sec)
Heartbeat CPU 29 instructions: 610000183 cycles: 130575481 heartbeat IPC: 4.65 cumulative IPC: 4.654 (Simulation time: 00 hr 09 min 51 sec)
Heartbeat CPU 28 instructions: 510000148 cycles: 130702954 heartbeat IPC: 4.169 cumulative IPC: 3.842 (Simulation time: 00 hr 11 min 09 sec)
Heartbeat CPU 1 instructions: 510000148 cycles: 130704433 heartbeat IPC: 4.169 cumulative IPC: 3.842 (Simulation time: 00 hr 11 min 10 sec)
Heartbeat CPU 3 instructions: 360000107 cycles: 131133732 heartbeat IPC: 2.515 cumulative IPC: 2.645 (Simulation time: 00 hr 15 min 26 sec)
Heartbeat CPU 10 instructions: 260000065 cycles: 131384911 heartbeat IPC: 1.614 cumulative IPC: 1.636 (Simulation time: 00 hr 17 min 54 sec)
Heartbeat CPU 30 instructions: 470000161 cycles: 131935632 heartbeat IPC: 2.431 cumulative IPC: 3.471 (Simulation time: 00 hr 23 min 23 sec)
Heartbeat CPU 14 instructions: 540000166 cycles: 131994921 heartbeat IPC: 3.138 cumulative IPC: 3.986 (Simulation time: 00 hr 23 min 59 sec)
Heartbeat CPU 17 instructions: 540000158 cycles: 132050817 heartbeat IPC: 3.147 cumulative IPC: 3.984 (Simulation time: 00 hr 24 min 33 sec)
Heartbeat CPU 9 instructions: 520000143 cycles: 132141066 heartbeat IPC: 3.168 cumulative IPC: 3.813 (Simulation time: 00 hr 25 min 28 sec)
Heartbeat CPU 4 instructions: 520000160 cycles: 132150527 heartbeat IPC: 3.162 cumulative IPC: 3.812 (Simulation time: 00 hr 25 min 34 sec)
Heartbeat CPU 19 instructions: 210000055 cycles: 132219027 heartbeat IPC: 1.386 cumulative IPC: 1.255 (Simulation time: 00 hr 26 min 16 sec)
Heartbeat CPU 16 instructions: 280000060 cycles: 132272913 heartbeat IPC: 1.888 cumulative IPC: 1.809 (Simulation time: 00 hr 26 min 48 sec)
Heartbeat CPU 7 instructions: 390000086 cycles: 132281572 heartbeat IPC: 2.576 cumulative IPC: 2.727 (Simulation time: 00 hr 26 min 53 sec)
Heartbeat CPU 5 instructions: 540000166 cycles: 132287725 heartbeat IPC: 3.124 cumulative IPC: 3.976 (Simulation time: 00 hr 26 min 57 sec)
Heartbeat CPU 23 instructions: 280000071 cycles: 132378694 heartbeat IPC: 1.83 cumulative IPC: 1.846 (Simulation time: 00 hr 27 min 50 sec)
Heartbeat CPU 0 instructions: 530000159 cycles: 132502449 heartbeat IPC: 3.787 cumulative IPC: 3.951 (Simulation time: 00 hr 29 min 03 sec)
Heartbeat CPU 29 instructions: 620000187 cycles: 132730578 heartbeat IPC: 4.64 cumulative IPC: 4.653 (Simulation time: 00 hr 31 min 18 sec)
Heartbeat CPU 24 instructions: 480000148 cycles: 132734500 heartbeat IPC: 3.542 cumulative IPC: 3.533 (Simulation time: 00 hr 31 min 20 sec)
Heartbeat CPU 11 instructions: 330000103 cycles: 132936938 heartbeat IPC: 2.323 cumulative IPC: 2.281 (Simulation time: 00 hr 33 min 22 sec)
Heartbeat CPU 28 instructions: 520000148 cycles: 133087063 heartbeat IPC: 4.194 cumulative IPC: 3.849 (Simulation time: 00 hr 34 min 50 sec)
Heartbeat CPU 1 instructions: 520000148 cycles: 133088661 heartbeat IPC: 4.194 cumulative IPC: 3.849 (Simulation time: 00 hr 34 min 51 sec)
Heartbeat CPU 31 instructions: 330000103 cycles: 133257994 heartbeat IPC: 2.341 cumulative IPC: 2.274 (Simulation time: 00 hr 36 min 32 sec)
Heartbeat CPU 18 instructions: 290000089 cycles: 133413205 heartbeat IPC: 1.869 cumulative IPC: 1.877 (Simulation time: 00 hr 38 min 05 sec)
Heartbeat CPU 26 instructions: 210000056 cycles: 133470798 heartbeat IPC: 1.041 cumulative IPC: 1.31 (Simulation time: 00 hr 38 min 40 sec)
Heartbeat CPU 22 instructions: 400000101 cycles: 133496450 heartbeat IPC: 2.747 cumulative IPC: 2.764 (Simulation time: 00 hr 38 min 55 sec)
Heartbeat CPU 2 instructions: 190000047 cycles: 133857620 heartbeat IPC: 1.134 cumulative IPC: 1.102 (Simulation time: 00 hr 42 min 33 sec)
Heartbeat CPU 15 instructions: 170000030 cycles: 133973061 heartbeat IPC: 0.8101 cumulative IPC: 0.924 (Simulation time: 00 hr 43 min 41 sec)
Heartbeat CPU 21 instructions: 210000034 cycles: 134345325 heartbeat IPC: 1.303 cumulative IPC: 1.257 (Simulation time: 00 hr 47 min 24 sec)
Heartbeat CPU 6 instructions: 210000034 cycles: 134378703 heartbeat IPC: 1.304 cumulative IPC: 1.257 (Simulation time: 00 hr 47 min 44 sec)
Heartbeat CPU 13 instructions: 290000041 cycles: 134539907 heartbeat IPC: 1.83 cumulative IPC: 1.824 (Simulation time: 00 hr 49 min 21 sec)
Heartbeat CPU 3 instructions: 370000111 cycles: 134806737 heartbeat IPC: 2.723 cumulative IPC: 2.647 (Simulation time: 00 hr 52 min 03 sec)
Heartbeat CPU 29 instructions: 630000191 cycles: 134889496 heartbeat IPC: 4.632 cumulative IPC: 4.653 (Simulation time: 00 hr 52 min 53 sec)
Heartbeat CPU 14 instructions: 550000166 cycles: 135053823 heartbeat IPC: 3.269 cumulative IPC: 3.968 (Simulation time: 00 hr 54 min 29 sec)
Heartbeat CPU 0 instructions: 540000160 cycles: 135103534 heartbeat IPC: 3.845 cumulative IPC: 3.949 (Simulation time: 00 hr 54 min 58 sec)
Heartbeat CPU 17 instructions: 550000163 cycles: 135113516 heartbeat IPC: 3.265 cumulative IPC: 3.966 (Simulation time: 00 hr 55 min 04 sec)
Heartbeat CPU 30 instructions: 480000164 cycles: 135172930 heartbeat IPC: 3.089 cumulative IPC: 3.461 (Simulation time: 00 hr 55 min 39 sec)
Heartbeat CPU 4 instructions: 530000163 cycles: 135262777 heartbeat IPC: 3.213 cumulative IPC: 3.797 (Simulation time: 00 hr 56 min 31 sec)
Heartbeat CPU 9 instructions: 530000143 cycles: 135271233 heartbeat IPC: 3.195 cumulative IPC: 3.797 (Simulation time: 00 hr 56 min 36 sec)
Heartbeat CPU 5 instructions: 550000166 cycles: 135347431 heartbeat IPC: 3.268 cumulative IPC: 3.958 (Simulation time: 00 hr 57 min 20 sec)
Heartbeat CPU 24 instructions: 490000153 cycles: 135582177 heartbeat IPC: 3.512 cumulative IPC: 3.532 (Simulation time: 00 hr 59 min 34 sec)
Heartbeat CPU 7 instructions: 400000086 cycles: 135737645 heartbeat IPC: 2.893 cumulative IPC: 2.732 (Simulation time: 01 hr 01 min 03 sec)
Heartbeat CPU 28 instructions: 530000155 cycles: 135762781 heartbeat IPC: 3.737 cumulative IPC: 3.847 (Simulation time: 01 hr 01 min 18 sec)
Heartbeat CPU 1 instructions: 530000155 cycles: 135764330 heartbeat IPC: 3.737 cumulative IPC: 3.847 (Simulation time: 01 hr 01 min 19 sec)
Heartbeat CPU 12 instructions: 290000119 cycles: 136022406 heartbeat IPC: 1.411 cumulative IPC: 1.88 (Simulation time: 01 hr 03 min 46 sec)
Simulation finished CPU 10 instructions: 200000003 cycles: 122326733 cumulative IPC: 1.635 (Simulation time: 01 hr 08 min 30 sec)
Heartbeat CPU 29 instructions: 640000198 cycles: 137049862 heartbeat IPC: 4.629 cumulative IPC: 4.653 (Simulation time: 01 hr 13 min 44 sec)
Heartbeat CPU 22 instructions: 410000103 cycles: 137144032 heartbeat IPC: 2.742 cumulative IPC: 2.763 (Simulation time: 01 hr 14 min 38 sec)
Heartbeat CPU 27 instructions: 250000059 cycles: 137354835 heartbeat IPC: 1.453 cumulative IPC: 1.464 (Simulation time: 01 hr 16 min 42 sec)
Heartbeat CPU 16 instructions: 290000060 cycles: 137569047 heartbeat IPC: 1.888 cumulative IPC: 1.812 (Simulation time: 01 hr 18 min 47 sec)
Heartbeat CPU 0 instructions: 550000166 cycles: 137647102 heartbeat IPC: 3.931 cumulative IPC: 3.948 (Simulation time: 01 hr 19 min 33 sec)
Heartbeat CPU 10 instructions: 270000066 cycles: 137671850 heartbeat IPC: 1.591 cumulative IPC: 1.634 (Simulation time: 01 hr 19 min 48 sec)
Heartbeat CPU 23 instructions: 290000071 cycles: 137801941 heartbeat IPC: 1.844 cumulative IPC: 1.846 (Simulation time: 01 hr 21 min 06 sec)
Heartbeat CPU 20 instructions: 220000090 cycles: 137932587 heartbeat IPC: 1.199 cumulative IPC: 1.374 (Simulation time: 01 hr 22 min 24 sec)
Heartbeat CPU 30 instructions: 490000166 cycles: 138054800 heartbeat IPC: 3.47 cumulative IPC: 3.461 (Simulation time: 01 hr 23 min 37 sec)
Heartbeat CPU 14 instructions: 560000171 cycles: 138247191 heartbeat IPC: 3.131 cumulative IPC: 3.946 (Simulation time: 01 hr 25 min 33 sec)
Heartbeat CPU 17 instructions: 560000163 cycles: 138341538 heartbeat IPC: 3.098 cumulative IPC: 3.943 (Simulation time: 01 hr 26 min 29 sec)
Heartbeat CPU 9 instructions: 540000143 cycles: 138360329 heartbeat IPC: 3.237 cumulative IPC: 3.783 (Simulation time: 01 hr 26 min 40 sec)
Heartbeat CPU 4 instructions: 540000169 cycles: 138375766 heartbeat IPC: 3.212 cumulative IPC: 3.782 (Simulation time: 01 hr 26 min 48 sec)
Heartbeat CPU 24 instructions: 500000156 cycles: 138411220 heartbeat IPC: 3.535 cumulative IPC: 3.532 (Simulation time: 01 hr 27 min 09 sec)
Heartbeat CPU 28 instructions: 540000160 cycles: 138479305 heartbeat IPC: 3.681 cumulative IPC: 3.843 (Simulation time: 01 hr 27 min 47 sec)
Heartbeat CPU 1 instructions: 540000160 cycles: 138480857 heartbeat IPC: 3.681 cumulative IPC: 3.843 (Simulation time: 01 hr 27 min 48 sec)
Heartbeat CPU 5 instructions: 560000169 cycles: 138558296 heartbeat IPC: 3.114 cumulative IPC: 3.936 (Simulation time: 01 hr 28 min 34 sec)
Heartbeat CPU 11 instructions: 340000104 cycles: 138582991 heartbeat IPC: 1.771 cumulative IPC: 2.257 (Simulation time: 01 hr 28 min 49 sec)
Heartbeat CPU 3 instructions: 380000111 cycles: 138602718 heartbeat IPC: 2.634 cumulative IPC: 2.647 (Simulation time: 01 hr 29 min 00 sec)
Heartbeat CPU 18 instructions: 300000089 cycles: 138731658 heartbeat IPC: 1.88 cumulative IPC: 1.877 (Simulation time: 01 hr 30 min 15 sec)
Heartbeat CPU 31 instructions: 340000104 cycles: 138935259 heartbeat IPC: 1.761 cumulative IPC: 2.251 (Simulation time: 01 hr 32 min 16 sec)
Heartbeat CPU 8 instructions: 200000076 cycles: 139038787 heartbeat IPC: 0.8433 cumulative IPC: 1.127 (Simulation time: 01 hr 33 min 18 sec)
Heartbeat CPU 7 instructions: 410000087 cycles: 139124125 heartbeat IPC: 2.953 cumulative IPC: 2.738 (Simulation time: 01 hr 34 min 10 sec)
Heartbeat CPU 29 instructions: 650000198 cycles: 139202084 heartbeat IPC: 4.646 cumulative IPC: 4.652 (Simulation time: 01 hr 34 min 57 sec)
Heartbeat CPU 19 instructions: 220000055 cycles: 139434382 heartbeat IPC: 1.386 cumulative IPC: 1.262 (Simulation time: 01 hr 37 min 15 sec)
Heartbeat CPU 13 instructions: 300000041 cycles: 140048809 heartbeat IPC: 1.815 cumulative IPC: 1.823 (Simulation time: 01 hr 43 min 17 sec)
Heartbeat CPU 0 instructions: 560000172 cycles: 140380923 heartbeat IPC: 3.658 cumulative IPC: 3.942 (Simulation time: 01 hr 46 min 35 sec)
Heartbeat CPU 22 instructions: 420000105 cycles: 140771881 heartbeat IPC: 2.756 cumulative IPC: 2.763 (Simulation time: 01 hr 50 min 29 sec)
Heartbeat CPU 30 instructions: 500000170 cycles: 140941401 heartbeat IPC: 3.464 cumulative IPC: 3.461 (Simulation time: 01 hr 52 min 11 sec)
Heartbeat CPU 24 instructions: 510000158 cycles: 141238553 heartbeat IPC: 3.537 cumulative IPC: 3.532 (Simulation time: 01 hr 55 min 10 sec)
Heartbeat CPU 28 instructions: 550000161 cycles: 141244273 heartbeat IPC: 3.617 cumulative IPC: 3.838 (Simulation time: 01 hr 55 min 14 sec)
Heartbeat CPU 1 instructions: 550000161 cycles: 141245888 heartbeat IPC: 3.617 cumulative IPC: 3.838 (Simulation time: 01 hr 55 min 15 sec)
Heartbeat CPU 14 instructions: 570000171 cycles: 141295978 heartbeat IPC: 3.28 cumulative IPC: 3.93 (Simulation time: 01 hr 55 min 45 sec)
Heartbeat CPU 29 instructions: 660000203 cycles: 141354444 heartbeat IPC: 4.646 cumulative IPC: 4.652 (Simulation time: 01 hr 56 min 20 sec)
Heartbeat CPU 17 instructions: 570000163 cycles: 141393924 heartbeat IPC: 3.276 cumulative IPC: 3.927 (Simulation time: 01 hr 56 min 45 sec)
Heartbeat CPU 9 instructions: 550000148 cycles: 141436058 heartbeat IPC: 3.251 cumulative IPC: 3.77 (Simulation time: 01 hr 57 min 10 sec)
Heartbeat CPU 4 instructions: 550000172 cycles: 141490158 heartbeat IPC: 3.211 cumulative IPC: 3.768 (Simulation time: 01 hr 57 min 42 sec)
Heartbeat CPU 5 instructions: 570000171 cycles: 141598406 heartbeat IPC: 3.289 cumulative IPC: 3.921 (Simulation time: 01 hr 58 min 47 sec)
Heartbeat CPU 21 instructions: 220000034 cycles: 141759437 heartbeat IPC: 1.349 cumulative IPC: 1.262 (Simulation time: 02 hr 00 min 23 sec)
Heartbeat CPU 6 instructions: 220000034 cycles: 141795090 heartbeat IPC: 1.348 cumulative IPC: 1.262 (Simulation time: 02 hr 00 min 44 sec)
Heartbeat CPU 25 instructions: 200000069 cycles: 141798260 heartbeat IPC: 0.8707 cumulative IPC: 1.166 (Simulation time: 02 hr 00 min 46 sec)
Heartbeat CPU 11 instructions: 350000106 cycles: 142368363 heartbeat IPC: 2.642 cumulative IPC: 2.269 (Simulation time: 02 hr 06 min 26 sec)
Heartbeat CPU 3 instructions: 390000112 cycles: 142439671 heartbeat IPC: 2.606 cumulative IPC: 2.645 (Simulation time: 02 hr 07 min 08 sec)
Heartbeat CPU 7 instructions: 420000092 cycles: 142449356 heartbeat IPC: 3.007 cumulative IPC: 2.745 (Simulation time: 02 hr 07 min 13 sec)
Heartbeat CPU 12 instructions: 300000126 cycles: 142659523 heartbeat IPC: 1.507 cumulative IPC: 1.861 (Simulation time: 02 hr 09 min 15 sec)
Heartbeat CPU 31 instructions: 350000106 cycles: 142797285 heartbeat IPC: 2.589 cumulative IPC: 2.261 (Simulation time: 02 hr 10 min 35 sec)
Heartbeat CPU 26 instructions: 220000061 cycles: 142807674 heartbeat IPC: 1.071 cumulative IPC: 1.293 (Simulation time: 02 hr 10 min 41 sec)
Heartbeat CPU 16 instructions: 300000063 cycles: 142879912 heartbeat IPC: 1.883 cumulative IPC: 1.815 (Simulation time: 02 hr 11 min 23 sec)
Heartbeat CPU 0 instructions: 570000172 cycles: 142957260 heartbeat IPC: 3.881 cumulative IPC: 3.941 (Simulation time: 02 hr 12 min 07 sec)
Heartbeat CPU 15 instructions: 180000032 cycles: 142990779 heartbeat IPC: 1.109 cumulative IPC: 0.9369 (Simulation time: 02 hr 12 min 26 sec)
Heartbeat CPU 23 instructions: 300000072 cycles: 143201435 heartbeat IPC: 1.852 cumulative IPC: 1.846 (Simulation time: 02 hr 14 min 26 sec)
Heartbeat CPU 2 instructions: 200000052 cycles: 143223839 heartbeat IPC: 1.068 cumulative IPC: 1.099 (Simulation time: 02 hr 14 min 39 sec)
Heartbeat CPU 29 instructions: 670000209 cycles: 143514211 heartbeat IPC: 4.63 cumulative IPC: 4.652 (Simulation time: 02 hr 17 min 25 sec)
Heartbeat CPU 10 instructions: 280000066 cycles: 143815781 heartbeat IPC: 1.628 cumulative IPC: 1.634 (Simulation time: 02 hr 20 min 20 sec)
Heartbeat CPU 30 instructions: 510000173 cycles: 143842400 heartbeat IPC: 3.447 cumulative IPC: 3.461 (Simulation time: 02 hr 20 min 36 sec)
Heartbeat CPU 28 instructions: 560000164 cycles: 143917961 heartbeat IPC: 3.74 cumulative IPC: 3.836 (Simulation time: 02 hr 21 min 20 sec)
Heartbeat CPU 1 instructions: 560000164 cycles: 143919497 heartbeat IPC: 3.74 cumulative IPC: 3.836 (Simulation time: 02 hr 21 min 21 sec)
Heartbeat CPU 18 instructions: 310000094 cycles: 144025919 heartbeat IPC: 1.889 cumulative IPC: 1.877 (Simulation time: 02 hr 22 min 22 sec)
Heartbeat CPU 24 instructions: 520000164 cycles: 144076486 heartbeat IPC: 3.524 cumulative IPC: 3.532 (Simulation time: 02 hr 22 min 51 sec)
Heartbeat CPU 27 instructions: 260000062 cycles: 144218009 heartbeat IPC: 1.457 cumulative IPC: 1.463 (Simulation time: 02 hr 24 min 12 sec)
Heartbeat CPU 22 instructions: 430000106 cycles: 144407801 heartbeat IPC: 2.75 cumulative IPC: 2.763 (Simulation time: 02 hr 26 min 00 sec)
Heartbeat CPU 14 instructions: 580000174 cycles: 144590807 heartbeat IPC: 3.035 cumulative IPC: 3.908 (Simulation time: 02 hr 27 min 47 sec)
Heartbeat CPU 17 instructions: 580000169 cycles: 144682525 heartbeat IPC: 3.041 cumulative IPC: 3.905 (Simulation time: 02 hr 28 min 40 sec)
Heartbeat CPU 5 instructions: 580000174 cycles: 144871360 heartbeat IPC: 3.055 cumulative IPC: 3.899 (Simulation time: 02 hr 30 min 30 sec)
Heartbeat CPU 13 instructions: 310000042 cycles: 145505527 heartbeat IPC: 1.833 cumulative IPC: 1.824 (Simulation time: 02 hr 36 min 37 sec)
Heartbeat CPU 0 instructions: 580000177 cycles: 145532736 heartbeat IPC: 3.883 cumulative IPC: 3.94 (Simulation time: 02 hr 36 min 52 sec)
Heartbeat CPU 29 instructions: 680000215 cycles: 145672030 heartbeat IPC: 4.634 cumulative IPC: 4.652 (Simulation time: 02 hr 38 min 09 sec)
Heartbeat CPU 3 instructions: 400000117 cycles: 146221864 heartbeat IPC: 2.644 cumulative IPC: 2.645 (Simulation time: 02 hr 43 min 23 sec)
Heartbeat CPU 20 instructions: 230000091 cycles: 146379809 heartbeat IPC: 1.184 cumulative IPC: 1.362 (Simulation time: 02 hr 44 min 57 sec)
Heartbeat CPU 28 instructions: 570000170 cycles: 146488995 heartbeat IPC: 3.889 cumulative IPC: 3.837 (Simulation time: 02 hr 46 min 03 sec)
Heartbeat CPU 1 instructions: 570000170 cycles: 146490584 heartbeat IPC: 3.889 cumulative IPC: 3.837 (Simulation time: 02 hr 46 min 04 sec)
Heartbeat CPU 19 instructions: 230000055 cycles: 146620910 heartbeat IPC: 1.391 cumulative IPC: 1.269 (Simulation time: 02 hr 47 min 22 sec)
Heartbeat CPU 30 instructions: 520000178 cycles: 146748259 heartbeat IPC: 3.441 cumulative IPC: 3.46 (Simulation time: 02 hr 48 min 41 sec)
Heartbeat CPU 24 instructions: 530000167 cycles: 146921203 heartbeat IPC: 3.515 cumulative IPC: 3.532 (Simulation time: 02 hr 50 min 29 sec)
Heartbeat CPU 7 instructions: 430000094 cycles: 146929131 heartbeat IPC: 2.232 cumulative IPC: 2.727 (Simulation time: 02 hr 50 min 34 sec)
Heartbeat CPU 11 instructions: 360000113 cycles: 147593642 heartbeat IPC: 1.914 cumulative IPC: 2.255 (Simulation time: 02 hr 57 min 25 sec)
Heartbeat CPU 4 instructions: 560000176 cycles: 147680696 heartbeat IPC: 1.615 cumulative IPC: 3.669 (Simulation time: 02 hr 58 min 17 sec)
Heartbeat CPU 9 instructions: 560000150 cycles: 147687624 heartbeat IPC: 1.6 cumulative IPC: 3.668 (Simulation time: 02 hr 58 min 21 sec)
Heartbeat CPU 14 instructions: 590000177 cycles: 147738788 heartbeat IPC: 3.177 cumulative IPC: 3.89 (Simulation time: 02 hr 58 min 53 sec)
Heartbeat CPU 17 instructions: 590000173 cycles: 147806856 heartbeat IPC: 3.201 cumulative IPC: 3.888 (Simulation time: 02 hr 59 min 35 sec)
Heartbeat CPU 29 instructions: 690000221 cycles: 147820907 heartbeat IPC: 4.654 cumulative IPC: 4.652 (Simulation time: 02 hr 59 min 44 sec)
Heartbeat CPU 31 instructions: 360000113 cycles: 147988346 heartbeat IPC: 1.926 cumulative IPC: 2.248 (Simulation time: 03 hr 01 min 26 sec)
Heartbeat CPU 5 instructions: 590000177 cycles: 148029412 heartbeat IPC: 3.167 cumulative IPC: 3.882 (Simulation time: 03 hr 01 min 52 sec)
Heartbeat CPU 22 instructions: 440000108 cycles: 148032249 heartbeat IPC: 2.759 cumulative IPC: 2.763 (Simulation time: 03 hr 01 min 53 sec)
Heartbeat CPU 21 instructions: 230000034 cycles: 148041122 heartbeat IPC: 1.592 cumulative IPC: 1.277 (Simulation time: 03 hr 01 min 59 sec)
Heartbeat CPU 6 instructions: 230000034 cycles: 148064345 heartbeat IPC: 1.595 cumulative IPC: 1.278 (Simulation time: 03 hr 02 min 13 sec)
Heartbeat CPU 16 instructions: 310000067 cycles: 148195242 heartbeat IPC: 1.881 cumulative IPC: 1.818 (Simulation time: 03 hr 03 min 35 sec)
Heartbeat CPU 0 instructions: 590000182 cycles: 148340758 heartbeat IPC: 3.561 cumulative IPC: 3.932 (Simulation time: 03 hr 05 min 04 sec)
Heartbeat CPU 23 instructions: 310000076 cycles: 148569827 heartbeat IPC: 1.863 cumulative IPC: 1.847 (Simulation time: 03 hr 07 min 24 sec)
Heartbeat CPU 28 instructions: 580000177 cycles: 149167060 heartbeat IPC: 3.734 cumulative IPC: 3.835 (Simulation time: 03 hr 13 min 33 sec)
Heartbeat CPU 1 instructions: 580000177 cycles: 149168691 heartbeat IPC: 3.734 cumulative IPC: 3.835 (Simulation time: 03 hr 13 min 34 sec)
Heartbeat CPU 12 instructions: 310000126 cycles: 149181049 heartbeat IPC: 1.533 cumulative IPC: 1.845 (Simulation time: 03 hr 13 min 42 sec)
Heartbeat CPU 18 instructions: 320000101 cycles: 149353643 heartbeat IPC: 1.877 cumulative IPC: 1.877 (Simulation time: 03 hr 15 min 30 sec)
Heartbeat CPU 24 instructions: 540000169 cycles: 149749747 heartbeat IPC: 3.535 cumulative IPC: 3.532 (Simulation time: 03 hr 19 min 33 sec)
Heartbeat CPU 30 instructions: 530000183 cycles: 149783738 heartbeat IPC: 3.294 cumulative IPC: 3.456 (Simulation time: 03 hr 19 min 53 sec)
Heartbeat CPU 3 instructions: 410000120 cycles: 149824526 heartbeat IPC: 2.776 cumulative IPC: 2.649 (Simulation time: 03 hr 20 min 17 sec)
Heartbeat CPU 10 instructions: 290000067 cycles: 149933324 heartbeat IPC: 1.635 cumulative IPC: 1.634 (Simulation time: 03 hr 21 min 22 sec)
Heartbeat CPU 29 instructions: 700000224 cycles: 149972107 heartbeat IPC: 4.649 cumulative IPC: 4.652 (Simulation time: 03 hr 21 min 46 sec)
Heartbeat CPU 4 instructions: 570000179 cycles: 150285741 heartbeat IPC: 3.839 cumulative IPC: 3.672 (Simulation time: 03 hr 25 min 00 sec)
Heartbeat CPU 9 instructions: 570000152 cycles: 150293141 heartbeat IPC: 3.838 cumulative IPC: 3.672 (Simulation time: 03 hr 25 min 04 sec)
Heartbeat CPU 8 instructions: 210000079 cycles: 150641287 heartbeat IPC: 0.8619 cumulative IPC: 1.104 (Simulation time: 03 hr 28 min 40 sec)
Heartbeat CPU 14 instructions: 600000181 cycles: 150673170 heartbeat IPC: 3.408 cumulative IPC: 3.88 (Simulation time: 03 hr 29 min 01 sec)
Heartbeat CPU 17 instructions: 600000173 cycles: 150762139 heartbeat IPC: 3.384 cumulative IPC: 3.877 (Simulation time: 03 hr 29 min 56 sec)
Heartbeat CPU 0 instructions: 600000183 cycles: 150808008 heartbeat IPC: 4.053 cumulative IPC: 3.934 (Simulation time: 03 hr 30 min 25 sec)
Simulation finished CPU 27 instructions: 200000007 cycles: 136691686 cumulative IPC: 1.463 (Simulation time: 03 hr 31 min 11 sec)
Heartbeat CPU 5 instructions: 600000179 cycles: 150943311 heartbeat IPC: 3.432 cumulative IPC: 3.872 (Simulation time: 03 hr 31 min 51 sec)
Heartbeat CPU 7 instructions: 440000097 cycles: 150988376 heartbeat IPC: 2.464 cumulative IPC: 2.719 (Simulation time: 03 hr 32 min 19 sec)
Heartbeat CPU 13 instructions: 320000042 cycles: 151002853 heartbeat IPC: 1.819 cumulative IPC: 1.824 (Simulation time: 03 hr 32 min 28 sec)
Heartbeat CPU 27 instructions: 270000062 cycles: 151059756 heartbeat IPC: 1.462 cumulative IPC: 1.463 (Simulation time: 03 hr 33 min 04 sec)
Heartbeat CPU 25 instructions: 210000071 cycles: 151146470 heartbeat IPC: 1.07 cumulative IPC: 1.16 (Simulation time: 03 hr 33 min 59 sec)
Heartbeat CPU 26 instructions: 230000064 cycles: 151255199 heartbeat IPC: 1.184 cumulative IPC: 1.286 (Simulation time: 03 hr 35 min 06 sec)
Heartbeat CPU 15 instructions: 190000037 cycles: 151581713 heartbeat IPC: 1.164 cumulative IPC: 0.9511 (Simulation time: 03 hr 38 min 30 sec)
Heartbeat CPU 22 instructions: 450000108 cycles: 151660385 heartbeat IPC: 2.756 cumulative IPC: 2.763 (Simulation time: 03 hr 39 min 19 sec)
Heartbeat CPU 28 instructions: 590000182 cycles: 151795322 heartbeat IPC: 3.805 cumulative IPC: 3.835 (Simulation time: 03 hr 40 min 41 sec)
Heartbeat CPU 1 instructions: 590000182 cycles: 151796936 heartbeat IPC: 3.805 cumulative IPC: 3.835 (Simulation time: 03 hr 40 min 42 sec)
Heartbeat CPU 29 instructions: 710000225 cycles: 152121799 heartbeat IPC: 4.652 cumulative IPC: 4.652 (Simulation time: 03 hr 44 min 01 sec)
Heartbeat CPU 11 instructions: 370000116 cycles: 152181993 heartbeat IPC: 2.179 cumulative IPC: 2.252 (Simulation time: 03 hr 44 min 38 sec)
Heartbeat CPU 31 instructions: 370000116 cycles: 152498307 heartbeat IPC: 2.217 cumulative IPC: 2.247 (Simulation time: 03 hr 47 min 48 sec)
Heartbeat CPU 24 instructions: 550000169 cycles: 152560287 heartbeat IPC: 3.558 cumulative IPC: 3.532 (Simulation time: 03 hr 48 min 25 sec)
Heartbeat CPU 30 instructions: 540000186 cycles: 152843476 heartbeat IPC: 3.268 cumulative IPC: 3.452 (Simulation time: 03 hr 51 min 17 sec)
Heartbeat CPU 0 instructions: 610000186 cycles: 153320814 heartbeat IPC: 3.98 cumulative IPC: 3.935 (Simulation time: 03 hr 56 min 01 sec)
Heartbeat CPU 16 instructions: 320000070 cycles: 153475266 heartbeat IPC: 1.894 cumulative IPC: 1.821 (Simulation time: 03 hr 57 min 33 sec)
Heartbeat CPU 20 instructions: 240000092 cycles: 153489751 heartbeat IPC: 1.406 cumulative IPC: 1.364 (Simulation time: 03 hr 57 min 41 sec)
Heartbeat CPU 3 instructions: 420000126 cycles: 153520366 heartbeat IPC: 2.706 cumulative IPC: 2.65 (Simulation time: 03 hr 58 min 00 sec)
Heartbeat CPU 14 instructions: 610000186 cycles: 153632767 heartbeat IPC: 3.379 cumulative IPC: 3.869 (Simulation time: 03 hr 59 min 08 sec)
Heartbeat CPU 4 instructions: 580000179 cycles: 153640577 heartbeat IPC: 2.981 cumulative IPC: 3.655 (Simulation time: 03 hr 59 min 13 sec)
Heartbeat CPU 9 instructions: 580000159 cycles: 153680863 heartbeat IPC: 2.952 cumulative IPC: 3.654 (Simulation time: 03 hr 59 min 38 sec)
Heartbeat CPU 17 instructions: 610000178 cycles: 153717710 heartbeat IPC: 3.383 cumulative IPC: 3.867 (Simulation time: 04 hr 00 min 01 sec)
Heartbeat CPU 19 instructions: 240000056 cycles: 153810645 heartbeat IPC: 1.391 cumulative IPC: 1.276 (Simulation time: 04 hr 00 min 58 sec)
Heartbeat CPU 5 instructions: 610000186 cycles: 153913623 heartbeat IPC: 3.367 cumulative IPC: 3.862 (Simulation time: 04 hr 01 min 58 sec)
Heartbeat CPU 23 instructions: 320000078 cycles: 153941272 heartbeat IPC: 1.862 cumulative IPC: 1.847 (Simulation time: 04 hr 02 min 15 sec)
Heartbeat CPU 29 instructions: 720000230 cycles: 154268088 heartbeat IPC: 4.659 cumulative IPC: 4.652 (Simulation time: 04 hr 05 min 31 sec)
Heartbeat CPU 21 instructions: 240000035 cycles: 154517844 heartbeat IPC: 1.544 cumulative IPC: 1.29 (Simulation time: 04 hr 08 min 02 sec)
Heartbeat CPU 6 instructions: 240000035 cycles: 154526152 heartbeat IPC: 1.548 cumulative IPC: 1.29 (Simulation time: 04 hr 08 min 08 sec)
Heartbeat CPU 28 instructions: 600000182 cycles: 154644303 heartbeat IPC: 3.51 cumulative IPC: 3.828 (Simulation time: 04 hr 09 min 20 sec)
Heartbeat CPU 1 instructions: 600000182 cycles: 154645948 heartbeat IPC: 3.51 cumulative IPC: 3.828 (Simulation time: 04 hr 09 min 21 sec)
Heartbeat CPU 18 instructions: 330000107 cycles: 154650943 heartbeat IPC: 1.888 cumulative IPC: 1.878 (Simulation time: 04 hr 09 min 24 sec)
Heartbeat CPU 12 instructions: 320000131 cycles: 155194809 heartbeat IPC: 1.663 cumulative IPC: 1.838 (Simulation time: 04 hr 14 min 56 sec)
Heartbeat CPU 22 instructions: 460000110 cycles: 155278270 heartbeat IPC: 2.764 cumulative IPC: 2.763 (Simulation time: 04 hr 15 min 46 sec)
Heartbeat CPU 24 instructions: 560000175 cycles: 155406760 heartbeat IPC: 3.513 cumulative IPC: 3.532 (Simulation time: 04 hr 17 min 04 sec)
Heartbeat CPU 0 instructions: 620000192 cycles: 155769373 heartbeat IPC: 4.084 cumulative IPC: 3.937 (Simulation time: 04 hr 20 min 44 sec)
Heartbeat CPU 25 instructions: 220000077 cycles: 155790525 heartbeat IPC: 2.153 cumulative IPC: 1.192 (Simulation time: 04 hr 20 min 57 sec)
Heartbeat CPU 30 instructions: 550000188 cycles: 155889122 heartbeat IPC: 3.283 cumulative IPC: 3.449 (Simulation time: 04 hr 21 min 56 sec)
Heartbeat CPU 10 instructions: 300000072 cycles: 156033823 heartbeat IPC: 1.639 cumulative IPC: 1.634 (Simulation time: 04 hr 23 min 26 sec)
Heartbeat CPU 29 instructions: 730000231 cycles: 156415441 heartbeat IPC: 4.657 cumulative IPC: 4.652 (Simulation time: 04 hr 27 min 22 sec)
Heartbeat CPU 13 instructions: 330000043 cycles: 156458921 heartbeat IPC: 1.833 cumulative IPC: 1.824 (Simulation time: 04 hr 27 min 48 sec)
Heartbeat CPU 11 instructions: 380000118 cycles: 156614763 heartbeat IPC: 2.256 cumulative IPC: 2.252 (Simulation time: 04 hr 29 min 22 sec)
Heartbeat CPU 14 instructions: 620000189 cycles: 156678537 heartbeat IPC: 3.283 cumulative IPC: 3.857 (Simulation time: 04 hr 30 min 01 sec)
Heartbeat CPU 4 instructions: 590000183 cycles: 156701076 heartbeat IPC: 3.267 cumulative IPC: 3.647 (Simulation time: 04 hr 30 min 15 sec)
Heartbeat CPU 9 instructions: 590000159 cycles: 156740030 heartbeat IPC: 3.269 cumulative IPC: 3.646 (Simulation time: 04 hr 30 min 39 sec)
Heartbeat CPU 17 instructions: 620000181 cycles: 156779935 heartbeat IPC: 3.266 cumulative IPC: 3.854 (Simulation time: 04 hr 31 min 04 sec)
Heartbeat CPU 7 instructions: 450000102 cycles: 156905480 heartbeat IPC: 1.69 cumulative IPC: 2.677 (Simulation time: 04 hr 32 min 21 sec)
Heartbeat CPU 31 instructions: 380000118 cycles: 156909143 heartbeat IPC: 2.267 cumulative IPC: 2.248 (Simulation time: 04 hr 32 min 23 sec)
Heartbeat CPU 5 instructions: 620000189 cycles: 156983870 heartbeat IPC: 3.257 cumulative IPC: 3.849 (Simulation time: 04 hr 33 min 09 sec)
Heartbeat CPU 3 instructions: 430000127 cycles: 157272369 heartbeat IPC: 2.665 cumulative IPC: 2.651 (Simulation time: 04 hr 36 min 09 sec)
Heartbeat CPU 28 instructions: 610000187 cycles: 157336979 heartbeat IPC: 3.714 cumulative IPC: 3.826 (Simulation time: 04 hr 36 min 48 sec)
Heartbeat CPU 1 instructions: 610000187 cycles: 157338721 heartbeat IPC: 3.714 cumulative IPC: 3.826 (Simulation time: 04 hr 36 min 49 sec)
Heartbeat CPU 2 instructions: 210000052 cycles: 157359007 heartbeat IPC: 0.7075 cumulative IPC: 1.061 (Simulation time: 04 hr 37 min 02 sec)
Heartbeat CPU 27 instructions: 280000067 cycles: 157919161 heartbeat IPC: 1.458 cumulative IPC: 1.463 (Simulation time: 04 hr 42 min 42 sec)
Heartbeat CPU 24 instructions: 570000176 cycles: 158232752 heartbeat IPC: 3.539 cumulative IPC: 3.532 (Simulation time: 04 hr 45 min 53 sec)
Heartbeat CPU 0 instructions: 630000195 cycles: 158469343 heartbeat IPC: 3.704 cumulative IPC: 3.933 (Simulation time: 04 hr 48 min 17 sec)
Heartbeat CPU 29 instructions: 740000231 cycles: 158564762 heartbeat IPC: 4.653 cumulative IPC: 4.652 (Simulation time: 04 hr 49 min 15 sec)
Heartbeat CPU 16 instructions: 330000072 cycles: 158788287 heartbeat IPC: 1.882 cumulative IPC: 1.823 (Simulation time: 04 hr 51 min 32 sec)
Heartbeat CPU 8 instructions: 220000086 cycles: 158894535 heartbeat IPC: 1.212 cumulative IPC: 1.111 (Simulation time: 04 hr 52 min 35 sec)
Heartbeat CPU 22 instructions: 470000111 cycles: 158900364 heartbeat IPC: 2.761 cumulative IPC: 2.763 (Simulation time: 04 hr 52 min 38 sec)
Heartbeat CPU 30 instructions: 560000194 cycles: 158931932 heartbeat IPC: 3.286 cumulative IPC: 3.445 (Simulation time: 04 hr 52 min 57 sec)
Heartbeat CPU 26 instructions: 240000066 cycles: 159192496 heartbeat IPC: 1.26 cumulative IPC: 1.284 (Simulation time: 04 hr 55 min 38 sec)
Heartbeat CPU 23 instructions: 330000078 cycles: 159364950 heartbeat IPC: 1.844 cumulative IPC: 1.847 (Simulation time: 04 hr 57 min 27 sec)
Heartbeat CPU 14 instructions: 630000196 cycles: 159640232 heartbeat IPC: 3.376 cumulative IPC: 3.847 (Simulation time: 05 hr 00 min 18 sec)
Heartbeat CPU 4 instructions: 600000184 cycles: 159692476 heartbeat IPC: 3.343 cumulative IPC: 3.641 (Simulation time: 05 hr 00 min 50 sec)
Heartbeat CPU 9 instructions: 600000163 cycles: 159721506 heartbeat IPC: 3.354 cumulative IPC: 3.64 (Simulation time: 05 hr 01 min 07 sec)
Heartbeat CPU 17 instructions: 630000188 cycles: 159728346 heartbeat IPC: 3.392 cumulative IPC: 3.845 (Simulation time: 05 hr 01 min 12 sec)
Heartbeat CPU 28 instructions: 620000188 cycles: 159924669 heartbeat IPC: 3.864 cumulative IPC: 3.827 (Simulation time: 05 hr 03 min 09 sec)
Heartbeat CPU 1 instructions: 620000188 cycles: 159926455 heartbeat IPC: 3.864 cumulative IPC: 3.827 (Simulation time: 05 hr 03 min 11 sec)
Heartbeat CPU 5 instructions: 630000196 cycles: 159957928 heartbeat IPC: 3.362 cumulative IPC: 3.839 (Simulation time: 05 hr 03 min 29 sec)
Heartbeat CPU 18 instructions: 340000109 cycles: 159976672 heartbeat IPC: 1.878 cumulative IPC: 1.878 (Simulation time: 05 hr 03 min 40 sec)
Heartbeat CPU 25 instructions: 230000081 cycles: 160078047 heartbeat IPC: 2.332 cumulative IPC: 1.226 (Simulation time: 05 hr 04 min 41 sec)
Heartbeat CPU 15 instructions: 200000041 cycles: 160288353 heartbeat IPC: 1.149 cumulative IPC: 0.9629 (Simulation time: 05 hr 06 min 47 sec)
Heartbeat CPU 7 instructions: 460000103 cycles: 160294152 heartbeat IPC: 2.951 cumulative IPC: 2.683 (Simulation time: 05 hr 06 min 51 sec)
Heartbeat CPU 29 instructions: 750000236 cycles: 160714008 heartbeat IPC: 4.653 cumulative IPC: 4.652 (Simulation time: 05 hr 11 min 05 sec)
Simulation finished CPU 20 instructions: 200000000 cycles: 146601005 cumulative IPC: 1.364 (Simulation time: 05 hr 11 min 50 sec)
Heartbeat CPU 20 instructions: 250000094 cycles: 160789267 heartbeat IPC: 1.37 cumulative IPC: 1.364 (Simulation time: 05 hr 11 min 50 sec)
Heartbeat CPU 19 instructions: 250000058 cycles: 160926000 heartbeat IPC: 1.405 cumulative IPC: 1.282 (Simulation time: 05 hr 13 min 12 sec)
Heartbeat CPU 24 instructions: 580000180 cycles: 161061073 heartbeat IPC: 3.536 cumulative IPC: 3.532 (Simulation time: 05 hr 14 min 33 sec)
Heartbeat CPU 11 instructions: 390000119 cycles: 161134551 heartbeat IPC: 2.212 cumulative IPC: 2.251 (Simulation time: 05 hr 15 min 16 sec)
Heartbeat CPU 12 instructions: 330000135 cycles: 161165605 heartbeat IPC: 1.675 cumulative IPC: 1.831 (Simulation time: 05 hr 15 min 34 sec)
Heartbeat CPU 3 instructions: 440000127 cycles: 161180432 heartbeat IPC: 2.559 cumulative IPC: 2.648 (Simulation time: 05 hr 15 min 43 sec)
Heartbeat CPU 0 instructions: 640000196 cycles: 161184087 heartbeat IPC: 3.684 cumulative IPC: 3.928 (Simulation time: 05 hr 15 min 45 sec)
Heartbeat CPU 31 instructions: 390000119 cycles: 161300347 heartbeat IPC: 2.277 cumulative IPC: 2.249 (Simulation time: 05 hr 16 min 55 sec)
Heartbeat CPU 13 instructions: 340000044 cycles: 161948845 heartbeat IPC: 1.822 cumulative IPC: 1.824 (Simulation time: 05 hr 23 min 34 sec)
Heartbeat CPU 30 instructions: 570000194 cycles: 161983918 heartbeat IPC: 3.277 cumulative IPC: 3.442 (Simulation time: 05 hr 23 min 56 sec)
Heartbeat CPU 10 instructions: 310000073 cycles: 162128165 heartbeat IPC: 1.641 cumulative IPC: 1.634 (Simulation time: 05 hr 25 min 23 sec)
Heartbeat CPU 22 instructions: 480000113 cycles: 162520678 heartbeat IPC: 2.762 cumulative IPC: 2.763 (Simulation time: 05 hr 29 min 21 sec)
Heartbeat CPU 14 instructions: 640000196 cycles: 162653364 heartbeat IPC: 3.319 cumulative IPC: 3.836 (Simulation time: 05 hr 30 min 42 sec)
Heartbeat CPU 4 instructions: 610000191 cycles: 162725859 heartbeat IPC: 3.297 cumulative IPC: 3.634 (Simulation time: 05 hr 31 min 27 sec)
Heartbeat CPU 9 instructions: 610000163 cycles: 162746685 heartbeat IPC: 3.306 cumulative IPC: 3.633 (Simulation time: 05 hr 31 min 39 sec)
Heartbeat CPU 17 instructions: 640000188 cycles: 162749062 heartbeat IPC: 3.31 cumulative IPC: 3.834 (Simulation time: 05 hr 31 min 41 sec)
Heartbeat CPU 28 instructions: 630000193 cycles: 162846600 heartbeat IPC: 3.422 cumulative IPC: 3.819 (Simulation time: 05 hr 32 min 42 sec)
Heartbeat CPU 1 instructions: 630000193 cycles: 162848410 heartbeat IPC: 3.422 cumulative IPC: 3.819 (Simulation time: 05 hr 32 min 43 sec)
Heartbeat CPU 29 instructions: 760000236 cycles: 162863626 heartbeat IPC: 4.652 cumulative IPC: 4.652 (Simulation time: 05 hr 32 min 53 sec)
Heartbeat CPU 5 instructions: 640000196 cycles: 162992539 heartbeat IPC: 3.295 cumulative IPC: 3.828 (Simulation time: 05 hr 34 min 11 sec)
Heartbeat CPU 0 instructions: 650000198 cycles: 163690889 heartbeat IPC: 3.989 cumulative IPC: 3.929 (Simulation time: 05 hr 41 min 19 sec)
Heartbeat CPU 7 instructions: 470000109 cycles: 163745246 heartbeat IPC: 2.898 cumulative IPC: 2.688 (Simulation time: 05 hr 41 min 53 sec)
Heartbeat CPU 24 instructions: 590000184 cycles: 163883109 heartbeat IPC: 3.544 cumulative IPC: 3.532 (Simulation time: 05 hr 43 min 18 sec)
Heartbeat CPU 16 instructions: 340000072 cycles: 164081916 heartbeat IPC: 1.889 cumulative IPC: 1.825 (Simulation time: 05 hr 45 min 20 sec)
Heartbeat CPU 6 instructions: 250000035 cycles: 164256251 heartbeat IPC: 1.028 cumulative IPC: 1.273 (Simulation time: 05 hr 47 min 06 sec)
Heartbeat CPU 21 instructions: 250000035 cycles: 164280735 heartbeat IPC: 1.024 cumulative IPC: 1.272 (Simulation time: 05 hr 47 min 21 sec)
Heartbeat CPU 25 instructions: 240000081 cycles: 164572957 heartbeat IPC: 2.225 cumulative IPC: 1.256 (Simulation time: 05 hr 50 min 14 sec)
Heartbeat CPU 27 instructions: 290000070 cycles: 164786049 heartbeat IPC: 1.456 cumulative IPC: 1.463 (Simulation time: 05 hr 52 min 23 sec)
Heartbeat CPU 23 instructions: 340000080 cycles: 164811944 heartbeat IPC: 1.836 cumulative IPC: 1.847 (Simulation time: 05 hr 52 min 39 sec)
Heartbeat CPU 3 instructions: 450000130 cycles: 164827145 heartbeat IPC: 2.742 cumulative IPC: 2.65 (Simulation time: 05 hr 52 min 48 sec)
Heartbeat CPU 29 instructions: 770000236 cycles: 165013630 heartbeat IPC: 4.651 cumulative IPC: 4.652 (Simulation time: 05 hr 54 min 41 sec)
Heartbeat CPU 30 instructions: 580000199 cycles: 165031389 heartbeat IPC: 3.281 cumulative IPC: 3.439 (Simulation time: 05 hr 54 min 51 sec)
Heartbeat CPU 18 instructions: 350000112 cycles: 165258488 heartbeat IPC: 1.893 cumulative IPC: 1.878 (Simulation time: 05 hr 57 min 06 sec)
Heartbeat CPU 28 instructions: 640000196 cycles: 165468844 heartbeat IPC: 3.814 cumulative IPC: 3.819 (Simulation time: 05 hr 59 min 12 sec)
Heartbeat CPU 1 instructions: 640000196 cycles: 165470645 heartbeat IPC: 3.814 cumulative IPC: 3.819 (Simulation time: 05 hr 59 min 13 sec)
Heartbeat CPU 14 instructions: 650000197 cycles: 165663045 heartbeat IPC: 3.323 cumulative IPC: 3.826 (Simulation time: 06 hr 01 min 07 sec)
Heartbeat CPU 4 instructions: 620000195 cycles: 165718579 heartbeat IPC: 3.341 cumulative IPC: 3.628 (Simulation time: 06 hr 01 min 41 sec)
Heartbeat CPU 11 instructions: 400000125 cycles: 165722094 heartbeat IPC: 2.18 cumulative IPC: 2.249 (Simulation time: 06 hr 01 min 43 sec)
Heartbeat CPU 9 instructions: 620000163 cycles: 165723102 heartbeat IPC: 3.36 cumulative IPC: 3.628 (Simulation time: 06 hr 01 min 44 sec)
Heartbeat CPU 17 instructions: 650000191 cycles: 165743759 heartbeat IPC: 3.339 cumulative IPC: 3.824 (Simulation time: 06 hr 01 min 56 sec)
Heartbeat CPU 31 instructions: 400000125 cycles: 165781162 heartbeat IPC: 2.232 cumulative IPC: 2.248 (Simulation time: 06 hr 02 min 19 sec)
Heartbeat CPU 5 instructions: 650000197 cycles: 165989556 heartbeat IPC: 3.337 cumulative IPC: 3.818 (Simulation time: 06 hr 04 min 27 sec)
Heartbeat CPU 22 instructions: 490000115 cycles: 166138662 heartbeat IPC: 2.764 cumulative IPC: 2.763 (Simulation time: 06 hr 05 min 59 sec)
Heartbeat CPU 0 instructions: 660000198 cycles: 166375717 heartbeat IPC: 3.725 cumulative IPC: 3.926 (Simulation time: 06 hr 08 min 24 sec)
Heartbeat CPU 24 instructions: 600000185 cycles: 166709216 heartbeat IPC: 3.538 cumulative IPC: 3.533 (Simulation time: 06 hr 11 min 51 sec)
Heartbeat CPU 26 instructions: 250000067 cycles: 166835182 heartbeat IPC: 1.308 cumulative IPC: 1.286 (Simulation time: 06 hr 13 min 06 sec)
Heartbeat CPU 2 instructions: 220000052 cycles: 166852534 heartbeat IPC: 1.053 cumulative IPC: 1.06 (Simulation time: 06 hr 13 min 17 sec)
Heartbeat CPU 29 instructions: 780000237 cycles: 167162430 heartbeat IPC: 4.654 cumulative IPC: 4.652 (Simulation time: 06 hr 16 min 25 sec)
Heartbeat CPU 12 instructions: 340000137 cycles: 167168966 heartbeat IPC: 1.666 cumulative IPC: 1.824 (Simulation time: 06 hr 16 min 29 sec)
Heartbeat CPU 8 instructions: 230000092 cycles: 167184845 heartbeat IPC: 1.206 cumulative IPC: 1.116 (Simulation time: 06 hr 16 min 39 sec)
Heartbeat CPU 7 instructions: 480000113 cycles: 167321639 heartbeat IPC: 2.796 cumulative IPC: 2.691 (Simulation time: 06 hr 18 min 03 sec)
Heartbeat CPU 13 instructions: 350000045 cycles: 167399519 heartbeat IPC: 1.835 cumulative IPC: 1.824 (Simulation time: 06 hr 18 min 50 sec)
Heartbeat CPU 28 instructions: 650000200 cycles: 168060308 heartbeat IPC: 3.859 cumulative IPC: 3.819 (Simulation time: 06 hr 25 min 32 sec)
Heartbeat CPU 1 instructions: 650000200 cycles: 168062100 heartbeat IPC: 3.859 cumulative IPC: 3.819 (Simulation time: 06 hr 25 min 33 sec)
Heartbeat CPU 30 instructions: 590000205 cycles: 168087302 heartbeat IPC: 3.272 cumulative IPC: 3.435 (Simulation time: 06 hr 25 min 49 sec)
Heartbeat CPU 19 instructions: 260000060 cycles: 168107002 heartbeat IPC: 1.393 cumulative IPC: 1.287 (Simulation time: 06 hr 26 min 00 sec)
Heartbeat CPU 20 instructions: 260000094 cycles: 168166774 heartbeat IPC: 1.355 cumulative IPC: 1.364 (Simulation time: 06 hr 26 min 36 sec)
Heartbeat CPU 10 instructions: 320000077 cycles: 168237876 heartbeat IPC: 1.637 cumulative IPC: 1.634 (Simulation time: 06 hr 27 min 20 sec)
Heartbeat CPU 14 instructions: 660000204 cycles: 168605661 heartbeat IPC: 3.398 cumulative IPC: 3.818 (Simulation time: 06 hr 31 min 06 sec)
Heartbeat CPU 9 instructions: 630000165 cycles: 168684201 heartbeat IPC: 3.377 cumulative IPC: 3.623 (Simulation time: 06 hr 31 min 55 sec)
Heartbeat CPU 4 instructions: 630000199 cycles: 168692508 heartbeat IPC: 3.363 cumulative IPC: 3.623 (Simulation time: 06 hr 32 min 00 sec)
Heartbeat CPU 17 instructions: 660000196 cycles: 168692995 heartbeat IPC: 3.391 cumulative IPC: 3.816 (Simulation time: 06 hr 32 min 00 sec)
Heartbeat CPU 15 instructions: 210000042 cycles: 168798713 heartbeat IPC: 1.175 cumulative IPC: 0.9746 (Simulation time: 06 hr 33 min 05 sec)
Heartbeat CPU 3 instructions: 460000133 cycles: 168816431 heartbeat IPC: 2.507 cumulative IPC: 2.647 (Simulation time: 06 hr 33 min 16 sec)
Heartbeat CPU 5 instructions: 660000204 cycles: 168910467 heartbeat IPC: 3.424 cumulative IPC: 3.81 (Simulation time: 06 hr 34 min 13 sec)
Heartbeat CPU 0 instructions: 670000199 cycles: 168996211 heartbeat IPC: 3.816 cumulative IPC: 3.924 (Simulation time: 06 hr 35 min 04 sec)
Heartbeat CPU 25 instructions: 250000082 cycles: 169241257 heartbeat IPC: 2.142 cumulative IPC: 1.282 (Simulation time: 06 hr 37 min 27 sec)
Heartbeat CPU 29 instructions: 790000238 cycles: 169311707 heartbeat IPC: 4.653 cumulative IPC: 4.652 (Simulation time: 06 hr 38 min 10 sec)
Simulation finished CPU 26 instructions: 200000001 cycles: 155173976 cumulative IPC: 1.289 (Simulation time: 06 hr 38 min 40 sec)
Heartbeat CPU 16 instructions: 350000076 cycles: 169387868 heartbeat IPC: 1.885 cumulative IPC: 1.827 (Simulation time: 06 hr 38 min 55 sec)
Simulation finished CPU 19 instructions: 200000000 cycles: 155293739 cumulative IPC: 1.288 (Simulation time: 06 hr 39 min 53 sec)
Heartbeat CPU 24 instructions: 610000187 cycles: 169589899 heartbeat IPC: 3.471 cumulative IPC: 3.531 (Simulation time: 06 hr 40 min 59 sec)
Heartbeat CPU 22 instructions: 500000117 cycles: 169759831 heartbeat IPC: 2.762 cumulative IPC: 2.763 (Simulation time: 06 hr 42 min 43 sec)
Simulation finished CPU 25 instructions: 200000000 cycles: 155628431 cumulative IPC: 1.285 (Simulation time: 06 hr 43 min 17 sec)
Heartbeat CPU 23 instructions: 350000087 cycles: 170207541 heartbeat IPC: 1.853 cumulative IPC: 1.847 (Simulation time: 06 hr 47 min 10 sec)
Heartbeat CPU 11 instructions: 410000127 cycles: 170304925 heartbeat IPC: 2.182 cumulative IPC: 2.247 (Simulation time: 06 hr 48 min 08 sec)
Heartbeat CPU 31 instructions: 410000125 cycles: 170365026 heartbeat IPC: 2.182 cumulative IPC: 2.246 (Simulation time: 06 hr 48 min 44 sec)
Heartbeat CPU 18 instructions: 360000112 cycles: 170594920 heartbeat IPC: 1.874 cumulative IPC: 1.878 (Simulation time: 06 hr 51 min 02 sec)
Heartbeat CPU 28 instructions: 660000201 cycles: 170737589 heartbeat IPC: 3.735 cumulative IPC: 3.818 (Simulation time: 06 hr 52 min 25 sec)
Heartbeat CPU 1 instructions: 660000201 cycles: 170739358 heartbeat IPC: 3.735 cumulative IPC: 3.818 (Simulation time: 06 hr 52 min 26 sec)
Heartbeat CPU 30 instructions: 600000205 cycles: 171154587 heartbeat IPC: 3.26 cumulative IPC: 3.432 (Simulation time: 06 hr 56 min 20 sec)
Heartbeat CPU 29 instructions: 800000238 cycles: 171464462 heartbeat IPC: 4.645 cumulative IPC: 4.652 (Simulation time: 06 hr 59 min 10 sec)
Heartbeat CPU 0 instructions: 680000202 cycles: 171574655 heartbeat IPC: 3.878 cumulative IPC: 3.923 (Simulation time: 07 hr 00 min 09 sec)
Heartbeat CPU 27 instructions: 300000072 cycles: 171676428 heartbeat IPC: 1.451 cumulative IPC: 1.462 (Simulation time: 07 hr 01 min 04 sec)
Heartbeat CPU 9 instructions: 640000168 cycles: 171747748 heartbeat IPC: 3.264 cumulative IPC: 3.616 (Simulation time: 07 hr 01 min 43 sec)
Heartbeat CPU 4 instructions: 640000200 cycles: 171856385 heartbeat IPC: 3.161 cumulative IPC: 3.613 (Simulation time: 07 hr 02 min 43 sec)
Heartbeat CPU 24 instructions: 620000187 cycles: 172451267 heartbeat IPC: 3.495 cumulative IPC: 3.531 (Simulation time: 07 hr 08 min 05 sec)
Simulation finished CPU 6 instructions: 200000004 cycles: 158373775 cumulative IPC: 1.263 (Simulation time: 07 hr 09 min 06 sec)
Simulation finished CPU 21 instructions: 200000002 cycles: 158438731 cumulative IPC: 1.262 (Simulation time: 07 hr 09 min 41 sec)
Heartbeat CPU 13 instructions: 360000045 cycles: 172892799 heartbeat IPC: 1.82 cumulative IPC: 1.824 (Simulation time: 07 hr 12 min 08 sec)
Heartbeat CPU 28 instructions: 670000206 cycles: 173353825 heartbeat IPC: 3.822 cumulative IPC: 3.818 (Simulation time: 07 hr 16 min 17 sec)
Heartbeat CPU 1 instructions: 670000206 cycles: 173355443 heartbeat IPC: 3.823 cumulative IPC: 3.818 (Simulation time: 07 hr 16 min 18 sec)
Heartbeat CPU 6 instructions: 260000037 cycles: 173402276 heartbeat IPC: 1.093 cumulative IPC: 1.263 (Simulation time: 07 hr 16 min 43 sec)
Heartbeat CPU 21 instructions: 260000037 cycles: 173404265 heartbeat IPC: 1.096 cumulative IPC: 1.262 (Simulation time: 07 hr 16 min 44 sec)
Heartbeat CPU 22 instructions: 510000117 cycles: 173405308 heartbeat IPC: 2.743 cumulative IPC: 2.762 (Simulation time: 07 hr 16 min 45 sec)
Heartbeat CPU 29 instructions: 810000239 cycles: 173624346 heartbeat IPC: 4.63 cumulative IPC: 4.652 (Simulation time: 07 hr 18 min 45 sec)
Heartbeat CPU 25 instructions: 260000083 cycles: 174030765 heartbeat IPC: 2.088 cumulative IPC: 1.307 (Simulation time: 07 hr 22 min 27 sec)
Heartbeat CPU 0 instructions: 690000209 cycles: 174208845 heartbeat IPC: 3.796 cumulative IPC: 3.921 (Simulation time: 07 hr 24 min 04 sec)
Heartbeat CPU 30 instructions: 610000206 cycles: 174244024 heartbeat IPC: 3.237 cumulative IPC: 3.428 (Simulation time: 07 hr 24 min 24 sec)
Heartbeat CPU 12 instructions: 350000138 cycles: 174303646 heartbeat IPC: 1.402 cumulative IPC: 1.806 (Simulation time: 07 hr 24 min 56 sec)
Heartbeat CPU 10 instructions: 330000080 cycles: 174468602 heartbeat IPC: 1.605 cumulative IPC: 1.633 (Simulation time: 07 hr 26 min 27 sec)
Heartbeat CPU 16 instructions: 360000079 cycles: 174731164 heartbeat IPC: 1.872 cumulative IPC: 1.829 (Simulation time: 07 hr 28 min 53 sec)
Heartbeat CPU 26 instructions: 260000068 cycles: 175074648 heartbeat IPC: 1.214 cumulative IPC: 1.282 (Simulation time: 07 hr 32 min 03 sec)
Heartbeat CPU 24 instructions: 630000187 cycles: 175338068 heartbeat IPC: 3.464 cumulative IPC: 3.53 (Simulation time: 07 hr 34 min 27 sec)
Heartbeat CPU 8 instructions: 240000099 cycles: 175539170 heartbeat IPC: 1.197 cumulative IPC: 1.12 (Simulation time: 07 hr 36 min 18 sec)
Heartbeat CPU 9 instructions: 650000175 cycles: 175552655 heartbeat IPC: 2.628 cumulative IPC: 3.593 (Simulation time: 07 hr 36 min 25 sec)
Heartbeat CPU 23 instructions: 360000087 cycles: 175554055 heartbeat IPC: 1.87 cumulative IPC: 1.848 (Simulation time: 07 hr 36 min 26 sec)
Heartbeat CPU 4 instructions: 650000202 cycles: 175651574 heartbeat IPC: 2.635 cumulative IPC: 3.59 (Simulation time: 07 hr 37 min 18 sec)
Heartbeat CPU 29 instructions: 820000245 cycles: 175785177 heartbeat IPC: 4.628 cumulative IPC: 4.651 (Simulation time: 07 hr 38 min 31 sec)
Heartbeat CPU 18 instructions: 370000115 cycles: 175914595 heartbeat IPC: 1.88 cumulative IPC: 1.878 (Simulation time: 07 hr 39 min 45 sec)
Heartbeat CPU 28 instructions: 680000210 cycles: 175924307 heartbeat IPC: 3.89 cumulative IPC: 3.819 (Simulation time: 07 hr 39 min 50 sec)
Heartbeat CPU 1 instructions: 680000210 cycles: 175925869 heartbeat IPC: 3.89 cumulative IPC: 3.819 (Simulation time: 07 hr 39 min 51 sec)
Heartbeat CPU 14 instructions: 670000207 cycles: 176012902 heartbeat IPC: 1.35 cumulative IPC: 3.705 (Simulation time: 07 hr 40 min 42 sec)
Heartbeat CPU 17 instructions: 670000199 cycles: 176110008 heartbeat IPC: 1.348 cumulative IPC: 3.703 (Simulation time: 07 hr 41 min 38 sec)
Heartbeat CPU 5 instructions: 670000207 cycles: 176348491 heartbeat IPC: 1.344 cumulative IPC: 3.697 (Simulation time: 07 hr 44 min 01 sec)
Heartbeat CPU 31 instructions: 420000125 cycles: 176460101 heartbeat IPC: 1.641 cumulative IPC: 2.224 (Simulation time: 07 hr 45 min 07 sec)
Heartbeat CPU 11 instructions: 420000128 cycles: 176464411 heartbeat IPC: 1.624 cumulative IPC: 2.223 (Simulation time: 07 hr 45 min 10 sec)
Heartbeat CPU 2 instructions: 230000052 cycles: 176478704 heartbeat IPC: 1.039 cumulative IPC: 1.059 (Simulation time: 07 hr 45 min 18 sec)
Heartbeat CPU 20 instructions: 270000100 cycles: 176499837 heartbeat IPC: 1.2 cumulative IPC: 1.355 (Simulation time: 07 hr 45 min 30 sec)
Heartbeat CPU 0 instructions: 700000209 cycles: 176783573 heartbeat IPC: 3.884 cumulative IPC: 3.921 (Simulation time: 07 hr 48 min 20 sec)
Heartbeat CPU 22 instructions: 520000124 cycles: 177070156 heartbeat IPC: 2.729 cumulative IPC: 2.761 (Simulation time: 07 hr 51 min 14 sec)
Heartbeat CPU 30 instructions: 620000211 cycles: 177326957 heartbeat IPC: 3.244 cumulative IPC: 3.425 (Simulation time: 07 hr 53 min 47 sec)
Heartbeat CPU 29 instructions: 830000247 cycles: 177937775 heartbeat IPC: 4.646 cumulative IPC: 4.651 (Simulation time: 07 hr 59 min 51 sec)
Heartbeat CPU 24 instructions: 640000193 cycles: 178171753 heartbeat IPC: 3.529 cumulative IPC: 3.53 (Simulation time: 08 hr 02 min 14 sec)
Heartbeat CPU 3 instructions: 470000134 cycles: 178300114 heartbeat IPC: 1.054 cumulative IPC: 2.555 (Simulation time: 08 hr 03 min 32 sec)
Heartbeat CPU 13 instructions: 370000052 cycles: 178369523 heartbeat IPC: 1.826 cumulative IPC: 1.824 (Simulation time: 08 hr 04 min 14 sec)
Heartbeat CPU 14 instructions: 680000210 cycles: 178436838 heartbeat IPC: 4.126 cumulative IPC: 3.711 (Simulation time: 08 hr 04 min 54 sec)
Heartbeat CPU 17 instructions: 680000205 cycles: 178547731 heartbeat IPC: 4.102 cumulative IPC: 3.709 (Simulation time: 08 hr 05 min 58 sec)
Heartbeat CPU 28 instructions: 690000215 cycles: 178588762 heartbeat IPC: 3.753 cumulative IPC: 3.818 (Simulation time: 08 hr 06 min 22 sec)
Heartbeat CPU 1 instructions: 690000215 cycles: 178590355 heartbeat IPC: 3.753 cumulative IPC: 3.818 (Simulation time: 08 hr 06 min 23 sec)
Heartbeat CPU 27 instructions: 310000074 cycles: 178707228 heartbeat IPC: 1.422 cumulative IPC: 1.46 (Simulation time: 08 hr 07 min 31 sec)
Heartbeat CPU 5 instructions: 680000211 cycles: 178811408 heartbeat IPC: 4.06 cumulative IPC: 3.703 (Simulation time: 08 hr 08 min 34 sec)
Heartbeat CPU 9 instructions: 660000176 cycles: 178884906 heartbeat IPC: 3.001 cumulative IPC: 3.581 (Simulation time: 08 hr 09 min 19 sec)
Heartbeat CPU 4 instructions: 660000204 cycles: 178945041 heartbeat IPC: 3.036 cumulative IPC: 3.579 (Simulation time: 08 hr 09 min 55 sec)
Heartbeat CPU 25 instructions: 270000086 cycles: 179277799 heartbeat IPC: 1.906 cumulative IPC: 1.326 (Simulation time: 08 hr 13 min 16 sec)
Heartbeat CPU 0 instructions: 710000216 cycles: 179462598 heartbeat IPC: 3.733 cumulative IPC: 3.918 (Simulation time: 08 hr 15 min 06 sec)
Heartbeat CPU 16 instructions: 370000083 cycles: 180010001 heartbeat IPC: 1.894 cumulative IPC: 1.831 (Simulation time: 08 hr 20 min 18 sec)
Heartbeat CPU 29 instructions: 840000250 cycles: 180091182 heartbeat IPC: 4.644 cumulative IPC: 4.651 (Simulation time: 08 hr 21 min 06 sec)
Heartbeat CPU 30 instructions: 630000215 cycles: 180404218 heartbeat IPC: 3.25 cumulative IPC: 3.421 (Simulation time: 08 hr 24 min 13 sec)
Heartbeat CPU 22 instructions: 530000127 cycles: 180709607 heartbeat IPC: 2.748 cumulative IPC: 2.761 (Simulation time: 08 hr 27 min 11 sec)
Heartbeat CPU 10 instructions: 340000080 cycles: 180715023 heartbeat IPC: 1.601 cumulative IPC: 1.632 (Simulation time: 08 hr 27 min 14 sec)
Heartbeat CPU 23 instructions: 370000091 cycles: 180931232 heartbeat IPC: 1.86 cumulative IPC: 1.848 (Simulation time: 08 hr 29 min 23 sec)
Heartbeat CPU 24 instructions: 650000193 cycles: 180996563 heartbeat IPC: 3.54 cumulative IPC: 3.53 (Simulation time: 08 hr 30 min 03 sec)
Heartbeat CPU 28 instructions: 700000221 cycles: 181195333 heartbeat IPC: 3.836 cumulative IPC: 3.818 (Simulation time: 08 hr 32 min 01 sec)
Heartbeat CPU 1 instructions: 700000221 cycles: 181196892 heartbeat IPC: 3.837 cumulative IPC: 3.818 (Simulation time: 08 hr 32 min 02 sec)
Heartbeat CPU 18 instructions: 380000115 cycles: 181235369 heartbeat IPC: 1.879 cumulative IPC: 1.878 (Simulation time: 08 hr 32 min 25 sec)
Heartbeat CPU 14 instructions: 690000210 cycles: 181325795 heartbeat IPC: 3.461 cumulative IPC: 3.707 (Simulation time: 08 hr 33 min 20 sec)
Heartbeat CPU 17 instructions: 690000206 cycles: 181447399 heartbeat IPC: 3.449 cumulative IPC: 3.704 (Simulation time: 08 hr 34 min 34 sec)
Heartbeat CPU 11 instructions: 430000128 cycles: 181667365 heartbeat IPC: 1.922 cumulative IPC: 2.214 (Simulation time: 08 hr 36 min 46 sec)
Heartbeat CPU 12 instructions: 360000144 cycles: 181684317 heartbeat IPC: 1.355 cumulative IPC: 1.786 (Simulation time: 08 hr 36 min 56 sec)
Heartbeat CPU 31 instructions: 430000129 cycles: 181693536 heartbeat IPC: 1.911 cumulative IPC: 2.214 (Simulation time: 08 hr 37 min 02 sec)
Heartbeat CPU 5 instructions: 690000214 cycles: 181700604 heartbeat IPC: 3.461 cumulative IPC: 3.699 (Simulation time: 08 hr 37 min 06 sec)
Heartbeat CPU 6 instructions: 270000037 cycles: 181841038 heartbeat IPC: 1.185 cumulative IPC: 1.259 (Simulation time: 08 hr 38 min 29 sec)
Heartbeat CPU 21 instructions: 270000037 cycles: 181886628 heartbeat IPC: 1.179 cumulative IPC: 1.258 (Simulation time: 08 hr 38 min 57 sec)
Heartbeat CPU 9 instructions: 670000179 cycles: 182163369 heartbeat IPC: 3.05 cumulative IPC: 3.57 (Simulation time: 08 hr 41 min 40 sec)
Heartbeat CPU 4 instructions: 670000204 cycles: 182171177 heartbeat IPC: 3.1 cumulative IPC: 3.57 (Simulation time: 08 hr 41 min 44 sec)
Heartbeat CPU 0 instructions: 720000217 cycles: 182238970 heartbeat IPC: 3.602 cumulative IPC: 3.912 (Simulation time: 08 hr 42 min 25 sec)
Heartbeat CPU 29 instructions: 850000250 cycles: 182242056 heartbeat IPC: 4.649 cumulative IPC: 4.651 (Simulation time: 08 hr 42 min 27 sec)
Heartbeat CPU 7 instructions: 490000115 cycles: 182557443 heartbeat IPC: 0.6563 cumulative IPC: 2.507 (Simulation time: 08 hr 45 min 34 sec)
Heartbeat CPU 30 instructions: 640000215 cycles: 183446951 heartbeat IPC: 3.287 cumulative IPC: 3.419 (Simulation time: 08 hr 54 min 31 sec)
Heartbeat CPU 19 instructions: 270000065 cycles: 183640471 heartbeat IPC: 0.6438 cumulative IPC: 1.228 (Simulation time: 08 hr 56 min 26 sec)
Heartbeat CPU 24 instructions: 660000197 cycles: 183799326 heartbeat IPC: 3.568 cumulative IPC: 3.53 (Simulation time: 08 hr 58 min 02 sec)
Heartbeat CPU 28 instructions: 710000223 cycles: 183840786 heartbeat IPC: 3.78 cumulative IPC: 3.818 (Simulation time: 08 hr 58 min 27 sec)
Heartbeat CPU 1 instructions: 710000223 cycles: 183842410 heartbeat IPC: 3.78 cumulative IPC: 3.818 (Simulation time: 08 hr 58 min 28 sec)
Heartbeat CPU 13 instructions: 380000053 cycles: 183852868 heartbeat IPC: 1.824 cumulative IPC: 1.824 (Simulation time: 08 hr 58 min 34 sec)
Heartbeat CPU 25 instructions: 280000089 cycles: 183896086 heartbeat IPC: 2.165 cumulative IPC: 1.348 (Simulation time: 08 hr 59 min 00 sec)
Heartbeat CPU 8 instructions: 250000100 cycles: 183898727 heartbeat IPC: 1.196 cumulative IPC: 1.124 (Simulation time: 08 hr 59 min 02 sec)
Heartbeat CPU 22 instructions: 540000129 cycles: 184332741 heartbeat IPC: 2.76 cumulative IPC: 2.761 (Simulation time: 09 hr 03 min 21 sec)
Heartbeat CPU 29 instructions: 860000252 cycles: 184387433 heartbeat IPC: 4.661 cumulative IPC: 4.651 (Simulation time: 09 hr 03 min 53 sec)
Heartbeat CPU 20 instructions: 280000107 cycles: 184521951 heartbeat IPC: 1.247 cumulative IPC: 1.35 (Simulation time: 09 hr 05 min 14 sec)
Heartbeat CPU 26 instructions: 270000073 cycles: 184612753 heartbeat IPC: 1.048 cumulative IPC: 1.269 (Simulation time: 09 hr 06 min 08 sec)
Heartbeat CPU 15 instructions: 220000044 cycles: 184635349 heartbeat IPC: 0.6314 cumulative IPC: 0.9427 (Simulation time: 09 hr 06 min 21 sec)
Heartbeat CPU 0 instructions: 730000219 cycles: 184893819 heartbeat IPC: 3.767 cumulative IPC: 3.91 (Simulation time: 09 hr 09 min 01 sec)
Heartbeat CPU 3 instructions: 480000135 cycles: 184952568 heartbeat IPC: 1.503 cumulative IPC: 2.514 (Simulation time: 09 hr 09 min 37 sec)
Heartbeat CPU 14 instructions: 700000212 cycles: 184965987 heartbeat IPC: 2.747 cumulative IPC: 3.686 (Simulation time: 09 hr 09 min 45 sec)
Heartbeat CPU 17 instructions: 700000206 cycles: 185057103 heartbeat IPC: 2.77 cumulative IPC: 3.684 (Simulation time: 09 hr 10 min 39 sec)
Heartbeat CPU 4 instructions: 680000205 cycles: 185115079 heartbeat IPC: 3.397 cumulative IPC: 3.567 (Simulation time: 09 hr 11 min 14 sec)
Heartbeat CPU 9 instructions: 680000181 cycles: 185146843 heartbeat IPC: 3.352 cumulative IPC: 3.567 (Simulation time: 09 hr 11 min 33 sec)
Heartbeat CPU 2 instructions: 240000053 cycles: 185292227 heartbeat IPC: 1.135 cumulative IPC: 1.063 (Simulation time: 09 hr 13 min 00 sec)
Heartbeat CPU 16 instructions: 380000088 cycles: 185331381 heartbeat IPC: 1.879 cumulative IPC: 1.832 (Simulation time: 09 hr 13 min 24 sec)
Heartbeat CPU 5 instructions: 700000218 cycles: 185343576 heartbeat IPC: 2.745 cumulative IPC: 3.678 (Simulation time: 09 hr 13 min 31 sec)
Heartbeat CPU 27 instructions: 320000080 cycles: 185665849 heartbeat IPC: 1.437 cumulative IPC: 1.459 (Simulation time: 09 hr 16 min 42 sec)
Heartbeat CPU 11 instructions: 440000129 cycles: 185787418 heartbeat IPC: 2.427 cumulative IPC: 2.219 (Simulation time: 09 hr 17 min 55 sec)
Heartbeat CPU 31 instructions: 440000129 cycles: 185797970 heartbeat IPC: 2.436 cumulative IPC: 2.219 (Simulation time: 09 hr 18 min 02 sec)
Heartbeat CPU 30 instructions: 650000215 cycles: 186352530 heartbeat IPC: 3.442 cumulative IPC: 3.419 (Simulation time: 09 hr 23 min 35 sec)
Heartbeat CPU 23 instructions: 380000096 cycles: 186352625 heartbeat IPC: 1.845 cumulative IPC: 1.848 (Simulation time: 09 hr 23 min 35 sec)
Heartbeat CPU 18 instructions: 390000117 cycles: 186532576 heartbeat IPC: 1.888 cumulative IPC: 1.879 (Simulation time: 09 hr 25 min 23 sec)
Heartbeat CPU 29 instructions: 870000259 cycles: 186540020 heartbeat IPC: 4.646 cumulative IPC: 4.651 (Simulation time: 09 hr 25 min 28 sec)
Heartbeat CPU 28 instructions: 720000223 cycles: 186565569 heartbeat IPC: 3.67 cumulative IPC: 3.815 (Simulation time: 09 hr 25 min 43 sec)
Heartbeat CPU 1 instructions: 720000223 cycles: 186567258 heartbeat IPC: 3.67 cumulative IPC: 3.815 (Simulation time: 09 hr 25 min 44 sec)
Heartbeat CPU 24 instructions: 670000198 cycles: 186587307 heartbeat IPC: 3.587 cumulative IPC: 3.531 (Simulation time: 09 hr 25 min 56 sec)
Heartbeat CPU 10 instructions: 350000082 cycles: 186829925 heartbeat IPC: 1.635 cumulative IPC: 1.632 (Simulation time: 09 hr 28 min 22 sec)
Heartbeat CPU 0 instructions: 740000220 cycles: 187517953 heartbeat IPC: 3.811 cumulative IPC: 3.909 (Simulation time: 09 hr 35 min 09 sec)
Heartbeat CPU 22 instructions: 550000129 cycles: 187964157 heartbeat IPC: 2.754 cumulative IPC: 2.761 (Simulation time: 09 hr 39 min 35 sec)
Heartbeat CPU 12 instructions: 370000144 cycles: 187996275 heartbeat IPC: 1.584 cumulative IPC: 1.778 (Simulation time: 09 hr 39 min 55 sec)
Heartbeat CPU 14 instructions: 710000215 cycles: 188115164 heartbeat IPC: 3.175 cumulative IPC: 3.677 (Simulation time: 09 hr 41 min 06 sec)
Heartbeat CPU 17 instructions: 710000207 cycles: 188193044 heartbeat IPC: 3.189 cumulative IPC: 3.676 (Simulation time: 09 hr 41 min 51 sec)
Heartbeat CPU 4 instructions: 690000206 cycles: 188221785 heartbeat IPC: 3.219 cumulative IPC: 3.561 (Simulation time: 09 hr 42 min 08 sec)
Heartbeat CPU 9 instructions: 690000185 cycles: 188270943 heartbeat IPC: 3.201 cumulative IPC: 3.56 (Simulation time: 09 hr 42 min 37 sec)
Heartbeat CPU 5 instructions: 710000223 cycles: 188483883 heartbeat IPC: 3.184 cumulative IPC: 3.669 (Simulation time: 09 hr 44 min 44 sec)
Heartbeat CPU 29 instructions: 880000263 cycles: 188693103 heartbeat IPC: 4.645 cumulative IPC: 4.651 (Simulation time: 09 hr 46 min 45 sec)
Heartbeat CPU 30 instructions: 660000217 cycles: 189232416 heartbeat IPC: 3.472 cumulative IPC: 3.42 (Simulation time: 09 hr 52 min 03 sec)
Heartbeat CPU 3 instructions: 490000137 cycles: 189270580 heartbeat IPC: 2.316 cumulative IPC: 2.509 (Simulation time: 09 hr 52 min 26 sec)
Heartbeat CPU 28 instructions: 730000227 cycles: 189292322 heartbeat IPC: 3.667 cumulative IPC: 3.813 (Simulation time: 09 hr 52 min 39 sec)
Heartbeat CPU 1 instructions: 730000227 cycles: 189294026 heartbeat IPC: 3.667 cumulative IPC: 3.813 (Simulation time: 09 hr 52 min 40 sec)
Heartbeat CPU 13 instructions: 390000056 cycles: 189316311 heartbeat IPC: 1.83 cumulative IPC: 1.824 (Simulation time: 09 hr 52 min 53 sec)
Heartbeat CPU 24 instructions: 680000205 cycles: 189377628 heartbeat IPC: 3.584 cumulative IPC: 3.532 (Simulation time: 09 hr 53 min 30 sec)
Heartbeat CPU 6 instructions: 280000037 cycles: 189447297 heartbeat IPC: 1.315 cumulative IPC: 1.261 (Simulation time: 09 hr 54 min 10 sec)
Heartbeat CPU 21 instructions: 280000037 cycles: 189510202 heartbeat IPC: 1.312 cumulative IPC: 1.26 (Simulation time: 09 hr 54 min 47 sec)
Heartbeat CPU 7 instructions: 500000118 cycles: 189775818 heartbeat IPC: 1.385 cumulative IPC: 2.46 (Simulation time: 09 hr 57 min 26 sec)
Heartbeat CPU 0 instructions: 750000224 cycles: 190280873 heartbeat IPC: 3.619 cumulative IPC: 3.904 (Simulation time: 10 hr 02 min 26 sec)
Heartbeat CPU 16 instructions: 390000090 cycles: 190597091 heartbeat IPC: 1.899 cumulative IPC: 1.834 (Simulation time: 10 hr 05 min 39 sec)
Heartbeat CPU 19 instructions: 280000066 cycles: 190791773 heartbeat IPC: 1.398 cumulative IPC: 1.235 (Simulation time: 10 hr 07 min 38 sec)
Heartbeat CPU 29 instructions: 890000268 cycles: 190840847 heartbeat IPC: 4.656 cumulative IPC: 4.651 (Simulation time: 10 hr 08 min 08 sec)
Heartbeat CPU 14 instructions: 720000222 cycles: 191087634 heartbeat IPC: 3.364 cumulative IPC: 3.672 (Simulation time: 10 hr 10 min 37 sec)
Heartbeat CPU 17 instructions: 720000208 cycles: 191152766 heartbeat IPC: 3.379 cumulative IPC: 3.671 (Simulation time: 10 hr 11 min 17 sec)
Heartbeat CPU 9 instructions: 700000190 cycles: 191225140 heartbeat IPC: 3.385 cumulative IPC: 3.557 (Simulation time: 10 hr 12 min 02 sec)
Heartbeat CPU 11 instructions: 450000133 cycles: 191229666 heartbeat IPC: 1.837 cumulative IPC: 2.207 (Simulation time: 10 hr 12 min 05 sec)
Heartbeat CPU 4 instructions: 700000212 cycles: 191232405 heartbeat IPC: 3.322 cumulative IPC: 3.557 (Simulation time: 10 hr 12 min 06 sec)
Heartbeat CPU 31 instructions: 450000133 cycles: 191275360 heartbeat IPC: 1.826 cumulative IPC: 2.207 (Simulation time: 10 hr 12 min 32 sec)
Heartbeat CPU 25 instructions: 290000089 cycles: 191306505 heartbeat IPC: 1.349 cumulative IPC: 1.348 (Simulation time: 10 hr 12 min 52 sec)
Heartbeat CPU 5 instructions: 720000230 cycles: 191463918 heartbeat IPC: 3.356 cumulative IPC: 3.664 (Simulation time: 10 hr 14 min 29 sec)
Heartbeat CPU 22 instructions: 560000135 cycles: 191589935 heartbeat IPC: 2.758 cumulative IPC: 2.761 (Simulation time: 10 hr 15 min 45 sec)
Simulation finished CPU 8 instructions: 200000007 cycles: 177423241 cumulative IPC: 1.127 (Simulation time: 10 hr 15 min 58 sec)
Heartbeat CPU 23 instructions: 390000100 cycles: 191770311 heartbeat IPC: 1.846 cumulative IPC: 1.848 (Simulation time: 10 hr 17 min 36 sec)
Heartbeat CPU 28 instructions: 740000228 cycles: 191824582 heartbeat IPC: 3.949 cumulative IPC: 3.815 (Simulation time: 10 hr 18 min 09 sec)
Heartbeat CPU 1 instructions: 740000228 cycles: 191826319 heartbeat IPC: 3.949 cumulative IPC: 3.815 (Simulation time: 10 hr 18 min 10 sec)
Heartbeat CPU 18 instructions: 400000122 cycles: 191880802 heartbeat IPC: 1.87 cumulative IPC: 1.878 (Simulation time: 10 hr 18 min 43 sec)
Heartbeat CPU 30 instructions: 670000217 cycles: 192177746 heartbeat IPC: 3.395 cumulative IPC: 3.42 (Simulation time: 10 hr 21 min 41 sec)
Heartbeat CPU 24 instructions: 690000205 cycles: 192188495 heartbeat IPC: 3.558 cumulative IPC: 3.532 (Simulation time: 10 hr 21 min 47 sec)
Heartbeat CPU 8 instructions: 260000101 cycles: 192191072 heartbeat IPC: 1.206 cumulative IPC: 1.128 (Simulation time: 10 hr 21 min 49 sec)
Heartbeat CPU 20 instructions: 290000111 cycles: 192226912 heartbeat IPC: 1.298 cumulative IPC: 1.348 (Simulation time: 10 hr 22 min 10 sec)
Heartbeat CPU 26 instructions: 280000080 cycles: 192366771 heartbeat IPC: 1.29 cumulative IPC: 1.27 (Simulation time: 10 hr 23 min 33 sec)
Heartbeat CPU 27 instructions: 330000081 cycles: 192785329 heartbeat IPC: 1.405 cumulative IPC: 1.457 (Simulation time: 10 hr 27 min 43 sec)
Heartbeat CPU 0 instructions: 760000228 cycles: 192943163 heartbeat IPC: 3.756 cumulative IPC: 3.902 (Simulation time: 10 hr 29 min 19 sec)
Heartbeat CPU 10 instructions: 360000083 cycles: 192950259 heartbeat IPC: 1.634 cumulative IPC: 1.632 (Simulation time: 10 hr 29 min 24 sec)
Heartbeat CPU 29 instructions: 900000269 cycles: 192994055 heartbeat IPC: 4.644 cumulative IPC: 4.651 (Simulation time: 10 hr 29 min 50 sec)
Heartbeat CPU 2 instructions: 250000056 cycles: 193601026 heartbeat IPC: 1.204 cumulative IPC: 1.069 (Simulation time: 10 hr 35 min 54 sec)
Heartbeat CPU 15 instructions: 230000048 cycles: 193756860 heartbeat IPC: 1.096 cumulative IPC: 0.9505 (Simulation time: 10 hr 37 min 30 sec)
Heartbeat CPU 3 instructions: 500000137 cycles: 193872938 heartbeat IPC: 2.173 cumulative IPC: 2.5 (Simulation time: 10 hr 38 min 39 sec)
Heartbeat CPU 12 instructions: 380000148 cycles: 194042206 heartbeat IPC: 1.654 cumulative IPC: 1.774 (Simulation time: 10 hr 40 min 19 sec)
Heartbeat CPU 14 instructions: 730000226 cycles: 194153863 heartbeat IPC: 3.261 cumulative IPC: 3.665 (Simulation time: 10 hr 41 min 25 sec)
Heartbeat CPU 9 instructions: 710000194 cycles: 194202118 heartbeat IPC: 3.359 cumulative IPC: 3.554 (Simulation time: 10 hr 41 min 53 sec)
Heartbeat CPU 4 instructions: 710000213 cycles: 194251696 heartbeat IPC: 3.312 cumulative IPC: 3.553 (Simulation time: 10 hr 42 min 22 sec)
Heartbeat CPU 17 instructions: 730000210 cycles: 194258416 heartbeat IPC: 3.22 cumulative IPC: 3.663 (Simulation time: 10 hr 42 min 27 sec)
Heartbeat CPU 5 instructions: 730000234 cycles: 194563191 heartbeat IPC: 3.227 cumulative IPC: 3.657 (Simulation time: 10 hr 45 min 29 sec)
Heartbeat CPU 28 instructions: 750000233 cycles: 194565876 heartbeat IPC: 3.648 cumulative IPC: 3.812 (Simulation time: 10 hr 45 min 31 sec)
Heartbeat CPU 1 instructions: 750000233 cycles: 194567574 heartbeat IPC: 3.648 cumulative IPC: 3.812 (Simulation time: 10 hr 45 min 32 sec)
Heartbeat CPU 13 instructions: 400000056 cycles: 194791282 heartbeat IPC: 1.826 cumulative IPC: 1.824 (Simulation time: 10 hr 47 min 43 sec)
Heartbeat CPU 24 instructions: 700000211 cycles: 194986750 heartbeat IPC: 3.574 cumulative IPC: 3.533 (Simulation time: 10 hr 49 min 38 sec)
Heartbeat CPU 30 instructions: 680000217 cycles: 195059600 heartbeat IPC: 3.47 cumulative IPC: 3.421 (Simulation time: 10 hr 50 min 21 sec)
Heartbeat CPU 29 instructions: 910000273 cycles: 195154617 heartbeat IPC: 4.628 cumulative IPC: 4.651 (Simulation time: 10 hr 51 min 15 sec)
Heartbeat CPU 22 instructions: 570000137 cycles: 195209238 heartbeat IPC: 2.763 cumulative IPC: 2.761 (Simulation time: 10 hr 51 min 48 sec)
Heartbeat CPU 11 instructions: 460000137 cycles: 195359125 heartbeat IPC: 2.422 cumulative IPC: 2.212 (Simulation time: 10 hr 53 min 15 sec)
Heartbeat CPU 31 instructions: 460000137 cycles: 195381976 heartbeat IPC: 2.435 cumulative IPC: 2.212 (Simulation time: 10 hr 53 min 29 sec)
Heartbeat CPU 0 instructions: 770000229 cycles: 195593212 heartbeat IPC: 3.774 cumulative IPC: 3.9 (Simulation time: 10 hr 55 min 32 sec)
Heartbeat CPU 16 instructions: 400000092 cycles: 195864280 heartbeat IPC: 1.899 cumulative IPC: 1.836 (Simulation time: 10 hr 58 min 10 sec)
Heartbeat CPU 7 instructions: 510000120 cycles: 197020784 heartbeat IPC: 1.38 cumulative IPC: 2.418 (Simulation time: 11 hr 08 min 50 sec)
Heartbeat CPU 28 instructions: 760000236 cycles: 197114741 heartbeat IPC: 3.923 cumulative IPC: 3.814 (Simulation time: 11 hr 09 min 41 sec)
Heartbeat CPU 1 instructions: 760000236 cycles: 197116324 heartbeat IPC: 3.923 cumulative IPC: 3.814 (Simulation time: 11 hr 09 min 41 sec)
Heartbeat CPU 23 instructions: 400000104 cycles: 197183480 heartbeat IPC: 1.847 cumulative IPC: 1.848 (Simulation time: 11 hr 10 min 17 sec)
Heartbeat CPU 18 instructions: 410000123 cycles: 197192557 heartbeat IPC: 1.883 cumulative IPC: 1.878 (Simulation time: 11 hr 10 min 22 sec)
Heartbeat CPU 29 instructions: 920000280 cycles: 197307164 heartbeat IPC: 4.646 cumulative IPC: 4.651 (Simulation time: 11 hr 11 min 24 sec)
Heartbeat CPU 14 instructions: 740000233 cycles: 197310244 heartbeat IPC: 3.168 cumulative IPC: 3.656 (Simulation time: 11 hr 11 min 25 sec)
Heartbeat CPU 17 instructions: 740000217 cycles: 197344450 heartbeat IPC: 3.24 cumulative IPC: 3.656 (Simulation time: 11 hr 11 min 43 sec)
Heartbeat CPU 5 instructions: 740000241 cycles: 197742057 heartbeat IPC: 3.146 cumulative IPC: 3.648 (Simulation time: 11 hr 15 min 12 sec)
Heartbeat CPU 6 instructions: 290000041 cycles: 197769538 heartbeat IPC: 1.202 cumulative IPC: 1.259 (Simulation time: 11 hr 15 min 26 sec)
Heartbeat CPU 24 instructions: 710000214 cycles: 197774445 heartbeat IPC: 3.587 cumulative IPC: 3.534 (Simulation time: 11 hr 15 min 29 sec)
Heartbeat CPU 21 instructions: 290000041 cycles: 197868600 heartbeat IPC: 1.196 cumulative IPC: 1.258 (Simulation time: 11 hr 16 min 19 sec)
Heartbeat CPU 30 instructions: 690000222 cycles: 197920043 heartbeat IPC: 3.496 cumulative IPC: 3.422 (Simulation time: 11 hr 16 min 45 sec)
Heartbeat CPU 19 instructions: 290000070 cycles: 198035829 heartbeat IPC: 1.38 cumulative IPC: 1.241 (Simulation time: 11 hr 17 min 46 sec)
Heartbeat CPU 0 instructions: 780000231 cycles: 198242978 heartbeat IPC: 3.774 cumulative IPC: 3.898 (Simulation time: 11 hr 19 min 35 sec)
Heartbeat CPU 22 instructions: 580000137 cycles: 198859954 heartbeat IPC: 2.739 cumulative IPC: 2.76 (Simulation time: 11 hr 25 min 01 sec)
Heartbeat CPU 10 instructions: 370000085 cycles: 199216905 heartbeat IPC: 1.596 cumulative IPC: 1.631 (Simulation time: 11 hr 28 min 10 sec)
Heartbeat CPU 29 instructions: 930000287 cycles: 199466597 heartbeat IPC: 4.631 cumulative IPC: 4.65 (Simulation time: 11 hr 30 min 24 sec)
Heartbeat CPU 27 instructions: 340000086 cycles: 199635812 heartbeat IPC: 1.46 cumulative IPC: 1.457 (Simulation time: 11 hr 31 min 53 sec)
Heartbeat CPU 28 instructions: 770000242 cycles: 199777535 heartbeat IPC: 3.755 cumulative IPC: 3.813 (Simulation time: 11 hr 33 min 09 sec)
Heartbeat CPU 1 instructions: 770000242 cycles: 199779132 heartbeat IPC: 3.755 cumulative IPC: 3.813 (Simulation time: 11 hr 33 min 10 sec)
Heartbeat CPU 20 instructions: 300000112 cycles: 200058831 heartbeat IPC: 1.277 cumulative IPC: 1.345 (Simulation time: 11 hr 35 min 37 sec)
Heartbeat CPU 13 instructions: 410000057 cycles: 200277120 heartbeat IPC: 1.823 cumulative IPC: 1.824 (Simulation time: 11 hr 37 min 32 sec)
Heartbeat CPU 9 instructions: 720000194 cycles: 200546656 heartbeat IPC: 1.576 cumulative IPC: 3.486 (Simulation time: 11 hr 39 min 56 sec)
Heartbeat CPU 24 instructions: 720000214 cycles: 200569016 heartbeat IPC: 3.578 cumulative IPC: 3.535 (Simulation time: 11 hr 40 min 08 sec)
Heartbeat CPU 4 instructions: 720000213 cycles: 200705464 heartbeat IPC: 1.549 cumulative IPC: 3.483 (Simulation time: 11 hr 41 min 19 sec)
Simulation finished CPU 2 instructions: 200000002 cycles: 186563938 cumulative IPC: 1.072 (Simulation time: 11 hr 41 min 44 sec)
Heartbeat CPU 30 instructions: 700000222 cycles: 200781831 heartbeat IPC: 3.494 cumulative IPC: 3.423 (Simulation time: 11 hr 41 min 59 sec)
Heartbeat CPU 17 instructions: 750000222 cycles: 200869917 heartbeat IPC: 2.837 cumulative IPC: 3.64 (Simulation time: 11 hr 42 min 47 sec)
Heartbeat CPU 14 instructions: 750000233 cycles: 200925862 heartbeat IPC: 2.766 cumulative IPC: 3.639 (Simulation time: 11 hr 43 min 16 sec)
Heartbeat CPU 0 instructions: 790000231 cycles: 201104219 heartbeat IPC: 3.495 cumulative IPC: 3.892 (Simulation time: 11 hr 44 min 51 sec)
Heartbeat CPU 16 instructions: 410000098 cycles: 201211516 heartbeat IPC: 1.87 cumulative IPC: 1.837 (Simulation time: 11 hr 45 min 48 sec)
Heartbeat CPU 5 instructions: 750000247 cycles: 201393962 heartbeat IPC: 2.738 cumulative IPC: 3.63 (Simulation time: 11 hr 47 min 27 sec)
Heartbeat CPU 29 instructions: 940000294 cycles: 201630163 heartbeat IPC: 4.622 cumulative IPC: 4.65 (Simulation time: 11 hr 49 min 40 sec)
Heartbeat CPU 31 instructions: 470000142 cycles: 201706106 heartbeat IPC: 1.581 cumulative IPC: 2.191 (Simulation time: 11 hr 50 min 22 sec)
Heartbeat CPU 11 instructions: 470000142 cycles: 201732785 heartbeat IPC: 1.569 cumulative IPC: 2.19 (Simulation time: 11 hr 50 min 37 sec)
Heartbeat CPU 12 instructions: 390000150 cycles: 202105660 heartbeat IPC: 1.24 cumulative IPC: 1.751 (Simulation time: 11 hr 54 min 06 sec)
Heartbeat CPU 28 instructions: 780000248 cycles: 202380703 heartbeat IPC: 3.841 cumulative IPC: 3.814 (Simulation time: 11 hr 56 min 40 sec)
Heartbeat CPU 1 instructions: 780000248 cycles: 202382251 heartbeat IPC: 3.842 cumulative IPC: 3.814 (Simulation time: 11 hr 56 min 41 sec)
Heartbeat CPU 2 instructions: 260000061 cycles: 202393751 heartbeat IPC: 1.137 cumulative IPC: 1.072 (Simulation time: 11 hr 56 min 47 sec)
Heartbeat CPU 22 instructions: 590000137 cycles: 202524606 heartbeat IPC: 2.729 cumulative IPC: 2.76 (Simulation time: 11 hr 58 min 01 sec)
Heartbeat CPU 18 instructions: 420000123 cycles: 202571237 heartbeat IPC: 1.859 cumulative IPC: 1.878 (Simulation time: 11 hr 58 min 27 sec)
Heartbeat CPU 23 instructions: 410000104 cycles: 202602878 heartbeat IPC: 1.845 cumulative IPC: 1.848 (Simulation time: 11 hr 58 min 45 sec)
Heartbeat CPU 26 instructions: 290000086 cycles: 202716054 heartbeat IPC: 0.9663 cumulative IPC: 1.253 (Simulation time: 11 hr 59 min 48 sec)
Heartbeat CPU 15 instructions: 240000050 cycles: 203027944 heartbeat IPC: 1.079 cumulative IPC: 0.9568 (Simulation time: 12 hr 02 min 42 sec)
Heartbeat CPU 24 instructions: 730000215 cycles: 203387208 heartbeat IPC: 3.548 cumulative IPC: 3.535 (Simulation time: 12 hr 05 min 58 sec)
Heartbeat CPU 30 instructions: 710000227 cycles: 203644594 heartbeat IPC: 3.493 cumulative IPC: 3.424 (Simulation time: 12 hr 08 min 22 sec)
Heartbeat CPU 9 instructions: 730000195 cycles: 203730815 heartbeat IPC: 3.141 cumulative IPC: 3.481 (Simulation time: 12 hr 09 min 09 sec)
Heartbeat CPU 29 instructions: 950000295 cycles: 203793366 heartbeat IPC: 4.623 cumulative IPC: 4.65 (Simulation time: 12 hr 09 min 44 sec)
Heartbeat CPU 0 instructions: 800000232 cycles: 203877336 heartbeat IPC: 3.606 cumulative IPC: 3.888 (Simulation time: 12 hr 10 min 30 sec)
Heartbeat CPU 4 instructions: 730000216 cycles: 203948946 heartbeat IPC: 3.083 cumulative IPC: 3.477 (Simulation time: 12 hr 11 min 11 sec)
Heartbeat CPU 8 instructions: 270000106 cycles: 204080443 heartbeat IPC: 0.8411 cumulative IPC: 1.11 (Simulation time: 12 hr 12 min 25 sec)
Heartbeat CPU 7 instructions: 520000122 cycles: 204386779 heartbeat IPC: 1.358 cumulative IPC: 2.377 (Simulation time: 12 hr 15 min 16 sec)
Heartbeat CPU 17 instructions: 760000223 cycles: 204502862 heartbeat IPC: 2.753 cumulative IPC: 3.623 (Simulation time: 12 hr 16 min 20 sec)
Heartbeat CPU 14 instructions: 760000239 cycles: 204691427 heartbeat IPC: 2.656 cumulative IPC: 3.62 (Simulation time: 12 hr 18 min 07 sec)
Heartbeat CPU 5 instructions: 760000254 cycles: 204983254 heartbeat IPC: 2.786 cumulative IPC: 3.614 (Simulation time: 12 hr 20 min 50 sec)
Heartbeat CPU 28 instructions: 790000252 cycles: 204997303 heartbeat IPC: 3.822 cumulative IPC: 3.814 (Simulation time: 12 hr 20 min 57 sec)
Heartbeat CPU 1 instructions: 790000252 cycles: 204998682 heartbeat IPC: 3.822 cumulative IPC: 3.814 (Simulation time: 12 hr 20 min 58 sec)
Heartbeat CPU 25 instructions: 300000092 cycles: 205127454 heartbeat IPC: 0.7235 cumulative IPC: 1.303 (Simulation time: 12 hr 22 min 09 sec)
Heartbeat CPU 19 instructions: 300000072 cycles: 205349811 heartbeat IPC: 1.367 cumulative IPC: 1.245 (Simulation time: 12 hr 24 min 08 sec)
Heartbeat CPU 10 instructions: 380000089 cycles: 205607726 heartbeat IPC: 1.565 cumulative IPC: 1.629 (Simulation time: 12 hr 26 min 26 sec)
Heartbeat CPU 13 instructions: 420000058 cycles: 205777905 heartbeat IPC: 1.818 cumulative IPC: 1.824 (Simulation time: 12 hr 27 min 59 sec)
Heartbeat CPU 6 instructions: 300000042 cycles: 205851653 heartbeat IPC: 1.237 cumulative IPC: 1.258 (Simulation time: 12 hr 28 min 40 sec)
Heartbeat CPU 29 instructions: 960000296 cycles: 205951633 heartbeat IPC: 4.633 cumulative IPC: 4.65 (Simulation time: 12 hr 29 min 35 sec)
Heartbeat CPU 21 instructions: 300000042 cycles: 205960020 heartbeat IPC: 1.236 cumulative IPC: 1.257 (Simulation time: 12 hr 29 min 40 sec)
Heartbeat CPU 22 instructions: 600000140 cycles: 206183499 heartbeat IPC: 2.733 cumulative IPC: 2.759 (Simulation time: 12 hr 31 min 41 sec)
Heartbeat CPU 24 instructions: 740000215 cycles: 206184309 heartbeat IPC: 3.575 cumulative IPC: 3.535 (Simulation time: 12 hr 31 min 41 sec)
Heartbeat CPU 3 instructions: 510000138 cycles: 206311237 heartbeat IPC: 0.804 cumulative IPC: 2.39 (Simulation time: 12 hr 32 min 51 sec)
Heartbeat CPU 27 instructions: 350000087 cycles: 206536360 heartbeat IPC: 1.449 cumulative IPC: 1.457 (Simulation time: 12 hr 34 min 56 sec)
Heartbeat CPU 16 instructions: 420000099 cycles: 206557128 heartbeat IPC: 1.871 cumulative IPC: 1.838 (Simulation time: 12 hr 35 min 08 sec)
Heartbeat CPU 0 instructions: 810000237 cycles: 206570525 heartbeat IPC: 3.713 cumulative IPC: 3.885 (Simulation time: 12 hr 35 min 15 sec)
Heartbeat CPU 30 instructions: 720000230 cycles: 206577029 heartbeat IPC: 3.41 cumulative IPC: 3.424 (Simulation time: 12 hr 35 min 19 sec)
Heartbeat CPU 9 instructions: 740000198 cycles: 206760482 heartbeat IPC: 3.301 cumulative IPC: 3.478 (Simulation time: 12 hr 37 min 02 sec)
Heartbeat CPU 4 instructions: 740000217 cycles: 207050424 heartbeat IPC: 3.224 cumulative IPC: 3.473 (Simulation time: 12 hr 39 min 43 sec)
Heartbeat CPU 28 instructions: 800000254 cycles: 207645966 heartbeat IPC: 3.775 cumulative IPC: 3.813 (Simulation time: 12 hr 45 min 10 sec)
Heartbeat CPU 1 instructions: 800000254 cycles: 207647323 heartbeat IPC: 3.776 cumulative IPC: 3.813 (Simulation time: 12 hr 45 min 10 sec)
Heartbeat CPU 18 instructions: 430000127 cycles: 207846197 heartbeat IPC: 1.896 cumulative IPC: 1.878 (Simulation time: 12 hr 46 min 57 sec)
Heartbeat CPU 17 instructions: 770000228 cycles: 207934046 heartbeat IPC: 2.914 cumulative IPC: 3.611 (Simulation time: 12 hr 47 min 46 sec)
Heartbeat CPU 23 instructions: 420000106 cycles: 208019392 heartbeat IPC: 1.846 cumulative IPC: 1.848 (Simulation time: 12 hr 48 min 33 sec)
Heartbeat CPU 31 instructions: 480000143 cycles: 208044592 heartbeat IPC: 1.578 cumulative IPC: 2.171 (Simulation time: 12 hr 48 min 46 sec)
Heartbeat CPU 29 instructions: 970000302 cycles: 208106109 heartbeat IPC: 4.642 cumulative IPC: 4.65 (Simulation time: 12 hr 49 min 20 sec)
Heartbeat CPU 11 instructions: 480000143 cycles: 208131670 heartbeat IPC: 1.563 cumulative IPC: 2.17 (Simulation time: 12 hr 49 min 34 sec)
Heartbeat CPU 14 instructions: 770000244 cycles: 208192762 heartbeat IPC: 2.856 cumulative IPC: 3.606 (Simulation time: 12 hr 50 min 08 sec)
Heartbeat CPU 5 instructions: 770000256 cycles: 208388520 heartbeat IPC: 2.937 cumulative IPC: 3.602 (Simulation time: 12 hr 51 min 56 sec)
Heartbeat CPU 24 instructions: 750000215 cycles: 208978772 heartbeat IPC: 3.579 cumulative IPC: 3.536 (Simulation time: 12 hr 57 min 18 sec)
Heartbeat CPU 20 instructions: 310000112 cycles: 209144645 heartbeat IPC: 1.101 cumulative IPC: 1.334 (Simulation time: 12 hr 58 min 48 sec)
Heartbeat CPU 0 instructions: 820000239 cycles: 209183732 heartbeat IPC: 3.827 cumulative IPC: 3.885 (Simulation time: 12 hr 59 min 09 sec)
Heartbeat CPU 22 instructions: 610000141 cycles: 209837912 heartbeat IPC: 2.736 cumulative IPC: 2.759 (Simulation time: 13 hr 05 min 04 sec)
Heartbeat CPU 29 instructions: 980000307 cycles: 210270022 heartbeat IPC: 4.621 cumulative IPC: 4.649 (Simulation time: 13 hr 09 min 04 sec)
Heartbeat CPU 28 instructions: 810000254 cycles: 210272102 heartbeat IPC: 3.808 cumulative IPC: 3.813 (Simulation time: 13 hr 09 min 05 sec)
Heartbeat CPU 1 instructions: 810000254 cycles: 210273487 heartbeat IPC: 3.808 cumulative IPC: 3.813 (Simulation time: 13 hr 09 min 06 sec)
Heartbeat CPU 12 instructions: 400000154 cycles: 210495730 heartbeat IPC: 1.192 cumulative IPC: 1.727 (Simulation time: 13 hr 11 min 10 sec)
Heartbeat CPU 2 instructions: 270000061 cycles: 210954147 heartbeat IPC: 1.168 cumulative IPC: 1.077 (Simulation time: 13 hr 15 min 22 sec)
Heartbeat CPU 30 instructions: 730000232 cycles: 211066296 heartbeat IPC: 2.228 cumulative IPC: 3.396 (Simulation time: 13 hr 16 min 25 sec)
Heartbeat CPU 17 instructions: 780000235 cycles: 211185857 heartbeat IPC: 3.075 cumulative IPC: 3.602 (Simulation time: 13 hr 17 min 30 sec)
Heartbeat CPU 13 instructions: 430000058 cycles: 211277311 heartbeat IPC: 1.818 cumulative IPC: 1.824 (Simulation time: 13 hr 18 min 20 sec)
Heartbeat CPU 9 instructions: 750000199 cycles: 211282686 heartbeat IPC: 2.211 cumulative IPC: 3.449 (Simulation time: 13 hr 18 min 23 sec)
Heartbeat CPU 14 instructions: 780000244 cycles: 211505783 heartbeat IPC: 3.018 cumulative IPC: 3.596 (Simulation time: 13 hr 20 min 25 sec)
Heartbeat CPU 5 instructions: 780000257 cycles: 211648512 heartbeat IPC: 3.067 cumulative IPC: 3.593 (Simulation time: 13 hr 21 min 43 sec)
Heartbeat CPU 4 instructions: 750000219 cycles: 211660955 heartbeat IPC: 2.169 cumulative IPC: 3.442 (Simulation time: 13 hr 21 min 50 sec)
Heartbeat CPU 7 instructions: 530000122 cycles: 211738302 heartbeat IPC: 1.36 cumulative IPC: 2.339 (Simulation time: 13 hr 22 min 32 sec)
Heartbeat CPU 15 instructions: 250000053 cycles: 211767453 heartbeat IPC: 1.144 cumulative IPC: 0.9651 (Simulation time: 13 hr 22 min 48 sec)
Heartbeat CPU 24 instructions: 760000220 cycles: 211772452 heartbeat IPC: 3.58 cumulative IPC: 3.537 (Simulation time: 13 hr 22 min 51 sec)
Heartbeat CPU 10 instructions: 390000089 cycles: 211865287 heartbeat IPC: 1.598 cumulative IPC: 1.628 (Simulation time: 13 hr 23 min 42 sec)
Heartbeat CPU 0 instructions: 830000244 cycles: 211874491 heartbeat IPC: 3.716 cumulative IPC: 3.882 (Simulation time: 13 hr 23 min 47 sec)
Heartbeat CPU 16 instructions: 430000100 cycles: 211884367 heartbeat IPC: 1.877 cumulative IPC: 1.839 (Simulation time: 13 hr 23 min 53 sec)
Heartbeat CPU 31 instructions: 490000144 cycles: 212377439 heartbeat IPC: 2.308 cumulative IPC: 2.174 (Simulation time: 13 hr 28 min 24 sec)
Heartbeat CPU 29 instructions: 990000307 cycles: 212418388 heartbeat IPC: 4.655 cumulative IPC: 4.649 (Simulation time: 13 hr 28 min 47 sec)
Heartbeat CPU 11 instructions: 490000144 cycles: 212435953 heartbeat IPC: 2.323 cumulative IPC: 2.173 (Simulation time: 13 hr 28 min 57 sec)
Heartbeat CPU 19 instructions: 310000075 cycles: 212627455 heartbeat IPC: 1.374 cumulative IPC: 1.25 (Simulation time: 13 hr 30 min 40 sec)
Heartbeat CPU 28 instructions: 820000257 cycles: 213043835 heartbeat IPC: 3.608 cumulative IPC: 3.81 (Simulation time: 13 hr 34 min 20 sec)
Heartbeat CPU 1 instructions: 820000257 cycles: 213045144 heartbeat IPC: 3.608 cumulative IPC: 3.81 (Simulation time: 13 hr 34 min 21 sec)
Heartbeat CPU 18 instructions: 440000133 cycles: 213124585 heartbeat IPC: 1.895 cumulative IPC: 1.879 (Simulation time: 13 hr 35 min 03 sec)
Heartbeat CPU 27 instructions: 360000093 cycles: 213366884 heartbeat IPC: 1.464 cumulative IPC: 1.457 (Simulation time: 13 hr 37 min 11 sec)
Heartbeat CPU 23 instructions: 430000107 cycles: 213476816 heartbeat IPC: 1.832 cumulative IPC: 1.847 (Simulation time: 13 hr 38 min 10 sec)
Heartbeat CPU 22 instructions: 620000143 cycles: 213492582 heartbeat IPC: 2.736 cumulative IPC: 2.758 (Simulation time: 13 hr 38 min 18 sec)
Heartbeat CPU 26 instructions: 300000086 cycles: 213620824 heartbeat IPC: 0.917 cumulative IPC: 1.235 (Simulation time: 13 hr 39 min 26 sec)
Heartbeat CPU 6 instructions: 310000042 cycles: 213727470 heartbeat IPC: 1.27 cumulative IPC: 1.258 (Simulation time: 13 hr 40 min 24 sec)
Heartbeat CPU 21 instructions: 310000042 cycles: 213831036 heartbeat IPC: 1.27 cumulative IPC: 1.257 (Simulation time: 13 hr 41 min 20 sec)
Heartbeat CPU 30 instructions: 740000234 cycles: 214062631 heartbeat IPC: 3.337 cumulative IPC: 3.396 (Simulation time: 13 hr 43 min 24 sec)
Heartbeat CPU 17 instructions: 790000238 cycles: 214419368 heartbeat IPC: 3.093 cumulative IPC: 3.594 (Simulation time: 13 hr 46 min 35 sec)
Heartbeat CPU 24 instructions: 770000224 cycles: 214512180 heartbeat IPC: 3.65 cumulative IPC: 3.538 (Simulation time: 13 hr 47 min 24 sec)
Heartbeat CPU 0 instructions: 840000247 cycles: 214526075 heartbeat IPC: 3.771 cumulative IPC: 3.881 (Simulation time: 13 hr 47 min 32 sec)
Heartbeat CPU 29 instructions: 1000000307 cycles: 214566072 heartbeat IPC: 4.656 cumulative IPC: 4.649 (Simulation time: 13 hr 47 min 53 sec)
Heartbeat CPU 14 instructions: 790000246 cycles: 214767463 heartbeat IPC: 3.066 cumulative IPC: 3.587 (Simulation time: 13 hr 49 min 41 sec)
Heartbeat CPU 5 instructions: 790000262 cycles: 215024008 heartbeat IPC: 2.963 cumulative IPC: 3.583 (Simulation time: 13 hr 52 min 00 sec)
Heartbeat CPU 9 instructions: 760000201 cycles: 215241566 heartbeat IPC: 2.526 cumulative IPC: 3.431 (Simulation time: 13 hr 53 min 56 sec)
Heartbeat CPU 4 instructions: 760000225 cycles: 215601192 heartbeat IPC: 2.538 cumulative IPC: 3.424 (Simulation time: 13 hr 57 min 06 sec)
Heartbeat CPU 28 instructions: 830000263 cycles: 215676572 heartbeat IPC: 3.798 cumulative IPC: 3.81 (Simulation time: 13 hr 57 min 46 sec)
Heartbeat CPU 1 instructions: 830000263 cycles: 215677866 heartbeat IPC: 3.798 cumulative IPC: 3.81 (Simulation time: 13 hr 57 min 46 sec)
Heartbeat CPU 29 instructions: 1010000311 cycles: 216723228 heartbeat IPC: 4.636 cumulative IPC: 4.649 (Simulation time: 14 hr 06 min 59 sec)
Heartbeat CPU 13 instructions: 440000062 cycles: 216739747 heartbeat IPC: 1.831 cumulative IPC: 1.824 (Simulation time: 14 hr 07 min 08 sec)
Heartbeat CPU 30 instructions: 750000238 cycles: 216905948 heartbeat IPC: 3.517 cumulative IPC: 3.397 (Simulation time: 14 hr 08 min 38 sec)
Heartbeat CPU 22 instructions: 630000145 cycles: 217132562 heartbeat IPC: 2.747 cumulative IPC: 2.758 (Simulation time: 14 hr 10 min 42 sec)
Heartbeat CPU 16 instructions: 440000105 cycles: 217197471 heartbeat IPC: 1.882 cumulative IPC: 1.84 (Simulation time: 14 hr 11 min 18 sec)
Heartbeat CPU 0 instructions: 850000253 cycles: 217204972 heartbeat IPC: 3.733 cumulative IPC: 3.879 (Simulation time: 14 hr 11 min 22 sec)
Heartbeat CPU 20 instructions: 320000116 cycles: 217287290 heartbeat IPC: 1.228 cumulative IPC: 1.329 (Simulation time: 14 hr 12 min 07 sec)
Heartbeat CPU 24 instructions: 780000230 cycles: 217434931 heartbeat IPC: 3.421 cumulative IPC: 3.536 (Simulation time: 14 hr 13 min 28 sec)
Heartbeat CPU 25 instructions: 310000093 cycles: 217523686 heartbeat IPC: 0.8067 cumulative IPC: 1.273 (Simulation time: 14 hr 14 min 16 sec)
Heartbeat CPU 17 instructions: 800000245 cycles: 217644038 heartbeat IPC: 3.101 cumulative IPC: 3.586 (Simulation time: 14 hr 15 min 23 sec)
Heartbeat CPU 12 instructions: 410000158 cycles: 217653816 heartbeat IPC: 1.397 cumulative IPC: 1.716 (Simulation time: 14 hr 15 min 28 sec)
Heartbeat CPU 14 instructions: 800000253 cycles: 218002205 heartbeat IPC: 3.091 cumulative IPC: 3.58 (Simulation time: 14 hr 18 min 39 sec)
Heartbeat CPU 10 instructions: 400000094 cycles: 218109980 heartbeat IPC: 1.601 cumulative IPC: 1.627 (Simulation time: 14 hr 19 min 38 sec)
Heartbeat CPU 31 instructions: 500000148 cycles: 218196364 heartbeat IPC: 1.719 cumulative IPC: 2.161 (Simulation time: 14 hr 20 min 24 sec)
Heartbeat CPU 28 instructions: 840000265 cycles: 218211811 heartbeat IPC: 3.944 cumulative IPC: 3.812 (Simulation time: 14 hr 20 min 33 sec)
Heartbeat CPU 1 instructions: 840000265 cycles: 218213084 heartbeat IPC: 3.944 cumulative IPC: 3.812 (Simulation time: 14 hr 20 min 34 sec)
Heartbeat CPU 5 instructions: 800000269 cycles: 218283782 heartbeat IPC: 3.068 cumulative IPC: 3.575 (Simulation time: 14 hr 21 min 13 sec)
Heartbeat CPU 11 instructions: 500000148 cycles: 218294481 heartbeat IPC: 1.707 cumulative IPC: 2.16 (Simulation time: 14 hr 21 min 18 sec)
Heartbeat CPU 18 instructions: 450000133 cycles: 218438088 heartbeat IPC: 1.882 cumulative IPC: 1.879 (Simulation time: 14 hr 22 min 35 sec)
Heartbeat CPU 8 instructions: 280000106 cycles: 218844193 heartbeat IPC: 0.6773 cumulative IPC: 1.078 (Simulation time: 14 hr 26 min 10 sec)
Heartbeat CPU 29 instructions: 1020000311 cycles: 218875822 heartbeat IPC: 4.646 cumulative IPC: 4.649 (Simulation time: 14 hr 26 min 27 sec)
Heartbeat CPU 23 instructions: 440000107 cycles: 218893945 heartbeat IPC: 1.846 cumulative IPC: 1.847 (Simulation time: 14 hr 26 min 37 sec)
Heartbeat CPU 7 instructions: 540000127 cycles: 219011430 heartbeat IPC: 1.375 cumulative IPC: 2.305 (Simulation time: 14 hr 27 min 39 sec)
Heartbeat CPU 9 instructions: 770000202 cycles: 219098371 heartbeat IPC: 2.593 cumulative IPC: 3.415 (Simulation time: 14 hr 28 min 25 sec)
Heartbeat CPU 2 instructions: 280000061 cycles: 219136446 heartbeat IPC: 1.222 cumulative IPC: 1.082 (Simulation time: 14 hr 28 min 45 sec)
Heartbeat CPU 3 instructions: 520000138 cycles: 219229587 heartbeat IPC: 0.7741 cumulative IPC: 2.289 (Simulation time: 14 hr 29 min 35 sec)
Heartbeat CPU 4 instructions: 770000226 cycles: 219333686 heartbeat IPC: 2.679 cumulative IPC: 3.411 (Simulation time: 14 hr 30 min 29 sec)
Flushing L1 caches...
cpu9_L1D: Flushed 239 dirty blocks.
cpu8_L1D: Flushed 420 dirty blocks.
cpu7_L1D: Flushed 436 dirty blocks.
cpu6_L1D: Flushed 197 dirty blocks.
cpu5_L1D: Flushed 504 dirty blocks.
cpu4_L1D: Flushed 262 dirty blocks.
cpu3_L1D: Flushed 181 dirty blocks.
cpu31_L1D: Flushed 261 dirty blocks.
cpu30_L1D: Flushed 630 dirty blocks.
cpu29_L1D: Flushed 2 dirty blocks.
cpu28_L1D: Flushed 261 dirty blocks.
cpu27_L1D: Flushed 213 dirty blocks.
cpu26_L1D: Flushed 39 dirty blocks.
cpu25_L1D: Flushed 213 dirty blocks.
cpu24_L1D: Flushed 646 dirty blocks.
cpu23_L1D: Flushed 407 dirty blocks.
cpu22_L1D: Flushed 15 dirty blocks.
cpu21_L1D: Flushed 77 dirty blocks.
cpu20_L1D: Flushed 253 dirty blocks.
cpu1_L1D: Flushed 261 dirty blocks.
cpu19_L1D: Flushed 436 dirty blocks.
cpu18_L1D: Flushed 217 dirty blocks.
cpu17_L1D: Flushed 254 dirty blocks.
cpu16_L1D: Flushed 226 dirty blocks.
cpu15_L1D: Flushed 37 dirty blocks.
cpu14_L1D: Flushed 295 dirty blocks.
cpu13_L1D: Flushed 739 dirty blocks.
cpu12_L1D: Flushed 133 dirty blocks.
cpu11_L1D: Flushed 261 dirty blocks.
cpu10_L1D: Flushed 6 dirty blocks.
cpu0_L1D: Flushed 261 dirty blocks.
Flushing L2 caches...
cpu9_L2C: Flushed 19953 dirty blocks.
cpu8_L2C: Flushed 18464 dirty blocks.
cpu7_L2C: Flushed 14125 dirty blocks.
cpu6_L2C: Flushed 30168 dirty blocks.
cpu5_L2C: Flushed 21602 dirty blocks.
cpu4_L2C: Flushed 19771 dirty blocks.
cpu3_L2C: Flushed 13238 dirty blocks.
cpu31_L2C: Flushed 30150 dirty blocks.
cpu30_L2C: Flushed 27763 dirty blocks.
cpu2_L2C: Flushed 28488 dirty blocks.
cpu29_L2C: Flushed 266 dirty blocks.
cpu28_L2C: Flushed 261 dirty blocks.
cpu27_L2C: Flushed 1718 dirty blocks.
cpu26_L2C: Flushed 5884 dirty blocks.
cpu25_L2C: Flushed 11077 dirty blocks.
cpu24_L2C: Flushed 29354 dirty blocks.
cpu23_L2C: Flushed 21196 dirty blocks.
cpu22_L2C: Flushed 15 dirty blocks.
cpu21_L2C: Flushed 30252 dirty blocks.
cpu20_L2C: Flushed 26958 dirty blocks.
cpu1_L2C: Flushed 261 dirty blocks.
cpu19_L2C: Flushed 14428 dirty blocks.
cpu18_L2C: Flushed 4416 dirty blocks.
cpu17_L2C: Flushed 21584 dirty blocks.
cpu16_L2C: Flushed 22972 dirty blocks.
cpu15_L2C: Flushed 27759 dirty blocks.
cpu14_L2C: Flushed 21763 dirty blocks.
cpu13_L2C: Flushed 32727 dirty blocks.
cpu12_L2C: Flushed 822 dirty blocks.
cpu11_L2C: Flushed 30325 dirty blocks.
cpu10_L2C: Flushed 64 dirty blocks.
cpu0_L2C: Flushed 261 dirty blocks.
Flushing LLC...
LLC: Flushed 292593 dirty blocks.
Rigorous flush pipeline fully complete!
Simulation finished CPU 15 instructions: 200000001 cycles: 207987538 cumulative IPC: 0.9616 (Simulation time: 14 hr 41 min 54 sec)
Simulation complete CPU 9 instructions: 700857475 cycles: 207987538 cumulative IPC: 3.37 (Simulation time: 14 hr 41 min 54 sec)
Simulation complete CPU 8 instructions: 221512726 cycles: 207987538 cumulative IPC: 1.065 (Simulation time: 14 hr 41 min 54 sec)
Simulation complete CPU 7 instructions: 472727927 cycles: 207987538 cumulative IPC: 2.273 (Simulation time: 14 hr 41 min 54 sec)
Simulation complete CPU 6 instructions: 258919281 cycles: 207987538 cumulative IPC: 1.245 (Simulation time: 14 hr 41 min 54 sec)
Simulation complete CPU 5 instructions: 733688859 cycles: 207987538 cumulative IPC: 3.528 (Simulation time: 14 hr 41 min 54 sec)
Simulation complete CPU 4 instructions: 700216101 cycles: 207987538 cumulative IPC: 3.367 (Simulation time: 14 hr 41 min 54 sec)
Simulation complete CPU 31 instructions: 445168894 cycles: 207987538 cumulative IPC: 2.14 (Simulation time: 14 hr 41 min 54 sec)
Simulation complete CPU 30 instructions: 697853198 cycles: 207987538 cumulative IPC: 3.355 (Simulation time: 14 hr 41 min 54 sec)
Simulation complete CPU 3 instructions: 469677377 cycles: 207987538 cumulative IPC: 2.258 (Simulation time: 14 hr 41 min 54 sec)
Simulation complete CPU 29 instructions: 954604683 cycles: 207987538 cumulative IPC: 4.59 (Simulation time: 14 hr 41 min 54 sec)
Simulation complete CPU 28 instructions: 781508428 cycles: 207987538 cumulative IPC: 3.757 (Simulation time: 14 hr 41 min 54 sec)
Simulation complete CPU 27 instructions: 299184857 cycles: 207987538 cumulative IPC: 1.438 (Simulation time: 14 hr 41 min 54 sec)
Simulation complete CPU 26 instructions: 251985866 cycles: 207987538 cumulative IPC: 1.212 (Simulation time: 14 hr 41 min 54 sec)
Simulation complete CPU 25 instructions: 260233727 cycles: 207987538 cumulative IPC: 1.251 (Simulation time: 14 hr 41 min 54 sec)
Simulation complete CPU 24 instructions: 724778370 cycles: 207987538 cumulative IPC: 3.485 (Simulation time: 14 hr 41 min 54 sec)
Simulation complete CPU 23 instructions: 379316317 cycles: 207987538 cumulative IPC: 1.824 (Simulation time: 14 hr 41 min 54 sec)
Simulation complete CPU 22 instructions: 566329183 cycles: 207987538 cumulative IPC: 2.723 (Simulation time: 14 hr 41 min 54 sec)
Simulation complete CPU 21 instructions: 258670564 cycles: 207987538 cumulative IPC: 1.244 (Simulation time: 14 hr 41 min 54 sec)
Simulation complete CPU 20 instructions: 272943734 cycles: 207987538 cumulative IPC: 1.312 (Simulation time: 14 hr 41 min 54 sec)
Simulation complete CPU 2 instructions: 222305457 cycles: 207987538 cumulative IPC: 1.069 (Simulation time: 14 hr 41 min 54 sec)
Simulation complete CPU 19 instructions: 257653930 cycles: 207987538 cumulative IPC: 1.239 (Simulation time: 14 hr 41 min 54 sec)
Simulation complete CPU 18 instructions: 385777478 cycles: 207987538 cumulative IPC: 1.855 (Simulation time: 14 hr 41 min 54 sec)
Simulation complete CPU 17 instructions: 735862578 cycles: 207987538 cumulative IPC: 3.538 (Simulation time: 14 hr 41 min 54 sec)
Simulation complete CPU 16 instructions: 377964705 cycles: 207987538 cumulative IPC: 1.817 (Simulation time: 14 hr 41 min 54 sec)
Simulation complete CPU 15 instructions: 200000001 cycles: 207987538 cumulative IPC: 0.9616 (Simulation time: 14 hr 41 min 54 sec)
Simulation complete CPU 14 instructions: 734832380 cycles: 207987538 cumulative IPC: 3.533 (Simulation time: 14 hr 41 min 54 sec)
Simulation complete CPU 13 instructions: 374539570 cycles: 207987538 cumulative IPC: 1.801 (Simulation time: 14 hr 41 min 54 sec)
Simulation complete CPU 12 instructions: 352036591 cycles: 207987538 cumulative IPC: 1.693 (Simulation time: 14 hr 41 min 54 sec)
Simulation complete CPU 11 instructions: 444833863 cycles: 207987538 cumulative IPC: 2.139 (Simulation time: 14 hr 41 min 54 sec)
Simulation complete CPU 10 instructions: 334060788 cycles: 207987538 cumulative IPC: 1.606 (Simulation time: 14 hr 41 min 54 sec)
Simulation complete CPU 1 instructions: 781506475 cycles: 207987538 cumulative IPC: 3.757 (Simulation time: 14 hr 41 min 54 sec)
Simulation complete CPU 0 instructions: 796416782 cycles: 207987538 cumulative IPC: 3.829 (Simulation time: 14 hr 41 min 54 sec)

ChampSim completed all CPUs

=== Simulation ===
CPU 0 runs /home/tandonmitul27/workspace/SPEC17/648.exchange2_s-72B.champsimtrace.xz
CPU 1 runs /home/tandonmitul27/workspace/SPEC17/648.exchange2_s-353B.champsimtrace.xz
CPU 2 runs /home/tandonmitul27/workspace/SPEC17/623.xalancbmk_s-592B.champsimtrace.xz
CPU 3 runs /home/tandonmitul27/workspace/SPEC17/600.perlbench_s-210B.champsimtrace.xz
CPU 4 runs /home/tandonmitul27/workspace/SPEC17/625.x264_s-33B.champsimtrace.xz
CPU 5 runs /home/tandonmitul27/workspace/SPEC17/625.x264_s-12B.champsimtrace.xz
CPU 6 runs /home/tandonmitul27/workspace/SPEC17/623.xalancbmk_s-325B.champsimtrace.xz
CPU 7 runs /home/tandonmitul27/workspace/SPEC17/654.roms_s-842B.champsimtrace.xz
CPU 8 runs /home/tandonmitul27/workspace/SPEC17/654.roms_s-1007B.champsimtrace.xz
CPU 9 runs /home/tandonmitul27/workspace/SPEC17/625.x264_s-33B.champsimtrace.xz
CPU 10 runs /home/tandonmitul27/workspace/SPEC17/644.nab_s-9322B.champsimtrace.xz
CPU 11 runs /home/tandonmitul27/workspace/SPEC17/628.pop2_s-17B.champsimtrace.xz
CPU 12 runs /home/tandonmitul27/workspace/SPEC17/654.roms_s-293B.champsimtrace.xz
CPU 13 runs /home/tandonmitul27/workspace/SPEC17/638.imagick_s-824B.champsimtrace.xz
CPU 14 runs /home/tandonmitul27/workspace/SPEC17/625.x264_s-12B.champsimtrace.xz
CPU 15 runs /home/tandonmitul27/workspace/SPEC17/623.xalancbmk_s-700B.champsimtrace.xz
CPU 16 runs /home/tandonmitul27/workspace/SPEC17/641.leela_s-800B.champsimtrace.xz
CPU 17 runs /home/tandonmitul27/workspace/SPEC17/625.x264_s-12B.champsimtrace.xz
CPU 18 runs /home/tandonmitul27/workspace/SPEC17/641.leela_s-862B.champsimtrace.xz
CPU 19 runs /home/tandonmitul27/workspace/SPEC17/654.roms_s-1613B.champsimtrace.xz
CPU 20 runs /home/tandonmitul27/workspace/SPEC17/631.deepsjeng_s-928B.champsimtrace.xz
CPU 21 runs /home/tandonmitul27/workspace/SPEC17/623.xalancbmk_s-325B.champsimtrace.xz
CPU 22 runs /home/tandonmitul27/workspace/SPEC17/657.xz_s-56B.champsimtrace.xz
CPU 23 runs /home/tandonmitul27/workspace/SPEC17/641.leela_s-149B.champsimtrace.xz
CPU 24 runs /home/tandonmitul27/workspace/SPEC17/603.bwaves_s-5359B.champsimtrace.xz
CPU 25 runs /home/tandonmitul27/workspace/SPEC17/600.perlbench_s-570B.champsimtrace.xz
CPU 26 runs /home/tandonmitul27/workspace/SPEC17/607.cactuBSSN_s-2421B.champsimtrace.xz
CPU 27 runs /home/tandonmitul27/workspace/SPEC17/644.nab_s-5853B.champsimtrace.xz
CPU 28 runs /home/tandonmitul27/workspace/SPEC17/648.exchange2_s-353B.champsimtrace.xz
CPU 29 runs /home/tandonmitul27/workspace/SPEC17/638.imagick_s-10316B.champsimtrace.xz
CPU 30 runs /home/tandonmitul27/workspace/SPEC17/603.bwaves_s-1080B.champsimtrace.xz
CPU 31 runs /home/tandonmitul27/workspace/SPEC17/628.pop2_s-17B.champsimtrace.xz

Total Simulation Statistics (not including warmup)

CPU 9 cumulative IPC: 3.37 instructions: 700857475 cycles: 207987538
CPU 9 Branch Prediction Accuracy: 98.36% MPKI: 0.7037 Average ROB Occupancy at Mispredict: 91.86
Branch type MPKI
BRANCH_DIRECT_JUMP: 0.0009817
BRANCH_INDIRECT: 0.0007362
BRANCH_CONDITIONAL: 0.6082
BRANCH_DIRECT_CALL: 0.0006578
BRANCH_INDIRECT_CALL: 0.01893
BRANCH_RETURN: 0.07418


CPU 8 cumulative IPC: 1.065 instructions: 221512726 cycles: 207987538
CPU 8 Branch Prediction Accuracy: 86.64% MPKI: 14.26 Average ROB Occupancy at Mispredict: 38.15
Branch type MPKI
BRANCH_DIRECT_JUMP: 0
BRANCH_INDIRECT: 0
BRANCH_CONDITIONAL: 7.142
BRANCH_DIRECT_CALL: 0
BRANCH_INDIRECT_CALL: 0
BRANCH_RETURN: 7.114


CPU 7 cumulative IPC: 2.273 instructions: 472727927 cycles: 207987538
CPU 7 Branch Prediction Accuracy: 96.31% MPKI: 5.803 Average ROB Occupancy at Mispredict: 74.11
Branch type MPKI
BRANCH_DIRECT_JUMP: 0.1371
BRANCH_INDIRECT: 0
BRANCH_CONDITIONAL: 3.794
BRANCH_DIRECT_CALL: 1.692e-05
BRANCH_INDIRECT_CALL: 0
BRANCH_RETURN: 1.871


CPU 6 cumulative IPC: 1.245 instructions: 258919281 cycles: 207987538
CPU 6 Branch Prediction Accuracy: 97.59% MPKI: 6.775 Average ROB Occupancy at Mispredict: 50.44
Branch type MPKI
BRANCH_DIRECT_JUMP: 0.139
BRANCH_INDIRECT: 0.4303
BRANCH_CONDITIONAL: 3.914
BRANCH_DIRECT_CALL: 0.0006218
BRANCH_INDIRECT_CALL: 0.4775
BRANCH_RETURN: 1.814


CPU 5 cumulative IPC: 3.528 instructions: 733688859 cycles: 207987538
CPU 5 Branch Prediction Accuracy: 98.69% MPKI: 0.5635 Average ROB Occupancy at Mispredict: 93.98
Branch type MPKI
BRANCH_DIRECT_JUMP: 0.0006951
BRANCH_INDIRECT: 0.0008437
BRANCH_CONDITIONAL: 0.4751
BRANCH_DIRECT_CALL: 0.000627
BRANCH_INDIRECT_CALL: 0.01645
BRANCH_RETURN: 0.06983


CPU 4 cumulative IPC: 3.367 instructions: 700216101 cycles: 207987538
CPU 4 Branch Prediction Accuracy: 98.36% MPKI: 0.704 Average ROB Occupancy at Mispredict: 91.44
Branch type MPKI
BRANCH_DIRECT_JUMP: 0.0009811
BRANCH_INDIRECT: 0.0007369
BRANCH_CONDITIONAL: 0.6086
BRANCH_DIRECT_CALL: 0.0006584
BRANCH_INDIRECT_CALL: 0.01894
BRANCH_RETURN: 0.07413


CPU 31 cumulative IPC: 2.14 instructions: 445168894 cycles: 207987538
CPU 31 Branch Prediction Accuracy: 98.85% MPKI: 1.792 Average ROB Occupancy at Mispredict: 65.13
Branch type MPKI
BRANCH_DIRECT_JUMP: 0.02828
BRANCH_INDIRECT: 0.0006514
BRANCH_CONDITIONAL: 1.691
BRANCH_DIRECT_CALL: 0.0006222
BRANCH_INDIRECT_CALL: 0
BRANCH_RETURN: 0.0709


CPU 30 cumulative IPC: 3.355 instructions: 697853198 cycles: 207987538
CPU 30 Branch Prediction Accuracy: 99.33% MPKI: 0.979 Average ROB Occupancy at Mispredict: 125.1
Branch type MPKI
BRANCH_DIRECT_JUMP: 0.1865
BRANCH_INDIRECT: 0
BRANCH_CONDITIONAL: 0.6658
BRANCH_DIRECT_CALL: 0
BRANCH_INDIRECT_CALL: 0
BRANCH_RETURN: 0.1267


CPU 3 cumulative IPC: 2.258 instructions: 469677377 cycles: 207987538
CPU 3 Branch Prediction Accuracy: 98.82% MPKI: 1.713 Average ROB Occupancy at Mispredict: 138.6
Branch type MPKI
BRANCH_DIRECT_JUMP: 0.03551
BRANCH_INDIRECT: 0.2963
BRANCH_CONDITIONAL: 1.298
BRANCH_DIRECT_CALL: 0.00547
BRANCH_INDIRECT_CALL: 0.07061
BRANCH_RETURN: 0.007273


CPU 29 cumulative IPC: 4.59 instructions: 954604683 cycles: 207987538
CPU 29 Branch Prediction Accuracy: 99.7% MPKI: 0.3128 Average ROB Occupancy at Mispredict: 108.4
Branch type MPKI
BRANCH_DIRECT_JUMP: 2.095e-06
BRANCH_INDIRECT: 0
BRANCH_CONDITIONAL: 0.3128
BRANCH_DIRECT_CALL: 0
BRANCH_INDIRECT_CALL: 0
BRANCH_RETURN: 0


CPU 28 cumulative IPC: 3.757 instructions: 781508428 cycles: 207987538
CPU 28 Branch Prediction Accuracy: 98.26% MPKI: 2.423 Average ROB Occupancy at Mispredict: 49.87
Branch type MPKI
BRANCH_DIRECT_JUMP: 0.08801
BRANCH_INDIRECT: 0
BRANCH_CONDITIONAL: 2.335
BRANCH_DIRECT_CALL: 0.0001075
BRANCH_INDIRECT_CALL: 0
BRANCH_RETURN: 0.0001075


CPU 27 cumulative IPC: 1.438 instructions: 299184857 cycles: 207987538
CPU 27 Branch Prediction Accuracy: 88.56% MPKI: 11.08 Average ROB Occupancy at Mispredict: 60.6
Branch type MPKI
BRANCH_DIRECT_JUMP: 0.0001337
BRANCH_INDIRECT: 0
BRANCH_CONDITIONAL: 5.547
BRANCH_DIRECT_CALL: 0
BRANCH_INDIRECT_CALL: 0
BRANCH_RETURN: 5.528


CPU 26 cumulative IPC: 1.212 instructions: 251985866 cycles: 207987538
CPU 26 Branch Prediction Accuracy: 99.85% MPKI: 0.001825 Average ROB Occupancy at Mispredict: 278.7
Branch type MPKI
BRANCH_DIRECT_JUMP: 3.968e-06
BRANCH_INDIRECT: 1.984e-05
BRANCH_CONDITIONAL: 0.001802
BRANCH_DIRECT_CALL: 0
BRANCH_INDIRECT_CALL: 0
BRANCH_RETURN: 0


CPU 25 cumulative IPC: 1.251 instructions: 260233727 cycles: 207987538
CPU 25 Branch Prediction Accuracy: 98.13% MPKI: 3.108 Average ROB Occupancy at Mispredict: 102.3
Branch type MPKI
BRANCH_DIRECT_JUMP: 0.09046
BRANCH_INDIRECT: 0.468
BRANCH_CONDITIONAL: 2.081
BRANCH_DIRECT_CALL: 0.03625
BRANCH_INDIRECT_CALL: 0.3996
BRANCH_RETURN: 0.03319


CPU 24 cumulative IPC: 3.485 instructions: 724778370 cycles: 207987538
CPU 24 Branch Prediction Accuracy: 99.53% MPKI: 0.6751 Average ROB Occupancy at Mispredict: 170.1
Branch type MPKI
BRANCH_DIRECT_JUMP: 0.05688
BRANCH_INDIRECT: 0
BRANCH_CONDITIONAL: 0.5575
BRANCH_DIRECT_CALL: 0
BRANCH_INDIRECT_CALL: 0
BRANCH_RETURN: 0.06071


CPU 23 cumulative IPC: 1.824 instructions: 379316317 cycles: 207987538
CPU 23 Branch Prediction Accuracy: 92.69% MPKI: 12.09 Average ROB Occupancy at Mispredict: 35.39
Branch type MPKI
BRANCH_DIRECT_JUMP: 0.1093
BRANCH_INDIRECT: 0.0006274
BRANCH_CONDITIONAL: 11.95
BRANCH_DIRECT_CALL: 0
BRANCH_INDIRECT_CALL: 0
BRANCH_RETURN: 0.02873


CPU 22 cumulative IPC: 2.723 instructions: 566329183 cycles: 207987538
CPU 22 Branch Prediction Accuracy: 100% MPKI: 0 Average ROB Occupancy at Mispredict: -
Branch type MPKI
BRANCH_DIRECT_JUMP: 0
BRANCH_INDIRECT: 0
BRANCH_CONDITIONAL: 0
BRANCH_DIRECT_CALL: 0
BRANCH_INDIRECT_CALL: 0
BRANCH_RETURN: 0


CPU 21 cumulative IPC: 1.244 instructions: 258670564 cycles: 207987538
CPU 21 Branch Prediction Accuracy: 97.59% MPKI: 6.776 Average ROB Occupancy at Mispredict: 50.49
Branch type MPKI
BRANCH_DIRECT_JUMP: 0.139
BRANCH_INDIRECT: 0.4303
BRANCH_CONDITIONAL: 3.914
BRANCH_DIRECT_CALL: 0.0006224
BRANCH_INDIRECT_CALL: 0.4776
BRANCH_RETURN: 1.814


CPU 20 cumulative IPC: 1.312 instructions: 272943734 cycles: 207987538
CPU 20 Branch Prediction Accuracy: 95.64% MPKI: 6.428 Average ROB Occupancy at Mispredict: 69.46
Branch type MPKI
BRANCH_DIRECT_JUMP: 0.01599
BRANCH_INDIRECT: 0.009057
BRANCH_CONDITIONAL: 5.854
BRANCH_DIRECT_CALL: 0.01795
BRANCH_INDIRECT_CALL: 0
BRANCH_RETURN: 0.5312


CPU 2 cumulative IPC: 1.069 instructions: 222305457 cycles: 207987538
CPU 2 Branch Prediction Accuracy: 98.2% MPKI: 5.243 Average ROB Occupancy at Mispredict: 57.95
Branch type MPKI
BRANCH_DIRECT_JUMP: 0.1052
BRANCH_INDIRECT: 0.3405
BRANCH_CONDITIONAL: 3.056
BRANCH_DIRECT_CALL: 9.896e-05
BRANCH_INDIRECT_CALL: 0.355
BRANCH_RETURN: 1.386


CPU 19 cumulative IPC: 1.239 instructions: 257653930 cycles: 207987538
CPU 19 Branch Prediction Accuracy: 86.13% MPKI: 14.21 Average ROB Occupancy at Mispredict: 44.87
Branch type MPKI
BRANCH_DIRECT_JUMP: 0
BRANCH_INDIRECT: 0
BRANCH_CONDITIONAL: 7.114
BRANCH_DIRECT_CALL: 0
BRANCH_INDIRECT_CALL: 0
BRANCH_RETURN: 7.094


CPU 18 cumulative IPC: 1.855 instructions: 385777478 cycles: 207987538
CPU 18 Branch Prediction Accuracy: 92.56% MPKI: 12.23 Average ROB Occupancy at Mispredict: 35.82
Branch type MPKI
BRANCH_DIRECT_JUMP: 0.07633
BRANCH_INDIRECT: 0.0004303
BRANCH_CONDITIONAL: 12.12
BRANCH_DIRECT_CALL: 1.037e-05
BRANCH_INDIRECT_CALL: 0
BRANCH_RETURN: 0.03155


CPU 17 cumulative IPC: 3.538 instructions: 735862578 cycles: 207987538
CPU 17 Branch Prediction Accuracy: 98.7% MPKI: 0.5627 Average ROB Occupancy at Mispredict: 94.72
Branch type MPKI
BRANCH_DIRECT_JUMP: 0.0006944
BRANCH_INDIRECT: 0.0008425
BRANCH_CONDITIONAL: 0.4742
BRANCH_DIRECT_CALL: 0.0006251
BRANCH_INDIRECT_CALL: 0.01642
BRANCH_RETURN: 0.06985


CPU 16 cumulative IPC: 1.817 instructions: 377964705 cycles: 207987538
CPU 16 Branch Prediction Accuracy: 92.64% MPKI: 12.04 Average ROB Occupancy at Mispredict: 36.23
Branch type MPKI
BRANCH_DIRECT_JUMP: 0.07517
BRANCH_INDIRECT: 0.0009419
BRANCH_CONDITIONAL: 11.94
BRANCH_DIRECT_CALL: 0.0004074
BRANCH_INDIRECT_CALL: 5.291e-05
BRANCH_RETURN: 0.02797


CPU 15 cumulative IPC: 0.9616 instructions: 200000001 cycles: 207987538
CPU 15 Branch Prediction Accuracy: 97.77% MPKI: 6.178 Average ROB Occupancy at Mispredict: 54.07
Branch type MPKI
BRANCH_DIRECT_JUMP: 0.1266
BRANCH_INDIRECT: 0.3881
BRANCH_CONDITIONAL: 3.583
BRANCH_DIRECT_CALL: 0.00063
BRANCH_INDIRECT_CALL: 0.4305
BRANCH_RETURN: 1.65


CPU 14 cumulative IPC: 3.533 instructions: 734832380 cycles: 207987538
CPU 14 Branch Prediction Accuracy: 98.69% MPKI: 0.5628 Average ROB Occupancy at Mispredict: 93.92
Branch type MPKI
BRANCH_DIRECT_JUMP: 0.000694
BRANCH_INDIRECT: 0.0008424
BRANCH_CONDITIONAL: 0.4744
BRANCH_DIRECT_CALL: 0.000626
BRANCH_INDIRECT_CALL: 0.01642
BRANCH_RETURN: 0.06979


CPU 13 cumulative IPC: 1.801 instructions: 374539570 cycles: 207987538
CPU 13 Branch Prediction Accuracy: 99.95% MPKI: 0.08813 Average ROB Occupancy at Mispredict: 452.5
Branch type MPKI
BRANCH_DIRECT_JUMP: 0
BRANCH_INDIRECT: 5.34e-06
BRANCH_CONDITIONAL: 0.08812
BRANCH_DIRECT_CALL: 0
BRANCH_INDIRECT_CALL: 0
BRANCH_RETURN: 0


CPU 12 cumulative IPC: 1.693 instructions: 352036591 cycles: 207987538
CPU 12 Branch Prediction Accuracy: 99.92% MPKI: 0.03304 Average ROB Occupancy at Mispredict: 422.6
Branch type MPKI
BRANCH_DIRECT_JUMP: 3.409e-05
BRANCH_INDIRECT: 0
BRANCH_CONDITIONAL: 0.03284
BRANCH_DIRECT_CALL: 8.522e-05
BRANCH_INDIRECT_CALL: 0
BRANCH_RETURN: 8.522e-05


CPU 11 cumulative IPC: 2.139 instructions: 444833863 cycles: 207987538
CPU 11 Branch Prediction Accuracy: 98.85% MPKI: 1.792 Average ROB Occupancy at Mispredict: 65.16
Branch type MPKI
BRANCH_DIRECT_JUMP: 0.0283
BRANCH_INDIRECT: 0.0006519
BRANCH_CONDITIONAL: 1.691
BRANCH_DIRECT_CALL: 0.0006227
BRANCH_INDIRECT_CALL: 0
BRANCH_RETURN: 0.07096


CPU 10 cumulative IPC: 1.606 instructions: 334060788 cycles: 207987538
CPU 10 Branch Prediction Accuracy: 97.02% MPKI: 3.833 Average ROB Occupancy at Mispredict: 102.8
Branch type MPKI
BRANCH_DIRECT_JUMP: 0
BRANCH_INDIRECT: 0
BRANCH_CONDITIONAL: 3.833
BRANCH_DIRECT_CALL: 0
BRANCH_INDIRECT_CALL: 0
BRANCH_RETURN: 0


CPU 1 cumulative IPC: 3.757 instructions: 781506475 cycles: 207987538
CPU 1 Branch Prediction Accuracy: 98.26% MPKI: 2.423 Average ROB Occupancy at Mispredict: 49.87
Branch type MPKI
BRANCH_DIRECT_JUMP: 0.08801
BRANCH_INDIRECT: 0
BRANCH_CONDITIONAL: 2.335
BRANCH_DIRECT_CALL: 0.0001075
BRANCH_INDIRECT_CALL: 0
BRANCH_RETURN: 0.0001075


CPU 0 cumulative IPC: 3.829 instructions: 796416782 cycles: 207987538
CPU 0 Branch Prediction Accuracy: 98.36% MPKI: 2.277 Average ROB Occupancy at Mispredict: 48.35
Branch type MPKI
BRANCH_DIRECT_JUMP: 0.05721
BRANCH_INDIRECT: 0
BRANCH_CONDITIONAL: 2.22
BRANCH_DIRECT_CALL: 5.022e-06
BRANCH_INDIRECT_CALL: 0
BRANCH_RETURN: 5.022e-06

cpu9->cpu9_STLB TOTAL        ACCESS:     654729 HIT:     642689 MISS:      12040 MSHR_MERGE:          0
cpu9->cpu9_STLB LOAD         ACCESS:     654729 HIT:     642689 MISS:      12040 MSHR_MERGE:          0
cpu9->cpu9_STLB RFO          ACCESS:          0 HIT:          0 MISS:          0 MSHR_MERGE:          0
cpu9->cpu9_STLB PREFETCH     ACCESS:          0 HIT:          0 MISS:          0 MSHR_MERGE:          0
cpu9->cpu9_STLB WRITE        ACCESS:          0 HIT:          0 MISS:          0 MSHR_MERGE:          0
cpu9->cpu9_STLB TRANSLATION  ACCESS:          0 HIT:          0 MISS:          0 MSHR_MERGE:          0
cpu9->cpu9_STLB PREFETCH REQUESTED:          0 ISSUED:          0 USEFUL:          0 USELESS:          0
cpu9->cpu9_STLB AVERAGE MISS LATENCY: 1123 cycles
cpu0->cpu9_L2C TOTAL        ACCESS:        239 HIT:        217 MISS:         22 MSHR_MERGE:          0
cpu0->cpu9_L2C LOAD         ACCESS:          0 HIT:          0 MISS:          0 MSHR_MERGE:          0
cpu0->cpu9_L2C RFO          ACCESS:          0 HIT:          0 MISS:          0 MSHR_MERGE:          0
cpu0->cpu9_L2C PREFETCH     ACCESS:          0 HIT:          0 MISS:          0 MSHR_MERGE:          0
cpu0->cpu9_L2C WRITE        ACCESS:        239 HIT:        217 MISS:         22 MSHR_MERGE:          0
cpu0->cpu9_L2C TRANSLATION  ACCESS:          0 HIT:          0 MISS:          0 MSHR_MERGE:          0
cpu0->cpu9_L2C PREFETCH REQUESTED:    5380191 ISSUED:    5180178 USEFUL:      72297 USELESS:       2311
cpu0->cpu9_L2C AVERAGE MISS LATENCY: 1.091e+07 cycles
cpu9->cpu9_L2C TOTAL        ACCESS:    8465762 HIT:    5514523 MISS:    2951239 MSHR_MERGE:     409534
cpu9->cpu9_L2C LOAD         ACCESS:    1934771 HIT:    1554088 MISS:     380683 MSHR_MERGE:      39252
cpu9->cpu9_L2C RFO          ACCESS:     374954 HIT:     104849 MISS:     270105 MSHR_MERGE:         24
cpu9->cpu9_L2C PREFETCH     ACCESS:    5679716 HIT:    3490601 MISS:    2189115 MSHR_MERGE:     370258
cpu9->cpu9_L2C WRITE        ACCESS:     457730 HIT:     364701 MISS:      93029 MSHR_MERGE:          0
cpu9->cpu9_L2C TRANSLATION  ACCESS:      18591 HIT:        284 MISS:      18307 MSHR_MERGE:          0
cpu9->cpu9_L2C PREFETCH REQUESTED:    5380191 ISSUED:    5180178 USEFUL:      72297 USELESS:       2311
cpu9->cpu9_L2C AVERAGE MISS LATENCY: 315 cycles
cpu9_L2C FLUSH STALL CYCLES: 19441
cpu9->cpu9_L1I TOTAL        ACCESS:  179389149 HIT:  176220474 MISS:    3168675 MSHR_MERGE:    1607596
cpu9->cpu9_L1I LOAD         ACCESS:   95538045 HIT:   93553476 MISS:    1984569 MSHR_MERGE:     829701
cpu9->cpu9_L1I RFO          ACCESS:          0 HIT:          0 MISS:          0 MSHR_MERGE:          0
cpu9->cpu9_L1I PREFETCH     ACCESS:   83851104 HIT:   82666998 MISS:    1184106 MSHR_MERGE:     777895
cpu9->cpu9_L1I WRITE        ACCESS:          0 HIT:          0 MISS:          0 MSHR_MERGE:          0
cpu9->cpu9_L1I TRANSLATION  ACCESS:          0 HIT:          0 MISS:          0 MSHR_MERGE:          0
cpu9->cpu9_L1I PREFETCH REQUESTED:   95554915 ISSUED:   83851072 USEFUL:     194982 USELESS:     211179
cpu9->cpu9_L1I AVERAGE MISS LATENCY: 10.89 cycles
cpu9->cpu9_L1D TOTAL        ACCESS:  130169029 HIT:  123817079 MISS:    6351950 MSHR_MERGE:    5084227
cpu9->cpu9_L1D LOAD         ACCESS:   76168434 HIT:   74257987 MISS:    1910447 MSHR_MERGE:    1130537
cpu9->cpu9_L1D RFO          ACCESS:          0 HIT:          0 MISS:          0 MSHR_MERGE:          0
cpu9->cpu9_L1D PREFETCH     ACCESS:    5287953 HIT:    5135400 MISS:     152553 MSHR_MERGE:      58469
cpu9->cpu9_L1D WRITE        ACCESS:   48688518 HIT:   44419691 MISS:    4268827 MSHR_MERGE:    3893689
cpu9->cpu9_L1D TRANSLATION  ACCESS:      24124 HIT:       4001 MISS:      20123 MSHR_MERGE:       1532
cpu9->cpu9_L1D PREFETCH REQUESTED:    5561238 ISSUED:    5287942 USEFUL:      40012 USELESS:      15706
cpu9->cpu9_L1D AVERAGE MISS LATENCY: 213.3 cycles
cpu9_L1D FLUSH STALL CYCLES: 175
cpu9->cpu9_ITLB TOTAL        ACCESS:  123366714 HIT:  123362611 MISS:       4103 MSHR_MERGE:       2774
cpu9->cpu9_ITLB LOAD         ACCESS:  123366714 HIT:  123362611 MISS:       4103 MSHR_MERGE:       2774
cpu9->cpu9_ITLB RFO          ACCESS:          0 HIT:          0 MISS:          0 MSHR_MERGE:          0
cpu9->cpu9_ITLB PREFETCH     ACCESS:          0 HIT:          0 MISS:          0 MSHR_MERGE:          0
cpu9->cpu9_ITLB WRITE        ACCESS:          0 HIT:          0 MISS:          0 MSHR_MERGE:          0
cpu9->cpu9_ITLB TRANSLATION  ACCESS:          0 HIT:          0 MISS:          0 MSHR_MERGE:          0
cpu9->cpu9_ITLB PREFETCH REQUESTED:          0 ISSUED:          0 USEFUL:          0 USELESS:          0
cpu9->cpu9_ITLB AVERAGE MISS LATENCY: 202 cycles
cpu9->cpu9_DTLB TOTAL        ACCESS:  115851722 HIT:  114550534 MISS:    1301188 MSHR_MERGE:     647788
cpu9->cpu9_DTLB LOAD         ACCESS:  115851722 HIT:  114550534 MISS:    1301188 MSHR_MERGE:     647788
cpu9->cpu9_DTLB RFO          ACCESS:          0 HIT:          0 MISS:          0 MSHR_MERGE:          0
cpu9->cpu9_DTLB PREFETCH     ACCESS:          0 HIT:          0 MISS:          0 MSHR_MERGE:          0
cpu9->cpu9_DTLB WRITE        ACCESS:          0 HIT:          0 MISS:          0 MSHR_MERGE:          0
cpu9->cpu9_DTLB TRANSLATION  ACCESS:          0 HIT:          0 MISS:          0 MSHR_MERGE:          0
cpu9->cpu9_DTLB PREFETCH REQUESTED:          0 ISSUED:          0 USEFUL:          0 USELESS:          0
cpu9->cpu9_DTLB AVERAGE MISS LATENCY: 25.31 cycles
cpu8->cpu8_STLB TOTAL        ACCESS:      35446 HIT:        656 MISS:      34790 MSHR_MERGE:          0
cpu8->cpu8_STLB LOAD         ACCESS:      35446 HIT:        656 MISS:      34790 MSHR_MERGE:          0
cpu8->cpu8_STLB RFO          ACCESS:          0 HIT:          0 MISS:          0 MSHR_MERGE:          0
cpu8->cpu8_STLB PREFETCH     ACCESS:          0 HIT:          0 MISS:          0 MSHR_MERGE:          0
cpu8->cpu8_STLB WRITE        ACCESS:          0 HIT:          0 MISS:          0 MSHR_MERGE:          0
cpu8->cpu8_STLB TRANSLATION  ACCESS:          0 HIT:          0 MISS:          0 MSHR_MERGE:          0
cpu8->cpu8_STLB PREFETCH REQUESTED:          0 ISSUED:          0 USEFUL:          0 USELESS:          0
cpu8->cpu8_STLB AVERAGE MISS LATENCY: 820.1 cycles
cpu0->cpu8_L2C TOTAL        ACCESS:        420 HIT:        243 MISS:        177 MSHR_MERGE:          0
cpu0->cpu8_L2C LOAD         ACCESS:          0 HIT:          0 MISS:          0 MSHR_MERGE:          0
cpu0->cpu8_L2C RFO          ACCESS:          0 HIT:          0 MISS:          0 MSHR_MERGE:          0
cpu0->cpu8_L2C PREFETCH     ACCESS:          0 HIT:          0 MISS:          0 MSHR_MERGE:          0
cpu0->cpu8_L2C WRITE        ACCESS:        420 HIT:        243 MISS:        177 MSHR_MERGE:          0
cpu0->cpu8_L2C TRANSLATION  ACCESS:          0 HIT:          0 MISS:          0 MSHR_MERGE:          0
cpu0->cpu8_L2C PREFETCH REQUESTED:   13713202 ISSUED:   12270309 USEFUL:     558260 USELESS:       8735
cpu0->cpu8_L2C AVERAGE MISS LATENCY: 1.912e+06 cycles
cpu8->cpu8_L2C TOTAL        ACCESS:   14312201 HIT:     970360 MISS:   13341841 MSHR_MERGE:     303122
cpu8->cpu8_L2C LOAD         ACCESS:     919770 HIT:     557398 MISS:     362372 MSHR_MERGE:      46584
cpu8->cpu8_L2C RFO          ACCESS:     499385 HIT:        520 MISS:     498865 MSHR_MERGE:          0
cpu8->cpu8_L2C PREFETCH     ACCESS:   12350941 HIT:     102402 MISS:   12248539 MSHR_MERGE:     256538
cpu8->cpu8_L2C WRITE        ACCESS:     499645 HIT:     309858 MISS:     189787 MSHR_MERGE:          0
cpu8->cpu8_L2C TRANSLATION  ACCESS:      42460 HIT:        182 MISS:      42278 MSHR_MERGE:          0
cpu8->cpu8_L2C PREFETCH REQUESTED:   13713202 ISSUED:   12270309 USEFUL:     558260 USELESS:       8735
cpu8->cpu8_L2C AVERAGE MISS LATENCY: 309.6 cycles
cpu8_L2C FLUSH STALL CYCLES: 17952
cpu8->cpu8_L1I TOTAL        ACCESS:   13369529 HIT:   13369529 MISS:          0 MSHR_MERGE:          0
cpu8->cpu8_L1I LOAD         ACCESS:    6684752 HIT:    6684752 MISS:          0 MSHR_MERGE:          0
cpu8->cpu8_L1I RFO          ACCESS:          0 HIT:          0 MISS:          0 MSHR_MERGE:          0
cpu8->cpu8_L1I PREFETCH     ACCESS:    6684777 HIT:    6684777 MISS:          0 MSHR_MERGE:          0
cpu8->cpu8_L1I WRITE        ACCESS:          0 HIT:          0 MISS:          0 MSHR_MERGE:          0
cpu8->cpu8_L1I TRANSLATION  ACCESS:          0 HIT:          0 MISS:          0 MSHR_MERGE:          0
cpu8->cpu8_L1I PREFETCH REQUESTED:    6684752 ISSUED:    6684745 USEFUL:          0 USELESS:          0
cpu8->cpu8_L1I AVERAGE MISS LATENCY: - cycles
cpu8->cpu8_L1D TOTAL        ACCESS:   63581784 HIT:   58111018 MISS:    5470766 MSHR_MERGE:    3928455
cpu8->cpu8_L1D LOAD         ACCESS:   37397656 HIT:   35318824 MISS:    2078832 MSHR_MERGE:    1159062
cpu8->cpu8_L1D RFO          ACCESS:          0 HIT:          0 MISS:          0 MSHR_MERGE:          0
cpu8->cpu8_L1D PREFETCH     ACCESS:     100058 HIT:       8235 MISS:      91823 MSHR_MERGE:      11137
cpu8->cpu8_L1D WRITE        ACCESS:   26014353 HIT:   22756924 MISS:    3257429 MSHR_MERGE:    2758034
cpu8->cpu8_L1D TRANSLATION  ACCESS:      69717 HIT:      27035 MISS:      42682 MSHR_MERGE:        222
cpu8->cpu8_L1D PREFETCH REQUESTED:     100068 ISSUED:     100057 USEFUL:      29307 USELESS:       1373
cpu8->cpu8_L1D AVERAGE MISS LATENCY: 240.5 cycles
cpu8_L1D FLUSH STALL CYCLES: 356
cpu8->cpu8_ITLB TOTAL        ACCESS:   10125539 HIT:   10125539 MISS:          0 MSHR_MERGE:          0
cpu8->cpu8_ITLB LOAD         ACCESS:   10125539 HIT:   10125539 MISS:          0 MSHR_MERGE:          0
cpu8->cpu8_ITLB RFO          ACCESS:          0 HIT:          0 MISS:          0 MSHR_MERGE:          0
cpu8->cpu8_ITLB PREFETCH     ACCESS:          0 HIT:          0 MISS:          0 MSHR_MERGE:          0
cpu8->cpu8_ITLB WRITE        ACCESS:          0 HIT:          0 MISS:          0 MSHR_MERGE:          0
cpu8->cpu8_ITLB TRANSLATION  ACCESS:          0 HIT:          0 MISS:          0 MSHR_MERGE:          0
cpu8->cpu8_ITLB PREFETCH REQUESTED:          0 ISSUED:          0 USEFUL:          0 USELESS:          0
cpu8->cpu8_ITLB AVERAGE MISS LATENCY: - cycles
cpu8->cpu8_DTLB TOTAL        ACCESS:   60799754 HIT:   60516951 MISS:     282803 MSHR_MERGE:     247357
cpu8->cpu8_DTLB LOAD         ACCESS:   60799754 HIT:   60516951 MISS:     282803 MSHR_MERGE:     247357
cpu8->cpu8_DTLB RFO          ACCESS:          0 HIT:          0 MISS:          0 MSHR_MERGE:          0
cpu8->cpu8_DTLB PREFETCH     ACCESS:          0 HIT:          0 MISS:          0 MSHR_MERGE:          0
cpu8->cpu8_DTLB WRITE        ACCESS:          0 HIT:          0 MISS:          0 MSHR_MERGE:          0
cpu8->cpu8_DTLB TRANSLATION  ACCESS:          0 HIT:          0 MISS:          0 MSHR_MERGE:          0
cpu8->cpu8_DTLB PREFETCH REQUESTED:          0 ISSUED:          0 USEFUL:          0 USELESS:          0
cpu8->cpu8_DTLB AVERAGE MISS LATENCY: 810.9 cycles
cpu7->cpu7_STLB TOTAL        ACCESS:       6348 HIT:        493 MISS:       5855 MSHR_MERGE:          0
cpu7->cpu7_STLB LOAD         ACCESS:       6348 HIT:        493 MISS:       5855 MSHR_MERGE:          0
cpu7->cpu7_STLB RFO          ACCESS:          0 HIT:          0 MISS:          0 MSHR_MERGE:          0
cpu7->cpu7_STLB PREFETCH     ACCESS:          0 HIT:          0 MISS:          0 MSHR_MERGE:          0
cpu7->cpu7_STLB WRITE        ACCESS:          0 HIT:          0 MISS:          0 MSHR_MERGE:          0
cpu7->cpu7_STLB TRANSLATION  ACCESS:          0 HIT:          0 MISS:          0 MSHR_MERGE:          0
cpu7->cpu7_STLB PREFETCH REQUESTED:          0 ISSUED:          0 USEFUL:          0 USELESS:          0
cpu7->cpu7_STLB AVERAGE MISS LATENCY: 976.6 cycles
cpu0->cpu7_L2C TOTAL        ACCESS:        436 HIT:        206 MISS:        230 MSHR_MERGE:          0
cpu0->cpu7_L2C LOAD         ACCESS:          0 HIT:          0 MISS:          0 MSHR_MERGE:          0
cpu0->cpu7_L2C RFO          ACCESS:          0 HIT:          0 MISS:          0 MSHR_MERGE:          0
cpu0->cpu7_L2C PREFETCH     ACCESS:          0 HIT:          0 MISS:          0 MSHR_MERGE:          0
cpu0->cpu7_L2C WRITE        ACCESS:        436 HIT:        206 MISS:        230 MSHR_MERGE:          0
cpu0->cpu7_L2C TRANSLATION  ACCESS:          0 HIT:          0 MISS:          0 MSHR_MERGE:          0
cpu0->cpu7_L2C PREFETCH REQUESTED:    2479425 ISSUED:    2412070 USEFUL:      85357 USELESS:       1453
cpu0->cpu7_L2C AVERAGE MISS LATENCY: 3.555e+05 cycles
cpu7->cpu7_L2C TOTAL        ACCESS:    2836291 HIT:     214730 MISS:    2621561 MSHR_MERGE:      97682
cpu7->cpu7_L2C LOAD         ACCESS:     159084 HIT:      85110 MISS:      73974 MSHR_MERGE:      14405
cpu7->cpu7_L2C RFO          ACCESS:     115267 HIT:       1007 MISS:     114260 MSHR_MERGE:          0
cpu7->cpu7_L2C PREFETCH     ACCESS:    2439676 HIT:      51964 MISS:    2387712 MSHR_MERGE:      83277
cpu7->cpu7_L2C WRITE        ACCESS:     115315 HIT:      76647 MISS:      38668 MSHR_MERGE:          0
cpu7->cpu7_L2C TRANSLATION  ACCESS:       6949 HIT:          2 MISS:       6947 MSHR_MERGE:          0
cpu7->cpu7_L2C PREFETCH REQUESTED:    2479425 ISSUED:    2412070 USEFUL:      85357 USELESS:       1453
cpu7->cpu7_L2C AVERAGE MISS LATENCY: 349.7 cycles
cpu7_L2C FLUSH STALL CYCLES: 13613
cpu7->cpu7_L1I TOTAL        ACCESS:   24866046 HIT:   24865888 MISS:        158 MSHR_MERGE:         65
cpu7->cpu7_L1I LOAD         ACCESS:   12476171 HIT:   12476112 MISS:         59 MSHR_MERGE:         16
cpu7->cpu7_L1I RFO          ACCESS:          0 HIT:          0 MISS:          0 MSHR_MERGE:          0
cpu7->cpu7_L1I PREFETCH     ACCESS:   12389875 HIT:   12389776 MISS:         99 MSHR_MERGE:         49
cpu7->cpu7_L1I WRITE        ACCESS:          0 HIT:          0 MISS:          0 MSHR_MERGE:          0
cpu7->cpu7_L1I TRANSLATION  ACCESS:          0 HIT:          0 MISS:          0 MSHR_MERGE:          0
cpu7->cpu7_L1I PREFETCH REQUESTED:   12476171 ISSUED:   12389875 USEFUL:         28 USELESS:          0
cpu7->cpu7_L1I AVERAGE MISS LATENCY: 281.9 cycles
cpu7->cpu7_L1D TOTAL        ACCESS:   89841472 HIT:   88785455 MISS:    1056017 MSHR_MERGE:     747194
cpu7->cpu7_L1D LOAD         ACCESS:   53256876 HIT:   52896116 MISS:     360760 MSHR_MERGE:     201719
cpu7->cpu7_L1D RFO          ACCESS:          0 HIT:          0 MISS:          0 MSHR_MERGE:          0
cpu7->cpu7_L1D PREFETCH     ACCESS:      95258 HIT:      63545 MISS:      31713 MSHR_MERGE:       4149
cpu7->cpu7_L1D WRITE        ACCESS:   36477613 HIT:   35821046 MISS:     656567 MSHR_MERGE:     541298
cpu7->cpu7_L1D TRANSLATION  ACCESS:      11725 HIT:       4748 MISS:       6977 MSHR_MERGE:         28
cpu7->cpu7_L1D PREFETCH REQUESTED:      95260 ISSUED:      95258 USEFUL:      13158 USELESS:        745
cpu7->cpu7_L1D AVERAGE MISS LATENCY: 298.5 cycles
cpu7_L1D FLUSH STALL CYCLES: 372
cpu7->cpu7_ITLB TOTAL        ACCESS:   19682268 HIT:   19682258 MISS:         10 MSHR_MERGE:          3
cpu7->cpu7_ITLB LOAD         ACCESS:   19682268 HIT:   19682258 MISS:         10 MSHR_MERGE:          3
cpu7->cpu7_ITLB RFO          ACCESS:          0 HIT:          0 MISS:          0 MSHR_MERGE:          0
cpu7->cpu7_ITLB PREFETCH     ACCESS:          0 HIT:          0 MISS:          0 MSHR_MERGE:          0
cpu7->cpu7_ITLB WRITE        ACCESS:          0 HIT:          0 MISS:          0 MSHR_MERGE:          0
cpu7->cpu7_ITLB TRANSLATION  ACCESS:          0 HIT:          0 MISS:          0 MSHR_MERGE:          0
cpu7->cpu7_ITLB PREFETCH REQUESTED:          0 ISSUED:          0 USEFUL:          0 USELESS:          0
cpu7->cpu7_ITLB AVERAGE MISS LATENCY: 1351 cycles
cpu7->cpu7_DTLB TOTAL        ACCESS:   83900990 HIT:   83846637 MISS:      54353 MSHR_MERGE:      48012
cpu7->cpu7_DTLB LOAD         ACCESS:   83900990 HIT:   83846637 MISS:      54353 MSHR_MERGE:      48012
cpu7->cpu7_DTLB RFO          ACCESS:          0 HIT:          0 MISS:          0 MSHR_MERGE:          0
cpu7->cpu7_DTLB PREFETCH     ACCESS:          0 HIT:          0 MISS:          0 MSHR_MERGE:          0
cpu7->cpu7_DTLB WRITE        ACCESS:          0 HIT:          0 MISS:          0 MSHR_MERGE:          0
cpu7->cpu7_DTLB TRANSLATION  ACCESS:          0 HIT:          0 MISS:          0 MSHR_MERGE:          0
cpu7->cpu7_DTLB PREFETCH REQUESTED:          0 ISSUED:          0 USEFUL:          0 USELESS:          0
cpu7->cpu7_DTLB AVERAGE MISS LATENCY: 906.2 cycles
cpu6->cpu6_STLB TOTAL        ACCESS:    5709984 HIT:    5702397 MISS:       7587 MSHR_MERGE:          0
cpu6->cpu6_STLB LOAD         ACCESS:    5709984 HIT:    5702397 MISS:       7587 MSHR_MERGE:          0
cpu6->cpu6_STLB RFO          ACCESS:          0 HIT:          0 MISS:          0 MSHR_MERGE:          0
cpu6->cpu6_STLB PREFETCH     ACCESS:          0 HIT:          0 MISS:          0 MSHR_MERGE:          0
cpu6->cpu6_STLB WRITE        ACCESS:          0 HIT:          0 MISS:          0 MSHR_MERGE:          0
cpu6->cpu6_STLB TRANSLATION  ACCESS:          0 HIT:          0 MISS:          0 MSHR_MERGE:          0
cpu6->cpu6_STLB PREFETCH REQUESTED:          0 ISSUED:          0 USEFUL:          0 USELESS:          0
cpu6->cpu6_STLB AVERAGE MISS LATENCY: 793.3 cycles
cpu0->cpu6_L2C TOTAL        ACCESS:        197 HIT:        197 MISS:          0 MSHR_MERGE:          0
cpu0->cpu6_L2C LOAD         ACCESS:          0 HIT:          0 MISS:          0 MSHR_MERGE:          0
cpu0->cpu6_L2C RFO          ACCESS:          0 HIT:          0 MISS:          0 MSHR_MERGE:          0
cpu0->cpu6_L2C PREFETCH     ACCESS:          0 HIT:          0 MISS:          0 MSHR_MERGE:          0
cpu0->cpu6_L2C WRITE        ACCESS:        197 HIT:        197 MISS:          0 MSHR_MERGE:          0
cpu0->cpu6_L2C TRANSLATION  ACCESS:          0 HIT:          0 MISS:          0 MSHR_MERGE:          0
cpu0->cpu6_L2C PREFETCH REQUESTED:   13089197 ISSUED:   13089193 USEFUL:       1928 USELESS:       5467
cpu0->cpu6_L2C AVERAGE MISS LATENCY: - cycles
cpu6->cpu6_L2C TOTAL        ACCESS:   26037460 HIT:   22985321 MISS:    3052139 MSHR_MERGE:      20631
cpu6->cpu6_L2C LOAD         ACCESS:    9819644 HIT:    9759037 MISS:      60607 MSHR_MERGE:         37
cpu6->cpu6_L2C RFO          ACCESS:     434400 HIT:     154014 MISS:     280386 MSHR_MERGE:        224
cpu6->cpu6_L2C PREFETCH     ACCESS:   15058243 HIT:   12378167 MISS:    2680076 MSHR_MERGE:      20370
cpu6->cpu6_L2C WRITE        ACCESS:     711238 HIT:     692128 MISS:      19110 MSHR_MERGE:          0
cpu6->cpu6_L2C TRANSLATION  ACCESS:      13935 HIT:       1975 MISS:      11960 MSHR_MERGE:          0
cpu6->cpu6_L2C PREFETCH REQUESTED:   13089197 ISSUED:   13089193 USEFUL:       1928 USELESS:       5467
cpu6->cpu6_L2C AVERAGE MISS LATENCY: 412.1 cycles
cpu6_L2C FLUSH STALL CYCLES: 29656
cpu6->cpu6_L1I TOTAL        ACCESS:   88895752 HIT:   84416555 MISS:    4479197 MSHR_MERGE:    1593293
cpu6->cpu6_L1I LOAD         ACCESS:   44952949 HIT:   42613777 MISS:    2339172 MSHR_MERGE:     795308
cpu6->cpu6_L1I RFO          ACCESS:          0 HIT:          0 MISS:          0 MSHR_MERGE:          0
cpu6->cpu6_L1I PREFETCH     ACCESS:   43942803 HIT:   41802778 MISS:    2140025 MSHR_MERGE:     797985
cpu6->cpu6_L1I WRITE        ACCESS:          0 HIT:          0 MISS:          0 MSHR_MERGE:          0
cpu6->cpu6_L1I TRANSLATION  ACCESS:          0 HIT:          0 MISS:          0 MSHR_MERGE:          0
cpu6->cpu6_L1I PREFETCH REQUESTED:   44963546 ISSUED:   43942787 USEFUL:     563023 USELESS:     778992
cpu6->cpu6_L1I AVERAGE MISS LATENCY: 10.03 cycles
cpu6->cpu6_L1D TOTAL        ACCESS:   85833177 HIT:   72734260 MISS:   13098917 MSHR_MERGE:    3747735
cpu6->cpu6_L1D LOAD         ACCESS:   54904988 HIT:   44572196 MISS:   10332792 MSHR_MERGE:    2057012
cpu6->cpu6_L1D RFO          ACCESS:          0 HIT:          0 MISS:          0 MSHR_MERGE:          0
cpu6->cpu6_L1D PREFETCH     ACCESS:    8871463 HIT:    7757740 MISS:    1113723 MSHR_MERGE:     486657
cpu6->cpu6_L1D WRITE        ACCESS:   22041525 HIT:   20403141 MISS:    1638384 MSHR_MERGE:    1203983
cpu6->cpu6_L1D TRANSLATION  ACCESS:      15201 HIT:       1183 MISS:      14018 MSHR_MERGE:         83
cpu6->cpu6_L1D PREFETCH REQUESTED:    9590194 ISSUED:    8871463 USEFUL:     528112 USELESS:      84363
cpu6->cpu6_L1D AVERAGE MISS LATENCY: 27.55 cycles
cpu6_L1D FLUSH STALL CYCLES: 133
cpu6->cpu6_ITLB TOTAL        ACCESS:   67540103 HIT:   67279813 MISS:     260290 MSHR_MERGE:     134974
cpu6->cpu6_ITLB LOAD         ACCESS:   67540103 HIT:   67279813 MISS:     260290 MSHR_MERGE:     134974
cpu6->cpu6_ITLB RFO          ACCESS:          0 HIT:          0 MISS:          0 MSHR_MERGE:          0
cpu6->cpu6_ITLB PREFETCH     ACCESS:          0 HIT:          0 MISS:          0 MSHR_MERGE:          0
cpu6->cpu6_ITLB WRITE        ACCESS:          0 HIT:          0 MISS:          0 MSHR_MERGE:          0
cpu6->cpu6_ITLB TRANSLATION  ACCESS:          0 HIT:          0 MISS:          0 MSHR_MERGE:          0
cpu6->cpu6_ITLB PREFETCH REQUESTED:          0 ISSUED:          0 USEFUL:          0 USELESS:          0
cpu6->cpu6_ITLB AVERAGE MISS LATENCY: 9.745 cycles
cpu6->cpu6_DTLB TOTAL        ACCESS:   73957631 HIT:   65437275 MISS:    8520356 MSHR_MERGE:    2935688
cpu6->cpu6_DTLB LOAD         ACCESS:   73957631 HIT:   65437275 MISS:    8520356 MSHR_MERGE:    2935688
cpu6->cpu6_DTLB RFO          ACCESS:          0 HIT:          0 MISS:          0 MSHR_MERGE:          0
cpu6->cpu6_DTLB PREFETCH     ACCESS:          0 HIT:          0 MISS:          0 MSHR_MERGE:          0
cpu6->cpu6_DTLB WRITE        ACCESS:          0 HIT:          0 MISS:          0 MSHR_MERGE:          0
cpu6->cpu6_DTLB TRANSLATION  ACCESS:          0 HIT:          0 MISS:          0 MSHR_MERGE:          0
cpu6->cpu6_DTLB PREFETCH REQUESTED:          0 ISSUED:          0 USEFUL:          0 USELESS:          0
cpu6->cpu6_DTLB AVERAGE MISS LATENCY: 5.973 cycles
cpu5->cpu5_STLB TOTAL        ACCESS:     536684 HIT:     527179 MISS:       9505 MSHR_MERGE:          0
cpu5->cpu5_STLB LOAD         ACCESS:     536684 HIT:     527179 MISS:       9505 MSHR_MERGE:          0
cpu5->cpu5_STLB RFO          ACCESS:          0 HIT:          0 MISS:          0 MSHR_MERGE:          0
cpu5->cpu5_STLB PREFETCH     ACCESS:          0 HIT:          0 MISS:          0 MSHR_MERGE:          0
cpu5->cpu5_STLB WRITE        ACCESS:          0 HIT:          0 MISS:          0 MSHR_MERGE:          0
cpu5->cpu5_STLB TRANSLATION  ACCESS:          0 HIT:          0 MISS:          0 MSHR_MERGE:          0
cpu5->cpu5_STLB PREFETCH REQUESTED:          0 ISSUED:          0 USEFUL:          0 USELESS:          0
cpu5->cpu5_STLB AVERAGE MISS LATENCY: 1217 cycles
cpu0->cpu5_L2C TOTAL        ACCESS:        504 HIT:        496 MISS:          8 MSHR_MERGE:          0
cpu0->cpu5_L2C LOAD         ACCESS:          0 HIT:          0 MISS:          0 MSHR_MERGE:          0
cpu0->cpu5_L2C RFO          ACCESS:          0 HIT:          0 MISS:          0 MSHR_MERGE:          0
cpu0->cpu5_L2C PREFETCH     ACCESS:          0 HIT:          0 MISS:          0 MSHR_MERGE:          0
cpu0->cpu5_L2C WRITE        ACCESS:        504 HIT:        496 MISS:          8 MSHR_MERGE:          0
cpu0->cpu5_L2C TRANSLATION  ACCESS:          0 HIT:          0 MISS:          0 MSHR_MERGE:          0
cpu0->cpu5_L2C PREFETCH REQUESTED:    4395907 ISSUED:    4257939 USEFUL:      60428 USELESS:       2664
cpu0->cpu5_L2C AVERAGE MISS LATENCY: 2.524e+07 cycles
cpu5->cpu5_L2C TOTAL        ACCESS:    7054667 HIT:    4656508 MISS:    2398159 MSHR_MERGE:     305155
cpu5->cpu5_L2C LOAD         ACCESS:    1684991 HIT:    1362010 MISS:     322981 MSHR_MERGE:      29723
cpu5->cpu5_L2C RFO          ACCESS:     280496 HIT:      76729 MISS:     203767 MSHR_MERGE:         13
cpu5->cpu5_L2C PREFETCH     ACCESS:    4732384 HIT:    2945797 MISS:    1786587 MSHR_MERGE:     275419
cpu5->cpu5_L2C WRITE        ACCESS:     341674 HIT:     271700 MISS:      69974 MSHR_MERGE:          0
cpu5->cpu5_L2C TRANSLATION  ACCESS:      15122 HIT:        272 MISS:      14850 MSHR_MERGE:          0
cpu5->cpu5_L2C PREFETCH REQUESTED:    4395907 ISSUED:    4257939 USEFUL:      60428 USELESS:       2664
cpu5->cpu5_L2C AVERAGE MISS LATENCY: 330.1 cycles
cpu5_L2C FLUSH STALL CYCLES: 21090
cpu5->cpu5_L1I TOTAL        ACCESS:  188958210 HIT:  186043422 MISS:    2914788 MSHR_MERGE:    1510821
cpu5->cpu5_L1I LOAD         ACCESS:  100821552 HIT:   99048173 MISS:    1773379 MSHR_MERGE:     750702
cpu5->cpu5_L1I RFO          ACCESS:          0 HIT:          0 MISS:          0 MSHR_MERGE:          0
cpu5->cpu5_L1I PREFETCH     ACCESS:   88136658 HIT:   86995249 MISS:    1141409 MSHR_MERGE:     760119
cpu5->cpu5_L1I WRITE        ACCESS:          0 HIT:          0 MISS:          0 MSHR_MERGE:          0
cpu5->cpu5_L1I TRANSLATION  ACCESS:          0 HIT:          0 MISS:          0 MSHR_MERGE:          0
cpu5->cpu5_L1I PREFETCH REQUESTED:  100835283 ISSUED:   88136626 USEFUL:     185380 USELESS:     195858
cpu5->cpu5_L1I AVERAGE MISS LATENCY: 10.98 cycles
cpu5->cpu5_L1D TOTAL        ACCESS:  134399348 HIT:  129578698 MISS:    4820650 MSHR_MERGE:    3769185
cpu5->cpu5_L1D LOAD         ACCESS:   79927433 HIT:   78425054 MISS:    1502379 MSHR_MERGE:     840057
cpu5->cpu5_L1D RFO          ACCESS:          0 HIT:          0 MISS:          0 MSHR_MERGE:          0
cpu5->cpu5_L1D PREFETCH     ACCESS:    6021249 HIT:    5875661 MISS:     145588 MSHR_MERGE:      52219
cpu5->cpu5_L1D WRITE        ACCESS:   48431623 HIT:   45275318 MISS:    3156305 MSHR_MERGE:    2875653
cpu5->cpu5_L1D TRANSLATION  ACCESS:      19043 HIT:       2665 MISS:      16378 MSHR_MERGE:       1256
cpu5->cpu5_L1D PREFETCH REQUESTED:    6198335 ISSUED:    6021241 USEFUL:      56184 USELESS:      16457
cpu5->cpu5_L1D AVERAGE MISS LATENCY: 218.1 cycles
cpu5_L1D FLUSH STALL CYCLES: 440
cpu5->cpu5_ITLB TOTAL        ACCESS:  128364138 HIT:  128357598 MISS:       6540 MSHR_MERGE:       4443
cpu5->cpu5_ITLB LOAD         ACCESS:  128364138 HIT:  128357598 MISS:       6540 MSHR_MERGE:       4443
cpu5->cpu5_ITLB RFO          ACCESS:          0 HIT:          0 MISS:          0 MSHR_MERGE:          0
cpu5->cpu5_ITLB PREFETCH     ACCESS:          0 HIT:          0 MISS:          0 MSHR_MERGE:          0
cpu5->cpu5_ITLB WRITE        ACCESS:          0 HIT:          0 MISS:          0 MSHR_MERGE:          0
cpu5->cpu5_ITLB TRANSLATION  ACCESS:          0 HIT:          0 MISS:          0 MSHR_MERGE:          0
cpu5->cpu5_ITLB PREFETCH REQUESTED:          0 ISSUED:          0 USEFUL:          0 USELESS:          0
cpu5->cpu5_ITLB AVERAGE MISS LATENCY: 95.51 cycles
cpu5->cpu5_DTLB TOTAL        ACCESS:  119466907 HIT:  118413053 MISS:    1053854 MSHR_MERGE:     519267
cpu5->cpu5_DTLB LOAD         ACCESS:  119466907 HIT:  118413053 MISS:    1053854 MSHR_MERGE:     519267
cpu5->cpu5_DTLB RFO          ACCESS:          0 HIT:          0 MISS:          0 MSHR_MERGE:          0
cpu5->cpu5_DTLB PREFETCH     ACCESS:          0 HIT:          0 MISS:          0 MSHR_MERGE:          0
cpu5->cpu5_DTLB WRITE        ACCESS:          0 HIT:          0 MISS:          0 MSHR_MERGE:          0
cpu5->cpu5_DTLB TRANSLATION  ACCESS:          0 HIT:          0 MISS:          0 MSHR_MERGE:          0
cpu5->cpu5_DTLB PREFETCH REQUESTED:          0 ISSUED:          0 USEFUL:          0 USELESS:          0
cpu5->cpu5_DTLB AVERAGE MISS LATENCY: 26.3 cycles
cpu4->cpu4_STLB TOTAL        ACCESS:     652543 HIT:     640529 MISS:      12014 MSHR_MERGE:          0
cpu4->cpu4_STLB LOAD         ACCESS:     652543 HIT:     640529 MISS:      12014 MSHR_MERGE:          0
cpu4->cpu4_STLB RFO          ACCESS:          0 HIT:          0 MISS:          0 MSHR_MERGE:          0
cpu4->cpu4_STLB PREFETCH     ACCESS:          0 HIT:          0 MISS:          0 MSHR_MERGE:          0
cpu4->cpu4_STLB WRITE        ACCESS:          0 HIT:          0 MISS:          0 MSHR_MERGE:          0
cpu4->cpu4_STLB TRANSLATION  ACCESS:          0 HIT:          0 MISS:          0 MSHR_MERGE:          0
cpu4->cpu4_STLB PREFETCH REQUESTED:          0 ISSUED:          0 USEFUL:          0 USELESS:          0
cpu4->cpu4_STLB AVERAGE MISS LATENCY: 1127 cycles
cpu0->cpu4_L2C TOTAL        ACCESS:        262 HIT:        239 MISS:         23 MSHR_MERGE:          0
cpu0->cpu4_L2C LOAD         ACCESS:          0 HIT:          0 MISS:          0 MSHR_MERGE:          0
cpu0->cpu4_L2C RFO          ACCESS:          0 HIT:          0 MISS:          0 MSHR_MERGE:          0
cpu0->cpu4_L2C PREFETCH     ACCESS:          0 HIT:          0 MISS:          0 MSHR_MERGE:          0
cpu0->cpu4_L2C WRITE        ACCESS:        262 HIT:        239 MISS:         23 MSHR_MERGE:          0
cpu0->cpu4_L2C TRANSLATION  ACCESS:          0 HIT:          0 MISS:          0 MSHR_MERGE:          0
cpu0->cpu4_L2C PREFETCH REQUESTED:    5489136 ISSUED:    5291118 USEFUL:      73002 USELESS:       2609
cpu0->cpu4_L2C AVERAGE MISS LATENCY: 1.05e+07 cycles
cpu4->cpu4_L2C TOTAL        ACCESS:    8572349 HIT:    5558272 MISS:    3014077 MSHR_MERGE:     435878
cpu4->cpu4_L2C LOAD         ACCESS:    1923372 HIT:    1531510 MISS:     391862 MSHR_MERGE:      39832
cpu4->cpu4_L2C RFO          ACCESS:     374313 HIT:     104296 MISS:     270017 MSHR_MERGE:         21
cpu4->cpu4_L2C PREFETCH     ACCESS:    5799171 HIT:    3558340 MISS:    2240831 MSHR_MERGE:     396025
cpu4->cpu4_L2C WRITE        ACCESS:     456961 HIT:     363839 MISS:      93122 MSHR_MERGE:          0
cpu4->cpu4_L2C TRANSLATION  ACCESS:      18532 HIT:        287 MISS:      18245 MSHR_MERGE:          0
cpu4->cpu4_L2C PREFETCH REQUESTED:    5489136 ISSUED:    5291118 USEFUL:      73002 USELESS:       2609
cpu4->cpu4_L2C AVERAGE MISS LATENCY: 312.2 cycles
cpu4_L2C FLUSH STALL CYCLES: 19259
cpu4->cpu4_L1I TOTAL        ACCESS:  180145746 HIT:  176843434 MISS:    3302312 MSHR_MERGE:    1742321
cpu4->cpu4_L1I LOAD         ACCESS:   95500295 HIT:   93536303 MISS:    1963992 MSHR_MERGE:     819124
cpu4->cpu4_L1I RFO          ACCESS:          0 HIT:          0 MISS:          0 MSHR_MERGE:          0
cpu4->cpu4_L1I PREFETCH     ACCESS:   84645451 HIT:   83307131 MISS:    1338320 MSHR_MERGE:     923197
cpu4->cpu4_L1I WRITE        ACCESS:          0 HIT:          0 MISS:          0 MSHR_MERGE:          0
cpu4->cpu4_L1I TRANSLATION  ACCESS:          0 HIT:          0 MISS:          0 MSHR_MERGE:          0
cpu4->cpu4_L1I PREFETCH REQUESTED:   95516626 ISSUED:   84645419 USEFUL:     203362 USELESS:     211713
cpu4->cpu4_L1I AVERAGE MISS LATENCY: 11.21 cycles
cpu4->cpu4_L1D TOTAL        ACCESS:  130335905 HIT:  123982601 MISS:    6353304 MSHR_MERGE:    5088113
cpu4->cpu4_L1D LOAD         ACCESS:   76377805 HIT:   74465969 MISS:    1911836 MSHR_MERGE:    1133322
cpu4->cpu4_L1D RFO          ACCESS:          0 HIT:          0 MISS:          0 MSHR_MERGE:          0
cpu4->cpu4_L1D PREFETCH     ACCESS:    5297940 HIT:    5146526 MISS:     151414 MSHR_MERGE:      57760
cpu4->cpu4_L1D WRITE        ACCESS:   48636090 HIT:   44366081 MISS:    4270009 MSHR_MERGE:    3895518
cpu4->cpu4_L1D TRANSLATION  ACCESS:      24070 HIT:       4025 MISS:      20045 MSHR_MERGE:       1513
cpu4->cpu4_L1D PREFETCH REQUESTED:    5571204 ISSUED:    5297936 USEFUL:      39789 USELESS:      15286
cpu4->cpu4_L1D AVERAGE MISS LATENCY: 214.5 cycles
cpu4_L1D FLUSH STALL CYCLES: 198
cpu4->cpu4_ITLB TOTAL        ACCESS:  124352792 HIT:  124348788 MISS:       4004 MSHR_MERGE:       2675
cpu4->cpu4_ITLB LOAD         ACCESS:  124352792 HIT:  124348788 MISS:       4004 MSHR_MERGE:       2675
cpu4->cpu4_ITLB RFO          ACCESS:          0 HIT:          0 MISS:          0 MSHR_MERGE:          0
cpu4->cpu4_ITLB PREFETCH     ACCESS:          0 HIT:          0 MISS:          0 MSHR_MERGE:          0
cpu4->cpu4_ITLB WRITE        ACCESS:          0 HIT:          0 MISS:          0 MSHR_MERGE:          0
cpu4->cpu4_ITLB TRANSLATION  ACCESS:          0 HIT:          0 MISS:          0 MSHR_MERGE:          0
cpu4->cpu4_ITLB PREFETCH REQUESTED:          0 ISSUED:          0 USEFUL:          0 USELESS:          0
cpu4->cpu4_ITLB AVERAGE MISS LATENCY: 192 cycles
cpu4->cpu4_DTLB TOTAL        ACCESS:  116387398 HIT:  115086676 MISS:    1300722 MSHR_MERGE:     649508
cpu4->cpu4_DTLB LOAD         ACCESS:  116387398 HIT:  115086676 MISS:    1300722 MSHR_MERGE:     649508
cpu4->cpu4_DTLB RFO          ACCESS:          0 HIT:          0 MISS:          0 MSHR_MERGE:          0
cpu4->cpu4_DTLB PREFETCH     ACCESS:          0 HIT:          0 MISS:          0 MSHR_MERGE:          0
cpu4->cpu4_DTLB WRITE        ACCESS:          0 HIT:          0 MISS:          0 MSHR_MERGE:          0
cpu4->cpu4_DTLB TRANSLATION  ACCESS:          0 HIT:          0 MISS:          0 MSHR_MERGE:          0
cpu4->cpu4_DTLB PREFETCH REQUESTED:          0 ISSUED:          0 USEFUL:          0 USELESS:          0
cpu4->cpu4_DTLB AVERAGE MISS LATENCY: 25.44 cycles
cpu3->cpu3_STLB TOTAL        ACCESS:     321172 HIT:     315501 MISS:       5671 MSHR_MERGE:          0
cpu3->cpu3_STLB LOAD         ACCESS:     321172 HIT:     315501 MISS:       5671 MSHR_MERGE:          0
cpu3->cpu3_STLB RFO          ACCESS:          0 HIT:          0 MISS:          0 MSHR_MERGE:          0
cpu3->cpu3_STLB PREFETCH     ACCESS:          0 HIT:          0 MISS:          0 MSHR_MERGE:          0
cpu3->cpu3_STLB WRITE        ACCESS:          0 HIT:          0 MISS:          0 MSHR_MERGE:          0
cpu3->cpu3_STLB TRANSLATION  ACCESS:          0 HIT:          0 MISS:          0 MSHR_MERGE:          0
cpu3->cpu3_STLB PREFETCH REQUESTED:          0 ISSUED:          0 USEFUL:          0 USELESS:          0
cpu3->cpu3_STLB AVERAGE MISS LATENCY: 1302 cycles
cpu0->cpu3_L2C TOTAL        ACCESS:        181 HIT:        179 MISS:          2 MSHR_MERGE:          0
cpu0->cpu3_L2C LOAD         ACCESS:          0 HIT:          0 MISS:          0 MSHR_MERGE:          0
cpu0->cpu3_L2C RFO          ACCESS:          0 HIT:          0 MISS:          0 MSHR_MERGE:          0
cpu0->cpu3_L2C PREFETCH     ACCESS:          0 HIT:          0 MISS:          0 MSHR_MERGE:          0
cpu0->cpu3_L2C WRITE        ACCESS:        181 HIT:        179 MISS:          2 MSHR_MERGE:          0
cpu0->cpu3_L2C TRANSLATION  ACCESS:          0 HIT:          0 MISS:          0 MSHR_MERGE:          0
cpu0->cpu3_L2C PREFETCH REQUESTED:     724211 ISSUED:     724211 USEFUL:        511 USELESS:         97
cpu0->cpu3_L2C AVERAGE MISS LATENCY: 1.709e+07 cycles
cpu3->cpu3_L2C TOTAL        ACCESS:    1810301 HIT:    1566028 MISS:     244273 MSHR_MERGE:      29632
cpu3->cpu3_L2C LOAD         ACCESS:     717355 HIT:     661406 MISS:      55949 MSHR_MERGE:        164
cpu3->cpu3_L2C RFO          ACCESS:      20515 HIT:      13587 MISS:       6928 MSHR_MERGE:          0
cpu3->cpu3_L2C PREFETCH     ACCESS:     998580 HIT:     829559 MISS:     169021 MSHR_MERGE:      29468
cpu3->cpu3_L2C WRITE        ACCESS:      62745 HIT:      59900 MISS:       2845 MSHR_MERGE:          0
cpu3->cpu3_L2C TRANSLATION  ACCESS:      11106 HIT:       1576 MISS:       9530 MSHR_MERGE:          0
cpu3->cpu3_L2C PREFETCH REQUESTED:     724211 ISSUED:     724211 USEFUL:        511 USELESS:         97
cpu3->cpu3_L2C AVERAGE MISS LATENCY: 454.1 cycles
cpu3_L2C FLUSH STALL CYCLES: 12726
cpu3->cpu3_L1I TOTAL        ACCESS:  102393865 HIT:  101221675 MISS:    1172190 MSHR_MERGE:     436200
cpu3->cpu3_L1I LOAD         ACCESS:   52072983 HIT:   51410120 MISS:     662863 MSHR_MERGE:     177516
cpu3->cpu3_L1I RFO          ACCESS:          0 HIT:          0 MISS:          0 MSHR_MERGE:          0
cpu3->cpu3_L1I PREFETCH     ACCESS:   50320882 HIT:   49811555 MISS:     509327 MSHR_MERGE:     258684
cpu3->cpu3_L1I WRITE        ACCESS:          0 HIT:          0 MISS:          0 MSHR_MERGE:          0
cpu3->cpu3_L1I TRANSLATION  ACCESS:          0 HIT:          0 MISS:          0 MSHR_MERGE:          0
cpu3->cpu3_L1I PREFETCH REQUESTED:   52090694 ISSUED:   50320868 USEFUL:      68996 USELESS:     181648
cpu3->cpu3_L1I AVERAGE MISS LATENCY: 13.34 cycles
cpu3->cpu3_L1D TOTAL        ACCESS:  137534428 HIT:  137094770 MISS:     439658 MSHR_MERGE:     152293
cpu3->cpu3_L1D LOAD         ACCESS:   52357273 HIT:   52028647 MISS:     328626 MSHR_MERGE:      96615
cpu3->cpu3_L1D RFO          ACCESS:          0 HIT:          0 MISS:          0 MSHR_MERGE:          0
cpu3->cpu3_L1D PREFETCH     ACCESS:     242163 HIT:     215243 MISS:      26920 MSHR_MERGE:       3188
cpu3->cpu3_L1D WRITE        ACCESS:   84922785 HIT:   84849811 MISS:      72974 MSHR_MERGE:      52458
cpu3->cpu3_L1D TRANSLATION  ACCESS:      12207 HIT:       1069 MISS:      11138 MSHR_MERGE:         32
cpu3->cpu3_L1D PREFETCH REQUESTED:     281421 ISSUED:     242147 USEFUL:       8564 USELESS:      14720
cpu3->cpu3_L1D AVERAGE MISS LATENCY: 133.5 cycles
cpu3_L1D FLUSH STALL CYCLES: 117
cpu3->cpu3_ITLB TOTAL        ACCESS:   76478005 HIT:   76406274 MISS:      71731 MSHR_MERGE:      43435
cpu3->cpu3_ITLB LOAD         ACCESS:   76478005 HIT:   76406274 MISS:      71731 MSHR_MERGE:      43435
cpu3->cpu3_ITLB RFO          ACCESS:          0 HIT:          0 MISS:          0 MSHR_MERGE:          0
cpu3->cpu3_ITLB PREFETCH     ACCESS:          0 HIT:          0 MISS:          0 MSHR_MERGE:          0
cpu3->cpu3_ITLB WRITE        ACCESS:          0 HIT:          0 MISS:          0 MSHR_MERGE:          0
cpu3->cpu3_ITLB TRANSLATION  ACCESS:          0 HIT:          0 MISS:          0 MSHR_MERGE:          0
cpu3->cpu3_ITLB PREFETCH REQUESTED:          0 ISSUED:          0 USEFUL:          0 USELESS:          0
cpu3->cpu3_ITLB AVERAGE MISS LATENCY: 18.96 cycles
cpu3->cpu3_DTLB TOTAL        ACCESS:  122033071 HIT:  121632699 MISS:     400372 MSHR_MERGE:     107496
cpu3->cpu3_DTLB LOAD         ACCESS:  122033071 HIT:  121632699 MISS:     400372 MSHR_MERGE:     107496
cpu3->cpu3_DTLB RFO          ACCESS:          0 HIT:          0 MISS:          0 MSHR_MERGE:          0
cpu3->cpu3_DTLB PREFETCH     ACCESS:          0 HIT:          0 MISS:          0 MSHR_MERGE:          0
cpu3->cpu3_DTLB WRITE        ACCESS:          0 HIT:          0 MISS:          0 MSHR_MERGE:          0
cpu3->cpu3_DTLB TRANSLATION  ACCESS:          0 HIT:          0 MISS:          0 MSHR_MERGE:          0
cpu3->cpu3_DTLB PREFETCH REQUESTED:          0 ISSUED:          0 USEFUL:          0 USELESS:          0
cpu3->cpu3_DTLB AVERAGE MISS LATENCY: 28.89 cycles
cpu31->cpu31_STLB TOTAL        ACCESS:     201729 HIT:     180163 MISS:      21566 MSHR_MERGE:          0
cpu31->cpu31_STLB LOAD         ACCESS:     201729 HIT:     180163 MISS:      21566 MSHR_MERGE:          0
cpu31->cpu31_STLB RFO          ACCESS:          0 HIT:          0 MISS:          0 MSHR_MERGE:          0
cpu31->cpu31_STLB PREFETCH     ACCESS:          0 HIT:          0 MISS:          0 MSHR_MERGE:          0
cpu31->cpu31_STLB WRITE        ACCESS:          0 HIT:          0 MISS:          0 MSHR_MERGE:          0
cpu31->cpu31_STLB TRANSLATION  ACCESS:          0 HIT:          0 MISS:          0 MSHR_MERGE:          0
cpu31->cpu31_STLB PREFETCH REQUESTED:          0 ISSUED:          0 USEFUL:          0 USELESS:          0
cpu31->cpu31_STLB AVERAGE MISS LATENCY: 1012 cycles
cpu0->cpu31_L2C TOTAL        ACCESS:        261 HIT:        249 MISS:         12 MSHR_MERGE:          0
cpu0->cpu31_L2C LOAD         ACCESS:          0 HIT:          0 MISS:          0 MSHR_MERGE:          0
cpu0->cpu31_L2C RFO          ACCESS:          0 HIT:          0 MISS:          0 MSHR_MERGE:          0
cpu0->cpu31_L2C PREFETCH     ACCESS:          0 HIT:          0 MISS:          0 MSHR_MERGE:          0
cpu0->cpu31_L2C WRITE        ACCESS:        261 HIT:        249 MISS:         12 MSHR_MERGE:          0
cpu0->cpu31_L2C TRANSLATION  ACCESS:          0 HIT:          0 MISS:          0 MSHR_MERGE:          0
cpu0->cpu31_L2C PREFETCH REQUESTED:   31980083 ISSUED:   28027776 USEFUL:     313080 USELESS:      20677
cpu0->cpu31_L2C AVERAGE MISS LATENCY: 3.412e+07 cycles
cpu31->cpu31_L2C TOTAL        ACCESS:   37775928 HIT:   25982028 MISS:   11793900 MSHR_MERGE:    1026852
cpu31->cpu31_L2C LOAD         ACCESS:    3689132 HIT:    2889189 MISS:     799943 MSHR_MERGE:     130352
cpu31->cpu31_L2C RFO          ACCESS:    2250323 HIT:    1589077 MISS:     661246 MSHR_MERGE:          0
cpu31->cpu31_L2C PREFETCH     ACCESS:   28828354 HIT:   18760201 MISS:   10068153 MSHR_MERGE:     896500
cpu31->cpu31_L2C WRITE        ACCESS:    2969199 HIT:    2740232 MISS:     228967 MSHR_MERGE:          0
cpu31->cpu31_L2C TRANSLATION  ACCESS:      38920 HIT:       3329 MISS:      35591 MSHR_MERGE:          0
cpu31->cpu31_L2C PREFETCH REQUESTED:   31980083 ISSUED:   28027776 USEFUL:     313080 USELESS:      20677
cpu31->cpu31_L2C AVERAGE MISS LATENCY: 237.3 cycles
cpu31_L2C FLUSH STALL CYCLES: 29638
cpu31->cpu31_L1I TOTAL        ACCESS:   63832533 HIT:   63155827 MISS:     676706 MSHR_MERGE:     453249
cpu31->cpu31_L1I LOAD         ACCESS:   34337740 HIT:   34027393 MISS:     310347 MSHR_MERGE:     168999
cpu31->cpu31_L1I RFO          ACCESS:          0 HIT:          0 MISS:          0 MSHR_MERGE:          0
cpu31->cpu31_L1I PREFETCH     ACCESS:   29494793 HIT:   29128434 MISS:     366359 MSHR_MERGE:     284250
cpu31->cpu31_L1I WRITE        ACCESS:          0 HIT:          0 MISS:          0 MSHR_MERGE:          0
cpu31->cpu31_L1I TRANSLATION  ACCESS:          0 HIT:          0 MISS:          0 MSHR_MERGE:          0
cpu31->cpu31_L1I PREFETCH REQUESTED:   34349613 ISSUED:   29494760 USEFUL:      56967 USELESS:      25170
cpu31->cpu31_L1I AVERAGE MISS LATENCY: 38.82 cycles
cpu31->cpu31_L1D TOTAL        ACCESS:   92382838 HIT:   75577403 MISS:   16805435 MSHR_MERGE:   10248930
cpu31->cpu31_L1D LOAD         ACCESS:   58909765 HIT:   52059366 MISS:    6850399 MSHR_MERGE:    3302537
cpu31->cpu31_L1D RFO          ACCESS:          0 HIT:          0 MISS:          0 MSHR_MERGE:          0
cpu31->cpu31_L1D PREFETCH     ACCESS:    4042485 HIT:    3025387 MISS:    1017098 MSHR_MERGE:     297785
cpu31->cpu31_L1D WRITE        ACCESS:   29384400 HIT:   20486064 MISS:    8898336 MSHR_MERGE:    6647926
cpu31->cpu31_L1D TRANSLATION  ACCESS:      46188 HIT:       6586 MISS:      39602 MSHR_MERGE:        682
cpu31->cpu31_L1D PREFETCH REQUESTED:    7170835 ISSUED:    4042469 USEFUL:     527321 USELESS:      61734
cpu31->cpu31_L1D AVERAGE MISS LATENCY: 79.6 cycles
cpu31_L1D FLUSH STALL CYCLES: 197
cpu31->cpu31_ITLB TOTAL        ACCESS:   45947648 HIT:   45927351 MISS:      20297 MSHR_MERGE:      12104
cpu31->cpu31_ITLB LOAD         ACCESS:   45947648 HIT:   45927351 MISS:      20297 MSHR_MERGE:      12104
cpu31->cpu31_ITLB RFO          ACCESS:          0 HIT:          0 MISS:          0 MSHR_MERGE:          0
cpu31->cpu31_ITLB PREFETCH     ACCESS:          0 HIT:          0 MISS:          0 MSHR_MERGE:          0
cpu31->cpu31_ITLB WRITE        ACCESS:          0 HIT:          0 MISS:          0 MSHR_MERGE:          0
cpu31->cpu31_ITLB TRANSLATION  ACCESS:          0 HIT:          0 MISS:          0 MSHR_MERGE:          0
cpu31->cpu31_ITLB PREFETCH REQUESTED:          0 ISSUED:          0 USEFUL:          0 USELESS:          0
cpu31->cpu31_ITLB AVERAGE MISS LATENCY: 40.31 cycles
cpu31->cpu31_DTLB TOTAL        ACCESS:   84487554 HIT:   83961897 MISS:     525657 MSHR_MERGE:     332121
cpu31->cpu31_DTLB LOAD         ACCESS:   84487554 HIT:   83961897 MISS:     525657 MSHR_MERGE:     332121
cpu31->cpu31_DTLB RFO          ACCESS:          0 HIT:          0 MISS:          0 MSHR_MERGE:          0
cpu31->cpu31_DTLB PREFETCH     ACCESS:          0 HIT:          0 MISS:          0 MSHR_MERGE:          0
cpu31->cpu31_DTLB WRITE        ACCESS:          0 HIT:          0 MISS:          0 MSHR_MERGE:          0
cpu31->cpu31_DTLB TRANSLATION  ACCESS:          0 HIT:          0 MISS:          0 MSHR_MERGE:          0
cpu31->cpu31_DTLB PREFETCH REQUESTED:          0 ISSUED:          0 USEFUL:          0 USELESS:          0
cpu31->cpu31_DTLB AVERAGE MISS LATENCY: 116.4 cycles
cpu30->cpu30_STLB TOTAL        ACCESS:       3113 HIT:         76 MISS:       3037 MSHR_MERGE:          0
cpu30->cpu30_STLB LOAD         ACCESS:       3113 HIT:         76 MISS:       3037 MSHR_MERGE:          0
cpu30->cpu30_STLB RFO          ACCESS:          0 HIT:          0 MISS:          0 MSHR_MERGE:          0
cpu30->cpu30_STLB PREFETCH     ACCESS:          0 HIT:          0 MISS:          0 MSHR_MERGE:          0
cpu30->cpu30_STLB WRITE        ACCESS:          0 HIT:          0 MISS:          0 MSHR_MERGE:          0
cpu30->cpu30_STLB TRANSLATION  ACCESS:          0 HIT:          0 MISS:          0 MSHR_MERGE:          0
cpu30->cpu30_STLB PREFETCH REQUESTED:          0 ISSUED:          0 USEFUL:          0 USELESS:          0
cpu30->cpu30_STLB AVERAGE MISS LATENCY: 1074 cycles
cpu0->cpu30_L2C TOTAL        ACCESS:        630 HIT:        446 MISS:        184 MSHR_MERGE:          0
cpu0->cpu30_L2C LOAD         ACCESS:          0 HIT:          0 MISS:          0 MSHR_MERGE:          0
cpu0->cpu30_L2C RFO          ACCESS:          0 HIT:          0 MISS:          0 MSHR_MERGE:          0
cpu0->cpu30_L2C PREFETCH     ACCESS:          0 HIT:          0 MISS:          0 MSHR_MERGE:          0
cpu0->cpu30_L2C WRITE        ACCESS:        630 HIT:        446 MISS:        184 MSHR_MERGE:          0
cpu0->cpu30_L2C TRANSLATION  ACCESS:          0 HIT:          0 MISS:          0 MSHR_MERGE:          0
cpu0->cpu30_L2C PREFETCH REQUESTED:      77905 ISSUED:      77905 USEFUL:        106 USELESS:         10
cpu0->cpu30_L2C AVERAGE MISS LATENCY: 5.684e+05 cycles
cpu30->cpu30_L2C TOTAL        ACCESS:     511921 HIT:     186044 MISS:     325877 MSHR_MERGE:      24838
cpu30->cpu30_L2C LOAD         ACCESS:       8122 HIT:       7006 MISS:       1116 MSHR_MERGE:         99
cpu30->cpu30_L2C RFO          ACCESS:     177737 HIT:       2214 MISS:     175523 MSHR_MERGE:          1
cpu30->cpu30_L2C PREFETCH     ACCESS:     143792 HIT:      80994 MISS:      62798 MSHR_MERGE:      24738
cpu30->cpu30_L2C WRITE        ACCESS:     178728 HIT:      95772 MISS:      82956 MSHR_MERGE:          0
cpu30->cpu30_L2C TRANSLATION  ACCESS:       3542 HIT:         58 MISS:       3484 MSHR_MERGE:          0
cpu30->cpu30_L2C PREFETCH REQUESTED:      77905 ISSUED:      77905 USEFUL:        106 USELESS:         10
cpu30->cpu30_L2C AVERAGE MISS LATENCY: 397.6 cycles
cpu30_L2C FLUSH STALL CYCLES: 27252
cpu30->cpu30_L1I TOTAL        ACCESS:   46772890 HIT:   46772889 MISS:          1 MSHR_MERGE:          0
cpu30->cpu30_L1I LOAD         ACCESS:   27156241 HIT:   27156241 MISS:          0 MSHR_MERGE:          0
cpu30->cpu30_L1I RFO          ACCESS:          0 HIT:          0 MISS:          0 MSHR_MERGE:          0
cpu30->cpu30_L1I PREFETCH     ACCESS:   19616649 HIT:   19616648 MISS:          1 MSHR_MERGE:          0
cpu30->cpu30_L1I WRITE        ACCESS:          0 HIT:          0 MISS:          0 MSHR_MERGE:          0
cpu30->cpu30_L1I TRANSLATION  ACCESS:          0 HIT:          0 MISS:          0 MSHR_MERGE:          0
cpu30->cpu30_L1I PREFETCH REQUESTED:   27156241 ISSUED:   19616617 USEFUL:          0 USELESS:          0
cpu30->cpu30_L1I AVERAGE MISS LATENCY: - cycles
cpu30->cpu30_L1D TOTAL        ACCESS:  148637541 HIT:  147184846 MISS:    1452695 MSHR_MERGE:    1197234
cpu30->cpu30_L1D LOAD         ACCESS:  119586861 HIT:  119571682 MISS:      15179 MSHR_MERGE:       7057
cpu30->cpu30_L1D RFO          ACCESS:          0 HIT:          0 MISS:          0 MSHR_MERGE:          0
cpu30->cpu30_L1D PREFETCH     ACCESS:     853595 HIT:     783657 MISS:      69938 MSHR_MERGE:       3977
cpu30->cpu30_L1D WRITE        ACCESS:   28191005 HIT:   26826969 MISS:    1364036 MSHR_MERGE:    1186200
cpu30->cpu30_L1D TRANSLATION  ACCESS:       6080 HIT:       2538 MISS:       3542 MSHR_MERGE:          0
cpu30->cpu30_L1D PREFETCH REQUESTED:     853590 ISSUED:     853590 USEFUL:      12275 USELESS:        135
cpu30->cpu30_L1D AVERAGE MISS LATENCY: 559.7 cycles
cpu30_L1D FLUSH STALL CYCLES: 566
cpu30->cpu30_ITLB TOTAL        ACCESS:   34198917 HIT:   34198917 MISS:          0 MSHR_MERGE:          0
cpu30->cpu30_ITLB LOAD         ACCESS:   34198917 HIT:   34198917 MISS:          0 MSHR_MERGE:          0
cpu30->cpu30_ITLB RFO          ACCESS:          0 HIT:          0 MISS:          0 MSHR_MERGE:          0
cpu30->cpu30_ITLB PREFETCH     ACCESS:          0 HIT:          0 MISS:          0 MSHR_MERGE:          0
cpu30->cpu30_ITLB WRITE        ACCESS:          0 HIT:          0 MISS:          0 MSHR_MERGE:          0
cpu30->cpu30_ITLB TRANSLATION  ACCESS:          0 HIT:          0 MISS:          0 MSHR_MERGE:          0
cpu30->cpu30_ITLB PREFETCH REQUESTED:          0 ISSUED:          0 USEFUL:          0 USELESS:          0
cpu30->cpu30_ITLB AVERAGE MISS LATENCY: - cycles
cpu30->cpu30_DTLB TOTAL        ACCESS:  137121864 HIT:  137086253 MISS:      35611 MSHR_MERGE:      32498
cpu30->cpu30_DTLB LOAD         ACCESS:  137121864 HIT:  137086253 MISS:      35611 MSHR_MERGE:      32498
cpu30->cpu30_DTLB RFO          ACCESS:          0 HIT:          0 MISS:          0 MSHR_MERGE:          0
cpu30->cpu30_DTLB PREFETCH     ACCESS:          0 HIT:          0 MISS:          0 MSHR_MERGE:          0
cpu30->cpu30_DTLB WRITE        ACCESS:          0 HIT:          0 MISS:          0 MSHR_MERGE:          0
cpu30->cpu30_DTLB TRANSLATION  ACCESS:          0 HIT:          0 MISS:          0 MSHR_MERGE:          0
cpu30->cpu30_DTLB PREFETCH REQUESTED:          0 ISSUED:          0 USEFUL:          0 USELESS:          0
cpu30->cpu30_DTLB AVERAGE MISS LATENCY: 1053 cycles
cpu2->cpu2_STLB TOTAL        ACCESS:    5301176 HIT:    5004700 MISS:     296476 MSHR_MERGE:          0
cpu2->cpu2_STLB LOAD         ACCESS:    5301176 HIT:    5004700 MISS:     296476 MSHR_MERGE:          0
cpu2->cpu2_STLB RFO          ACCESS:          0 HIT:          0 MISS:          0 MSHR_MERGE:          0
cpu2->cpu2_STLB PREFETCH     ACCESS:          0 HIT:          0 MISS:          0 MSHR_MERGE:          0
cpu2->cpu2_STLB WRITE        ACCESS:          0 HIT:          0 MISS:          0 MSHR_MERGE:          0
cpu2->cpu2_STLB TRANSLATION  ACCESS:          0 HIT:          0 MISS:          0 MSHR_MERGE:          0
cpu2->cpu2_STLB PREFETCH REQUESTED:          0 ISSUED:          0 USEFUL:          0 USELESS:          0
cpu2->cpu2_STLB AVERAGE MISS LATENCY: 110.3 cycles
cpu2->cpu2_L2C TOTAL        ACCESS:   27756750 HIT:   23633784 MISS:    4122966 MSHR_MERGE:      26680
cpu2->cpu2_L2C LOAD         ACCESS:   10369222 HIT:   10271237 MISS:      97985 MSHR_MERGE:        212
cpu2->cpu2_L2C RFO          ACCESS:     478286 HIT:      91998 MISS:     386288 MSHR_MERGE:        152
cpu2->cpu2_L2C PREFETCH     ACCESS:   15657633 HIT:   12108687 MISS:    3548946 MSHR_MERGE:      26316
cpu2->cpu2_L2C WRITE        ACCESS:     680678 HIT:     645952 MISS:      34726 MSHR_MERGE:          0
cpu2->cpu2_L2C TRANSLATION  ACCESS:     570931 HIT:     515910 MISS:      55021 MSHR_MERGE:          0
cpu2->cpu2_L2C PREFETCH REQUESTED:   14290433 ISSUED:   14289701 USEFUL:       1366 USELESS:       3803
cpu2->cpu2_L2C AVERAGE MISS LATENCY: 405.5 cycles
cpu2_L2C FLUSH STALL CYCLES: 27978
cpu2->cpu2_L1I TOTAL        ACCESS:   82752746 HIT:   79691721 MISS:    3061025 MSHR_MERGE:    1085820
cpu2->cpu2_L1I LOAD         ACCESS:   41852363 HIT:   40248895 MISS:    1603468 MSHR_MERGE:     550674
cpu2->cpu2_L1I RFO          ACCESS:          0 HIT:          0 MISS:          0 MSHR_MERGE:          0
cpu2->cpu2_L1I PREFETCH     ACCESS:   40900383 HIT:   39442826 MISS:    1457557 MSHR_MERGE:     535146
cpu2->cpu2_L1I WRITE        ACCESS:          0 HIT:          0 MISS:          0 MSHR_MERGE:          0
cpu2->cpu2_L1I TRANSLATION  ACCESS:          0 HIT:          0 MISS:          0 MSHR_MERGE:          0
cpu2->cpu2_L1I PREFETCH REQUESTED:   41858843 ISSUED:   40900361 USEFUL:     390989 USELESS:     531402
cpu2->cpu2_L1I AVERAGE MISS LATENCY: 9.777 cycles
cpu2->cpu2_L1D TOTAL        ACCESS:   60374415 HIT:   43605859 MISS:   16768556 MSHR_MERGE:    5957258
cpu2->cpu2_L1D LOAD         ACCESS:   39842855 HIT:   26119527 MISS:   13723328 MSHR_MERGE:    4406895
cpu2->cpu2_L1D RFO          ACCESS:          0 HIT:          0 MISS:          0 MSHR_MERGE:          0
cpu2->cpu2_L1D PREFETCH     ACCESS:    4811008 HIT:    4177051 MISS:     633957 MSHR_MERGE:     188311
cpu2->cpu2_L1D WRITE        ACCESS:   15125561 HIT:   13286449 MISS:    1839112 MSHR_MERGE:    1360824
cpu2->cpu2_L1D TRANSLATION  ACCESS:     594991 HIT:      22832 MISS:     572159 MSHR_MERGE:       1228
cpu2->cpu2_L1D PREFETCH REQUESTED:    7446732 ISSUED:    4811008 USEFUL:     307787 USELESS:     114855
cpu2->cpu2_L1D AVERAGE MISS LATENCY: 32.37 cycles
cpu2->cpu2_ITLB TOTAL        ACCESS:   61159647 HIT:   60996895 MISS:     162752 MSHR_MERGE:      84584
cpu2->cpu2_ITLB LOAD         ACCESS:   61159647 HIT:   60996895 MISS:     162752 MSHR_MERGE:      84584
cpu2->cpu2_ITLB RFO          ACCESS:          0 HIT:          0 MISS:          0 MSHR_MERGE:          0
cpu2->cpu2_ITLB PREFETCH     ACCESS:          0 HIT:          0 MISS:          0 MSHR_MERGE:          0
cpu2->cpu2_ITLB WRITE        ACCESS:          0 HIT:          0 MISS:          0 MSHR_MERGE:          0
cpu2->cpu2_ITLB TRANSLATION  ACCESS:          0 HIT:          0 MISS:          0 MSHR_MERGE:          0
cpu2->cpu2_ITLB PREFETCH REQUESTED:          0 ISSUED:          0 USEFUL:          0 USELESS:          0
cpu2->cpu2_ITLB AVERAGE MISS LATENCY: 12.05 cycles
cpu2->cpu2_DTLB TOTAL        ACCESS:   52818357 HIT:   44663120 MISS:    8155237 MSHR_MERGE:    2932229
cpu2->cpu2_DTLB LOAD         ACCESS:   52818357 HIT:   44663120 MISS:    8155237 MSHR_MERGE:    2932229
cpu2->cpu2_DTLB RFO          ACCESS:          0 HIT:          0 MISS:          0 MSHR_MERGE:          0
cpu2->cpu2_DTLB PREFETCH     ACCESS:          0 HIT:          0 MISS:          0 MSHR_MERGE:          0
cpu2->cpu2_DTLB WRITE        ACCESS:          0 HIT:          0 MISS:          0 MSHR_MERGE:          0
cpu2->cpu2_DTLB TRANSLATION  ACCESS:          0 HIT:          0 MISS:          0 MSHR_MERGE:          0
cpu2->cpu2_DTLB PREFETCH REQUESTED:          0 ISSUED:          0 USEFUL:          0 USELESS:          0
cpu2->cpu2_DTLB AVERAGE MISS LATENCY: 11.21 cycles
cpu29->cpu29_STLB TOTAL        ACCESS:     443017 HIT:     442434 MISS:        583 MSHR_MERGE:          0
cpu29->cpu29_STLB LOAD         ACCESS:     443017 HIT:     442434 MISS:        583 MSHR_MERGE:          0
cpu29->cpu29_STLB RFO          ACCESS:          0 HIT:          0 MISS:          0 MSHR_MERGE:          0
cpu29->cpu29_STLB PREFETCH     ACCESS:          0 HIT:          0 MISS:          0 MSHR_MERGE:          0
cpu29->cpu29_STLB WRITE        ACCESS:          0 HIT:          0 MISS:          0 MSHR_MERGE:          0
cpu29->cpu29_STLB TRANSLATION  ACCESS:          0 HIT:          0 MISS:          0 MSHR_MERGE:          0
cpu29->cpu29_STLB PREFETCH REQUESTED:          0 ISSUED:          0 USEFUL:          0 USELESS:          0
cpu29->cpu29_STLB AVERAGE MISS LATENCY: 1433 cycles
cpu0->cpu29_L2C TOTAL        ACCESS:          2 HIT:          2 MISS:          0 MSHR_MERGE:          0
cpu0->cpu29_L2C LOAD         ACCESS:          0 HIT:          0 MISS:          0 MSHR_MERGE:          0
cpu0->cpu29_L2C RFO          ACCESS:          0 HIT:          0 MISS:          0 MSHR_MERGE:          0
cpu0->cpu29_L2C PREFETCH     ACCESS:          0 HIT:          0 MISS:          0 MSHR_MERGE:          0
cpu0->cpu29_L2C WRITE        ACCESS:          2 HIT:          2 MISS:          0 MSHR_MERGE:          0
cpu0->cpu29_L2C TRANSLATION  ACCESS:          0 HIT:          0 MISS:          0 MSHR_MERGE:          0
cpu0->cpu29_L2C PREFETCH REQUESTED:  104948989 ISSUED:  101654024 USEFUL:      29465 USELESS:        994
cpu0->cpu29_L2C AVERAGE MISS LATENCY: - cycles
cpu29->cpu29_L2C TOTAL        ACCESS:  110677330 HIT:   97583687 MISS:   13093643 MSHR_MERGE:      11377
cpu29->cpu29_L2C LOAD         ACCESS:    6180848 HIT:    6178791 MISS:       2057 MSHR_MERGE:        270
cpu29->cpu29_L2C RFO          ACCESS:       5658 HIT:       5335 MISS:        323 MSHR_MERGE:          0
cpu29->cpu29_L2C PREFETCH     ACCESS:  104476005 HIT:   91385906 MISS:   13090099 MSHR_MERGE:      11107
cpu29->cpu29_L2C WRITE        ACCESS:      13653 HIT:      13653 MISS:          0 MSHR_MERGE:          0
cpu29->cpu29_L2C TRANSLATION  ACCESS:       1166 HIT:          2 MISS:       1164 MSHR_MERGE:          0
cpu29->cpu29_L2C PREFETCH REQUESTED:  104948989 ISSUED:  101654024 USEFUL:      29465 USELESS:        994
cpu29->cpu29_L2C AVERAGE MISS LATENCY: 349.9 cycles
cpu29->cpu29_L1I TOTAL        ACCESS:     421561 HIT:     421561 MISS:          0 MSHR_MERGE:          0
cpu29->cpu29_L1I LOAD         ACCESS:     240001 HIT:     240001 MISS:          0 MSHR_MERGE:          0
cpu29->cpu29_L1I RFO          ACCESS:          0 HIT:          0 MISS:          0 MSHR_MERGE:          0
cpu29->cpu29_L1I PREFETCH     ACCESS:     181560 HIT:     181560 MISS:          0 MSHR_MERGE:          0
cpu29->cpu29_L1I WRITE        ACCESS:          0 HIT:          0 MISS:          0 MSHR_MERGE:          0
cpu29->cpu29_L1I TRANSLATION  ACCESS:          0 HIT:          0 MISS:          0 MSHR_MERGE:          0
cpu29->cpu29_L1I PREFETCH REQUESTED:     240001 ISSUED:     181560 USEFUL:          0 USELESS:          0
cpu29->cpu29_L1I AVERAGE MISS LATENCY: - cycles
cpu29->cpu29_L1D TOTAL        ACCESS:   99913256 HIT:   73272135 MISS:   26641121 MSHR_MERGE:   17631468
cpu29->cpu29_L1D LOAD         ACCESS:   94775231 HIT:   71124227 MISS:   23651004 MSHR_MERGE:   17470156
cpu29->cpu29_L1D RFO          ACCESS:          0 HIT:          0 MISS:          0 MSHR_MERGE:          0
cpu29->cpu29_L1D PREFETCH     ACCESS:    5090360 HIT:    2112418 MISS:    2977942 MSHR_MERGE:     155961
cpu29->cpu29_L1D WRITE        ACCESS:      46499 HIT:      35490 MISS:      11009 MSHR_MERGE:       5351
cpu29->cpu29_L1D TRANSLATION  ACCESS:       1166 HIT:          0 MISS:       1166 MSHR_MERGE:          0
cpu29->cpu29_L1D PREFETCH REQUESTED:    5090360 ISSUED:    5090360 USEFUL:    2309211 USELESS:     512726
cpu29->cpu29_L1D AVERAGE MISS LATENCY: 10.18 cycles
cpu29->cpu29_ITLB TOTAL        ACCESS:     236927 HIT:     236927 MISS:          0 MSHR_MERGE:          0
cpu29->cpu29_ITLB LOAD         ACCESS:     236927 HIT:     236927 MISS:          0 MSHR_MERGE:          0
cpu29->cpu29_ITLB RFO          ACCESS:          0 HIT:          0 MISS:          0 MSHR_MERGE:          0
cpu29->cpu29_ITLB PREFETCH     ACCESS:          0 HIT:          0 MISS:          0 MSHR_MERGE:          0
cpu29->cpu29_ITLB WRITE        ACCESS:          0 HIT:          0 MISS:          0 MSHR_MERGE:          0
cpu29->cpu29_ITLB TRANSLATION  ACCESS:          0 HIT:          0 MISS:          0 MSHR_MERGE:          0
cpu29->cpu29_ITLB PREFETCH REQUESTED:          0 ISSUED:          0 USEFUL:          0 USELESS:          0
cpu29->cpu29_ITLB AVERAGE MISS LATENCY: - cycles
cpu29->cpu29_DTLB TOTAL        ACCESS:   94814828 HIT:   92980270 MISS:    1834558 MSHR_MERGE:    1391541
cpu29->cpu29_DTLB LOAD         ACCESS:   94814828 HIT:   92980270 MISS:    1834558 MSHR_MERGE:    1391541
cpu29->cpu29_DTLB RFO          ACCESS:          0 HIT:          0 MISS:          0 MSHR_MERGE:          0
cpu29->cpu29_DTLB PREFETCH     ACCESS:          0 HIT:          0 MISS:          0 MSHR_MERGE:          0
cpu29->cpu29_DTLB WRITE        ACCESS:          0 HIT:          0 MISS:          0 MSHR_MERGE:          0
cpu29->cpu29_DTLB TRANSLATION  ACCESS:          0 HIT:          0 MISS:          0 MSHR_MERGE:          0
cpu29->cpu29_DTLB PREFETCH REQUESTED:          0 ISSUED:          0 USEFUL:          0 USELESS:          0
cpu29->cpu29_DTLB AVERAGE MISS LATENCY: 6.89 cycles
cpu28->cpu28_STLB TOTAL        ACCESS:         39 HIT:          0 MISS:         39 MSHR_MERGE:          0
cpu28->cpu28_STLB LOAD         ACCESS:         39 HIT:          0 MISS:         39 MSHR_MERGE:          0
cpu28->cpu28_STLB RFO          ACCESS:          0 HIT:          0 MISS:          0 MSHR_MERGE:          0
cpu28->cpu28_STLB PREFETCH     ACCESS:          0 HIT:          0 MISS:          0 MSHR_MERGE:          0
cpu28->cpu28_STLB WRITE        ACCESS:          0 HIT:          0 MISS:          0 MSHR_MERGE:          0
cpu28->cpu28_STLB TRANSLATION  ACCESS:          0 HIT:          0 MISS:          0 MSHR_MERGE:          0
cpu28->cpu28_STLB PREFETCH REQUESTED:          0 ISSUED:          0 USEFUL:          0 USELESS:          0
cpu28->cpu28_STLB AVERAGE MISS LATENCY: 1041 cycles
cpu0->cpu28_L2C TOTAL        ACCESS:        261 HIT:        261 MISS:          0 MSHR_MERGE:          0
cpu0->cpu28_L2C LOAD         ACCESS:          0 HIT:          0 MISS:          0 MSHR_MERGE:          0
cpu0->cpu28_L2C RFO          ACCESS:          0 HIT:          0 MISS:          0 MSHR_MERGE:          0
cpu0->cpu28_L2C PREFETCH     ACCESS:          0 HIT:          0 MISS:          0 MSHR_MERGE:          0
cpu0->cpu28_L2C WRITE        ACCESS:        261 HIT:        261 MISS:          0 MSHR_MERGE:          0
cpu0->cpu28_L2C TRANSLATION  ACCESS:          0 HIT:          0 MISS:          0 MSHR_MERGE:          0
cpu0->cpu28_L2C PREFETCH REQUESTED:      96231 ISSUED:      95560 USEFUL:        136 USELESS:          0
cpu0->cpu28_L2C AVERAGE MISS LATENCY: - cycles
cpu28->cpu28_L2C TOTAL        ACCESS:     126527 HIT:     117183 MISS:       9344 MSHR_MERGE:        847
cpu28->cpu28_L2C LOAD         ACCESS:      20706 HIT:      20117 MISS:        589 MSHR_MERGE:         24
cpu28->cpu28_L2C RFO          ACCESS:         66 HIT:          6 MISS:         60 MSHR_MERGE:          0
cpu28->cpu28_L2C PREFETCH     ACCESS:     105686 HIT:      97053 MISS:       8633 MSHR_MERGE:        823
cpu28->cpu28_L2C WRITE        ACCESS:          7 HIT:          7 MISS:          0 MSHR_MERGE:          0
cpu28->cpu28_L2C TRANSLATION  ACCESS:         62 HIT:          0 MISS:         62 MSHR_MERGE:          0
cpu28->cpu28_L2C PREFETCH REQUESTED:      96231 ISSUED:      95560 USEFUL:        136 USELESS:          0
cpu28->cpu28_L2C AVERAGE MISS LATENCY: 297.1 cycles
cpu28->cpu28_L1I TOTAL        ACCESS:  160590254 HIT:  160494952 MISS:      95302 MSHR_MERGE:      64525
cpu28->cpu28_L1I LOAD         ACCESS:   85693030 HIT:   85648144 MISS:      44886 MSHR_MERGE:      24225
cpu28->cpu28_L1I RFO          ACCESS:          0 HIT:          0 MISS:          0 MSHR_MERGE:          0
cpu28->cpu28_L1I PREFETCH     ACCESS:   74897224 HIT:   74846808 MISS:      50416 MSHR_MERGE:      40300
cpu28->cpu28_L1I WRITE        ACCESS:          0 HIT:          0 MISS:          0 MSHR_MERGE:          0
cpu28->cpu28_L1I TRANSLATION  ACCESS:          0 HIT:          0 MISS:          0 MSHR_MERGE:          0
cpu28->cpu28_L1I PREFETCH REQUESTED:   85693059 ISSUED:   74897191 USEFUL:       8725 USELESS:       1369
cpu28->cpu28_L1I AVERAGE MISS LATENCY: 16.59 cycles
cpu28->cpu28_L1D TOTAL        ACCESS:  214355969 HIT:  214355189 MISS:        780 MSHR_MERGE:        597
cpu28->cpu28_L1D LOAD         ACCESS:   83776374 HIT:   83776283 MISS:         91 MSHR_MERGE:         46
cpu28->cpu28_L1D RFO          ACCESS:          0 HIT:          0 MISS:          0 MSHR_MERGE:          0
cpu28->cpu28_L1D PREFETCH     ACCESS:   16160592 HIT:   16160570 MISS:         22 MSHR_MERGE:         12
cpu28->cpu28_L1D WRITE        ACCESS:  114418924 HIT:  114418319 MISS:        605 MSHR_MERGE:        539
cpu28->cpu28_L1D TRANSLATION  ACCESS:         79 HIT:         17 MISS:         62 MSHR_MERGE:          0
cpu28->cpu28_L1D PREFETCH REQUESTED:   18067192 ISSUED:   16160576 USEFUL:         12 USELESS:          2
cpu28->cpu28_L1D AVERAGE MISS LATENCY: 392.4 cycles
cpu28_L1D FLUSH STALL CYCLES: 197
cpu28->cpu28_ITLB TOTAL        ACCESS:  109656842 HIT:  109656785 MISS:         57 MSHR_MERGE:         33
cpu28->cpu28_ITLB LOAD         ACCESS:  109656842 HIT:  109656785 MISS:         57 MSHR_MERGE:         33
cpu28->cpu28_ITLB RFO          ACCESS:          0 HIT:          0 MISS:          0 MSHR_MERGE:          0
cpu28->cpu28_ITLB PREFETCH     ACCESS:          0 HIT:          0 MISS:          0 MSHR_MERGE:          0
cpu28->cpu28_ITLB WRITE        ACCESS:          0 HIT:          0 MISS:          0 MSHR_MERGE:          0
cpu28->cpu28_ITLB TRANSLATION  ACCESS:          0 HIT:          0 MISS:          0 MSHR_MERGE:          0
cpu28->cpu28_ITLB PREFETCH REQUESTED:          0 ISSUED:          0 USEFUL:          0 USELESS:          0
cpu28->cpu28_ITLB AVERAGE MISS LATENCY: 1034 cycles
cpu28->cpu28_DTLB TOTAL        ACCESS:  169172482 HIT:  169172438 MISS:         44 MSHR_MERGE:         29
cpu28->cpu28_DTLB LOAD         ACCESS:  169172482 HIT:  169172438 MISS:         44 MSHR_MERGE:         29
cpu28->cpu28_DTLB RFO          ACCESS:          0 HIT:          0 MISS:          0 MSHR_MERGE:          0
cpu28->cpu28_DTLB PREFETCH     ACCESS:          0 HIT:          0 MISS:          0 MSHR_MERGE:          0
cpu28->cpu28_DTLB WRITE        ACCESS:          0 HIT:          0 MISS:          0 MSHR_MERGE:          0
cpu28->cpu28_DTLB TRANSLATION  ACCESS:          0 HIT:          0 MISS:          0 MSHR_MERGE:          0
cpu28->cpu28_DTLB PREFETCH REQUESTED:          0 ISSUED:          0 USEFUL:          0 USELESS:          0
cpu28->cpu28_DTLB AVERAGE MISS LATENCY: 1070 cycles
cpu27->cpu27_STLB TOTAL        ACCESS:     130845 HIT:     128482 MISS:       2363 MSHR_MERGE:          0
cpu27->cpu27_STLB LOAD         ACCESS:     130845 HIT:     128482 MISS:       2363 MSHR_MERGE:          0
cpu27->cpu27_STLB RFO          ACCESS:          0 HIT:          0 MISS:          0 MSHR_MERGE:          0
cpu27->cpu27_STLB PREFETCH     ACCESS:          0 HIT:          0 MISS:          0 MSHR_MERGE:          0
cpu27->cpu27_STLB WRITE        ACCESS:          0 HIT:          0 MISS:          0 MSHR_MERGE:          0
cpu27->cpu27_STLB TRANSLATION  ACCESS:          0 HIT:          0 MISS:          0 MSHR_MERGE:          0
cpu27->cpu27_STLB PREFETCH REQUESTED:          0 ISSUED:          0 USEFUL:          0 USELESS:          0
cpu27->cpu27_STLB AVERAGE MISS LATENCY: 1208 cycles
cpu0->cpu27_L2C TOTAL        ACCESS:        213 HIT:        207 MISS:          6 MSHR_MERGE:          0
cpu0->cpu27_L2C LOAD         ACCESS:          0 HIT:          0 MISS:          0 MSHR_MERGE:          0
cpu0->cpu27_L2C RFO          ACCESS:          0 HIT:          0 MISS:          0 MSHR_MERGE:          0
cpu0->cpu27_L2C PREFETCH     ACCESS:          0 HIT:          0 MISS:          0 MSHR_MERGE:          0
cpu0->cpu27_L2C WRITE        ACCESS:        213 HIT:        207 MISS:          6 MSHR_MERGE:          0
cpu0->cpu27_L2C TRANSLATION  ACCESS:          0 HIT:          0 MISS:          0 MSHR_MERGE:          0
cpu0->cpu27_L2C PREFETCH REQUESTED:    4318642 ISSUED:    4317993 USEFUL:      20869 USELESS:        639
cpu0->cpu27_L2C AVERAGE MISS LATENCY: 8.286e+05 cycles
cpu27->cpu27_L2C TOTAL        ACCESS:    5931985 HIT:    5402651 MISS:     529334 MSHR_MERGE:       2161
cpu27->cpu27_L2C LOAD         ACCESS:    1076797 HIT:    1040025 MISS:      36772 MSHR_MERGE:          4
cpu27->cpu27_L2C RFO          ACCESS:       4528 HIT:       4527 MISS:          1 MSHR_MERGE:          0
cpu27->cpu27_L2C PREFETCH     ACCESS:    4442573 HIT:    3953854 MISS:     488719 MSHR_MERGE:       2157
cpu27->cpu27_L2C WRITE        ACCESS:     403745 HIT:     403704 MISS:         41 MSHR_MERGE:          0
cpu27->cpu27_L2C TRANSLATION  ACCESS:       4342 HIT:        541 MISS:       3801 MSHR_MERGE:          0
cpu27->cpu27_L2C PREFETCH REQUESTED:    4318642 ISSUED:    4317993 USEFUL:      20869 USELESS:        639
cpu27->cpu27_L2C AVERAGE MISS LATENCY: 122.4 cycles
cpu27_L2C FLUSH STALL CYCLES: 1208
cpu27->cpu27_L1I TOTAL        ACCESS:      16580 HIT:      16578 MISS:          2 MSHR_MERGE:          0
cpu27->cpu27_L1I LOAD         ACCESS:       8284 HIT:       8284 MISS:          0 MSHR_MERGE:          0
cpu27->cpu27_L1I RFO          ACCESS:          0 HIT:          0 MISS:          0 MSHR_MERGE:          0
cpu27->cpu27_L1I PREFETCH     ACCESS:       8296 HIT:       8294 MISS:          2 MSHR_MERGE:          0
cpu27->cpu27_L1I WRITE        ACCESS:          0 HIT:          0 MISS:          0 MSHR_MERGE:          0
cpu27->cpu27_L1I TRANSLATION  ACCESS:          0 HIT:          0 MISS:          0 MSHR_MERGE:          0
cpu27->cpu27_L1I PREFETCH REQUESTED:       8284 ISSUED:       8264 USEFUL:          1 USELESS:          0
cpu27->cpu27_L1I AVERAGE MISS LATENCY: - cycles
cpu27->cpu27_L1D TOTAL        ACCESS:   95215437 HIT:   93920855 MISS:    1294582 MSHR_MERGE:      84336
cpu27->cpu27_L1D LOAD         ACCESS:   61782688 HIT:   60635516 MISS:    1147172 MSHR_MERGE:      70375
cpu27->cpu27_L1D RFO          ACCESS:          0 HIT:          0 MISS:          0 MSHR_MERGE:          0
cpu27->cpu27_L1D PREFETCH     ACCESS:     334158 HIT:     207960 MISS:     126198 MSHR_MERGE:       1620
cpu27->cpu27_L1D WRITE        ACCESS:   33093830 HIT:   33076960 MISS:      16870 MSHR_MERGE:      12341
cpu27->cpu27_L1D TRANSLATION  ACCESS:       4761 HIT:        419 MISS:       4342 MSHR_MERGE:          0
cpu27->cpu27_L1D PREFETCH REQUESTED:     334162 ISSUED:     334142 USEFUL:      96963 USELESS:      27607
cpu27->cpu27_L1D AVERAGE MISS LATENCY: 14.62 cycles
cpu27_L1D FLUSH STALL CYCLES: 149
cpu27->cpu27_ITLB TOTAL        ACCESS:      11916 HIT:      11916 MISS:          0 MSHR_MERGE:          0
cpu27->cpu27_ITLB LOAD         ACCESS:      11916 HIT:      11916 MISS:          0 MSHR_MERGE:          0
cpu27->cpu27_ITLB RFO          ACCESS:          0 HIT:          0 MISS:          0 MSHR_MERGE:          0
cpu27->cpu27_ITLB PREFETCH     ACCESS:          0 HIT:          0 MISS:          0 MSHR_MERGE:          0
cpu27->cpu27_ITLB WRITE        ACCESS:          0 HIT:          0 MISS:          0 MSHR_MERGE:          0
cpu27->cpu27_ITLB TRANSLATION  ACCESS:          0 HIT:          0 MISS:          0 MSHR_MERGE:          0
cpu27->cpu27_ITLB PREFETCH REQUESTED:          0 ISSUED:          0 USEFUL:          0 USELESS:          0
cpu27->cpu27_ITLB AVERAGE MISS LATENCY: - cycles
cpu27->cpu27_DTLB TOTAL        ACCESS:   89984638 HIT:   89795435 MISS:     189203 MSHR_MERGE:      58358
cpu27->cpu27_DTLB LOAD         ACCESS:   89984638 HIT:   89795435 MISS:     189203 MSHR_MERGE:      58358
cpu27->cpu27_DTLB RFO          ACCESS:          0 HIT:          0 MISS:          0 MSHR_MERGE:          0
cpu27->cpu27_DTLB PREFETCH     ACCESS:          0 HIT:          0 MISS:          0 MSHR_MERGE:          0
cpu27->cpu27_DTLB WRITE        ACCESS:          0 HIT:          0 MISS:          0 MSHR_MERGE:          0
cpu27->cpu27_DTLB TRANSLATION  ACCESS:          0 HIT:          0 MISS:          0 MSHR_MERGE:          0
cpu27->cpu27_DTLB PREFETCH REQUESTED:          0 ISSUED:          0 USEFUL:          0 USELESS:          0
cpu27->cpu27_DTLB AVERAGE MISS LATENCY: 26.83 cycles
cpu26->cpu26_STLB TOTAL        ACCESS:   18999618 HIT:   18969067 MISS:      30551 MSHR_MERGE:          0
cpu26->cpu26_STLB LOAD         ACCESS:   18999618 HIT:   18969067 MISS:      30551 MSHR_MERGE:          0
cpu26->cpu26_STLB RFO          ACCESS:          0 HIT:          0 MISS:          0 MSHR_MERGE:          0
cpu26->cpu26_STLB PREFETCH     ACCESS:          0 HIT:          0 MISS:          0 MSHR_MERGE:          0
cpu26->cpu26_STLB WRITE        ACCESS:          0 HIT:          0 MISS:          0 MSHR_MERGE:          0
cpu26->cpu26_STLB TRANSLATION  ACCESS:          0 HIT:          0 MISS:          0 MSHR_MERGE:          0
cpu26->cpu26_STLB PREFETCH REQUESTED:          0 ISSUED:          0 USEFUL:          0 USELESS:          0
cpu26->cpu26_STLB AVERAGE MISS LATENCY: 1015 cycles
cpu0->cpu26_L2C TOTAL        ACCESS:         39 HIT:         39 MISS:          0 MSHR_MERGE:          0
cpu0->cpu26_L2C LOAD         ACCESS:          0 HIT:          0 MISS:          0 MSHR_MERGE:          0
cpu0->cpu26_L2C RFO          ACCESS:          0 HIT:          0 MISS:          0 MSHR_MERGE:          0
cpu0->cpu26_L2C PREFETCH     ACCESS:          0 HIT:          0 MISS:          0 MSHR_MERGE:          0
cpu0->cpu26_L2C WRITE        ACCESS:         39 HIT:         39 MISS:          0 MSHR_MERGE:          0
cpu0->cpu26_L2C TRANSLATION  ACCESS:          0 HIT:          0 MISS:          0 MSHR_MERGE:          0
cpu0->cpu26_L2C PREFETCH REQUESTED:   22911881 ISSUED:   22886389 USEFUL:     507765 USELESS:     473560
cpu0->cpu26_L2C AVERAGE MISS LATENCY: - cycles
cpu26->cpu26_L2C TOTAL        ACCESS:   54383590 HIT:   39212575 MISS:   15171015 MSHR_MERGE:    1399485
cpu26->cpu26_L2C LOAD         ACCESS:   27520773 HIT:   19952827 MISS:    7567946 MSHR_MERGE:      16930
cpu26->cpu26_L2C RFO          ACCESS:    1493852 HIT:    1372437 MISS:     121415 MSHR_MERGE:          0
cpu26->cpu26_L2C PREFETCH     ACCESS:   23198057 HIT:   15854045 MISS:    7344012 MSHR_MERGE:    1382555
cpu26->cpu26_L2C WRITE        ACCESS:    2093103 HIT:    2015316 MISS:      77787 MSHR_MERGE:          0
cpu26->cpu26_L2C TRANSLATION  ACCESS:      77805 HIT:      17950 MISS:      59855 MSHR_MERGE:          0
cpu26->cpu26_L2C PREFETCH REQUESTED:   22911881 ISSUED:   22886389 USEFUL:     507765 USELESS:     473560
cpu26->cpu26_L2C AVERAGE MISS LATENCY: 61.62 cycles
cpu26_L2C FLUSH STALL CYCLES: 5374
cpu26->cpu26_L1I TOTAL        ACCESS:   83730950 HIT:   83730949 MISS:          1 MSHR_MERGE:          0
cpu26->cpu26_L1I LOAD         ACCESS:   43551853 HIT:   43551853 MISS:          0 MSHR_MERGE:          0
cpu26->cpu26_L1I RFO          ACCESS:          0 HIT:          0 MISS:          0 MSHR_MERGE:          0
cpu26->cpu26_L1I PREFETCH     ACCESS:   40179097 HIT:   40179096 MISS:          1 MSHR_MERGE:          0
cpu26->cpu26_L1I WRITE        ACCESS:          0 HIT:          0 MISS:          0 MSHR_MERGE:          0
cpu26->cpu26_L1I TRANSLATION  ACCESS:          0 HIT:          0 MISS:          0 MSHR_MERGE:          0
cpu26->cpu26_L1I PREFETCH REQUESTED:   43551853 ISSUED:   40179083 USEFUL:          0 USELESS:          0
cpu26->cpu26_L1I AVERAGE MISS LATENCY: - cycles
cpu26->cpu26_L1D TOTAL        ACCESS:   71550814 HIT:   39394726 MISS:   32156088 MSHR_MERGE:    2735442
cpu26->cpu26_L1D LOAD         ACCESS:   42269891 HIT:   12620730 MISS:   29649161 MSHR_MERGE:    2113156
cpu26->cpu26_L1D RFO          ACCESS:          0 HIT:          0 MISS:          0 MSHR_MERGE:          0
cpu26->cpu26_L1D PREFETCH     ACCESS:     412980 HIT:      74466 MISS:     338514 MSHR_MERGE:      26805
cpu26->cpu26_L1D WRITE        ACCESS:   28789773 HIT:   26699257 MISS:    2090516 MSHR_MERGE:     595389
cpu26->cpu26_L1D TRANSLATION  ACCESS:      78170 HIT:        273 MISS:      77897 MSHR_MERGE:         92
cpu26->cpu26_L1D PREFETCH REQUESTED:     412980 ISSUED:     412980 USEFUL:       1146 USELESS:      70433
cpu26->cpu26_L1D AVERAGE MISS LATENCY: 27.06 cycles
cpu26->cpu26_ITLB TOTAL        ACCESS:   56000893 HIT:   56000892 MISS:          1 MSHR_MERGE:          0
cpu26->cpu26_ITLB LOAD         ACCESS:   56000893 HIT:   56000892 MISS:          1 MSHR_MERGE:          0
cpu26->cpu26_ITLB RFO          ACCESS:          0 HIT:          0 MISS:          0 MSHR_MERGE:          0
cpu26->cpu26_ITLB PREFETCH     ACCESS:          0 HIT:          0 MISS:          0 MSHR_MERGE:          0
cpu26->cpu26_ITLB WRITE        ACCESS:          0 HIT:          0 MISS:          0 MSHR_MERGE:          0
cpu26->cpu26_ITLB TRANSLATION  ACCESS:          0 HIT:          0 MISS:          0 MSHR_MERGE:          0
cpu26->cpu26_ITLB PREFETCH REQUESTED:          0 ISSUED:          0 USEFUL:          0 USELESS:          0
cpu26->cpu26_ITLB AVERAGE MISS LATENCY: 944 cycles
cpu26->cpu26_DTLB TOTAL        ACCESS:   66054060 HIT:   42054042 MISS:   24000018 MSHR_MERGE:    5000401
cpu26->cpu26_DTLB LOAD         ACCESS:   66054060 HIT:   42054042 MISS:   24000018 MSHR_MERGE:    5000401
cpu26->cpu26_DTLB RFO          ACCESS:          0 HIT:          0 MISS:          0 MSHR_MERGE:          0
cpu26->cpu26_DTLB PREFETCH     ACCESS:          0 HIT:          0 MISS:          0 MSHR_MERGE:          0
cpu26->cpu26_DTLB WRITE        ACCESS:          0 HIT:          0 MISS:          0 MSHR_MERGE:          0
cpu26->cpu26_DTLB TRANSLATION  ACCESS:          0 HIT:          0 MISS:          0 MSHR_MERGE:          0
cpu26->cpu26_DTLB PREFETCH REQUESTED:          0 ISSUED:          0 USEFUL:          0 USELESS:          0
cpu26->cpu26_DTLB AVERAGE MISS LATENCY: 6.719 cycles
cpu25->cpu25_STLB TOTAL        ACCESS:     788559 HIT:     758156 MISS:      30403 MSHR_MERGE:          0
cpu25->cpu25_STLB LOAD         ACCESS:     788559 HIT:     758156 MISS:      30403 MSHR_MERGE:          0
cpu25->cpu25_STLB RFO          ACCESS:          0 HIT:          0 MISS:          0 MSHR_MERGE:          0
cpu25->cpu25_STLB PREFETCH     ACCESS:          0 HIT:          0 MISS:          0 MSHR_MERGE:          0
cpu25->cpu25_STLB WRITE        ACCESS:          0 HIT:          0 MISS:          0 MSHR_MERGE:          0
cpu25->cpu25_STLB TRANSLATION  ACCESS:          0 HIT:          0 MISS:          0 MSHR_MERGE:          0
cpu25->cpu25_STLB PREFETCH REQUESTED:          0 ISSUED:          0 USEFUL:          0 USELESS:          0
cpu25->cpu25_STLB AVERAGE MISS LATENCY: 784.6 cycles
cpu0->cpu25_L2C TOTAL        ACCESS:        213 HIT:        212 MISS:          1 MSHR_MERGE:          0
cpu0->cpu25_L2C LOAD         ACCESS:          0 HIT:          0 MISS:          0 MSHR_MERGE:          0
cpu0->cpu25_L2C RFO          ACCESS:          0 HIT:          0 MISS:          0 MSHR_MERGE:          0
cpu0->cpu25_L2C PREFETCH     ACCESS:          0 HIT:          0 MISS:          0 MSHR_MERGE:          0
cpu0->cpu25_L2C WRITE        ACCESS:        213 HIT:        212 MISS:          1 MSHR_MERGE:          0
cpu0->cpu25_L2C TRANSLATION  ACCESS:          0 HIT:          0 MISS:          0 MSHR_MERGE:          0
cpu0->cpu25_L2C PREFETCH REQUESTED:    2311806 ISSUED:    2311806 USEFUL:       1028 USELESS:        315
cpu0->cpu25_L2C AVERAGE MISS LATENCY: 1.026e+08 cycles
cpu25->cpu25_L2C TOTAL        ACCESS:    5693032 HIT:    4869837 MISS:     823195 MSHR_MERGE:     105721
cpu25->cpu25_L2C LOAD         ACCESS:    2184406 HIT:    1949955 MISS:     234451 MSHR_MERGE:        140
cpu25->cpu25_L2C RFO          ACCESS:      67492 HIT:      56426 MISS:      11066 MSHR_MERGE:          0
cpu25->cpu25_L2C PREFETCH     ACCESS:    3169004 HIT:    2643593 MISS:     525411 MSHR_MERGE:     105581
cpu25->cpu25_L2C WRITE        ACCESS:     212122 HIT:     205863 MISS:       6259 MSHR_MERGE:          0
cpu25->cpu25_L2C TRANSLATION  ACCESS:      60008 HIT:      14000 MISS:      46008 MSHR_MERGE:          0
cpu25->cpu25_L2C PREFETCH REQUESTED:    2311806 ISSUED:    2311806 USEFUL:       1028 USELESS:        315
cpu25->cpu25_L2C AVERAGE MISS LATENCY: 344.4 cycles
cpu25_L2C FLUSH STALL CYCLES: 10567
cpu25->cpu25_L1I TOTAL        ACCESS:   59227851 HIT:   55513199 MISS:    3714652 MSHR_MERGE:    1420386
cpu25->cpu25_L1I LOAD         ACCESS:   30106185 HIT:   28027000 MISS:    2079185 MSHR_MERGE:     567176
cpu25->cpu25_L1I RFO          ACCESS:          0 HIT:          0 MISS:          0 MSHR_MERGE:          0
cpu25->cpu25_L1I PREFETCH     ACCESS:   29121666 HIT:   27486199 MISS:    1635467 MSHR_MERGE:     853210
cpu25->cpu25_L1I WRITE        ACCESS:          0 HIT:          0 MISS:          0 MSHR_MERGE:          0
cpu25->cpu25_L1I TRANSLATION  ACCESS:          0 HIT:          0 MISS:          0 MSHR_MERGE:          0
cpu25->cpu25_L1I PREFETCH REQUESTED:   30150072 ISSUED:   29121634 USEFUL:     215807 USELESS:     566440
cpu25->cpu25_L1I AVERAGE MISS LATENCY: 10.68 cycles
cpu25->cpu25_L1D TOTAL        ACCESS:   78633185 HIT:   77372016 MISS:    1261169 MSHR_MERGE:     386319
cpu25->cpu25_L1D LOAD         ACCESS:   32695162 HIT:   31795405 MISS:     899757 MSHR_MERGE:     227357
cpu25->cpu25_L1D RFO          ACCESS:          0 HIT:          0 MISS:          0 MSHR_MERGE:          0
cpu25->cpu25_L1D PREFETCH     ACCESS:     342483 HIT:     255405 MISS:      87078 MSHR_MERGE:      12136
cpu25->cpu25_L1D WRITE        ACCESS:   45529471 HIT:   45315333 MISS:     214138 MSHR_MERGE:     146638
cpu25->cpu25_L1D TRANSLATION  ACCESS:      66069 HIT:       5873 MISS:      60196 MSHR_MERGE:        188
cpu25->cpu25_L1D PREFETCH REQUESTED:     353038 ISSUED:     342467 USEFUL:      36788 USELESS:      37877
cpu25->cpu25_L1D AVERAGE MISS LATENCY: 135.9 cycles
cpu25_L1D FLUSH STALL CYCLES: 149
cpu25->cpu25_ITLB TOTAL        ACCESS:   44963545 HIT:   44760572 MISS:     202973 MSHR_MERGE:     123010
cpu25->cpu25_ITLB LOAD         ACCESS:   44963545 HIT:   44760572 MISS:     202973 MSHR_MERGE:     123010
cpu25->cpu25_ITLB RFO          ACCESS:          0 HIT:          0 MISS:          0 MSHR_MERGE:          0
cpu25->cpu25_ITLB PREFETCH     ACCESS:          0 HIT:          0 MISS:          0 MSHR_MERGE:          0
cpu25->cpu25_ITLB WRITE        ACCESS:          0 HIT:          0 MISS:          0 MSHR_MERGE:          0
cpu25->cpu25_ITLB TRANSLATION  ACCESS:          0 HIT:          0 MISS:          0 MSHR_MERGE:          0
cpu25->cpu25_ITLB PREFETCH REQUESTED:          0 ISSUED:          0 USEFUL:          0 USELESS:          0
cpu25->cpu25_ITLB AVERAGE MISS LATENCY: 15.49 cycles
cpu25->cpu25_DTLB TOTAL        ACCESS:   70942491 HIT:   69962450 MISS:     980041 MSHR_MERGE:     271445
cpu25->cpu25_DTLB LOAD         ACCESS:   70942491 HIT:   69962450 MISS:     980041 MSHR_MERGE:     271445
cpu25->cpu25_DTLB RFO          ACCESS:          0 HIT:          0 MISS:          0 MSHR_MERGE:          0
cpu25->cpu25_DTLB PREFETCH     ACCESS:          0 HIT:          0 MISS:          0 MSHR_MERGE:          0
cpu25->cpu25_DTLB WRITE        ACCESS:          0 HIT:          0 MISS:          0 MSHR_MERGE:          0
cpu25->cpu25_DTLB TRANSLATION  ACCESS:          0 HIT:          0 MISS:          0 MSHR_MERGE:          0
cpu25->cpu25_DTLB PREFETCH REQUESTED:          0 ISSUED:          0 USEFUL:          0 USELESS:          0
cpu25->cpu25_DTLB AVERAGE MISS LATENCY: 37.52 cycles
cpu24->cpu24_STLB TOTAL        ACCESS:       1528 HIT:          3 MISS:       1525 MSHR_MERGE:          0
cpu24->cpu24_STLB LOAD         ACCESS:       1528 HIT:          3 MISS:       1525 MSHR_MERGE:          0
cpu24->cpu24_STLB RFO          ACCESS:          0 HIT:          0 MISS:          0 MSHR_MERGE:          0
cpu24->cpu24_STLB PREFETCH     ACCESS:          0 HIT:          0 MISS:          0 MSHR_MERGE:          0
cpu24->cpu24_STLB WRITE        ACCESS:          0 HIT:          0 MISS:          0 MSHR_MERGE:          0
cpu24->cpu24_STLB TRANSLATION  ACCESS:          0 HIT:          0 MISS:          0 MSHR_MERGE:          0
cpu24->cpu24_STLB PREFETCH REQUESTED:          0 ISSUED:          0 USEFUL:          0 USELESS:          0
cpu24->cpu24_STLB AVERAGE MISS LATENCY: 1014 cycles
cpu0->cpu24_L2C TOTAL        ACCESS:        646 HIT:        493 MISS:        153 MSHR_MERGE:          0
cpu0->cpu24_L2C LOAD         ACCESS:          0 HIT:          0 MISS:          0 MSHR_MERGE:          0
cpu0->cpu24_L2C RFO          ACCESS:          0 HIT:          0 MISS:          0 MSHR_MERGE:          0
cpu0->cpu24_L2C PREFETCH     ACCESS:          0 HIT:          0 MISS:          0 MSHR_MERGE:          0
cpu0->cpu24_L2C WRITE        ACCESS:        646 HIT:        493 MISS:        153 MSHR_MERGE:          0
cpu0->cpu24_L2C TRANSLATION  ACCESS:          0 HIT:          0 MISS:          0 MSHR_MERGE:          0
cpu0->cpu24_L2C PREFETCH REQUESTED:      20973 ISSUED:      20973 USEFUL:         17 USELESS:          6
cpu0->cpu24_L2C AVERAGE MISS LATENCY: 2.998e+05 cycles
cpu24->cpu24_L2C TOTAL        ACCESS:     227634 HIT:      75005 MISS:     152629 MSHR_MERGE:       6597
cpu24->cpu24_L2C LOAD         ACCESS:       3254 HIT:       2632 MISS:        622 MSHR_MERGE:         17
cpu24->cpu24_L2C RFO          ACCESS:      89212 HIT:       1068 MISS:      88144 MSHR_MERGE:          0
cpu24->cpu24_L2C PREFETCH     ACCESS:      43837 HIT:      20193 MISS:      23644 MSHR_MERGE:       6580
cpu24->cpu24_L2C WRITE        ACCESS:      89521 HIT:      51060 MISS:      38461 MSHR_MERGE:          0
cpu24->cpu24_L2C TRANSLATION  ACCESS:       1810 HIT:         52 MISS:       1758 MSHR_MERGE:          0
cpu24->cpu24_L2C PREFETCH REQUESTED:      20973 ISSUED:      20973 USEFUL:         17 USELESS:          6
cpu24->cpu24_L2C AVERAGE MISS LATENCY: 355.6 cycles
cpu24_L2C FLUSH STALL CYCLES: 28844
cpu24->cpu24_L1I TOTAL        ACCESS:   49627963 HIT:   49627962 MISS:          1 MSHR_MERGE:          0
cpu24->cpu24_L1I LOAD         ACCESS:   29058778 HIT:   29058778 MISS:          0 MSHR_MERGE:          0
cpu24->cpu24_L1I RFO          ACCESS:          0 HIT:          0 MISS:          0 MSHR_MERGE:          0
cpu24->cpu24_L1I PREFETCH     ACCESS:   20569185 HIT:   20569184 MISS:          1 MSHR_MERGE:          0
cpu24->cpu24_L1I WRITE        ACCESS:          0 HIT:          0 MISS:          0 MSHR_MERGE:          0
cpu24->cpu24_L1I TRANSLATION  ACCESS:          0 HIT:          0 MISS:          0 MSHR_MERGE:          0
cpu24->cpu24_L1I PREFETCH REQUESTED:   29058778 ISSUED:   20569185 USEFUL:          0 USELESS:          0
cpu24->cpu24_L1I AVERAGE MISS LATENCY: - cycles
cpu24->cpu24_L1D TOTAL        ACCESS:  151211446 HIT:  150517702 MISS:     693744 MSHR_MERGE:     576590
cpu24->cpu24_L1D LOAD         ACCESS:  122724733 HIT:  122718770 MISS:       5963 MSHR_MERGE:       2709
cpu24->cpu24_L1D RFO          ACCESS:          0 HIT:          0 MISS:          0 MSHR_MERGE:          0
cpu24->cpu24_L1D PREFETCH     ACCESS:     995520 HIT:     970817 MISS:      24703 MSHR_MERGE:       1828
cpu24->cpu24_L1D WRITE        ACCESS:   27488141 HIT:   26826875 MISS:     661266 MSHR_MERGE:     572051
cpu24->cpu24_L1D TRANSLATION  ACCESS:       3052 HIT:       1240 MISS:       1812 MSHR_MERGE:          2
cpu24->cpu24_L1D PREFETCH REQUESTED:     995520 ISSUED:     995520 USEFUL:       7675 USELESS:        146
cpu24->cpu24_L1D AVERAGE MISS LATENCY: 494.5 cycles
cpu24_L1D FLUSH STALL CYCLES: 582
cpu24->cpu24_ITLB TOTAL        ACCESS:   35091728 HIT:   35091728 MISS:          0 MSHR_MERGE:          0
cpu24->cpu24_ITLB LOAD         ACCESS:   35091728 HIT:   35091728 MISS:          0 MSHR_MERGE:          0
cpu24->cpu24_ITLB RFO          ACCESS:          0 HIT:          0 MISS:          0 MSHR_MERGE:          0
cpu24->cpu24_ITLB PREFETCH     ACCESS:          0 HIT:          0 MISS:          0 MSHR_MERGE:          0
cpu24->cpu24_ITLB WRITE        ACCESS:          0 HIT:          0 MISS:          0 MSHR_MERGE:          0
cpu24->cpu24_ITLB TRANSLATION  ACCESS:          0 HIT:          0 MISS:          0 MSHR_MERGE:          0
cpu24->cpu24_ITLB PREFETCH REQUESTED:          0 ISSUED:          0 USEFUL:          0 USELESS:          0
cpu24->cpu24_ITLB AVERAGE MISS LATENCY: - cycles
cpu24->cpu24_DTLB TOTAL        ACCESS:  139102690 HIT:  139084834 MISS:      17856 MSHR_MERGE:      16328
cpu24->cpu24_DTLB LOAD         ACCESS:  139102690 HIT:  139084834 MISS:      17856 MSHR_MERGE:      16328
cpu24->cpu24_DTLB RFO          ACCESS:          0 HIT:          0 MISS:          0 MSHR_MERGE:          0
cpu24->cpu24_DTLB PREFETCH     ACCESS:          0 HIT:          0 MISS:          0 MSHR_MERGE:          0
cpu24->cpu24_DTLB WRITE        ACCESS:          0 HIT:          0 MISS:          0 MSHR_MERGE:          0
cpu24->cpu24_DTLB TRANSLATION  ACCESS:          0 HIT:          0 MISS:          0 MSHR_MERGE:          0
cpu24->cpu24_DTLB PREFETCH REQUESTED:          0 ISSUED:          0 USEFUL:          0 USELESS:          0
cpu24->cpu24_DTLB AVERAGE MISS LATENCY: 1018 cycles
cpu23->cpu23_STLB TOTAL        ACCESS:     167192 HIT:     166761 MISS:        431 MSHR_MERGE:          0
cpu23->cpu23_STLB LOAD         ACCESS:     167192 HIT:     166761 MISS:        431 MSHR_MERGE:          0
cpu23->cpu23_STLB RFO          ACCESS:          0 HIT:          0 MISS:          0 MSHR_MERGE:          0
cpu23->cpu23_STLB PREFETCH     ACCESS:          0 HIT:          0 MISS:          0 MSHR_MERGE:          0
cpu23->cpu23_STLB WRITE        ACCESS:          0 HIT:          0 MISS:          0 MSHR_MERGE:          0
cpu23->cpu23_STLB TRANSLATION  ACCESS:          0 HIT:          0 MISS:          0 MSHR_MERGE:          0
cpu23->cpu23_STLB PREFETCH REQUESTED:          0 ISSUED:          0 USEFUL:          0 USELESS:          0
cpu23->cpu23_STLB AVERAGE MISS LATENCY: 1308 cycles
cpu0->cpu23_L2C TOTAL        ACCESS:        407 HIT:        407 MISS:          0 MSHR_MERGE:          0
cpu0->cpu23_L2C LOAD         ACCESS:          0 HIT:          0 MISS:          0 MSHR_MERGE:          0
cpu0->cpu23_L2C RFO          ACCESS:          0 HIT:          0 MISS:          0 MSHR_MERGE:          0
cpu0->cpu23_L2C PREFETCH     ACCESS:          0 HIT:          0 MISS:          0 MSHR_MERGE:          0
cpu0->cpu23_L2C WRITE        ACCESS:        407 HIT:        407 MISS:          0 MSHR_MERGE:          0
cpu0->cpu23_L2C TRANSLATION  ACCESS:          0 HIT:          0 MISS:          0 MSHR_MERGE:          0
cpu0->cpu23_L2C PREFETCH REQUESTED:     370068 ISSUED:     370068 USEFUL:          5 USELESS:          2
cpu0->cpu23_L2C AVERAGE MISS LATENCY: - cycles
cpu23->cpu23_L2C TOTAL        ACCESS:    1243336 HIT:    1214964 MISS:      28372 MSHR_MERGE:       1939
cpu23->cpu23_L2C LOAD         ACCESS:     520703 HIT:     518517 MISS:       2186 MSHR_MERGE:          0
cpu23->cpu23_L2C RFO          ACCESS:      66726 HIT:      66672 MISS:         54 MSHR_MERGE:          0
cpu23->cpu23_L2C PREFETCH     ACCESS:     510564 HIT:     485302 MISS:      25262 MSHR_MERGE:       1939
cpu23->cpu23_L2C WRITE        ACCESS:     144483 HIT:     144464 MISS:         19 MSHR_MERGE:          0
cpu23->cpu23_L2C TRANSLATION  ACCESS:        860 HIT:          9 MISS:        851 MSHR_MERGE:          0
cpu23->cpu23_L2C PREFETCH REQUESTED:     370068 ISSUED:     370068 USEFUL:          5 USELESS:          2
cpu23->cpu23_L2C AVERAGE MISS LATENCY: 445.9 cycles
cpu23_L2C FLUSH STALL CYCLES: 20686
cpu23->cpu23_L1I TOTAL        ACCESS:   80605897 HIT:   80318070 MISS:     287827 MSHR_MERGE:     151309
cpu23->cpu23_L1I LOAD         ACCESS:   40897664 HIT:   40752914 MISS:     144750 MSHR_MERGE:      68219
cpu23->cpu23_L1I RFO          ACCESS:          0 HIT:          0 MISS:          0 MSHR_MERGE:          0
cpu23->cpu23_L1I PREFETCH     ACCESS:   39708233 HIT:   39565156 MISS:     143077 MSHR_MERGE:      83090
cpu23->cpu23_L1I WRITE        ACCESS:          0 HIT:          0 MISS:          0 MSHR_MERGE:          0
cpu23->cpu23_L1I TRANSLATION  ACCESS:          0 HIT:          0 MISS:          0 MSHR_MERGE:          0
cpu23->cpu23_L1I PREFETCH REQUESTED:   40897664 ISSUED:   39708223 USEFUL:      33769 USELESS:      26218
cpu23->cpu23_L1I AVERAGE MISS LATENCY: 9 cycles
cpu23->cpu23_L1D TOTAL        ACCESS:  112868044 HIT:  112120481 MISS:     747563 MSHR_MERGE:     155244
cpu23->cpu23_L1D LOAD         ACCESS:   63158811 HIT:   62696022 MISS:     462789 MSHR_MERGE:      18603
cpu23->cpu23_L1D RFO          ACCESS:          0 HIT:          0 MISS:          0 MSHR_MERGE:          0
cpu23->cpu23_L1D PREFETCH     ACCESS:    6468380 HIT:    6355681 MISS:     112699 MSHR_MERGE:      32190
cpu23->cpu23_L1D WRITE        ACCESS:   43239991 HIT:   43068776 MISS:     171215 MSHR_MERGE:     104451
cpu23->cpu23_L1D TRANSLATION  ACCESS:        862 HIT:          2 MISS:        860 MSHR_MERGE:          0
cpu23->cpu23_L1D PREFETCH REQUESTED:    6469171 ISSUED:    6468380 USEFUL:      59215 USELESS:      21271
cpu23->cpu23_L1D AVERAGE MISS LATENCY: 12.64 cycles
cpu23_L1D FLUSH STALL CYCLES: 343
cpu23->cpu23_ITLB TOTAL        ACCESS:   65033650 HIT:   65033650 MISS:          0 MSHR_MERGE:          0
cpu23->cpu23_ITLB LOAD         ACCESS:   65033650 HIT:   65033650 MISS:          0 MSHR_MERGE:          0
cpu23->cpu23_ITLB RFO          ACCESS:          0 HIT:          0 MISS:          0 MSHR_MERGE:          0
cpu23->cpu23_ITLB PREFETCH     ACCESS:          0 HIT:          0 MISS:          0 MSHR_MERGE:          0
cpu23->cpu23_ITLB WRITE        ACCESS:          0 HIT:          0 MISS:          0 MSHR_MERGE:          0
cpu23->cpu23_ITLB TRANSLATION  ACCESS:          0 HIT:          0 MISS:          0 MSHR_MERGE:          0
cpu23->cpu23_ITLB PREFETCH REQUESTED:          0 ISSUED:          0 USEFUL:          0 USELESS:          0
cpu23->cpu23_ITLB AVERAGE MISS LATENCY: - cycles
cpu23->cpu23_DTLB TOTAL        ACCESS:   99801775 HIT:   99615311 MISS:     186464 MSHR_MERGE:      19272
cpu23->cpu23_DTLB LOAD         ACCESS:   99801775 HIT:   99615311 MISS:     186464 MSHR_MERGE:      19272
cpu23->cpu23_DTLB RFO          ACCESS:          0 HIT:          0 MISS:          0 MSHR_MERGE:          0
cpu23->cpu23_DTLB PREFETCH     ACCESS:          0 HIT:          0 MISS:          0 MSHR_MERGE:          0
cpu23->cpu23_DTLB WRITE        ACCESS:          0 HIT:          0 MISS:          0 MSHR_MERGE:          0
cpu23->cpu23_DTLB TRANSLATION  ACCESS:          0 HIT:          0 MISS:          0 MSHR_MERGE:          0
cpu23->cpu23_DTLB PREFETCH REQUESTED:          0 ISSUED:          0 USEFUL:          0 USELESS:          0
cpu23->cpu23_DTLB AVERAGE MISS LATENCY: 8.375 cycles
cpu22->cpu22_STLB TOTAL        ACCESS:       3702 HIT:          0 MISS:       3702 MSHR_MERGE:          0
cpu22->cpu22_STLB LOAD         ACCESS:       3702 HIT:          0 MISS:       3702 MSHR_MERGE:          0
cpu22->cpu22_STLB RFO          ACCESS:          0 HIT:          0 MISS:          0 MSHR_MERGE:          0
cpu22->cpu22_STLB PREFETCH     ACCESS:          0 HIT:          0 MISS:          0 MSHR_MERGE:          0
cpu22->cpu22_STLB WRITE        ACCESS:          0 HIT:          0 MISS:          0 MSHR_MERGE:          0
cpu22->cpu22_STLB TRANSLATION  ACCESS:          0 HIT:          0 MISS:          0 MSHR_MERGE:          0
cpu22->cpu22_STLB PREFETCH REQUESTED:          0 ISSUED:          0 USEFUL:          0 USELESS:          0
cpu22->cpu22_STLB AVERAGE MISS LATENCY: 971.6 cycles
cpu0->cpu22_L2C TOTAL        ACCESS:         15 HIT:          0 MISS:         15 MSHR_MERGE:          0
cpu0->cpu22_L2C LOAD         ACCESS:          0 HIT:          0 MISS:          0 MSHR_MERGE:          0
cpu0->cpu22_L2C RFO          ACCESS:          0 HIT:          0 MISS:          0 MSHR_MERGE:          0
cpu0->cpu22_L2C PREFETCH     ACCESS:          0 HIT:          0 MISS:          0 MSHR_MERGE:          0
cpu0->cpu22_L2C WRITE        ACCESS:         15 HIT:          0 MISS:         15 MSHR_MERGE:          0
cpu0->cpu22_L2C TRANSLATION  ACCESS:          0 HIT:          0 MISS:          0 MSHR_MERGE:          0
cpu0->cpu22_L2C PREFETCH REQUESTED:    4530320 ISSUED:    4402240 USEFUL:      83006 USELESS:      70611
cpu0->cpu22_L2C AVERAGE MISS LATENCY: 2.601e+05 cycles
cpu22->cpu22_L2C TOTAL        ACCESS:    4643375 HIT:      81193 MISS:    4562182 MSHR_MERGE:      92738
cpu22->cpu22_L2C LOAD         ACCESS:      11133 HIT:       3672 MISS:       7461 MSHR_MERGE:       1813
cpu22->cpu22_L2C RFO          ACCESS:          0 HIT:          0 MISS:          0 MSHR_MERGE:          0
cpu22->cpu22_L2C PREFETCH     ACCESS:    4628069 HIT:      77521 MISS:    4550548 MSHR_MERGE:      90925
cpu22->cpu22_L2C WRITE        ACCESS:          0 HIT:          0 MISS:          0 MSHR_MERGE:          0
cpu22->cpu22_L2C TRANSLATION  ACCESS:       4173 HIT:          0 MISS:       4173 MSHR_MERGE:          0
cpu22->cpu22_L2C PREFETCH REQUESTED:    4530320 ISSUED:    4402240 USEFUL:      83006 USELESS:      70611
cpu22->cpu22_L2C AVERAGE MISS LATENCY: 335.3 cycles
cpu22->cpu22_L1I TOTAL        ACCESS:  192659852 HIT:  192659851 MISS:          1 MSHR_MERGE:          0
cpu22->cpu22_L1I LOAD         ACCESS:   98557322 HIT:   98557322 MISS:          0 MSHR_MERGE:          0
cpu22->cpu22_L1I RFO          ACCESS:          0 HIT:          0 MISS:          0 MSHR_MERGE:          0
cpu22->cpu22_L1I PREFETCH     ACCESS:   94102530 HIT:   94102529 MISS:          1 MSHR_MERGE:          0
cpu22->cpu22_L1I WRITE        ACCESS:          0 HIT:          0 MISS:          0 MSHR_MERGE:          0
cpu22->cpu22_L1I TRANSLATION  ACCESS:          0 HIT:          0 MISS:          0 MSHR_MERGE:          0
cpu22->cpu22_L1I PREFETCH REQUESTED:   98557322 ISSUED:   94102498 USEFUL:          0 USELESS:          0
cpu22->cpu22_L1I AVERAGE MISS LATENCY: - cycles
cpu22->cpu22_L1D TOTAL        ACCESS:   84105822 HIT:   83647119 MISS:     458703 MSHR_MERGE:     217568
cpu22->cpu22_L1D LOAD         ACCESS:   27432508 HIT:   27311138 MISS:     121370 MSHR_MERGE:     110237
cpu22->cpu22_L1D RFO          ACCESS:          0 HIT:          0 MISS:          0 MSHR_MERGE:          0
cpu22->cpu22_L1D PREFETCH     ACCESS:   44818002 HIT:   44484842 MISS:     333160 MSHR_MERGE:     107331
cpu22->cpu22_L1D WRITE        ACCESS:   11847900 HIT:   11847900 MISS:          0 MSHR_MERGE:          0
cpu22->cpu22_L1D TRANSLATION  ACCESS:       7412 HIT:       3239 MISS:       4173 MSHR_MERGE:          0
cpu22->cpu22_L1D PREFETCH REQUESTED:   44818001 ISSUED:   44818001 USEFUL:     225825 USELESS:          0
cpu22->cpu22_L1D AVERAGE MISS LATENCY: 265 cycles
cpu22->cpu22_ITLB TOTAL        ACCESS:  130221757 HIT:  130221757 MISS:          0 MSHR_MERGE:          0
cpu22->cpu22_ITLB LOAD         ACCESS:  130221757 HIT:  130221757 MISS:          0 MSHR_MERGE:          0
cpu22->cpu22_ITLB RFO          ACCESS:          0 HIT:          0 MISS:          0 MSHR_MERGE:          0
cpu22->cpu22_ITLB PREFETCH     ACCESS:          0 HIT:          0 MISS:          0 MSHR_MERGE:          0
cpu22->cpu22_ITLB WRITE        ACCESS:          0 HIT:          0 MISS:          0 MSHR_MERGE:          0
cpu22->cpu22_ITLB TRANSLATION  ACCESS:          0 HIT:          0 MISS:          0 MSHR_MERGE:          0
cpu22->cpu22_ITLB PREFETCH REQUESTED:          0 ISSUED:          0 USEFUL:          0 USELESS:          0
cpu22->cpu22_ITLB AVERAGE MISS LATENCY: - cycles
cpu22->cpu22_DTLB TOTAL        ACCESS:   38082641 HIT:   38038223 MISS:      44418 MSHR_MERGE:      40716
cpu22->cpu22_DTLB LOAD         ACCESS:   38082641 HIT:   38038223 MISS:      44418 MSHR_MERGE:      40716
cpu22->cpu22_DTLB RFO          ACCESS:          0 HIT:          0 MISS:          0 MSHR_MERGE:          0
cpu22->cpu22_DTLB PREFETCH     ACCESS:          0 HIT:          0 MISS:          0 MSHR_MERGE:          0
cpu22->cpu22_DTLB WRITE        ACCESS:          0 HIT:          0 MISS:          0 MSHR_MERGE:          0
cpu22->cpu22_DTLB TRANSLATION  ACCESS:          0 HIT:          0 MISS:          0 MSHR_MERGE:          0
cpu22->cpu22_DTLB PREFETCH REQUESTED:          0 ISSUED:          0 USEFUL:          0 USELESS:          0
cpu22->cpu22_DTLB AVERAGE MISS LATENCY: 977.6 cycles
cpu21->cpu21_STLB TOTAL        ACCESS:    5705306 HIT:    5697723 MISS:       7583 MSHR_MERGE:          0
cpu21->cpu21_STLB LOAD         ACCESS:    5705306 HIT:    5697723 MISS:       7583 MSHR_MERGE:          0
cpu21->cpu21_STLB RFO          ACCESS:          0 HIT:          0 MISS:          0 MSHR_MERGE:          0
cpu21->cpu21_STLB PREFETCH     ACCESS:          0 HIT:          0 MISS:          0 MSHR_MERGE:          0
cpu21->cpu21_STLB WRITE        ACCESS:          0 HIT:          0 MISS:          0 MSHR_MERGE:          0
cpu21->cpu21_STLB TRANSLATION  ACCESS:          0 HIT:          0 MISS:          0 MSHR_MERGE:          0
cpu21->cpu21_STLB PREFETCH REQUESTED:          0 ISSUED:          0 USEFUL:          0 USELESS:          0
cpu21->cpu21_STLB AVERAGE MISS LATENCY: 794.1 cycles
cpu0->cpu21_L2C TOTAL        ACCESS:         77 HIT:         77 MISS:          0 MSHR_MERGE:          0
cpu0->cpu21_L2C LOAD         ACCESS:          0 HIT:          0 MISS:          0 MSHR_MERGE:          0
cpu0->cpu21_L2C RFO          ACCESS:          0 HIT:          0 MISS:          0 MSHR_MERGE:          0
cpu0->cpu21_L2C PREFETCH     ACCESS:          0 HIT:          0 MISS:          0 MSHR_MERGE:          0
cpu0->cpu21_L2C WRITE        ACCESS:         77 HIT:         77 MISS:          0 MSHR_MERGE:          0
cpu0->cpu21_L2C TRANSLATION  ACCESS:          0 HIT:          0 MISS:          0 MSHR_MERGE:          0
cpu0->cpu21_L2C PREFETCH REQUESTED:   12966880 ISSUED:   12966879 USEFUL:       2007 USELESS:       5204
cpu0->cpu21_L2C AVERAGE MISS LATENCY: - cycles
cpu21->cpu21_L2C TOTAL        ACCESS:   25904293 HIT:   22786812 MISS:    3117481 MSHR_MERGE:      21065
cpu21->cpu21_L2C LOAD         ACCESS:    9813146 HIT:    9750633 MISS:      62513 MSHR_MERGE:         32
cpu21->cpu21_L2C RFO          ACCESS:     433657 HIT:     151452 MISS:     282205 MSHR_MERGE:        211
cpu21->cpu21_L2C PREFETCH     ACCESS:   14932886 HIT:   12191497 MISS:    2741389 MSHR_MERGE:      20822
cpu21->cpu21_L2C WRITE        ACCESS:     710666 HIT:     691319 MISS:      19347 MSHR_MERGE:          0
cpu21->cpu21_L2C TRANSLATION  ACCESS:      13938 HIT:       1911 MISS:      12027 MSHR_MERGE:          0
cpu21->cpu21_L2C PREFETCH REQUESTED:   12966880 ISSUED:   12966879 USEFUL:       2007 USELESS:       5204
cpu21->cpu21_L2C AVERAGE MISS LATENCY: 409.5 cycles
cpu21_L2C FLUSH STALL CYCLES: 29742
cpu21->cpu21_L1I TOTAL        ACCESS:   88775805 HIT:   84306799 MISS:    4469006 MSHR_MERGE:    1585727
cpu21->cpu21_L1I LOAD         ACCESS:   44897978 HIT:   42559151 MISS:    2338827 MSHR_MERGE:     794270
cpu21->cpu21_L1I RFO          ACCESS:          0 HIT:          0 MISS:          0 MSHR_MERGE:          0
cpu21->cpu21_L1I PREFETCH     ACCESS:   43877827 HIT:   41747648 MISS:    2130179 MSHR_MERGE:     791457
cpu21->cpu21_L1I WRITE        ACCESS:          0 HIT:          0 MISS:          0 MSHR_MERGE:          0
cpu21->cpu21_L1I TRANSLATION  ACCESS:          0 HIT:          0 MISS:          0 MSHR_MERGE:          0
cpu21->cpu21_L1I PREFETCH REQUESTED:   44907456 ISSUED:   43877827 USEFUL:     561139 USELESS:     777563
cpu21->cpu21_L1I AVERAGE MISS LATENCY: 9.987 cycles
cpu21->cpu21_L1D TOTAL        ACCESS:   85746917 HIT:   72660963 MISS:   13085954 MSHR_MERGE:    3742442
cpu21->cpu21_L1D LOAD         ACCESS:   54843912 HIT:   44517515 MISS:   10326397 MSHR_MERGE:    2057807
cpu21->cpu21_L1D RFO          ACCESS:          0 HIT:          0 MISS:          0 MSHR_MERGE:          0
cpu21->cpu21_L1D PREFETCH     ACCESS:    8863905 HIT:    7754058 MISS:    1109847 MSHR_MERGE:     482521
cpu21->cpu21_L1D WRITE        ACCESS:   22023907 HIT:   20388217 MISS:    1635690 MSHR_MERGE:    1202032
cpu21->cpu21_L1D TRANSLATION  ACCESS:      15193 HIT:       1173 MISS:      14020 MSHR_MERGE:         82
cpu21->cpu21_L1D PREFETCH REQUESTED:    9606758 ISSUED:    8863905 USEFUL:     528275 USELESS:      85294
cpu21->cpu21_L1D AVERAGE MISS LATENCY: 27.66 cycles
cpu21_L1D FLUSH STALL CYCLES: 13
cpu21->cpu21_ITLB TOTAL        ACCESS:   67251849 HIT:   66991900 MISS:     259949 MSHR_MERGE:     134455
cpu21->cpu21_ITLB LOAD         ACCESS:   67251849 HIT:   66991900 MISS:     259949 MSHR_MERGE:     134455
cpu21->cpu21_ITLB RFO          ACCESS:          0 HIT:          0 MISS:          0 MSHR_MERGE:          0
cpu21->cpu21_ITLB PREFETCH     ACCESS:          0 HIT:          0 MISS:          0 MSHR_MERGE:          0
cpu21->cpu21_ITLB WRITE        ACCESS:          0 HIT:          0 MISS:          0 MSHR_MERGE:          0
cpu21->cpu21_ITLB TRANSLATION  ACCESS:          0 HIT:          0 MISS:          0 MSHR_MERGE:          0
cpu21->cpu21_ITLB PREFETCH REQUESTED:          0 ISSUED:          0 USEFUL:          0 USELESS:          0
cpu21->cpu21_ITLB AVERAGE MISS LATENCY: 9.899 cycles
cpu21->cpu21_DTLB TOTAL        ACCESS:   73681625 HIT:   65179640 MISS:    8501985 MSHR_MERGE:    2922174
cpu21->cpu21_DTLB LOAD         ACCESS:   73681625 HIT:   65179640 MISS:    8501985 MSHR_MERGE:    2922174
cpu21->cpu21_DTLB RFO          ACCESS:          0 HIT:          0 MISS:          0 MSHR_MERGE:          0
cpu21->cpu21_DTLB PREFETCH     ACCESS:          0 HIT:          0 MISS:          0 MSHR_MERGE:          0
cpu21->cpu21_DTLB WRITE        ACCESS:          0 HIT:          0 MISS:          0 MSHR_MERGE:          0
cpu21->cpu21_DTLB TRANSLATION  ACCESS:          0 HIT:          0 MISS:          0 MSHR_MERGE:          0
cpu21->cpu21_DTLB PREFETCH REQUESTED:          0 ISSUED:          0 USEFUL:          0 USELESS:          0
cpu21->cpu21_DTLB AVERAGE MISS LATENCY: 5.973 cycles
cpu20->cpu20_STLB TOTAL        ACCESS:      72221 HIT:      22620 MISS:      49601 MSHR_MERGE:          0
cpu20->cpu20_STLB LOAD         ACCESS:      72221 HIT:      22620 MISS:      49601 MSHR_MERGE:          0
cpu20->cpu20_STLB RFO          ACCESS:          0 HIT:          0 MISS:          0 MSHR_MERGE:          0
cpu20->cpu20_STLB PREFETCH     ACCESS:          0 HIT:          0 MISS:          0 MSHR_MERGE:          0
cpu20->cpu20_STLB WRITE        ACCESS:          0 HIT:          0 MISS:          0 MSHR_MERGE:          0
cpu20->cpu20_STLB TRANSLATION  ACCESS:          0 HIT:          0 MISS:          0 MSHR_MERGE:          0
cpu20->cpu20_STLB PREFETCH REQUESTED:          0 ISSUED:          0 USEFUL:          0 USELESS:          0
cpu20->cpu20_STLB AVERAGE MISS LATENCY: 1369 cycles
cpu0->cpu20_L2C TOTAL        ACCESS:        253 HIT:        235 MISS:         18 MSHR_MERGE:          0
cpu0->cpu20_L2C LOAD         ACCESS:          0 HIT:          0 MISS:          0 MSHR_MERGE:          0
cpu0->cpu20_L2C RFO          ACCESS:          0 HIT:          0 MISS:          0 MSHR_MERGE:          0
cpu0->cpu20_L2C PREFETCH     ACCESS:          0 HIT:          0 MISS:          0 MSHR_MERGE:          0
cpu0->cpu20_L2C WRITE        ACCESS:        253 HIT:        235 MISS:         18 MSHR_MERGE:          0
cpu0->cpu20_L2C TRANSLATION  ACCESS:          0 HIT:          0 MISS:          0 MSHR_MERGE:          0
cpu0->cpu20_L2C PREFETCH REQUESTED:     404412 ISSUED:     404412 USEFUL:          9 USELESS:        143
cpu0->cpu20_L2C AVERAGE MISS LATENCY: 4.564e+06 cycles
cpu20->cpu20_L2C TOTAL        ACCESS:    1751615 HIT:    1457165 MISS:     294450 MSHR_MERGE:      37182
cpu20->cpu20_L2C LOAD         ACCESS:     712647 HIT:     636283 MISS:      76364 MSHR_MERGE:          1
cpu20->cpu20_L2C RFO          ACCESS:      84075 HIT:      83121 MISS:        954 MSHR_MERGE:          0
cpu20->cpu20_L2C PREFETCH     ACCESS:     656731 HIT:     549261 MISS:     107470 MSHR_MERGE:      37181
cpu20->cpu20_L2C WRITE        ACCESS:     152353 HIT:     146571 MISS:       5782 MSHR_MERGE:          0
cpu20->cpu20_L2C TRANSLATION  ACCESS:     145809 HIT:      41929 MISS:     103880 MSHR_MERGE:          0
cpu20->cpu20_L2C PREFETCH REQUESTED:     404412 ISSUED:     404412 USEFUL:          9 USELESS:        143
cpu20->cpu20_L2C AVERAGE MISS LATENCY: 439.4 cycles
cpu20_L2C FLUSH STALL CYCLES: 26448
cpu20->cpu20_L1I TOTAL        ACCESS:   67537132 HIT:   66232821 MISS:    1304311 MSHR_MERGE:     544582
cpu20->cpu20_L1I LOAD         ACCESS:   34607797 HIT:   33850451 MISS:     757346 MSHR_MERGE:     216875
cpu20->cpu20_L1I RFO          ACCESS:          0 HIT:          0 MISS:          0 MSHR_MERGE:          0
cpu20->cpu20_L1I PREFETCH     ACCESS:   32929335 HIT:   32382370 MISS:     546965 MSHR_MERGE:     327707
cpu20->cpu20_L1I WRITE        ACCESS:          0 HIT:          0 MISS:          0 MSHR_MERGE:          0
cpu20->cpu20_L1I TRANSLATION  ACCESS:          0 HIT:          0 MISS:          0 MSHR_MERGE:          0
cpu20->cpu20_L1I PREFETCH REQUESTED:   34607802 ISSUED:   32929326 USEFUL:     109764 USELESS:     109488
cpu20->cpu20_L1I AVERAGE MISS LATENCY: 9.158 cycles
cpu20->cpu20_L1D TOTAL        ACCESS:   75504982 HIT:   74757085 MISS:     747897 MSHR_MERGE:     312769
cpu20->cpu20_L1D LOAD         ACCESS:   43062251 HIT:   42731357 MISS:     330894 MSHR_MERGE:     158714
cpu20->cpu20_L1D RFO          ACCESS:          0 HIT:          0 MISS:          0 MSHR_MERGE:          0
cpu20->cpu20_L1D PREFETCH     ACCESS:     779798 HIT:     746372 MISS:      33426 MSHR_MERGE:        365
cpu20->cpu20_L1D WRITE        ACCESS:   31513616 HIT:   31276208 MISS:     237408 MSHR_MERGE:     153330
cpu20->cpu20_L1D TRANSLATION  ACCESS:     149317 HIT:       3148 MISS:     146169 MSHR_MERGE:        360
cpu20->cpu20_L1D PREFETCH REQUESTED:     779807 ISSUED:     779798 USEFUL:       5023 USELESS:      28039
cpu20->cpu20_L1D AVERAGE MISS LATENCY: 214.4 cycles
cpu20_L1D FLUSH STALL CYCLES: 189
cpu20->cpu20_ITLB TOTAL        ACCESS:   51289790 HIT:   51289788 MISS:          2 MSHR_MERGE:          0
cpu20->cpu20_ITLB LOAD         ACCESS:   51289790 HIT:   51289788 MISS:          2 MSHR_MERGE:          0
cpu20->cpu20_ITLB RFO          ACCESS:          0 HIT:          0 MISS:          0 MSHR_MERGE:          0
cpu20->cpu20_ITLB PREFETCH     ACCESS:          0 HIT:          0 MISS:          0 MSHR_MERGE:          0
cpu20->cpu20_ITLB WRITE        ACCESS:          0 HIT:          0 MISS:          0 MSHR_MERGE:          0
cpu20->cpu20_ITLB TRANSLATION  ACCESS:          0 HIT:          0 MISS:          0 MSHR_MERGE:          0
cpu20->cpu20_ITLB PREFETCH REQUESTED:          0 ISSUED:          0 USEFUL:          0 USELESS:          0
cpu20->cpu20_ITLB AVERAGE MISS LATENCY: 732.5 cycles
cpu20->cpu20_DTLB TOTAL        ACCESS:   69165202 HIT:   68942420 MISS:     222782 MSHR_MERGE:     150563
cpu20->cpu20_DTLB LOAD         ACCESS:   69165202 HIT:   68942420 MISS:     222782 MSHR_MERGE:     150563
cpu20->cpu20_DTLB RFO          ACCESS:          0 HIT:          0 MISS:          0 MSHR_MERGE:          0
cpu20->cpu20_DTLB PREFETCH     ACCESS:          0 HIT:          0 MISS:          0 MSHR_MERGE:          0
cpu20->cpu20_DTLB WRITE        ACCESS:          0 HIT:          0 MISS:          0 MSHR_MERGE:          0
cpu20->cpu20_DTLB TRANSLATION  ACCESS:          0 HIT:          0 MISS:          0 MSHR_MERGE:          0
cpu20->cpu20_DTLB PREFETCH REQUESTED:          0 ISSUED:          0 USEFUL:          0 USELESS:          0
cpu20->cpu20_DTLB AVERAGE MISS LATENCY: 945.7 cycles
cpu1->cpu1_STLB TOTAL        ACCESS:         39 HIT:          0 MISS:         39 MSHR_MERGE:          0
cpu1->cpu1_STLB LOAD         ACCESS:         39 HIT:          0 MISS:         39 MSHR_MERGE:          0
cpu1->cpu1_STLB RFO          ACCESS:          0 HIT:          0 MISS:          0 MSHR_MERGE:          0
cpu1->cpu1_STLB PREFETCH     ACCESS:          0 HIT:          0 MISS:          0 MSHR_MERGE:          0
cpu1->cpu1_STLB WRITE        ACCESS:          0 HIT:          0 MISS:          0 MSHR_MERGE:          0
cpu1->cpu1_STLB TRANSLATION  ACCESS:          0 HIT:          0 MISS:          0 MSHR_MERGE:          0
cpu1->cpu1_STLB PREFETCH REQUESTED:          0 ISSUED:          0 USEFUL:          0 USELESS:          0
cpu1->cpu1_STLB AVERAGE MISS LATENCY: 1092 cycles
cpu0->cpu1_L2C TOTAL        ACCESS:        261 HIT:        261 MISS:          0 MSHR_MERGE:          0
cpu0->cpu1_L2C LOAD         ACCESS:          0 HIT:          0 MISS:          0 MSHR_MERGE:          0
cpu0->cpu1_L2C RFO          ACCESS:          0 HIT:          0 MISS:          0 MSHR_MERGE:          0
cpu0->cpu1_L2C PREFETCH     ACCESS:          0 HIT:          0 MISS:          0 MSHR_MERGE:          0
cpu0->cpu1_L2C WRITE        ACCESS:        261 HIT:        261 MISS:          0 MSHR_MERGE:          0
cpu0->cpu1_L2C TRANSLATION  ACCESS:          0 HIT:          0 MISS:          0 MSHR_MERGE:          0
cpu0->cpu1_L2C PREFETCH REQUESTED:      95922 ISSUED:      95460 USEFUL:        131 USELESS:          0
cpu0->cpu1_L2C AVERAGE MISS LATENCY: - cycles
cpu1->cpu1_L2C TOTAL        ACCESS:     126424 HIT:     116809 MISS:       9615 MSHR_MERGE:        825
cpu1->cpu1_L2C LOAD         ACCESS:      20707 HIT:      20118 MISS:        589 MSHR_MERGE:         20
cpu1->cpu1_L2C RFO          ACCESS:         65 HIT:          5 MISS:         60 MSHR_MERGE:          0
cpu1->cpu1_L2C PREFETCH     ACCESS:     105585 HIT:      96681 MISS:       8904 MSHR_MERGE:        805
cpu1->cpu1_L2C WRITE        ACCESS:          5 HIT:          5 MISS:          0 MSHR_MERGE:          0
cpu1->cpu1_L2C TRANSLATION  ACCESS:         62 HIT:          0 MISS:         62 MSHR_MERGE:          0
cpu1->cpu1_L2C PREFETCH REQUESTED:      95922 ISSUED:      95460 USEFUL:        131 USELESS:          0
cpu1->cpu1_L2C AVERAGE MISS LATENCY: 295.9 cycles
cpu1->cpu1_L1I TOTAL        ACCESS:  160590670 HIT:  160495374 MISS:      95296 MSHR_MERGE:      64519
cpu1->cpu1_L1I LOAD         ACCESS:   85693462 HIT:   85648586 MISS:      44876 MSHR_MERGE:      24214
cpu1->cpu1_L1I RFO          ACCESS:          0 HIT:          0 MISS:          0 MSHR_MERGE:          0
cpu1->cpu1_L1I PREFETCH     ACCESS:   74897208 HIT:   74846788 MISS:      50420 MSHR_MERGE:      40305
cpu1->cpu1_L1I WRITE        ACCESS:          0 HIT:          0 MISS:          0 MSHR_MERGE:          0
cpu1->cpu1_L1I TRANSLATION  ACCESS:          0 HIT:          0 MISS:          0 MSHR_MERGE:          0
cpu1->cpu1_L1I PREFETCH REQUESTED:   85693491 ISSUED:   74897175 USEFUL:       8724 USELESS:       1369
cpu1->cpu1_L1I AVERAGE MISS LATENCY: 16.49 cycles
cpu1->cpu1_L1D TOTAL        ACCESS:  214356310 HIT:  214355533 MISS:        777 MSHR_MERGE:        595
cpu1->cpu1_L1D LOAD         ACCESS:   83776939 HIT:   83776842 MISS:         97 MSHR_MERGE:         52
cpu1->cpu1_L1D RFO          ACCESS:          0 HIT:          0 MISS:          0 MSHR_MERGE:          0
cpu1->cpu1_L1D PREFETCH     ACCESS:   16160834 HIT:   16160812 MISS:         22 MSHR_MERGE:         12
cpu1->cpu1_L1D WRITE        ACCESS:  114418458 HIT:  114417862 MISS:        596 MSHR_MERGE:        531
cpu1->cpu1_L1D TRANSLATION  ACCESS:         79 HIT:         17 MISS:         62 MSHR_MERGE:          0
cpu1->cpu1_L1D PREFETCH REQUESTED:   18066926 ISSUED:   16160818 USEFUL:         12 USELESS:          2
cpu1->cpu1_L1D AVERAGE MISS LATENCY: 381.3 cycles
cpu1_L1D FLUSH STALL CYCLES: 197
cpu1->cpu1_ITLB TOTAL        ACCESS:  109657102 HIT:  109657045 MISS:         57 MSHR_MERGE:         33
cpu1->cpu1_ITLB LOAD         ACCESS:  109657102 HIT:  109657045 MISS:         57 MSHR_MERGE:         33
cpu1->cpu1_ITLB RFO          ACCESS:          0 HIT:          0 MISS:          0 MSHR_MERGE:          0
cpu1->cpu1_ITLB PREFETCH     ACCESS:          0 HIT:          0 MISS:          0 MSHR_MERGE:          0
cpu1->cpu1_ITLB WRITE        ACCESS:          0 HIT:          0 MISS:          0 MSHR_MERGE:          0
cpu1->cpu1_ITLB TRANSLATION  ACCESS:          0 HIT:          0 MISS:          0 MSHR_MERGE:          0
cpu1->cpu1_ITLB PREFETCH REQUESTED:          0 ISSUED:          0 USEFUL:          0 USELESS:          0
cpu1->cpu1_ITLB AVERAGE MISS LATENCY: 1099 cycles
cpu1->cpu1_DTLB TOTAL        ACCESS:  169172103 HIT:  169172059 MISS:         44 MSHR_MERGE:         29
cpu1->cpu1_DTLB LOAD         ACCESS:  169172103 HIT:  169172059 MISS:         44 MSHR_MERGE:         29
cpu1->cpu1_DTLB RFO          ACCESS:          0 HIT:          0 MISS:          0 MSHR_MERGE:          0
cpu1->cpu1_DTLB PREFETCH     ACCESS:          0 HIT:          0 MISS:          0 MSHR_MERGE:          0
cpu1->cpu1_DTLB WRITE        ACCESS:          0 HIT:          0 MISS:          0 MSHR_MERGE:          0
cpu1->cpu1_DTLB TRANSLATION  ACCESS:          0 HIT:          0 MISS:          0 MSHR_MERGE:          0
cpu1->cpu1_DTLB PREFETCH REQUESTED:          0 ISSUED:          0 USEFUL:          0 USELESS:          0
cpu1->cpu1_DTLB AVERAGE MISS LATENCY: 1097 cycles
cpu19->cpu19_STLB TOTAL        ACCESS:      17237 HIT:       1277 MISS:      15960 MSHR_MERGE:          0
cpu19->cpu19_STLB LOAD         ACCESS:      17237 HIT:       1277 MISS:      15960 MSHR_MERGE:          0
cpu19->cpu19_STLB RFO          ACCESS:          0 HIT:          0 MISS:          0 MSHR_MERGE:          0
cpu19->cpu19_STLB PREFETCH     ACCESS:          0 HIT:          0 MISS:          0 MSHR_MERGE:          0
cpu19->cpu19_STLB WRITE        ACCESS:          0 HIT:          0 MISS:          0 MSHR_MERGE:          0
cpu19->cpu19_STLB TRANSLATION  ACCESS:          0 HIT:          0 MISS:          0 MSHR_MERGE:          0
cpu19->cpu19_STLB PREFETCH REQUESTED:          0 ISSUED:          0 USEFUL:          0 USELESS:          0
cpu19->cpu19_STLB AVERAGE MISS LATENCY: 716.4 cycles
cpu0->cpu19_L2C TOTAL        ACCESS:        436 HIT:        166 MISS:        270 MSHR_MERGE:          0
cpu0->cpu19_L2C LOAD         ACCESS:          0 HIT:          0 MISS:          0 MSHR_MERGE:          0
cpu0->cpu19_L2C RFO          ACCESS:          0 HIT:          0 MISS:          0 MSHR_MERGE:          0
cpu0->cpu19_L2C PREFETCH     ACCESS:          0 HIT:          0 MISS:          0 MSHR_MERGE:          0
cpu0->cpu19_L2C WRITE        ACCESS:        436 HIT:        166 MISS:        270 MSHR_MERGE:          0
cpu0->cpu19_L2C TRANSLATION  ACCESS:          0 HIT:          0 MISS:          0 MSHR_MERGE:          0
cpu0->cpu19_L2C PREFETCH REQUESTED:    7223957 ISSUED:    6827569 USEFUL:     224697 USELESS:       3932
cpu0->cpu19_L2C AVERAGE MISS LATENCY: 6.678e+05 cycles
cpu19->cpu19_L2C TOTAL        ACCESS:    7993647 HIT:     557616 MISS:    7436031 MSHR_MERGE:     298233
cpu19->cpu19_L2C LOAD         ACCESS:     433853 HIT:     225151 MISS:     208702 MSHR_MERGE:      39919
cpu19->cpu19_L2C RFO          ACCESS:     315112 HIT:         28 MISS:     315084 MSHR_MERGE:          0
cpu19->cpu19_L2C PREFETCH     ACCESS:    6910589 HIT:     137209 MISS:    6773380 MSHR_MERGE:     258314
cpu19->cpu19_L2C WRITE        ACCESS:     315132 HIT:     195227 MISS:     119905 MSHR_MERGE:          0
cpu19->cpu19_L2C TRANSLATION  ACCESS:      18961 HIT:          1 MISS:      18960 MSHR_MERGE:          0
cpu19->cpu19_L2C PREFETCH REQUESTED:    7223957 ISSUED:    6827569 USEFUL:     224697 USELESS:       3932
cpu19->cpu19_L2C AVERAGE MISS LATENCY: 272.1 cycles
cpu19_L2C FLUSH STALL CYCLES: 13918
cpu19->cpu19_L1I TOTAL        ACCESS:    6651800 HIT:    6651800 MISS:          0 MSHR_MERGE:          0
cpu19->cpu19_L1I LOAD         ACCESS:    3325889 HIT:    3325889 MISS:          0 MSHR_MERGE:          0
cpu19->cpu19_L1I RFO          ACCESS:          0 HIT:          0 MISS:          0 MSHR_MERGE:          0
cpu19->cpu19_L1I PREFETCH     ACCESS:    3325911 HIT:    3325911 MISS:          0 MSHR_MERGE:          0
cpu19->cpu19_L1I WRITE        ACCESS:          0 HIT:          0 MISS:          0 MSHR_MERGE:          0
cpu19->cpu19_L1I TRANSLATION  ACCESS:          0 HIT:          0 MISS:          0 MSHR_MERGE:          0
cpu19->cpu19_L1I PREFETCH REQUESTED:    3325889 ISSUED:    3325881 USEFUL:          0 USELESS:          0
cpu19->cpu19_L1I AVERAGE MISS LATENCY: - cycles
cpu19->cpu19_L1D TOTAL        ACCESS:   64634257 HIT:   61687023 MISS:    2947234 MSHR_MERGE:    2096244
cpu19->cpu19_L1D LOAD         ACCESS:   38239304 HIT:   37262255 MISS:     977049 MSHR_MERGE:     543196
cpu19->cpu19_L1D RFO          ACCESS:          0 HIT:          0 MISS:          0 MSHR_MERGE:          0
cpu19->cpu19_L1D PREFETCH     ACCESS:     104060 HIT:       6781 MISS:      97279 MSHR_MERGE:      14215
cpu19->cpu19_L1D WRITE        ACCESS:   26258961 HIT:   24405145 MISS:    1853816 MSHR_MERGE:    1538704
cpu19->cpu19_L1D TRANSLATION  ACCESS:      31932 HIT:      12842 MISS:      19090 MSHR_MERGE:        129
cpu19->cpu19_L1D PREFETCH REQUESTED:     104051 ISSUED:     104048 USEFUL:      40138 USELESS:       1934
cpu19->cpu19_L1D AVERAGE MISS LATENCY: 242.2 cycles
cpu19_L1D FLUSH STALL CYCLES: 372
cpu19->cpu19_ITLB TOTAL        ACCESS:    5435959 HIT:    5435959 MISS:          0 MSHR_MERGE:          0
cpu19->cpu19_ITLB LOAD         ACCESS:    5435959 HIT:    5435959 MISS:          0 MSHR_MERGE:          0
cpu19->cpu19_ITLB RFO          ACCESS:          0 HIT:          0 MISS:          0 MSHR_MERGE:          0
cpu19->cpu19_ITLB PREFETCH     ACCESS:          0 HIT:          0 MISS:          0 MSHR_MERGE:          0
cpu19->cpu19_ITLB WRITE        ACCESS:          0 HIT:          0 MISS:          0 MSHR_MERGE:          0
cpu19->cpu19_ITLB TRANSLATION  ACCESS:          0 HIT:          0 MISS:          0 MSHR_MERGE:          0
cpu19->cpu19_ITLB PREFETCH REQUESTED:          0 ISSUED:          0 USEFUL:          0 USELESS:          0
cpu19->cpu19_ITLB AVERAGE MISS LATENCY: - cycles
cpu19->cpu19_DTLB TOTAL        ACCESS:   59850701 HIT:   59707684 MISS:     143017 MSHR_MERGE:     125780
cpu19->cpu19_DTLB LOAD         ACCESS:   59850701 HIT:   59707684 MISS:     143017 MSHR_MERGE:     125780
cpu19->cpu19_DTLB RFO          ACCESS:          0 HIT:          0 MISS:          0 MSHR_MERGE:          0
cpu19->cpu19_DTLB PREFETCH     ACCESS:          0 HIT:          0 MISS:          0 MSHR_MERGE:          0
cpu19->cpu19_DTLB WRITE        ACCESS:          0 HIT:          0 MISS:          0 MSHR_MERGE:          0
cpu19->cpu19_DTLB TRANSLATION  ACCESS:          0 HIT:          0 MISS:          0 MSHR_MERGE:          0
cpu19->cpu19_DTLB PREFETCH REQUESTED:          0 ISSUED:          0 USEFUL:          0 USELESS:          0
cpu19->cpu19_DTLB AVERAGE MISS LATENCY: 669.2 cycles
cpu18->cpu18_STLB TOTAL        ACCESS:     170283 HIT:     169987 MISS:        296 MSHR_MERGE:          0
cpu18->cpu18_STLB LOAD         ACCESS:     170283 HIT:     169987 MISS:        296 MSHR_MERGE:          0
cpu18->cpu18_STLB RFO          ACCESS:          0 HIT:          0 MISS:          0 MSHR_MERGE:          0
cpu18->cpu18_STLB PREFETCH     ACCESS:          0 HIT:          0 MISS:          0 MSHR_MERGE:          0
cpu18->cpu18_STLB WRITE        ACCESS:          0 HIT:          0 MISS:          0 MSHR_MERGE:          0
cpu18->cpu18_STLB TRANSLATION  ACCESS:          0 HIT:          0 MISS:          0 MSHR_MERGE:          0
cpu18->cpu18_STLB PREFETCH REQUESTED:          0 ISSUED:          0 USEFUL:          0 USELESS:          0
cpu18->cpu18_STLB AVERAGE MISS LATENCY: 1290 cycles
cpu0->cpu18_L2C TOTAL        ACCESS:        217 HIT:        217 MISS:          0 MSHR_MERGE:          0
cpu0->cpu18_L2C LOAD         ACCESS:          0 HIT:          0 MISS:          0 MSHR_MERGE:          0
cpu0->cpu18_L2C RFO          ACCESS:          0 HIT:          0 MISS:          0 MSHR_MERGE:          0
cpu0->cpu18_L2C PREFETCH     ACCESS:          0 HIT:          0 MISS:          0 MSHR_MERGE:          0
cpu0->cpu18_L2C WRITE        ACCESS:        217 HIT:        217 MISS:          0 MSHR_MERGE:          0
cpu0->cpu18_L2C TRANSLATION  ACCESS:          0 HIT:          0 MISS:          0 MSHR_MERGE:          0
cpu0->cpu18_L2C PREFETCH REQUESTED:     685565 ISSUED:     685565 USEFUL:        274 USELESS:          0
cpu0->cpu18_L2C AVERAGE MISS LATENCY: - cycles
cpu18->cpu18_L2C TOTAL        ACCESS:    1740001 HIT:    1703957 MISS:      36044 MSHR_MERGE:       1643
cpu18->cpu18_L2C LOAD         ACCESS:     541594 HIT:     540536 MISS:       1058 MSHR_MERGE:          2
cpu18->cpu18_L2C RFO          ACCESS:      75940 HIT:      75151 MISS:        789 MSHR_MERGE:          0
cpu18->cpu18_L2C PREFETCH     ACCESS:     963562 HIT:     929934 MISS:      33628 MSHR_MERGE:       1641
cpu18->cpu18_L2C WRITE        ACCESS:     158327 HIT:     158327 MISS:          0 MSHR_MERGE:          0
cpu18->cpu18_L2C TRANSLATION  ACCESS:        578 HIT:          9 MISS:        569 MSHR_MERGE:          0
cpu18->cpu18_L2C PREFETCH REQUESTED:     685565 ISSUED:     685565 USEFUL:        274 USELESS:          0
cpu18->cpu18_L2C AVERAGE MISS LATENCY: 422.2 cycles
cpu18_L2C FLUSH STALL CYCLES: 3906
cpu18->cpu18_L1I TOTAL        ACCESS:   81726806 HIT:   81640884 MISS:      85922 MSHR_MERGE:      44913
cpu18->cpu18_L1I LOAD         ACCESS:   41237993 HIT:   41192939 MISS:      45054 MSHR_MERGE:      22383
cpu18->cpu18_L1I RFO          ACCESS:          0 HIT:          0 MISS:          0 MSHR_MERGE:          0
cpu18->cpu18_L1I PREFETCH     ACCESS:   40488813 HIT:   40447945 MISS:      40868 MSHR_MERGE:      22530
cpu18->cpu18_L1I WRITE        ACCESS:          0 HIT:          0 MISS:          0 MSHR_MERGE:          0
cpu18->cpu18_L1I TRANSLATION  ACCESS:          0 HIT:          0 MISS:          0 MSHR_MERGE:          0
cpu18->cpu18_L1I PREFETCH REQUESTED:   41237993 ISSUED:   40488792 USEFUL:      10085 USELESS:       8252
cpu18->cpu18_L1I AVERAGE MISS LATENCY: 8.96 cycles
cpu18->cpu18_L1D TOTAL        ACCESS:  114659628 HIT:  113480131 MISS:    1179497 MSHR_MERGE:     324393
cpu18->cpu18_L1D LOAD         ACCESS:   66334049 HIT:   65761214 MISS:     572835 MSHR_MERGE:      53910
cpu18->cpu18_L1D RFO          ACCESS:          0 HIT:          0 MISS:          0 MSHR_MERGE:          0
cpu18->cpu18_L1D PREFETCH     ACCESS:    4856432 HIT:    4475958 MISS:     380474 MSHR_MERGE:     120814
cpu18->cpu18_L1D WRITE        ACCESS:   43468555 HIT:   43242946 MISS:     225609 MSHR_MERGE:     149668
cpu18->cpu18_L1D TRANSLATION  ACCESS:        592 HIT:         13 MISS:        579 MSHR_MERGE:          1
cpu18->cpu18_L1D PREFETCH REQUESTED:    4857404 ISSUED:    4856432 USEFUL:     193428 USELESS:      64933
cpu18->cpu18_L1D AVERAGE MISS LATENCY: 11.6 cycles
cpu18_L1D FLUSH STALL CYCLES: 153
cpu18->cpu18_ITLB TOTAL        ACCESS:   65574505 HIT:   65574505 MISS:          0 MSHR_MERGE:          0
cpu18->cpu18_ITLB LOAD         ACCESS:   65574505 HIT:   65574505 MISS:          0 MSHR_MERGE:          0
cpu18->cpu18_ITLB RFO          ACCESS:          0 HIT:          0 MISS:          0 MSHR_MERGE:          0
cpu18->cpu18_ITLB PREFETCH     ACCESS:          0 HIT:          0 MISS:          0 MSHR_MERGE:          0
cpu18->cpu18_ITLB WRITE        ACCESS:          0 HIT:          0 MISS:          0 MSHR_MERGE:          0
cpu18->cpu18_ITLB TRANSLATION  ACCESS:          0 HIT:          0 MISS:          0 MSHR_MERGE:          0
cpu18->cpu18_ITLB PREFETCH REQUESTED:          0 ISSUED:          0 USEFUL:          0 USELESS:          0
cpu18->cpu18_ITLB AVERAGE MISS LATENCY: - cycles
cpu18->cpu18_DTLB TOTAL        ACCESS:  102768310 HIT:  102581877 MISS:     186433 MSHR_MERGE:      16150
cpu18->cpu18_DTLB LOAD         ACCESS:  102768310 HIT:  102581877 MISS:     186433 MSHR_MERGE:      16150
cpu18->cpu18_DTLB RFO          ACCESS:          0 HIT:          0 MISS:          0 MSHR_MERGE:          0
cpu18->cpu18_DTLB PREFETCH     ACCESS:          0 HIT:          0 MISS:          0 MSHR_MERGE:          0
cpu18->cpu18_DTLB WRITE        ACCESS:          0 HIT:          0 MISS:          0 MSHR_MERGE:          0
cpu18->cpu18_DTLB TRANSLATION  ACCESS:          0 HIT:          0 MISS:          0 MSHR_MERGE:          0
cpu18->cpu18_DTLB PREFETCH REQUESTED:          0 ISSUED:          0 USEFUL:          0 USELESS:          0
cpu18->cpu18_DTLB AVERAGE MISS LATENCY: 7.244 cycles
cpu17->cpu17_STLB TOTAL        ACCESS:     541650 HIT:     532078 MISS:       9572 MSHR_MERGE:          0
cpu17->cpu17_STLB LOAD         ACCESS:     541650 HIT:     532078 MISS:       9572 MSHR_MERGE:          0
cpu17->cpu17_STLB RFO          ACCESS:          0 HIT:          0 MISS:          0 MSHR_MERGE:          0
cpu17->cpu17_STLB PREFETCH     ACCESS:          0 HIT:          0 MISS:          0 MSHR_MERGE:          0
cpu17->cpu17_STLB WRITE        ACCESS:          0 HIT:          0 MISS:          0 MSHR_MERGE:          0
cpu17->cpu17_STLB TRANSLATION  ACCESS:          0 HIT:          0 MISS:          0 MSHR_MERGE:          0
cpu17->cpu17_STLB PREFETCH REQUESTED:          0 ISSUED:          0 USEFUL:          0 USELESS:          0
cpu17->cpu17_STLB AVERAGE MISS LATENCY: 1218 cycles
cpu0->cpu17_L2C TOTAL        ACCESS:        254 HIT:        238 MISS:         16 MSHR_MERGE:          0
cpu0->cpu17_L2C LOAD         ACCESS:          0 HIT:          0 MISS:          0 MSHR_MERGE:          0
cpu0->cpu17_L2C RFO          ACCESS:          0 HIT:          0 MISS:          0 MSHR_MERGE:          0
cpu0->cpu17_L2C PREFETCH     ACCESS:          0 HIT:          0 MISS:          0 MSHR_MERGE:          0
cpu0->cpu17_L2C WRITE        ACCESS:        254 HIT:        238 MISS:         16 MSHR_MERGE:          0
cpu0->cpu17_L2C TRANSLATION  ACCESS:          0 HIT:          0 MISS:          0 MSHR_MERGE:          0
cpu0->cpu17_L2C PREFETCH REQUESTED:    4485286 ISSUED:    4348616 USEFUL:      59111 USELESS:       2404
cpu0->cpu17_L2C AVERAGE MISS LATENCY: 1.263e+07 cycles
cpu17->cpu17_L2C TOTAL        ACCESS:    7160680 HIT:    4803071 MISS:    2357609 MSHR_MERGE:     294731
cpu17->cpu17_L2C LOAD         ACCESS:    1693916 HIT:    1379384 MISS:     314532 MSHR_MERGE:      29117
cpu17->cpu17_L2C RFO          ACCESS:     282573 HIT:      77700 MISS:     204873 MSHR_MERGE:         14
cpu17->cpu17_L2C PREFETCH     ACCESS:    4824700 HIT:    3069571 MISS:    1755129 MSHR_MERGE:     265600
cpu17->cpu17_L2C WRITE        ACCESS:     344252 HIT:     276147 MISS:      68105 MSHR_MERGE:          0
cpu17->cpu17_L2C TRANSLATION  ACCESS:      15239 HIT:        269 MISS:      14970 MSHR_MERGE:          0
cpu17->cpu17_L2C PREFETCH REQUESTED:    4485286 ISSUED:    4348616 USEFUL:      59111 USELESS:       2404
cpu17->cpu17_L2C AVERAGE MISS LATENCY: 335.3 cycles
cpu17_L2C FLUSH STALL CYCLES: 21074
cpu17->cpu17_L1I TOTAL        ACCESS:  189522513 HIT:  186595956 MISS:    2926557 MSHR_MERGE:    1516394
cpu17->cpu17_L1I LOAD         ACCESS:  101133567 HIT:   99357875 MISS:    1775692 MSHR_MERGE:     747738
cpu17->cpu17_L1I RFO          ACCESS:          0 HIT:          0 MISS:          0 MSHR_MERGE:          0
cpu17->cpu17_L1I PREFETCH     ACCESS:   88388946 HIT:   87238081 MISS:    1150865 MSHR_MERGE:     768656
cpu17->cpu17_L1I WRITE        ACCESS:          0 HIT:          0 MISS:          0 MSHR_MERGE:          0
cpu17->cpu17_L1I TRANSLATION  ACCESS:          0 HIT:          0 MISS:          0 MSHR_MERGE:          0
cpu17->cpu17_L1I PREFETCH REQUESTED:  101147334 ISSUED:   88388914 USEFUL:     185532 USELESS:     196628
cpu17->cpu17_L1I AVERAGE MISS LATENCY: 10.5 cycles
cpu17->cpu17_L1D TOTAL        ACCESS:  134825481 HIT:  129999917 MISS:    4825564 MSHR_MERGE:    3767537
cpu17->cpu17_L1D LOAD         ACCESS:   80157841 HIT:   78656371 MISS:    1501470 MSHR_MERGE:     835499
cpu17->cpu17_L1D RFO          ACCESS:          0 HIT:          0 MISS:          0 MSHR_MERGE:          0
cpu17->cpu17_L1D PREFETCH     ACCESS:    6045350 HIT:    5901409 MISS:     143941 MSHR_MERGE:      49837
cpu17->cpu17_L1D WRITE        ACCESS:   48603107 HIT:   45439478 MISS:    3163629 MSHR_MERGE:    2880916
cpu17->cpu17_L1D TRANSLATION  ACCESS:      19183 HIT:       2659 MISS:      16524 MSHR_MERGE:       1285
cpu17->cpu17_L1D PREFETCH REQUESTED:    6219941 ISSUED:    6045339 USEFUL:      56105 USELESS:      16594
cpu17->cpu17_L1D AVERAGE MISS LATENCY: 217.5 cycles
cpu17_L1D FLUSH STALL CYCLES: 190
cpu17->cpu17_ITLB TOTAL        ACCESS:  128622446 HIT:  128615821 MISS:       6625 MSHR_MERGE:       4521
cpu17->cpu17_ITLB LOAD         ACCESS:  128622446 HIT:  128615821 MISS:       6625 MSHR_MERGE:       4521
cpu17->cpu17_ITLB RFO          ACCESS:          0 HIT:          0 MISS:          0 MSHR_MERGE:          0
cpu17->cpu17_ITLB PREFETCH     ACCESS:          0 HIT:          0 MISS:          0 MSHR_MERGE:          0
cpu17->cpu17_ITLB WRITE        ACCESS:          0 HIT:          0 MISS:          0 MSHR_MERGE:          0
cpu17->cpu17_ITLB TRANSLATION  ACCESS:          0 HIT:          0 MISS:          0 MSHR_MERGE:          0
cpu17->cpu17_ITLB PREFETCH REQUESTED:          0 ISSUED:          0 USEFUL:          0 USELESS:          0
cpu17->cpu17_ITLB AVERAGE MISS LATENCY: 88.98 cycles
cpu17->cpu17_DTLB TOTAL        ACCESS:  119827354 HIT:  118762906 MISS:    1064448 MSHR_MERGE:     524902
cpu17->cpu17_DTLB LOAD         ACCESS:  119827354 HIT:  118762906 MISS:    1064448 MSHR_MERGE:     524902
cpu17->cpu17_DTLB RFO          ACCESS:          0 HIT:          0 MISS:          0 MSHR_MERGE:          0
cpu17->cpu17_DTLB PREFETCH     ACCESS:          0 HIT:          0 MISS:          0 MSHR_MERGE:          0
cpu17->cpu17_DTLB WRITE        ACCESS:          0 HIT:          0 MISS:          0 MSHR_MERGE:          0
cpu17->cpu17_DTLB TRANSLATION  ACCESS:          0 HIT:          0 MISS:          0 MSHR_MERGE:          0
cpu17->cpu17_DTLB PREFETCH REQUESTED:          0 ISSUED:          0 USEFUL:          0 USELESS:          0
cpu17->cpu17_DTLB AVERAGE MISS LATENCY: 26.3 cycles
cpu16->cpu16_STLB TOTAL        ACCESS:     152083 HIT:     150980 MISS:       1103 MSHR_MERGE:          0
cpu16->cpu16_STLB LOAD         ACCESS:     152083 HIT:     150980 MISS:       1103 MSHR_MERGE:          0
cpu16->cpu16_STLB RFO          ACCESS:          0 HIT:          0 MISS:          0 MSHR_MERGE:          0
cpu16->cpu16_STLB PREFETCH     ACCESS:          0 HIT:          0 MISS:          0 MSHR_MERGE:          0
cpu16->cpu16_STLB WRITE        ACCESS:          0 HIT:          0 MISS:          0 MSHR_MERGE:          0
cpu16->cpu16_STLB TRANSLATION  ACCESS:          0 HIT:          0 MISS:          0 MSHR_MERGE:          0
cpu16->cpu16_STLB PREFETCH REQUESTED:          0 ISSUED:          0 USEFUL:          0 USELESS:          0
cpu16->cpu16_STLB AVERAGE MISS LATENCY: 1057 cycles
cpu0->cpu16_L2C TOTAL        ACCESS:        226 HIT:        226 MISS:          0 MSHR_MERGE:          0
cpu0->cpu16_L2C LOAD         ACCESS:          0 HIT:          0 MISS:          0 MSHR_MERGE:          0
cpu0->cpu16_L2C RFO          ACCESS:          0 HIT:          0 MISS:          0 MSHR_MERGE:          0
cpu0->cpu16_L2C PREFETCH     ACCESS:          0 HIT:          0 MISS:          0 MSHR_MERGE:          0
cpu0->cpu16_L2C WRITE        ACCESS:        226 HIT:        226 MISS:          0 MSHR_MERGE:          0
cpu0->cpu16_L2C TRANSLATION  ACCESS:          0 HIT:          0 MISS:          0 MSHR_MERGE:          0
cpu0->cpu16_L2C PREFETCH REQUESTED:     831862 ISSUED:     831668 USEFUL:      10148 USELESS:        177
cpu0->cpu16_L2C AVERAGE MISS LATENCY: - cycles
cpu16->cpu16_L2C TOTAL        ACCESS:    1967385 HIT:    1740356 MISS:     227029 MSHR_MERGE:      13144
cpu16->cpu16_L2C LOAD         ACCESS:     668119 HIT:     651075 MISS:      17044 MSHR_MERGE:       1681
cpu16->cpu16_L2C RFO          ACCESS:     103543 HIT:      71372 MISS:      32171 MSHR_MERGE:         18
cpu16->cpu16_L2C PREFETCH     ACCESS:    1009091 HIT:     839168 MISS:     169923 MSHR_MERGE:      11445
cpu16->cpu16_L2C WRITE        ACCESS:     184948 HIT:     178722 MISS:       6226 MSHR_MERGE:          0
cpu16->cpu16_L2C TRANSLATION  ACCESS:       1684 HIT:         19 MISS:       1665 MSHR_MERGE:          0
cpu16->cpu16_L2C PREFETCH REQUESTED:     831862 ISSUED:     831668 USEFUL:      10148 USELESS:        177
cpu16->cpu16_L2C AVERAGE MISS LATENCY: 324.5 cycles
cpu16_L2C FLUSH STALL CYCLES: 22461
cpu16->cpu16_L1I TOTAL        ACCESS:   78935196 HIT:   78844719 MISS:      90477 MSHR_MERGE:      46669
cpu16->cpu16_L1I LOAD         ACCESS:   39880135 HIT:   39830156 MISS:      49979 MSHR_MERGE:      24266
cpu16->cpu16_L1I RFO          ACCESS:          0 HIT:          0 MISS:          0 MSHR_MERGE:          0
cpu16->cpu16_L1I PREFETCH     ACCESS:   39055061 HIT:   39014563 MISS:      40498 MSHR_MERGE:      22403
cpu16->cpu16_L1I WRITE        ACCESS:          0 HIT:          0 MISS:          0 MSHR_MERGE:          0
cpu16->cpu16_L1I TRANSLATION  ACCESS:          0 HIT:          0 MISS:          0 MSHR_MERGE:          0
cpu16->cpu16_L1I PREFETCH REQUESTED:   39880596 ISSUED:   39055029 USEFUL:       9881 USELESS:       8198
cpu16->cpu16_L1I AVERAGE MISS LATENCY: 16.77 cycles
cpu16->cpu16_L1D TOTAL        ACCESS:  111378592 HIT:  110035513 MISS:    1343079 MSHR_MERGE:     436091
cpu16->cpu16_L1D LOAD         ACCESS:   64887486 HIT:   64191848 MISS:     695638 MSHR_MERGE:      53223
cpu16->cpu16_L1D RFO          ACCESS:          0 HIT:          0 MISS:          0 MSHR_MERGE:          0
cpu16->cpu16_L1D PREFETCH     ACCESS:    3954097 HIT:    3736307 MISS:     217790 MSHR_MERGE:      58446
cpu16->cpu16_L1D WRITE        ACCESS:   42534801 HIT:   42106839 MISS:     427962 MSHR_MERGE:     324417
cpu16->cpu16_L1D TRANSLATION  ACCESS:       2208 HIT:        519 MISS:       1689 MSHR_MERGE:          5
cpu16->cpu16_L1D PREFETCH REQUESTED:    3959194 ISSUED:    3954097 USEFUL:     121309 USELESS:      35411
cpu16->cpu16_L1D AVERAGE MISS LATENCY: 34.4 cycles
cpu16_L1D FLUSH STALL CYCLES: 162
cpu16->cpu16_ITLB TOTAL        ACCESS:   63436128 HIT:   63436053 MISS:         75 MSHR_MERGE:         27
cpu16->cpu16_ITLB LOAD         ACCESS:   63436128 HIT:   63436053 MISS:         75 MSHR_MERGE:         27
cpu16->cpu16_ITLB RFO          ACCESS:          0 HIT:          0 MISS:          0 MSHR_MERGE:          0
cpu16->cpu16_ITLB PREFETCH     ACCESS:          0 HIT:          0 MISS:          0 MSHR_MERGE:          0
cpu16->cpu16_ITLB WRITE        ACCESS:          0 HIT:          0 MISS:          0 MSHR_MERGE:          0
cpu16->cpu16_ITLB TRANSLATION  ACCESS:          0 HIT:          0 MISS:          0 MSHR_MERGE:          0
cpu16->cpu16_ITLB PREFETCH REQUESTED:          0 ISSUED:          0 USEFUL:          0 USELESS:          0
cpu16->cpu16_ITLB AVERAGE MISS LATENCY: 977.2 cycles
cpu16->cpu16_DTLB TOTAL        ACCESS:  100318332 HIT:  100143229 MISS:     175103 MSHR_MERGE:      23068
cpu16->cpu16_DTLB LOAD         ACCESS:  100318332 HIT:  100143229 MISS:     175103 MSHR_MERGE:      23068
cpu16->cpu16_DTLB RFO          ACCESS:          0 HIT:          0 MISS:          0 MSHR_MERGE:          0
cpu16->cpu16_DTLB PREFETCH     ACCESS:          0 HIT:          0 MISS:          0 MSHR_MERGE:          0
cpu16->cpu16_DTLB WRITE        ACCESS:          0 HIT:          0 MISS:          0 MSHR_MERGE:          0
cpu16->cpu16_DTLB TRANSLATION  ACCESS:          0 HIT:          0 MISS:          0 MSHR_MERGE:          0
cpu16->cpu16_DTLB PREFETCH REQUESTED:          0 ISSUED:          0 USEFUL:          0 USELESS:          0
cpu16->cpu16_DTLB AVERAGE MISS LATENCY: 12.37 cycles
cpu15->cpu15_STLB TOTAL        ACCESS:    5688928 HIT:    5359736 MISS:     329192 MSHR_MERGE:          0
cpu15->cpu15_STLB LOAD         ACCESS:    5688928 HIT:    5359736 MISS:     329192 MSHR_MERGE:          0
cpu15->cpu15_STLB RFO          ACCESS:          0 HIT:          0 MISS:          0 MSHR_MERGE:          0
cpu15->cpu15_STLB PREFETCH     ACCESS:          0 HIT:          0 MISS:          0 MSHR_MERGE:          0
cpu15->cpu15_STLB WRITE        ACCESS:          0 HIT:          0 MISS:          0 MSHR_MERGE:          0
cpu15->cpu15_STLB TRANSLATION  ACCESS:          0 HIT:          0 MISS:          0 MSHR_MERGE:          0
cpu15->cpu15_STLB PREFETCH REQUESTED:          0 ISSUED:          0 USEFUL:          0 USELESS:          0
cpu15->cpu15_STLB AVERAGE MISS LATENCY: 129.6 cycles
cpu0->cpu15_L2C TOTAL        ACCESS:         37 HIT:         37 MISS:          0 MSHR_MERGE:          0
cpu0->cpu15_L2C LOAD         ACCESS:          0 HIT:          0 MISS:          0 MSHR_MERGE:          0
cpu0->cpu15_L2C RFO          ACCESS:          0 HIT:          0 MISS:          0 MSHR_MERGE:          0
cpu0->cpu15_L2C PREFETCH     ACCESS:          0 HIT:          0 MISS:          0 MSHR_MERGE:          0
cpu0->cpu15_L2C WRITE        ACCESS:         37 HIT:         37 MISS:          0 MSHR_MERGE:          0
cpu0->cpu15_L2C TRANSLATION  ACCESS:          0 HIT:          0 MISS:          0 MSHR_MERGE:          0
cpu0->cpu15_L2C PREFETCH REQUESTED:   13119050 ISSUED:   13119027 USEFUL:       1332 USELESS:       5569
cpu0->cpu15_L2C AVERAGE MISS LATENCY: - cycles
cpu15->cpu15_L2C TOTAL        ACCESS:   26237896 HIT:   22108761 MISS:    4129135 MSHR_MERGE:      15673
cpu15->cpu15_L2C LOAD         ACCESS:   10210556 HIT:   10137388 MISS:      73168 MSHR_MERGE:         34
cpu15->cpu15_L2C RFO          ACCESS:     315168 HIT:      96562 MISS:     218606 MSHR_MERGE:        139
cpu15->cpu15_L2C PREFETCH     ACCESS:   14575419 HIT:   10840717 MISS:    3734702 MSHR_MERGE:      15500
cpu15->cpu15_L2C WRITE        ACCESS:     497120 HIT:     481368 MISS:      15752 MSHR_MERGE:          0
cpu15->cpu15_L2C TRANSLATION  ACCESS:     639633 HIT:     552726 MISS:      86907 MSHR_MERGE:          0
cpu15->cpu15_L2C PREFETCH REQUESTED:   13119050 ISSUED:   13119027 USEFUL:       1332 USELESS:       5569
cpu15->cpu15_L2C AVERAGE MISS LATENCY: 406.3 cycles
cpu15_L2C FLUSH STALL CYCLES: 27248
cpu15->cpu15_L1I TOTAL        ACCESS:   72904931 HIT:   69742468 MISS:    3162463 MSHR_MERGE:    1122383
cpu15->cpu15_L1I LOAD         ACCESS:   36858210 HIT:   35203573 MISS:    1654637 MSHR_MERGE:     563654
cpu15->cpu15_L1I RFO          ACCESS:          0 HIT:          0 MISS:          0 MSHR_MERGE:          0
cpu15->cpu15_L1I PREFETCH     ACCESS:   36046721 HIT:   34538895 MISS:    1507826 MSHR_MERGE:     558729
cpu15->cpu15_L1I WRITE        ACCESS:          0 HIT:          0 MISS:          0 MSHR_MERGE:          0
cpu15->cpu15_L1I TRANSLATION  ACCESS:          0 HIT:          0 MISS:          0 MSHR_MERGE:          0
cpu15->cpu15_L1I PREFETCH REQUESTED:   36865046 ISSUED:   36046721 USEFUL:     398432 USELESS:     550641
cpu15->cpu15_L1I AVERAGE MISS LATENCY: 10.15 cycles
cpu15->cpu15_L1D TOTAL        ACCESS:   63588720 HIT:   49597606 MISS:   13991114 MSHR_MERGE:    3409401
cpu15->cpu15_L1D LOAD         ACCESS:   41838303 HIT:   30535175 MISS:   11303128 MSHR_MERGE:    2183555
cpu15->cpu15_L1D RFO          ACCESS:          0 HIT:          0 MISS:          0 MSHR_MERGE:          0
cpu15->cpu15_L1D PREFETCH     ACCESS:    5589616 HIT:    4750438 MISS:     839178 MSHR_MERGE:     331839
cpu15->cpu15_L1D WRITE        ACCESS:   15501322 HIT:   14293187 MISS:    1208135 MSHR_MERGE:     892967
cpu15->cpu15_L1D TRANSLATION  ACCESS:     659479 HIT:      18806 MISS:     640673 MSHR_MERGE:       1040
cpu15->cpu15_L1D PREFETCH REQUESTED:    6274821 ISSUED:    5589616 USEFUL:     364379 USELESS:     128969
cpu15->cpu15_L1D AVERAGE MISS LATENCY: 25.95 cycles
cpu15->cpu15_ITLB TOTAL        ACCESS:   55582482 HIT:   55400543 MISS:     181939 MSHR_MERGE:      95489
cpu15->cpu15_ITLB LOAD         ACCESS:   55582482 HIT:   55400543 MISS:     181939 MSHR_MERGE:      95489
cpu15->cpu15_ITLB RFO          ACCESS:          0 HIT:          0 MISS:          0 MSHR_MERGE:          0
cpu15->cpu15_ITLB PREFETCH     ACCESS:          0 HIT:          0 MISS:          0 MSHR_MERGE:          0
cpu15->cpu15_ITLB WRITE        ACCESS:          0 HIT:          0 MISS:          0 MSHR_MERGE:          0
cpu15->cpu15_ITLB TRANSLATION  ACCESS:          0 HIT:          0 MISS:          0 MSHR_MERGE:          0
cpu15->cpu15_ITLB PREFETCH REQUESTED:          0 ISSUED:          0 USEFUL:          0 USELESS:          0
cpu15->cpu15_ITLB AVERAGE MISS LATENCY: 16.68 cycles
cpu15->cpu15_DTLB TOTAL        ACCESS:   55206526 HIT:   46483579 MISS:    8722947 MSHR_MERGE:    3120469
cpu15->cpu15_DTLB LOAD         ACCESS:   55206526 HIT:   46483579 MISS:    8722947 MSHR_MERGE:    3120469
cpu15->cpu15_DTLB RFO          ACCESS:          0 HIT:          0 MISS:          0 MSHR_MERGE:          0
cpu15->cpu15_DTLB PREFETCH     ACCESS:          0 HIT:          0 MISS:          0 MSHR_MERGE:          0
cpu15->cpu15_DTLB WRITE        ACCESS:          0 HIT:          0 MISS:          0 MSHR_MERGE:          0
cpu15->cpu15_DTLB TRANSLATION  ACCESS:          0 HIT:          0 MISS:          0 MSHR_MERGE:          0
cpu15->cpu15_DTLB PREFETCH REQUESTED:          0 ISSUED:          0 USEFUL:          0 USELESS:          0
cpu15->cpu15_DTLB AVERAGE MISS LATENCY: 12.49 cycles
cpu14->cpu14_STLB TOTAL        ACCESS:     538494 HIT:     528952 MISS:       9542 MSHR_MERGE:          0
cpu14->cpu14_STLB LOAD         ACCESS:     538494 HIT:     528952 MISS:       9542 MSHR_MERGE:          0
cpu14->cpu14_STLB RFO          ACCESS:          0 HIT:          0 MISS:          0 MSHR_MERGE:          0
cpu14->cpu14_STLB PREFETCH     ACCESS:          0 HIT:          0 MISS:          0 MSHR_MERGE:          0
cpu14->cpu14_STLB WRITE        ACCESS:          0 HIT:          0 MISS:          0 MSHR_MERGE:          0
cpu14->cpu14_STLB TRANSLATION  ACCESS:          0 HIT:          0 MISS:          0 MSHR_MERGE:          0
cpu14->cpu14_STLB PREFETCH REQUESTED:          0 ISSUED:          0 USEFUL:          0 USELESS:          0
cpu14->cpu14_STLB AVERAGE MISS LATENCY: 1216 cycles
cpu0->cpu14_L2C TOTAL        ACCESS:        295 HIT:        273 MISS:         22 MSHR_MERGE:          0
cpu0->cpu14_L2C LOAD         ACCESS:          0 HIT:          0 MISS:          0 MSHR_MERGE:          0
cpu0->cpu14_L2C RFO          ACCESS:          0 HIT:          0 MISS:          0 MSHR_MERGE:          0
cpu0->cpu14_L2C PREFETCH     ACCESS:          0 HIT:          0 MISS:          0 MSHR_MERGE:          0
cpu0->cpu14_L2C WRITE        ACCESS:        295 HIT:        273 MISS:         22 MSHR_MERGE:          0
cpu0->cpu14_L2C TRANSLATION  ACCESS:          0 HIT:          0 MISS:          0 MSHR_MERGE:          0
cpu0->cpu14_L2C PREFETCH REQUESTED:    4480747 ISSUED:    4345182 USEFUL:      58950 USELESS:       2853
cpu0->cpu14_L2C AVERAGE MISS LATENCY: 9.201e+06 cycles
cpu14->cpu14_L2C TOTAL        ACCESS:    7149428 HIT:    4757571 MISS:    2391857 MSHR_MERGE:     306758
cpu14->cpu14_L2C LOAD         ACCESS:    1685635 HIT:    1360117 MISS:     325518 MSHR_MERGE:      28873
cpu14->cpu14_L2C RFO          ACCESS:     281839 HIT:      77390 MISS:     204449 MSHR_MERGE:         11
cpu14->cpu14_L2C PREFETCH     ACCESS:    4823481 HIT:    3045265 MISS:    1778216 MSHR_MERGE:     277874
cpu14->cpu14_L2C WRITE        ACCESS:     343287 HIT:     274520 MISS:      68767 MSHR_MERGE:          0
cpu14->cpu14_L2C TRANSLATION  ACCESS:      15186 HIT:        279 MISS:      14907 MSHR_MERGE:          0
cpu14->cpu14_L2C PREFETCH REQUESTED:    4480747 ISSUED:    4345182 USEFUL:      58950 USELESS:       2853
cpu14->cpu14_L2C AVERAGE MISS LATENCY: 329.9 cycles
cpu14_L2C FLUSH STALL CYCLES: 21253
cpu14->cpu14_L1I TOTAL        ACCESS:  189279405 HIT:  186336903 MISS:    2942502 MSHR_MERGE:    1536092
cpu14->cpu14_L1I LOAD         ACCESS:  100987072 HIT:   99218611 MISS:    1768461 MSHR_MERGE:     746838
cpu14->cpu14_L1I RFO          ACCESS:          0 HIT:          0 MISS:          0 MSHR_MERGE:          0
cpu14->cpu14_L1I PREFETCH     ACCESS:   88292333 HIT:   87118292 MISS:    1174041 MSHR_MERGE:     789254
cpu14->cpu14_L1I WRITE        ACCESS:          0 HIT:          0 MISS:          0 MSHR_MERGE:          0
cpu14->cpu14_L1I TRANSLATION  ACCESS:          0 HIT:          0 MISS:          0 MSHR_MERGE:          0
cpu14->cpu14_L1I PREFETCH REQUESTED:  101016072 ISSUED:   88292301 USEFUL:     188255 USELESS:     196482
cpu14->cpu14_L1I AVERAGE MISS LATENCY: 10.91 cycles
cpu14->cpu14_L1D TOTAL        ACCESS:  134620668 HIT:  129803679 MISS:    4816989 MSHR_MERGE:    3762065
cpu14->cpu14_L1D LOAD         ACCESS:   80057778 HIT:   78559285 MISS:    1498493 MSHR_MERGE:     834472
cpu14->cpu14_L1D RFO          ACCESS:          0 HIT:          0 MISS:          0 MSHR_MERGE:          0
cpu14->cpu14_L1D PREFETCH     ACCESS:    6037142 HIT:    5892667 MISS:     144475 MSHR_MERGE:      50729
cpu14->cpu14_L1D WRITE        ACCESS:   48506624 HIT:   45349069 MISS:    3157555 MSHR_MERGE:    2875584
cpu14->cpu14_L1D TRANSLATION  ACCESS:      19124 HIT:       2658 MISS:      16466 MSHR_MERGE:       1280
cpu14->cpu14_L1D PREFETCH REQUESTED:    6217173 ISSUED:    6037142 USEFUL:      56154 USELESS:      16496
cpu14->cpu14_L1D AVERAGE MISS LATENCY: 218 cycles
cpu14_L1D FLUSH STALL CYCLES: 231
cpu14->cpu14_ITLB TOTAL        ACCESS:  128630028 HIT:  128623373 MISS:       6655 MSHR_MERGE:       4556
cpu14->cpu14_ITLB LOAD         ACCESS:  128630028 HIT:  128623373 MISS:       6655 MSHR_MERGE:       4556
cpu14->cpu14_ITLB RFO          ACCESS:          0 HIT:          0 MISS:          0 MSHR_MERGE:          0
cpu14->cpu14_ITLB PREFETCH     ACCESS:          0 HIT:          0 MISS:          0 MSHR_MERGE:          0
cpu14->cpu14_ITLB WRITE        ACCESS:          0 HIT:          0 MISS:          0 MSHR_MERGE:          0
cpu14->cpu14_ITLB TRANSLATION  ACCESS:          0 HIT:          0 MISS:          0 MSHR_MERGE:          0
cpu14->cpu14_ITLB PREFETCH REQUESTED:          0 ISSUED:          0 USEFUL:          0 USELESS:          0
cpu14->cpu14_ITLB AVERAGE MISS LATENCY: 96.49 cycles
cpu14->cpu14_DTLB TOTAL        ACCESS:  119649833 HIT:  118590851 MISS:    1058982 MSHR_MERGE:     522587
cpu14->cpu14_DTLB LOAD         ACCESS:  119649833 HIT:  118590851 MISS:    1058982 MSHR_MERGE:     522587
cpu14->cpu14_DTLB RFO          ACCESS:          0 HIT:          0 MISS:          0 MSHR_MERGE:          0
cpu14->cpu14_DTLB PREFETCH     ACCESS:          0 HIT:          0 MISS:          0 MSHR_MERGE:          0
cpu14->cpu14_DTLB WRITE        ACCESS:          0 HIT:          0 MISS:          0 MSHR_MERGE:          0
cpu14->cpu14_DTLB TRANSLATION  ACCESS:          0 HIT:          0 MISS:          0 MSHR_MERGE:          0
cpu14->cpu14_DTLB PREFETCH REQUESTED:          0 ISSUED:          0 USEFUL:          0 USELESS:          0
cpu14->cpu14_DTLB AVERAGE MISS LATENCY: 26.3 cycles
cpu13->cpu13_STLB TOTAL        ACCESS:       1236 HIT:          0 MISS:       1236 MSHR_MERGE:          0
cpu13->cpu13_STLB LOAD         ACCESS:       1236 HIT:          0 MISS:       1236 MSHR_MERGE:          0
cpu13->cpu13_STLB RFO          ACCESS:          0 HIT:          0 MISS:          0 MSHR_MERGE:          0
cpu13->cpu13_STLB PREFETCH     ACCESS:          0 HIT:          0 MISS:          0 MSHR_MERGE:          0
cpu13->cpu13_STLB WRITE        ACCESS:          0 HIT:          0 MISS:          0 MSHR_MERGE:          0
cpu13->cpu13_STLB TRANSLATION  ACCESS:          0 HIT:          0 MISS:          0 MSHR_MERGE:          0
cpu13->cpu13_STLB PREFETCH REQUESTED:          0 ISSUED:          0 USEFUL:          0 USELESS:          0
cpu13->cpu13_STLB AVERAGE MISS LATENCY: 980.7 cycles
cpu0->cpu13_L2C TOTAL        ACCESS:        739 HIT:        689 MISS:         50 MSHR_MERGE:          0
cpu0->cpu13_L2C LOAD         ACCESS:          0 HIT:          0 MISS:          0 MSHR_MERGE:          0
cpu0->cpu13_L2C RFO          ACCESS:          0 HIT:          0 MISS:          0 MSHR_MERGE:          0
cpu0->cpu13_L2C PREFETCH     ACCESS:          0 HIT:          0 MISS:          0 MSHR_MERGE:          0
cpu0->cpu13_L2C WRITE        ACCESS:        739 HIT:        689 MISS:         50 MSHR_MERGE:          0
cpu0->cpu13_L2C TRANSLATION  ACCESS:          0 HIT:          0 MISS:          0 MSHR_MERGE:          0
cpu0->cpu13_L2C PREFETCH REQUESTED:    1526721 ISSUED:    1276376 USEFUL:      41883 USELESS:         99
cpu0->cpu13_L2C AVERAGE MISS LATENCY: 3.835e+04 cycles
cpu13->cpu13_L2C TOTAL        ACCESS:    1437399 HIT:     110774 MISS:    1326625 MSHR_MERGE:      30555
cpu13->cpu13_L2C LOAD         ACCESS:      48801 HIT:      34557 MISS:      14244 MSHR_MERGE:          0
cpu13->cpu13_L2C RFO          ACCESS:        261 HIT:        261 MISS:          0 MSHR_MERGE:          0
cpu13->cpu13_L2C PREFETCH     ACCESS:    1307390 HIT:       9262 MISS:    1298128 MSHR_MERGE:      30555
cpu13->cpu13_L2C WRITE        ACCESS:      79555 HIT:      66693 MISS:      12862 MSHR_MERGE:          0
cpu13->cpu13_L2C TRANSLATION  ACCESS:       1392 HIT:          1 MISS:       1391 MSHR_MERGE:          0
cpu13->cpu13_L2C PREFETCH REQUESTED:    1526721 ISSUED:    1276376 USEFUL:      41883 USELESS:         99
cpu13->cpu13_L2C AVERAGE MISS LATENCY: 67.29 cycles
cpu13_L2C FLUSH STALL CYCLES: 32216
cpu13->cpu13_L1I TOTAL        ACCESS:  179761525 HIT:  179761525 MISS:          0 MSHR_MERGE:          0
cpu13->cpu13_L1I LOAD         ACCESS:   89880773 HIT:   89880773 MISS:          0 MSHR_MERGE:          0
cpu13->cpu13_L1I RFO          ACCESS:          0 HIT:          0 MISS:          0 MSHR_MERGE:          0
cpu13->cpu13_L1I PREFETCH     ACCESS:   89880752 HIT:   89880752 MISS:          0 MSHR_MERGE:          0
cpu13->cpu13_L1I WRITE        ACCESS:          0 HIT:          0 MISS:          0 MSHR_MERGE:          0
cpu13->cpu13_L1I TRANSLATION  ACCESS:          0 HIT:          0 MISS:          0 MSHR_MERGE:          0
cpu13->cpu13_L1I PREFETCH REQUESTED:   89880773 ISSUED:   89880720 USEFUL:          0 USELESS:          0
cpu13->cpu13_L1I AVERAGE MISS LATENCY: - cycles
cpu13->cpu13_L1D TOTAL        ACCESS:   71910067 HIT:   71777387 MISS:     132680 MSHR_MERGE:      51212
cpu13->cpu13_L1D LOAD         ACCESS:   53143184 HIT:   53043971 MISS:      99213 MSHR_MERGE:      50412
cpu13->cpu13_L1D RFO          ACCESS:          0 HIT:          0 MISS:          0 MSHR_MERGE:          0
cpu13->cpu13_L1D PREFETCH     ACCESS:      32899 HIT:       1875 MISS:      31024 MSHR_MERGE:         10
cpu13->cpu13_L1D WRITE        ACCESS:   18731510 HIT:   18730459 MISS:       1051 MSHR_MERGE:        790
cpu13->cpu13_L1D TRANSLATION  ACCESS:       2474 HIT:       1082 MISS:       1392 MSHR_MERGE:          0
cpu13->cpu13_L1D PREFETCH REQUESTED:      32899 ISSUED:      32899 USEFUL:      31013 USELESS:          0
cpu13->cpu13_L1D AVERAGE MISS LATENCY: 46.53 cycles
cpu13_L1D FLUSH STALL CYCLES: 675
cpu13->cpu13_ITLB TOTAL        ACCESS:  146912112 HIT:  146912112 MISS:          0 MSHR_MERGE:          0
cpu13->cpu13_ITLB LOAD         ACCESS:  146912112 HIT:  146912112 MISS:          0 MSHR_MERGE:          0
cpu13->cpu13_ITLB RFO          ACCESS:          0 HIT:          0 MISS:          0 MSHR_MERGE:          0
cpu13->cpu13_ITLB PREFETCH     ACCESS:          0 HIT:          0 MISS:          0 MSHR_MERGE:          0
cpu13->cpu13_ITLB WRITE        ACCESS:          0 HIT:          0 MISS:          0 MSHR_MERGE:          0
cpu13->cpu13_ITLB TRANSLATION  ACCESS:          0 HIT:          0 MISS:          0 MSHR_MERGE:          0
cpu13->cpu13_ITLB PREFETCH REQUESTED:          0 ISSUED:          0 USEFUL:          0 USELESS:          0
cpu13->cpu13_ITLB AVERAGE MISS LATENCY: - cycles
cpu13->cpu13_DTLB TOTAL        ACCESS:   71262918 HIT:   71260329 MISS:       2589 MSHR_MERGE:       1353
cpu13->cpu13_DTLB LOAD         ACCESS:   71262918 HIT:   71260329 MISS:       2589 MSHR_MERGE:       1353
cpu13->cpu13_DTLB RFO          ACCESS:          0 HIT:          0 MISS:          0 MSHR_MERGE:          0
cpu13->cpu13_DTLB PREFETCH     ACCESS:          0 HIT:          0 MISS:          0 MSHR_MERGE:          0
cpu13->cpu13_DTLB WRITE        ACCESS:          0 HIT:          0 MISS:          0 MSHR_MERGE:          0
cpu13->cpu13_DTLB TRANSLATION  ACCESS:          0 HIT:          0 MISS:          0 MSHR_MERGE:          0
cpu13->cpu13_DTLB PREFETCH REQUESTED:          0 ISSUED:          0 USEFUL:          0 USELESS:          0
cpu13->cpu13_DTLB AVERAGE MISS LATENCY: 986.7 cycles
cpu12->cpu12_STLB TOTAL        ACCESS:     136499 HIT:      36298 MISS:     100201 MSHR_MERGE:          0
cpu12->cpu12_STLB LOAD         ACCESS:     136499 HIT:      36298 MISS:     100201 MSHR_MERGE:          0
cpu12->cpu12_STLB RFO          ACCESS:          0 HIT:          0 MISS:          0 MSHR_MERGE:          0
cpu12->cpu12_STLB PREFETCH     ACCESS:          0 HIT:          0 MISS:          0 MSHR_MERGE:          0
cpu12->cpu12_STLB WRITE        ACCESS:          0 HIT:          0 MISS:          0 MSHR_MERGE:          0
cpu12->cpu12_STLB TRANSLATION  ACCESS:          0 HIT:          0 MISS:          0 MSHR_MERGE:          0
cpu12->cpu12_STLB PREFETCH REQUESTED:          0 ISSUED:          0 USEFUL:          0 USELESS:          0
cpu12->cpu12_STLB AVERAGE MISS LATENCY: 986.6 cycles
cpu0->cpu12_L2C TOTAL        ACCESS:        133 HIT:         52 MISS:         81 MSHR_MERGE:          0
cpu0->cpu12_L2C LOAD         ACCESS:          0 HIT:          0 MISS:          0 MSHR_MERGE:          0
cpu0->cpu12_L2C RFO          ACCESS:          0 HIT:          0 MISS:          0 MSHR_MERGE:          0
cpu0->cpu12_L2C PREFETCH     ACCESS:          0 HIT:          0 MISS:          0 MSHR_MERGE:          0
cpu0->cpu12_L2C WRITE        ACCESS:        133 HIT:         52 MISS:         81 MSHR_MERGE:          0
cpu0->cpu12_L2C TRANSLATION  ACCESS:          0 HIT:          0 MISS:          0 MSHR_MERGE:          0
cpu0->cpu12_L2C PREFETCH REQUESTED:   43708805 ISSUED:   40418554 USEFUL:    2309362 USELESS:     100404
cpu0->cpu12_L2C AVERAGE MISS LATENCY: 2.803e+06 cycles
cpu12->cpu12_L2C TOTAL        ACCESS:   45546125 HIT:   11249290 MISS:   34296835 MSHR_MERGE:     136143
cpu12->cpu12_L2C LOAD         ACCESS:    4145829 HIT:    3013857 MISS:    1131972 MSHR_MERGE:      68537
cpu12->cpu12_L2C RFO          ACCESS:     367731 HIT:     140175 MISS:     227556 MSHR_MERGE:          0
cpu12->cpu12_L2C PREFETCH     ACCESS:   40436033 HIT:    7769575 MISS:   32666458 MSHR_MERGE:      67606
cpu12->cpu12_L2C WRITE        ACCESS:     411490 HIT:     313496 MISS:      97994 MSHR_MERGE:          0
cpu12->cpu12_L2C TRANSLATION  ACCESS:     185042 HIT:      12187 MISS:     172855 MSHR_MERGE:          0
cpu12->cpu12_L2C PREFETCH REQUESTED:   43708805 ISSUED:   40418554 USEFUL:    2309362 USELESS:     100404
cpu12->cpu12_L2C AVERAGE MISS LATENCY: 139.2 cycles
cpu12_L2C FLUSH STALL CYCLES: 311
cpu12->cpu12_L1I TOTAL        ACCESS:  139809930 HIT:  139809509 MISS:        421 MSHR_MERGE:        214
cpu12->cpu12_L1I LOAD         ACCESS:   69930595 HIT:   69930406 MISS:        189 MSHR_MERGE:         63
cpu12->cpu12_L1I RFO          ACCESS:          0 HIT:          0 MISS:          0 MSHR_MERGE:          0
cpu12->cpu12_L1I PREFETCH     ACCESS:   69879335 HIT:   69879103 MISS:        232 MSHR_MERGE:        151
cpu12->cpu12_L1I WRITE        ACCESS:          0 HIT:          0 MISS:          0 MSHR_MERGE:          0
cpu12->cpu12_L1I TRANSLATION  ACCESS:          0 HIT:          0 MISS:          0 MSHR_MERGE:          0
cpu12->cpu12_L1I PREFETCH REQUESTED:   69930595 ISSUED:   69879303 USEFUL:         47 USELESS:          0
cpu12->cpu12_L1I AVERAGE MISS LATENCY: 194.5 cycles
cpu12->cpu12_L1D TOTAL        ACCESS:  100497606 HIT:   92608887 MISS:    7888719 MSHR_MERGE:    3172637
cpu12->cpu12_L1D LOAD         ACCESS:   84228488 HIT:   77638295 MISS:    6590193 MSHR_MERGE:    2444473
cpu12->cpu12_L1D RFO          ACCESS:          0 HIT:          0 MISS:          0 MSHR_MERGE:          0
cpu12->cpu12_L1D PREFETCH     ACCESS:      66702 HIT:      47476 MISS:      19226 MSHR_MERGE:       1755
cpu12->cpu12_L1D WRITE        ACCESS:   15951406 HIT:   14857430 MISS:    1093976 MSHR_MERGE:     726127
cpu12->cpu12_L1D TRANSLATION  ACCESS:     251010 HIT:      65686 MISS:     185324 MSHR_MERGE:        282
cpu12->cpu12_L1D PREFETCH REQUESTED:     109255 ISSUED:      66702 USEFUL:       7385 USELESS:        262
cpu12->cpu12_L1D AVERAGE MISS LATENCY: 58.55 cycles
cpu12_L1D FLUSH STALL CYCLES: 69
cpu12->cpu12_ITLB TOTAL        ACCESS:   93925524 HIT:   93925476 MISS:         48 MSHR_MERGE:         32
cpu12->cpu12_ITLB LOAD         ACCESS:   93925524 HIT:   93925476 MISS:         48 MSHR_MERGE:         32
cpu12->cpu12_ITLB RFO          ACCESS:          0 HIT:          0 MISS:          0 MSHR_MERGE:          0
cpu12->cpu12_ITLB PREFETCH     ACCESS:          0 HIT:          0 MISS:          0 MSHR_MERGE:          0
cpu12->cpu12_ITLB WRITE        ACCESS:          0 HIT:          0 MISS:          0 MSHR_MERGE:          0
cpu12->cpu12_ITLB TRANSLATION  ACCESS:          0 HIT:          0 MISS:          0 MSHR_MERGE:          0
cpu12->cpu12_ITLB PREFETCH REQUESTED:          0 ISSUED:          0 USEFUL:          0 USELESS:          0
cpu12->cpu12_ITLB AVERAGE MISS LATENCY: 1002 cycles
cpu12->cpu12_DTLB TOTAL        ACCESS:   98203243 HIT:   97825598 MISS:     377645 MSHR_MERGE:     241162
cpu12->cpu12_DTLB LOAD         ACCESS:   98203243 HIT:   97825598 MISS:     377645 MSHR_MERGE:     241162
cpu12->cpu12_DTLB RFO          ACCESS:          0 HIT:          0 MISS:          0 MSHR_MERGE:          0
cpu12->cpu12_DTLB PREFETCH     ACCESS:          0 HIT:          0 MISS:          0 MSHR_MERGE:          0
cpu12->cpu12_DTLB WRITE        ACCESS:          0 HIT:          0 MISS:          0 MSHR_MERGE:          0
cpu12->cpu12_DTLB TRANSLATION  ACCESS:          0 HIT:          0 MISS:          0 MSHR_MERGE:          0
cpu12->cpu12_DTLB PREFETCH REQUESTED:          0 ISSUED:          0 USEFUL:          0 USELESS:          0
cpu12->cpu12_DTLB AVERAGE MISS LATENCY: 729.9 cycles
cpu11->cpu11_STLB TOTAL        ACCESS:     201875 HIT:     180309 MISS:      21566 MSHR_MERGE:          0
cpu11->cpu11_STLB LOAD         ACCESS:     201875 HIT:     180309 MISS:      21566 MSHR_MERGE:          0
cpu11->cpu11_STLB RFO          ACCESS:          0 HIT:          0 MISS:          0 MSHR_MERGE:          0
cpu11->cpu11_STLB PREFETCH     ACCESS:          0 HIT:          0 MISS:          0 MSHR_MERGE:          0
cpu11->cpu11_STLB WRITE        ACCESS:          0 HIT:          0 MISS:          0 MSHR_MERGE:          0
cpu11->cpu11_STLB TRANSLATION  ACCESS:          0 HIT:          0 MISS:          0 MSHR_MERGE:          0
cpu11->cpu11_STLB PREFETCH REQUESTED:          0 ISSUED:          0 USEFUL:          0 USELESS:          0
cpu11->cpu11_STLB AVERAGE MISS LATENCY: 1016 cycles
cpu0->cpu11_L2C TOTAL        ACCESS:        261 HIT:        259 MISS:          2 MSHR_MERGE:          0
cpu0->cpu11_L2C LOAD         ACCESS:          0 HIT:          0 MISS:          0 MSHR_MERGE:          0
cpu0->cpu11_L2C RFO          ACCESS:          0 HIT:          0 MISS:          0 MSHR_MERGE:          0
cpu0->cpu11_L2C PREFETCH     ACCESS:          0 HIT:          0 MISS:          0 MSHR_MERGE:          0
cpu0->cpu11_L2C WRITE        ACCESS:        261 HIT:        259 MISS:          2 MSHR_MERGE:          0
cpu0->cpu11_L2C TRANSLATION  ACCESS:          0 HIT:          0 MISS:          0 MSHR_MERGE:          0
cpu0->cpu11_L2C PREFETCH REQUESTED:   32210737 ISSUED:   28152969 USEFUL:     312422 USELESS:      20300
cpu0->cpu11_L2C AVERAGE MISS LATENCY: 2.044e+08 cycles
cpu11->cpu11_L2C TOTAL        ACCESS:   37900070 HIT:   26057934 MISS:   11842136 MSHR_MERGE:    1020335
cpu11->cpu11_L2C LOAD         ACCESS:    3690955 HIT:    2896758 MISS:     794197 MSHR_MERGE:     129055
cpu11->cpu11_L2C RFO          ACCESS:    2250262 HIT:    1577769 MISS:     672493 MSHR_MERGE:          0
cpu11->cpu11_L2C PREFETCH     ACCESS:   28950802 HIT:   18842943 MISS:   10107859 MSHR_MERGE:     891280
cpu11->cpu11_L2C WRITE        ACCESS:    2969139 HIT:    2737179 MISS:     231960 MSHR_MERGE:          0
cpu11->cpu11_L2C TRANSLATION  ACCESS:      38912 HIT:       3285 MISS:      35627 MSHR_MERGE:          0
cpu11->cpu11_L2C PREFETCH REQUESTED:   32210737 ISSUED:   28152969 USEFUL:     312422 USELESS:      20300
cpu11->cpu11_L2C AVERAGE MISS LATENCY: 235.7 cycles
cpu11_L2C FLUSH STALL CYCLES: 29813
cpu11->cpu11_L1I TOTAL        ACCESS:   63724505 HIT:   63047025 MISS:     677480 MSHR_MERGE:     454027
cpu11->cpu11_L1I LOAD         ACCESS:   34362570 HIT:   34052792 MISS:     309778 MSHR_MERGE:     167429
cpu11->cpu11_L1I RFO          ACCESS:          0 HIT:          0 MISS:          0 MSHR_MERGE:          0
cpu11->cpu11_L1I PREFETCH     ACCESS:   29361935 HIT:   28994233 MISS:     367702 MSHR_MERGE:     286598
cpu11->cpu11_L1I WRITE        ACCESS:          0 HIT:          0 MISS:          0 MSHR_MERGE:          0
cpu11->cpu11_L1I TRANSLATION  ACCESS:          0 HIT:          0 MISS:          0 MSHR_MERGE:          0
cpu11->cpu11_L1I PREFETCH REQUESTED:   34371175 ISSUED:   29361903 USEFUL:      55951 USELESS:      25181
cpu11->cpu11_L1I AVERAGE MISS LATENCY: 38.05 cycles
cpu11->cpu11_L1D TOTAL        ACCESS:   92330539 HIT:   75514842 MISS:   16815697 MSHR_MERGE:   10260095
cpu11->cpu11_L1D LOAD         ACCESS:   58869715 HIT:   52018182 MISS:    6851533 MSHR_MERGE:    3302829
cpu11->cpu11_L1D RFO          ACCESS:          0 HIT:          0 MISS:          0 MSHR_MERGE:          0
cpu11->cpu11_L1D PREFETCH     ACCESS:    4040452 HIT:    3024791 MISS:    1015661 MSHR_MERGE:     298021
cpu11->cpu11_L1D WRITE        ACCESS:   29374174 HIT:   20465287 MISS:    8908887 MSHR_MERGE:    6658541
cpu11->cpu11_L1D TRANSLATION  ACCESS:      46198 HIT:       6582 MISS:      39616 MSHR_MERGE:        704
cpu11->cpu11_L1D PREFETCH REQUESTED:    7220220 ISSUED:    4040444 USEFUL:     526412 USELESS:      61891
cpu11->cpu11_L1D AVERAGE MISS LATENCY: 79.49 cycles
cpu11_L1D FLUSH STALL CYCLES: 197
cpu11->cpu11_ITLB TOTAL        ACCESS:   45673877 HIT:   45653432 MISS:      20445 MSHR_MERGE:      12252
cpu11->cpu11_ITLB LOAD         ACCESS:   45673877 HIT:   45653432 MISS:      20445 MSHR_MERGE:      12252
cpu11->cpu11_ITLB RFO          ACCESS:          0 HIT:          0 MISS:          0 MSHR_MERGE:          0
cpu11->cpu11_ITLB PREFETCH     ACCESS:          0 HIT:          0 MISS:          0 MSHR_MERGE:          0
cpu11->cpu11_ITLB WRITE        ACCESS:          0 HIT:          0 MISS:          0 MSHR_MERGE:          0
cpu11->cpu11_ITLB TRANSLATION  ACCESS:          0 HIT:          0 MISS:          0 MSHR_MERGE:          0
cpu11->cpu11_ITLB PREFETCH REQUESTED:          0 ISSUED:          0 USEFUL:          0 USELESS:          0
cpu11->cpu11_ITLB AVERAGE MISS LATENCY: 38.47 cycles
cpu11->cpu11_DTLB TOTAL        ACCESS:   84438008 HIT:   83912378 MISS:     525630 MSHR_MERGE:     331948
cpu11->cpu11_DTLB LOAD         ACCESS:   84438008 HIT:   83912378 MISS:     525630 MSHR_MERGE:     331948
cpu11->cpu11_DTLB RFO          ACCESS:          0 HIT:          0 MISS:          0 MSHR_MERGE:          0
cpu11->cpu11_DTLB PREFETCH     ACCESS:          0 HIT:          0 MISS:          0 MSHR_MERGE:          0
cpu11->cpu11_DTLB WRITE        ACCESS:          0 HIT:          0 MISS:          0 MSHR_MERGE:          0
cpu11->cpu11_DTLB TRANSLATION  ACCESS:          0 HIT:          0 MISS:          0 MSHR_MERGE:          0
cpu11->cpu11_DTLB PREFETCH REQUESTED:          0 ISSUED:          0 USEFUL:          0 USELESS:          0
cpu11->cpu11_DTLB AVERAGE MISS LATENCY: 116.8 cycles
cpu10->cpu10_STLB TOTAL        ACCESS:     157293 HIT:     153111 MISS:       4182 MSHR_MERGE:          0
cpu10->cpu10_STLB LOAD         ACCESS:     157293 HIT:     153111 MISS:       4182 MSHR_MERGE:          0
cpu10->cpu10_STLB RFO          ACCESS:          0 HIT:          0 MISS:          0 MSHR_MERGE:          0
cpu10->cpu10_STLB PREFETCH     ACCESS:          0 HIT:          0 MISS:          0 MSHR_MERGE:          0
cpu10->cpu10_STLB WRITE        ACCESS:          0 HIT:          0 MISS:          0 MSHR_MERGE:          0
cpu10->cpu10_STLB TRANSLATION  ACCESS:          0 HIT:          0 MISS:          0 MSHR_MERGE:          0
cpu10->cpu10_STLB PREFETCH REQUESTED:          0 ISSUED:          0 USEFUL:          0 USELESS:          0
cpu10->cpu10_STLB AVERAGE MISS LATENCY: 1117 cycles
cpu0->cpu10_L2C TOTAL        ACCESS:          6 HIT:          1 MISS:          5 MSHR_MERGE:          0
cpu0->cpu10_L2C LOAD         ACCESS:          0 HIT:          0 MISS:          0 MSHR_MERGE:          0
cpu0->cpu10_L2C RFO          ACCESS:          0 HIT:          0 MISS:          0 MSHR_MERGE:          0
cpu0->cpu10_L2C PREFETCH     ACCESS:          0 HIT:          0 MISS:          0 MSHR_MERGE:          0
cpu0->cpu10_L2C WRITE        ACCESS:          6 HIT:          1 MISS:          5 MSHR_MERGE:          0
cpu0->cpu10_L2C TRANSLATION  ACCESS:          0 HIT:          0 MISS:          0 MSHR_MERGE:          0
cpu0->cpu10_L2C PREFETCH REQUESTED:   12960043 ISSUED:   12955400 USEFUL:      83983 USELESS:        874
cpu0->cpu10_L2C AVERAGE MISS LATENCY: 2.516e+06 cycles
cpu10->cpu10_L2C TOTAL        ACCESS:   16040950 HIT:   14036241 MISS:    2004709 MSHR_MERGE:       8120
cpu10->cpu10_L2C LOAD         ACCESS:    2333385 HIT:    2190420 MISS:     142965 MSHR_MERGE:         79
cpu10->cpu10_L2C RFO          ACCESS:       7134 HIT:       6944 MISS:        190 MSHR_MERGE:          0
cpu10->cpu10_L2C PREFETCH     ACCESS:   13685395 HIT:   11830013 MISS:    1855382 MSHR_MERGE:       8041
cpu10->cpu10_L2C WRITE        ACCESS:       7246 HIT:       7240 MISS:          6 MSHR_MERGE:          0
cpu10->cpu10_L2C TRANSLATION  ACCESS:       7790 HIT:       1624 MISS:       6166 MSHR_MERGE:          0
cpu10->cpu10_L2C PREFETCH REQUESTED:   12960043 ISSUED:   12955400 USEFUL:      83983 USELESS:        874
cpu10->cpu10_L2C AVERAGE MISS LATENCY: 84.23 cycles
cpu10->cpu10_L1I TOTAL        ACCESS:   68962452 HIT:   68962452 MISS:          0 MSHR_MERGE:          0
cpu10->cpu10_L1I LOAD         ACCESS:   34481273 HIT:   34481273 MISS:          0 MSHR_MERGE:          0
cpu10->cpu10_L1I RFO          ACCESS:          0 HIT:          0 MISS:          0 MSHR_MERGE:          0
cpu10->cpu10_L1I PREFETCH     ACCESS:   34481179 HIT:   34481179 MISS:          0 MSHR_MERGE:          0
cpu10->cpu10_L1I WRITE        ACCESS:          0 HIT:          0 MISS:          0 MSHR_MERGE:          0
cpu10->cpu10_L1I TRANSLATION  ACCESS:          0 HIT:          0 MISS:          0 MSHR_MERGE:          0
cpu10->cpu10_L1I PREFETCH REQUESTED:   34481273 ISSUED:   34481179 USEFUL:          0 USELESS:          0
cpu10->cpu10_L1I AVERAGE MISS LATENCY: - cycles
cpu10->cpu10_L1D TOTAL        ACCESS:  101548404 HIT:   97946669 MISS:    3601735 MSHR_MERGE:     523317
cpu10->cpu10_L1D LOAD         ACCESS:   93984195 HIT:   91163176 MISS:    2821019 MSHR_MERGE:     487632
cpu10->cpu10_L1D RFO          ACCESS:          0 HIT:          0 MISS:          0 MSHR_MERGE:          0
cpu10->cpu10_L1D PREFETCH     ACCESS:    1389681 HIT:     624010 MISS:     765671 MSHR_MERGE:      35676
cpu10->cpu10_L1D WRITE        ACCESS:    6166107 HIT:    6158852 MISS:       7255 MSHR_MERGE:          9
cpu10->cpu10_L1D TRANSLATION  ACCESS:       8421 HIT:        631 MISS:       7790 MSHR_MERGE:          0
cpu10->cpu10_L1D PREFETCH REQUESTED:    1389670 ISSUED:    1389665 USEFUL:     604396 USELESS:     125570
cpu10->cpu10_L1D AVERAGE MISS LATENCY: 15.43 cycles
cpu10->cpu10_ITLB TOTAL        ACCESS:   55458697 HIT:   55458697 MISS:          0 MSHR_MERGE:          0
cpu10->cpu10_ITLB LOAD         ACCESS:   55458697 HIT:   55458697 MISS:          0 MSHR_MERGE:          0
cpu10->cpu10_ITLB RFO          ACCESS:          0 HIT:          0 MISS:          0 MSHR_MERGE:          0
cpu10->cpu10_ITLB PREFETCH     ACCESS:          0 HIT:          0 MISS:          0 MSHR_MERGE:          0
cpu10->cpu10_ITLB WRITE        ACCESS:          0 HIT:          0 MISS:          0 MSHR_MERGE:          0
cpu10->cpu10_ITLB TRANSLATION  ACCESS:          0 HIT:          0 MISS:          0 MSHR_MERGE:          0
cpu10->cpu10_ITLB PREFETCH REQUESTED:          0 ISSUED:          0 USEFUL:          0 USELESS:          0
cpu10->cpu10_ITLB AVERAGE MISS LATENCY: - cycles
cpu10->cpu10_DTLB TOTAL        ACCESS:  100015695 HIT:   99821782 MISS:     193913 MSHR_MERGE:      36620
cpu10->cpu10_DTLB LOAD         ACCESS:  100015695 HIT:   99821782 MISS:     193913 MSHR_MERGE:      36620
cpu10->cpu10_DTLB RFO          ACCESS:          0 HIT:          0 MISS:          0 MSHR_MERGE:          0
cpu10->cpu10_DTLB PREFETCH     ACCESS:          0 HIT:          0 MISS:          0 MSHR_MERGE:          0
cpu10->cpu10_DTLB WRITE        ACCESS:          0 HIT:          0 MISS:          0 MSHR_MERGE:          0
cpu10->cpu10_DTLB TRANSLATION  ACCESS:          0 HIT:          0 MISS:          0 MSHR_MERGE:          0
cpu10->cpu10_DTLB PREFETCH REQUESTED:          0 ISSUED:          0 USEFUL:          0 USELESS:          0
cpu10->cpu10_DTLB AVERAGE MISS LATENCY: 34.73 cycles
cpu0->cpu0_STLB TOTAL        ACCESS:          1 HIT:          0 MISS:          1 MSHR_MERGE:          0
cpu0->cpu0_STLB LOAD         ACCESS:          1 HIT:          0 MISS:          1 MSHR_MERGE:          0
cpu0->cpu0_STLB RFO          ACCESS:          0 HIT:          0 MISS:          0 MSHR_MERGE:          0
cpu0->cpu0_STLB PREFETCH     ACCESS:          0 HIT:          0 MISS:          0 MSHR_MERGE:          0
cpu0->cpu0_STLB WRITE        ACCESS:          0 HIT:          0 MISS:          0 MSHR_MERGE:          0
cpu0->cpu0_STLB TRANSLATION  ACCESS:          0 HIT:          0 MISS:          0 MSHR_MERGE:          0
cpu0->cpu0_STLB PREFETCH REQUESTED:          0 ISSUED:          0 USEFUL:          0 USELESS:          0
cpu0->cpu0_STLB AVERAGE MISS LATENCY: 1482 cycles
cpu0->cpu0_L2C TOTAL        ACCESS:      83821 HIT:      79832 MISS:       3989 MSHR_MERGE:        127
cpu0->cpu0_L2C LOAD         ACCESS:      14361 HIT:      14287 MISS:         74 MSHR_MERGE:          1
cpu0->cpu0_L2C RFO          ACCESS:         21 HIT:          3 MISS:         18 MSHR_MERGE:          0
cpu0->cpu0_L2C PREFETCH     ACCESS:      69176 HIT:      65281 MISS:       3895 MSHR_MERGE:        126
cpu0->cpu0_L2C WRITE        ACCESS:        261 HIT:        261 MISS:          0 MSHR_MERGE:          0
cpu0->cpu0_L2C TRANSLATION  ACCESS:          2 HIT:          0 MISS:          2 MSHR_MERGE:          0
cpu0->cpu0_L2C PREFETCH REQUESTED:      62537 ISSUED:      62432 USEFUL:          9 USELESS:          0
cpu0->cpu0_L2C AVERAGE MISS LATENCY: 300.8 cycles
cpu0->cpu0_L1I TOTAL        ACCESS:  160755721 HIT:  160690482 MISS:      65239 MSHR_MERGE:      44148
cpu0->cpu0_L1I LOAD         ACCESS:   85910347 HIT:   85879282 MISS:      31065 MSHR_MERGE:      16714
cpu0->cpu0_L1I RFO          ACCESS:          0 HIT:          0 MISS:          0 MSHR_MERGE:          0
cpu0->cpu0_L1I PREFETCH     ACCESS:   74845374 HIT:   74811200 MISS:      34174 MSHR_MERGE:      27434
cpu0->cpu0_L1I WRITE        ACCESS:          0 HIT:          0 MISS:          0 MSHR_MERGE:          0
cpu0->cpu0_L1I TRANSLATION  ACCESS:          0 HIT:          0 MISS:          0 MSHR_MERGE:          0
cpu0->cpu0_L1I PREFETCH REQUESTED:   85910347 ISSUED:   74845350 USEFUL:       5805 USELESS:        925
cpu0->cpu0_L1I AVERAGE MISS LATENCY: 10.23 cycles
cpu0->cpu0_L1D TOTAL        ACCESS:  216498166 HIT:  216497891 MISS:        275 MSHR_MERGE:        238
cpu0->cpu0_L1D LOAD         ACCESS:   84556780 HIT:   84556733 MISS:         47 MSHR_MERGE:         37
cpu0->cpu0_L1D RFO          ACCESS:          0 HIT:          0 MISS:          0 MSHR_MERGE:          0
cpu0->cpu0_L1D PREFETCH     ACCESS:   16724817 HIT:   16724813 MISS:          4 MSHR_MERGE:          0
cpu0->cpu0_L1D WRITE        ACCESS:  115216567 HIT:  115216345 MISS:        222 MSHR_MERGE:        201
cpu0->cpu0_L1D TRANSLATION  ACCESS:          2 HIT:          0 MISS:          2 MSHR_MERGE:          0
cpu0->cpu0_L1D PREFETCH REQUESTED:   18195856 ISSUED:   16724804 USEFUL:          1 USELESS:          0
cpu0->cpu0_L1D AVERAGE MISS LATENCY: 431.5 cycles
cpu0_L1D FLUSH STALL CYCLES: 197
cpu0->cpu0_ITLB TOTAL        ACCESS:  111397330 HIT:  111397330 MISS:          0 MSHR_MERGE:          0
cpu0->cpu0_ITLB LOAD         ACCESS:  111397330 HIT:  111397330 MISS:          0 MSHR_MERGE:          0
cpu0->cpu0_ITLB RFO          ACCESS:          0 HIT:          0 MISS:          0 MSHR_MERGE:          0
cpu0->cpu0_ITLB PREFETCH     ACCESS:          0 HIT:          0 MISS:          0 MSHR_MERGE:          0
cpu0->cpu0_ITLB WRITE        ACCESS:          0 HIT:          0 MISS:          0 MSHR_MERGE:          0
cpu0->cpu0_ITLB TRANSLATION  ACCESS:          0 HIT:          0 MISS:          0 MSHR_MERGE:          0
cpu0->cpu0_ITLB PREFETCH REQUESTED:          0 ISSUED:          0 USEFUL:          0 USELESS:          0
cpu0->cpu0_ITLB AVERAGE MISS LATENCY: - cycles
cpu0->cpu0_DTLB TOTAL        ACCESS:  169635008 HIT:  169635007 MISS:          1 MSHR_MERGE:          0
cpu0->cpu0_DTLB LOAD         ACCESS:  169635008 HIT:  169635007 MISS:          1 MSHR_MERGE:          0
cpu0->cpu0_DTLB RFO          ACCESS:          0 HIT:          0 MISS:          0 MSHR_MERGE:          0
cpu0->cpu0_DTLB PREFETCH     ACCESS:          0 HIT:          0 MISS:          0 MSHR_MERGE:          0
cpu0->cpu0_DTLB WRITE        ACCESS:          0 HIT:          0 MISS:          0 MSHR_MERGE:          0
cpu0->cpu0_DTLB TRANSLATION  ACCESS:          0 HIT:          0 MISS:          0 MSHR_MERGE:          0
cpu0->cpu0_DTLB PREFETCH REQUESTED:          0 ISSUED:          0 USEFUL:          0 USELESS:          0
cpu0->cpu0_DTLB AVERAGE MISS LATENCY: 1488 cycles
cpu0->LLC TOTAL        ACCESS:     531887 HIT:      34856 MISS:     497031 MSHR_MERGE:        750
cpu0->LLC LOAD         ACCESS:         73 HIT:         27 MISS:         46 MSHR_MERGE:          6
cpu0->LLC RFO          ACCESS:         18 HIT:          0 MISS:         18 MSHR_MERGE:          0
cpu0->LLC PREFETCH     ACCESS:       3022 HIT:       1393 MISS:       1629 MSHR_MERGE:        744
cpu0->LLC WRITE        ACCESS:     528772 HIT:      33436 MISS:     495336 MSHR_MERGE:          0
cpu0->LLC TRANSLATION  ACCESS:          2 HIT:          0 MISS:          2 MSHR_MERGE:          0
cpu0->LLC PREFETCH REQUESTED:          0 ISSUED:          0 USEFUL:          0 USELESS:          0
cpu0->LLC AVERAGE MISS LATENCY: 1.071e+04 cycles
cpu1->LLC TOTAL        ACCESS:       7152 HIT:       3469 MISS:       3683 MSHR_MERGE:       1449
cpu1->LLC LOAD         ACCESS:        569 HIT:        150 MISS:        419 MSHR_MERGE:         66
cpu1->LLC RFO          ACCESS:         60 HIT:          0 MISS:         60 MSHR_MERGE:          0
cpu1->LLC PREFETCH     ACCESS:       6461 HIT:       3319 MISS:       3142 MSHR_MERGE:       1383
cpu1->LLC WRITE        ACCESS:          0 HIT:          0 MISS:          0 MSHR_MERGE:          0
cpu1->LLC TRANSLATION  ACCESS:         62 HIT:          0 MISS:         62 MSHR_MERGE:          0
cpu1->LLC PREFETCH REQUESTED:          0 ISSUED:          0 USEFUL:          0 USELESS:          0
cpu1->LLC AVERAGE MISS LATENCY: 9.806e+06 cycles
cpu2->LLC TOTAL        ACCESS:    4471414 HIT:    3462092 MISS:    1009322 MSHR_MERGE:       6646
cpu2->LLC LOAD         ACCESS:      97773 HIT:      64023 MISS:      33750 MSHR_MERGE:        673
cpu2->LLC RFO          ACCESS:     386136 HIT:      10648 MISS:     375488 MSHR_MERGE:       2849
cpu2->LLC PREFETCH     ACCESS:    3511248 HIT:    3348309 MISS:     162939 MSHR_MERGE:       3124
cpu2->LLC WRITE        ACCESS:     421236 HIT:      32671 MISS:     388565 MSHR_MERGE:          0
cpu2->LLC TRANSLATION  ACCESS:      55021 HIT:       6441 MISS:      48580 MSHR_MERGE:          0
cpu2->LLC PREFETCH REQUESTED:          0 ISSUED:          0 USEFUL:          0 USELESS:          0
cpu2->LLC AVERAGE MISS LATENCY: 6268 cycles
cpu3->LLC TOTAL        ACCESS:     215436 HIT:     100427 MISS:     115009 MSHR_MERGE:       3589
cpu3->LLC LOAD         ACCESS:      55785 HIT:      12225 MISS:      43560 MSHR_MERGE:       1903
cpu3->LLC RFO          ACCESS:       6928 HIT:        287 MISS:       6641 MSHR_MERGE:         50
cpu3->LLC PREFETCH     ACCESS:     139543 HIT:      86975 MISS:      52568 MSHR_MERGE:       1636
cpu3->LLC WRITE        ACCESS:       3650 HIT:        924 MISS:       2726 MSHR_MERGE:          0
cpu3->LLC TRANSLATION  ACCESS:       9530 HIT:         16 MISS:       9514 MSHR_MERGE:          0
cpu3->LLC PREFETCH REQUESTED:          0 ISSUED:          0 USEFUL:          0 USELESS:          0
cpu3->LLC AVERAGE MISS LATENCY: 8.496e+04 cycles
cpu4->LLC TOTAL        ACCESS:    2442666 HIT:    1231919 MISS:    1210747 MSHR_MERGE:     276790
cpu4->LLC LOAD         ACCESS:     352030 HIT:     199185 MISS:     152845 MSHR_MERGE:      46512
cpu4->LLC RFO          ACCESS:     269994 HIT:       9124 MISS:     260870 MSHR_MERGE:        690
cpu4->LLC PREFETCH     ACCESS:    1504115 HIT:     955648 MISS:     548467 MSHR_MERGE:     229588
cpu4->LLC WRITE        ACCESS:     298282 HIT:      67826 MISS:     230456 MSHR_MERGE:          0
cpu4->LLC TRANSLATION  ACCESS:      18245 HIT:        136 MISS:      18109 MSHR_MERGE:          0
cpu4->LLC PREFETCH REQUESTED:          0 ISSUED:          0 USEFUL:          0 USELESS:          0
cpu4->LLC AVERAGE MISS LATENCY: 8010 cycles
cpu5->LLC TOTAL        ACCESS:    1932661 HIT:     964247 MISS:     968414 MSHR_MERGE:     215072
cpu5->LLC LOAD         ACCESS:     293258 HIT:     152367 MISS:     140891 MSHR_MERGE:      39052
cpu5->LLC RFO          ACCESS:     203753 HIT:       3868 MISS:     199885 MSHR_MERGE:        357
cpu5->LLC PREFETCH     ACCESS:    1212757 HIT:     762921 MISS:     449836 MSHR_MERGE:     175663
cpu5->LLC WRITE        ACCESS:     208043 HIT:      45008 MISS:     163035 MSHR_MERGE:          0
cpu5->LLC TRANSLATION  ACCESS:      14850 HIT:         83 MISS:      14767 MSHR_MERGE:          0
cpu5->LLC PREFETCH REQUESTED:          0 ISSUED:          0 USEFUL:          0 USELESS:          0
cpu5->LLC AVERAGE MISS LATENCY: 1.023e+04 cycles
cpu6->LLC TOTAL        ACCESS:    3326791 HIT:    2582902 MISS:     743889 MSHR_MERGE:       7720
cpu6->LLC LOAD         ACCESS:      60570 HIT:      29812 MISS:      30758 MSHR_MERGE:       1094
cpu6->LLC RFO          ACCESS:     280162 HIT:      20622 MISS:     259540 MSHR_MERGE:       3312
cpu6->LLC PREFETCH     ACCESS:    2657095 HIT:    2501600 MISS:     155495 MSHR_MERGE:       3314
cpu6->LLC WRITE        ACCESS:     317004 HIT:      30696 MISS:     286308 MSHR_MERGE:          0
cpu6->LLC TRANSLATION  ACCESS:      11960 HIT:        172 MISS:      11788 MSHR_MERGE:          0
cpu6->LLC PREFETCH REQUESTED:          0 ISSUED:          0 USEFUL:          0 USELESS:          0
cpu6->LLC AVERAGE MISS LATENCY: 9016 cycles
cpu7->LLC TOTAL        ACCESS:    1718701 HIT:     901160 MISS:     817541 MSHR_MERGE:     436560
cpu7->LLC LOAD         ACCESS:      59569 HIT:      42670 MISS:      16899 MSHR_MERGE:       7589
cpu7->LLC RFO          ACCESS:     114260 HIT:       4267 MISS:     109993 MSHR_MERGE:          0
cpu7->LLC PREFETCH     ACCESS:    1432551 HIT:     833171 MISS:     599380 MSHR_MERGE:     428971
cpu7->LLC WRITE        ACCESS:     105374 HIT:      21051 MISS:      84323 MSHR_MERGE:          0
cpu7->LLC TRANSLATION  ACCESS:       6947 HIT:          1 MISS:       6946 MSHR_MERGE:          0
cpu7->LLC PREFETCH REQUESTED:          0 ISSUED:          0 USEFUL:          0 USELESS:          0
cpu7->LLC AVERAGE MISS LATENCY: 2.432e+04 cycles
cpu8->LLC TOTAL        ACCESS:    8860729 HIT:    5042694 MISS:    3818035 MSHR_MERGE:    1959177
cpu8->LLC LOAD         ACCESS:     315788 HIT:     250312 MISS:      65476 MSHR_MERGE:      22099
cpu8->LLC RFO          ACCESS:     498865 HIT:      17935 MISS:     480930 MSHR_MERGE:          0
cpu8->LLC PREFETCH     ACCESS:    7512480 HIT:    4621687 MISS:    2890793 MSHR_MERGE:    1937078
cpu8->LLC WRITE        ACCESS:     491318 HIT:     152616 MISS:     338702 MSHR_MERGE:          0
cpu8->LLC TRANSLATION  ACCESS:      42278 HIT:        144 MISS:      42134 MSHR_MERGE:          0
cpu8->LLC PREFETCH REQUESTED:          0 ISSUED:          0 USEFUL:          0 USELESS:          0
cpu8->LLC AVERAGE MISS LATENCY: 5721 cycles
cpu9->LLC TOTAL        ACCESS:    2403901 HIT:    1189541 MISS:    1214360 MSHR_MERGE:     279312
cpu9->LLC LOAD         ACCESS:     341431 HIT:     187659 MISS:     153772 MSHR_MERGE:      47022
cpu9->LLC RFO          ACCESS:     270080 HIT:       9174 MISS:     260906 MSHR_MERGE:        732
cpu9->LLC PREFETCH     ACCESS:    1476287 HIT:     924486 MISS:     551801 MSHR_MERGE:     231558
cpu9->LLC WRITE        ACCESS:     297796 HIT:      68097 MISS:     229699 MSHR_MERGE:          0
cpu9->LLC TRANSLATION  ACCESS:      18307 HIT:        125 MISS:      18182 MSHR_MERGE:          0
cpu9->LLC PREFETCH REQUESTED:          0 ISSUED:          0 USEFUL:          0 USELESS:          0
cpu9->LLC AVERAGE MISS LATENCY: 8007 cycles
cpu10->LLC TOTAL        ACCESS:    1450381 HIT:    1160217 MISS:     290164 MSHR_MERGE:      37477
cpu10->LLC LOAD         ACCESS:     142886 HIT:     130847 MISS:      12039 MSHR_MERGE:        608
cpu10->LLC RFO          ACCESS:        190 HIT:          0 MISS:        190 MSHR_MERGE:          0
cpu10->LLC PREFETCH     ACCESS:    1300954 HIT:    1029311 MISS:     271643 MSHR_MERGE:      36869
cpu10->LLC WRITE        ACCESS:        185 HIT:          1 MISS:        184 MSHR_MERGE:          0
cpu10->LLC TRANSLATION  ACCESS:       6166 HIT:         58 MISS:       6108 MSHR_MERGE:          0
cpu10->LLC PREFETCH REQUESTED:          0 ISSUED:          0 USEFUL:          0 USELESS:          0
cpu10->LLC AVERAGE MISS LATENCY: 2.864e+05 cycles
cpu11->LLC TOTAL        ACCESS:    8799619 HIT:    4873251 MISS:    3926368 MSHR_MERGE:    1912562
cpu11->LLC LOAD         ACCESS:     665142 HIT:     516783 MISS:     148359 MSHR_MERGE:      90516
cpu11->LLC RFO          ACCESS:     672493 HIT:      64959 MISS:     607534 MSHR_MERGE:          6
cpu11->LLC PREFETCH     ACCESS:    6563142 HIT:    3944620 MISS:    2618522 MSHR_MERGE:    1822040
cpu11->LLC WRITE        ACCESS:     863215 HIT:     343213 MISS:     520002 MSHR_MERGE:          0
cpu11->LLC TRANSLATION  ACCESS:      35627 HIT:       3676 MISS:      31951 MSHR_MERGE:          0
cpu11->LLC PREFETCH REQUESTED:          0 ISSUED:          0 USEFUL:          0 USELESS:          0
cpu11->LLC AVERAGE MISS LATENCY: 4056 cycles
cpu12->LLC TOTAL        ACCESS:   23157540 HIT:   14826747 MISS:    8330793 MSHR_MERGE:    4472116
cpu12->LLC LOAD         ACCESS:    1063435 HIT:     877540 MISS:     185895 MSHR_MERGE:      19137
cpu12->LLC RFO          ACCESS:     227556 HIT:     113849 MISS:     113707 MSHR_MERGE:          0
cpu12->LLC PREFETCH     ACCESS:   21435696 HIT:   13617549 MISS:    7818147 MSHR_MERGE:    4452979
cpu12->LLC WRITE        ACCESS:     257998 HIT:     156114 MISS:     101884 MSHR_MERGE:          0
cpu12->LLC TRANSLATION  ACCESS:     172855 HIT:      61695 MISS:     111160 MSHR_MERGE:          0
cpu12->LLC PREFETCH REQUESTED:          0 ISSUED:          0 USEFUL:          0 USELESS:          0
cpu12->LLC AVERAGE MISS LATENCY: 1.035e+04 cycles
cpu13->LLC TOTAL        ACCESS:     860357 HIT:     723967 MISS:     136390 MSHR_MERGE:       5293
cpu13->LLC LOAD         ACCESS:      14244 HIT:      12632 MISS:       1612 MSHR_MERGE:          1
cpu13->LLC RFO          ACCESS:          0 HIT:          0 MISS:          0 MSHR_MERGE:          0
cpu13->LLC PREFETCH     ACCESS:     783370 HIT:     699633 MISS:      83737 MSHR_MERGE:       5292
cpu13->LLC WRITE        ACCESS:      61352 HIT:      11702 MISS:      49650 MSHR_MERGE:          0
cpu13->LLC TRANSLATION  ACCESS:       1391 HIT:          0 MISS:       1391 MSHR_MERGE:          0
cpu13->LLC PREFETCH REQUESTED:          0 ISSUED:          0 USEFUL:          0 USELESS:          0
cpu13->LLC AVERAGE MISS LATENCY: 1.008e+05 cycles
cpu14->LLC TOTAL        ACCESS:    1930805 HIT:     961518 MISS:     969287 MSHR_MERGE:     214882
cpu14->LLC LOAD         ACCESS:     296645 HIT:     156746 MISS:     139899 MSHR_MERGE:      38980
cpu14->LLC RFO          ACCESS:     204438 HIT:       3825 MISS:     200613 MSHR_MERGE:        378
cpu14->LLC PREFETCH     ACCESS:    1206029 HIT:     756332 MISS:     449697 MSHR_MERGE:     175524
cpu14->LLC WRITE        ACCESS:     208786 HIT:      44535 MISS:     164251 MSHR_MERGE:          0
cpu14->LLC TRANSLATION  ACCESS:      14907 HIT:         80 MISS:      14827 MSHR_MERGE:          0
cpu14->LLC PREFETCH REQUESTED:          0 ISSUED:          0 USEFUL:          0 USELESS:          0
cpu14->LLC AVERAGE MISS LATENCY: 1.021e+04 cycles
cpu15->LLC TOTAL        ACCESS:    4338649 HIT:    3621844 MISS:     716805 MSHR_MERGE:       5685
cpu15->LLC LOAD         ACCESS:      73134 HIT:      36993 MISS:      36141 MSHR_MERGE:        665
cpu15->LLC RFO          ACCESS:     218467 HIT:       7502 MISS:     210965 MSHR_MERGE:       2428
cpu15->LLC PREFETCH     ACCESS:    3714900 HIT:    3543497 MISS:     171403 MSHR_MERGE:       2592
cpu15->LLC WRITE        ACCESS:     245241 HIT:      16198 MISS:     229043 MSHR_MERGE:          0
cpu15->LLC TRANSLATION  ACCESS:      86907 HIT:      17654 MISS:      69253 MSHR_MERGE:          0
cpu15->LLC PREFETCH REQUESTED:          0 ISSUED:          0 USEFUL:          0 USELESS:          0
cpu15->LLC AVERAGE MISS LATENCY: 9727 cycles
cpu16->LLC TOTAL        ACCESS:     186019 HIT:      66392 MISS:     119627 MSHR_MERGE:      36909
cpu16->LLC LOAD         ACCESS:      15363 HIT:       7098 MISS:       8265 MSHR_MERGE:       1289
cpu16->LLC RFO          ACCESS:      32153 HIT:        347 MISS:      31806 MSHR_MERGE:         27
cpu16->LLC PREFETCH     ACCESS:     123904 HIT:      53796 MISS:      70108 MSHR_MERGE:      35593
cpu16->LLC WRITE        ACCESS:      12934 HIT:       5149 MISS:       7785 MSHR_MERGE:          0
cpu16->LLC TRANSLATION  ACCESS:       1665 HIT:          2 MISS:       1663 MSHR_MERGE:          0
cpu16->LLC PREFETCH REQUESTED:          0 ISSUED:          0 USEFUL:          0 USELESS:          0
cpu16->LLC AVERAGE MISS LATENCY: 1.071e+05 cycles
cpu17->LLC TOTAL        ACCESS:    1913772 HIT:     940240 MISS:     973532 MSHR_MERGE:     215038
cpu17->LLC LOAD         ACCESS:     285415 HIT:     145211 MISS:     140204 MSHR_MERGE:      38837
cpu17->LLC RFO          ACCESS:     204857 HIT:       3933 MISS:     200924 MSHR_MERGE:        366
cpu17->LLC PREFETCH     ACCESS:    1199102 HIT:     747555 MISS:     451547 MSHR_MERGE:     175835
cpu17->LLC WRITE        ACCESS:     209428 HIT:      43450 MISS:     165978 MSHR_MERGE:          0
cpu17->LLC TRANSLATION  ACCESS:      14970 HIT:         91 MISS:      14879 MSHR_MERGE:          0
cpu17->LLC PREFETCH REQUESTED:          0 ISSUED:          0 USEFUL:          0 USELESS:          0
cpu17->LLC AVERAGE MISS LATENCY: 1.016e+04 cycles
cpu18->LLC TOTAL        ACCESS:      34389 HIT:      18204 MISS:      16185 MSHR_MERGE:       1357
cpu18->LLC LOAD         ACCESS:       1056 HIT:         34 MISS:       1022 MSHR_MERGE:          1
cpu18->LLC RFO          ACCESS:        789 HIT:         95 MISS:        694 MSHR_MERGE:         22
cpu18->LLC PREFETCH     ACCESS:      31975 HIT:      18075 MISS:      13900 MSHR_MERGE:       1334
cpu18->LLC WRITE        ACCESS:          0 HIT:          0 MISS:          0 MSHR_MERGE:          0
cpu18->LLC TRANSLATION  ACCESS:        569 HIT:          0 MISS:        569 MSHR_MERGE:          0
cpu18->LLC PREFETCH REQUESTED:          0 ISSUED:          0 USEFUL:          0 USELESS:          0
cpu18->LLC AVERAGE MISS LATENCY: 2.322e+06 cycles
cpu19->LLC TOTAL        ACCESS:    4835980 HIT:    2605452 MISS:    2230528 MSHR_MERGE:    1242462
cpu19->LLC LOAD         ACCESS:     168783 HIT:     123061 MISS:      45722 MSHR_MERGE:      21067
cpu19->LLC RFO          ACCESS:     315084 HIT:      40687 MISS:     274397 MSHR_MERGE:          0
cpu19->LLC PREFETCH     ACCESS:    4020018 HIT:    2348989 MISS:    1671029 MSHR_MERGE:    1221395
cpu19->LLC WRITE        ACCESS:     313135 HIT:      92709 MISS:     220426 MSHR_MERGE:          0
cpu19->LLC TRANSLATION  ACCESS:      18960 HIT:          6 MISS:      18954 MSHR_MERGE:          0
cpu19->LLC PREFETCH REQUESTED:          0 ISSUED:          0 USEFUL:          0 USELESS:          0
cpu19->LLC AVERAGE MISS LATENCY: 9482 cycles
cpu20->LLC TOTAL        ACCESS:     288351 HIT:      25431 MISS:     262920 MSHR_MERGE:       1197
cpu20->LLC LOAD         ACCESS:      76363 HIT:       1983 MISS:      74380 MSHR_MERGE:        655
cpu20->LLC RFO          ACCESS:        954 HIT:        225 MISS:        729 MSHR_MERGE:         53
cpu20->LLC PREFETCH     ACCESS:      70286 HIT:      21635 MISS:      48651 MSHR_MERGE:        489
cpu20->LLC WRITE        ACCESS:      36868 HIT:       1385 MISS:      35483 MSHR_MERGE:          0
cpu20->LLC TRANSLATION  ACCESS:     103880 HIT:        203 MISS:     103677 MSHR_MERGE:          0
cpu20->LLC PREFETCH REQUESTED:          0 ISSUED:          0 USEFUL:          0 USELESS:          0
cpu20->LLC AVERAGE MISS LATENCY: 2.476e+04 cycles
cpu21->LLC TOTAL        ACCESS:    3393851 HIT:    2646566 MISS:     747285 MSHR_MERGE:       7909
cpu21->LLC LOAD         ACCESS:      62481 HIT:      31837 MISS:      30644 MSHR_MERGE:       1072
cpu21->LLC RFO          ACCESS:     281994 HIT:      21477 MISS:     260517 MSHR_MERGE:       3414
cpu21->LLC PREFETCH     ACCESS:    2718014 HIT:    2560934 MISS:     157080 MSHR_MERGE:       3423
cpu21->LLC WRITE        ACCESS:     319335 HIT:      32107 MISS:     287228 MSHR_MERGE:          0
cpu21->LLC TRANSLATION  ACCESS:      12027 HIT:        211 MISS:      11816 MSHR_MERGE:          0
cpu21->LLC PREFETCH REQUESTED:          0 ISSUED:          0 USEFUL:          0 USELESS:          0
cpu21->LLC AVERAGE MISS LATENCY: 8988 cycles
cpu22->LLC TOTAL        ACCESS:    2659949 HIT:    2325894 MISS:     334055 MSHR_MERGE:      92245
cpu22->LLC LOAD         ACCESS:       5648 HIT:       1900 MISS:       3748 MSHR_MERGE:          1
cpu22->LLC RFO          ACCESS:          0 HIT:          0 MISS:          0 MSHR_MERGE:          0
cpu22->LLC PREFETCH     ACCESS:    2650128 HIT:    2323994 MISS:     326134 MSHR_MERGE:      92244
cpu22->LLC WRITE        ACCESS:          0 HIT:          0 MISS:          0 MSHR_MERGE:          0
cpu22->LLC TRANSLATION  ACCESS:       4173 HIT:          0 MISS:       4173 MSHR_MERGE:          0
cpu22->LLC PREFETCH REQUESTED:          0 ISSUED:          0 USEFUL:          0 USELESS:          0
cpu22->LLC AVERAGE MISS LATENCY: 6.697e+05 cycles
cpu23->LLC TOTAL        ACCESS:      27012 HIT:      13144 MISS:      13868 MSHR_MERGE:         38
cpu23->LLC LOAD         ACCESS:       2186 HIT:         29 MISS:       2157 MSHR_MERGE:          5
cpu23->LLC RFO          ACCESS:         54 HIT:          3 MISS:         51 MSHR_MERGE:          1
cpu23->LLC PREFETCH     ACCESS:      23323 HIT:      13104 MISS:      10219 MSHR_MERGE:         32
cpu23->LLC WRITE        ACCESS:        598 HIT:          8 MISS:        590 MSHR_MERGE:          0
cpu23->LLC TRANSLATION  ACCESS:        851 HIT:          0 MISS:        851 MSHR_MERGE:          0
cpu23->LLC PREFETCH REQUESTED:          0 ISSUED:          0 USEFUL:          0 USELESS:          0
cpu23->LLC AVERAGE MISS LATENCY: 1.454e+06 cycles
cpu24->LLC TOTAL        ACCESS:     192287 HIT:      17592 MISS:     174695 MSHR_MERGE:       1980
cpu24->LLC LOAD         ACCESS:        605 HIT:        227 MISS:        378 MSHR_MERGE:         28
cpu24->LLC RFO          ACCESS:      88144 HIT:        111 MISS:      88033 MSHR_MERGE:          8
cpu24->LLC PREFETCH     ACCESS:      17062 HIT:       5623 MISS:      11439 MSHR_MERGE:       1944
cpu24->LLC WRITE        ACCESS:      84718 HIT:      11629 MISS:      73089 MSHR_MERGE:          0
cpu24->LLC TRANSLATION  ACCESS:       1758 HIT:          2 MISS:       1756 MSHR_MERGE:          0
cpu24->LLC PREFETCH REQUESTED:          0 ISSUED:          0 USEFUL:          0 USELESS:          0
cpu24->LLC AVERAGE MISS LATENCY: 3.25e+04 cycles
cpu25->LLC TOTAL        ACCESS:     735171 HIT:     296339 MISS:     438832 MSHR_MERGE:      13997
cpu25->LLC LOAD         ACCESS:     234311 HIT:      63080 MISS:     171231 MSHR_MERGE:       9712
cpu25->LLC RFO          ACCESS:      11066 HIT:       1041 MISS:      10025 MSHR_MERGE:        125
cpu25->LLC PREFETCH     ACCESS:     419794 HIT:     229403 MISS:     190391 MSHR_MERGE:       4160
cpu25->LLC WRITE        ACCESS:      23992 HIT:       2643 MISS:      21349 MSHR_MERGE:          0
cpu25->LLC TRANSLATION  ACCESS:      46008 HIT:        172 MISS:      45836 MSHR_MERGE:          0
cpu25->LLC PREFETCH REQUESTED:          0 ISSUED:          0 USEFUL:          0 USELESS:          0
cpu25->LLC AVERAGE MISS LATENCY: 2.135e+04 cycles
cpu26->LLC TOTAL        ACCESS:   13989248 HIT:   11554133 MISS:    2435115 MSHR_MERGE:      11907
cpu26->LLC LOAD         ACCESS:    7550658 HIT:    7031035 MISS:     519623 MSHR_MERGE:       6295
cpu26->LLC RFO          ACCESS:     121343 HIT:     120981 MISS:        362 MSHR_MERGE:          0
cpu26->LLC PREFETCH     ACCESS:    5958652 HIT:    4125439 MISS:    1833213 MSHR_MERGE:       5612
cpu26->LLC WRITE        ACCESS:     298740 HIT:     265737 MISS:      33003 MSHR_MERGE:          0
cpu26->LLC TRANSLATION  ACCESS:      59855 HIT:      10941 MISS:      48914 MSHR_MERGE:          0
cpu26->LLC PREFETCH REQUESTED:          0 ISSUED:          0 USEFUL:          0 USELESS:          0
cpu26->LLC AVERAGE MISS LATENCY: 8814 cycles
cpu27->LLC TOTAL        ACCESS:     399744 HIT:     323882 MISS:      75862 MSHR_MERGE:       1523
cpu27->LLC LOAD         ACCESS:      36768 HIT:      32194 MISS:       4574 MSHR_MERGE:         75
cpu27->LLC RFO          ACCESS:          1 HIT:          0 MISS:          1 MSHR_MERGE:          0
cpu27->LLC PREFETCH     ACCESS:     358670 HIT:     291681 MISS:      66989 MSHR_MERGE:       1448
cpu27->LLC WRITE        ACCESS:        504 HIT:          0 MISS:        504 MSHR_MERGE:          0
cpu27->LLC TRANSLATION  ACCESS:       3801 HIT:          7 MISS:       3794 MSHR_MERGE:          0
cpu27->LLC PREFETCH REQUESTED:          0 ISSUED:          0 USEFUL:          0 USELESS:          0
cpu27->LLC AVERAGE MISS LATENCY: 5.979e+05 cycles
cpu28->LLC TOTAL        ACCESS:       6906 HIT:       3278 MISS:       3628 MSHR_MERGE:       1405
cpu28->LLC LOAD         ACCESS:        565 HIT:        138 MISS:        427 MSHR_MERGE:         72
cpu28->LLC RFO          ACCESS:         60 HIT:          0 MISS:         60 MSHR_MERGE:          0
cpu28->LLC PREFETCH     ACCESS:       6219 HIT:       3140 MISS:       3079 MSHR_MERGE:       1333
cpu28->LLC WRITE        ACCESS:          0 HIT:          0 MISS:          0 MSHR_MERGE:          0
cpu28->LLC TRANSLATION  ACCESS:         62 HIT:          0 MISS:         62 MSHR_MERGE:          0
cpu28->LLC PREFETCH REQUESTED:          0 ISSUED:          0 USEFUL:          0 USELESS:          0
cpu28->LLC AVERAGE MISS LATENCY: 9.663e+06 cycles
cpu29->LLC TOTAL        ACCESS:    8345919 HIT:    8267560 MISS:      78359 MSHR_MERGE:      16509
cpu29->LLC LOAD         ACCESS:       1787 HIT:        981 MISS:        806 MSHR_MERGE:        110
cpu29->LLC RFO          ACCESS:        323 HIT:          0 MISS:        323 MSHR_MERGE:          0
cpu29->LLC PREFETCH     ACCESS:    8342548 HIT:    8266579 MISS:      75969 MSHR_MERGE:      16399
cpu29->LLC WRITE        ACCESS:         97 HIT:          0 MISS:         97 MSHR_MERGE:          0
cpu29->LLC TRANSLATION  ACCESS:       1164 HIT:          0 MISS:       1164 MSHR_MERGE:          0
cpu29->LLC PREFETCH REQUESTED:          0 ISSUED:          0 USEFUL:          0 USELESS:          0
cpu29->LLC AVERAGE MISS LATENCY: 2.22e+06 cycles
cpu30->LLC TOTAL        ACCESS:     398095 HIT:      59303 MISS:     338792 MSHR_MERGE:       7015
cpu30->LLC LOAD         ACCESS:       1017 HIT:        288 MISS:        729 MSHR_MERGE:        100
cpu30->LLC RFO          ACCESS:     175522 HIT:        247 MISS:     175275 MSHR_MERGE:          3
cpu30->LLC PREFETCH     ACCESS:      37910 HIT:      12311 MISS:      25599 MSHR_MERGE:       6912
cpu30->LLC WRITE        ACCESS:     180162 HIT:      46436 MISS:     133726 MSHR_MERGE:          0
cpu30->LLC TRANSLATION  ACCESS:       3484 HIT:         21 MISS:       3463 MSHR_MERGE:          0
cpu30->LLC PREFETCH REQUESTED:          0 ISSUED:          0 USEFUL:          0 USELESS:          0
cpu30->LLC AVERAGE MISS LATENCY: 1.694e+04 cycles
cpu31->LLC TOTAL        ACCESS:    8764222 HIT:    4865135 MISS:    3899087 MSHR_MERGE:    1893432
cpu31->LLC LOAD         ACCESS:     669591 HIT:     521722 MISS:     147869 MSHR_MERGE:      90082
cpu31->LLC RFO          ACCESS:     661246 HIT:      53556 MISS:     607690 MSHR_MERGE:          0
cpu31->LLC PREFETCH     ACCESS:    6544014 HIT:    3950252 MISS:    2593762 MSHR_MERGE:    1803350
cpu31->LLC WRITE        ACCESS:     853780 HIT:     335860 MISS:     517920 MSHR_MERGE:          0
cpu31->LLC TRANSLATION  ACCESS:      35591 HIT:       3745 MISS:      31846 MSHR_MERGE:          0
cpu31->LLC PREFETCH REQUESTED:          0 ISSUED:          0 USEFUL:          0 USELESS:          0
cpu31->LLC AVERAGE MISS LATENCY: 4064 cycles

Region of Interest Statistics

CPU 9 cumulative IPC: 4.277 instructions: 200000002 cycles: 46760078
CPU 9 Branch Prediction Accuracy: 99.55% MPKI: 0.1875 Average ROB Occupancy at Mispredict: 146.5
Branch type MPKI
BRANCH_DIRECT_JUMP: 5e-05
BRANCH_INDIRECT: 0
BRANCH_CONDITIONAL: 0.1176
BRANCH_DIRECT_CALL: 4e-05
BRANCH_INDIRECT_CALL: 0.00633
BRANCH_RETURN: 0.06352


CPU 8 cumulative IPC: 1.127 instructions: 200000007 cycles: 177423241
CPU 8 Branch Prediction Accuracy: 86.38% MPKI: 14.89 Average ROB Occupancy at Mispredict: 38.02
Branch type MPKI
BRANCH_DIRECT_JUMP: 0
BRANCH_INDIRECT: 0
BRANCH_CONDITIONAL: 7.458
BRANCH_DIRECT_CALL: 0
BRANCH_INDIRECT_CALL: 0
BRANCH_RETURN: 7.433


CPU 7 cumulative IPC: 2.677 instructions: 200000006 cycles: 74698407
CPU 7 Branch Prediction Accuracy: 97.12% MPKI: 4.732 Average ROB Occupancy at Mispredict: 85.4
Branch type MPKI
BRANCH_DIRECT_JUMP: 0.155
BRANCH_INDIRECT: 0
BRANCH_CONDITIONAL: 3.374
BRANCH_DIRECT_CALL: 0
BRANCH_INDIRECT_CALL: 0
BRANCH_RETURN: 1.203


CPU 6 cumulative IPC: 1.263 instructions: 200000004 cycles: 158373775
CPU 6 Branch Prediction Accuracy: 97.76% MPKI: 6.408 Average ROB Occupancy at Mispredict: 51.58
Branch type MPKI
BRANCH_DIRECT_JUMP: 0.1294
BRANCH_INDIRECT: 0.3993
BRANCH_CONDITIONAL: 3.74
BRANCH_DIRECT_CALL: 0.00068
BRANCH_INDIRECT_CALL: 0.4456
BRANCH_RETURN: 1.693


CPU 5 cumulative IPC: 4.46 instructions: 200000002 cycles: 44838205
CPU 5 Branch Prediction Accuracy: 99.73% MPKI: 0.1124 Average ROB Occupancy at Mispredict: 136.3
Branch type MPKI
BRANCH_DIRECT_JUMP: 2e-05
BRANCH_INDIRECT: 0
BRANCH_CONDITIONAL: 0.07584
BRANCH_DIRECT_CALL: 3.5e-05
BRANCH_INDIRECT_CALL: 0.0011
BRANCH_RETURN: 0.03541


CPU 4 cumulative IPC: 4.282 instructions: 200000002 cycles: 46704047
CPU 4 Branch Prediction Accuracy: 99.55% MPKI: 0.1875 Average ROB Occupancy at Mispredict: 146.2
Branch type MPKI
BRANCH_DIRECT_JUMP: 5e-05
BRANCH_INDIRECT: 0
BRANCH_CONDITIONAL: 0.1176
BRANCH_DIRECT_CALL: 4e-05
BRANCH_INDIRECT_CALL: 0.00633
BRANCH_RETURN: 0.06352


CPU 31 cumulative IPC: 2.322 instructions: 200000001 cycles: 86136748
CPU 31 Branch Prediction Accuracy: 99.09% MPKI: 1.377 Average ROB Occupancy at Mispredict: 72.31
Branch type MPKI
BRANCH_DIRECT_JUMP: 0.02968
BRANCH_INDIRECT: 0.00082
BRANCH_CONDITIONAL: 1.315
BRANCH_DIRECT_CALL: 0.001385
BRANCH_INDIRECT_CALL: 0
BRANCH_RETURN: 0.03041


CPU 30 cumulative IPC: 3.496 instructions: 200000001 cycles: 57202869
CPU 30 Branch Prediction Accuracy: 99.44% MPKI: 0.8171 Average ROB Occupancy at Mispredict: 130.8
Branch type MPKI
BRANCH_DIRECT_JUMP: 0.1433
BRANCH_INDIRECT: 0
BRANCH_CONDITIONAL: 0.5867
BRANCH_DIRECT_CALL: 0
BRANCH_INDIRECT_CALL: 0
BRANCH_RETURN: 0.08713


CPU 3 cumulative IPC: 2.648 instructions: 200000005 cycles: 75540160
CPU 3 Branch Prediction Accuracy: 99% MPKI: 1.394 Average ROB Occupancy at Mispredict: 157
Branch type MPKI
BRANCH_DIRECT_JUMP: 0.02302
BRANCH_INDIRECT: 0.2892
BRANCH_CONDITIONAL: 1.079
BRANCH_DIRECT_CALL: 0.00092
BRANCH_INDIRECT_CALL: 0.001155
BRANCH_RETURN: 0.00104


CPU 29 cumulative IPC: 4.654 instructions: 200000007 cycles: 42971402
CPU 29 Branch Prediction Accuracy: 99.7% MPKI: 0.3129 Average ROB Occupancy at Mispredict: 108.1
Branch type MPKI
BRANCH_DIRECT_JUMP: 5e-06
BRANCH_INDIRECT: 0
BRANCH_CONDITIONAL: 0.3129
BRANCH_DIRECT_CALL: 0
BRANCH_INDIRECT_CALL: 0
BRANCH_RETURN: 0


CPU 28 cumulative IPC: 3.701 instructions: 200000000 cycles: 54038517
CPU 28 Branch Prediction Accuracy: 98.08% MPKI: 2.724 Average ROB Occupancy at Mispredict: 49.11
Branch type MPKI
BRANCH_DIRECT_JUMP: 0.1288
BRANCH_INDIRECT: 0
BRANCH_CONDITIONAL: 2.595
BRANCH_DIRECT_CALL: 0.00042
BRANCH_INDIRECT_CALL: 0
BRANCH_RETURN: 0.00042


CPU 27 cumulative IPC: 1.463 instructions: 200000007 cycles: 136691686
CPU 27 Branch Prediction Accuracy: 88.56% MPKI: 11.07 Average ROB Occupancy at Mispredict: 60.66
Branch type MPKI
BRANCH_DIRECT_JUMP: 9e-05
BRANCH_INDIRECT: 0
BRANCH_CONDITIONAL: 5.543
BRANCH_DIRECT_CALL: 0
BRANCH_INDIRECT_CALL: 0
BRANCH_RETURN: 5.527


CPU 26 cumulative IPC: 1.289 instructions: 200000001 cycles: 155173976
CPU 26 Branch Prediction Accuracy: 99.85% MPKI: 0.001835 Average ROB Occupancy at Mispredict: 277.4
Branch type MPKI
BRANCH_DIRECT_JUMP: 5e-06
BRANCH_INDIRECT: 2.5e-05
BRANCH_CONDITIONAL: 0.001805
BRANCH_DIRECT_CALL: 0
BRANCH_INDIRECT_CALL: 0
BRANCH_RETURN: 0


CPU 25 cumulative IPC: 1.285 instructions: 200000000 cycles: 155628431
CPU 25 Branch Prediction Accuracy: 98.13% MPKI: 3.086 Average ROB Occupancy at Mispredict: 102.1
Branch type MPKI
BRANCH_DIRECT_JUMP: 0.09087
BRANCH_INDIRECT: 0.4743
BRANCH_CONDITIONAL: 2.052
BRANCH_DIRECT_CALL: 0.03809
BRANCH_INDIRECT_CALL: 0.3972
BRANCH_RETURN: 0.03302


CPU 24 cumulative IPC: 3.551 instructions: 200000000 cycles: 56325676
CPU 24 Branch Prediction Accuracy: 99.53% MPKI: 0.6801 Average ROB Occupancy at Mispredict: 168.1
Branch type MPKI
BRANCH_DIRECT_JUMP: 0.05645
BRANCH_INDIRECT: 0
BRANCH_CONDITIONAL: 0.5636
BRANCH_DIRECT_CALL: 0
BRANCH_INDIRECT_CALL: 0
BRANCH_RETURN: 0.06003


CPU 23 cumulative IPC: 1.847 instructions: 200000001 cycles: 108310712
CPU 23 Branch Prediction Accuracy: 92.7% MPKI: 12.08 Average ROB Occupancy at Mispredict: 35.34
Branch type MPKI
BRANCH_DIRECT_JUMP: 0.1101
BRANCH_INDIRECT: 0.00074
BRANCH_CONDITIONAL: 11.94
BRANCH_DIRECT_CALL: 0
BRANCH_INDIRECT_CALL: 0
BRANCH_RETURN: 0.02906


CPU 22 cumulative IPC: 2.766 instructions: 200000003 cycles: 72317686
CPU 22 Branch Prediction Accuracy: 100% MPKI: 0 Average ROB Occupancy at Mispredict: -
Branch type MPKI
BRANCH_DIRECT_JUMP: 0
BRANCH_INDIRECT: 0
BRANCH_CONDITIONAL: 0
BRANCH_DIRECT_CALL: 0
BRANCH_INDIRECT_CALL: 0
BRANCH_RETURN: 0


CPU 21 cumulative IPC: 1.262 instructions: 200000002 cycles: 158438731
CPU 21 Branch Prediction Accuracy: 97.75% MPKI: 6.411 Average ROB Occupancy at Mispredict: 51.58
Branch type MPKI
BRANCH_DIRECT_JUMP: 0.1295
BRANCH_INDIRECT: 0.3996
BRANCH_CONDITIONAL: 3.741
BRANCH_DIRECT_CALL: 0.00068
BRANCH_INDIRECT_CALL: 0.446
BRANCH_RETURN: 1.695


CPU 20 cumulative IPC: 1.364 instructions: 200000000 cycles: 146601005
CPU 20 Branch Prediction Accuracy: 95.61% MPKI: 6.461 Average ROB Occupancy at Mispredict: 68.98
Branch type MPKI
BRANCH_DIRECT_JUMP: 0.01574
BRANCH_INDIRECT: 0.00901
BRANCH_CONDITIONAL: 5.886
BRANCH_DIRECT_CALL: 0.01663
BRANCH_INDIRECT_CALL: 0
BRANCH_RETURN: 0.5333


CPU 2 cumulative IPC: 1.072 instructions: 200000002 cycles: 186563938
CPU 2 Branch Prediction Accuracy: 98.2% MPKI: 5.221 Average ROB Occupancy at Mispredict: 58.35
Branch type MPKI
BRANCH_DIRECT_JUMP: 0.1039
BRANCH_INDIRECT: 0.3359
BRANCH_CONDITIONAL: 3.06
BRANCH_DIRECT_CALL: 0.00011
BRANCH_INDIRECT_CALL: 0.3509
BRANCH_RETURN: 1.371


CPU 19 cumulative IPC: 1.288 instructions: 200000000 cycles: 155293739
CPU 19 Branch Prediction Accuracy: 86.07% MPKI: 14.27 Average ROB Occupancy at Mispredict: 44.84
Branch type MPKI
BRANCH_DIRECT_JUMP: 0
BRANCH_INDIRECT: 0
BRANCH_CONDITIONAL: 7.142
BRANCH_DIRECT_CALL: 0
BRANCH_INDIRECT_CALL: 0
BRANCH_RETURN: 7.123


CPU 18 cumulative IPC: 1.876 instructions: 200000001 cycles: 106594924
CPU 18 Branch Prediction Accuracy: 92.55% MPKI: 12.26 Average ROB Occupancy at Mispredict: 35.73
Branch type MPKI
BRANCH_DIRECT_JUMP: 0.0774
BRANCH_INDIRECT: 0.000445
BRANCH_CONDITIONAL: 12.15
BRANCH_DIRECT_CALL: 1e-05
BRANCH_INDIRECT_CALL: 0
BRANCH_RETURN: 0.03094


CPU 17 cumulative IPC: 4.457 instructions: 200000001 cycles: 44873863
CPU 17 Branch Prediction Accuracy: 99.73% MPKI: 0.1124 Average ROB Occupancy at Mispredict: 136.7
Branch type MPKI
BRANCH_DIRECT_JUMP: 2e-05
BRANCH_INDIRECT: 0
BRANCH_CONDITIONAL: 0.07584
BRANCH_DIRECT_CALL: 3.5e-05
BRANCH_INDIRECT_CALL: 0.0011
BRANCH_RETURN: 0.03541


CPU 16 cumulative IPC: 1.803 instructions: 200000000 cycles: 110902577
CPU 16 Branch Prediction Accuracy: 92.62% MPKI: 12.09 Average ROB Occupancy at Mispredict: 36.11
Branch type MPKI
BRANCH_DIRECT_JUMP: 0.07582
BRANCH_INDIRECT: 0.001405
BRANCH_CONDITIONAL: 11.98
BRANCH_DIRECT_CALL: 0.00076
BRANCH_INDIRECT_CALL: 0.0001
BRANCH_RETURN: 0.02728


CPU 15 cumulative IPC: 0.9616 instructions: 200000001 cycles: 207987538
CPU 15 Branch Prediction Accuracy: 97.77% MPKI: 6.178 Average ROB Occupancy at Mispredict: 54.07
Branch type MPKI
BRANCH_DIRECT_JUMP: 0.1266
BRANCH_INDIRECT: 0.3881
BRANCH_CONDITIONAL: 3.583
BRANCH_DIRECT_CALL: 0.00063
BRANCH_INDIRECT_CALL: 0.4305
BRANCH_RETURN: 1.65


CPU 14 cumulative IPC: 4.455 instructions: 200000006 cycles: 44891914
CPU 14 Branch Prediction Accuracy: 99.73% MPKI: 0.1124 Average ROB Occupancy at Mispredict: 136.4
Branch type MPKI
BRANCH_DIRECT_JUMP: 2e-05
BRANCH_INDIRECT: 0
BRANCH_CONDITIONAL: 0.07584
BRANCH_DIRECT_CALL: 3.5e-05
BRANCH_INDIRECT_CALL: 0.0011
BRANCH_RETURN: 0.03541


CPU 13 cumulative IPC: 1.824 instructions: 200000005 cycles: 109663132
CPU 13 Branch Prediction Accuracy: 99.94% MPKI: 0.0897 Average ROB Occupancy at Mispredict: 451.4
Branch type MPKI
BRANCH_DIRECT_JUMP: 0
BRANCH_INDIRECT: 1e-05
BRANCH_CONDITIONAL: 0.08969
BRANCH_DIRECT_CALL: 0
BRANCH_INDIRECT_CALL: 0
BRANCH_RETURN: 0


CPU 12 cumulative IPC: 1.933 instructions: 200000003 cycles: 103440463
CPU 12 Branch Prediction Accuracy: 99.91% MPKI: 0.03228 Average ROB Occupancy at Mispredict: 413.5
Branch type MPKI
BRANCH_DIRECT_JUMP: 6e-05
BRANCH_INDIRECT: 0
BRANCH_CONDITIONAL: 0.03192
BRANCH_DIRECT_CALL: 0.00015
BRANCH_INDIRECT_CALL: 0
BRANCH_RETURN: 0.00015


CPU 11 cumulative IPC: 2.331 instructions: 200000006 cycles: 85817927
CPU 11 Branch Prediction Accuracy: 99.09% MPKI: 1.377 Average ROB Occupancy at Mispredict: 72.3
Branch type MPKI
BRANCH_DIRECT_JUMP: 0.02968
BRANCH_INDIRECT: 0.00082
BRANCH_CONDITIONAL: 1.315
BRANCH_DIRECT_CALL: 0.001385
BRANCH_INDIRECT_CALL: 0
BRANCH_RETURN: 0.03041


CPU 10 cumulative IPC: 1.635 instructions: 200000003 cycles: 122326733
CPU 10 Branch Prediction Accuracy: 97.06% MPKI: 3.789 Average ROB Occupancy at Mispredict: 102.9
Branch type MPKI
BRANCH_DIRECT_JUMP: 0
BRANCH_INDIRECT: 0
BRANCH_CONDITIONAL: 3.789
BRANCH_DIRECT_CALL: 0
BRANCH_INDIRECT_CALL: 0
BRANCH_RETURN: 0


CPU 1 cumulative IPC: 3.701 instructions: 200000007 cycles: 54040615
CPU 1 Branch Prediction Accuracy: 98.08% MPKI: 2.724 Average ROB Occupancy at Mispredict: 49.11
Branch type MPKI
BRANCH_DIRECT_JUMP: 0.1287
BRANCH_INDIRECT: 0
BRANCH_CONDITIONAL: 2.595
BRANCH_DIRECT_CALL: 0.00042
BRANCH_INDIRECT_CALL: 0
BRANCH_RETURN: 0.00042


CPU 0 cumulative IPC: 3.918 instructions: 200000001 cycles: 51043664
CPU 0 Branch Prediction Accuracy: 98.4% MPKI: 2.201 Average ROB Occupancy at Mispredict: 47.74
Branch type MPKI
BRANCH_DIRECT_JUMP: 0.0448
BRANCH_INDIRECT: 0
BRANCH_CONDITIONAL: 2.156
BRANCH_DIRECT_CALL: 0
BRANCH_INDIRECT_CALL: 0
BRANCH_RETURN: 5e-06

cpu9->cpu9_STLB TOTAL        ACCESS:     654729 HIT:     642689 MISS:      12040 MSHR_MERGE:          0
cpu9->cpu9_STLB LOAD         ACCESS:     654729 HIT:     642689 MISS:      12040 MSHR_MERGE:          0
cpu9->cpu9_STLB RFO          ACCESS:          0 HIT:          0 MISS:          0 MSHR_MERGE:          0
cpu9->cpu9_STLB PREFETCH     ACCESS:          0 HIT:          0 MISS:          0 MSHR_MERGE:          0
cpu9->cpu9_STLB WRITE        ACCESS:          0 HIT:          0 MISS:          0 MSHR_MERGE:          0
cpu9->cpu9_STLB TRANSLATION  ACCESS:          0 HIT:          0 MISS:          0 MSHR_MERGE:          0
cpu9->cpu9_STLB PREFETCH REQUESTED:          0 ISSUED:          0 USEFUL:          0 USELESS:          0
cpu9->cpu9_STLB AVERAGE MISS LATENCY: 1123 cycles
cpu0->cpu9_L2C TOTAL        ACCESS:        239 HIT:        217 MISS:         22 MSHR_MERGE:          0
cpu0->cpu9_L2C LOAD         ACCESS:          0 HIT:          0 MISS:          0 MSHR_MERGE:          0
cpu0->cpu9_L2C RFO          ACCESS:          0 HIT:          0 MISS:          0 MSHR_MERGE:          0
cpu0->cpu9_L2C PREFETCH     ACCESS:          0 HIT:          0 MISS:          0 MSHR_MERGE:          0
cpu0->cpu9_L2C WRITE        ACCESS:        239 HIT:        217 MISS:         22 MSHR_MERGE:          0
cpu0->cpu9_L2C TRANSLATION  ACCESS:          0 HIT:          0 MISS:          0 MSHR_MERGE:          0
cpu0->cpu9_L2C PREFETCH REQUESTED:    5380191 ISSUED:    5180178 USEFUL:      72297 USELESS:       2311
cpu0->cpu9_L2C AVERAGE MISS LATENCY: 1.091e+07 cycles
cpu9->cpu9_L2C TOTAL        ACCESS:    8465762 HIT:    5514523 MISS:    2951239 MSHR_MERGE:     409534
cpu9->cpu9_L2C LOAD         ACCESS:    1934771 HIT:    1554088 MISS:     380683 MSHR_MERGE:      39252
cpu9->cpu9_L2C RFO          ACCESS:     374954 HIT:     104849 MISS:     270105 MSHR_MERGE:         24
cpu9->cpu9_L2C PREFETCH     ACCESS:    5679716 HIT:    3490601 MISS:    2189115 MSHR_MERGE:     370258
cpu9->cpu9_L2C WRITE        ACCESS:     457730 HIT:     364701 MISS:      93029 MSHR_MERGE:          0
cpu9->cpu9_L2C TRANSLATION  ACCESS:      18591 HIT:        284 MISS:      18307 MSHR_MERGE:          0
cpu9->cpu9_L2C PREFETCH REQUESTED:    5380191 ISSUED:    5180178 USEFUL:      72297 USELESS:       2311
cpu9->cpu9_L2C AVERAGE MISS LATENCY: 315 cycles
cpu9_L2C FLUSH STALL CYCLES: 19441
cpu9->cpu9_L1I TOTAL        ACCESS:  179389149 HIT:  176220474 MISS:    3168675 MSHR_MERGE:    1607596
cpu9->cpu9_L1I LOAD         ACCESS:   95538045 HIT:   93553476 MISS:    1984569 MSHR_MERGE:     829701
cpu9->cpu9_L1I RFO          ACCESS:          0 HIT:          0 MISS:          0 MSHR_MERGE:          0
cpu9->cpu9_L1I PREFETCH     ACCESS:   83851104 HIT:   82666998 MISS:    1184106 MSHR_MERGE:     777895
cpu9->cpu9_L1I WRITE        ACCESS:          0 HIT:          0 MISS:          0 MSHR_MERGE:          0
cpu9->cpu9_L1I TRANSLATION  ACCESS:          0 HIT:          0 MISS:          0 MSHR_MERGE:          0
cpu9->cpu9_L1I PREFETCH REQUESTED:   95554915 ISSUED:   83851072 USEFUL:     194982 USELESS:     211179
cpu9->cpu9_L1I AVERAGE MISS LATENCY: 10.89 cycles
cpu9->cpu9_L1D TOTAL        ACCESS:  130169029 HIT:  123817079 MISS:    6351950 MSHR_MERGE:    5084227
cpu9->cpu9_L1D LOAD         ACCESS:   76168434 HIT:   74257987 MISS:    1910447 MSHR_MERGE:    1130537
cpu9->cpu9_L1D RFO          ACCESS:          0 HIT:          0 MISS:          0 MSHR_MERGE:          0
cpu9->cpu9_L1D PREFETCH     ACCESS:    5287953 HIT:    5135400 MISS:     152553 MSHR_MERGE:      58469
cpu9->cpu9_L1D WRITE        ACCESS:   48688518 HIT:   44419691 MISS:    4268827 MSHR_MERGE:    3893689
cpu9->cpu9_L1D TRANSLATION  ACCESS:      24124 HIT:       4001 MISS:      20123 MSHR_MERGE:       1532
cpu9->cpu9_L1D PREFETCH REQUESTED:    5561238 ISSUED:    5287942 USEFUL:      40012 USELESS:      15706
cpu9->cpu9_L1D AVERAGE MISS LATENCY: 213.3 cycles
cpu9_L1D FLUSH STALL CYCLES: 175
cpu9->cpu9_ITLB TOTAL        ACCESS:  123366714 HIT:  123362611 MISS:       4103 MSHR_MERGE:       2774
cpu9->cpu9_ITLB LOAD         ACCESS:  123366714 HIT:  123362611 MISS:       4103 MSHR_MERGE:       2774
cpu9->cpu9_ITLB RFO          ACCESS:          0 HIT:          0 MISS:          0 MSHR_MERGE:          0
cpu9->cpu9_ITLB PREFETCH     ACCESS:          0 HIT:          0 MISS:          0 MSHR_MERGE:          0
cpu9->cpu9_ITLB WRITE        ACCESS:          0 HIT:          0 MISS:          0 MSHR_MERGE:          0
cpu9->cpu9_ITLB TRANSLATION  ACCESS:          0 HIT:          0 MISS:          0 MSHR_MERGE:          0
cpu9->cpu9_ITLB PREFETCH REQUESTED:          0 ISSUED:          0 USEFUL:          0 USELESS:          0
cpu9->cpu9_ITLB AVERAGE MISS LATENCY: 202 cycles
cpu9->cpu9_DTLB TOTAL        ACCESS:  115851722 HIT:  114550534 MISS:    1301188 MSHR_MERGE:     647788
cpu9->cpu9_DTLB LOAD         ACCESS:  115851722 HIT:  114550534 MISS:    1301188 MSHR_MERGE:     647788
cpu9->cpu9_DTLB RFO          ACCESS:          0 HIT:          0 MISS:          0 MSHR_MERGE:          0
cpu9->cpu9_DTLB PREFETCH     ACCESS:          0 HIT:          0 MISS:          0 MSHR_MERGE:          0
cpu9->cpu9_DTLB WRITE        ACCESS:          0 HIT:          0 MISS:          0 MSHR_MERGE:          0
cpu9->cpu9_DTLB TRANSLATION  ACCESS:          0 HIT:          0 MISS:          0 MSHR_MERGE:          0
cpu9->cpu9_DTLB PREFETCH REQUESTED:          0 ISSUED:          0 USEFUL:          0 USELESS:          0
cpu9->cpu9_DTLB AVERAGE MISS LATENCY: 25.31 cycles
cpu8->cpu8_STLB TOTAL        ACCESS:      35446 HIT:        656 MISS:      34790 MSHR_MERGE:          0
cpu8->cpu8_STLB LOAD         ACCESS:      35446 HIT:        656 MISS:      34790 MSHR_MERGE:          0
cpu8->cpu8_STLB RFO          ACCESS:          0 HIT:          0 MISS:          0 MSHR_MERGE:          0
cpu8->cpu8_STLB PREFETCH     ACCESS:          0 HIT:          0 MISS:          0 MSHR_MERGE:          0
cpu8->cpu8_STLB WRITE        ACCESS:          0 HIT:          0 MISS:          0 MSHR_MERGE:          0
cpu8->cpu8_STLB TRANSLATION  ACCESS:          0 HIT:          0 MISS:          0 MSHR_MERGE:          0
cpu8->cpu8_STLB PREFETCH REQUESTED:          0 ISSUED:          0 USEFUL:          0 USELESS:          0
cpu8->cpu8_STLB AVERAGE MISS LATENCY: 820.1 cycles
cpu0->cpu8_L2C TOTAL        ACCESS:        420 HIT:        243 MISS:        177 MSHR_MERGE:          0
cpu0->cpu8_L2C LOAD         ACCESS:          0 HIT:          0 MISS:          0 MSHR_MERGE:          0
cpu0->cpu8_L2C RFO          ACCESS:          0 HIT:          0 MISS:          0 MSHR_MERGE:          0
cpu0->cpu8_L2C PREFETCH     ACCESS:          0 HIT:          0 MISS:          0 MSHR_MERGE:          0
cpu0->cpu8_L2C WRITE        ACCESS:        420 HIT:        243 MISS:        177 MSHR_MERGE:          0
cpu0->cpu8_L2C TRANSLATION  ACCESS:          0 HIT:          0 MISS:          0 MSHR_MERGE:          0
cpu0->cpu8_L2C PREFETCH REQUESTED:   13713202 ISSUED:   12270309 USEFUL:     558260 USELESS:       8735
cpu0->cpu8_L2C AVERAGE MISS LATENCY: 1.912e+06 cycles
cpu8->cpu8_L2C TOTAL        ACCESS:   14312201 HIT:     970360 MISS:   13341841 MSHR_MERGE:     303122
cpu8->cpu8_L2C LOAD         ACCESS:     919770 HIT:     557398 MISS:     362372 MSHR_MERGE:      46584
cpu8->cpu8_L2C RFO          ACCESS:     499385 HIT:        520 MISS:     498865 MSHR_MERGE:          0
cpu8->cpu8_L2C PREFETCH     ACCESS:   12350941 HIT:     102402 MISS:   12248539 MSHR_MERGE:     256538
cpu8->cpu8_L2C WRITE        ACCESS:     499645 HIT:     309858 MISS:     189787 MSHR_MERGE:          0
cpu8->cpu8_L2C TRANSLATION  ACCESS:      42460 HIT:        182 MISS:      42278 MSHR_MERGE:          0
cpu8->cpu8_L2C PREFETCH REQUESTED:   13713202 ISSUED:   12270309 USEFUL:     558260 USELESS:       8735
cpu8->cpu8_L2C AVERAGE MISS LATENCY: 309.6 cycles
cpu8_L2C FLUSH STALL CYCLES: 17952
cpu8->cpu8_L1I TOTAL        ACCESS:   13369529 HIT:   13369529 MISS:          0 MSHR_MERGE:          0
cpu8->cpu8_L1I LOAD         ACCESS:    6684752 HIT:    6684752 MISS:          0 MSHR_MERGE:          0
cpu8->cpu8_L1I RFO          ACCESS:          0 HIT:          0 MISS:          0 MSHR_MERGE:          0
cpu8->cpu8_L1I PREFETCH     ACCESS:    6684777 HIT:    6684777 MISS:          0 MSHR_MERGE:          0
cpu8->cpu8_L1I WRITE        ACCESS:          0 HIT:          0 MISS:          0 MSHR_MERGE:          0
cpu8->cpu8_L1I TRANSLATION  ACCESS:          0 HIT:          0 MISS:          0 MSHR_MERGE:          0
cpu8->cpu8_L1I PREFETCH REQUESTED:    6684752 ISSUED:    6684745 USEFUL:          0 USELESS:          0
cpu8->cpu8_L1I AVERAGE MISS LATENCY: - cycles
cpu8->cpu8_L1D TOTAL        ACCESS:   63581784 HIT:   58111018 MISS:    5470766 MSHR_MERGE:    3928455
cpu8->cpu8_L1D LOAD         ACCESS:   37397656 HIT:   35318824 MISS:    2078832 MSHR_MERGE:    1159062
cpu8->cpu8_L1D RFO          ACCESS:          0 HIT:          0 MISS:          0 MSHR_MERGE:          0
cpu8->cpu8_L1D PREFETCH     ACCESS:     100058 HIT:       8235 MISS:      91823 MSHR_MERGE:      11137
cpu8->cpu8_L1D WRITE        ACCESS:   26014353 HIT:   22756924 MISS:    3257429 MSHR_MERGE:    2758034
cpu8->cpu8_L1D TRANSLATION  ACCESS:      69717 HIT:      27035 MISS:      42682 MSHR_MERGE:        222
cpu8->cpu8_L1D PREFETCH REQUESTED:     100068 ISSUED:     100057 USEFUL:      29307 USELESS:       1373
cpu8->cpu8_L1D AVERAGE MISS LATENCY: 240.5 cycles
cpu8_L1D FLUSH STALL CYCLES: 356
cpu8->cpu8_ITLB TOTAL        ACCESS:   10125539 HIT:   10125539 MISS:          0 MSHR_MERGE:          0
cpu8->cpu8_ITLB LOAD         ACCESS:   10125539 HIT:   10125539 MISS:          0 MSHR_MERGE:          0
cpu8->cpu8_ITLB RFO          ACCESS:          0 HIT:          0 MISS:          0 MSHR_MERGE:          0
cpu8->cpu8_ITLB PREFETCH     ACCESS:          0 HIT:          0 MISS:          0 MSHR_MERGE:          0
cpu8->cpu8_ITLB WRITE        ACCESS:          0 HIT:          0 MISS:          0 MSHR_MERGE:          0
cpu8->cpu8_ITLB TRANSLATION  ACCESS:          0 HIT:          0 MISS:          0 MSHR_MERGE:          0
cpu8->cpu8_ITLB PREFETCH REQUESTED:          0 ISSUED:          0 USEFUL:          0 USELESS:          0
cpu8->cpu8_ITLB AVERAGE MISS LATENCY: - cycles
cpu8->cpu8_DTLB TOTAL        ACCESS:   60799754 HIT:   60516951 MISS:     282803 MSHR_MERGE:     247357
cpu8->cpu8_DTLB LOAD         ACCESS:   60799754 HIT:   60516951 MISS:     282803 MSHR_MERGE:     247357
cpu8->cpu8_DTLB RFO          ACCESS:          0 HIT:          0 MISS:          0 MSHR_MERGE:          0
cpu8->cpu8_DTLB PREFETCH     ACCESS:          0 HIT:          0 MISS:          0 MSHR_MERGE:          0
cpu8->cpu8_DTLB WRITE        ACCESS:          0 HIT:          0 MISS:          0 MSHR_MERGE:          0
cpu8->cpu8_DTLB TRANSLATION  ACCESS:          0 HIT:          0 MISS:          0 MSHR_MERGE:          0
cpu8->cpu8_DTLB PREFETCH REQUESTED:          0 ISSUED:          0 USEFUL:          0 USELESS:          0
cpu8->cpu8_DTLB AVERAGE MISS LATENCY: 810.9 cycles
cpu7->cpu7_STLB TOTAL        ACCESS:       6348 HIT:        493 MISS:       5855 MSHR_MERGE:          0
cpu7->cpu7_STLB LOAD         ACCESS:       6348 HIT:        493 MISS:       5855 MSHR_MERGE:          0
cpu7->cpu7_STLB RFO          ACCESS:          0 HIT:          0 MISS:          0 MSHR_MERGE:          0
cpu7->cpu7_STLB PREFETCH     ACCESS:          0 HIT:          0 MISS:          0 MSHR_MERGE:          0
cpu7->cpu7_STLB WRITE        ACCESS:          0 HIT:          0 MISS:          0 MSHR_MERGE:          0
cpu7->cpu7_STLB TRANSLATION  ACCESS:          0 HIT:          0 MISS:          0 MSHR_MERGE:          0
cpu7->cpu7_STLB PREFETCH REQUESTED:          0 ISSUED:          0 USEFUL:          0 USELESS:          0
cpu7->cpu7_STLB AVERAGE MISS LATENCY: 976.6 cycles
cpu0->cpu7_L2C TOTAL        ACCESS:        436 HIT:        206 MISS:        230 MSHR_MERGE:          0
cpu0->cpu7_L2C LOAD         ACCESS:          0 HIT:          0 MISS:          0 MSHR_MERGE:          0
cpu0->cpu7_L2C RFO          ACCESS:          0 HIT:          0 MISS:          0 MSHR_MERGE:          0
cpu0->cpu7_L2C PREFETCH     ACCESS:          0 HIT:          0 MISS:          0 MSHR_MERGE:          0
cpu0->cpu7_L2C WRITE        ACCESS:        436 HIT:        206 MISS:        230 MSHR_MERGE:          0
cpu0->cpu7_L2C TRANSLATION  ACCESS:          0 HIT:          0 MISS:          0 MSHR_MERGE:          0
cpu0->cpu7_L2C PREFETCH REQUESTED:    2479425 ISSUED:    2412070 USEFUL:      85357 USELESS:       1453
cpu0->cpu7_L2C AVERAGE MISS LATENCY: 3.555e+05 cycles
cpu7->cpu7_L2C TOTAL        ACCESS:    2836291 HIT:     214730 MISS:    2621561 MSHR_MERGE:      97682
cpu7->cpu7_L2C LOAD         ACCESS:     159084 HIT:      85110 MISS:      73974 MSHR_MERGE:      14405
cpu7->cpu7_L2C RFO          ACCESS:     115267 HIT:       1007 MISS:     114260 MSHR_MERGE:          0
cpu7->cpu7_L2C PREFETCH     ACCESS:    2439676 HIT:      51964 MISS:    2387712 MSHR_MERGE:      83277
cpu7->cpu7_L2C WRITE        ACCESS:     115315 HIT:      76647 MISS:      38668 MSHR_MERGE:          0
cpu7->cpu7_L2C TRANSLATION  ACCESS:       6949 HIT:          2 MISS:       6947 MSHR_MERGE:          0
cpu7->cpu7_L2C PREFETCH REQUESTED:    2479425 ISSUED:    2412070 USEFUL:      85357 USELESS:       1453
cpu7->cpu7_L2C AVERAGE MISS LATENCY: 349.7 cycles
cpu7_L2C FLUSH STALL CYCLES: 13613
cpu7->cpu7_L1I TOTAL        ACCESS:   24866046 HIT:   24865888 MISS:        158 MSHR_MERGE:         65
cpu7->cpu7_L1I LOAD         ACCESS:   12476171 HIT:   12476112 MISS:         59 MSHR_MERGE:         16
cpu7->cpu7_L1I RFO          ACCESS:          0 HIT:          0 MISS:          0 MSHR_MERGE:          0
cpu7->cpu7_L1I PREFETCH     ACCESS:   12389875 HIT:   12389776 MISS:         99 MSHR_MERGE:         49
cpu7->cpu7_L1I WRITE        ACCESS:          0 HIT:          0 MISS:          0 MSHR_MERGE:          0
cpu7->cpu7_L1I TRANSLATION  ACCESS:          0 HIT:          0 MISS:          0 MSHR_MERGE:          0
cpu7->cpu7_L1I PREFETCH REQUESTED:   12476171 ISSUED:   12389875 USEFUL:         28 USELESS:          0
cpu7->cpu7_L1I AVERAGE MISS LATENCY: 281.9 cycles
cpu7->cpu7_L1D TOTAL        ACCESS:   89841472 HIT:   88785455 MISS:    1056017 MSHR_MERGE:     747194
cpu7->cpu7_L1D LOAD         ACCESS:   53256876 HIT:   52896116 MISS:     360760 MSHR_MERGE:     201719
cpu7->cpu7_L1D RFO          ACCESS:          0 HIT:          0 MISS:          0 MSHR_MERGE:          0
cpu7->cpu7_L1D PREFETCH     ACCESS:      95258 HIT:      63545 MISS:      31713 MSHR_MERGE:       4149
cpu7->cpu7_L1D WRITE        ACCESS:   36477613 HIT:   35821046 MISS:     656567 MSHR_MERGE:     541298
cpu7->cpu7_L1D TRANSLATION  ACCESS:      11725 HIT:       4748 MISS:       6977 MSHR_MERGE:         28
cpu7->cpu7_L1D PREFETCH REQUESTED:      95260 ISSUED:      95258 USEFUL:      13158 USELESS:        745
cpu7->cpu7_L1D AVERAGE MISS LATENCY: 298.5 cycles
cpu7_L1D FLUSH STALL CYCLES: 372
cpu7->cpu7_ITLB TOTAL        ACCESS:   19682268 HIT:   19682258 MISS:         10 MSHR_MERGE:          3
cpu7->cpu7_ITLB LOAD         ACCESS:   19682268 HIT:   19682258 MISS:         10 MSHR_MERGE:          3
cpu7->cpu7_ITLB RFO          ACCESS:          0 HIT:          0 MISS:          0 MSHR_MERGE:          0
cpu7->cpu7_ITLB PREFETCH     ACCESS:          0 HIT:          0 MISS:          0 MSHR_MERGE:          0
cpu7->cpu7_ITLB WRITE        ACCESS:          0 HIT:          0 MISS:          0 MSHR_MERGE:          0
cpu7->cpu7_ITLB TRANSLATION  ACCESS:          0 HIT:          0 MISS:          0 MSHR_MERGE:          0
cpu7->cpu7_ITLB PREFETCH REQUESTED:          0 ISSUED:          0 USEFUL:          0 USELESS:          0
cpu7->cpu7_ITLB AVERAGE MISS LATENCY: 1351 cycles
cpu7->cpu7_DTLB TOTAL        ACCESS:   83900990 HIT:   83846637 MISS:      54353 MSHR_MERGE:      48012
cpu7->cpu7_DTLB LOAD         ACCESS:   83900990 HIT:   83846637 MISS:      54353 MSHR_MERGE:      48012
cpu7->cpu7_DTLB RFO          ACCESS:          0 HIT:          0 MISS:          0 MSHR_MERGE:          0
cpu7->cpu7_DTLB PREFETCH     ACCESS:          0 HIT:          0 MISS:          0 MSHR_MERGE:          0
cpu7->cpu7_DTLB WRITE        ACCESS:          0 HIT:          0 MISS:          0 MSHR_MERGE:          0
cpu7->cpu7_DTLB TRANSLATION  ACCESS:          0 HIT:          0 MISS:          0 MSHR_MERGE:          0
cpu7->cpu7_DTLB PREFETCH REQUESTED:          0 ISSUED:          0 USEFUL:          0 USELESS:          0
cpu7->cpu7_DTLB AVERAGE MISS LATENCY: 906.2 cycles
cpu6->cpu6_STLB TOTAL        ACCESS:    5709984 HIT:    5702397 MISS:       7587 MSHR_MERGE:          0
cpu6->cpu6_STLB LOAD         ACCESS:    5709984 HIT:    5702397 MISS:       7587 MSHR_MERGE:          0
cpu6->cpu6_STLB RFO          ACCESS:          0 HIT:          0 MISS:          0 MSHR_MERGE:          0
cpu6->cpu6_STLB PREFETCH     ACCESS:          0 HIT:          0 MISS:          0 MSHR_MERGE:          0
cpu6->cpu6_STLB WRITE        ACCESS:          0 HIT:          0 MISS:          0 MSHR_MERGE:          0
cpu6->cpu6_STLB TRANSLATION  ACCESS:          0 HIT:          0 MISS:          0 MSHR_MERGE:          0
cpu6->cpu6_STLB PREFETCH REQUESTED:          0 ISSUED:          0 USEFUL:          0 USELESS:          0
cpu6->cpu6_STLB AVERAGE MISS LATENCY: 793.3 cycles
cpu0->cpu6_L2C TOTAL        ACCESS:        197 HIT:        197 MISS:          0 MSHR_MERGE:          0
cpu0->cpu6_L2C LOAD         ACCESS:          0 HIT:          0 MISS:          0 MSHR_MERGE:          0
cpu0->cpu6_L2C RFO          ACCESS:          0 HIT:          0 MISS:          0 MSHR_MERGE:          0
cpu0->cpu6_L2C PREFETCH     ACCESS:          0 HIT:          0 MISS:          0 MSHR_MERGE:          0
cpu0->cpu6_L2C WRITE        ACCESS:        197 HIT:        197 MISS:          0 MSHR_MERGE:          0
cpu0->cpu6_L2C TRANSLATION  ACCESS:          0 HIT:          0 MISS:          0 MSHR_MERGE:          0
cpu0->cpu6_L2C PREFETCH REQUESTED:   13089197 ISSUED:   13089193 USEFUL:       1928 USELESS:       5467
cpu0->cpu6_L2C AVERAGE MISS LATENCY: - cycles
cpu6->cpu6_L2C TOTAL        ACCESS:   26037460 HIT:   22985321 MISS:    3052139 MSHR_MERGE:      20631
cpu6->cpu6_L2C LOAD         ACCESS:    9819644 HIT:    9759037 MISS:      60607 MSHR_MERGE:         37
cpu6->cpu6_L2C RFO          ACCESS:     434400 HIT:     154014 MISS:     280386 MSHR_MERGE:        224
cpu6->cpu6_L2C PREFETCH     ACCESS:   15058243 HIT:   12378167 MISS:    2680076 MSHR_MERGE:      20370
cpu6->cpu6_L2C WRITE        ACCESS:     711238 HIT:     692128 MISS:      19110 MSHR_MERGE:          0
cpu6->cpu6_L2C TRANSLATION  ACCESS:      13935 HIT:       1975 MISS:      11960 MSHR_MERGE:          0
cpu6->cpu6_L2C PREFETCH REQUESTED:   13089197 ISSUED:   13089193 USEFUL:       1928 USELESS:       5467
cpu6->cpu6_L2C AVERAGE MISS LATENCY: 412.1 cycles
cpu6_L2C FLUSH STALL CYCLES: 29656
cpu6->cpu6_L1I TOTAL        ACCESS:   88895752 HIT:   84416555 MISS:    4479197 MSHR_MERGE:    1593293
cpu6->cpu6_L1I LOAD         ACCESS:   44952949 HIT:   42613777 MISS:    2339172 MSHR_MERGE:     795308
cpu6->cpu6_L1I RFO          ACCESS:          0 HIT:          0 MISS:          0 MSHR_MERGE:          0
cpu6->cpu6_L1I PREFETCH     ACCESS:   43942803 HIT:   41802778 MISS:    2140025 MSHR_MERGE:     797985
cpu6->cpu6_L1I WRITE        ACCESS:          0 HIT:          0 MISS:          0 MSHR_MERGE:          0
cpu6->cpu6_L1I TRANSLATION  ACCESS:          0 HIT:          0 MISS:          0 MSHR_MERGE:          0
cpu6->cpu6_L1I PREFETCH REQUESTED:   44963546 ISSUED:   43942787 USEFUL:     563023 USELESS:     778992
cpu6->cpu6_L1I AVERAGE MISS LATENCY: 10.03 cycles
cpu6->cpu6_L1D TOTAL        ACCESS:   85833177 HIT:   72734260 MISS:   13098917 MSHR_MERGE:    3747735
cpu6->cpu6_L1D LOAD         ACCESS:   54904988 HIT:   44572196 MISS:   10332792 MSHR_MERGE:    2057012
cpu6->cpu6_L1D RFO          ACCESS:          0 HIT:          0 MISS:          0 MSHR_MERGE:          0
cpu6->cpu6_L1D PREFETCH     ACCESS:    8871463 HIT:    7757740 MISS:    1113723 MSHR_MERGE:     486657
cpu6->cpu6_L1D WRITE        ACCESS:   22041525 HIT:   20403141 MISS:    1638384 MSHR_MERGE:    1203983
cpu6->cpu6_L1D TRANSLATION  ACCESS:      15201 HIT:       1183 MISS:      14018 MSHR_MERGE:         83
cpu6->cpu6_L1D PREFETCH REQUESTED:    9590194 ISSUED:    8871463 USEFUL:     528112 USELESS:      84363
cpu6->cpu6_L1D AVERAGE MISS LATENCY: 27.55 cycles
cpu6_L1D FLUSH STALL CYCLES: 133
cpu6->cpu6_ITLB TOTAL        ACCESS:   67540103 HIT:   67279813 MISS:     260290 MSHR_MERGE:     134974
cpu6->cpu6_ITLB LOAD         ACCESS:   67540103 HIT:   67279813 MISS:     260290 MSHR_MERGE:     134974
cpu6->cpu6_ITLB RFO          ACCESS:          0 HIT:          0 MISS:          0 MSHR_MERGE:          0
cpu6->cpu6_ITLB PREFETCH     ACCESS:          0 HIT:          0 MISS:          0 MSHR_MERGE:          0
cpu6->cpu6_ITLB WRITE        ACCESS:          0 HIT:          0 MISS:          0 MSHR_MERGE:          0
cpu6->cpu6_ITLB TRANSLATION  ACCESS:          0 HIT:          0 MISS:          0 MSHR_MERGE:          0
cpu6->cpu6_ITLB PREFETCH REQUESTED:          0 ISSUED:          0 USEFUL:          0 USELESS:          0
cpu6->cpu6_ITLB AVERAGE MISS LATENCY: 9.745 cycles
cpu6->cpu6_DTLB TOTAL        ACCESS:   73957631 HIT:   65437275 MISS:    8520356 MSHR_MERGE:    2935688
cpu6->cpu6_DTLB LOAD         ACCESS:   73957631 HIT:   65437275 MISS:    8520356 MSHR_MERGE:    2935688
cpu6->cpu6_DTLB RFO          ACCESS:          0 HIT:          0 MISS:          0 MSHR_MERGE:          0
cpu6->cpu6_DTLB PREFETCH     ACCESS:          0 HIT:          0 MISS:          0 MSHR_MERGE:          0
cpu6->cpu6_DTLB WRITE        ACCESS:          0 HIT:          0 MISS:          0 MSHR_MERGE:          0
cpu6->cpu6_DTLB TRANSLATION  ACCESS:          0 HIT:          0 MISS:          0 MSHR_MERGE:          0
cpu6->cpu6_DTLB PREFETCH REQUESTED:          0 ISSUED:          0 USEFUL:          0 USELESS:          0
cpu6->cpu6_DTLB AVERAGE MISS LATENCY: 5.973 cycles
cpu5->cpu5_STLB TOTAL        ACCESS:     536684 HIT:     527179 MISS:       9505 MSHR_MERGE:          0
cpu5->cpu5_STLB LOAD         ACCESS:     536684 HIT:     527179 MISS:       9505 MSHR_MERGE:          0
cpu5->cpu5_STLB RFO          ACCESS:          0 HIT:          0 MISS:          0 MSHR_MERGE:          0
cpu5->cpu5_STLB PREFETCH     ACCESS:          0 HIT:          0 MISS:          0 MSHR_MERGE:          0
cpu5->cpu5_STLB WRITE        ACCESS:          0 HIT:          0 MISS:          0 MSHR_MERGE:          0
cpu5->cpu5_STLB TRANSLATION  ACCESS:          0 HIT:          0 MISS:          0 MSHR_MERGE:          0
cpu5->cpu5_STLB PREFETCH REQUESTED:          0 ISSUED:          0 USEFUL:          0 USELESS:          0
cpu5->cpu5_STLB AVERAGE MISS LATENCY: 1217 cycles
cpu0->cpu5_L2C TOTAL        ACCESS:        504 HIT:        496 MISS:          8 MSHR_MERGE:          0
cpu0->cpu5_L2C LOAD         ACCESS:          0 HIT:          0 MISS:          0 MSHR_MERGE:          0
cpu0->cpu5_L2C RFO          ACCESS:          0 HIT:          0 MISS:          0 MSHR_MERGE:          0
cpu0->cpu5_L2C PREFETCH     ACCESS:          0 HIT:          0 MISS:          0 MSHR_MERGE:          0
cpu0->cpu5_L2C WRITE        ACCESS:        504 HIT:        496 MISS:          8 MSHR_MERGE:          0
cpu0->cpu5_L2C TRANSLATION  ACCESS:          0 HIT:          0 MISS:          0 MSHR_MERGE:          0
cpu0->cpu5_L2C PREFETCH REQUESTED:    4395907 ISSUED:    4257939 USEFUL:      60428 USELESS:       2664
cpu0->cpu5_L2C AVERAGE MISS LATENCY: 2.524e+07 cycles
cpu5->cpu5_L2C TOTAL        ACCESS:    7054667 HIT:    4656508 MISS:    2398159 MSHR_MERGE:     305155
cpu5->cpu5_L2C LOAD         ACCESS:    1684991 HIT:    1362010 MISS:     322981 MSHR_MERGE:      29723
cpu5->cpu5_L2C RFO          ACCESS:     280496 HIT:      76729 MISS:     203767 MSHR_MERGE:         13
cpu5->cpu5_L2C PREFETCH     ACCESS:    4732384 HIT:    2945797 MISS:    1786587 MSHR_MERGE:     275419
cpu5->cpu5_L2C WRITE        ACCESS:     341674 HIT:     271700 MISS:      69974 MSHR_MERGE:          0
cpu5->cpu5_L2C TRANSLATION  ACCESS:      15122 HIT:        272 MISS:      14850 MSHR_MERGE:          0
cpu5->cpu5_L2C PREFETCH REQUESTED:    4395907 ISSUED:    4257939 USEFUL:      60428 USELESS:       2664
cpu5->cpu5_L2C AVERAGE MISS LATENCY: 330.1 cycles
cpu5_L2C FLUSH STALL CYCLES: 21090
cpu5->cpu5_L1I TOTAL        ACCESS:  188958210 HIT:  186043422 MISS:    2914788 MSHR_MERGE:    1510821
cpu5->cpu5_L1I LOAD         ACCESS:  100821552 HIT:   99048173 MISS:    1773379 MSHR_MERGE:     750702
cpu5->cpu5_L1I RFO          ACCESS:          0 HIT:          0 MISS:          0 MSHR_MERGE:          0
cpu5->cpu5_L1I PREFETCH     ACCESS:   88136658 HIT:   86995249 MISS:    1141409 MSHR_MERGE:     760119
cpu5->cpu5_L1I WRITE        ACCESS:          0 HIT:          0 MISS:          0 MSHR_MERGE:          0
cpu5->cpu5_L1I TRANSLATION  ACCESS:          0 HIT:          0 MISS:          0 MSHR_MERGE:          0
cpu5->cpu5_L1I PREFETCH REQUESTED:  100835283 ISSUED:   88136626 USEFUL:     185380 USELESS:     195858
cpu5->cpu5_L1I AVERAGE MISS LATENCY: 10.98 cycles
cpu5->cpu5_L1D TOTAL        ACCESS:  134399348 HIT:  129578698 MISS:    4820650 MSHR_MERGE:    3769185
cpu5->cpu5_L1D LOAD         ACCESS:   79927433 HIT:   78425054 MISS:    1502379 MSHR_MERGE:     840057
cpu5->cpu5_L1D RFO          ACCESS:          0 HIT:          0 MISS:          0 MSHR_MERGE:          0
cpu5->cpu5_L1D PREFETCH     ACCESS:    6021249 HIT:    5875661 MISS:     145588 MSHR_MERGE:      52219
cpu5->cpu5_L1D WRITE        ACCESS:   48431623 HIT:   45275318 MISS:    3156305 MSHR_MERGE:    2875653
cpu5->cpu5_L1D TRANSLATION  ACCESS:      19043 HIT:       2665 MISS:      16378 MSHR_MERGE:       1256
cpu5->cpu5_L1D PREFETCH REQUESTED:    6198335 ISSUED:    6021241 USEFUL:      56184 USELESS:      16457
cpu5->cpu5_L1D AVERAGE MISS LATENCY: 218.1 cycles
cpu5_L1D FLUSH STALL CYCLES: 440
cpu5->cpu5_ITLB TOTAL        ACCESS:  128364138 HIT:  128357598 MISS:       6540 MSHR_MERGE:       4443
cpu5->cpu5_ITLB LOAD         ACCESS:  128364138 HIT:  128357598 MISS:       6540 MSHR_MERGE:       4443
cpu5->cpu5_ITLB RFO          ACCESS:          0 HIT:          0 MISS:          0 MSHR_MERGE:          0
cpu5->cpu5_ITLB PREFETCH     ACCESS:          0 HIT:          0 MISS:          0 MSHR_MERGE:          0
cpu5->cpu5_ITLB WRITE        ACCESS:          0 HIT:          0 MISS:          0 MSHR_MERGE:          0
cpu5->cpu5_ITLB TRANSLATION  ACCESS:          0 HIT:          0 MISS:          0 MSHR_MERGE:          0
cpu5->cpu5_ITLB PREFETCH REQUESTED:          0 ISSUED:          0 USEFUL:          0 USELESS:          0
cpu5->cpu5_ITLB AVERAGE MISS LATENCY: 95.51 cycles
cpu5->cpu5_DTLB TOTAL        ACCESS:  119466907 HIT:  118413053 MISS:    1053854 MSHR_MERGE:     519267
cpu5->cpu5_DTLB LOAD         ACCESS:  119466907 HIT:  118413053 MISS:    1053854 MSHR_MERGE:     519267
cpu5->cpu5_DTLB RFO          ACCESS:          0 HIT:          0 MISS:          0 MSHR_MERGE:          0
cpu5->cpu5_DTLB PREFETCH     ACCESS:          0 HIT:          0 MISS:          0 MSHR_MERGE:          0
cpu5->cpu5_DTLB WRITE        ACCESS:          0 HIT:          0 MISS:          0 MSHR_MERGE:          0
cpu5->cpu5_DTLB TRANSLATION  ACCESS:          0 HIT:          0 MISS:          0 MSHR_MERGE:          0
cpu5->cpu5_DTLB PREFETCH REQUESTED:          0 ISSUED:          0 USEFUL:          0 USELESS:          0
cpu5->cpu5_DTLB AVERAGE MISS LATENCY: 26.3 cycles
cpu4->cpu4_STLB TOTAL        ACCESS:     652543 HIT:     640529 MISS:      12014 MSHR_MERGE:          0
cpu4->cpu4_STLB LOAD         ACCESS:     652543 HIT:     640529 MISS:      12014 MSHR_MERGE:          0
cpu4->cpu4_STLB RFO          ACCESS:          0 HIT:          0 MISS:          0 MSHR_MERGE:          0
cpu4->cpu4_STLB PREFETCH     ACCESS:          0 HIT:          0 MISS:          0 MSHR_MERGE:          0
cpu4->cpu4_STLB WRITE        ACCESS:          0 HIT:          0 MISS:          0 MSHR_MERGE:          0
cpu4->cpu4_STLB TRANSLATION  ACCESS:          0 HIT:          0 MISS:          0 MSHR_MERGE:          0
cpu4->cpu4_STLB PREFETCH REQUESTED:          0 ISSUED:          0 USEFUL:          0 USELESS:          0
cpu4->cpu4_STLB AVERAGE MISS LATENCY: 1127 cycles
cpu0->cpu4_L2C TOTAL        ACCESS:        262 HIT:        239 MISS:         23 MSHR_MERGE:          0
cpu0->cpu4_L2C LOAD         ACCESS:          0 HIT:          0 MISS:          0 MSHR_MERGE:          0
cpu0->cpu4_L2C RFO          ACCESS:          0 HIT:          0 MISS:          0 MSHR_MERGE:          0
cpu0->cpu4_L2C PREFETCH     ACCESS:          0 HIT:          0 MISS:          0 MSHR_MERGE:          0
cpu0->cpu4_L2C WRITE        ACCESS:        262 HIT:        239 MISS:         23 MSHR_MERGE:          0
cpu0->cpu4_L2C TRANSLATION  ACCESS:          0 HIT:          0 MISS:          0 MSHR_MERGE:          0
cpu0->cpu4_L2C PREFETCH REQUESTED:    5489136 ISSUED:    5291118 USEFUL:      73002 USELESS:       2609
cpu0->cpu4_L2C AVERAGE MISS LATENCY: 1.05e+07 cycles
cpu4->cpu4_L2C TOTAL        ACCESS:    8572349 HIT:    5558272 MISS:    3014077 MSHR_MERGE:     435878
cpu4->cpu4_L2C LOAD         ACCESS:    1923372 HIT:    1531510 MISS:     391862 MSHR_MERGE:      39832
cpu4->cpu4_L2C RFO          ACCESS:     374313 HIT:     104296 MISS:     270017 MSHR_MERGE:         21
cpu4->cpu4_L2C PREFETCH     ACCESS:    5799171 HIT:    3558340 MISS:    2240831 MSHR_MERGE:     396025
cpu4->cpu4_L2C WRITE        ACCESS:     456961 HIT:     363839 MISS:      93122 MSHR_MERGE:          0
cpu4->cpu4_L2C TRANSLATION  ACCESS:      18532 HIT:        287 MISS:      18245 MSHR_MERGE:          0
cpu4->cpu4_L2C PREFETCH REQUESTED:    5489136 ISSUED:    5291118 USEFUL:      73002 USELESS:       2609
cpu4->cpu4_L2C AVERAGE MISS LATENCY: 312.2 cycles
cpu4_L2C FLUSH STALL CYCLES: 19259
cpu4->cpu4_L1I TOTAL        ACCESS:  180145746 HIT:  176843434 MISS:    3302312 MSHR_MERGE:    1742321
cpu4->cpu4_L1I LOAD         ACCESS:   95500295 HIT:   93536303 MISS:    1963992 MSHR_MERGE:     819124
cpu4->cpu4_L1I RFO          ACCESS:          0 HIT:          0 MISS:          0 MSHR_MERGE:          0
cpu4->cpu4_L1I PREFETCH     ACCESS:   84645451 HIT:   83307131 MISS:    1338320 MSHR_MERGE:     923197
cpu4->cpu4_L1I WRITE        ACCESS:          0 HIT:          0 MISS:          0 MSHR_MERGE:          0
cpu4->cpu4_L1I TRANSLATION  ACCESS:          0 HIT:          0 MISS:          0 MSHR_MERGE:          0
cpu4->cpu4_L1I PREFETCH REQUESTED:   95516626 ISSUED:   84645419 USEFUL:     203362 USELESS:     211713
cpu4->cpu4_L1I AVERAGE MISS LATENCY: 11.21 cycles
cpu4->cpu4_L1D TOTAL        ACCESS:  130335905 HIT:  123982601 MISS:    6353304 MSHR_MERGE:    5088113
cpu4->cpu4_L1D LOAD         ACCESS:   76377805 HIT:   74465969 MISS:    1911836 MSHR_MERGE:    1133322
cpu4->cpu4_L1D RFO          ACCESS:          0 HIT:          0 MISS:          0 MSHR_MERGE:          0
cpu4->cpu4_L1D PREFETCH     ACCESS:    5297940 HIT:    5146526 MISS:     151414 MSHR_MERGE:      57760
cpu4->cpu4_L1D WRITE        ACCESS:   48636090 HIT:   44366081 MISS:    4270009 MSHR_MERGE:    3895518
cpu4->cpu4_L1D TRANSLATION  ACCESS:      24070 HIT:       4025 MISS:      20045 MSHR_MERGE:       1513
cpu4->cpu4_L1D PREFETCH REQUESTED:    5571204 ISSUED:    5297936 USEFUL:      39789 USELESS:      15286
cpu4->cpu4_L1D AVERAGE MISS LATENCY: 214.5 cycles
cpu4_L1D FLUSH STALL CYCLES: 198
cpu4->cpu4_ITLB TOTAL        ACCESS:  124352792 HIT:  124348788 MISS:       4004 MSHR_MERGE:       2675
cpu4->cpu4_ITLB LOAD         ACCESS:  124352792 HIT:  124348788 MISS:       4004 MSHR_MERGE:       2675
cpu4->cpu4_ITLB RFO          ACCESS:          0 HIT:          0 MISS:          0 MSHR_MERGE:          0
cpu4->cpu4_ITLB PREFETCH     ACCESS:          0 HIT:          0 MISS:          0 MSHR_MERGE:          0
cpu4->cpu4_ITLB WRITE        ACCESS:          0 HIT:          0 MISS:          0 MSHR_MERGE:          0
cpu4->cpu4_ITLB TRANSLATION  ACCESS:          0 HIT:          0 MISS:          0 MSHR_MERGE:          0
cpu4->cpu4_ITLB PREFETCH REQUESTED:          0 ISSUED:          0 USEFUL:          0 USELESS:          0
cpu4->cpu4_ITLB AVERAGE MISS LATENCY: 192 cycles
cpu4->cpu4_DTLB TOTAL        ACCESS:  116387398 HIT:  115086676 MISS:    1300722 MSHR_MERGE:     649508
cpu4->cpu4_DTLB LOAD         ACCESS:  116387398 HIT:  115086676 MISS:    1300722 MSHR_MERGE:     649508
cpu4->cpu4_DTLB RFO          ACCESS:          0 HIT:          0 MISS:          0 MSHR_MERGE:          0
cpu4->cpu4_DTLB PREFETCH     ACCESS:          0 HIT:          0 MISS:          0 MSHR_MERGE:          0
cpu4->cpu4_DTLB WRITE        ACCESS:          0 HIT:          0 MISS:          0 MSHR_MERGE:          0
cpu4->cpu4_DTLB TRANSLATION  ACCESS:          0 HIT:          0 MISS:          0 MSHR_MERGE:          0
cpu4->cpu4_DTLB PREFETCH REQUESTED:          0 ISSUED:          0 USEFUL:          0 USELESS:          0
cpu4->cpu4_DTLB AVERAGE MISS LATENCY: 25.44 cycles
cpu3->cpu3_STLB TOTAL        ACCESS:     321172 HIT:     315501 MISS:       5671 MSHR_MERGE:          0
cpu3->cpu3_STLB LOAD         ACCESS:     321172 HIT:     315501 MISS:       5671 MSHR_MERGE:          0
cpu3->cpu3_STLB RFO          ACCESS:          0 HIT:          0 MISS:          0 MSHR_MERGE:          0
cpu3->cpu3_STLB PREFETCH     ACCESS:          0 HIT:          0 MISS:          0 MSHR_MERGE:          0
cpu3->cpu3_STLB WRITE        ACCESS:          0 HIT:          0 MISS:          0 MSHR_MERGE:          0
cpu3->cpu3_STLB TRANSLATION  ACCESS:          0 HIT:          0 MISS:          0 MSHR_MERGE:          0
cpu3->cpu3_STLB PREFETCH REQUESTED:          0 ISSUED:          0 USEFUL:          0 USELESS:          0
cpu3->cpu3_STLB AVERAGE MISS LATENCY: 1302 cycles
cpu0->cpu3_L2C TOTAL        ACCESS:        181 HIT:        179 MISS:          2 MSHR_MERGE:          0
cpu0->cpu3_L2C LOAD         ACCESS:          0 HIT:          0 MISS:          0 MSHR_MERGE:          0
cpu0->cpu3_L2C RFO          ACCESS:          0 HIT:          0 MISS:          0 MSHR_MERGE:          0
cpu0->cpu3_L2C PREFETCH     ACCESS:          0 HIT:          0 MISS:          0 MSHR_MERGE:          0
cpu0->cpu3_L2C WRITE        ACCESS:        181 HIT:        179 MISS:          2 MSHR_MERGE:          0
cpu0->cpu3_L2C TRANSLATION  ACCESS:          0 HIT:          0 MISS:          0 MSHR_MERGE:          0
cpu0->cpu3_L2C PREFETCH REQUESTED:     724211 ISSUED:     724211 USEFUL:        511 USELESS:         97
cpu0->cpu3_L2C AVERAGE MISS LATENCY: 1.709e+07 cycles
cpu3->cpu3_L2C TOTAL        ACCESS:    1810301 HIT:    1566028 MISS:     244273 MSHR_MERGE:      29632
cpu3->cpu3_L2C LOAD         ACCESS:     717355 HIT:     661406 MISS:      55949 MSHR_MERGE:        164
cpu3->cpu3_L2C RFO          ACCESS:      20515 HIT:      13587 MISS:       6928 MSHR_MERGE:          0
cpu3->cpu3_L2C PREFETCH     ACCESS:     998580 HIT:     829559 MISS:     169021 MSHR_MERGE:      29468
cpu3->cpu3_L2C WRITE        ACCESS:      62745 HIT:      59900 MISS:       2845 MSHR_MERGE:          0
cpu3->cpu3_L2C TRANSLATION  ACCESS:      11106 HIT:       1576 MISS:       9530 MSHR_MERGE:          0
cpu3->cpu3_L2C PREFETCH REQUESTED:     724211 ISSUED:     724211 USEFUL:        511 USELESS:         97
cpu3->cpu3_L2C AVERAGE MISS LATENCY: 454.1 cycles
cpu3_L2C FLUSH STALL CYCLES: 12726
cpu3->cpu3_L1I TOTAL        ACCESS:  102393865 HIT:  101221675 MISS:    1172190 MSHR_MERGE:     436200
cpu3->cpu3_L1I LOAD         ACCESS:   52072983 HIT:   51410120 MISS:     662863 MSHR_MERGE:     177516
cpu3->cpu3_L1I RFO          ACCESS:          0 HIT:          0 MISS:          0 MSHR_MERGE:          0
cpu3->cpu3_L1I PREFETCH     ACCESS:   50320882 HIT:   49811555 MISS:     509327 MSHR_MERGE:     258684
cpu3->cpu3_L1I WRITE        ACCESS:          0 HIT:          0 MISS:          0 MSHR_MERGE:          0
cpu3->cpu3_L1I TRANSLATION  ACCESS:          0 HIT:          0 MISS:          0 MSHR_MERGE:          0
cpu3->cpu3_L1I PREFETCH REQUESTED:   52090694 ISSUED:   50320868 USEFUL:      68996 USELESS:     181648
cpu3->cpu3_L1I AVERAGE MISS LATENCY: 13.34 cycles
cpu3->cpu3_L1D TOTAL        ACCESS:  137534428 HIT:  137094770 MISS:     439658 MSHR_MERGE:     152293
cpu3->cpu3_L1D LOAD         ACCESS:   52357273 HIT:   52028647 MISS:     328626 MSHR_MERGE:      96615
cpu3->cpu3_L1D RFO          ACCESS:          0 HIT:          0 MISS:          0 MSHR_MERGE:          0
cpu3->cpu3_L1D PREFETCH     ACCESS:     242163 HIT:     215243 MISS:      26920 MSHR_MERGE:       3188
cpu3->cpu3_L1D WRITE        ACCESS:   84922785 HIT:   84849811 MISS:      72974 MSHR_MERGE:      52458
cpu3->cpu3_L1D TRANSLATION  ACCESS:      12207 HIT:       1069 MISS:      11138 MSHR_MERGE:         32
cpu3->cpu3_L1D PREFETCH REQUESTED:     281421 ISSUED:     242147 USEFUL:       8564 USELESS:      14720
cpu3->cpu3_L1D AVERAGE MISS LATENCY: 133.5 cycles
cpu3_L1D FLUSH STALL CYCLES: 117
cpu3->cpu3_ITLB TOTAL        ACCESS:   76478005 HIT:   76406274 MISS:      71731 MSHR_MERGE:      43435
cpu3->cpu3_ITLB LOAD         ACCESS:   76478005 HIT:   76406274 MISS:      71731 MSHR_MERGE:      43435
cpu3->cpu3_ITLB RFO          ACCESS:          0 HIT:          0 MISS:          0 MSHR_MERGE:          0
cpu3->cpu3_ITLB PREFETCH     ACCESS:          0 HIT:          0 MISS:          0 MSHR_MERGE:          0
cpu3->cpu3_ITLB WRITE        ACCESS:          0 HIT:          0 MISS:          0 MSHR_MERGE:          0
cpu3->cpu3_ITLB TRANSLATION  ACCESS:          0 HIT:          0 MISS:          0 MSHR_MERGE:          0
cpu3->cpu3_ITLB PREFETCH REQUESTED:          0 ISSUED:          0 USEFUL:          0 USELESS:          0
cpu3->cpu3_ITLB AVERAGE MISS LATENCY: 18.96 cycles
cpu3->cpu3_DTLB TOTAL        ACCESS:  122033071 HIT:  121632699 MISS:     400372 MSHR_MERGE:     107496
cpu3->cpu3_DTLB LOAD         ACCESS:  122033071 HIT:  121632699 MISS:     400372 MSHR_MERGE:     107496
cpu3->cpu3_DTLB RFO          ACCESS:          0 HIT:          0 MISS:          0 MSHR_MERGE:          0
cpu3->cpu3_DTLB PREFETCH     ACCESS:          0 HIT:          0 MISS:          0 MSHR_MERGE:          0
cpu3->cpu3_DTLB WRITE        ACCESS:          0 HIT:          0 MISS:          0 MSHR_MERGE:          0
cpu3->cpu3_DTLB TRANSLATION  ACCESS:          0 HIT:          0 MISS:          0 MSHR_MERGE:          0
cpu3->cpu3_DTLB PREFETCH REQUESTED:          0 ISSUED:          0 USEFUL:          0 USELESS:          0
cpu3->cpu3_DTLB AVERAGE MISS LATENCY: 28.89 cycles
cpu31->cpu31_STLB TOTAL        ACCESS:     201729 HIT:     180163 MISS:      21566 MSHR_MERGE:          0
cpu31->cpu31_STLB LOAD         ACCESS:     201729 HIT:     180163 MISS:      21566 MSHR_MERGE:          0
cpu31->cpu31_STLB RFO          ACCESS:          0 HIT:          0 MISS:          0 MSHR_MERGE:          0
cpu31->cpu31_STLB PREFETCH     ACCESS:          0 HIT:          0 MISS:          0 MSHR_MERGE:          0
cpu31->cpu31_STLB WRITE        ACCESS:          0 HIT:          0 MISS:          0 MSHR_MERGE:          0
cpu31->cpu31_STLB TRANSLATION  ACCESS:          0 HIT:          0 MISS:          0 MSHR_MERGE:          0
cpu31->cpu31_STLB PREFETCH REQUESTED:          0 ISSUED:          0 USEFUL:          0 USELESS:          0
cpu31->cpu31_STLB AVERAGE MISS LATENCY: 1012 cycles
cpu0->cpu31_L2C TOTAL        ACCESS:        261 HIT:        249 MISS:         12 MSHR_MERGE:          0
cpu0->cpu31_L2C LOAD         ACCESS:          0 HIT:          0 MISS:          0 MSHR_MERGE:          0
cpu0->cpu31_L2C RFO          ACCESS:          0 HIT:          0 MISS:          0 MSHR_MERGE:          0
cpu0->cpu31_L2C PREFETCH     ACCESS:          0 HIT:          0 MISS:          0 MSHR_MERGE:          0
cpu0->cpu31_L2C WRITE        ACCESS:        261 HIT:        249 MISS:         12 MSHR_MERGE:          0
cpu0->cpu31_L2C TRANSLATION  ACCESS:          0 HIT:          0 MISS:          0 MSHR_MERGE:          0
cpu0->cpu31_L2C PREFETCH REQUESTED:   31980083 ISSUED:   28027776 USEFUL:     313080 USELESS:      20677
cpu0->cpu31_L2C AVERAGE MISS LATENCY: 3.412e+07 cycles
cpu31->cpu31_L2C TOTAL        ACCESS:   37775928 HIT:   25982028 MISS:   11793900 MSHR_MERGE:    1026852
cpu31->cpu31_L2C LOAD         ACCESS:    3689132 HIT:    2889189 MISS:     799943 MSHR_MERGE:     130352
cpu31->cpu31_L2C RFO          ACCESS:    2250323 HIT:    1589077 MISS:     661246 MSHR_MERGE:          0
cpu31->cpu31_L2C PREFETCH     ACCESS:   28828354 HIT:   18760201 MISS:   10068153 MSHR_MERGE:     896500
cpu31->cpu31_L2C WRITE        ACCESS:    2969199 HIT:    2740232 MISS:     228967 MSHR_MERGE:          0
cpu31->cpu31_L2C TRANSLATION  ACCESS:      38920 HIT:       3329 MISS:      35591 MSHR_MERGE:          0
cpu31->cpu31_L2C PREFETCH REQUESTED:   31980083 ISSUED:   28027776 USEFUL:     313080 USELESS:      20677
cpu31->cpu31_L2C AVERAGE MISS LATENCY: 237.3 cycles
cpu31_L2C FLUSH STALL CYCLES: 29638
cpu31->cpu31_L1I TOTAL        ACCESS:   63832533 HIT:   63155827 MISS:     676706 MSHR_MERGE:     453249
cpu31->cpu31_L1I LOAD         ACCESS:   34337740 HIT:   34027393 MISS:     310347 MSHR_MERGE:     168999
cpu31->cpu31_L1I RFO          ACCESS:          0 HIT:          0 MISS:          0 MSHR_MERGE:          0
cpu31->cpu31_L1I PREFETCH     ACCESS:   29494793 HIT:   29128434 MISS:     366359 MSHR_MERGE:     284250
cpu31->cpu31_L1I WRITE        ACCESS:          0 HIT:          0 MISS:          0 MSHR_MERGE:          0
cpu31->cpu31_L1I TRANSLATION  ACCESS:          0 HIT:          0 MISS:          0 MSHR_MERGE:          0
cpu31->cpu31_L1I PREFETCH REQUESTED:   34349613 ISSUED:   29494760 USEFUL:      56967 USELESS:      25170
cpu31->cpu31_L1I AVERAGE MISS LATENCY: 38.82 cycles
cpu31->cpu31_L1D TOTAL        ACCESS:   92382838 HIT:   75577403 MISS:   16805435 MSHR_MERGE:   10248930
cpu31->cpu31_L1D LOAD         ACCESS:   58909765 HIT:   52059366 MISS:    6850399 MSHR_MERGE:    3302537
cpu31->cpu31_L1D RFO          ACCESS:          0 HIT:          0 MISS:          0 MSHR_MERGE:          0
cpu31->cpu31_L1D PREFETCH     ACCESS:    4042485 HIT:    3025387 MISS:    1017098 MSHR_MERGE:     297785
cpu31->cpu31_L1D WRITE        ACCESS:   29384400 HIT:   20486064 MISS:    8898336 MSHR_MERGE:    6647926
cpu31->cpu31_L1D TRANSLATION  ACCESS:      46188 HIT:       6586 MISS:      39602 MSHR_MERGE:        682
cpu31->cpu31_L1D PREFETCH REQUESTED:    7170835 ISSUED:    4042469 USEFUL:     527321 USELESS:      61734
cpu31->cpu31_L1D AVERAGE MISS LATENCY: 79.6 cycles
cpu31_L1D FLUSH STALL CYCLES: 197
cpu31->cpu31_ITLB TOTAL        ACCESS:   45947648 HIT:   45927351 MISS:      20297 MSHR_MERGE:      12104
cpu31->cpu31_ITLB LOAD         ACCESS:   45947648 HIT:   45927351 MISS:      20297 MSHR_MERGE:      12104
cpu31->cpu31_ITLB RFO          ACCESS:          0 HIT:          0 MISS:          0 MSHR_MERGE:          0
cpu31->cpu31_ITLB PREFETCH     ACCESS:          0 HIT:          0 MISS:          0 MSHR_MERGE:          0
cpu31->cpu31_ITLB WRITE        ACCESS:          0 HIT:          0 MISS:          0 MSHR_MERGE:          0
cpu31->cpu31_ITLB TRANSLATION  ACCESS:          0 HIT:          0 MISS:          0 MSHR_MERGE:          0
cpu31->cpu31_ITLB PREFETCH REQUESTED:          0 ISSUED:          0 USEFUL:          0 USELESS:          0
cpu31->cpu31_ITLB AVERAGE MISS LATENCY: 40.31 cycles
cpu31->cpu31_DTLB TOTAL        ACCESS:   84487554 HIT:   83961897 MISS:     525657 MSHR_MERGE:     332121
cpu31->cpu31_DTLB LOAD         ACCESS:   84487554 HIT:   83961897 MISS:     525657 MSHR_MERGE:     332121
cpu31->cpu31_DTLB RFO          ACCESS:          0 HIT:          0 MISS:          0 MSHR_MERGE:          0
cpu31->cpu31_DTLB PREFETCH     ACCESS:          0 HIT:          0 MISS:          0 MSHR_MERGE:          0
cpu31->cpu31_DTLB WRITE        ACCESS:          0 HIT:          0 MISS:          0 MSHR_MERGE:          0
cpu31->cpu31_DTLB TRANSLATION  ACCESS:          0 HIT:          0 MISS:          0 MSHR_MERGE:          0
cpu31->cpu31_DTLB PREFETCH REQUESTED:          0 ISSUED:          0 USEFUL:          0 USELESS:          0
cpu31->cpu31_DTLB AVERAGE MISS LATENCY: 116.4 cycles
cpu30->cpu30_STLB TOTAL        ACCESS:       3113 HIT:         76 MISS:       3037 MSHR_MERGE:          0
cpu30->cpu30_STLB LOAD         ACCESS:       3113 HIT:         76 MISS:       3037 MSHR_MERGE:          0
cpu30->cpu30_STLB RFO          ACCESS:          0 HIT:          0 MISS:          0 MSHR_MERGE:          0
cpu30->cpu30_STLB PREFETCH     ACCESS:          0 HIT:          0 MISS:          0 MSHR_MERGE:          0
cpu30->cpu30_STLB WRITE        ACCESS:          0 HIT:          0 MISS:          0 MSHR_MERGE:          0
cpu30->cpu30_STLB TRANSLATION  ACCESS:          0 HIT:          0 MISS:          0 MSHR_MERGE:          0
cpu30->cpu30_STLB PREFETCH REQUESTED:          0 ISSUED:          0 USEFUL:          0 USELESS:          0
cpu30->cpu30_STLB AVERAGE MISS LATENCY: 1074 cycles
cpu0->cpu30_L2C TOTAL        ACCESS:        630 HIT:        446 MISS:        184 MSHR_MERGE:          0
cpu0->cpu30_L2C LOAD         ACCESS:          0 HIT:          0 MISS:          0 MSHR_MERGE:          0
cpu0->cpu30_L2C RFO          ACCESS:          0 HIT:          0 MISS:          0 MSHR_MERGE:          0
cpu0->cpu30_L2C PREFETCH     ACCESS:          0 HIT:          0 MISS:          0 MSHR_MERGE:          0
cpu0->cpu30_L2C WRITE        ACCESS:        630 HIT:        446 MISS:        184 MSHR_MERGE:          0
cpu0->cpu30_L2C TRANSLATION  ACCESS:          0 HIT:          0 MISS:          0 MSHR_MERGE:          0
cpu0->cpu30_L2C PREFETCH REQUESTED:      77905 ISSUED:      77905 USEFUL:        106 USELESS:         10
cpu0->cpu30_L2C AVERAGE MISS LATENCY: 5.684e+05 cycles
cpu30->cpu30_L2C TOTAL        ACCESS:     511921 HIT:     186044 MISS:     325877 MSHR_MERGE:      24838
cpu30->cpu30_L2C LOAD         ACCESS:       8122 HIT:       7006 MISS:       1116 MSHR_MERGE:         99
cpu30->cpu30_L2C RFO          ACCESS:     177737 HIT:       2214 MISS:     175523 MSHR_MERGE:          1
cpu30->cpu30_L2C PREFETCH     ACCESS:     143792 HIT:      80994 MISS:      62798 MSHR_MERGE:      24738
cpu30->cpu30_L2C WRITE        ACCESS:     178728 HIT:      95772 MISS:      82956 MSHR_MERGE:          0
cpu30->cpu30_L2C TRANSLATION  ACCESS:       3542 HIT:         58 MISS:       3484 MSHR_MERGE:          0
cpu30->cpu30_L2C PREFETCH REQUESTED:      77905 ISSUED:      77905 USEFUL:        106 USELESS:         10
cpu30->cpu30_L2C AVERAGE MISS LATENCY: 397.6 cycles
cpu30_L2C FLUSH STALL CYCLES: 27252
cpu30->cpu30_L1I TOTAL        ACCESS:   46772890 HIT:   46772889 MISS:          1 MSHR_MERGE:          0
cpu30->cpu30_L1I LOAD         ACCESS:   27156241 HIT:   27156241 MISS:          0 MSHR_MERGE:          0
cpu30->cpu30_L1I RFO          ACCESS:          0 HIT:          0 MISS:          0 MSHR_MERGE:          0
cpu30->cpu30_L1I PREFETCH     ACCESS:   19616649 HIT:   19616648 MISS:          1 MSHR_MERGE:          0
cpu30->cpu30_L1I WRITE        ACCESS:          0 HIT:          0 MISS:          0 MSHR_MERGE:          0
cpu30->cpu30_L1I TRANSLATION  ACCESS:          0 HIT:          0 MISS:          0 MSHR_MERGE:          0
cpu30->cpu30_L1I PREFETCH REQUESTED:   27156241 ISSUED:   19616617 USEFUL:          0 USELESS:          0
cpu30->cpu30_L1I AVERAGE MISS LATENCY: - cycles
cpu30->cpu30_L1D TOTAL        ACCESS:  148637541 HIT:  147184846 MISS:    1452695 MSHR_MERGE:    1197234
cpu30->cpu30_L1D LOAD         ACCESS:  119586861 HIT:  119571682 MISS:      15179 MSHR_MERGE:       7057
cpu30->cpu30_L1D RFO          ACCESS:          0 HIT:          0 MISS:          0 MSHR_MERGE:          0
cpu30->cpu30_L1D PREFETCH     ACCESS:     853595 HIT:     783657 MISS:      69938 MSHR_MERGE:       3977
cpu30->cpu30_L1D WRITE        ACCESS:   28191005 HIT:   26826969 MISS:    1364036 MSHR_MERGE:    1186200
cpu30->cpu30_L1D TRANSLATION  ACCESS:       6080 HIT:       2538 MISS:       3542 MSHR_MERGE:          0
cpu30->cpu30_L1D PREFETCH REQUESTED:     853590 ISSUED:     853590 USEFUL:      12275 USELESS:        135
cpu30->cpu30_L1D AVERAGE MISS LATENCY: 559.7 cycles
cpu30_L1D FLUSH STALL CYCLES: 566
cpu30->cpu30_ITLB TOTAL        ACCESS:   34198917 HIT:   34198917 MISS:          0 MSHR_MERGE:          0
cpu30->cpu30_ITLB LOAD         ACCESS:   34198917 HIT:   34198917 MISS:          0 MSHR_MERGE:          0
cpu30->cpu30_ITLB RFO          ACCESS:          0 HIT:          0 MISS:          0 MSHR_MERGE:          0
cpu30->cpu30_ITLB PREFETCH     ACCESS:          0 HIT:          0 MISS:          0 MSHR_MERGE:          0
cpu30->cpu30_ITLB WRITE        ACCESS:          0 HIT:          0 MISS:          0 MSHR_MERGE:          0
cpu30->cpu30_ITLB TRANSLATION  ACCESS:          0 HIT:          0 MISS:          0 MSHR_MERGE:          0
cpu30->cpu30_ITLB PREFETCH REQUESTED:          0 ISSUED:          0 USEFUL:          0 USELESS:          0
cpu30->cpu30_ITLB AVERAGE MISS LATENCY: - cycles
cpu30->cpu30_DTLB TOTAL        ACCESS:  137121864 HIT:  137086253 MISS:      35611 MSHR_MERGE:      32498
cpu30->cpu30_DTLB LOAD         ACCESS:  137121864 HIT:  137086253 MISS:      35611 MSHR_MERGE:      32498
cpu30->cpu30_DTLB RFO          ACCESS:          0 HIT:          0 MISS:          0 MSHR_MERGE:          0
cpu30->cpu30_DTLB PREFETCH     ACCESS:          0 HIT:          0 MISS:          0 MSHR_MERGE:          0
cpu30->cpu30_DTLB WRITE        ACCESS:          0 HIT:          0 MISS:          0 MSHR_MERGE:          0
cpu30->cpu30_DTLB TRANSLATION  ACCESS:          0 HIT:          0 MISS:          0 MSHR_MERGE:          0
cpu30->cpu30_DTLB PREFETCH REQUESTED:          0 ISSUED:          0 USEFUL:          0 USELESS:          0
cpu30->cpu30_DTLB AVERAGE MISS LATENCY: 1053 cycles
cpu2->cpu2_STLB TOTAL        ACCESS:    5301176 HIT:    5004700 MISS:     296476 MSHR_MERGE:          0
cpu2->cpu2_STLB LOAD         ACCESS:    5301176 HIT:    5004700 MISS:     296476 MSHR_MERGE:          0
cpu2->cpu2_STLB RFO          ACCESS:          0 HIT:          0 MISS:          0 MSHR_MERGE:          0
cpu2->cpu2_STLB PREFETCH     ACCESS:          0 HIT:          0 MISS:          0 MSHR_MERGE:          0
cpu2->cpu2_STLB WRITE        ACCESS:          0 HIT:          0 MISS:          0 MSHR_MERGE:          0
cpu2->cpu2_STLB TRANSLATION  ACCESS:          0 HIT:          0 MISS:          0 MSHR_MERGE:          0
cpu2->cpu2_STLB PREFETCH REQUESTED:          0 ISSUED:          0 USEFUL:          0 USELESS:          0
cpu2->cpu2_STLB AVERAGE MISS LATENCY: 110.3 cycles
cpu2->cpu2_L2C TOTAL        ACCESS:   27756750 HIT:   23633784 MISS:    4122966 MSHR_MERGE:      26680
cpu2->cpu2_L2C LOAD         ACCESS:   10369222 HIT:   10271237 MISS:      97985 MSHR_MERGE:        212
cpu2->cpu2_L2C RFO          ACCESS:     478286 HIT:      91998 MISS:     386288 MSHR_MERGE:        152
cpu2->cpu2_L2C PREFETCH     ACCESS:   15657633 HIT:   12108687 MISS:    3548946 MSHR_MERGE:      26316
cpu2->cpu2_L2C WRITE        ACCESS:     680678 HIT:     645952 MISS:      34726 MSHR_MERGE:          0
cpu2->cpu2_L2C TRANSLATION  ACCESS:     570931 HIT:     515910 MISS:      55021 MSHR_MERGE:          0
cpu2->cpu2_L2C PREFETCH REQUESTED:   14290433 ISSUED:   14289701 USEFUL:       1366 USELESS:       3803
cpu2->cpu2_L2C AVERAGE MISS LATENCY: 405.5 cycles
cpu2_L2C FLUSH STALL CYCLES: 27978
cpu2->cpu2_L1I TOTAL        ACCESS:   82752746 HIT:   79691721 MISS:    3061025 MSHR_MERGE:    1085820
cpu2->cpu2_L1I LOAD         ACCESS:   41852363 HIT:   40248895 MISS:    1603468 MSHR_MERGE:     550674
cpu2->cpu2_L1I RFO          ACCESS:          0 HIT:          0 MISS:          0 MSHR_MERGE:          0
cpu2->cpu2_L1I PREFETCH     ACCESS:   40900383 HIT:   39442826 MISS:    1457557 MSHR_MERGE:     535146
cpu2->cpu2_L1I WRITE        ACCESS:          0 HIT:          0 MISS:          0 MSHR_MERGE:          0
cpu2->cpu2_L1I TRANSLATION  ACCESS:          0 HIT:          0 MISS:          0 MSHR_MERGE:          0
cpu2->cpu2_L1I PREFETCH REQUESTED:   41858843 ISSUED:   40900361 USEFUL:     390989 USELESS:     531402
cpu2->cpu2_L1I AVERAGE MISS LATENCY: 9.777 cycles
cpu2->cpu2_L1D TOTAL        ACCESS:   60374415 HIT:   43605859 MISS:   16768556 MSHR_MERGE:    5957258
cpu2->cpu2_L1D LOAD         ACCESS:   39842855 HIT:   26119527 MISS:   13723328 MSHR_MERGE:    4406895
cpu2->cpu2_L1D RFO          ACCESS:          0 HIT:          0 MISS:          0 MSHR_MERGE:          0
cpu2->cpu2_L1D PREFETCH     ACCESS:    4811008 HIT:    4177051 MISS:     633957 MSHR_MERGE:     188311
cpu2->cpu2_L1D WRITE        ACCESS:   15125561 HIT:   13286449 MISS:    1839112 MSHR_MERGE:    1360824
cpu2->cpu2_L1D TRANSLATION  ACCESS:     594991 HIT:      22832 MISS:     572159 MSHR_MERGE:       1228
cpu2->cpu2_L1D PREFETCH REQUESTED:    7446732 ISSUED:    4811008 USEFUL:     307787 USELESS:     114855
cpu2->cpu2_L1D AVERAGE MISS LATENCY: 32.37 cycles
cpu2->cpu2_ITLB TOTAL        ACCESS:   61159647 HIT:   60996895 MISS:     162752 MSHR_MERGE:      84584
cpu2->cpu2_ITLB LOAD         ACCESS:   61159647 HIT:   60996895 MISS:     162752 MSHR_MERGE:      84584
cpu2->cpu2_ITLB RFO          ACCESS:          0 HIT:          0 MISS:          0 MSHR_MERGE:          0
cpu2->cpu2_ITLB PREFETCH     ACCESS:          0 HIT:          0 MISS:          0 MSHR_MERGE:          0
cpu2->cpu2_ITLB WRITE        ACCESS:          0 HIT:          0 MISS:          0 MSHR_MERGE:          0
cpu2->cpu2_ITLB TRANSLATION  ACCESS:          0 HIT:          0 MISS:          0 MSHR_MERGE:          0
cpu2->cpu2_ITLB PREFETCH REQUESTED:          0 ISSUED:          0 USEFUL:          0 USELESS:          0
cpu2->cpu2_ITLB AVERAGE MISS LATENCY: 12.05 cycles
cpu2->cpu2_DTLB TOTAL        ACCESS:   52818357 HIT:   44663120 MISS:    8155237 MSHR_MERGE:    2932229
cpu2->cpu2_DTLB LOAD         ACCESS:   52818357 HIT:   44663120 MISS:    8155237 MSHR_MERGE:    2932229
cpu2->cpu2_DTLB RFO          ACCESS:          0 HIT:          0 MISS:          0 MSHR_MERGE:          0
cpu2->cpu2_DTLB PREFETCH     ACCESS:          0 HIT:          0 MISS:          0 MSHR_MERGE:          0
cpu2->cpu2_DTLB WRITE        ACCESS:          0 HIT:          0 MISS:          0 MSHR_MERGE:          0
cpu2->cpu2_DTLB TRANSLATION  ACCESS:          0 HIT:          0 MISS:          0 MSHR_MERGE:          0
cpu2->cpu2_DTLB PREFETCH REQUESTED:          0 ISSUED:          0 USEFUL:          0 USELESS:          0
cpu2->cpu2_DTLB AVERAGE MISS LATENCY: 11.21 cycles
cpu29->cpu29_STLB TOTAL        ACCESS:     443017 HIT:     442434 MISS:        583 MSHR_MERGE:          0
cpu29->cpu29_STLB LOAD         ACCESS:     443017 HIT:     442434 MISS:        583 MSHR_MERGE:          0
cpu29->cpu29_STLB RFO          ACCESS:          0 HIT:          0 MISS:          0 MSHR_MERGE:          0
cpu29->cpu29_STLB PREFETCH     ACCESS:          0 HIT:          0 MISS:          0 MSHR_MERGE:          0
cpu29->cpu29_STLB WRITE        ACCESS:          0 HIT:          0 MISS:          0 MSHR_MERGE:          0
cpu29->cpu29_STLB TRANSLATION  ACCESS:          0 HIT:          0 MISS:          0 MSHR_MERGE:          0
cpu29->cpu29_STLB PREFETCH REQUESTED:          0 ISSUED:          0 USEFUL:          0 USELESS:          0
cpu29->cpu29_STLB AVERAGE MISS LATENCY: 1433 cycles
cpu0->cpu29_L2C TOTAL        ACCESS:          2 HIT:          2 MISS:          0 MSHR_MERGE:          0
cpu0->cpu29_L2C LOAD         ACCESS:          0 HIT:          0 MISS:          0 MSHR_MERGE:          0
cpu0->cpu29_L2C RFO          ACCESS:          0 HIT:          0 MISS:          0 MSHR_MERGE:          0
cpu0->cpu29_L2C PREFETCH     ACCESS:          0 HIT:          0 MISS:          0 MSHR_MERGE:          0
cpu0->cpu29_L2C WRITE        ACCESS:          2 HIT:          2 MISS:          0 MSHR_MERGE:          0
cpu0->cpu29_L2C TRANSLATION  ACCESS:          0 HIT:          0 MISS:          0 MSHR_MERGE:          0
cpu0->cpu29_L2C PREFETCH REQUESTED:  104948989 ISSUED:  101654024 USEFUL:      29465 USELESS:        994
cpu0->cpu29_L2C AVERAGE MISS LATENCY: - cycles
cpu29->cpu29_L2C TOTAL        ACCESS:  110677330 HIT:   97583687 MISS:   13093643 MSHR_MERGE:      11377
cpu29->cpu29_L2C LOAD         ACCESS:    6180848 HIT:    6178791 MISS:       2057 MSHR_MERGE:        270
cpu29->cpu29_L2C RFO          ACCESS:       5658 HIT:       5335 MISS:        323 MSHR_MERGE:          0
cpu29->cpu29_L2C PREFETCH     ACCESS:  104476005 HIT:   91385906 MISS:   13090099 MSHR_MERGE:      11107
cpu29->cpu29_L2C WRITE        ACCESS:      13653 HIT:      13653 MISS:          0 MSHR_MERGE:          0
cpu29->cpu29_L2C TRANSLATION  ACCESS:       1166 HIT:          2 MISS:       1164 MSHR_MERGE:          0
cpu29->cpu29_L2C PREFETCH REQUESTED:  104948989 ISSUED:  101654024 USEFUL:      29465 USELESS:        994
cpu29->cpu29_L2C AVERAGE MISS LATENCY: 349.9 cycles
cpu29->cpu29_L1I TOTAL        ACCESS:     421561 HIT:     421561 MISS:          0 MSHR_MERGE:          0
cpu29->cpu29_L1I LOAD         ACCESS:     240001 HIT:     240001 MISS:          0 MSHR_MERGE:          0
cpu29->cpu29_L1I RFO          ACCESS:          0 HIT:          0 MISS:          0 MSHR_MERGE:          0
cpu29->cpu29_L1I PREFETCH     ACCESS:     181560 HIT:     181560 MISS:          0 MSHR_MERGE:          0
cpu29->cpu29_L1I WRITE        ACCESS:          0 HIT:          0 MISS:          0 MSHR_MERGE:          0
cpu29->cpu29_L1I TRANSLATION  ACCESS:          0 HIT:          0 MISS:          0 MSHR_MERGE:          0
cpu29->cpu29_L1I PREFETCH REQUESTED:     240001 ISSUED:     181560 USEFUL:          0 USELESS:          0
cpu29->cpu29_L1I AVERAGE MISS LATENCY: - cycles
cpu29->cpu29_L1D TOTAL        ACCESS:   99913256 HIT:   73272135 MISS:   26641121 MSHR_MERGE:   17631468
cpu29->cpu29_L1D LOAD         ACCESS:   94775231 HIT:   71124227 MISS:   23651004 MSHR_MERGE:   17470156
cpu29->cpu29_L1D RFO          ACCESS:          0 HIT:          0 MISS:          0 MSHR_MERGE:          0
cpu29->cpu29_L1D PREFETCH     ACCESS:    5090360 HIT:    2112418 MISS:    2977942 MSHR_MERGE:     155961
cpu29->cpu29_L1D WRITE        ACCESS:      46499 HIT:      35490 MISS:      11009 MSHR_MERGE:       5351
cpu29->cpu29_L1D TRANSLATION  ACCESS:       1166 HIT:          0 MISS:       1166 MSHR_MERGE:          0
cpu29->cpu29_L1D PREFETCH REQUESTED:    5090360 ISSUED:    5090360 USEFUL:    2309211 USELESS:     512726
cpu29->cpu29_L1D AVERAGE MISS LATENCY: 10.18 cycles
cpu29->cpu29_ITLB TOTAL        ACCESS:     236927 HIT:     236927 MISS:          0 MSHR_MERGE:          0
cpu29->cpu29_ITLB LOAD         ACCESS:     236927 HIT:     236927 MISS:          0 MSHR_MERGE:          0
cpu29->cpu29_ITLB RFO          ACCESS:          0 HIT:          0 MISS:          0 MSHR_MERGE:          0
cpu29->cpu29_ITLB PREFETCH     ACCESS:          0 HIT:          0 MISS:          0 MSHR_MERGE:          0
cpu29->cpu29_ITLB WRITE        ACCESS:          0 HIT:          0 MISS:          0 MSHR_MERGE:          0
cpu29->cpu29_ITLB TRANSLATION  ACCESS:          0 HIT:          0 MISS:          0 MSHR_MERGE:          0
cpu29->cpu29_ITLB PREFETCH REQUESTED:          0 ISSUED:          0 USEFUL:          0 USELESS:          0
cpu29->cpu29_ITLB AVERAGE MISS LATENCY: - cycles
cpu29->cpu29_DTLB TOTAL        ACCESS:   94814828 HIT:   92980270 MISS:    1834558 MSHR_MERGE:    1391541
cpu29->cpu29_DTLB LOAD         ACCESS:   94814828 HIT:   92980270 MISS:    1834558 MSHR_MERGE:    1391541
cpu29->cpu29_DTLB RFO          ACCESS:          0 HIT:          0 MISS:          0 MSHR_MERGE:          0
cpu29->cpu29_DTLB PREFETCH     ACCESS:          0 HIT:          0 MISS:          0 MSHR_MERGE:          0
cpu29->cpu29_DTLB WRITE        ACCESS:          0 HIT:          0 MISS:          0 MSHR_MERGE:          0
cpu29->cpu29_DTLB TRANSLATION  ACCESS:          0 HIT:          0 MISS:          0 MSHR_MERGE:          0
cpu29->cpu29_DTLB PREFETCH REQUESTED:          0 ISSUED:          0 USEFUL:          0 USELESS:          0
cpu29->cpu29_DTLB AVERAGE MISS LATENCY: 6.89 cycles
cpu28->cpu28_STLB TOTAL        ACCESS:         39 HIT:          0 MISS:         39 MSHR_MERGE:          0
cpu28->cpu28_STLB LOAD         ACCESS:         39 HIT:          0 MISS:         39 MSHR_MERGE:          0
cpu28->cpu28_STLB RFO          ACCESS:          0 HIT:          0 MISS:          0 MSHR_MERGE:          0
cpu28->cpu28_STLB PREFETCH     ACCESS:          0 HIT:          0 MISS:          0 MSHR_MERGE:          0
cpu28->cpu28_STLB WRITE        ACCESS:          0 HIT:          0 MISS:          0 MSHR_MERGE:          0
cpu28->cpu28_STLB TRANSLATION  ACCESS:          0 HIT:          0 MISS:          0 MSHR_MERGE:          0
cpu28->cpu28_STLB PREFETCH REQUESTED:          0 ISSUED:          0 USEFUL:          0 USELESS:          0
cpu28->cpu28_STLB AVERAGE MISS LATENCY: 1041 cycles
cpu0->cpu28_L2C TOTAL        ACCESS:        261 HIT:        261 MISS:          0 MSHR_MERGE:          0
cpu0->cpu28_L2C LOAD         ACCESS:          0 HIT:          0 MISS:          0 MSHR_MERGE:          0
cpu0->cpu28_L2C RFO          ACCESS:          0 HIT:          0 MISS:          0 MSHR_MERGE:          0
cpu0->cpu28_L2C PREFETCH     ACCESS:          0 HIT:          0 MISS:          0 MSHR_MERGE:          0
cpu0->cpu28_L2C WRITE        ACCESS:        261 HIT:        261 MISS:          0 MSHR_MERGE:          0
cpu0->cpu28_L2C TRANSLATION  ACCESS:          0 HIT:          0 MISS:          0 MSHR_MERGE:          0
cpu0->cpu28_L2C PREFETCH REQUESTED:      96231 ISSUED:      95560 USEFUL:        136 USELESS:          0
cpu0->cpu28_L2C AVERAGE MISS LATENCY: - cycles
cpu28->cpu28_L2C TOTAL        ACCESS:     126527 HIT:     117183 MISS:       9344 MSHR_MERGE:        847
cpu28->cpu28_L2C LOAD         ACCESS:      20706 HIT:      20117 MISS:        589 MSHR_MERGE:         24
cpu28->cpu28_L2C RFO          ACCESS:         66 HIT:          6 MISS:         60 MSHR_MERGE:          0
cpu28->cpu28_L2C PREFETCH     ACCESS:     105686 HIT:      97053 MISS:       8633 MSHR_MERGE:        823
cpu28->cpu28_L2C WRITE        ACCESS:          7 HIT:          7 MISS:          0 MSHR_MERGE:          0
cpu28->cpu28_L2C TRANSLATION  ACCESS:         62 HIT:          0 MISS:         62 MSHR_MERGE:          0
cpu28->cpu28_L2C PREFETCH REQUESTED:      96231 ISSUED:      95560 USEFUL:        136 USELESS:          0
cpu28->cpu28_L2C AVERAGE MISS LATENCY: 297.1 cycles
cpu28->cpu28_L1I TOTAL        ACCESS:  160590254 HIT:  160494952 MISS:      95302 MSHR_MERGE:      64525
cpu28->cpu28_L1I LOAD         ACCESS:   85693030 HIT:   85648144 MISS:      44886 MSHR_MERGE:      24225
cpu28->cpu28_L1I RFO          ACCESS:          0 HIT:          0 MISS:          0 MSHR_MERGE:          0
cpu28->cpu28_L1I PREFETCH     ACCESS:   74897224 HIT:   74846808 MISS:      50416 MSHR_MERGE:      40300
cpu28->cpu28_L1I WRITE        ACCESS:          0 HIT:          0 MISS:          0 MSHR_MERGE:          0
cpu28->cpu28_L1I TRANSLATION  ACCESS:          0 HIT:          0 MISS:          0 MSHR_MERGE:          0
cpu28->cpu28_L1I PREFETCH REQUESTED:   85693059 ISSUED:   74897191 USEFUL:       8725 USELESS:       1369
cpu28->cpu28_L1I AVERAGE MISS LATENCY: 16.59 cycles
cpu28->cpu28_L1D TOTAL        ACCESS:  214355969 HIT:  214355189 MISS:        780 MSHR_MERGE:        597
cpu28->cpu28_L1D LOAD         ACCESS:   83776374 HIT:   83776283 MISS:         91 MSHR_MERGE:         46
cpu28->cpu28_L1D RFO          ACCESS:          0 HIT:          0 MISS:          0 MSHR_MERGE:          0
cpu28->cpu28_L1D PREFETCH     ACCESS:   16160592 HIT:   16160570 MISS:         22 MSHR_MERGE:         12
cpu28->cpu28_L1D WRITE        ACCESS:  114418924 HIT:  114418319 MISS:        605 MSHR_MERGE:        539
cpu28->cpu28_L1D TRANSLATION  ACCESS:         79 HIT:         17 MISS:         62 MSHR_MERGE:          0
cpu28->cpu28_L1D PREFETCH REQUESTED:   18067192 ISSUED:   16160576 USEFUL:         12 USELESS:          2
cpu28->cpu28_L1D AVERAGE MISS LATENCY: 392.4 cycles
cpu28_L1D FLUSH STALL CYCLES: 197
cpu28->cpu28_ITLB TOTAL        ACCESS:  109656842 HIT:  109656785 MISS:         57 MSHR_MERGE:         33
cpu28->cpu28_ITLB LOAD         ACCESS:  109656842 HIT:  109656785 MISS:         57 MSHR_MERGE:         33
cpu28->cpu28_ITLB RFO          ACCESS:          0 HIT:          0 MISS:          0 MSHR_MERGE:          0
cpu28->cpu28_ITLB PREFETCH     ACCESS:          0 HIT:          0 MISS:          0 MSHR_MERGE:          0
cpu28->cpu28_ITLB WRITE        ACCESS:          0 HIT:          0 MISS:          0 MSHR_MERGE:          0
cpu28->cpu28_ITLB TRANSLATION  ACCESS:          0 HIT:          0 MISS:          0 MSHR_MERGE:          0
cpu28->cpu28_ITLB PREFETCH REQUESTED:          0 ISSUED:          0 USEFUL:          0 USELESS:          0
cpu28->cpu28_ITLB AVERAGE MISS LATENCY: 1034 cycles
cpu28->cpu28_DTLB TOTAL        ACCESS:  169172482 HIT:  169172438 MISS:         44 MSHR_MERGE:         29
cpu28->cpu28_DTLB LOAD         ACCESS:  169172482 HIT:  169172438 MISS:         44 MSHR_MERGE:         29
cpu28->cpu28_DTLB RFO          ACCESS:          0 HIT:          0 MISS:          0 MSHR_MERGE:          0
cpu28->cpu28_DTLB PREFETCH     ACCESS:          0 HIT:          0 MISS:          0 MSHR_MERGE:          0
cpu28->cpu28_DTLB WRITE        ACCESS:          0 HIT:          0 MISS:          0 MSHR_MERGE:          0
cpu28->cpu28_DTLB TRANSLATION  ACCESS:          0 HIT:          0 MISS:          0 MSHR_MERGE:          0
cpu28->cpu28_DTLB PREFETCH REQUESTED:          0 ISSUED:          0 USEFUL:          0 USELESS:          0
cpu28->cpu28_DTLB AVERAGE MISS LATENCY: 1070 cycles
cpu27->cpu27_STLB TOTAL        ACCESS:     130845 HIT:     128482 MISS:       2363 MSHR_MERGE:          0
cpu27->cpu27_STLB LOAD         ACCESS:     130845 HIT:     128482 MISS:       2363 MSHR_MERGE:          0
cpu27->cpu27_STLB RFO          ACCESS:          0 HIT:          0 MISS:          0 MSHR_MERGE:          0
cpu27->cpu27_STLB PREFETCH     ACCESS:          0 HIT:          0 MISS:          0 MSHR_MERGE:          0
cpu27->cpu27_STLB WRITE        ACCESS:          0 HIT:          0 MISS:          0 MSHR_MERGE:          0
cpu27->cpu27_STLB TRANSLATION  ACCESS:          0 HIT:          0 MISS:          0 MSHR_MERGE:          0
cpu27->cpu27_STLB PREFETCH REQUESTED:          0 ISSUED:          0 USEFUL:          0 USELESS:          0
cpu27->cpu27_STLB AVERAGE MISS LATENCY: 1208 cycles
cpu0->cpu27_L2C TOTAL        ACCESS:        213 HIT:        207 MISS:          6 MSHR_MERGE:          0
cpu0->cpu27_L2C LOAD         ACCESS:          0 HIT:          0 MISS:          0 MSHR_MERGE:          0
cpu0->cpu27_L2C RFO          ACCESS:          0 HIT:          0 MISS:          0 MSHR_MERGE:          0
cpu0->cpu27_L2C PREFETCH     ACCESS:          0 HIT:          0 MISS:          0 MSHR_MERGE:          0
cpu0->cpu27_L2C WRITE        ACCESS:        213 HIT:        207 MISS:          6 MSHR_MERGE:          0
cpu0->cpu27_L2C TRANSLATION  ACCESS:          0 HIT:          0 MISS:          0 MSHR_MERGE:          0
cpu0->cpu27_L2C PREFETCH REQUESTED:    4318642 ISSUED:    4317993 USEFUL:      20869 USELESS:        639
cpu0->cpu27_L2C AVERAGE MISS LATENCY: 8.286e+05 cycles
cpu27->cpu27_L2C TOTAL        ACCESS:    5931985 HIT:    5402651 MISS:     529334 MSHR_MERGE:       2161
cpu27->cpu27_L2C LOAD         ACCESS:    1076797 HIT:    1040025 MISS:      36772 MSHR_MERGE:          4
cpu27->cpu27_L2C RFO          ACCESS:       4528 HIT:       4527 MISS:          1 MSHR_MERGE:          0
cpu27->cpu27_L2C PREFETCH     ACCESS:    4442573 HIT:    3953854 MISS:     488719 MSHR_MERGE:       2157
cpu27->cpu27_L2C WRITE        ACCESS:     403745 HIT:     403704 MISS:         41 MSHR_MERGE:          0
cpu27->cpu27_L2C TRANSLATION  ACCESS:       4342 HIT:        541 MISS:       3801 MSHR_MERGE:          0
cpu27->cpu27_L2C PREFETCH REQUESTED:    4318642 ISSUED:    4317993 USEFUL:      20869 USELESS:        639
cpu27->cpu27_L2C AVERAGE MISS LATENCY: 122.4 cycles
cpu27_L2C FLUSH STALL CYCLES: 1208
cpu27->cpu27_L1I TOTAL        ACCESS:      16580 HIT:      16578 MISS:          2 MSHR_MERGE:          0
cpu27->cpu27_L1I LOAD         ACCESS:       8284 HIT:       8284 MISS:          0 MSHR_MERGE:          0
cpu27->cpu27_L1I RFO          ACCESS:          0 HIT:          0 MISS:          0 MSHR_MERGE:          0
cpu27->cpu27_L1I PREFETCH     ACCESS:       8296 HIT:       8294 MISS:          2 MSHR_MERGE:          0
cpu27->cpu27_L1I WRITE        ACCESS:          0 HIT:          0 MISS:          0 MSHR_MERGE:          0
cpu27->cpu27_L1I TRANSLATION  ACCESS:          0 HIT:          0 MISS:          0 MSHR_MERGE:          0
cpu27->cpu27_L1I PREFETCH REQUESTED:       8284 ISSUED:       8264 USEFUL:          1 USELESS:          0
cpu27->cpu27_L1I AVERAGE MISS LATENCY: - cycles
cpu27->cpu27_L1D TOTAL        ACCESS:   95215437 HIT:   93920855 MISS:    1294582 MSHR_MERGE:      84336
cpu27->cpu27_L1D LOAD         ACCESS:   61782688 HIT:   60635516 MISS:    1147172 MSHR_MERGE:      70375
cpu27->cpu27_L1D RFO          ACCESS:          0 HIT:          0 MISS:          0 MSHR_MERGE:          0
cpu27->cpu27_L1D PREFETCH     ACCESS:     334158 HIT:     207960 MISS:     126198 MSHR_MERGE:       1620
cpu27->cpu27_L1D WRITE        ACCESS:   33093830 HIT:   33076960 MISS:      16870 MSHR_MERGE:      12341
cpu27->cpu27_L1D TRANSLATION  ACCESS:       4761 HIT:        419 MISS:       4342 MSHR_MERGE:          0
cpu27->cpu27_L1D PREFETCH REQUESTED:     334162 ISSUED:     334142 USEFUL:      96963 USELESS:      27607
cpu27->cpu27_L1D AVERAGE MISS LATENCY: 14.62 cycles
cpu27_L1D FLUSH STALL CYCLES: 149
cpu27->cpu27_ITLB TOTAL        ACCESS:      11916 HIT:      11916 MISS:          0 MSHR_MERGE:          0
cpu27->cpu27_ITLB LOAD         ACCESS:      11916 HIT:      11916 MISS:          0 MSHR_MERGE:          0
cpu27->cpu27_ITLB RFO          ACCESS:          0 HIT:          0 MISS:          0 MSHR_MERGE:          0
cpu27->cpu27_ITLB PREFETCH     ACCESS:          0 HIT:          0 MISS:          0 MSHR_MERGE:          0
cpu27->cpu27_ITLB WRITE        ACCESS:          0 HIT:          0 MISS:          0 MSHR_MERGE:          0
cpu27->cpu27_ITLB TRANSLATION  ACCESS:          0 HIT:          0 MISS:          0 MSHR_MERGE:          0
cpu27->cpu27_ITLB PREFETCH REQUESTED:          0 ISSUED:          0 USEFUL:          0 USELESS:          0
cpu27->cpu27_ITLB AVERAGE MISS LATENCY: - cycles
cpu27->cpu27_DTLB TOTAL        ACCESS:   89984638 HIT:   89795435 MISS:     189203 MSHR_MERGE:      58358
cpu27->cpu27_DTLB LOAD         ACCESS:   89984638 HIT:   89795435 MISS:     189203 MSHR_MERGE:      58358
cpu27->cpu27_DTLB RFO          ACCESS:          0 HIT:          0 MISS:          0 MSHR_MERGE:          0
cpu27->cpu27_DTLB PREFETCH     ACCESS:          0 HIT:          0 MISS:          0 MSHR_MERGE:          0
cpu27->cpu27_DTLB WRITE        ACCESS:          0 HIT:          0 MISS:          0 MSHR_MERGE:          0
cpu27->cpu27_DTLB TRANSLATION  ACCESS:          0 HIT:          0 MISS:          0 MSHR_MERGE:          0
cpu27->cpu27_DTLB PREFETCH REQUESTED:          0 ISSUED:          0 USEFUL:          0 USELESS:          0
cpu27->cpu27_DTLB AVERAGE MISS LATENCY: 26.83 cycles
cpu26->cpu26_STLB TOTAL        ACCESS:   18999618 HIT:   18969067 MISS:      30551 MSHR_MERGE:          0
cpu26->cpu26_STLB LOAD         ACCESS:   18999618 HIT:   18969067 MISS:      30551 MSHR_MERGE:          0
cpu26->cpu26_STLB RFO          ACCESS:          0 HIT:          0 MISS:          0 MSHR_MERGE:          0
cpu26->cpu26_STLB PREFETCH     ACCESS:          0 HIT:          0 MISS:          0 MSHR_MERGE:          0
cpu26->cpu26_STLB WRITE        ACCESS:          0 HIT:          0 MISS:          0 MSHR_MERGE:          0
cpu26->cpu26_STLB TRANSLATION  ACCESS:          0 HIT:          0 MISS:          0 MSHR_MERGE:          0
cpu26->cpu26_STLB PREFETCH REQUESTED:          0 ISSUED:          0 USEFUL:          0 USELESS:          0
cpu26->cpu26_STLB AVERAGE MISS LATENCY: 1015 cycles
cpu0->cpu26_L2C TOTAL        ACCESS:         39 HIT:         39 MISS:          0 MSHR_MERGE:          0
cpu0->cpu26_L2C LOAD         ACCESS:          0 HIT:          0 MISS:          0 MSHR_MERGE:          0
cpu0->cpu26_L2C RFO          ACCESS:          0 HIT:          0 MISS:          0 MSHR_MERGE:          0
cpu0->cpu26_L2C PREFETCH     ACCESS:          0 HIT:          0 MISS:          0 MSHR_MERGE:          0
cpu0->cpu26_L2C WRITE        ACCESS:         39 HIT:         39 MISS:          0 MSHR_MERGE:          0
cpu0->cpu26_L2C TRANSLATION  ACCESS:          0 HIT:          0 MISS:          0 MSHR_MERGE:          0
cpu0->cpu26_L2C PREFETCH REQUESTED:   22911881 ISSUED:   22886389 USEFUL:     507765 USELESS:     473560
cpu0->cpu26_L2C AVERAGE MISS LATENCY: - cycles
cpu26->cpu26_L2C TOTAL        ACCESS:   54383590 HIT:   39212575 MISS:   15171015 MSHR_MERGE:    1399485
cpu26->cpu26_L2C LOAD         ACCESS:   27520773 HIT:   19952827 MISS:    7567946 MSHR_MERGE:      16930
cpu26->cpu26_L2C RFO          ACCESS:    1493852 HIT:    1372437 MISS:     121415 MSHR_MERGE:          0
cpu26->cpu26_L2C PREFETCH     ACCESS:   23198057 HIT:   15854045 MISS:    7344012 MSHR_MERGE:    1382555
cpu26->cpu26_L2C WRITE        ACCESS:    2093103 HIT:    2015316 MISS:      77787 MSHR_MERGE:          0
cpu26->cpu26_L2C TRANSLATION  ACCESS:      77805 HIT:      17950 MISS:      59855 MSHR_MERGE:          0
cpu26->cpu26_L2C PREFETCH REQUESTED:   22911881 ISSUED:   22886389 USEFUL:     507765 USELESS:     473560
cpu26->cpu26_L2C AVERAGE MISS LATENCY: 61.62 cycles
cpu26_L2C FLUSH STALL CYCLES: 5374
cpu26->cpu26_L1I TOTAL        ACCESS:   83730950 HIT:   83730949 MISS:          1 MSHR_MERGE:          0
cpu26->cpu26_L1I LOAD         ACCESS:   43551853 HIT:   43551853 MISS:          0 MSHR_MERGE:          0
cpu26->cpu26_L1I RFO          ACCESS:          0 HIT:          0 MISS:          0 MSHR_MERGE:          0
cpu26->cpu26_L1I PREFETCH     ACCESS:   40179097 HIT:   40179096 MISS:          1 MSHR_MERGE:          0
cpu26->cpu26_L1I WRITE        ACCESS:          0 HIT:          0 MISS:          0 MSHR_MERGE:          0
cpu26->cpu26_L1I TRANSLATION  ACCESS:          0 HIT:          0 MISS:          0 MSHR_MERGE:          0
cpu26->cpu26_L1I PREFETCH REQUESTED:   43551853 ISSUED:   40179083 USEFUL:          0 USELESS:          0
cpu26->cpu26_L1I AVERAGE MISS LATENCY: - cycles
cpu26->cpu26_L1D TOTAL        ACCESS:   71550814 HIT:   39394726 MISS:   32156088 MSHR_MERGE:    2735442
cpu26->cpu26_L1D LOAD         ACCESS:   42269891 HIT:   12620730 MISS:   29649161 MSHR_MERGE:    2113156
cpu26->cpu26_L1D RFO          ACCESS:          0 HIT:          0 MISS:          0 MSHR_MERGE:          0
cpu26->cpu26_L1D PREFETCH     ACCESS:     412980 HIT:      74466 MISS:     338514 MSHR_MERGE:      26805
cpu26->cpu26_L1D WRITE        ACCESS:   28789773 HIT:   26699257 MISS:    2090516 MSHR_MERGE:     595389
cpu26->cpu26_L1D TRANSLATION  ACCESS:      78170 HIT:        273 MISS:      77897 MSHR_MERGE:         92
cpu26->cpu26_L1D PREFETCH REQUESTED:     412980 ISSUED:     412980 USEFUL:       1146 USELESS:      70433
cpu26->cpu26_L1D AVERAGE MISS LATENCY: 27.06 cycles
cpu26->cpu26_ITLB TOTAL        ACCESS:   56000893 HIT:   56000892 MISS:          1 MSHR_MERGE:          0
cpu26->cpu26_ITLB LOAD         ACCESS:   56000893 HIT:   56000892 MISS:          1 MSHR_MERGE:          0
cpu26->cpu26_ITLB RFO          ACCESS:          0 HIT:          0 MISS:          0 MSHR_MERGE:          0
cpu26->cpu26_ITLB PREFETCH     ACCESS:          0 HIT:          0 MISS:          0 MSHR_MERGE:          0
cpu26->cpu26_ITLB WRITE        ACCESS:          0 HIT:          0 MISS:          0 MSHR_MERGE:          0
cpu26->cpu26_ITLB TRANSLATION  ACCESS:          0 HIT:          0 MISS:          0 MSHR_MERGE:          0
cpu26->cpu26_ITLB PREFETCH REQUESTED:          0 ISSUED:          0 USEFUL:          0 USELESS:          0
cpu26->cpu26_ITLB AVERAGE MISS LATENCY: 944 cycles
cpu26->cpu26_DTLB TOTAL        ACCESS:   66054060 HIT:   42054042 MISS:   24000018 MSHR_MERGE:    5000401
cpu26->cpu26_DTLB LOAD         ACCESS:   66054060 HIT:   42054042 MISS:   24000018 MSHR_MERGE:    5000401
cpu26->cpu26_DTLB RFO          ACCESS:          0 HIT:          0 MISS:          0 MSHR_MERGE:          0
cpu26->cpu26_DTLB PREFETCH     ACCESS:          0 HIT:          0 MISS:          0 MSHR_MERGE:          0
cpu26->cpu26_DTLB WRITE        ACCESS:          0 HIT:          0 MISS:          0 MSHR_MERGE:          0
cpu26->cpu26_DTLB TRANSLATION  ACCESS:          0 HIT:          0 MISS:          0 MSHR_MERGE:          0
cpu26->cpu26_DTLB PREFETCH REQUESTED:          0 ISSUED:          0 USEFUL:          0 USELESS:          0
cpu26->cpu26_DTLB AVERAGE MISS LATENCY: 6.719 cycles
cpu25->cpu25_STLB TOTAL        ACCESS:     788559 HIT:     758156 MISS:      30403 MSHR_MERGE:          0
cpu25->cpu25_STLB LOAD         ACCESS:     788559 HIT:     758156 MISS:      30403 MSHR_MERGE:          0
cpu25->cpu25_STLB RFO          ACCESS:          0 HIT:          0 MISS:          0 MSHR_MERGE:          0
cpu25->cpu25_STLB PREFETCH     ACCESS:          0 HIT:          0 MISS:          0 MSHR_MERGE:          0
cpu25->cpu25_STLB WRITE        ACCESS:          0 HIT:          0 MISS:          0 MSHR_MERGE:          0
cpu25->cpu25_STLB TRANSLATION  ACCESS:          0 HIT:          0 MISS:          0 MSHR_MERGE:          0
cpu25->cpu25_STLB PREFETCH REQUESTED:          0 ISSUED:          0 USEFUL:          0 USELESS:          0
cpu25->cpu25_STLB AVERAGE MISS LATENCY: 784.6 cycles
cpu0->cpu25_L2C TOTAL        ACCESS:        213 HIT:        212 MISS:          1 MSHR_MERGE:          0
cpu0->cpu25_L2C LOAD         ACCESS:          0 HIT:          0 MISS:          0 MSHR_MERGE:          0
cpu0->cpu25_L2C RFO          ACCESS:          0 HIT:          0 MISS:          0 MSHR_MERGE:          0
cpu0->cpu25_L2C PREFETCH     ACCESS:          0 HIT:          0 MISS:          0 MSHR_MERGE:          0
cpu0->cpu25_L2C WRITE        ACCESS:        213 HIT:        212 MISS:          1 MSHR_MERGE:          0
cpu0->cpu25_L2C TRANSLATION  ACCESS:          0 HIT:          0 MISS:          0 MSHR_MERGE:          0
cpu0->cpu25_L2C PREFETCH REQUESTED:    2311806 ISSUED:    2311806 USEFUL:       1028 USELESS:        315
cpu0->cpu25_L2C AVERAGE MISS LATENCY: 1.026e+08 cycles
cpu25->cpu25_L2C TOTAL        ACCESS:    5693032 HIT:    4869837 MISS:     823195 MSHR_MERGE:     105721
cpu25->cpu25_L2C LOAD         ACCESS:    2184406 HIT:    1949955 MISS:     234451 MSHR_MERGE:        140
cpu25->cpu25_L2C RFO          ACCESS:      67492 HIT:      56426 MISS:      11066 MSHR_MERGE:          0
cpu25->cpu25_L2C PREFETCH     ACCESS:    3169004 HIT:    2643593 MISS:     525411 MSHR_MERGE:     105581
cpu25->cpu25_L2C WRITE        ACCESS:     212122 HIT:     205863 MISS:       6259 MSHR_MERGE:          0
cpu25->cpu25_L2C TRANSLATION  ACCESS:      60008 HIT:      14000 MISS:      46008 MSHR_MERGE:          0
cpu25->cpu25_L2C PREFETCH REQUESTED:    2311806 ISSUED:    2311806 USEFUL:       1028 USELESS:        315
cpu25->cpu25_L2C AVERAGE MISS LATENCY: 344.4 cycles
cpu25_L2C FLUSH STALL CYCLES: 10567
cpu25->cpu25_L1I TOTAL        ACCESS:   59227851 HIT:   55513199 MISS:    3714652 MSHR_MERGE:    1420386
cpu25->cpu25_L1I LOAD         ACCESS:   30106185 HIT:   28027000 MISS:    2079185 MSHR_MERGE:     567176
cpu25->cpu25_L1I RFO          ACCESS:          0 HIT:          0 MISS:          0 MSHR_MERGE:          0
cpu25->cpu25_L1I PREFETCH     ACCESS:   29121666 HIT:   27486199 MISS:    1635467 MSHR_MERGE:     853210
cpu25->cpu25_L1I WRITE        ACCESS:          0 HIT:          0 MISS:          0 MSHR_MERGE:          0
cpu25->cpu25_L1I TRANSLATION  ACCESS:          0 HIT:          0 MISS:          0 MSHR_MERGE:          0
cpu25->cpu25_L1I PREFETCH REQUESTED:   30150072 ISSUED:   29121634 USEFUL:     215807 USELESS:     566440
cpu25->cpu25_L1I AVERAGE MISS LATENCY: 10.68 cycles
cpu25->cpu25_L1D TOTAL        ACCESS:   78633185 HIT:   77372016 MISS:    1261169 MSHR_MERGE:     386319
cpu25->cpu25_L1D LOAD         ACCESS:   32695162 HIT:   31795405 MISS:     899757 MSHR_MERGE:     227357
cpu25->cpu25_L1D RFO          ACCESS:          0 HIT:          0 MISS:          0 MSHR_MERGE:          0
cpu25->cpu25_L1D PREFETCH     ACCESS:     342483 HIT:     255405 MISS:      87078 MSHR_MERGE:      12136
cpu25->cpu25_L1D WRITE        ACCESS:   45529471 HIT:   45315333 MISS:     214138 MSHR_MERGE:     146638
cpu25->cpu25_L1D TRANSLATION  ACCESS:      66069 HIT:       5873 MISS:      60196 MSHR_MERGE:        188
cpu25->cpu25_L1D PREFETCH REQUESTED:     353038 ISSUED:     342467 USEFUL:      36788 USELESS:      37877
cpu25->cpu25_L1D AVERAGE MISS LATENCY: 135.9 cycles
cpu25_L1D FLUSH STALL CYCLES: 149
cpu25->cpu25_ITLB TOTAL        ACCESS:   44963545 HIT:   44760572 MISS:     202973 MSHR_MERGE:     123010
cpu25->cpu25_ITLB LOAD         ACCESS:   44963545 HIT:   44760572 MISS:     202973 MSHR_MERGE:     123010
cpu25->cpu25_ITLB RFO          ACCESS:          0 HIT:          0 MISS:          0 MSHR_MERGE:          0
cpu25->cpu25_ITLB PREFETCH     ACCESS:          0 HIT:          0 MISS:          0 MSHR_MERGE:          0
cpu25->cpu25_ITLB WRITE        ACCESS:          0 HIT:          0 MISS:          0 MSHR_MERGE:          0
cpu25->cpu25_ITLB TRANSLATION  ACCESS:          0 HIT:          0 MISS:          0 MSHR_MERGE:          0
cpu25->cpu25_ITLB PREFETCH REQUESTED:          0 ISSUED:          0 USEFUL:          0 USELESS:          0
cpu25->cpu25_ITLB AVERAGE MISS LATENCY: 15.49 cycles
cpu25->cpu25_DTLB TOTAL        ACCESS:   70942491 HIT:   69962450 MISS:     980041 MSHR_MERGE:     271445
cpu25->cpu25_DTLB LOAD         ACCESS:   70942491 HIT:   69962450 MISS:     980041 MSHR_MERGE:     271445
cpu25->cpu25_DTLB RFO          ACCESS:          0 HIT:          0 MISS:          0 MSHR_MERGE:          0
cpu25->cpu25_DTLB PREFETCH     ACCESS:          0 HIT:          0 MISS:          0 MSHR_MERGE:          0
cpu25->cpu25_DTLB WRITE        ACCESS:          0 HIT:          0 MISS:          0 MSHR_MERGE:          0
cpu25->cpu25_DTLB TRANSLATION  ACCESS:          0 HIT:          0 MISS:          0 MSHR_MERGE:          0
cpu25->cpu25_DTLB PREFETCH REQUESTED:          0 ISSUED:          0 USEFUL:          0 USELESS:          0
cpu25->cpu25_DTLB AVERAGE MISS LATENCY: 37.52 cycles
cpu24->cpu24_STLB TOTAL        ACCESS:       1528 HIT:          3 MISS:       1525 MSHR_MERGE:          0
cpu24->cpu24_STLB LOAD         ACCESS:       1528 HIT:          3 MISS:       1525 MSHR_MERGE:          0
cpu24->cpu24_STLB RFO          ACCESS:          0 HIT:          0 MISS:          0 MSHR_MERGE:          0
cpu24->cpu24_STLB PREFETCH     ACCESS:          0 HIT:          0 MISS:          0 MSHR_MERGE:          0
cpu24->cpu24_STLB WRITE        ACCESS:          0 HIT:          0 MISS:          0 MSHR_MERGE:          0
cpu24->cpu24_STLB TRANSLATION  ACCESS:          0 HIT:          0 MISS:          0 MSHR_MERGE:          0
cpu24->cpu24_STLB PREFETCH REQUESTED:          0 ISSUED:          0 USEFUL:          0 USELESS:          0
cpu24->cpu24_STLB AVERAGE MISS LATENCY: 1014 cycles
cpu0->cpu24_L2C TOTAL        ACCESS:        646 HIT:        493 MISS:        153 MSHR_MERGE:          0
cpu0->cpu24_L2C LOAD         ACCESS:          0 HIT:          0 MISS:          0 MSHR_MERGE:          0
cpu0->cpu24_L2C RFO          ACCESS:          0 HIT:          0 MISS:          0 MSHR_MERGE:          0
cpu0->cpu24_L2C PREFETCH     ACCESS:          0 HIT:          0 MISS:          0 MSHR_MERGE:          0
cpu0->cpu24_L2C WRITE        ACCESS:        646 HIT:        493 MISS:        153 MSHR_MERGE:          0
cpu0->cpu24_L2C TRANSLATION  ACCESS:          0 HIT:          0 MISS:          0 MSHR_MERGE:          0
cpu0->cpu24_L2C PREFETCH REQUESTED:      20973 ISSUED:      20973 USEFUL:         17 USELESS:          6
cpu0->cpu24_L2C AVERAGE MISS LATENCY: 2.998e+05 cycles
cpu24->cpu24_L2C TOTAL        ACCESS:     227634 HIT:      75005 MISS:     152629 MSHR_MERGE:       6597
cpu24->cpu24_L2C LOAD         ACCESS:       3254 HIT:       2632 MISS:        622 MSHR_MERGE:         17
cpu24->cpu24_L2C RFO          ACCESS:      89212 HIT:       1068 MISS:      88144 MSHR_MERGE:          0
cpu24->cpu24_L2C PREFETCH     ACCESS:      43837 HIT:      20193 MISS:      23644 MSHR_MERGE:       6580
cpu24->cpu24_L2C WRITE        ACCESS:      89521 HIT:      51060 MISS:      38461 MSHR_MERGE:          0
cpu24->cpu24_L2C TRANSLATION  ACCESS:       1810 HIT:         52 MISS:       1758 MSHR_MERGE:          0
cpu24->cpu24_L2C PREFETCH REQUESTED:      20973 ISSUED:      20973 USEFUL:         17 USELESS:          6
cpu24->cpu24_L2C AVERAGE MISS LATENCY: 355.6 cycles
cpu24_L2C FLUSH STALL CYCLES: 28844
cpu24->cpu24_L1I TOTAL        ACCESS:   49627963 HIT:   49627962 MISS:          1 MSHR_MERGE:          0
cpu24->cpu24_L1I LOAD         ACCESS:   29058778 HIT:   29058778 MISS:          0 MSHR_MERGE:          0
cpu24->cpu24_L1I RFO          ACCESS:          0 HIT:          0 MISS:          0 MSHR_MERGE:          0
cpu24->cpu24_L1I PREFETCH     ACCESS:   20569185 HIT:   20569184 MISS:          1 MSHR_MERGE:          0
cpu24->cpu24_L1I WRITE        ACCESS:          0 HIT:          0 MISS:          0 MSHR_MERGE:          0
cpu24->cpu24_L1I TRANSLATION  ACCESS:          0 HIT:          0 MISS:          0 MSHR_MERGE:          0
cpu24->cpu24_L1I PREFETCH REQUESTED:   29058778 ISSUED:   20569185 USEFUL:          0 USELESS:          0
cpu24->cpu24_L1I AVERAGE MISS LATENCY: - cycles
cpu24->cpu24_L1D TOTAL        ACCESS:  151211446 HIT:  150517702 MISS:     693744 MSHR_MERGE:     576590
cpu24->cpu24_L1D LOAD         ACCESS:  122724733 HIT:  122718770 MISS:       5963 MSHR_MERGE:       2709
cpu24->cpu24_L1D RFO          ACCESS:          0 HIT:          0 MISS:          0 MSHR_MERGE:          0
cpu24->cpu24_L1D PREFETCH     ACCESS:     995520 HIT:     970817 MISS:      24703 MSHR_MERGE:       1828
cpu24->cpu24_L1D WRITE        ACCESS:   27488141 HIT:   26826875 MISS:     661266 MSHR_MERGE:     572051
cpu24->cpu24_L1D TRANSLATION  ACCESS:       3052 HIT:       1240 MISS:       1812 MSHR_MERGE:          2
cpu24->cpu24_L1D PREFETCH REQUESTED:     995520 ISSUED:     995520 USEFUL:       7675 USELESS:        146
cpu24->cpu24_L1D AVERAGE MISS LATENCY: 494.5 cycles
cpu24_L1D FLUSH STALL CYCLES: 582
cpu24->cpu24_ITLB TOTAL        ACCESS:   35091728 HIT:   35091728 MISS:          0 MSHR_MERGE:          0
cpu24->cpu24_ITLB LOAD         ACCESS:   35091728 HIT:   35091728 MISS:          0 MSHR_MERGE:          0
cpu24->cpu24_ITLB RFO          ACCESS:          0 HIT:          0 MISS:          0 MSHR_MERGE:          0
cpu24->cpu24_ITLB PREFETCH     ACCESS:          0 HIT:          0 MISS:          0 MSHR_MERGE:          0
cpu24->cpu24_ITLB WRITE        ACCESS:          0 HIT:          0 MISS:          0 MSHR_MERGE:          0
cpu24->cpu24_ITLB TRANSLATION  ACCESS:          0 HIT:          0 MISS:          0 MSHR_MERGE:          0
cpu24->cpu24_ITLB PREFETCH REQUESTED:          0 ISSUED:          0 USEFUL:          0 USELESS:          0
cpu24->cpu24_ITLB AVERAGE MISS LATENCY: - cycles
cpu24->cpu24_DTLB TOTAL        ACCESS:  139102690 HIT:  139084834 MISS:      17856 MSHR_MERGE:      16328
cpu24->cpu24_DTLB LOAD         ACCESS:  139102690 HIT:  139084834 MISS:      17856 MSHR_MERGE:      16328
cpu24->cpu24_DTLB RFO          ACCESS:          0 HIT:          0 MISS:          0 MSHR_MERGE:          0
cpu24->cpu24_DTLB PREFETCH     ACCESS:          0 HIT:          0 MISS:          0 MSHR_MERGE:          0
cpu24->cpu24_DTLB WRITE        ACCESS:          0 HIT:          0 MISS:          0 MSHR_MERGE:          0
cpu24->cpu24_DTLB TRANSLATION  ACCESS:          0 HIT:          0 MISS:          0 MSHR_MERGE:          0
cpu24->cpu24_DTLB PREFETCH REQUESTED:          0 ISSUED:          0 USEFUL:          0 USELESS:          0
cpu24->cpu24_DTLB AVERAGE MISS LATENCY: 1018 cycles
cpu23->cpu23_STLB TOTAL        ACCESS:     167192 HIT:     166761 MISS:        431 MSHR_MERGE:          0
cpu23->cpu23_STLB LOAD         ACCESS:     167192 HIT:     166761 MISS:        431 MSHR_MERGE:          0
cpu23->cpu23_STLB RFO          ACCESS:          0 HIT:          0 MISS:          0 MSHR_MERGE:          0
cpu23->cpu23_STLB PREFETCH     ACCESS:          0 HIT:          0 MISS:          0 MSHR_MERGE:          0
cpu23->cpu23_STLB WRITE        ACCESS:          0 HIT:          0 MISS:          0 MSHR_MERGE:          0
cpu23->cpu23_STLB TRANSLATION  ACCESS:          0 HIT:          0 MISS:          0 MSHR_MERGE:          0
cpu23->cpu23_STLB PREFETCH REQUESTED:          0 ISSUED:          0 USEFUL:          0 USELESS:          0
cpu23->cpu23_STLB AVERAGE MISS LATENCY: 1308 cycles
cpu0->cpu23_L2C TOTAL        ACCESS:        407 HIT:        407 MISS:          0 MSHR_MERGE:          0
cpu0->cpu23_L2C LOAD         ACCESS:          0 HIT:          0 MISS:          0 MSHR_MERGE:          0
cpu0->cpu23_L2C RFO          ACCESS:          0 HIT:          0 MISS:          0 MSHR_MERGE:          0
cpu0->cpu23_L2C PREFETCH     ACCESS:          0 HIT:          0 MISS:          0 MSHR_MERGE:          0
cpu0->cpu23_L2C WRITE        ACCESS:        407 HIT:        407 MISS:          0 MSHR_MERGE:          0
cpu0->cpu23_L2C TRANSLATION  ACCESS:          0 HIT:          0 MISS:          0 MSHR_MERGE:          0
cpu0->cpu23_L2C PREFETCH REQUESTED:     370068 ISSUED:     370068 USEFUL:          5 USELESS:          2
cpu0->cpu23_L2C AVERAGE MISS LATENCY: - cycles
cpu23->cpu23_L2C TOTAL        ACCESS:    1243336 HIT:    1214964 MISS:      28372 MSHR_MERGE:       1939
cpu23->cpu23_L2C LOAD         ACCESS:     520703 HIT:     518517 MISS:       2186 MSHR_MERGE:          0
cpu23->cpu23_L2C RFO          ACCESS:      66726 HIT:      66672 MISS:         54 MSHR_MERGE:          0
cpu23->cpu23_L2C PREFETCH     ACCESS:     510564 HIT:     485302 MISS:      25262 MSHR_MERGE:       1939
cpu23->cpu23_L2C WRITE        ACCESS:     144483 HIT:     144464 MISS:         19 MSHR_MERGE:          0
cpu23->cpu23_L2C TRANSLATION  ACCESS:        860 HIT:          9 MISS:        851 MSHR_MERGE:          0
cpu23->cpu23_L2C PREFETCH REQUESTED:     370068 ISSUED:     370068 USEFUL:          5 USELESS:          2
cpu23->cpu23_L2C AVERAGE MISS LATENCY: 445.9 cycles
cpu23_L2C FLUSH STALL CYCLES: 20686
cpu23->cpu23_L1I TOTAL        ACCESS:   80605897 HIT:   80318070 MISS:     287827 MSHR_MERGE:     151309
cpu23->cpu23_L1I LOAD         ACCESS:   40897664 HIT:   40752914 MISS:     144750 MSHR_MERGE:      68219
cpu23->cpu23_L1I RFO          ACCESS:          0 HIT:          0 MISS:          0 MSHR_MERGE:          0
cpu23->cpu23_L1I PREFETCH     ACCESS:   39708233 HIT:   39565156 MISS:     143077 MSHR_MERGE:      83090
cpu23->cpu23_L1I WRITE        ACCESS:          0 HIT:          0 MISS:          0 MSHR_MERGE:          0
cpu23->cpu23_L1I TRANSLATION  ACCESS:          0 HIT:          0 MISS:          0 MSHR_MERGE:          0
cpu23->cpu23_L1I PREFETCH REQUESTED:   40897664 ISSUED:   39708223 USEFUL:      33769 USELESS:      26218
cpu23->cpu23_L1I AVERAGE MISS LATENCY: 9 cycles
cpu23->cpu23_L1D TOTAL        ACCESS:  112868044 HIT:  112120481 MISS:     747563 MSHR_MERGE:     155244
cpu23->cpu23_L1D LOAD         ACCESS:   63158811 HIT:   62696022 MISS:     462789 MSHR_MERGE:      18603
cpu23->cpu23_L1D RFO          ACCESS:          0 HIT:          0 MISS:          0 MSHR_MERGE:          0
cpu23->cpu23_L1D PREFETCH     ACCESS:    6468380 HIT:    6355681 MISS:     112699 MSHR_MERGE:      32190
cpu23->cpu23_L1D WRITE        ACCESS:   43239991 HIT:   43068776 MISS:     171215 MSHR_MERGE:     104451
cpu23->cpu23_L1D TRANSLATION  ACCESS:        862 HIT:          2 MISS:        860 MSHR_MERGE:          0
cpu23->cpu23_L1D PREFETCH REQUESTED:    6469171 ISSUED:    6468380 USEFUL:      59215 USELESS:      21271
cpu23->cpu23_L1D AVERAGE MISS LATENCY: 12.64 cycles
cpu23_L1D FLUSH STALL CYCLES: 343
cpu23->cpu23_ITLB TOTAL        ACCESS:   65033650 HIT:   65033650 MISS:          0 MSHR_MERGE:          0
cpu23->cpu23_ITLB LOAD         ACCESS:   65033650 HIT:   65033650 MISS:          0 MSHR_MERGE:          0
cpu23->cpu23_ITLB RFO          ACCESS:          0 HIT:          0 MISS:          0 MSHR_MERGE:          0
cpu23->cpu23_ITLB PREFETCH     ACCESS:          0 HIT:          0 MISS:          0 MSHR_MERGE:          0
cpu23->cpu23_ITLB WRITE        ACCESS:          0 HIT:          0 MISS:          0 MSHR_MERGE:          0
cpu23->cpu23_ITLB TRANSLATION  ACCESS:          0 HIT:          0 MISS:          0 MSHR_MERGE:          0
cpu23->cpu23_ITLB PREFETCH REQUESTED:          0 ISSUED:          0 USEFUL:          0 USELESS:          0
cpu23->cpu23_ITLB AVERAGE MISS LATENCY: - cycles
cpu23->cpu23_DTLB TOTAL        ACCESS:   99801775 HIT:   99615311 MISS:     186464 MSHR_MERGE:      19272
cpu23->cpu23_DTLB LOAD         ACCESS:   99801775 HIT:   99615311 MISS:     186464 MSHR_MERGE:      19272
cpu23->cpu23_DTLB RFO          ACCESS:          0 HIT:          0 MISS:          0 MSHR_MERGE:          0
cpu23->cpu23_DTLB PREFETCH     ACCESS:          0 HIT:          0 MISS:          0 MSHR_MERGE:          0
cpu23->cpu23_DTLB WRITE        ACCESS:          0 HIT:          0 MISS:          0 MSHR_MERGE:          0
cpu23->cpu23_DTLB TRANSLATION  ACCESS:          0 HIT:          0 MISS:          0 MSHR_MERGE:          0
cpu23->cpu23_DTLB PREFETCH REQUESTED:          0 ISSUED:          0 USEFUL:          0 USELESS:          0
cpu23->cpu23_DTLB AVERAGE MISS LATENCY: 8.375 cycles
cpu22->cpu22_STLB TOTAL        ACCESS:       3702 HIT:          0 MISS:       3702 MSHR_MERGE:          0
cpu22->cpu22_STLB LOAD         ACCESS:       3702 HIT:          0 MISS:       3702 MSHR_MERGE:          0
cpu22->cpu22_STLB RFO          ACCESS:          0 HIT:          0 MISS:          0 MSHR_MERGE:          0
cpu22->cpu22_STLB PREFETCH     ACCESS:          0 HIT:          0 MISS:          0 MSHR_MERGE:          0
cpu22->cpu22_STLB WRITE        ACCESS:          0 HIT:          0 MISS:          0 MSHR_MERGE:          0
cpu22->cpu22_STLB TRANSLATION  ACCESS:          0 HIT:          0 MISS:          0 MSHR_MERGE:          0
cpu22->cpu22_STLB PREFETCH REQUESTED:          0 ISSUED:          0 USEFUL:          0 USELESS:          0
cpu22->cpu22_STLB AVERAGE MISS LATENCY: 971.6 cycles
cpu0->cpu22_L2C TOTAL        ACCESS:         15 HIT:          0 MISS:         15 MSHR_MERGE:          0
cpu0->cpu22_L2C LOAD         ACCESS:          0 HIT:          0 MISS:          0 MSHR_MERGE:          0
cpu0->cpu22_L2C RFO          ACCESS:          0 HIT:          0 MISS:          0 MSHR_MERGE:          0
cpu0->cpu22_L2C PREFETCH     ACCESS:          0 HIT:          0 MISS:          0 MSHR_MERGE:          0
cpu0->cpu22_L2C WRITE        ACCESS:         15 HIT:          0 MISS:         15 MSHR_MERGE:          0
cpu0->cpu22_L2C TRANSLATION  ACCESS:          0 HIT:          0 MISS:          0 MSHR_MERGE:          0
cpu0->cpu22_L2C PREFETCH REQUESTED:    4530320 ISSUED:    4402240 USEFUL:      83006 USELESS:      70611
cpu0->cpu22_L2C AVERAGE MISS LATENCY: 2.601e+05 cycles
cpu22->cpu22_L2C TOTAL        ACCESS:    4643375 HIT:      81193 MISS:    4562182 MSHR_MERGE:      92738
cpu22->cpu22_L2C LOAD         ACCESS:      11133 HIT:       3672 MISS:       7461 MSHR_MERGE:       1813
cpu22->cpu22_L2C RFO          ACCESS:          0 HIT:          0 MISS:          0 MSHR_MERGE:          0
cpu22->cpu22_L2C PREFETCH     ACCESS:    4628069 HIT:      77521 MISS:    4550548 MSHR_MERGE:      90925
cpu22->cpu22_L2C WRITE        ACCESS:          0 HIT:          0 MISS:          0 MSHR_MERGE:          0
cpu22->cpu22_L2C TRANSLATION  ACCESS:       4173 HIT:          0 MISS:       4173 MSHR_MERGE:          0
cpu22->cpu22_L2C PREFETCH REQUESTED:    4530320 ISSUED:    4402240 USEFUL:      83006 USELESS:      70611
cpu22->cpu22_L2C AVERAGE MISS LATENCY: 335.3 cycles
cpu22->cpu22_L1I TOTAL        ACCESS:  192659852 HIT:  192659851 MISS:          1 MSHR_MERGE:          0
cpu22->cpu22_L1I LOAD         ACCESS:   98557322 HIT:   98557322 MISS:          0 MSHR_MERGE:          0
cpu22->cpu22_L1I RFO          ACCESS:          0 HIT:          0 MISS:          0 MSHR_MERGE:          0
cpu22->cpu22_L1I PREFETCH     ACCESS:   94102530 HIT:   94102529 MISS:          1 MSHR_MERGE:          0
cpu22->cpu22_L1I WRITE        ACCESS:          0 HIT:          0 MISS:          0 MSHR_MERGE:          0
cpu22->cpu22_L1I TRANSLATION  ACCESS:          0 HIT:          0 MISS:          0 MSHR_MERGE:          0
cpu22->cpu22_L1I PREFETCH REQUESTED:   98557322 ISSUED:   94102498 USEFUL:          0 USELESS:          0
cpu22->cpu22_L1I AVERAGE MISS LATENCY: - cycles
cpu22->cpu22_L1D TOTAL        ACCESS:   84105822 HIT:   83647119 MISS:     458703 MSHR_MERGE:     217568
cpu22->cpu22_L1D LOAD         ACCESS:   27432508 HIT:   27311138 MISS:     121370 MSHR_MERGE:     110237
cpu22->cpu22_L1D RFO          ACCESS:          0 HIT:          0 MISS:          0 MSHR_MERGE:          0
cpu22->cpu22_L1D PREFETCH     ACCESS:   44818002 HIT:   44484842 MISS:     333160 MSHR_MERGE:     107331
cpu22->cpu22_L1D WRITE        ACCESS:   11847900 HIT:   11847900 MISS:          0 MSHR_MERGE:          0
cpu22->cpu22_L1D TRANSLATION  ACCESS:       7412 HIT:       3239 MISS:       4173 MSHR_MERGE:          0
cpu22->cpu22_L1D PREFETCH REQUESTED:   44818001 ISSUED:   44818001 USEFUL:     225825 USELESS:          0
cpu22->cpu22_L1D AVERAGE MISS LATENCY: 265 cycles
cpu22->cpu22_ITLB TOTAL        ACCESS:  130221757 HIT:  130221757 MISS:          0 MSHR_MERGE:          0
cpu22->cpu22_ITLB LOAD         ACCESS:  130221757 HIT:  130221757 MISS:          0 MSHR_MERGE:          0
cpu22->cpu22_ITLB RFO          ACCESS:          0 HIT:          0 MISS:          0 MSHR_MERGE:          0
cpu22->cpu22_ITLB PREFETCH     ACCESS:          0 HIT:          0 MISS:          0 MSHR_MERGE:          0
cpu22->cpu22_ITLB WRITE        ACCESS:          0 HIT:          0 MISS:          0 MSHR_MERGE:          0
cpu22->cpu22_ITLB TRANSLATION  ACCESS:          0 HIT:          0 MISS:          0 MSHR_MERGE:          0
cpu22->cpu22_ITLB PREFETCH REQUESTED:          0 ISSUED:          0 USEFUL:          0 USELESS:          0
cpu22->cpu22_ITLB AVERAGE MISS LATENCY: - cycles
cpu22->cpu22_DTLB TOTAL        ACCESS:   38082641 HIT:   38038223 MISS:      44418 MSHR_MERGE:      40716
cpu22->cpu22_DTLB LOAD         ACCESS:   38082641 HIT:   38038223 MISS:      44418 MSHR_MERGE:      40716
cpu22->cpu22_DTLB RFO          ACCESS:          0 HIT:          0 MISS:          0 MSHR_MERGE:          0
cpu22->cpu22_DTLB PREFETCH     ACCESS:          0 HIT:          0 MISS:          0 MSHR_MERGE:          0
cpu22->cpu22_DTLB WRITE        ACCESS:          0 HIT:          0 MISS:          0 MSHR_MERGE:          0
cpu22->cpu22_DTLB TRANSLATION  ACCESS:          0 HIT:          0 MISS:          0 MSHR_MERGE:          0
cpu22->cpu22_DTLB PREFETCH REQUESTED:          0 ISSUED:          0 USEFUL:          0 USELESS:          0
cpu22->cpu22_DTLB AVERAGE MISS LATENCY: 977.6 cycles
cpu21->cpu21_STLB TOTAL        ACCESS:    5705306 HIT:    5697723 MISS:       7583 MSHR_MERGE:          0
cpu21->cpu21_STLB LOAD         ACCESS:    5705306 HIT:    5697723 MISS:       7583 MSHR_MERGE:          0
cpu21->cpu21_STLB RFO          ACCESS:          0 HIT:          0 MISS:          0 MSHR_MERGE:          0
cpu21->cpu21_STLB PREFETCH     ACCESS:          0 HIT:          0 MISS:          0 MSHR_MERGE:          0
cpu21->cpu21_STLB WRITE        ACCESS:          0 HIT:          0 MISS:          0 MSHR_MERGE:          0
cpu21->cpu21_STLB TRANSLATION  ACCESS:          0 HIT:          0 MISS:          0 MSHR_MERGE:          0
cpu21->cpu21_STLB PREFETCH REQUESTED:          0 ISSUED:          0 USEFUL:          0 USELESS:          0
cpu21->cpu21_STLB AVERAGE MISS LATENCY: 794.1 cycles
cpu0->cpu21_L2C TOTAL        ACCESS:         77 HIT:         77 MISS:          0 MSHR_MERGE:          0
cpu0->cpu21_L2C LOAD         ACCESS:          0 HIT:          0 MISS:          0 MSHR_MERGE:          0
cpu0->cpu21_L2C RFO          ACCESS:          0 HIT:          0 MISS:          0 MSHR_MERGE:          0
cpu0->cpu21_L2C PREFETCH     ACCESS:          0 HIT:          0 MISS:          0 MSHR_MERGE:          0
cpu0->cpu21_L2C WRITE        ACCESS:         77 HIT:         77 MISS:          0 MSHR_MERGE:          0
cpu0->cpu21_L2C TRANSLATION  ACCESS:          0 HIT:          0 MISS:          0 MSHR_MERGE:          0
cpu0->cpu21_L2C PREFETCH REQUESTED:   12966880 ISSUED:   12966879 USEFUL:       2007 USELESS:       5204
cpu0->cpu21_L2C AVERAGE MISS LATENCY: - cycles
cpu21->cpu21_L2C TOTAL        ACCESS:   25904293 HIT:   22786812 MISS:    3117481 MSHR_MERGE:      21065
cpu21->cpu21_L2C LOAD         ACCESS:    9813146 HIT:    9750633 MISS:      62513 MSHR_MERGE:         32
cpu21->cpu21_L2C RFO          ACCESS:     433657 HIT:     151452 MISS:     282205 MSHR_MERGE:        211
cpu21->cpu21_L2C PREFETCH     ACCESS:   14932886 HIT:   12191497 MISS:    2741389 MSHR_MERGE:      20822
cpu21->cpu21_L2C WRITE        ACCESS:     710666 HIT:     691319 MISS:      19347 MSHR_MERGE:          0
cpu21->cpu21_L2C TRANSLATION  ACCESS:      13938 HIT:       1911 MISS:      12027 MSHR_MERGE:          0
cpu21->cpu21_L2C PREFETCH REQUESTED:   12966880 ISSUED:   12966879 USEFUL:       2007 USELESS:       5204
cpu21->cpu21_L2C AVERAGE MISS LATENCY: 409.5 cycles
cpu21_L2C FLUSH STALL CYCLES: 29742
cpu21->cpu21_L1I TOTAL        ACCESS:   88775805 HIT:   84306799 MISS:    4469006 MSHR_MERGE:    1585727
cpu21->cpu21_L1I LOAD         ACCESS:   44897978 HIT:   42559151 MISS:    2338827 MSHR_MERGE:     794270
cpu21->cpu21_L1I RFO          ACCESS:          0 HIT:          0 MISS:          0 MSHR_MERGE:          0
cpu21->cpu21_L1I PREFETCH     ACCESS:   43877827 HIT:   41747648 MISS:    2130179 MSHR_MERGE:     791457
cpu21->cpu21_L1I WRITE        ACCESS:          0 HIT:          0 MISS:          0 MSHR_MERGE:          0
cpu21->cpu21_L1I TRANSLATION  ACCESS:          0 HIT:          0 MISS:          0 MSHR_MERGE:          0
cpu21->cpu21_L1I PREFETCH REQUESTED:   44907456 ISSUED:   43877827 USEFUL:     561139 USELESS:     777563
cpu21->cpu21_L1I AVERAGE MISS LATENCY: 9.987 cycles
cpu21->cpu21_L1D TOTAL        ACCESS:   85746917 HIT:   72660963 MISS:   13085954 MSHR_MERGE:    3742442
cpu21->cpu21_L1D LOAD         ACCESS:   54843912 HIT:   44517515 MISS:   10326397 MSHR_MERGE:    2057807
cpu21->cpu21_L1D RFO          ACCESS:          0 HIT:          0 MISS:          0 MSHR_MERGE:          0
cpu21->cpu21_L1D PREFETCH     ACCESS:    8863905 HIT:    7754058 MISS:    1109847 MSHR_MERGE:     482521
cpu21->cpu21_L1D WRITE        ACCESS:   22023907 HIT:   20388217 MISS:    1635690 MSHR_MERGE:    1202032
cpu21->cpu21_L1D TRANSLATION  ACCESS:      15193 HIT:       1173 MISS:      14020 MSHR_MERGE:         82
cpu21->cpu21_L1D PREFETCH REQUESTED:    9606758 ISSUED:    8863905 USEFUL:     528275 USELESS:      85294
cpu21->cpu21_L1D AVERAGE MISS LATENCY: 27.66 cycles
cpu21_L1D FLUSH STALL CYCLES: 13
cpu21->cpu21_ITLB TOTAL        ACCESS:   67251849 HIT:   66991900 MISS:     259949 MSHR_MERGE:     134455
cpu21->cpu21_ITLB LOAD         ACCESS:   67251849 HIT:   66991900 MISS:     259949 MSHR_MERGE:     134455
cpu21->cpu21_ITLB RFO          ACCESS:          0 HIT:          0 MISS:          0 MSHR_MERGE:          0
cpu21->cpu21_ITLB PREFETCH     ACCESS:          0 HIT:          0 MISS:          0 MSHR_MERGE:          0
cpu21->cpu21_ITLB WRITE        ACCESS:          0 HIT:          0 MISS:          0 MSHR_MERGE:          0
cpu21->cpu21_ITLB TRANSLATION  ACCESS:          0 HIT:          0 MISS:          0 MSHR_MERGE:          0
cpu21->cpu21_ITLB PREFETCH REQUESTED:          0 ISSUED:          0 USEFUL:          0 USELESS:          0
cpu21->cpu21_ITLB AVERAGE MISS LATENCY: 9.899 cycles
cpu21->cpu21_DTLB TOTAL        ACCESS:   73681625 HIT:   65179640 MISS:    8501985 MSHR_MERGE:    2922174
cpu21->cpu21_DTLB LOAD         ACCESS:   73681625 HIT:   65179640 MISS:    8501985 MSHR_MERGE:    2922174
cpu21->cpu21_DTLB RFO          ACCESS:          0 HIT:          0 MISS:          0 MSHR_MERGE:          0
cpu21->cpu21_DTLB PREFETCH     ACCESS:          0 HIT:          0 MISS:          0 MSHR_MERGE:          0
cpu21->cpu21_DTLB WRITE        ACCESS:          0 HIT:          0 MISS:          0 MSHR_MERGE:          0
cpu21->cpu21_DTLB TRANSLATION  ACCESS:          0 HIT:          0 MISS:          0 MSHR_MERGE:          0
cpu21->cpu21_DTLB PREFETCH REQUESTED:          0 ISSUED:          0 USEFUL:          0 USELESS:          0
cpu21->cpu21_DTLB AVERAGE MISS LATENCY: 5.973 cycles
cpu20->cpu20_STLB TOTAL        ACCESS:      72221 HIT:      22620 MISS:      49601 MSHR_MERGE:          0
cpu20->cpu20_STLB LOAD         ACCESS:      72221 HIT:      22620 MISS:      49601 MSHR_MERGE:          0
cpu20->cpu20_STLB RFO          ACCESS:          0 HIT:          0 MISS:          0 MSHR_MERGE:          0
cpu20->cpu20_STLB PREFETCH     ACCESS:          0 HIT:          0 MISS:          0 MSHR_MERGE:          0
cpu20->cpu20_STLB WRITE        ACCESS:          0 HIT:          0 MISS:          0 MSHR_MERGE:          0
cpu20->cpu20_STLB TRANSLATION  ACCESS:          0 HIT:          0 MISS:          0 MSHR_MERGE:          0
cpu20->cpu20_STLB PREFETCH REQUESTED:          0 ISSUED:          0 USEFUL:          0 USELESS:          0
cpu20->cpu20_STLB AVERAGE MISS LATENCY: 1369 cycles
cpu0->cpu20_L2C TOTAL        ACCESS:        253 HIT:        235 MISS:         18 MSHR_MERGE:          0
cpu0->cpu20_L2C LOAD         ACCESS:          0 HIT:          0 MISS:          0 MSHR_MERGE:          0
cpu0->cpu20_L2C RFO          ACCESS:          0 HIT:          0 MISS:          0 MSHR_MERGE:          0
cpu0->cpu20_L2C PREFETCH     ACCESS:          0 HIT:          0 MISS:          0 MSHR_MERGE:          0
cpu0->cpu20_L2C WRITE        ACCESS:        253 HIT:        235 MISS:         18 MSHR_MERGE:          0
cpu0->cpu20_L2C TRANSLATION  ACCESS:          0 HIT:          0 MISS:          0 MSHR_MERGE:          0
cpu0->cpu20_L2C PREFETCH REQUESTED:     404412 ISSUED:     404412 USEFUL:          9 USELESS:        143
cpu0->cpu20_L2C AVERAGE MISS LATENCY: 4.564e+06 cycles
cpu20->cpu20_L2C TOTAL        ACCESS:    1751615 HIT:    1457165 MISS:     294450 MSHR_MERGE:      37182
cpu20->cpu20_L2C LOAD         ACCESS:     712647 HIT:     636283 MISS:      76364 MSHR_MERGE:          1
cpu20->cpu20_L2C RFO          ACCESS:      84075 HIT:      83121 MISS:        954 MSHR_MERGE:          0
cpu20->cpu20_L2C PREFETCH     ACCESS:     656731 HIT:     549261 MISS:     107470 MSHR_MERGE:      37181
cpu20->cpu20_L2C WRITE        ACCESS:     152353 HIT:     146571 MISS:       5782 MSHR_MERGE:          0
cpu20->cpu20_L2C TRANSLATION  ACCESS:     145809 HIT:      41929 MISS:     103880 MSHR_MERGE:          0
cpu20->cpu20_L2C PREFETCH REQUESTED:     404412 ISSUED:     404412 USEFUL:          9 USELESS:        143
cpu20->cpu20_L2C AVERAGE MISS LATENCY: 439.4 cycles
cpu20_L2C FLUSH STALL CYCLES: 26448
cpu20->cpu20_L1I TOTAL        ACCESS:   67537132 HIT:   66232821 MISS:    1304311 MSHR_MERGE:     544582
cpu20->cpu20_L1I LOAD         ACCESS:   34607797 HIT:   33850451 MISS:     757346 MSHR_MERGE:     216875
cpu20->cpu20_L1I RFO          ACCESS:          0 HIT:          0 MISS:          0 MSHR_MERGE:          0
cpu20->cpu20_L1I PREFETCH     ACCESS:   32929335 HIT:   32382370 MISS:     546965 MSHR_MERGE:     327707
cpu20->cpu20_L1I WRITE        ACCESS:          0 HIT:          0 MISS:          0 MSHR_MERGE:          0
cpu20->cpu20_L1I TRANSLATION  ACCESS:          0 HIT:          0 MISS:          0 MSHR_MERGE:          0
cpu20->cpu20_L1I PREFETCH REQUESTED:   34607802 ISSUED:   32929326 USEFUL:     109764 USELESS:     109488
cpu20->cpu20_L1I AVERAGE MISS LATENCY: 9.158 cycles
cpu20->cpu20_L1D TOTAL        ACCESS:   75504982 HIT:   74757085 MISS:     747897 MSHR_MERGE:     312769
cpu20->cpu20_L1D LOAD         ACCESS:   43062251 HIT:   42731357 MISS:     330894 MSHR_MERGE:     158714
cpu20->cpu20_L1D RFO          ACCESS:          0 HIT:          0 MISS:          0 MSHR_MERGE:          0
cpu20->cpu20_L1D PREFETCH     ACCESS:     779798 HIT:     746372 MISS:      33426 MSHR_MERGE:        365
cpu20->cpu20_L1D WRITE        ACCESS:   31513616 HIT:   31276208 MISS:     237408 MSHR_MERGE:     153330
cpu20->cpu20_L1D TRANSLATION  ACCESS:     149317 HIT:       3148 MISS:     146169 MSHR_MERGE:        360
cpu20->cpu20_L1D PREFETCH REQUESTED:     779807 ISSUED:     779798 USEFUL:       5023 USELESS:      28039
cpu20->cpu20_L1D AVERAGE MISS LATENCY: 214.4 cycles
cpu20_L1D FLUSH STALL CYCLES: 189
cpu20->cpu20_ITLB TOTAL        ACCESS:   51289790 HIT:   51289788 MISS:          2 MSHR_MERGE:          0
cpu20->cpu20_ITLB LOAD         ACCESS:   51289790 HIT:   51289788 MISS:          2 MSHR_MERGE:          0
cpu20->cpu20_ITLB RFO          ACCESS:          0 HIT:          0 MISS:          0 MSHR_MERGE:          0
cpu20->cpu20_ITLB PREFETCH     ACCESS:          0 HIT:          0 MISS:          0 MSHR_MERGE:          0
cpu20->cpu20_ITLB WRITE        ACCESS:          0 HIT:          0 MISS:          0 MSHR_MERGE:          0
cpu20->cpu20_ITLB TRANSLATION  ACCESS:          0 HIT:          0 MISS:          0 MSHR_MERGE:          0
cpu20->cpu20_ITLB PREFETCH REQUESTED:          0 ISSUED:          0 USEFUL:          0 USELESS:          0
cpu20->cpu20_ITLB AVERAGE MISS LATENCY: 732.5 cycles
cpu20->cpu20_DTLB TOTAL        ACCESS:   69165202 HIT:   68942420 MISS:     222782 MSHR_MERGE:     150563
cpu20->cpu20_DTLB LOAD         ACCESS:   69165202 HIT:   68942420 MISS:     222782 MSHR_MERGE:     150563
cpu20->cpu20_DTLB RFO          ACCESS:          0 HIT:          0 MISS:          0 MSHR_MERGE:          0
cpu20->cpu20_DTLB PREFETCH     ACCESS:          0 HIT:          0 MISS:          0 MSHR_MERGE:          0
cpu20->cpu20_DTLB WRITE        ACCESS:          0 HIT:          0 MISS:          0 MSHR_MERGE:          0
cpu20->cpu20_DTLB TRANSLATION  ACCESS:          0 HIT:          0 MISS:          0 MSHR_MERGE:          0
cpu20->cpu20_DTLB PREFETCH REQUESTED:          0 ISSUED:          0 USEFUL:          0 USELESS:          0
cpu20->cpu20_DTLB AVERAGE MISS LATENCY: 945.7 cycles
cpu1->cpu1_STLB TOTAL        ACCESS:         39 HIT:          0 MISS:         39 MSHR_MERGE:          0
cpu1->cpu1_STLB LOAD         ACCESS:         39 HIT:          0 MISS:         39 MSHR_MERGE:          0
cpu1->cpu1_STLB RFO          ACCESS:          0 HIT:          0 MISS:          0 MSHR_MERGE:          0
cpu1->cpu1_STLB PREFETCH     ACCESS:          0 HIT:          0 MISS:          0 MSHR_MERGE:          0
cpu1->cpu1_STLB WRITE        ACCESS:          0 HIT:          0 MISS:          0 MSHR_MERGE:          0
cpu1->cpu1_STLB TRANSLATION  ACCESS:          0 HIT:          0 MISS:          0 MSHR_MERGE:          0
cpu1->cpu1_STLB PREFETCH REQUESTED:          0 ISSUED:          0 USEFUL:          0 USELESS:          0
cpu1->cpu1_STLB AVERAGE MISS LATENCY: 1092 cycles
cpu0->cpu1_L2C TOTAL        ACCESS:        261 HIT:        261 MISS:          0 MSHR_MERGE:          0
cpu0->cpu1_L2C LOAD         ACCESS:          0 HIT:          0 MISS:          0 MSHR_MERGE:          0
cpu0->cpu1_L2C RFO          ACCESS:          0 HIT:          0 MISS:          0 MSHR_MERGE:          0
cpu0->cpu1_L2C PREFETCH     ACCESS:          0 HIT:          0 MISS:          0 MSHR_MERGE:          0
cpu0->cpu1_L2C WRITE        ACCESS:        261 HIT:        261 MISS:          0 MSHR_MERGE:          0
cpu0->cpu1_L2C TRANSLATION  ACCESS:          0 HIT:          0 MISS:          0 MSHR_MERGE:          0
cpu0->cpu1_L2C PREFETCH REQUESTED:      95922 ISSUED:      95460 USEFUL:        131 USELESS:          0
cpu0->cpu1_L2C AVERAGE MISS LATENCY: - cycles
cpu1->cpu1_L2C TOTAL        ACCESS:     126424 HIT:     116809 MISS:       9615 MSHR_MERGE:        825
cpu1->cpu1_L2C LOAD         ACCESS:      20707 HIT:      20118 MISS:        589 MSHR_MERGE:         20
cpu1->cpu1_L2C RFO          ACCESS:         65 HIT:          5 MISS:         60 MSHR_MERGE:          0
cpu1->cpu1_L2C PREFETCH     ACCESS:     105585 HIT:      96681 MISS:       8904 MSHR_MERGE:        805
cpu1->cpu1_L2C WRITE        ACCESS:          5 HIT:          5 MISS:          0 MSHR_MERGE:          0
cpu1->cpu1_L2C TRANSLATION  ACCESS:         62 HIT:          0 MISS:         62 MSHR_MERGE:          0
cpu1->cpu1_L2C PREFETCH REQUESTED:      95922 ISSUED:      95460 USEFUL:        131 USELESS:          0
cpu1->cpu1_L2C AVERAGE MISS LATENCY: 295.9 cycles
cpu1->cpu1_L1I TOTAL        ACCESS:  160590670 HIT:  160495374 MISS:      95296 MSHR_MERGE:      64519
cpu1->cpu1_L1I LOAD         ACCESS:   85693462 HIT:   85648586 MISS:      44876 MSHR_MERGE:      24214
cpu1->cpu1_L1I RFO          ACCESS:          0 HIT:          0 MISS:          0 MSHR_MERGE:          0
cpu1->cpu1_L1I PREFETCH     ACCESS:   74897208 HIT:   74846788 MISS:      50420 MSHR_MERGE:      40305
cpu1->cpu1_L1I WRITE        ACCESS:          0 HIT:          0 MISS:          0 MSHR_MERGE:          0
cpu1->cpu1_L1I TRANSLATION  ACCESS:          0 HIT:          0 MISS:          0 MSHR_MERGE:          0
cpu1->cpu1_L1I PREFETCH REQUESTED:   85693491 ISSUED:   74897175 USEFUL:       8724 USELESS:       1369
cpu1->cpu1_L1I AVERAGE MISS LATENCY: 16.49 cycles
cpu1->cpu1_L1D TOTAL        ACCESS:  214356310 HIT:  214355533 MISS:        777 MSHR_MERGE:        595
cpu1->cpu1_L1D LOAD         ACCESS:   83776939 HIT:   83776842 MISS:         97 MSHR_MERGE:         52
cpu1->cpu1_L1D RFO          ACCESS:          0 HIT:          0 MISS:          0 MSHR_MERGE:          0
cpu1->cpu1_L1D PREFETCH     ACCESS:   16160834 HIT:   16160812 MISS:         22 MSHR_MERGE:         12
cpu1->cpu1_L1D WRITE        ACCESS:  114418458 HIT:  114417862 MISS:        596 MSHR_MERGE:        531
cpu1->cpu1_L1D TRANSLATION  ACCESS:         79 HIT:         17 MISS:         62 MSHR_MERGE:          0
cpu1->cpu1_L1D PREFETCH REQUESTED:   18066926 ISSUED:   16160818 USEFUL:         12 USELESS:          2
cpu1->cpu1_L1D AVERAGE MISS LATENCY: 381.3 cycles
cpu1_L1D FLUSH STALL CYCLES: 197
cpu1->cpu1_ITLB TOTAL        ACCESS:  109657102 HIT:  109657045 MISS:         57 MSHR_MERGE:         33
cpu1->cpu1_ITLB LOAD         ACCESS:  109657102 HIT:  109657045 MISS:         57 MSHR_MERGE:         33
cpu1->cpu1_ITLB RFO          ACCESS:          0 HIT:          0 MISS:          0 MSHR_MERGE:          0
cpu1->cpu1_ITLB PREFETCH     ACCESS:          0 HIT:          0 MISS:          0 MSHR_MERGE:          0
cpu1->cpu1_ITLB WRITE        ACCESS:          0 HIT:          0 MISS:          0 MSHR_MERGE:          0
cpu1->cpu1_ITLB TRANSLATION  ACCESS:          0 HIT:          0 MISS:          0 MSHR_MERGE:          0
cpu1->cpu1_ITLB PREFETCH REQUESTED:          0 ISSUED:          0 USEFUL:          0 USELESS:          0
cpu1->cpu1_ITLB AVERAGE MISS LATENCY: 1099 cycles
cpu1->cpu1_DTLB TOTAL        ACCESS:  169172103 HIT:  169172059 MISS:         44 MSHR_MERGE:         29
cpu1->cpu1_DTLB LOAD         ACCESS:  169172103 HIT:  169172059 MISS:         44 MSHR_MERGE:         29
cpu1->cpu1_DTLB RFO          ACCESS:          0 HIT:          0 MISS:          0 MSHR_MERGE:          0
cpu1->cpu1_DTLB PREFETCH     ACCESS:          0 HIT:          0 MISS:          0 MSHR_MERGE:          0
cpu1->cpu1_DTLB WRITE        ACCESS:          0 HIT:          0 MISS:          0 MSHR_MERGE:          0
cpu1->cpu1_DTLB TRANSLATION  ACCESS:          0 HIT:          0 MISS:          0 MSHR_MERGE:          0
cpu1->cpu1_DTLB PREFETCH REQUESTED:          0 ISSUED:          0 USEFUL:          0 USELESS:          0
cpu1->cpu1_DTLB AVERAGE MISS LATENCY: 1097 cycles
cpu19->cpu19_STLB TOTAL        ACCESS:      17237 HIT:       1277 MISS:      15960 MSHR_MERGE:          0
cpu19->cpu19_STLB LOAD         ACCESS:      17237 HIT:       1277 MISS:      15960 MSHR_MERGE:          0
cpu19->cpu19_STLB RFO          ACCESS:          0 HIT:          0 MISS:          0 MSHR_MERGE:          0
cpu19->cpu19_STLB PREFETCH     ACCESS:          0 HIT:          0 MISS:          0 MSHR_MERGE:          0
cpu19->cpu19_STLB WRITE        ACCESS:          0 HIT:          0 MISS:          0 MSHR_MERGE:          0
cpu19->cpu19_STLB TRANSLATION  ACCESS:          0 HIT:          0 MISS:          0 MSHR_MERGE:          0
cpu19->cpu19_STLB PREFETCH REQUESTED:          0 ISSUED:          0 USEFUL:          0 USELESS:          0
cpu19->cpu19_STLB AVERAGE MISS LATENCY: 716.4 cycles
cpu0->cpu19_L2C TOTAL        ACCESS:        436 HIT:        166 MISS:        270 MSHR_MERGE:          0
cpu0->cpu19_L2C LOAD         ACCESS:          0 HIT:          0 MISS:          0 MSHR_MERGE:          0
cpu0->cpu19_L2C RFO          ACCESS:          0 HIT:          0 MISS:          0 MSHR_MERGE:          0
cpu0->cpu19_L2C PREFETCH     ACCESS:          0 HIT:          0 MISS:          0 MSHR_MERGE:          0
cpu0->cpu19_L2C WRITE        ACCESS:        436 HIT:        166 MISS:        270 MSHR_MERGE:          0
cpu0->cpu19_L2C TRANSLATION  ACCESS:          0 HIT:          0 MISS:          0 MSHR_MERGE:          0
cpu0->cpu19_L2C PREFETCH REQUESTED:    7223957 ISSUED:    6827569 USEFUL:     224697 USELESS:       3932
cpu0->cpu19_L2C AVERAGE MISS LATENCY: 6.678e+05 cycles
cpu19->cpu19_L2C TOTAL        ACCESS:    7993647 HIT:     557616 MISS:    7436031 MSHR_MERGE:     298233
cpu19->cpu19_L2C LOAD         ACCESS:     433853 HIT:     225151 MISS:     208702 MSHR_MERGE:      39919
cpu19->cpu19_L2C RFO          ACCESS:     315112 HIT:         28 MISS:     315084 MSHR_MERGE:          0
cpu19->cpu19_L2C PREFETCH     ACCESS:    6910589 HIT:     137209 MISS:    6773380 MSHR_MERGE:     258314
cpu19->cpu19_L2C WRITE        ACCESS:     315132 HIT:     195227 MISS:     119905 MSHR_MERGE:          0
cpu19->cpu19_L2C TRANSLATION  ACCESS:      18961 HIT:          1 MISS:      18960 MSHR_MERGE:          0
cpu19->cpu19_L2C PREFETCH REQUESTED:    7223957 ISSUED:    6827569 USEFUL:     224697 USELESS:       3932
cpu19->cpu19_L2C AVERAGE MISS LATENCY: 272.1 cycles
cpu19_L2C FLUSH STALL CYCLES: 13918
cpu19->cpu19_L1I TOTAL        ACCESS:    6651800 HIT:    6651800 MISS:          0 MSHR_MERGE:          0
cpu19->cpu19_L1I LOAD         ACCESS:    3325889 HIT:    3325889 MISS:          0 MSHR_MERGE:          0
cpu19->cpu19_L1I RFO          ACCESS:          0 HIT:          0 MISS:          0 MSHR_MERGE:          0
cpu19->cpu19_L1I PREFETCH     ACCESS:    3325911 HIT:    3325911 MISS:          0 MSHR_MERGE:          0
cpu19->cpu19_L1I WRITE        ACCESS:          0 HIT:          0 MISS:          0 MSHR_MERGE:          0
cpu19->cpu19_L1I TRANSLATION  ACCESS:          0 HIT:          0 MISS:          0 MSHR_MERGE:          0
cpu19->cpu19_L1I PREFETCH REQUESTED:    3325889 ISSUED:    3325881 USEFUL:          0 USELESS:          0
cpu19->cpu19_L1I AVERAGE MISS LATENCY: - cycles
cpu19->cpu19_L1D TOTAL        ACCESS:   64634257 HIT:   61687023 MISS:    2947234 MSHR_MERGE:    2096244
cpu19->cpu19_L1D LOAD         ACCESS:   38239304 HIT:   37262255 MISS:     977049 MSHR_MERGE:     543196
cpu19->cpu19_L1D RFO          ACCESS:          0 HIT:          0 MISS:          0 MSHR_MERGE:          0
cpu19->cpu19_L1D PREFETCH     ACCESS:     104060 HIT:       6781 MISS:      97279 MSHR_MERGE:      14215
cpu19->cpu19_L1D WRITE        ACCESS:   26258961 HIT:   24405145 MISS:    1853816 MSHR_MERGE:    1538704
cpu19->cpu19_L1D TRANSLATION  ACCESS:      31932 HIT:      12842 MISS:      19090 MSHR_MERGE:        129
cpu19->cpu19_L1D PREFETCH REQUESTED:     104051 ISSUED:     104048 USEFUL:      40138 USELESS:       1934
cpu19->cpu19_L1D AVERAGE MISS LATENCY: 242.2 cycles
cpu19_L1D FLUSH STALL CYCLES: 372
cpu19->cpu19_ITLB TOTAL        ACCESS:    5435959 HIT:    5435959 MISS:          0 MSHR_MERGE:          0
cpu19->cpu19_ITLB LOAD         ACCESS:    5435959 HIT:    5435959 MISS:          0 MSHR_MERGE:          0
cpu19->cpu19_ITLB RFO          ACCESS:          0 HIT:          0 MISS:          0 MSHR_MERGE:          0
cpu19->cpu19_ITLB PREFETCH     ACCESS:          0 HIT:          0 MISS:          0 MSHR_MERGE:          0
cpu19->cpu19_ITLB WRITE        ACCESS:          0 HIT:          0 MISS:          0 MSHR_MERGE:          0
cpu19->cpu19_ITLB TRANSLATION  ACCESS:          0 HIT:          0 MISS:          0 MSHR_MERGE:          0
cpu19->cpu19_ITLB PREFETCH REQUESTED:          0 ISSUED:          0 USEFUL:          0 USELESS:          0
cpu19->cpu19_ITLB AVERAGE MISS LATENCY: - cycles
cpu19->cpu19_DTLB TOTAL        ACCESS:   59850701 HIT:   59707684 MISS:     143017 MSHR_MERGE:     125780
cpu19->cpu19_DTLB LOAD         ACCESS:   59850701 HIT:   59707684 MISS:     143017 MSHR_MERGE:     125780
cpu19->cpu19_DTLB RFO          ACCESS:          0 HIT:          0 MISS:          0 MSHR_MERGE:          0
cpu19->cpu19_DTLB PREFETCH     ACCESS:          0 HIT:          0 MISS:          0 MSHR_MERGE:          0
cpu19->cpu19_DTLB WRITE        ACCESS:          0 HIT:          0 MISS:          0 MSHR_MERGE:          0
cpu19->cpu19_DTLB TRANSLATION  ACCESS:          0 HIT:          0 MISS:          0 MSHR_MERGE:          0
cpu19->cpu19_DTLB PREFETCH REQUESTED:          0 ISSUED:          0 USEFUL:          0 USELESS:          0
cpu19->cpu19_DTLB AVERAGE MISS LATENCY: 669.2 cycles
cpu18->cpu18_STLB TOTAL        ACCESS:     170283 HIT:     169987 MISS:        296 MSHR_MERGE:          0
cpu18->cpu18_STLB LOAD         ACCESS:     170283 HIT:     169987 MISS:        296 MSHR_MERGE:          0
cpu18->cpu18_STLB RFO          ACCESS:          0 HIT:          0 MISS:          0 MSHR_MERGE:          0
cpu18->cpu18_STLB PREFETCH     ACCESS:          0 HIT:          0 MISS:          0 MSHR_MERGE:          0
cpu18->cpu18_STLB WRITE        ACCESS:          0 HIT:          0 MISS:          0 MSHR_MERGE:          0
cpu18->cpu18_STLB TRANSLATION  ACCESS:          0 HIT:          0 MISS:          0 MSHR_MERGE:          0
cpu18->cpu18_STLB PREFETCH REQUESTED:          0 ISSUED:          0 USEFUL:          0 USELESS:          0
cpu18->cpu18_STLB AVERAGE MISS LATENCY: 1290 cycles
cpu0->cpu18_L2C TOTAL        ACCESS:        217 HIT:        217 MISS:          0 MSHR_MERGE:          0
cpu0->cpu18_L2C LOAD         ACCESS:          0 HIT:          0 MISS:          0 MSHR_MERGE:          0
cpu0->cpu18_L2C RFO          ACCESS:          0 HIT:          0 MISS:          0 MSHR_MERGE:          0
cpu0->cpu18_L2C PREFETCH     ACCESS:          0 HIT:          0 MISS:          0 MSHR_MERGE:          0
cpu0->cpu18_L2C WRITE        ACCESS:        217 HIT:        217 MISS:          0 MSHR_MERGE:          0
cpu0->cpu18_L2C TRANSLATION  ACCESS:          0 HIT:          0 MISS:          0 MSHR_MERGE:          0
cpu0->cpu18_L2C PREFETCH REQUESTED:     685565 ISSUED:     685565 USEFUL:        274 USELESS:          0
cpu0->cpu18_L2C AVERAGE MISS LATENCY: - cycles
cpu18->cpu18_L2C TOTAL        ACCESS:    1740001 HIT:    1703957 MISS:      36044 MSHR_MERGE:       1643
cpu18->cpu18_L2C LOAD         ACCESS:     541594 HIT:     540536 MISS:       1058 MSHR_MERGE:          2
cpu18->cpu18_L2C RFO          ACCESS:      75940 HIT:      75151 MISS:        789 MSHR_MERGE:          0
cpu18->cpu18_L2C PREFETCH     ACCESS:     963562 HIT:     929934 MISS:      33628 MSHR_MERGE:       1641
cpu18->cpu18_L2C WRITE        ACCESS:     158327 HIT:     158327 MISS:          0 MSHR_MERGE:          0
cpu18->cpu18_L2C TRANSLATION  ACCESS:        578 HIT:          9 MISS:        569 MSHR_MERGE:          0
cpu18->cpu18_L2C PREFETCH REQUESTED:     685565 ISSUED:     685565 USEFUL:        274 USELESS:          0
cpu18->cpu18_L2C AVERAGE MISS LATENCY: 422.2 cycles
cpu18_L2C FLUSH STALL CYCLES: 3906
cpu18->cpu18_L1I TOTAL        ACCESS:   81726806 HIT:   81640884 MISS:      85922 MSHR_MERGE:      44913
cpu18->cpu18_L1I LOAD         ACCESS:   41237993 HIT:   41192939 MISS:      45054 MSHR_MERGE:      22383
cpu18->cpu18_L1I RFO          ACCESS:          0 HIT:          0 MISS:          0 MSHR_MERGE:          0
cpu18->cpu18_L1I PREFETCH     ACCESS:   40488813 HIT:   40447945 MISS:      40868 MSHR_MERGE:      22530
cpu18->cpu18_L1I WRITE        ACCESS:          0 HIT:          0 MISS:          0 MSHR_MERGE:          0
cpu18->cpu18_L1I TRANSLATION  ACCESS:          0 HIT:          0 MISS:          0 MSHR_MERGE:          0
cpu18->cpu18_L1I PREFETCH REQUESTED:   41237993 ISSUED:   40488792 USEFUL:      10085 USELESS:       8252
cpu18->cpu18_L1I AVERAGE MISS LATENCY: 8.96 cycles
cpu18->cpu18_L1D TOTAL        ACCESS:  114659628 HIT:  113480131 MISS:    1179497 MSHR_MERGE:     324393
cpu18->cpu18_L1D LOAD         ACCESS:   66334049 HIT:   65761214 MISS:     572835 MSHR_MERGE:      53910
cpu18->cpu18_L1D RFO          ACCESS:          0 HIT:          0 MISS:          0 MSHR_MERGE:          0
cpu18->cpu18_L1D PREFETCH     ACCESS:    4856432 HIT:    4475958 MISS:     380474 MSHR_MERGE:     120814
cpu18->cpu18_L1D WRITE        ACCESS:   43468555 HIT:   43242946 MISS:     225609 MSHR_MERGE:     149668
cpu18->cpu18_L1D TRANSLATION  ACCESS:        592 HIT:         13 MISS:        579 MSHR_MERGE:          1
cpu18->cpu18_L1D PREFETCH REQUESTED:    4857404 ISSUED:    4856432 USEFUL:     193428 USELESS:      64933
cpu18->cpu18_L1D AVERAGE MISS LATENCY: 11.6 cycles
cpu18_L1D FLUSH STALL CYCLES: 153
cpu18->cpu18_ITLB TOTAL        ACCESS:   65574505 HIT:   65574505 MISS:          0 MSHR_MERGE:          0
cpu18->cpu18_ITLB LOAD         ACCESS:   65574505 HIT:   65574505 MISS:          0 MSHR_MERGE:          0
cpu18->cpu18_ITLB RFO          ACCESS:          0 HIT:          0 MISS:          0 MSHR_MERGE:          0
cpu18->cpu18_ITLB PREFETCH     ACCESS:          0 HIT:          0 MISS:          0 MSHR_MERGE:          0
cpu18->cpu18_ITLB WRITE        ACCESS:          0 HIT:          0 MISS:          0 MSHR_MERGE:          0
cpu18->cpu18_ITLB TRANSLATION  ACCESS:          0 HIT:          0 MISS:          0 MSHR_MERGE:          0
cpu18->cpu18_ITLB PREFETCH REQUESTED:          0 ISSUED:          0 USEFUL:          0 USELESS:          0
cpu18->cpu18_ITLB AVERAGE MISS LATENCY: - cycles
cpu18->cpu18_DTLB TOTAL        ACCESS:  102768310 HIT:  102581877 MISS:     186433 MSHR_MERGE:      16150
cpu18->cpu18_DTLB LOAD         ACCESS:  102768310 HIT:  102581877 MISS:     186433 MSHR_MERGE:      16150
cpu18->cpu18_DTLB RFO          ACCESS:          0 HIT:          0 MISS:          0 MSHR_MERGE:          0
cpu18->cpu18_DTLB PREFETCH     ACCESS:          0 HIT:          0 MISS:          0 MSHR_MERGE:          0
cpu18->cpu18_DTLB WRITE        ACCESS:          0 HIT:          0 MISS:          0 MSHR_MERGE:          0
cpu18->cpu18_DTLB TRANSLATION  ACCESS:          0 HIT:          0 MISS:          0 MSHR_MERGE:          0
cpu18->cpu18_DTLB PREFETCH REQUESTED:          0 ISSUED:          0 USEFUL:          0 USELESS:          0
cpu18->cpu18_DTLB AVERAGE MISS LATENCY: 7.244 cycles
cpu17->cpu17_STLB TOTAL        ACCESS:     541650 HIT:     532078 MISS:       9572 MSHR_MERGE:          0
cpu17->cpu17_STLB LOAD         ACCESS:     541650 HIT:     532078 MISS:       9572 MSHR_MERGE:          0
cpu17->cpu17_STLB RFO          ACCESS:          0 HIT:          0 MISS:          0 MSHR_MERGE:          0
cpu17->cpu17_STLB PREFETCH     ACCESS:          0 HIT:          0 MISS:          0 MSHR_MERGE:          0
cpu17->cpu17_STLB WRITE        ACCESS:          0 HIT:          0 MISS:          0 MSHR_MERGE:          0
cpu17->cpu17_STLB TRANSLATION  ACCESS:          0 HIT:          0 MISS:          0 MSHR_MERGE:          0
cpu17->cpu17_STLB PREFETCH REQUESTED:          0 ISSUED:          0 USEFUL:          0 USELESS:          0
cpu17->cpu17_STLB AVERAGE MISS LATENCY: 1218 cycles
cpu0->cpu17_L2C TOTAL        ACCESS:        254 HIT:        238 MISS:         16 MSHR_MERGE:          0
cpu0->cpu17_L2C LOAD         ACCESS:          0 HIT:          0 MISS:          0 MSHR_MERGE:          0
cpu0->cpu17_L2C RFO          ACCESS:          0 HIT:          0 MISS:          0 MSHR_MERGE:          0
cpu0->cpu17_L2C PREFETCH     ACCESS:          0 HIT:          0 MISS:          0 MSHR_MERGE:          0
cpu0->cpu17_L2C WRITE        ACCESS:        254 HIT:        238 MISS:         16 MSHR_MERGE:          0
cpu0->cpu17_L2C TRANSLATION  ACCESS:          0 HIT:          0 MISS:          0 MSHR_MERGE:          0
cpu0->cpu17_L2C PREFETCH REQUESTED:    4485286 ISSUED:    4348616 USEFUL:      59111 USELESS:       2404
cpu0->cpu17_L2C AVERAGE MISS LATENCY: 1.263e+07 cycles
cpu17->cpu17_L2C TOTAL        ACCESS:    7160680 HIT:    4803071 MISS:    2357609 MSHR_MERGE:     294731
cpu17->cpu17_L2C LOAD         ACCESS:    1693916 HIT:    1379384 MISS:     314532 MSHR_MERGE:      29117
cpu17->cpu17_L2C RFO          ACCESS:     282573 HIT:      77700 MISS:     204873 MSHR_MERGE:         14
cpu17->cpu17_L2C PREFETCH     ACCESS:    4824700 HIT:    3069571 MISS:    1755129 MSHR_MERGE:     265600
cpu17->cpu17_L2C WRITE        ACCESS:     344252 HIT:     276147 MISS:      68105 MSHR_MERGE:          0
cpu17->cpu17_L2C TRANSLATION  ACCESS:      15239 HIT:        269 MISS:      14970 MSHR_MERGE:          0
cpu17->cpu17_L2C PREFETCH REQUESTED:    4485286 ISSUED:    4348616 USEFUL:      59111 USELESS:       2404
cpu17->cpu17_L2C AVERAGE MISS LATENCY: 335.3 cycles
cpu17_L2C FLUSH STALL CYCLES: 21074
cpu17->cpu17_L1I TOTAL        ACCESS:  189522513 HIT:  186595956 MISS:    2926557 MSHR_MERGE:    1516394
cpu17->cpu17_L1I LOAD         ACCESS:  101133567 HIT:   99357875 MISS:    1775692 MSHR_MERGE:     747738
cpu17->cpu17_L1I RFO          ACCESS:          0 HIT:          0 MISS:          0 MSHR_MERGE:          0
cpu17->cpu17_L1I PREFETCH     ACCESS:   88388946 HIT:   87238081 MISS:    1150865 MSHR_MERGE:     768656
cpu17->cpu17_L1I WRITE        ACCESS:          0 HIT:          0 MISS:          0 MSHR_MERGE:          0
cpu17->cpu17_L1I TRANSLATION  ACCESS:          0 HIT:          0 MISS:          0 MSHR_MERGE:          0
cpu17->cpu17_L1I PREFETCH REQUESTED:  101147334 ISSUED:   88388914 USEFUL:     185532 USELESS:     196628
cpu17->cpu17_L1I AVERAGE MISS LATENCY: 10.5 cycles
cpu17->cpu17_L1D TOTAL        ACCESS:  134825481 HIT:  129999917 MISS:    4825564 MSHR_MERGE:    3767537
cpu17->cpu17_L1D LOAD         ACCESS:   80157841 HIT:   78656371 MISS:    1501470 MSHR_MERGE:     835499
cpu17->cpu17_L1D RFO          ACCESS:          0 HIT:          0 MISS:          0 MSHR_MERGE:          0
cpu17->cpu17_L1D PREFETCH     ACCESS:    6045350 HIT:    5901409 MISS:     143941 MSHR_MERGE:      49837
cpu17->cpu17_L1D WRITE        ACCESS:   48603107 HIT:   45439478 MISS:    3163629 MSHR_MERGE:    2880916
cpu17->cpu17_L1D TRANSLATION  ACCESS:      19183 HIT:       2659 MISS:      16524 MSHR_MERGE:       1285
cpu17->cpu17_L1D PREFETCH REQUESTED:    6219941 ISSUED:    6045339 USEFUL:      56105 USELESS:      16594
cpu17->cpu17_L1D AVERAGE MISS LATENCY: 217.5 cycles
cpu17_L1D FLUSH STALL CYCLES: 190
cpu17->cpu17_ITLB TOTAL        ACCESS:  128622446 HIT:  128615821 MISS:       6625 MSHR_MERGE:       4521
cpu17->cpu17_ITLB LOAD         ACCESS:  128622446 HIT:  128615821 MISS:       6625 MSHR_MERGE:       4521
cpu17->cpu17_ITLB RFO          ACCESS:          0 HIT:          0 MISS:          0 MSHR_MERGE:          0
cpu17->cpu17_ITLB PREFETCH     ACCESS:          0 HIT:          0 MISS:          0 MSHR_MERGE:          0
cpu17->cpu17_ITLB WRITE        ACCESS:          0 HIT:          0 MISS:          0 MSHR_MERGE:          0
cpu17->cpu17_ITLB TRANSLATION  ACCESS:          0 HIT:          0 MISS:          0 MSHR_MERGE:          0
cpu17->cpu17_ITLB PREFETCH REQUESTED:          0 ISSUED:          0 USEFUL:          0 USELESS:          0
cpu17->cpu17_ITLB AVERAGE MISS LATENCY: 88.98 cycles
cpu17->cpu17_DTLB TOTAL        ACCESS:  119827354 HIT:  118762906 MISS:    1064448 MSHR_MERGE:     524902
cpu17->cpu17_DTLB LOAD         ACCESS:  119827354 HIT:  118762906 MISS:    1064448 MSHR_MERGE:     524902
cpu17->cpu17_DTLB RFO          ACCESS:          0 HIT:          0 MISS:          0 MSHR_MERGE:          0
cpu17->cpu17_DTLB PREFETCH     ACCESS:          0 HIT:          0 MISS:          0 MSHR_MERGE:          0
cpu17->cpu17_DTLB WRITE        ACCESS:          0 HIT:          0 MISS:          0 MSHR_MERGE:          0
cpu17->cpu17_DTLB TRANSLATION  ACCESS:          0 HIT:          0 MISS:          0 MSHR_MERGE:          0
cpu17->cpu17_DTLB PREFETCH REQUESTED:          0 ISSUED:          0 USEFUL:          0 USELESS:          0
cpu17->cpu17_DTLB AVERAGE MISS LATENCY: 26.3 cycles
cpu16->cpu16_STLB TOTAL        ACCESS:     152083 HIT:     150980 MISS:       1103 MSHR_MERGE:          0
cpu16->cpu16_STLB LOAD         ACCESS:     152083 HIT:     150980 MISS:       1103 MSHR_MERGE:          0
cpu16->cpu16_STLB RFO          ACCESS:          0 HIT:          0 MISS:          0 MSHR_MERGE:          0
cpu16->cpu16_STLB PREFETCH     ACCESS:          0 HIT:          0 MISS:          0 MSHR_MERGE:          0
cpu16->cpu16_STLB WRITE        ACCESS:          0 HIT:          0 MISS:          0 MSHR_MERGE:          0
cpu16->cpu16_STLB TRANSLATION  ACCESS:          0 HIT:          0 MISS:          0 MSHR_MERGE:          0
cpu16->cpu16_STLB PREFETCH REQUESTED:          0 ISSUED:          0 USEFUL:          0 USELESS:          0
cpu16->cpu16_STLB AVERAGE MISS LATENCY: 1057 cycles
cpu0->cpu16_L2C TOTAL        ACCESS:        226 HIT:        226 MISS:          0 MSHR_MERGE:          0
cpu0->cpu16_L2C LOAD         ACCESS:          0 HIT:          0 MISS:          0 MSHR_MERGE:          0
cpu0->cpu16_L2C RFO          ACCESS:          0 HIT:          0 MISS:          0 MSHR_MERGE:          0
cpu0->cpu16_L2C PREFETCH     ACCESS:          0 HIT:          0 MISS:          0 MSHR_MERGE:          0
cpu0->cpu16_L2C WRITE        ACCESS:        226 HIT:        226 MISS:          0 MSHR_MERGE:          0
cpu0->cpu16_L2C TRANSLATION  ACCESS:          0 HIT:          0 MISS:          0 MSHR_MERGE:          0
cpu0->cpu16_L2C PREFETCH REQUESTED:     831862 ISSUED:     831668 USEFUL:      10148 USELESS:        177
cpu0->cpu16_L2C AVERAGE MISS LATENCY: - cycles
cpu16->cpu16_L2C TOTAL        ACCESS:    1967385 HIT:    1740356 MISS:     227029 MSHR_MERGE:      13144
cpu16->cpu16_L2C LOAD         ACCESS:     668119 HIT:     651075 MISS:      17044 MSHR_MERGE:       1681
cpu16->cpu16_L2C RFO          ACCESS:     103543 HIT:      71372 MISS:      32171 MSHR_MERGE:         18
cpu16->cpu16_L2C PREFETCH     ACCESS:    1009091 HIT:     839168 MISS:     169923 MSHR_MERGE:      11445
cpu16->cpu16_L2C WRITE        ACCESS:     184948 HIT:     178722 MISS:       6226 MSHR_MERGE:          0
cpu16->cpu16_L2C TRANSLATION  ACCESS:       1684 HIT:         19 MISS:       1665 MSHR_MERGE:          0
cpu16->cpu16_L2C PREFETCH REQUESTED:     831862 ISSUED:     831668 USEFUL:      10148 USELESS:        177
cpu16->cpu16_L2C AVERAGE MISS LATENCY: 324.5 cycles
cpu16_L2C FLUSH STALL CYCLES: 22461
cpu16->cpu16_L1I TOTAL        ACCESS:   78935196 HIT:   78844719 MISS:      90477 MSHR_MERGE:      46669
cpu16->cpu16_L1I LOAD         ACCESS:   39880135 HIT:   39830156 MISS:      49979 MSHR_MERGE:      24266
cpu16->cpu16_L1I RFO          ACCESS:          0 HIT:          0 MISS:          0 MSHR_MERGE:          0
cpu16->cpu16_L1I PREFETCH     ACCESS:   39055061 HIT:   39014563 MISS:      40498 MSHR_MERGE:      22403
cpu16->cpu16_L1I WRITE        ACCESS:          0 HIT:          0 MISS:          0 MSHR_MERGE:          0
cpu16->cpu16_L1I TRANSLATION  ACCESS:          0 HIT:          0 MISS:          0 MSHR_MERGE:          0
cpu16->cpu16_L1I PREFETCH REQUESTED:   39880596 ISSUED:   39055029 USEFUL:       9881 USELESS:       8198
cpu16->cpu16_L1I AVERAGE MISS LATENCY: 16.77 cycles
cpu16->cpu16_L1D TOTAL        ACCESS:  111378592 HIT:  110035513 MISS:    1343079 MSHR_MERGE:     436091
cpu16->cpu16_L1D LOAD         ACCESS:   64887486 HIT:   64191848 MISS:     695638 MSHR_MERGE:      53223
cpu16->cpu16_L1D RFO          ACCESS:          0 HIT:          0 MISS:          0 MSHR_MERGE:          0
cpu16->cpu16_L1D PREFETCH     ACCESS:    3954097 HIT:    3736307 MISS:     217790 MSHR_MERGE:      58446
cpu16->cpu16_L1D WRITE        ACCESS:   42534801 HIT:   42106839 MISS:     427962 MSHR_MERGE:     324417
cpu16->cpu16_L1D TRANSLATION  ACCESS:       2208 HIT:        519 MISS:       1689 MSHR_MERGE:          5
cpu16->cpu16_L1D PREFETCH REQUESTED:    3959194 ISSUED:    3954097 USEFUL:     121309 USELESS:      35411
cpu16->cpu16_L1D AVERAGE MISS LATENCY: 34.4 cycles
cpu16_L1D FLUSH STALL CYCLES: 162
cpu16->cpu16_ITLB TOTAL        ACCESS:   63436128 HIT:   63436053 MISS:         75 MSHR_MERGE:         27
cpu16->cpu16_ITLB LOAD         ACCESS:   63436128 HIT:   63436053 MISS:         75 MSHR_MERGE:         27
cpu16->cpu16_ITLB RFO          ACCESS:          0 HIT:          0 MISS:          0 MSHR_MERGE:          0
cpu16->cpu16_ITLB PREFETCH     ACCESS:          0 HIT:          0 MISS:          0 MSHR_MERGE:          0
cpu16->cpu16_ITLB WRITE        ACCESS:          0 HIT:          0 MISS:          0 MSHR_MERGE:          0
cpu16->cpu16_ITLB TRANSLATION  ACCESS:          0 HIT:          0 MISS:          0 MSHR_MERGE:          0
cpu16->cpu16_ITLB PREFETCH REQUESTED:          0 ISSUED:          0 USEFUL:          0 USELESS:          0
cpu16->cpu16_ITLB AVERAGE MISS LATENCY: 977.2 cycles
cpu16->cpu16_DTLB TOTAL        ACCESS:  100318332 HIT:  100143229 MISS:     175103 MSHR_MERGE:      23068
cpu16->cpu16_DTLB LOAD         ACCESS:  100318332 HIT:  100143229 MISS:     175103 MSHR_MERGE:      23068
cpu16->cpu16_DTLB RFO          ACCESS:          0 HIT:          0 MISS:          0 MSHR_MERGE:          0
cpu16->cpu16_DTLB PREFETCH     ACCESS:          0 HIT:          0 MISS:          0 MSHR_MERGE:          0
cpu16->cpu16_DTLB WRITE        ACCESS:          0 HIT:          0 MISS:          0 MSHR_MERGE:          0
cpu16->cpu16_DTLB TRANSLATION  ACCESS:          0 HIT:          0 MISS:          0 MSHR_MERGE:          0
cpu16->cpu16_DTLB PREFETCH REQUESTED:          0 ISSUED:          0 USEFUL:          0 USELESS:          0
cpu16->cpu16_DTLB AVERAGE MISS LATENCY: 12.37 cycles
cpu15->cpu15_STLB TOTAL        ACCESS:    5688928 HIT:    5359736 MISS:     329192 MSHR_MERGE:          0
cpu15->cpu15_STLB LOAD         ACCESS:    5688928 HIT:    5359736 MISS:     329192 MSHR_MERGE:          0
cpu15->cpu15_STLB RFO          ACCESS:          0 HIT:          0 MISS:          0 MSHR_MERGE:          0
cpu15->cpu15_STLB PREFETCH     ACCESS:          0 HIT:          0 MISS:          0 MSHR_MERGE:          0
cpu15->cpu15_STLB WRITE        ACCESS:          0 HIT:          0 MISS:          0 MSHR_MERGE:          0
cpu15->cpu15_STLB TRANSLATION  ACCESS:          0 HIT:          0 MISS:          0 MSHR_MERGE:          0
cpu15->cpu15_STLB PREFETCH REQUESTED:          0 ISSUED:          0 USEFUL:          0 USELESS:          0
cpu15->cpu15_STLB AVERAGE MISS LATENCY: 129.6 cycles
cpu0->cpu15_L2C TOTAL        ACCESS:         37 HIT:         37 MISS:          0 MSHR_MERGE:          0
cpu0->cpu15_L2C LOAD         ACCESS:          0 HIT:          0 MISS:          0 MSHR_MERGE:          0
cpu0->cpu15_L2C RFO          ACCESS:          0 HIT:          0 MISS:          0 MSHR_MERGE:          0
cpu0->cpu15_L2C PREFETCH     ACCESS:          0 HIT:          0 MISS:          0 MSHR_MERGE:          0
cpu0->cpu15_L2C WRITE        ACCESS:         37 HIT:         37 MISS:          0 MSHR_MERGE:          0
cpu0->cpu15_L2C TRANSLATION  ACCESS:          0 HIT:          0 MISS:          0 MSHR_MERGE:          0
cpu0->cpu15_L2C PREFETCH REQUESTED:   13119050 ISSUED:   13119027 USEFUL:       1332 USELESS:       5569
cpu0->cpu15_L2C AVERAGE MISS LATENCY: - cycles
cpu15->cpu15_L2C TOTAL        ACCESS:   26237896 HIT:   22108761 MISS:    4129135 MSHR_MERGE:      15673
cpu15->cpu15_L2C LOAD         ACCESS:   10210556 HIT:   10137388 MISS:      73168 MSHR_MERGE:         34
cpu15->cpu15_L2C RFO          ACCESS:     315168 HIT:      96562 MISS:     218606 MSHR_MERGE:        139
cpu15->cpu15_L2C PREFETCH     ACCESS:   14575419 HIT:   10840717 MISS:    3734702 MSHR_MERGE:      15500
cpu15->cpu15_L2C WRITE        ACCESS:     497120 HIT:     481368 MISS:      15752 MSHR_MERGE:          0
cpu15->cpu15_L2C TRANSLATION  ACCESS:     639633 HIT:     552726 MISS:      86907 MSHR_MERGE:          0
cpu15->cpu15_L2C PREFETCH REQUESTED:   13119050 ISSUED:   13119027 USEFUL:       1332 USELESS:       5569
cpu15->cpu15_L2C AVERAGE MISS LATENCY: 406.3 cycles
cpu15_L2C FLUSH STALL CYCLES: 27248
cpu15->cpu15_L1I TOTAL        ACCESS:   72904931 HIT:   69742468 MISS:    3162463 MSHR_MERGE:    1122383
cpu15->cpu15_L1I LOAD         ACCESS:   36858210 HIT:   35203573 MISS:    1654637 MSHR_MERGE:     563654
cpu15->cpu15_L1I RFO          ACCESS:          0 HIT:          0 MISS:          0 MSHR_MERGE:          0
cpu15->cpu15_L1I PREFETCH     ACCESS:   36046721 HIT:   34538895 MISS:    1507826 MSHR_MERGE:     558729
cpu15->cpu15_L1I WRITE        ACCESS:          0 HIT:          0 MISS:          0 MSHR_MERGE:          0
cpu15->cpu15_L1I TRANSLATION  ACCESS:          0 HIT:          0 MISS:          0 MSHR_MERGE:          0
cpu15->cpu15_L1I PREFETCH REQUESTED:   36865046 ISSUED:   36046721 USEFUL:     398432 USELESS:     550641
cpu15->cpu15_L1I AVERAGE MISS LATENCY: 10.15 cycles
cpu15->cpu15_L1D TOTAL        ACCESS:   63588720 HIT:   49597606 MISS:   13991114 MSHR_MERGE:    3409401
cpu15->cpu15_L1D LOAD         ACCESS:   41838303 HIT:   30535175 MISS:   11303128 MSHR_MERGE:    2183555
cpu15->cpu15_L1D RFO          ACCESS:          0 HIT:          0 MISS:          0 MSHR_MERGE:          0
cpu15->cpu15_L1D PREFETCH     ACCESS:    5589616 HIT:    4750438 MISS:     839178 MSHR_MERGE:     331839
cpu15->cpu15_L1D WRITE        ACCESS:   15501322 HIT:   14293187 MISS:    1208135 MSHR_MERGE:     892967
cpu15->cpu15_L1D TRANSLATION  ACCESS:     659479 HIT:      18806 MISS:     640673 MSHR_MERGE:       1040
cpu15->cpu15_L1D PREFETCH REQUESTED:    6274821 ISSUED:    5589616 USEFUL:     364379 USELESS:     128969
cpu15->cpu15_L1D AVERAGE MISS LATENCY: 25.95 cycles
cpu15->cpu15_ITLB TOTAL        ACCESS:   55582482 HIT:   55400543 MISS:     181939 MSHR_MERGE:      95489
cpu15->cpu15_ITLB LOAD         ACCESS:   55582482 HIT:   55400543 MISS:     181939 MSHR_MERGE:      95489
cpu15->cpu15_ITLB RFO          ACCESS:          0 HIT:          0 MISS:          0 MSHR_MERGE:          0
cpu15->cpu15_ITLB PREFETCH     ACCESS:          0 HIT:          0 MISS:          0 MSHR_MERGE:          0
cpu15->cpu15_ITLB WRITE        ACCESS:          0 HIT:          0 MISS:          0 MSHR_MERGE:          0
cpu15->cpu15_ITLB TRANSLATION  ACCESS:          0 HIT:          0 MISS:          0 MSHR_MERGE:          0
cpu15->cpu15_ITLB PREFETCH REQUESTED:          0 ISSUED:          0 USEFUL:          0 USELESS:          0
cpu15->cpu15_ITLB AVERAGE MISS LATENCY: 16.68 cycles
cpu15->cpu15_DTLB TOTAL        ACCESS:   55206526 HIT:   46483579 MISS:    8722947 MSHR_MERGE:    3120469
cpu15->cpu15_DTLB LOAD         ACCESS:   55206526 HIT:   46483579 MISS:    8722947 MSHR_MERGE:    3120469
cpu15->cpu15_DTLB RFO          ACCESS:          0 HIT:          0 MISS:          0 MSHR_MERGE:          0
cpu15->cpu15_DTLB PREFETCH     ACCESS:          0 HIT:          0 MISS:          0 MSHR_MERGE:          0
cpu15->cpu15_DTLB WRITE        ACCESS:          0 HIT:          0 MISS:          0 MSHR_MERGE:          0
cpu15->cpu15_DTLB TRANSLATION  ACCESS:          0 HIT:          0 MISS:          0 MSHR_MERGE:          0
cpu15->cpu15_DTLB PREFETCH REQUESTED:          0 ISSUED:          0 USEFUL:          0 USELESS:          0
cpu15->cpu15_DTLB AVERAGE MISS LATENCY: 12.49 cycles
cpu14->cpu14_STLB TOTAL        ACCESS:     538494 HIT:     528952 MISS:       9542 MSHR_MERGE:          0
cpu14->cpu14_STLB LOAD         ACCESS:     538494 HIT:     528952 MISS:       9542 MSHR_MERGE:          0
cpu14->cpu14_STLB RFO          ACCESS:          0 HIT:          0 MISS:          0 MSHR_MERGE:          0
cpu14->cpu14_STLB PREFETCH     ACCESS:          0 HIT:          0 MISS:          0 MSHR_MERGE:          0
cpu14->cpu14_STLB WRITE        ACCESS:          0 HIT:          0 MISS:          0 MSHR_MERGE:          0
cpu14->cpu14_STLB TRANSLATION  ACCESS:          0 HIT:          0 MISS:          0 MSHR_MERGE:          0
cpu14->cpu14_STLB PREFETCH REQUESTED:          0 ISSUED:          0 USEFUL:          0 USELESS:          0
cpu14->cpu14_STLB AVERAGE MISS LATENCY: 1216 cycles
cpu0->cpu14_L2C TOTAL        ACCESS:        295 HIT:        273 MISS:         22 MSHR_MERGE:          0
cpu0->cpu14_L2C LOAD         ACCESS:          0 HIT:          0 MISS:          0 MSHR_MERGE:          0
cpu0->cpu14_L2C RFO          ACCESS:          0 HIT:          0 MISS:          0 MSHR_MERGE:          0
cpu0->cpu14_L2C PREFETCH     ACCESS:          0 HIT:          0 MISS:          0 MSHR_MERGE:          0
cpu0->cpu14_L2C WRITE        ACCESS:        295 HIT:        273 MISS:         22 MSHR_MERGE:          0
cpu0->cpu14_L2C TRANSLATION  ACCESS:          0 HIT:          0 MISS:          0 MSHR_MERGE:          0
cpu0->cpu14_L2C PREFETCH REQUESTED:    4480747 ISSUED:    4345182 USEFUL:      58950 USELESS:       2853
cpu0->cpu14_L2C AVERAGE MISS LATENCY: 9.201e+06 cycles
cpu14->cpu14_L2C TOTAL        ACCESS:    7149428 HIT:    4757571 MISS:    2391857 MSHR_MERGE:     306758
cpu14->cpu14_L2C LOAD         ACCESS:    1685635 HIT:    1360117 MISS:     325518 MSHR_MERGE:      28873
cpu14->cpu14_L2C RFO          ACCESS:     281839 HIT:      77390 MISS:     204449 MSHR_MERGE:         11
cpu14->cpu14_L2C PREFETCH     ACCESS:    4823481 HIT:    3045265 MISS:    1778216 MSHR_MERGE:     277874
cpu14->cpu14_L2C WRITE        ACCESS:     343287 HIT:     274520 MISS:      68767 MSHR_MERGE:          0
cpu14->cpu14_L2C TRANSLATION  ACCESS:      15186 HIT:        279 MISS:      14907 MSHR_MERGE:          0
cpu14->cpu14_L2C PREFETCH REQUESTED:    4480747 ISSUED:    4345182 USEFUL:      58950 USELESS:       2853
cpu14->cpu14_L2C AVERAGE MISS LATENCY: 329.9 cycles
cpu14_L2C FLUSH STALL CYCLES: 21253
cpu14->cpu14_L1I TOTAL        ACCESS:  189279405 HIT:  186336903 MISS:    2942502 MSHR_MERGE:    1536092
cpu14->cpu14_L1I LOAD         ACCESS:  100987072 HIT:   99218611 MISS:    1768461 MSHR_MERGE:     746838
cpu14->cpu14_L1I RFO          ACCESS:          0 HIT:          0 MISS:          0 MSHR_MERGE:          0
cpu14->cpu14_L1I PREFETCH     ACCESS:   88292333 HIT:   87118292 MISS:    1174041 MSHR_MERGE:     789254
cpu14->cpu14_L1I WRITE        ACCESS:          0 HIT:          0 MISS:          0 MSHR_MERGE:          0
cpu14->cpu14_L1I TRANSLATION  ACCESS:          0 HIT:          0 MISS:          0 MSHR_MERGE:          0
cpu14->cpu14_L1I PREFETCH REQUESTED:  101016072 ISSUED:   88292301 USEFUL:     188255 USELESS:     196482
cpu14->cpu14_L1I AVERAGE MISS LATENCY: 10.91 cycles
cpu14->cpu14_L1D TOTAL        ACCESS:  134620668 HIT:  129803679 MISS:    4816989 MSHR_MERGE:    3762065
cpu14->cpu14_L1D LOAD         ACCESS:   80057778 HIT:   78559285 MISS:    1498493 MSHR_MERGE:     834472
cpu14->cpu14_L1D RFO          ACCESS:          0 HIT:          0 MISS:          0 MSHR_MERGE:          0
cpu14->cpu14_L1D PREFETCH     ACCESS:    6037142 HIT:    5892667 MISS:     144475 MSHR_MERGE:      50729
cpu14->cpu14_L1D WRITE        ACCESS:   48506624 HIT:   45349069 MISS:    3157555 MSHR_MERGE:    2875584
cpu14->cpu14_L1D TRANSLATION  ACCESS:      19124 HIT:       2658 MISS:      16466 MSHR_MERGE:       1280
cpu14->cpu14_L1D PREFETCH REQUESTED:    6217173 ISSUED:    6037142 USEFUL:      56154 USELESS:      16496
cpu14->cpu14_L1D AVERAGE MISS LATENCY: 218 cycles
cpu14_L1D FLUSH STALL CYCLES: 231
cpu14->cpu14_ITLB TOTAL        ACCESS:  128630028 HIT:  128623373 MISS:       6655 MSHR_MERGE:       4556
cpu14->cpu14_ITLB LOAD         ACCESS:  128630028 HIT:  128623373 MISS:       6655 MSHR_MERGE:       4556
cpu14->cpu14_ITLB RFO          ACCESS:          0 HIT:          0 MISS:          0 MSHR_MERGE:          0
cpu14->cpu14_ITLB PREFETCH     ACCESS:          0 HIT:          0 MISS:          0 MSHR_MERGE:          0
cpu14->cpu14_ITLB WRITE        ACCESS:          0 HIT:          0 MISS:          0 MSHR_MERGE:          0
cpu14->cpu14_ITLB TRANSLATION  ACCESS:          0 HIT:          0 MISS:          0 MSHR_MERGE:          0
cpu14->cpu14_ITLB PREFETCH REQUESTED:          0 ISSUED:          0 USEFUL:          0 USELESS:          0
cpu14->cpu14_ITLB AVERAGE MISS LATENCY: 96.49 cycles
cpu14->cpu14_DTLB TOTAL        ACCESS:  119649833 HIT:  118590851 MISS:    1058982 MSHR_MERGE:     522587
cpu14->cpu14_DTLB LOAD         ACCESS:  119649833 HIT:  118590851 MISS:    1058982 MSHR_MERGE:     522587
cpu14->cpu14_DTLB RFO          ACCESS:          0 HIT:          0 MISS:          0 MSHR_MERGE:          0
cpu14->cpu14_DTLB PREFETCH     ACCESS:          0 HIT:          0 MISS:          0 MSHR_MERGE:          0
cpu14->cpu14_DTLB WRITE        ACCESS:          0 HIT:          0 MISS:          0 MSHR_MERGE:          0
cpu14->cpu14_DTLB TRANSLATION  ACCESS:          0 HIT:          0 MISS:          0 MSHR_MERGE:          0
cpu14->cpu14_DTLB PREFETCH REQUESTED:          0 ISSUED:          0 USEFUL:          0 USELESS:          0
cpu14->cpu14_DTLB AVERAGE MISS LATENCY: 26.3 cycles
cpu13->cpu13_STLB TOTAL        ACCESS:       1236 HIT:          0 MISS:       1236 MSHR_MERGE:          0
cpu13->cpu13_STLB LOAD         ACCESS:       1236 HIT:          0 MISS:       1236 MSHR_MERGE:          0
cpu13->cpu13_STLB RFO          ACCESS:          0 HIT:          0 MISS:          0 MSHR_MERGE:          0
cpu13->cpu13_STLB PREFETCH     ACCESS:          0 HIT:          0 MISS:          0 MSHR_MERGE:          0
cpu13->cpu13_STLB WRITE        ACCESS:          0 HIT:          0 MISS:          0 MSHR_MERGE:          0
cpu13->cpu13_STLB TRANSLATION  ACCESS:          0 HIT:          0 MISS:          0 MSHR_MERGE:          0
cpu13->cpu13_STLB PREFETCH REQUESTED:          0 ISSUED:          0 USEFUL:          0 USELESS:          0
cpu13->cpu13_STLB AVERAGE MISS LATENCY: 980.7 cycles
cpu0->cpu13_L2C TOTAL        ACCESS:        739 HIT:        689 MISS:         50 MSHR_MERGE:          0
cpu0->cpu13_L2C LOAD         ACCESS:          0 HIT:          0 MISS:          0 MSHR_MERGE:          0
cpu0->cpu13_L2C RFO          ACCESS:          0 HIT:          0 MISS:          0 MSHR_MERGE:          0
cpu0->cpu13_L2C PREFETCH     ACCESS:          0 HIT:          0 MISS:          0 MSHR_MERGE:          0
cpu0->cpu13_L2C WRITE        ACCESS:        739 HIT:        689 MISS:         50 MSHR_MERGE:          0
cpu0->cpu13_L2C TRANSLATION  ACCESS:          0 HIT:          0 MISS:          0 MSHR_MERGE:          0
cpu0->cpu13_L2C PREFETCH REQUESTED:    1526721 ISSUED:    1276376 USEFUL:      41883 USELESS:         99
cpu0->cpu13_L2C AVERAGE MISS LATENCY: 3.835e+04 cycles
cpu13->cpu13_L2C TOTAL        ACCESS:    1437399 HIT:     110774 MISS:    1326625 MSHR_MERGE:      30555
cpu13->cpu13_L2C LOAD         ACCESS:      48801 HIT:      34557 MISS:      14244 MSHR_MERGE:          0
cpu13->cpu13_L2C RFO          ACCESS:        261 HIT:        261 MISS:          0 MSHR_MERGE:          0
cpu13->cpu13_L2C PREFETCH     ACCESS:    1307390 HIT:       9262 MISS:    1298128 MSHR_MERGE:      30555
cpu13->cpu13_L2C WRITE        ACCESS:      79555 HIT:      66693 MISS:      12862 MSHR_MERGE:          0
cpu13->cpu13_L2C TRANSLATION  ACCESS:       1392 HIT:          1 MISS:       1391 MSHR_MERGE:          0
cpu13->cpu13_L2C PREFETCH REQUESTED:    1526721 ISSUED:    1276376 USEFUL:      41883 USELESS:         99
cpu13->cpu13_L2C AVERAGE MISS LATENCY: 67.29 cycles
cpu13_L2C FLUSH STALL CYCLES: 32216
cpu13->cpu13_L1I TOTAL        ACCESS:  179761525 HIT:  179761525 MISS:          0 MSHR_MERGE:          0
cpu13->cpu13_L1I LOAD         ACCESS:   89880773 HIT:   89880773 MISS:          0 MSHR_MERGE:          0
cpu13->cpu13_L1I RFO          ACCESS:          0 HIT:          0 MISS:          0 MSHR_MERGE:          0
cpu13->cpu13_L1I PREFETCH     ACCESS:   89880752 HIT:   89880752 MISS:          0 MSHR_MERGE:          0
cpu13->cpu13_L1I WRITE        ACCESS:          0 HIT:          0 MISS:          0 MSHR_MERGE:          0
cpu13->cpu13_L1I TRANSLATION  ACCESS:          0 HIT:          0 MISS:          0 MSHR_MERGE:          0
cpu13->cpu13_L1I PREFETCH REQUESTED:   89880773 ISSUED:   89880720 USEFUL:          0 USELESS:          0
cpu13->cpu13_L1I AVERAGE MISS LATENCY: - cycles
cpu13->cpu13_L1D TOTAL        ACCESS:   71910067 HIT:   71777387 MISS:     132680 MSHR_MERGE:      51212
cpu13->cpu13_L1D LOAD         ACCESS:   53143184 HIT:   53043971 MISS:      99213 MSHR_MERGE:      50412
cpu13->cpu13_L1D RFO          ACCESS:          0 HIT:          0 MISS:          0 MSHR_MERGE:          0
cpu13->cpu13_L1D PREFETCH     ACCESS:      32899 HIT:       1875 MISS:      31024 MSHR_MERGE:         10
cpu13->cpu13_L1D WRITE        ACCESS:   18731510 HIT:   18730459 MISS:       1051 MSHR_MERGE:        790
cpu13->cpu13_L1D TRANSLATION  ACCESS:       2474 HIT:       1082 MISS:       1392 MSHR_MERGE:          0
cpu13->cpu13_L1D PREFETCH REQUESTED:      32899 ISSUED:      32899 USEFUL:      31013 USELESS:          0
cpu13->cpu13_L1D AVERAGE MISS LATENCY: 46.53 cycles
cpu13_L1D FLUSH STALL CYCLES: 675
cpu13->cpu13_ITLB TOTAL        ACCESS:  146912112 HIT:  146912112 MISS:          0 MSHR_MERGE:          0
cpu13->cpu13_ITLB LOAD         ACCESS:  146912112 HIT:  146912112 MISS:          0 MSHR_MERGE:          0
cpu13->cpu13_ITLB RFO          ACCESS:          0 HIT:          0 MISS:          0 MSHR_MERGE:          0
cpu13->cpu13_ITLB PREFETCH     ACCESS:          0 HIT:          0 MISS:          0 MSHR_MERGE:          0
cpu13->cpu13_ITLB WRITE        ACCESS:          0 HIT:          0 MISS:          0 MSHR_MERGE:          0
cpu13->cpu13_ITLB TRANSLATION  ACCESS:          0 HIT:          0 MISS:          0 MSHR_MERGE:          0
cpu13->cpu13_ITLB PREFETCH REQUESTED:          0 ISSUED:          0 USEFUL:          0 USELESS:          0
cpu13->cpu13_ITLB AVERAGE MISS LATENCY: - cycles
cpu13->cpu13_DTLB TOTAL        ACCESS:   71262918 HIT:   71260329 MISS:       2589 MSHR_MERGE:       1353
cpu13->cpu13_DTLB LOAD         ACCESS:   71262918 HIT:   71260329 MISS:       2589 MSHR_MERGE:       1353
cpu13->cpu13_DTLB RFO          ACCESS:          0 HIT:          0 MISS:          0 MSHR_MERGE:          0
cpu13->cpu13_DTLB PREFETCH     ACCESS:          0 HIT:          0 MISS:          0 MSHR_MERGE:          0
cpu13->cpu13_DTLB WRITE        ACCESS:          0 HIT:          0 MISS:          0 MSHR_MERGE:          0
cpu13->cpu13_DTLB TRANSLATION  ACCESS:          0 HIT:          0 MISS:          0 MSHR_MERGE:          0
cpu13->cpu13_DTLB PREFETCH REQUESTED:          0 ISSUED:          0 USEFUL:          0 USELESS:          0
cpu13->cpu13_DTLB AVERAGE MISS LATENCY: 986.7 cycles
cpu12->cpu12_STLB TOTAL        ACCESS:     136499 HIT:      36298 MISS:     100201 MSHR_MERGE:          0
cpu12->cpu12_STLB LOAD         ACCESS:     136499 HIT:      36298 MISS:     100201 MSHR_MERGE:          0
cpu12->cpu12_STLB RFO          ACCESS:          0 HIT:          0 MISS:          0 MSHR_MERGE:          0
cpu12->cpu12_STLB PREFETCH     ACCESS:          0 HIT:          0 MISS:          0 MSHR_MERGE:          0
cpu12->cpu12_STLB WRITE        ACCESS:          0 HIT:          0 MISS:          0 MSHR_MERGE:          0
cpu12->cpu12_STLB TRANSLATION  ACCESS:          0 HIT:          0 MISS:          0 MSHR_MERGE:          0
cpu12->cpu12_STLB PREFETCH REQUESTED:          0 ISSUED:          0 USEFUL:          0 USELESS:          0
cpu12->cpu12_STLB AVERAGE MISS LATENCY: 986.6 cycles
cpu0->cpu12_L2C TOTAL        ACCESS:        133 HIT:         52 MISS:         81 MSHR_MERGE:          0
cpu0->cpu12_L2C LOAD         ACCESS:          0 HIT:          0 MISS:          0 MSHR_MERGE:          0
cpu0->cpu12_L2C RFO          ACCESS:          0 HIT:          0 MISS:          0 MSHR_MERGE:          0
cpu0->cpu12_L2C PREFETCH     ACCESS:          0 HIT:          0 MISS:          0 MSHR_MERGE:          0
cpu0->cpu12_L2C WRITE        ACCESS:        133 HIT:         52 MISS:         81 MSHR_MERGE:          0
cpu0->cpu12_L2C TRANSLATION  ACCESS:          0 HIT:          0 MISS:          0 MSHR_MERGE:          0
cpu0->cpu12_L2C PREFETCH REQUESTED:   43708805 ISSUED:   40418554 USEFUL:    2309362 USELESS:     100404
cpu0->cpu12_L2C AVERAGE MISS LATENCY: 2.803e+06 cycles
cpu12->cpu12_L2C TOTAL        ACCESS:   45546125 HIT:   11249290 MISS:   34296835 MSHR_MERGE:     136143
cpu12->cpu12_L2C LOAD         ACCESS:    4145829 HIT:    3013857 MISS:    1131972 MSHR_MERGE:      68537
cpu12->cpu12_L2C RFO          ACCESS:     367731 HIT:     140175 MISS:     227556 MSHR_MERGE:          0
cpu12->cpu12_L2C PREFETCH     ACCESS:   40436033 HIT:    7769575 MISS:   32666458 MSHR_MERGE:      67606
cpu12->cpu12_L2C WRITE        ACCESS:     411490 HIT:     313496 MISS:      97994 MSHR_MERGE:          0
cpu12->cpu12_L2C TRANSLATION  ACCESS:     185042 HIT:      12187 MISS:     172855 MSHR_MERGE:          0
cpu12->cpu12_L2C PREFETCH REQUESTED:   43708805 ISSUED:   40418554 USEFUL:    2309362 USELESS:     100404
cpu12->cpu12_L2C AVERAGE MISS LATENCY: 139.2 cycles
cpu12_L2C FLUSH STALL CYCLES: 311
cpu12->cpu12_L1I TOTAL        ACCESS:  139809930 HIT:  139809509 MISS:        421 MSHR_MERGE:        214
cpu12->cpu12_L1I LOAD         ACCESS:   69930595 HIT:   69930406 MISS:        189 MSHR_MERGE:         63
cpu12->cpu12_L1I RFO          ACCESS:          0 HIT:          0 MISS:          0 MSHR_MERGE:          0
cpu12->cpu12_L1I PREFETCH     ACCESS:   69879335 HIT:   69879103 MISS:        232 MSHR_MERGE:        151
cpu12->cpu12_L1I WRITE        ACCESS:          0 HIT:          0 MISS:          0 MSHR_MERGE:          0
cpu12->cpu12_L1I TRANSLATION  ACCESS:          0 HIT:          0 MISS:          0 MSHR_MERGE:          0
cpu12->cpu12_L1I PREFETCH REQUESTED:   69930595 ISSUED:   69879303 USEFUL:         47 USELESS:          0
cpu12->cpu12_L1I AVERAGE MISS LATENCY: 194.5 cycles
cpu12->cpu12_L1D TOTAL        ACCESS:  100497606 HIT:   92608887 MISS:    7888719 MSHR_MERGE:    3172637
cpu12->cpu12_L1D LOAD         ACCESS:   84228488 HIT:   77638295 MISS:    6590193 MSHR_MERGE:    2444473
cpu12->cpu12_L1D RFO          ACCESS:          0 HIT:          0 MISS:          0 MSHR_MERGE:          0
cpu12->cpu12_L1D PREFETCH     ACCESS:      66702 HIT:      47476 MISS:      19226 MSHR_MERGE:       1755
cpu12->cpu12_L1D WRITE        ACCESS:   15951406 HIT:   14857430 MISS:    1093976 MSHR_MERGE:     726127
cpu12->cpu12_L1D TRANSLATION  ACCESS:     251010 HIT:      65686 MISS:     185324 MSHR_MERGE:        282
cpu12->cpu12_L1D PREFETCH REQUESTED:     109255 ISSUED:      66702 USEFUL:       7385 USELESS:        262
cpu12->cpu12_L1D AVERAGE MISS LATENCY: 58.55 cycles
cpu12_L1D FLUSH STALL CYCLES: 69
cpu12->cpu12_ITLB TOTAL        ACCESS:   93925524 HIT:   93925476 MISS:         48 MSHR_MERGE:         32
cpu12->cpu12_ITLB LOAD         ACCESS:   93925524 HIT:   93925476 MISS:         48 MSHR_MERGE:         32
cpu12->cpu12_ITLB RFO          ACCESS:          0 HIT:          0 MISS:          0 MSHR_MERGE:          0
cpu12->cpu12_ITLB PREFETCH     ACCESS:          0 HIT:          0 MISS:          0 MSHR_MERGE:          0
cpu12->cpu12_ITLB WRITE        ACCESS:          0 HIT:          0 MISS:          0 MSHR_MERGE:          0
cpu12->cpu12_ITLB TRANSLATION  ACCESS:          0 HIT:          0 MISS:          0 MSHR_MERGE:          0
cpu12->cpu12_ITLB PREFETCH REQUESTED:          0 ISSUED:          0 USEFUL:          0 USELESS:          0
cpu12->cpu12_ITLB AVERAGE MISS LATENCY: 1002 cycles
cpu12->cpu12_DTLB TOTAL        ACCESS:   98203243 HIT:   97825598 MISS:     377645 MSHR_MERGE:     241162
cpu12->cpu12_DTLB LOAD         ACCESS:   98203243 HIT:   97825598 MISS:     377645 MSHR_MERGE:     241162
cpu12->cpu12_DTLB RFO          ACCESS:          0 HIT:          0 MISS:          0 MSHR_MERGE:          0
cpu12->cpu12_DTLB PREFETCH     ACCESS:          0 HIT:          0 MISS:          0 MSHR_MERGE:          0
cpu12->cpu12_DTLB WRITE        ACCESS:          0 HIT:          0 MISS:          0 MSHR_MERGE:          0
cpu12->cpu12_DTLB TRANSLATION  ACCESS:          0 HIT:          0 MISS:          0 MSHR_MERGE:          0
cpu12->cpu12_DTLB PREFETCH REQUESTED:          0 ISSUED:          0 USEFUL:          0 USELESS:          0
cpu12->cpu12_DTLB AVERAGE MISS LATENCY: 729.9 cycles
cpu11->cpu11_STLB TOTAL        ACCESS:     201875 HIT:     180309 MISS:      21566 MSHR_MERGE:          0
cpu11->cpu11_STLB LOAD         ACCESS:     201875 HIT:     180309 MISS:      21566 MSHR_MERGE:          0
cpu11->cpu11_STLB RFO          ACCESS:          0 HIT:          0 MISS:          0 MSHR_MERGE:          0
cpu11->cpu11_STLB PREFETCH     ACCESS:          0 HIT:          0 MISS:          0 MSHR_MERGE:          0
cpu11->cpu11_STLB WRITE        ACCESS:          0 HIT:          0 MISS:          0 MSHR_MERGE:          0
cpu11->cpu11_STLB TRANSLATION  ACCESS:          0 HIT:          0 MISS:          0 MSHR_MERGE:          0
cpu11->cpu11_STLB PREFETCH REQUESTED:          0 ISSUED:          0 USEFUL:          0 USELESS:          0
cpu11->cpu11_STLB AVERAGE MISS LATENCY: 1016 cycles
cpu0->cpu11_L2C TOTAL        ACCESS:        261 HIT:        259 MISS:          2 MSHR_MERGE:          0
cpu0->cpu11_L2C LOAD         ACCESS:          0 HIT:          0 MISS:          0 MSHR_MERGE:          0
cpu0->cpu11_L2C RFO          ACCESS:          0 HIT:          0 MISS:          0 MSHR_MERGE:          0
cpu0->cpu11_L2C PREFETCH     ACCESS:          0 HIT:          0 MISS:          0 MSHR_MERGE:          0
cpu0->cpu11_L2C WRITE        ACCESS:        261 HIT:        259 MISS:          2 MSHR_MERGE:          0
cpu0->cpu11_L2C TRANSLATION  ACCESS:          0 HIT:          0 MISS:          0 MSHR_MERGE:          0
cpu0->cpu11_L2C PREFETCH REQUESTED:   32210737 ISSUED:   28152969 USEFUL:     312422 USELESS:      20300
cpu0->cpu11_L2C AVERAGE MISS LATENCY: 2.044e+08 cycles
cpu11->cpu11_L2C TOTAL        ACCESS:   37900070 HIT:   26057934 MISS:   11842136 MSHR_MERGE:    1020335
cpu11->cpu11_L2C LOAD         ACCESS:    3690955 HIT:    2896758 MISS:     794197 MSHR_MERGE:     129055
cpu11->cpu11_L2C RFO          ACCESS:    2250262 HIT:    1577769 MISS:     672493 MSHR_MERGE:          0
cpu11->cpu11_L2C PREFETCH     ACCESS:   28950802 HIT:   18842943 MISS:   10107859 MSHR_MERGE:     891280
cpu11->cpu11_L2C WRITE        ACCESS:    2969139 HIT:    2737179 MISS:     231960 MSHR_MERGE:          0
cpu11->cpu11_L2C TRANSLATION  ACCESS:      38912 HIT:       3285 MISS:      35627 MSHR_MERGE:          0
cpu11->cpu11_L2C PREFETCH REQUESTED:   32210737 ISSUED:   28152969 USEFUL:     312422 USELESS:      20300
cpu11->cpu11_L2C AVERAGE MISS LATENCY: 235.7 cycles
cpu11_L2C FLUSH STALL CYCLES: 29813
cpu11->cpu11_L1I TOTAL        ACCESS:   63724505 HIT:   63047025 MISS:     677480 MSHR_MERGE:     454027
cpu11->cpu11_L1I LOAD         ACCESS:   34362570 HIT:   34052792 MISS:     309778 MSHR_MERGE:     167429
cpu11->cpu11_L1I RFO          ACCESS:          0 HIT:          0 MISS:          0 MSHR_MERGE:          0
cpu11->cpu11_L1I PREFETCH     ACCESS:   29361935 HIT:   28994233 MISS:     367702 MSHR_MERGE:     286598
cpu11->cpu11_L1I WRITE        ACCESS:          0 HIT:          0 MISS:          0 MSHR_MERGE:          0
cpu11->cpu11_L1I TRANSLATION  ACCESS:          0 HIT:          0 MISS:          0 MSHR_MERGE:          0
cpu11->cpu11_L1I PREFETCH REQUESTED:   34371175 ISSUED:   29361903 USEFUL:      55951 USELESS:      25181
cpu11->cpu11_L1I AVERAGE MISS LATENCY: 38.05 cycles
cpu11->cpu11_L1D TOTAL        ACCESS:   92330539 HIT:   75514842 MISS:   16815697 MSHR_MERGE:   10260095
cpu11->cpu11_L1D LOAD         ACCESS:   58869715 HIT:   52018182 MISS:    6851533 MSHR_MERGE:    3302829
cpu11->cpu11_L1D RFO          ACCESS:          0 HIT:          0 MISS:          0 MSHR_MERGE:          0
cpu11->cpu11_L1D PREFETCH     ACCESS:    4040452 HIT:    3024791 MISS:    1015661 MSHR_MERGE:     298021
cpu11->cpu11_L1D WRITE        ACCESS:   29374174 HIT:   20465287 MISS:    8908887 MSHR_MERGE:    6658541
cpu11->cpu11_L1D TRANSLATION  ACCESS:      46198 HIT:       6582 MISS:      39616 MSHR_MERGE:        704
cpu11->cpu11_L1D PREFETCH REQUESTED:    7220220 ISSUED:    4040444 USEFUL:     526412 USELESS:      61891
cpu11->cpu11_L1D AVERAGE MISS LATENCY: 79.49 cycles
cpu11_L1D FLUSH STALL CYCLES: 197
cpu11->cpu11_ITLB TOTAL        ACCESS:   45673877 HIT:   45653432 MISS:      20445 MSHR_MERGE:      12252
cpu11->cpu11_ITLB LOAD         ACCESS:   45673877 HIT:   45653432 MISS:      20445 MSHR_MERGE:      12252
cpu11->cpu11_ITLB RFO          ACCESS:          0 HIT:          0 MISS:          0 MSHR_MERGE:          0
cpu11->cpu11_ITLB PREFETCH     ACCESS:          0 HIT:          0 MISS:          0 MSHR_MERGE:          0
cpu11->cpu11_ITLB WRITE        ACCESS:          0 HIT:          0 MISS:          0 MSHR_MERGE:          0
cpu11->cpu11_ITLB TRANSLATION  ACCESS:          0 HIT:          0 MISS:          0 MSHR_MERGE:          0
cpu11->cpu11_ITLB PREFETCH REQUESTED:          0 ISSUED:          0 USEFUL:          0 USELESS:          0
cpu11->cpu11_ITLB AVERAGE MISS LATENCY: 38.47 cycles
cpu11->cpu11_DTLB TOTAL        ACCESS:   84438008 HIT:   83912378 MISS:     525630 MSHR_MERGE:     331948
cpu11->cpu11_DTLB LOAD         ACCESS:   84438008 HIT:   83912378 MISS:     525630 MSHR_MERGE:     331948
cpu11->cpu11_DTLB RFO          ACCESS:          0 HIT:          0 MISS:          0 MSHR_MERGE:          0
cpu11->cpu11_DTLB PREFETCH     ACCESS:          0 HIT:          0 MISS:          0 MSHR_MERGE:          0
cpu11->cpu11_DTLB WRITE        ACCESS:          0 HIT:          0 MISS:          0 MSHR_MERGE:          0
cpu11->cpu11_DTLB TRANSLATION  ACCESS:          0 HIT:          0 MISS:          0 MSHR_MERGE:          0
cpu11->cpu11_DTLB PREFETCH REQUESTED:          0 ISSUED:          0 USEFUL:          0 USELESS:          0
cpu11->cpu11_DTLB AVERAGE MISS LATENCY: 116.8 cycles
cpu10->cpu10_STLB TOTAL        ACCESS:     157293 HIT:     153111 MISS:       4182 MSHR_MERGE:          0
cpu10->cpu10_STLB LOAD         ACCESS:     157293 HIT:     153111 MISS:       4182 MSHR_MERGE:          0
cpu10->cpu10_STLB RFO          ACCESS:          0 HIT:          0 MISS:          0 MSHR_MERGE:          0
cpu10->cpu10_STLB PREFETCH     ACCESS:          0 HIT:          0 MISS:          0 MSHR_MERGE:          0
cpu10->cpu10_STLB WRITE        ACCESS:          0 HIT:          0 MISS:          0 MSHR_MERGE:          0
cpu10->cpu10_STLB TRANSLATION  ACCESS:          0 HIT:          0 MISS:          0 MSHR_MERGE:          0
cpu10->cpu10_STLB PREFETCH REQUESTED:          0 ISSUED:          0 USEFUL:          0 USELESS:          0
cpu10->cpu10_STLB AVERAGE MISS LATENCY: 1117 cycles
cpu0->cpu10_L2C TOTAL        ACCESS:          6 HIT:          1 MISS:          5 MSHR_MERGE:          0
cpu0->cpu10_L2C LOAD         ACCESS:          0 HIT:          0 MISS:          0 MSHR_MERGE:          0
cpu0->cpu10_L2C RFO          ACCESS:          0 HIT:          0 MISS:          0 MSHR_MERGE:          0
cpu0->cpu10_L2C PREFETCH     ACCESS:          0 HIT:          0 MISS:          0 MSHR_MERGE:          0
cpu0->cpu10_L2C WRITE        ACCESS:          6 HIT:          1 MISS:          5 MSHR_MERGE:          0
cpu0->cpu10_L2C TRANSLATION  ACCESS:          0 HIT:          0 MISS:          0 MSHR_MERGE:          0
cpu0->cpu10_L2C PREFETCH REQUESTED:   12960043 ISSUED:   12955400 USEFUL:      83983 USELESS:        874
cpu0->cpu10_L2C AVERAGE MISS LATENCY: 2.516e+06 cycles
cpu10->cpu10_L2C TOTAL        ACCESS:   16040950 HIT:   14036241 MISS:    2004709 MSHR_MERGE:       8120
cpu10->cpu10_L2C LOAD         ACCESS:    2333385 HIT:    2190420 MISS:     142965 MSHR_MERGE:         79
cpu10->cpu10_L2C RFO          ACCESS:       7134 HIT:       6944 MISS:        190 MSHR_MERGE:          0
cpu10->cpu10_L2C PREFETCH     ACCESS:   13685395 HIT:   11830013 MISS:    1855382 MSHR_MERGE:       8041
cpu10->cpu10_L2C WRITE        ACCESS:       7246 HIT:       7240 MISS:          6 MSHR_MERGE:          0
cpu10->cpu10_L2C TRANSLATION  ACCESS:       7790 HIT:       1624 MISS:       6166 MSHR_MERGE:          0
cpu10->cpu10_L2C PREFETCH REQUESTED:   12960043 ISSUED:   12955400 USEFUL:      83983 USELESS:        874
cpu10->cpu10_L2C AVERAGE MISS LATENCY: 84.23 cycles
cpu10->cpu10_L1I TOTAL        ACCESS:   68962452 HIT:   68962452 MISS:          0 MSHR_MERGE:          0
cpu10->cpu10_L1I LOAD         ACCESS:   34481273 HIT:   34481273 MISS:          0 MSHR_MERGE:          0
cpu10->cpu10_L1I RFO          ACCESS:          0 HIT:          0 MISS:          0 MSHR_MERGE:          0
cpu10->cpu10_L1I PREFETCH     ACCESS:   34481179 HIT:   34481179 MISS:          0 MSHR_MERGE:          0
cpu10->cpu10_L1I WRITE        ACCESS:          0 HIT:          0 MISS:          0 MSHR_MERGE:          0
cpu10->cpu10_L1I TRANSLATION  ACCESS:          0 HIT:          0 MISS:          0 MSHR_MERGE:          0
cpu10->cpu10_L1I PREFETCH REQUESTED:   34481273 ISSUED:   34481179 USEFUL:          0 USELESS:          0
cpu10->cpu10_L1I AVERAGE MISS LATENCY: - cycles
cpu10->cpu10_L1D TOTAL        ACCESS:  101548404 HIT:   97946669 MISS:    3601735 MSHR_MERGE:     523317
cpu10->cpu10_L1D LOAD         ACCESS:   93984195 HIT:   91163176 MISS:    2821019 MSHR_MERGE:     487632
cpu10->cpu10_L1D RFO          ACCESS:          0 HIT:          0 MISS:          0 MSHR_MERGE:          0
cpu10->cpu10_L1D PREFETCH     ACCESS:    1389681 HIT:     624010 MISS:     765671 MSHR_MERGE:      35676
cpu10->cpu10_L1D WRITE        ACCESS:    6166107 HIT:    6158852 MISS:       7255 MSHR_MERGE:          9
cpu10->cpu10_L1D TRANSLATION  ACCESS:       8421 HIT:        631 MISS:       7790 MSHR_MERGE:          0
cpu10->cpu10_L1D PREFETCH REQUESTED:    1389670 ISSUED:    1389665 USEFUL:     604396 USELESS:     125570
cpu10->cpu10_L1D AVERAGE MISS LATENCY: 15.43 cycles
cpu10->cpu10_ITLB TOTAL        ACCESS:   55458697 HIT:   55458697 MISS:          0 MSHR_MERGE:          0
cpu10->cpu10_ITLB LOAD         ACCESS:   55458697 HIT:   55458697 MISS:          0 MSHR_MERGE:          0
cpu10->cpu10_ITLB RFO          ACCESS:          0 HIT:          0 MISS:          0 MSHR_MERGE:          0
cpu10->cpu10_ITLB PREFETCH     ACCESS:          0 HIT:          0 MISS:          0 MSHR_MERGE:          0
cpu10->cpu10_ITLB WRITE        ACCESS:          0 HIT:          0 MISS:          0 MSHR_MERGE:          0
cpu10->cpu10_ITLB TRANSLATION  ACCESS:          0 HIT:          0 MISS:          0 MSHR_MERGE:          0
cpu10->cpu10_ITLB PREFETCH REQUESTED:          0 ISSUED:          0 USEFUL:          0 USELESS:          0
cpu10->cpu10_ITLB AVERAGE MISS LATENCY: - cycles
cpu10->cpu10_DTLB TOTAL        ACCESS:  100015695 HIT:   99821782 MISS:     193913 MSHR_MERGE:      36620
cpu10->cpu10_DTLB LOAD         ACCESS:  100015695 HIT:   99821782 MISS:     193913 MSHR_MERGE:      36620
cpu10->cpu10_DTLB RFO          ACCESS:          0 HIT:          0 MISS:          0 MSHR_MERGE:          0
cpu10->cpu10_DTLB PREFETCH     ACCESS:          0 HIT:          0 MISS:          0 MSHR_MERGE:          0
cpu10->cpu10_DTLB WRITE        ACCESS:          0 HIT:          0 MISS:          0 MSHR_MERGE:          0
cpu10->cpu10_DTLB TRANSLATION  ACCESS:          0 HIT:          0 MISS:          0 MSHR_MERGE:          0
cpu10->cpu10_DTLB PREFETCH REQUESTED:          0 ISSUED:          0 USEFUL:          0 USELESS:          0
cpu10->cpu10_DTLB AVERAGE MISS LATENCY: 34.73 cycles
cpu0->cpu0_STLB TOTAL        ACCESS:          1 HIT:          0 MISS:          1 MSHR_MERGE:          0
cpu0->cpu0_STLB LOAD         ACCESS:          1 HIT:          0 MISS:          1 MSHR_MERGE:          0
cpu0->cpu0_STLB RFO          ACCESS:          0 HIT:          0 MISS:          0 MSHR_MERGE:          0
cpu0->cpu0_STLB PREFETCH     ACCESS:          0 HIT:          0 MISS:          0 MSHR_MERGE:          0
cpu0->cpu0_STLB WRITE        ACCESS:          0 HIT:          0 MISS:          0 MSHR_MERGE:          0
cpu0->cpu0_STLB TRANSLATION  ACCESS:          0 HIT:          0 MISS:          0 MSHR_MERGE:          0
cpu0->cpu0_STLB PREFETCH REQUESTED:          0 ISSUED:          0 USEFUL:          0 USELESS:          0
cpu0->cpu0_STLB AVERAGE MISS LATENCY: 1482 cycles
cpu0->cpu0_L2C TOTAL        ACCESS:      83821 HIT:      79832 MISS:       3989 MSHR_MERGE:        127
cpu0->cpu0_L2C LOAD         ACCESS:      14361 HIT:      14287 MISS:         74 MSHR_MERGE:          1
cpu0->cpu0_L2C RFO          ACCESS:         21 HIT:          3 MISS:         18 MSHR_MERGE:          0
cpu0->cpu0_L2C PREFETCH     ACCESS:      69176 HIT:      65281 MISS:       3895 MSHR_MERGE:        126
cpu0->cpu0_L2C WRITE        ACCESS:        261 HIT:        261 MISS:          0 MSHR_MERGE:          0
cpu0->cpu0_L2C TRANSLATION  ACCESS:          2 HIT:          0 MISS:          2 MSHR_MERGE:          0
cpu0->cpu0_L2C PREFETCH REQUESTED:      62537 ISSUED:      62432 USEFUL:          9 USELESS:          0
cpu0->cpu0_L2C AVERAGE MISS LATENCY: 300.8 cycles
cpu0->cpu0_L1I TOTAL        ACCESS:  160755721 HIT:  160690482 MISS:      65239 MSHR_MERGE:      44148
cpu0->cpu0_L1I LOAD         ACCESS:   85910347 HIT:   85879282 MISS:      31065 MSHR_MERGE:      16714
cpu0->cpu0_L1I RFO          ACCESS:          0 HIT:          0 MISS:          0 MSHR_MERGE:          0
cpu0->cpu0_L1I PREFETCH     ACCESS:   74845374 HIT:   74811200 MISS:      34174 MSHR_MERGE:      27434
cpu0->cpu0_L1I WRITE        ACCESS:          0 HIT:          0 MISS:          0 MSHR_MERGE:          0
cpu0->cpu0_L1I TRANSLATION  ACCESS:          0 HIT:          0 MISS:          0 MSHR_MERGE:          0
cpu0->cpu0_L1I PREFETCH REQUESTED:   85910347 ISSUED:   74845350 USEFUL:       5805 USELESS:        925
cpu0->cpu0_L1I AVERAGE MISS LATENCY: 10.23 cycles
cpu0->cpu0_L1D TOTAL        ACCESS:  216498166 HIT:  216497891 MISS:        275 MSHR_MERGE:        238
cpu0->cpu0_L1D LOAD         ACCESS:   84556780 HIT:   84556733 MISS:         47 MSHR_MERGE:         37
cpu0->cpu0_L1D RFO          ACCESS:          0 HIT:          0 MISS:          0 MSHR_MERGE:          0
cpu0->cpu0_L1D PREFETCH     ACCESS:   16724817 HIT:   16724813 MISS:          4 MSHR_MERGE:          0
cpu0->cpu0_L1D WRITE        ACCESS:  115216567 HIT:  115216345 MISS:        222 MSHR_MERGE:        201
cpu0->cpu0_L1D TRANSLATION  ACCESS:          2 HIT:          0 MISS:          2 MSHR_MERGE:          0
cpu0->cpu0_L1D PREFETCH REQUESTED:   18195856 ISSUED:   16724804 USEFUL:          1 USELESS:          0
cpu0->cpu0_L1D AVERAGE MISS LATENCY: 431.5 cycles
cpu0_L1D FLUSH STALL CYCLES: 197
cpu0->cpu0_ITLB TOTAL        ACCESS:  111397330 HIT:  111397330 MISS:          0 MSHR_MERGE:          0
cpu0->cpu0_ITLB LOAD         ACCESS:  111397330 HIT:  111397330 MISS:          0 MSHR_MERGE:          0
cpu0->cpu0_ITLB RFO          ACCESS:          0 HIT:          0 MISS:          0 MSHR_MERGE:          0
cpu0->cpu0_ITLB PREFETCH     ACCESS:          0 HIT:          0 MISS:          0 MSHR_MERGE:          0
cpu0->cpu0_ITLB WRITE        ACCESS:          0 HIT:          0 MISS:          0 MSHR_MERGE:          0
cpu0->cpu0_ITLB TRANSLATION  ACCESS:          0 HIT:          0 MISS:          0 MSHR_MERGE:          0
cpu0->cpu0_ITLB PREFETCH REQUESTED:          0 ISSUED:          0 USEFUL:          0 USELESS:          0
cpu0->cpu0_ITLB AVERAGE MISS LATENCY: - cycles
cpu0->cpu0_DTLB TOTAL        ACCESS:  169635008 HIT:  169635007 MISS:          1 MSHR_MERGE:          0
cpu0->cpu0_DTLB LOAD         ACCESS:  169635008 HIT:  169635007 MISS:          1 MSHR_MERGE:          0
cpu0->cpu0_DTLB RFO          ACCESS:          0 HIT:          0 MISS:          0 MSHR_MERGE:          0
cpu0->cpu0_DTLB PREFETCH     ACCESS:          0 HIT:          0 MISS:          0 MSHR_MERGE:          0
cpu0->cpu0_DTLB WRITE        ACCESS:          0 HIT:          0 MISS:          0 MSHR_MERGE:          0
cpu0->cpu0_DTLB TRANSLATION  ACCESS:          0 HIT:          0 MISS:          0 MSHR_MERGE:          0
cpu0->cpu0_DTLB PREFETCH REQUESTED:          0 ISSUED:          0 USEFUL:          0 USELESS:          0
cpu0->cpu0_DTLB AVERAGE MISS LATENCY: 1488 cycles
cpu0->LLC TOTAL        ACCESS:     531887 HIT:      34856 MISS:     497031 MSHR_MERGE:        750
cpu0->LLC LOAD         ACCESS:         73 HIT:         27 MISS:         46 MSHR_MERGE:          6
cpu0->LLC RFO          ACCESS:         18 HIT:          0 MISS:         18 MSHR_MERGE:          0
cpu0->LLC PREFETCH     ACCESS:       3022 HIT:       1393 MISS:       1629 MSHR_MERGE:        744
cpu0->LLC WRITE        ACCESS:     528772 HIT:      33436 MISS:     495336 MSHR_MERGE:          0
cpu0->LLC TRANSLATION  ACCESS:          2 HIT:          0 MISS:          2 MSHR_MERGE:          0
cpu0->LLC PREFETCH REQUESTED:          0 ISSUED:          0 USEFUL:          0 USELESS:          0
cpu0->LLC AVERAGE MISS LATENCY: 1.071e+04 cycles
cpu1->LLC TOTAL        ACCESS:       7152 HIT:       3469 MISS:       3683 MSHR_MERGE:       1449
cpu1->LLC LOAD         ACCESS:        569 HIT:        150 MISS:        419 MSHR_MERGE:         66
cpu1->LLC RFO          ACCESS:         60 HIT:          0 MISS:         60 MSHR_MERGE:          0
cpu1->LLC PREFETCH     ACCESS:       6461 HIT:       3319 MISS:       3142 MSHR_MERGE:       1383
cpu1->LLC WRITE        ACCESS:          0 HIT:          0 MISS:          0 MSHR_MERGE:          0
cpu1->LLC TRANSLATION  ACCESS:         62 HIT:          0 MISS:         62 MSHR_MERGE:          0
cpu1->LLC PREFETCH REQUESTED:          0 ISSUED:          0 USEFUL:          0 USELESS:          0
cpu1->LLC AVERAGE MISS LATENCY: 9.806e+06 cycles
cpu2->LLC TOTAL        ACCESS:    4471414 HIT:    3462092 MISS:    1009322 MSHR_MERGE:       6646
cpu2->LLC LOAD         ACCESS:      97773 HIT:      64023 MISS:      33750 MSHR_MERGE:        673
cpu2->LLC RFO          ACCESS:     386136 HIT:      10648 MISS:     375488 MSHR_MERGE:       2849
cpu2->LLC PREFETCH     ACCESS:    3511248 HIT:    3348309 MISS:     162939 MSHR_MERGE:       3124
cpu2->LLC WRITE        ACCESS:     421236 HIT:      32671 MISS:     388565 MSHR_MERGE:          0
cpu2->LLC TRANSLATION  ACCESS:      55021 HIT:       6441 MISS:      48580 MSHR_MERGE:          0
cpu2->LLC PREFETCH REQUESTED:          0 ISSUED:          0 USEFUL:          0 USELESS:          0
cpu2->LLC AVERAGE MISS LATENCY: 6268 cycles
cpu3->LLC TOTAL        ACCESS:     215436 HIT:     100427 MISS:     115009 MSHR_MERGE:       3589
cpu3->LLC LOAD         ACCESS:      55785 HIT:      12225 MISS:      43560 MSHR_MERGE:       1903
cpu3->LLC RFO          ACCESS:       6928 HIT:        287 MISS:       6641 MSHR_MERGE:         50
cpu3->LLC PREFETCH     ACCESS:     139543 HIT:      86975 MISS:      52568 MSHR_MERGE:       1636
cpu3->LLC WRITE        ACCESS:       3650 HIT:        924 MISS:       2726 MSHR_MERGE:          0
cpu3->LLC TRANSLATION  ACCESS:       9530 HIT:         16 MISS:       9514 MSHR_MERGE:          0
cpu3->LLC PREFETCH REQUESTED:          0 ISSUED:          0 USEFUL:          0 USELESS:          0
cpu3->LLC AVERAGE MISS LATENCY: 8.496e+04 cycles
cpu4->LLC TOTAL        ACCESS:    2442666 HIT:    1231919 MISS:    1210747 MSHR_MERGE:     276790
cpu4->LLC LOAD         ACCESS:     352030 HIT:     199185 MISS:     152845 MSHR_MERGE:      46512
cpu4->LLC RFO          ACCESS:     269994 HIT:       9124 MISS:     260870 MSHR_MERGE:        690
cpu4->LLC PREFETCH     ACCESS:    1504115 HIT:     955648 MISS:     548467 MSHR_MERGE:     229588
cpu4->LLC WRITE        ACCESS:     298282 HIT:      67826 MISS:     230456 MSHR_MERGE:          0
cpu4->LLC TRANSLATION  ACCESS:      18245 HIT:        136 MISS:      18109 MSHR_MERGE:          0
cpu4->LLC PREFETCH REQUESTED:          0 ISSUED:          0 USEFUL:          0 USELESS:          0
cpu4->LLC AVERAGE MISS LATENCY: 8010 cycles
cpu5->LLC TOTAL        ACCESS:    1932661 HIT:     964247 MISS:     968414 MSHR_MERGE:     215072
cpu5->LLC LOAD         ACCESS:     293258 HIT:     152367 MISS:     140891 MSHR_MERGE:      39052
cpu5->LLC RFO          ACCESS:     203753 HIT:       3868 MISS:     199885 MSHR_MERGE:        357
cpu5->LLC PREFETCH     ACCESS:    1212757 HIT:     762921 MISS:     449836 MSHR_MERGE:     175663
cpu5->LLC WRITE        ACCESS:     208043 HIT:      45008 MISS:     163035 MSHR_MERGE:          0
cpu5->LLC TRANSLATION  ACCESS:      14850 HIT:         83 MISS:      14767 MSHR_MERGE:          0
cpu5->LLC PREFETCH REQUESTED:          0 ISSUED:          0 USEFUL:          0 USELESS:          0
cpu5->LLC AVERAGE MISS LATENCY: 1.023e+04 cycles
cpu6->LLC TOTAL        ACCESS:    3326791 HIT:    2582902 MISS:     743889 MSHR_MERGE:       7720
cpu6->LLC LOAD         ACCESS:      60570 HIT:      29812 MISS:      30758 MSHR_MERGE:       1094
cpu6->LLC RFO          ACCESS:     280162 HIT:      20622 MISS:     259540 MSHR_MERGE:       3312
cpu6->LLC PREFETCH     ACCESS:    2657095 HIT:    2501600 MISS:     155495 MSHR_MERGE:       3314
cpu6->LLC WRITE        ACCESS:     317004 HIT:      30696 MISS:     286308 MSHR_MERGE:          0
cpu6->LLC TRANSLATION  ACCESS:      11960 HIT:        172 MISS:      11788 MSHR_MERGE:          0
cpu6->LLC PREFETCH REQUESTED:          0 ISSUED:          0 USEFUL:          0 USELESS:          0
cpu6->LLC AVERAGE MISS LATENCY: 9016 cycles
cpu7->LLC TOTAL        ACCESS:    1718701 HIT:     901160 MISS:     817541 MSHR_MERGE:     436560
cpu7->LLC LOAD         ACCESS:      59569 HIT:      42670 MISS:      16899 MSHR_MERGE:       7589
cpu7->LLC RFO          ACCESS:     114260 HIT:       4267 MISS:     109993 MSHR_MERGE:          0
cpu7->LLC PREFETCH     ACCESS:    1432551 HIT:     833171 MISS:     599380 MSHR_MERGE:     428971
cpu7->LLC WRITE        ACCESS:     105374 HIT:      21051 MISS:      84323 MSHR_MERGE:          0
cpu7->LLC TRANSLATION  ACCESS:       6947 HIT:          1 MISS:       6946 MSHR_MERGE:          0
cpu7->LLC PREFETCH REQUESTED:          0 ISSUED:          0 USEFUL:          0 USELESS:          0
cpu7->LLC AVERAGE MISS LATENCY: 2.432e+04 cycles
cpu8->LLC TOTAL        ACCESS:    8860729 HIT:    5042694 MISS:    3818035 MSHR_MERGE:    1959177
cpu8->LLC LOAD         ACCESS:     315788 HIT:     250312 MISS:      65476 MSHR_MERGE:      22099
cpu8->LLC RFO          ACCESS:     498865 HIT:      17935 MISS:     480930 MSHR_MERGE:          0
cpu8->LLC PREFETCH     ACCESS:    7512480 HIT:    4621687 MISS:    2890793 MSHR_MERGE:    1937078
cpu8->LLC WRITE        ACCESS:     491318 HIT:     152616 MISS:     338702 MSHR_MERGE:          0
cpu8->LLC TRANSLATION  ACCESS:      42278 HIT:        144 MISS:      42134 MSHR_MERGE:          0
cpu8->LLC PREFETCH REQUESTED:          0 ISSUED:          0 USEFUL:          0 USELESS:          0
cpu8->LLC AVERAGE MISS LATENCY: 5721 cycles
cpu9->LLC TOTAL        ACCESS:    2403901 HIT:    1189541 MISS:    1214360 MSHR_MERGE:     279312
cpu9->LLC LOAD         ACCESS:     341431 HIT:     187659 MISS:     153772 MSHR_MERGE:      47022
cpu9->LLC RFO          ACCESS:     270080 HIT:       9174 MISS:     260906 MSHR_MERGE:        732
cpu9->LLC PREFETCH     ACCESS:    1476287 HIT:     924486 MISS:     551801 MSHR_MERGE:     231558
cpu9->LLC WRITE        ACCESS:     297796 HIT:      68097 MISS:     229699 MSHR_MERGE:          0
cpu9->LLC TRANSLATION  ACCESS:      18307 HIT:        125 MISS:      18182 MSHR_MERGE:          0
cpu9->LLC PREFETCH REQUESTED:          0 ISSUED:          0 USEFUL:          0 USELESS:          0
cpu9->LLC AVERAGE MISS LATENCY: 8007 cycles
cpu10->LLC TOTAL        ACCESS:    1450381 HIT:    1160217 MISS:     290164 MSHR_MERGE:      37477
cpu10->LLC LOAD         ACCESS:     142886 HIT:     130847 MISS:      12039 MSHR_MERGE:        608
cpu10->LLC RFO          ACCESS:        190 HIT:          0 MISS:        190 MSHR_MERGE:          0
cpu10->LLC PREFETCH     ACCESS:    1300954 HIT:    1029311 MISS:     271643 MSHR_MERGE:      36869
cpu10->LLC WRITE        ACCESS:        185 HIT:          1 MISS:        184 MSHR_MERGE:          0
cpu10->LLC TRANSLATION  ACCESS:       6166 HIT:         58 MISS:       6108 MSHR_MERGE:          0
cpu10->LLC PREFETCH REQUESTED:          0 ISSUED:          0 USEFUL:          0 USELESS:          0
cpu10->LLC AVERAGE MISS LATENCY: 2.864e+05 cycles
cpu11->LLC TOTAL        ACCESS:    8799619 HIT:    4873251 MISS:    3926368 MSHR_MERGE:    1912562
cpu11->LLC LOAD         ACCESS:     665142 HIT:     516783 MISS:     148359 MSHR_MERGE:      90516
cpu11->LLC RFO          ACCESS:     672493 HIT:      64959 MISS:     607534 MSHR_MERGE:          6
cpu11->LLC PREFETCH     ACCESS:    6563142 HIT:    3944620 MISS:    2618522 MSHR_MERGE:    1822040
cpu11->LLC WRITE        ACCESS:     863215 HIT:     343213 MISS:     520002 MSHR_MERGE:          0
cpu11->LLC TRANSLATION  ACCESS:      35627 HIT:       3676 MISS:      31951 MSHR_MERGE:          0
cpu11->LLC PREFETCH REQUESTED:          0 ISSUED:          0 USEFUL:          0 USELESS:          0
cpu11->LLC AVERAGE MISS LATENCY: 4056 cycles
cpu12->LLC TOTAL        ACCESS:   23157540 HIT:   14826747 MISS:    8330793 MSHR_MERGE:    4472116
cpu12->LLC LOAD         ACCESS:    1063435 HIT:     877540 MISS:     185895 MSHR_MERGE:      19137
cpu12->LLC RFO          ACCESS:     227556 HIT:     113849 MISS:     113707 MSHR_MERGE:          0
cpu12->LLC PREFETCH     ACCESS:   21435696 HIT:   13617549 MISS:    7818147 MSHR_MERGE:    4452979
cpu12->LLC WRITE        ACCESS:     257998 HIT:     156114 MISS:     101884 MSHR_MERGE:          0
cpu12->LLC TRANSLATION  ACCESS:     172855 HIT:      61695 MISS:     111160 MSHR_MERGE:          0
cpu12->LLC PREFETCH REQUESTED:          0 ISSUED:          0 USEFUL:          0 USELESS:          0
cpu12->LLC AVERAGE MISS LATENCY: 1.035e+04 cycles
cpu13->LLC TOTAL        ACCESS:     860357 HIT:     723967 MISS:     136390 MSHR_MERGE:       5293
cpu13->LLC LOAD         ACCESS:      14244 HIT:      12632 MISS:       1612 MSHR_MERGE:          1
cpu13->LLC RFO          ACCESS:          0 HIT:          0 MISS:          0 MSHR_MERGE:          0
cpu13->LLC PREFETCH     ACCESS:     783370 HIT:     699633 MISS:      83737 MSHR_MERGE:       5292
cpu13->LLC WRITE        ACCESS:      61352 HIT:      11702 MISS:      49650 MSHR_MERGE:          0
cpu13->LLC TRANSLATION  ACCESS:       1391 HIT:          0 MISS:       1391 MSHR_MERGE:          0
cpu13->LLC PREFETCH REQUESTED:          0 ISSUED:          0 USEFUL:          0 USELESS:          0
cpu13->LLC AVERAGE MISS LATENCY: 1.008e+05 cycles
cpu14->LLC TOTAL        ACCESS:    1930805 HIT:     961518 MISS:     969287 MSHR_MERGE:     214882
cpu14->LLC LOAD         ACCESS:     296645 HIT:     156746 MISS:     139899 MSHR_MERGE:      38980
cpu14->LLC RFO          ACCESS:     204438 HIT:       3825 MISS:     200613 MSHR_MERGE:        378
cpu14->LLC PREFETCH     ACCESS:    1206029 HIT:     756332 MISS:     449697 MSHR_MERGE:     175524
cpu14->LLC WRITE        ACCESS:     208786 HIT:      44535 MISS:     164251 MSHR_MERGE:          0
cpu14->LLC TRANSLATION  ACCESS:      14907 HIT:         80 MISS:      14827 MSHR_MERGE:          0
cpu14->LLC PREFETCH REQUESTED:          0 ISSUED:          0 USEFUL:          0 USELESS:          0
cpu14->LLC AVERAGE MISS LATENCY: 1.021e+04 cycles
cpu15->LLC TOTAL        ACCESS:    4338649 HIT:    3621844 MISS:     716805 MSHR_MERGE:       5685
cpu15->LLC LOAD         ACCESS:      73134 HIT:      36993 MISS:      36141 MSHR_MERGE:        665
cpu15->LLC RFO          ACCESS:     218467 HIT:       7502 MISS:     210965 MSHR_MERGE:       2428
cpu15->LLC PREFETCH     ACCESS:    3714900 HIT:    3543497 MISS:     171403 MSHR_MERGE:       2592
cpu15->LLC WRITE        ACCESS:     245241 HIT:      16198 MISS:     229043 MSHR_MERGE:          0
cpu15->LLC TRANSLATION  ACCESS:      86907 HIT:      17654 MISS:      69253 MSHR_MERGE:          0
cpu15->LLC PREFETCH REQUESTED:          0 ISSUED:          0 USEFUL:          0 USELESS:          0
cpu15->LLC AVERAGE MISS LATENCY: 9727 cycles
cpu16->LLC TOTAL        ACCESS:     186019 HIT:      66392 MISS:     119627 MSHR_MERGE:      36909
cpu16->LLC LOAD         ACCESS:      15363 HIT:       7098 MISS:       8265 MSHR_MERGE:       1289
cpu16->LLC RFO          ACCESS:      32153 HIT:        347 MISS:      31806 MSHR_MERGE:         27
cpu16->LLC PREFETCH     ACCESS:     123904 HIT:      53796 MISS:      70108 MSHR_MERGE:      35593
cpu16->LLC WRITE        ACCESS:      12934 HIT:       5149 MISS:       7785 MSHR_MERGE:          0
cpu16->LLC TRANSLATION  ACCESS:       1665 HIT:          2 MISS:       1663 MSHR_MERGE:          0
cpu16->LLC PREFETCH REQUESTED:          0 ISSUED:          0 USEFUL:          0 USELESS:          0
cpu16->LLC AVERAGE MISS LATENCY: 1.071e+05 cycles
cpu17->LLC TOTAL        ACCESS:    1913772 HIT:     940240 MISS:     973532 MSHR_MERGE:     215038
cpu17->LLC LOAD         ACCESS:     285415 HIT:     145211 MISS:     140204 MSHR_MERGE:      38837
cpu17->LLC RFO          ACCESS:     204857 HIT:       3933 MISS:     200924 MSHR_MERGE:        366
cpu17->LLC PREFETCH     ACCESS:    1199102 HIT:     747555 MISS:     451547 MSHR_MERGE:     175835
cpu17->LLC WRITE        ACCESS:     209428 HIT:      43450 MISS:     165978 MSHR_MERGE:          0
cpu17->LLC TRANSLATION  ACCESS:      14970 HIT:         91 MISS:      14879 MSHR_MERGE:          0
cpu17->LLC PREFETCH REQUESTED:          0 ISSUED:          0 USEFUL:          0 USELESS:          0
cpu17->LLC AVERAGE MISS LATENCY: 1.016e+04 cycles
cpu18->LLC TOTAL        ACCESS:      34389 HIT:      18204 MISS:      16185 MSHR_MERGE:       1357
cpu18->LLC LOAD         ACCESS:       1056 HIT:         34 MISS:       1022 MSHR_MERGE:          1
cpu18->LLC RFO          ACCESS:        789 HIT:         95 MISS:        694 MSHR_MERGE:         22
cpu18->LLC PREFETCH     ACCESS:      31975 HIT:      18075 MISS:      13900 MSHR_MERGE:       1334
cpu18->LLC WRITE        ACCESS:          0 HIT:          0 MISS:          0 MSHR_MERGE:          0
cpu18->LLC TRANSLATION  ACCESS:        569 HIT:          0 MISS:        569 MSHR_MERGE:          0
cpu18->LLC PREFETCH REQUESTED:          0 ISSUED:          0 USEFUL:          0 USELESS:          0
cpu18->LLC AVERAGE MISS LATENCY: 2.322e+06 cycles
cpu19->LLC TOTAL        ACCESS:    4835980 HIT:    2605452 MISS:    2230528 MSHR_MERGE:    1242462
cpu19->LLC LOAD         ACCESS:     168783 HIT:     123061 MISS:      45722 MSHR_MERGE:      21067
cpu19->LLC RFO          ACCESS:     315084 HIT:      40687 MISS:     274397 MSHR_MERGE:          0
cpu19->LLC PREFETCH     ACCESS:    4020018 HIT:    2348989 MISS:    1671029 MSHR_MERGE:    1221395
cpu19->LLC WRITE        ACCESS:     313135 HIT:      92709 MISS:     220426 MSHR_MERGE:          0
cpu19->LLC TRANSLATION  ACCESS:      18960 HIT:          6 MISS:      18954 MSHR_MERGE:          0
cpu19->LLC PREFETCH REQUESTED:          0 ISSUED:          0 USEFUL:          0 USELESS:          0
cpu19->LLC AVERAGE MISS LATENCY: 9482 cycles
cpu20->LLC TOTAL        ACCESS:     288351 HIT:      25431 MISS:     262920 MSHR_MERGE:       1197
cpu20->LLC LOAD         ACCESS:      76363 HIT:       1983 MISS:      74380 MSHR_MERGE:        655
cpu20->LLC RFO          ACCESS:        954 HIT:        225 MISS:        729 MSHR_MERGE:         53
cpu20->LLC PREFETCH     ACCESS:      70286 HIT:      21635 MISS:      48651 MSHR_MERGE:        489
cpu20->LLC WRITE        ACCESS:      36868 HIT:       1385 MISS:      35483 MSHR_MERGE:          0
cpu20->LLC TRANSLATION  ACCESS:     103880 HIT:        203 MISS:     103677 MSHR_MERGE:          0
cpu20->LLC PREFETCH REQUESTED:          0 ISSUED:          0 USEFUL:          0 USELESS:          0
cpu20->LLC AVERAGE MISS LATENCY: 2.476e+04 cycles
cpu21->LLC TOTAL        ACCESS:    3393851 HIT:    2646566 MISS:     747285 MSHR_MERGE:       7909
cpu21->LLC LOAD         ACCESS:      62481 HIT:      31837 MISS:      30644 MSHR_MERGE:       1072
cpu21->LLC RFO          ACCESS:     281994 HIT:      21477 MISS:     260517 MSHR_MERGE:       3414
cpu21->LLC PREFETCH     ACCESS:    2718014 HIT:    2560934 MISS:     157080 MSHR_MERGE:       3423
cpu21->LLC WRITE        ACCESS:     319335 HIT:      32107 MISS:     287228 MSHR_MERGE:          0
cpu21->LLC TRANSLATION  ACCESS:      12027 HIT:        211 MISS:      11816 MSHR_MERGE:          0
cpu21->LLC PREFETCH REQUESTED:          0 ISSUED:          0 USEFUL:          0 USELESS:          0
cpu21->LLC AVERAGE MISS LATENCY: 8988 cycles
cpu22->LLC TOTAL        ACCESS:    2659949 HIT:    2325894 MISS:     334055 MSHR_MERGE:      92245
cpu22->LLC LOAD         ACCESS:       5648 HIT:       1900 MISS:       3748 MSHR_MERGE:          1
cpu22->LLC RFO          ACCESS:          0 HIT:          0 MISS:          0 MSHR_MERGE:          0
cpu22->LLC PREFETCH     ACCESS:    2650128 HIT:    2323994 MISS:     326134 MSHR_MERGE:      92244
cpu22->LLC WRITE        ACCESS:          0 HIT:          0 MISS:          0 MSHR_MERGE:          0
cpu22->LLC TRANSLATION  ACCESS:       4173 HIT:          0 MISS:       4173 MSHR_MERGE:          0
cpu22->LLC PREFETCH REQUESTED:          0 ISSUED:          0 USEFUL:          0 USELESS:          0
cpu22->LLC AVERAGE MISS LATENCY: 6.697e+05 cycles
cpu23->LLC TOTAL        ACCESS:      27012 HIT:      13144 MISS:      13868 MSHR_MERGE:         38
cpu23->LLC LOAD         ACCESS:       2186 HIT:         29 MISS:       2157 MSHR_MERGE:          5
cpu23->LLC RFO          ACCESS:         54 HIT:          3 MISS:         51 MSHR_MERGE:          1
cpu23->LLC PREFETCH     ACCESS:      23323 HIT:      13104 MISS:      10219 MSHR_MERGE:         32
cpu23->LLC WRITE        ACCESS:        598 HIT:          8 MISS:        590 MSHR_MERGE:          0
cpu23->LLC TRANSLATION  ACCESS:        851 HIT:          0 MISS:        851 MSHR_MERGE:          0
cpu23->LLC PREFETCH REQUESTED:          0 ISSUED:          0 USEFUL:          0 USELESS:          0
cpu23->LLC AVERAGE MISS LATENCY: 1.454e+06 cycles
cpu24->LLC TOTAL        ACCESS:     192287 HIT:      17592 MISS:     174695 MSHR_MERGE:       1980
cpu24->LLC LOAD         ACCESS:        605 HIT:        227 MISS:        378 MSHR_MERGE:         28
cpu24->LLC RFO          ACCESS:      88144 HIT:        111 MISS:      88033 MSHR_MERGE:          8
cpu24->LLC PREFETCH     ACCESS:      17062 HIT:       5623 MISS:      11439 MSHR_MERGE:       1944
cpu24->LLC WRITE        ACCESS:      84718 HIT:      11629 MISS:      73089 MSHR_MERGE:          0
cpu24->LLC TRANSLATION  ACCESS:       1758 HIT:          2 MISS:       1756 MSHR_MERGE:          0
cpu24->LLC PREFETCH REQUESTED:          0 ISSUED:          0 USEFUL:          0 USELESS:          0
cpu24->LLC AVERAGE MISS LATENCY: 3.25e+04 cycles
cpu25->LLC TOTAL        ACCESS:     735171 HIT:     296339 MISS:     438832 MSHR_MERGE:      13997
cpu25->LLC LOAD         ACCESS:     234311 HIT:      63080 MISS:     171231 MSHR_MERGE:       9712
cpu25->LLC RFO          ACCESS:      11066 HIT:       1041 MISS:      10025 MSHR_MERGE:        125
cpu25->LLC PREFETCH     ACCESS:     419794 HIT:     229403 MISS:     190391 MSHR_MERGE:       4160
cpu25->LLC WRITE        ACCESS:      23992 HIT:       2643 MISS:      21349 MSHR_MERGE:          0
cpu25->LLC TRANSLATION  ACCESS:      46008 HIT:        172 MISS:      45836 MSHR_MERGE:          0
cpu25->LLC PREFETCH REQUESTED:          0 ISSUED:          0 USEFUL:          0 USELESS:          0
cpu25->LLC AVERAGE MISS LATENCY: 2.135e+04 cycles
cpu26->LLC TOTAL        ACCESS:   13989248 HIT:   11554133 MISS:    2435115 MSHR_MERGE:      11907
cpu26->LLC LOAD         ACCESS:    7550658 HIT:    7031035 MISS:     519623 MSHR_MERGE:       6295
cpu26->LLC RFO          ACCESS:     121343 HIT:     120981 MISS:        362 MSHR_MERGE:          0
cpu26->LLC PREFETCH     ACCESS:    5958652 HIT:    4125439 MISS:    1833213 MSHR_MERGE:       5612
cpu26->LLC WRITE        ACCESS:     298740 HIT:     265737 MISS:      33003 MSHR_MERGE:          0
cpu26->LLC TRANSLATION  ACCESS:      59855 HIT:      10941 MISS:      48914 MSHR_MERGE:          0
cpu26->LLC PREFETCH REQUESTED:          0 ISSUED:          0 USEFUL:          0 USELESS:          0
cpu26->LLC AVERAGE MISS LATENCY: 8814 cycles
cpu27->LLC TOTAL        ACCESS:     399744 HIT:     323882 MISS:      75862 MSHR_MERGE:       1523
cpu27->LLC LOAD         ACCESS:      36768 HIT:      32194 MISS:       4574 MSHR_MERGE:         75
cpu27->LLC RFO          ACCESS:          1 HIT:          0 MISS:          1 MSHR_MERGE:          0
cpu27->LLC PREFETCH     ACCESS:     358670 HIT:     291681 MISS:      66989 MSHR_MERGE:       1448
cpu27->LLC WRITE        ACCESS:        504 HIT:          0 MISS:        504 MSHR_MERGE:          0
cpu27->LLC TRANSLATION  ACCESS:       3801 HIT:          7 MISS:       3794 MSHR_MERGE:          0
cpu27->LLC PREFETCH REQUESTED:          0 ISSUED:          0 USEFUL:          0 USELESS:          0
cpu27->LLC AVERAGE MISS LATENCY: 5.979e+05 cycles
cpu28->LLC TOTAL        ACCESS:       6906 HIT:       3278 MISS:       3628 MSHR_MERGE:       1405
cpu28->LLC LOAD         ACCESS:        565 HIT:        138 MISS:        427 MSHR_MERGE:         72
cpu28->LLC RFO          ACCESS:         60 HIT:          0 MISS:         60 MSHR_MERGE:          0
cpu28->LLC PREFETCH     ACCESS:       6219 HIT:       3140 MISS:       3079 MSHR_MERGE:       1333
cpu28->LLC WRITE        ACCESS:          0 HIT:          0 MISS:          0 MSHR_MERGE:          0
cpu28->LLC TRANSLATION  ACCESS:         62 HIT:          0 MISS:         62 MSHR_MERGE:          0
cpu28->LLC PREFETCH REQUESTED:          0 ISSUED:          0 USEFUL:          0 USELESS:          0
cpu28->LLC AVERAGE MISS LATENCY: 9.663e+06 cycles
cpu29->LLC TOTAL        ACCESS:    8345919 HIT:    8267560 MISS:      78359 MSHR_MERGE:      16509
cpu29->LLC LOAD         ACCESS:       1787 HIT:        981 MISS:        806 MSHR_MERGE:        110
cpu29->LLC RFO          ACCESS:        323 HIT:          0 MISS:        323 MSHR_MERGE:          0
cpu29->LLC PREFETCH     ACCESS:    8342548 HIT:    8266579 MISS:      75969 MSHR_MERGE:      16399
cpu29->LLC WRITE        ACCESS:         97 HIT:          0 MISS:         97 MSHR_MERGE:          0
cpu29->LLC TRANSLATION  ACCESS:       1164 HIT:          0 MISS:       1164 MSHR_MERGE:          0
cpu29->LLC PREFETCH REQUESTED:          0 ISSUED:          0 USEFUL:          0 USELESS:          0
cpu29->LLC AVERAGE MISS LATENCY: 2.22e+06 cycles
cpu30->LLC TOTAL        ACCESS:     398095 HIT:      59303 MISS:     338792 MSHR_MERGE:       7015
cpu30->LLC LOAD         ACCESS:       1017 HIT:        288 MISS:        729 MSHR_MERGE:        100
cpu30->LLC RFO          ACCESS:     175522 HIT:        247 MISS:     175275 MSHR_MERGE:          3
cpu30->LLC PREFETCH     ACCESS:      37910 HIT:      12311 MISS:      25599 MSHR_MERGE:       6912
cpu30->LLC WRITE        ACCESS:     180162 HIT:      46436 MISS:     133726 MSHR_MERGE:          0
cpu30->LLC TRANSLATION  ACCESS:       3484 HIT:         21 MISS:       3463 MSHR_MERGE:          0
cpu30->LLC PREFETCH REQUESTED:          0 ISSUED:          0 USEFUL:          0 USELESS:          0
cpu30->LLC AVERAGE MISS LATENCY: 1.694e+04 cycles
cpu31->LLC TOTAL        ACCESS:    8764222 HIT:    4865135 MISS:    3899087 MSHR_MERGE:    1893432
cpu31->LLC LOAD         ACCESS:     669591 HIT:     521722 MISS:     147869 MSHR_MERGE:      90082
cpu31->LLC RFO          ACCESS:     661246 HIT:      53556 MISS:     607690 MSHR_MERGE:          0
cpu31->LLC PREFETCH     ACCESS:    6544014 HIT:    3950252 MISS:    2593762 MSHR_MERGE:    1803350
cpu31->LLC WRITE        ACCESS:     853780 HIT:     335860 MISS:     517920 MSHR_MERGE:          0
cpu31->LLC TRANSLATION  ACCESS:      35591 HIT:       3745 MISS:      31846 MSHR_MERGE:          0
cpu31->LLC PREFETCH REQUESTED:          0 ISSUED:          0 USEFUL:          0 USELESS:          0
cpu31->LLC AVERAGE MISS LATENCY: 4064 cycles

L1D MAX FLUSH STALL CYCLES: 675
L2C MAX FLUSH STALL CYCLES: 32216
LLC FLUSH STALL CYCLES: 0
TOTAL WRITEBACK FLUSH TIME: 32891 cycles

DRAM Statistics

Channel 0 RQ ROW_BUFFER_HIT:       8677
  ROW_BUFFER_MISS:    9364517
  AVG DBUS CONGESTED CYCLE: 4.317
Channel 0 WQ ROW_BUFFER_HIT:       2662
  ROW_BUFFER_MISS:    3246738
  FULL:     988456
Channel 0 REFRESHES ISSUED:      16846

Channel 1 RQ ROW_BUFFER_HIT:       8620
  ROW_BUFFER_MISS:    9364153
  AVG DBUS CONGESTED CYCLE: 4.314
Channel 1 WQ ROW_BUFFER_HIT:       2718
  ROW_BUFFER_MISS:    3246141
  FULL:     690078
Channel 1 REFRESHES ISSUED:      16846
