[VMEM] WARNING: physical memory size is smaller than virtual memory size.

*** ChampSim Multicore Out-of-Order Simulator ***
Warmup Instructions: 50000000
Simulation Instructions: 200000000
Number of CPUs: 16
Page size: 4096

Initialize SIGNATURE TABLE
ST_SET: 1
ST_WAY: 256
ST_TAG_BIT: 16

Initialize PATTERN TABLE
PT_SET: 512
PT_WAY: 4
SIG_DELTA_BIT: 7
C_SIG_BIT: 4
C_DELTA_BIT: 4

Initialize PREFETCH FILTER
FILTER_SET: 1024
Initialize SIGNATURE TABLE
ST_SET: 1
ST_WAY: 256
ST_TAG_BIT: 16

Initialize PATTERN TABLE
PT_SET: 512
PT_WAY: 4
SIG_DELTA_BIT: 7
C_SIG_BIT: 4
C_DELTA_BIT: 4

Initialize PREFETCH FILTER
FILTER_SET: 1024
Initialize SIGNATURE TABLE
ST_SET: 1
ST_WAY: 256
ST_TAG_BIT: 16

Initialize PATTERN TABLE
PT_SET: 512
PT_WAY: 4
SIG_DELTA_BIT: 7
C_SIG_BIT: 4
C_DELTA_BIT: 4

Initialize PREFETCH FILTER
FILTER_SET: 1024
Initialize SIGNATURE TABLE
ST_SET: 1
ST_WAY: 256
ST_TAG_BIT: 16

Initialize PATTERN TABLE
PT_SET: 512
PT_WAY: 4
SIG_DELTA_BIT: 7
C_SIG_BIT: 4
C_DELTA_BIT: 4

Initialize PREFETCH FILTER
FILTER_SET: 1024
Initialize SIGNATURE TABLE
ST_SET: 1
ST_WAY: 256
ST_TAG_BIT: 16

Initialize PATTERN TABLE
PT_SET: 512
PT_WAY: 4
SIG_DELTA_BIT: 7
C_SIG_BIT: 4
C_DELTA_BIT: 4

Initialize PREFETCH FILTER
FILTER_SET: 1024
Initialize SIGNATURE TABLE
ST_SET: 1
ST_WAY: 256
ST_TAG_BIT: 16

Initialize PATTERN TABLE
PT_SET: 512
PT_WAY: 4
SIG_DELTA_BIT: 7
C_SIG_BIT: 4
C_DELTA_BIT: 4

Initialize PREFETCH FILTER
FILTER_SET: 1024
Initialize SIGNATURE TABLE
ST_SET: 1
ST_WAY: 256
ST_TAG_BIT: 16

Initialize PATTERN TABLE
PT_SET: 512
PT_WAY: 4
SIG_DELTA_BIT: 7
C_SIG_BIT: 4
C_DELTA_BIT: 4

Initialize PREFETCH FILTER
FILTER_SET: 1024
Initialize SIGNATURE TABLE
ST_SET: 1
ST_WAY: 256
ST_TAG_BIT: 16

Initialize PATTERN TABLE
PT_SET: 512
PT_WAY: 4
SIG_DELTA_BIT: 7
C_SIG_BIT: 4
C_DELTA_BIT: 4

Initialize PREFETCH FILTER
FILTER_SET: 1024
Initialize SIGNATURE TABLE
ST_SET: 1
ST_WAY: 256
ST_TAG_BIT: 16

Initialize PATTERN TABLE
PT_SET: 512
PT_WAY: 4
SIG_DELTA_BIT: 7
C_SIG_BIT: 4
C_DELTA_BIT: 4

Initialize PREFETCH FILTER
FILTER_SET: 1024
Initialize SIGNATURE TABLE
ST_SET: 1
ST_WAY: 256
ST_TAG_BIT: 16

Initialize PATTERN TABLE
PT_SET: 512
PT_WAY: 4
SIG_DELTA_BIT: 7
C_SIG_BIT: 4
C_DELTA_BIT: 4

Initialize PREFETCH FILTER
FILTER_SET: 1024
Initialize SIGNATURE TABLE
ST_SET: 1
ST_WAY: 256
ST_TAG_BIT: 16

Initialize PATTERN TABLE
PT_SET: 512
PT_WAY: 4
SIG_DELTA_BIT: 7
C_SIG_BIT: 4
C_DELTA_BIT: 4

Initialize PREFETCH FILTER
FILTER_SET: 1024
Initialize SIGNATURE TABLE
ST_SET: 1
ST_WAY: 256
ST_TAG_BIT: 16

Initialize PATTERN TABLE
PT_SET: 512
PT_WAY: 4
SIG_DELTA_BIT: 7
C_SIG_BIT: 4
C_DELTA_BIT: 4

Initialize PREFETCH FILTER
FILTER_SET: 1024
Initialize SIGNATURE TABLE
ST_SET: 1
ST_WAY: 256
ST_TAG_BIT: 16

Initialize PATTERN TABLE
PT_SET: 512
PT_WAY: 4
SIG_DELTA_BIT: 7
C_SIG_BIT: 4
C_DELTA_BIT: 4

Initialize PREFETCH FILTER
FILTER_SET: 1024
Initialize SIGNATURE TABLE
ST_SET: 1
ST_WAY: 256
ST_TAG_BIT: 16

Initialize PATTERN TABLE
PT_SET: 512
PT_WAY: 4
SIG_DELTA_BIT: 7
C_SIG_BIT: 4
C_DELTA_BIT: 4

Initialize PREFETCH FILTER
FILTER_SET: 1024
Initialize SIGNATURE TABLE
ST_SET: 1
ST_WAY: 256
ST_TAG_BIT: 16

Initialize PATTERN TABLE
PT_SET: 512
PT_WAY: 4
SIG_DELTA_BIT: 7
C_SIG_BIT: 4
C_DELTA_BIT: 4

Initialize PREFETCH FILTER
FILTER_SET: 1024
Initialize SIGNATURE TABLE
ST_SET: 1
ST_WAY: 256
ST_TAG_BIT: 16

Initialize PATTERN TABLE
PT_SET: 512
PT_WAY: 4
SIG_DELTA_BIT: 7
C_SIG_BIT: 4
C_DELTA_BIT: 4

Initialize PREFETCH FILTER
FILTER_SET: 1024
Off-chip DRAM Size: 32 GiB Channels: 4 Width: 64-bit Data Rate: 3205 MT/s
Heartbeat CPU 9 instructions: 10000004 cycles: 2155642 heartbeat IPC: 4.639 cumulative IPC: 4.639 (Simulation time: 00 hr 10 min 19 sec)
Heartbeat CPU 6 instructions: 10000004 cycles: 2156032 heartbeat IPC: 4.638 cumulative IPC: 4.638 (Simulation time: 00 hr 10 min 19 sec)
Heartbeat CPU 1 instructions: 10000004 cycles: 2289596 heartbeat IPC: 4.368 cumulative IPC: 4.368 (Simulation time: 00 hr 10 min 57 sec)
Heartbeat CPU 13 instructions: 10000002 cycles: 2290400 heartbeat IPC: 4.366 cumulative IPC: 4.366 (Simulation time: 00 hr 10 min 58 sec)
Heartbeat CPU 7 instructions: 10000004 cycles: 2326734 heartbeat IPC: 4.298 cumulative IPC: 4.298 (Simulation time: 00 hr 11 min 08 sec)
Heartbeat CPU 4 instructions: 10000000 cycles: 2423450 heartbeat IPC: 4.126 cumulative IPC: 4.126 (Simulation time: 00 hr 11 min 35 sec)
Heartbeat CPU 14 instructions: 10000000 cycles: 2429336 heartbeat IPC: 4.116 cumulative IPC: 4.116 (Simulation time: 00 hr 11 min 37 sec)
Heartbeat CPU 2 instructions: 10000000 cycles: 2429338 heartbeat IPC: 4.116 cumulative IPC: 4.116 (Simulation time: 00 hr 11 min 37 sec)
Heartbeat CPU 5 instructions: 10000002 cycles: 2441862 heartbeat IPC: 4.095 cumulative IPC: 4.095 (Simulation time: 00 hr 11 min 40 sec)
Heartbeat CPU 15 instructions: 10000000 cycles: 2442194 heartbeat IPC: 4.095 cumulative IPC: 4.095 (Simulation time: 00 hr 11 min 40 sec)
Heartbeat CPU 11 instructions: 10000005 cycles: 2497636 heartbeat IPC: 4.004 cumulative IPC: 4.004 (Simulation time: 00 hr 11 min 56 sec)
Heartbeat CPU 10 instructions: 10000005 cycles: 2497649 heartbeat IPC: 4.004 cumulative IPC: 4.004 (Simulation time: 00 hr 11 min 56 sec)
Heartbeat CPU 0 instructions: 10000005 cycles: 2618546 heartbeat IPC: 3.819 cumulative IPC: 3.819 (Simulation time: 00 hr 12 min 28 sec)
Heartbeat CPU 12 instructions: 10000002 cycles: 2679263 heartbeat IPC: 3.732 cumulative IPC: 3.732 (Simulation time: 00 hr 12 min 45 sec)
Heartbeat CPU 3 instructions: 10000000 cycles: 2838118 heartbeat IPC: 3.523 cumulative IPC: 3.523 (Simulation time: 00 hr 13 min 27 sec)
Heartbeat CPU 8 instructions: 10000000 cycles: 3032483 heartbeat IPC: 3.298 cumulative IPC: 3.298 (Simulation time: 00 hr 14 min 19 sec)
Heartbeat CPU 9 instructions: 20000004 cycles: 4261264 heartbeat IPC: 4.749 cumulative IPC: 4.693 (Simulation time: 00 hr 20 min 01 sec)
Heartbeat CPU 6 instructions: 20000008 cycles: 4261774 heartbeat IPC: 4.749 cumulative IPC: 4.693 (Simulation time: 00 hr 20 min 02 sec)
Heartbeat CPU 1 instructions: 20000005 cycles: 4550491 heartbeat IPC: 4.423 cumulative IPC: 4.395 (Simulation time: 00 hr 21 min 24 sec)
Heartbeat CPU 13 instructions: 20000004 cycles: 4579822 heartbeat IPC: 4.368 cumulative IPC: 4.367 (Simulation time: 00 hr 21 min 32 sec)
Heartbeat CPU 7 instructions: 20000004 cycles: 4651386 heartbeat IPC: 4.302 cumulative IPC: 4.3 (Simulation time: 00 hr 21 min 52 sec)
Heartbeat CPU 15 instructions: 20000000 cycles: 4879364 heartbeat IPC: 4.103 cumulative IPC: 4.099 (Simulation time: 00 hr 22 min 55 sec)
Heartbeat CPU 5 instructions: 20000003 cycles: 4882830 heartbeat IPC: 4.097 cumulative IPC: 4.096 (Simulation time: 00 hr 22 min 56 sec)
Heartbeat CPU 4 instructions: 20000002 cycles: 4926087 heartbeat IPC: 3.996 cumulative IPC: 4.06 (Simulation time: 00 hr 23 min 07 sec)
Heartbeat CPU 14 instructions: 20000002 cycles: 4932382 heartbeat IPC: 3.995 cumulative IPC: 4.055 (Simulation time: 00 hr 23 min 09 sec)
Heartbeat CPU 2 instructions: 20000002 cycles: 4932393 heartbeat IPC: 3.995 cumulative IPC: 4.055 (Simulation time: 00 hr 23 min 09 sec)
Heartbeat CPU 11 instructions: 20000008 cycles: 4987925 heartbeat IPC: 4.016 cumulative IPC: 4.01 (Simulation time: 00 hr 23 min 24 sec)
Heartbeat CPU 10 instructions: 20000008 cycles: 4988040 heartbeat IPC: 4.015 cumulative IPC: 4.01 (Simulation time: 00 hr 23 min 24 sec)
Heartbeat CPU 0 instructions: 20000009 cycles: 5255189 heartbeat IPC: 3.793 cumulative IPC: 3.806 (Simulation time: 00 hr 24 min 38 sec)
Heartbeat CPU 12 instructions: 20000004 cycles: 5351389 heartbeat IPC: 3.742 cumulative IPC: 3.737 (Simulation time: 00 hr 25 min 04 sec)
Heartbeat CPU 8 instructions: 20000001 cycles: 5487049 heartbeat IPC: 4.074 cumulative IPC: 3.645 (Simulation time: 00 hr 25 min 42 sec)
Heartbeat CPU 3 instructions: 20000000 cycles: 5635897 heartbeat IPC: 3.574 cumulative IPC: 3.549 (Simulation time: 00 hr 26 min 23 sec)
Heartbeat CPU 9 instructions: 30000007 cycles: 6381390 heartbeat IPC: 4.717 cumulative IPC: 4.701 (Simulation time: 00 hr 29 min 49 sec)
Heartbeat CPU 6 instructions: 30000013 cycles: 6382027 heartbeat IPC: 4.716 cumulative IPC: 4.701 (Simulation time: 00 hr 29 min 49 sec)
Heartbeat CPU 1 instructions: 30000007 cycles: 6811046 heartbeat IPC: 4.424 cumulative IPC: 4.405 (Simulation time: 00 hr 31 min 46 sec)
Heartbeat CPU 13 instructions: 30000005 cycles: 6863621 heartbeat IPC: 4.379 cumulative IPC: 4.371 (Simulation time: 00 hr 32 min 01 sec)
Heartbeat CPU 7 instructions: 30000004 cycles: 6976143 heartbeat IPC: 4.302 cumulative IPC: 4.3 (Simulation time: 00 hr 32 min 32 sec)
Heartbeat CPU 15 instructions: 30000004 cycles: 7315257 heartbeat IPC: 4.105 cumulative IPC: 4.101 (Simulation time: 00 hr 34 min 05 sec)
Heartbeat CPU 5 instructions: 30000005 cycles: 7323346 heartbeat IPC: 4.097 cumulative IPC: 4.096 (Simulation time: 00 hr 34 min 07 sec)
Heartbeat CPU 4 instructions: 30000007 cycles: 7433509 heartbeat IPC: 3.988 cumulative IPC: 4.036 (Simulation time: 00 hr 34 min 37 sec)
Heartbeat CPU 14 instructions: 30000007 cycles: 7439889 heartbeat IPC: 3.988 cumulative IPC: 4.032 (Simulation time: 00 hr 34 min 38 sec)
Heartbeat CPU 2 instructions: 30000007 cycles: 7439900 heartbeat IPC: 3.988 cumulative IPC: 4.032 (Simulation time: 00 hr 34 min 39 sec)
Heartbeat CPU 11 instructions: 30000008 cycles: 7479252 heartbeat IPC: 4.014 cumulative IPC: 4.011 (Simulation time: 00 hr 34 min 49 sec)
Heartbeat CPU 10 instructions: 30000008 cycles: 7479375 heartbeat IPC: 4.014 cumulative IPC: 4.011 (Simulation time: 00 hr 34 min 49 sec)
Heartbeat CPU 0 instructions: 30000013 cycles: 7843308 heartbeat IPC: 3.864 cumulative IPC: 3.825 (Simulation time: 00 hr 36 min 29 sec)
Heartbeat CPU 8 instructions: 30000005 cycles: 8014240 heartbeat IPC: 3.957 cumulative IPC: 3.743 (Simulation time: 00 hr 37 min 18 sec)
Heartbeat CPU 12 instructions: 30000007 cycles: 8023517 heartbeat IPC: 3.742 cumulative IPC: 3.739 (Simulation time: 00 hr 37 min 20 sec)
Heartbeat CPU 3 instructions: 30000002 cycles: 8476665 heartbeat IPC: 3.52 cumulative IPC: 3.539 (Simulation time: 00 hr 39 min 28 sec)
Heartbeat CPU 9 instructions: 40000009 cycles: 8484861 heartbeat IPC: 4.754 cumulative IPC: 4.714 (Simulation time: 00 hr 39 min 31 sec)
Heartbeat CPU 6 instructions: 40000014 cycles: 8485605 heartbeat IPC: 4.754 cumulative IPC: 4.714 (Simulation time: 00 hr 39 min 31 sec)
Heartbeat CPU 1 instructions: 40000010 cycles: 9069344 heartbeat IPC: 4.428 cumulative IPC: 4.41 (Simulation time: 00 hr 42 min 15 sec)
Heartbeat CPU 13 instructions: 40000009 cycles: 9163556 heartbeat IPC: 4.348 cumulative IPC: 4.365 (Simulation time: 00 hr 42 min 42 sec)
Heartbeat CPU 7 instructions: 40000004 cycles: 9300584 heartbeat IPC: 4.302 cumulative IPC: 4.301 (Simulation time: 00 hr 43 min 22 sec)
Heartbeat CPU 5 instructions: 40000010 cycles: 9761601 heartbeat IPC: 4.101 cumulative IPC: 4.098 (Simulation time: 00 hr 45 min 34 sec)
Heartbeat CPU 15 instructions: 40000009 cycles: 9782456 heartbeat IPC: 4.053 cumulative IPC: 4.089 (Simulation time: 00 hr 45 min 39 sec)
Heartbeat CPU 4 instructions: 40000010 cycles: 9929314 heartbeat IPC: 4.007 cumulative IPC: 4.028 (Simulation time: 00 hr 46 min 20 sec)
Heartbeat CPU 14 instructions: 40000010 cycles: 9936880 heartbeat IPC: 4.005 cumulative IPC: 4.025 (Simulation time: 00 hr 46 min 23 sec)
Heartbeat CPU 2 instructions: 40000010 cycles: 9936891 heartbeat IPC: 4.005 cumulative IPC: 4.025 (Simulation time: 00 hr 46 min 23 sec)
Heartbeat CPU 11 instructions: 40000012 cycles: 9967447 heartbeat IPC: 4.019 cumulative IPC: 4.013 (Simulation time: 00 hr 46 min 31 sec)
Heartbeat CPU 10 instructions: 40000012 cycles: 9967570 heartbeat IPC: 4.019 cumulative IPC: 4.013 (Simulation time: 00 hr 46 min 32 sec)
Heartbeat CPU 0 instructions: 40000015 cycles: 10404768 heartbeat IPC: 3.904 cumulative IPC: 3.844 (Simulation time: 00 hr 48 min 36 sec)
Heartbeat CPU 8 instructions: 40000008 cycles: 10505194 heartbeat IPC: 4.015 cumulative IPC: 3.808 (Simulation time: 00 hr 49 min 04 sec)
Warmup finished CPU 9 instructions: 50000004 cycles: 10603182 cumulative IPC: 4.716 (Simulation time: 00 hr 49 min 31 sec)
Heartbeat CPU 9 instructions: 50000010 cycles: 10603183 heartbeat IPC: 4.721 cumulative IPC: 4.716 (Simulation time: 00 hr 49 min 31 sec)
Warmup finished CPU 6 instructions: 50000004 cycles: 10603927 cumulative IPC: 4.715 (Simulation time: 00 hr 49 min 31 sec)
Heartbeat CPU 6 instructions: 50000016 cycles: 10603929 heartbeat IPC: 4.721 cumulative IPC: 4.715 (Simulation time: 00 hr 49 min 31 sec)
Heartbeat CPU 12 instructions: 40000012 cycles: 10695644 heartbeat IPC: 3.742 cumulative IPC: 3.74 (Simulation time: 00 hr 49 min 57 sec)
Heartbeat CPU 3 instructions: 40000002 cycles: 11255803 heartbeat IPC: 3.598 cumulative IPC: 3.554 (Simulation time: 00 hr 52 min 34 sec)
Warmup finished CPU 1 instructions: 50000003 cycles: 11328470 cumulative IPC: 4.414 (Simulation time: 00 hr 52 min 54 sec)
Heartbeat CPU 1 instructions: 50000015 cycles: 11328474 heartbeat IPC: 4.426 cumulative IPC: 4.414 (Simulation time: 00 hr 52 min 54 sec)
Warmup finished CPU 13 instructions: 50000005 cycles: 11439243 cumulative IPC: 4.371 (Simulation time: 00 hr 53 min 26 sec)
Heartbeat CPU 13 instructions: 50000011 cycles: 11439244 heartbeat IPC: 4.394 cumulative IPC: 4.371 (Simulation time: 00 hr 53 min 26 sec)
Heartbeat CPU 7 instructions: 50000004 cycles: 11625336 heartbeat IPC: 4.302 cumulative IPC: 4.301 (Simulation time: 00 hr 54 min 17 sec)
Warmup finished CPU 7 instructions: 50000004 cycles: 11625336 cumulative IPC: 4.301 (Simulation time: 00 hr 54 min 17 sec)
Warmup finished CPU 15 instructions: 50000002 cycles: 12183544 cumulative IPC: 4.104 (Simulation time: 00 hr 56 min 55 sec)
Heartbeat CPU 15 instructions: 50000014 cycles: 12183546 heartbeat IPC: 4.165 cumulative IPC: 4.104 (Simulation time: 00 hr 56 min 55 sec)
Warmup finished CPU 5 instructions: 50000003 cycles: 12199022 cumulative IPC: 4.099 (Simulation time: 00 hr 56 min 59 sec)
Heartbeat CPU 5 instructions: 50000015 cycles: 12199024 heartbeat IPC: 4.103 cumulative IPC: 4.099 (Simulation time: 00 hr 56 min 59 sec)
Warmup finished CPU 4 instructions: 50000000 cycles: 12413215 cumulative IPC: 4.028 (Simulation time: 00 hr 58 min 01 sec)
Heartbeat CPU 4 instructions: 50000012 cycles: 12413217 heartbeat IPC: 4.026 cumulative IPC: 4.028 (Simulation time: 00 hr 58 min 01 sec)
Warmup finished CPU 14 instructions: 50000000 cycles: 12421639 cumulative IPC: 4.025 (Simulation time: 00 hr 58 min 03 sec)
Heartbeat CPU 14 instructions: 50000012 cycles: 12421641 heartbeat IPC: 4.025 cumulative IPC: 4.025 (Simulation time: 00 hr 58 min 03 sec)
Warmup finished CPU 2 instructions: 50000000 cycles: 12421650 cumulative IPC: 4.025 (Simulation time: 00 hr 58 min 03 sec)
Heartbeat CPU 2 instructions: 50000012 cycles: 12421652 heartbeat IPC: 4.025 cumulative IPC: 4.025 (Simulation time: 00 hr 58 min 03 sec)
Warmup finished CPU 11 instructions: 50000002 cycles: 12456324 cumulative IPC: 4.014 (Simulation time: 00 hr 58 min 13 sec)
Heartbeat CPU 11 instructions: 50000014 cycles: 12456326 heartbeat IPC: 4.018 cumulative IPC: 4.014 (Simulation time: 00 hr 58 min 13 sec)
Warmup finished CPU 10 instructions: 50000002 cycles: 12456449 cumulative IPC: 4.014 (Simulation time: 00 hr 58 min 13 sec)
Heartbeat CPU 10 instructions: 50000014 cycles: 12456451 heartbeat IPC: 4.018 cumulative IPC: 4.014 (Simulation time: 00 hr 58 min 13 sec)
Heartbeat CPU 9 instructions: 60000015 cycles: 12715271 heartbeat IPC: 4.735 cumulative IPC: 4.719 (Simulation time: 00 hr 59 min 25 sec)
Heartbeat CPU 6 instructions: 60000021 cycles: 12716107 heartbeat IPC: 4.734 cumulative IPC: 4.718 (Simulation time: 00 hr 59 min 25 sec)
Warmup finished CPU 0 instructions: 50000003 cycles: 12793442 cumulative IPC: 3.908 (Simulation time: 00 hr 59 min 47 sec)
Heartbeat CPU 0 instructions: 50000015 cycles: 12793444 heartbeat IPC: 4.186 cumulative IPC: 3.908 (Simulation time: 00 hr 59 min 47 sec)
Warmup finished CPU 8 instructions: 50000003 cycles: 12913368 cumulative IPC: 3.872 (Simulation time: 01 hr 00 min 20 sec)
Heartbeat CPU 8 instructions: 50000009 cycles: 12913369 heartbeat IPC: 4.153 cumulative IPC: 3.872 (Simulation time: 01 hr 00 min 20 sec)
Warmup finished CPU 12 instructions: 50000000 cycles: 13367763 cumulative IPC: 3.74 (Simulation time: 01 hr 02 min 27 sec)
Heartbeat CPU 12 instructions: 50000012 cycles: 13367765 heartbeat IPC: 3.742 cumulative IPC: 3.74 (Simulation time: 01 hr 02 min 27 sec)
Heartbeat CPU 1 instructions: 60000016 cycles: 13595011 heartbeat IPC: 4.412 cumulative IPC: 4.413 (Simulation time: 01 hr 03 min 30 sec)
Heartbeat CPU 13 instructions: 60000014 cycles: 13756038 heartbeat IPC: 4.316 cumulative IPC: 4.362 (Simulation time: 01 hr 04 min 16 sec)
Heartbeat CPU 7 instructions: 60000009 cycles: 13994351 heartbeat IPC: 4.221 cumulative IPC: 4.287 (Simulation time: 01 hr 05 min 22 sec)
Warmup finished CPU 3 instructions: 50000001 cycles: 14052581 cumulative IPC: 3.558 (Simulation time: 01 hr 05 min 38 sec)
Warmup complete CPU 9 instructions: 66344557 cycles: 14052581 cumulative IPC: 4.721 (Simulation time: 01 hr 05 min 38 sec)
Warmup complete CPU 8 instructions: 54779649 cycles: 14052581 cumulative IPC: 3.898 (Simulation time: 01 hr 05 min 38 sec)
Warmup complete CPU 7 instructions: 60245044 cycles: 14052581 cumulative IPC: 4.287 (Simulation time: 01 hr 05 min 38 sec)
Warmup complete CPU 6 instructions: 66340297 cycles: 14052581 cumulative IPC: 4.721 (Simulation time: 01 hr 05 min 38 sec)
Warmup complete CPU 5 instructions: 57583836 cycles: 14052581 cumulative IPC: 4.098 (Simulation time: 01 hr 05 min 38 sec)
Warmup complete CPU 4 instructions: 56537798 cycles: 14052581 cumulative IPC: 4.023 (Simulation time: 01 hr 05 min 38 sec)
Warmup complete CPU 3 instructions: 50000001 cycles: 14052581 cumulative IPC: 3.558 (Simulation time: 01 hr 05 min 38 sec)
Warmup complete CPU 2 instructions: 56503375 cycles: 14052581 cumulative IPC: 4.021 (Simulation time: 01 hr 05 min 38 sec)
Warmup complete CPU 15 instructions: 57770740 cycles: 14052581 cumulative IPC: 4.111 (Simulation time: 01 hr 05 min 38 sec)
Warmup complete CPU 14 instructions: 56503441 cycles: 14052581 cumulative IPC: 4.021 (Simulation time: 01 hr 05 min 38 sec)
Warmup complete CPU 13 instructions: 61292200 cycles: 14052581 cumulative IPC: 4.362 (Simulation time: 01 hr 05 min 38 sec)
Warmup complete CPU 12 instructions: 52562853 cycles: 14052581 cumulative IPC: 3.74 (Simulation time: 01 hr 05 min 38 sec)
Warmup complete CPU 11 instructions: 56413335 cycles: 14052581 cumulative IPC: 4.014 (Simulation time: 01 hr 05 min 38 sec)
Warmup complete CPU 10 instructions: 56412863 cycles: 14052581 cumulative IPC: 4.014 (Simulation time: 01 hr 05 min 38 sec)
Warmup complete CPU 1 instructions: 62024228 cycles: 14052581 cumulative IPC: 4.414 (Simulation time: 01 hr 05 min 38 sec)
Warmup complete CPU 0 instructions: 55307354 cycles: 14052581 cumulative IPC: 3.936 (Simulation time: 01 hr 05 min 38 sec)
Heartbeat CPU 3 instructions: 50000007 cycles: 14052590 heartbeat IPC: 3.576 cumulative IPC: 0.6667 (Simulation time: 01 hr 05 min 38 sec)
Heartbeat CPU 15 instructions: 60000016 cycles: 14677559 heartbeat IPC: 4.01 cumulative IPC: 3.567 (Simulation time: 01 hr 08 min 34 sec)
Heartbeat CPU 5 instructions: 60000017 cycles: 14878340 heartbeat IPC: 3.732 cumulative IPC: 2.926 (Simulation time: 01 hr 09 min 28 sec)
Heartbeat CPU 11 instructions: 60000014 cycles: 15104221 heartbeat IPC: 3.777 cumulative IPC: 3.411 (Simulation time: 01 hr 10 min 30 sec)
Heartbeat CPU 10 instructions: 60000014 cycles: 15104428 heartbeat IPC: 3.776 cumulative IPC: 3.41 (Simulation time: 01 hr 10 min 30 sec)
Heartbeat CPU 6 instructions: 70000023 cycles: 15209029 heartbeat IPC: 4.011 cumulative IPC: 3.165 (Simulation time: 01 hr 10 min 59 sec)
Heartbeat CPU 9 instructions: 70000017 cycles: 15213074 heartbeat IPC: 4.004 cumulative IPC: 3.15 (Simulation time: 01 hr 11 min 00 sec)
Heartbeat CPU 4 instructions: 60000016 cycles: 15241387 heartbeat IPC: 3.536 cumulative IPC: 2.912 (Simulation time: 01 hr 11 min 08 sec)
Heartbeat CPU 2 instructions: 60000016 cycles: 15253293 heartbeat IPC: 3.532 cumulative IPC: 2.912 (Simulation time: 01 hr 11 min 11 sec)
Heartbeat CPU 14 instructions: 60000016 cycles: 15253347 heartbeat IPC: 3.531 cumulative IPC: 2.912 (Simulation time: 01 hr 11 min 11 sec)
Heartbeat CPU 7 instructions: 70000010 cycles: 16469621 heartbeat IPC: 4.04 cumulative IPC: 4.036 (Simulation time: 01 hr 16 min 50 sec)
Heartbeat CPU 12 instructions: 60000012 cycles: 16625636 heartbeat IPC: 3.069 cumulative IPC: 2.89 (Simulation time: 01 hr 17 min 34 sec)
Heartbeat CPU 1 instructions: 70000020 cycles: 16834449 heartbeat IPC: 3.087 cumulative IPC: 2.867 (Simulation time: 01 hr 18 min 32 sec)
Heartbeat CPU 8 instructions: 60000012 cycles: 17089993 heartbeat IPC: 2.394 cumulative IPC: 1.719 (Simulation time: 01 hr 19 min 44 sec)
Heartbeat CPU 13 instructions: 70000017 cycles: 17450118 heartbeat IPC: 2.707 cumulative IPC: 2.563 (Simulation time: 01 hr 21 min 25 sec)
Heartbeat CPU 0 instructions: 60000016 cycles: 17722443 heartbeat IPC: 2.029 cumulative IPC: 1.279 (Simulation time: 01 hr 22 min 43 sec)
Heartbeat CPU 15 instructions: 70000021 cycles: 17745160 heartbeat IPC: 3.26 cumulative IPC: 3.312 (Simulation time: 01 hr 22 min 50 sec)
Heartbeat CPU 3 instructions: 60000010 cycles: 17781244 heartbeat IPC: 2.682 cumulative IPC: 2.682 (Simulation time: 01 hr 23 min 00 sec)
Heartbeat CPU 5 instructions: 70000017 cycles: 17943865 heartbeat IPC: 3.262 cumulative IPC: 3.191 (Simulation time: 01 hr 23 min 46 sec)
Heartbeat CPU 11 instructions: 70000015 cycles: 18048892 heartbeat IPC: 3.396 cumulative IPC: 3.4 (Simulation time: 01 hr 24 min 15 sec)
Heartbeat CPU 10 instructions: 70000015 cycles: 18049304 heartbeat IPC: 3.396 cumulative IPC: 3.4 (Simulation time: 01 hr 24 min 15 sec)
Heartbeat CPU 6 instructions: 80000025 cycles: 18273399 heartbeat IPC: 3.263 cumulative IPC: 3.236 (Simulation time: 01 hr 25 min 17 sec)
Heartbeat CPU 9 instructions: 80000019 cycles: 18275826 heartbeat IPC: 3.265 cumulative IPC: 3.233 (Simulation time: 01 hr 25 min 18 sec)
Heartbeat CPU 4 instructions: 70000018 cycles: 18594863 heartbeat IPC: 2.982 cumulative IPC: 2.964 (Simulation time: 01 hr 26 min 47 sec)
Heartbeat CPU 2 instructions: 70000018 cycles: 18606748 heartbeat IPC: 2.982 cumulative IPC: 2.964 (Simulation time: 01 hr 26 min 50 sec)
Heartbeat CPU 14 instructions: 70000018 cycles: 18606761 heartbeat IPC: 2.982 cumulative IPC: 2.964 (Simulation time: 01 hr 26 min 50 sec)
Heartbeat CPU 7 instructions: 80000015 cycles: 18942318 heartbeat IPC: 4.044 cumulative IPC: 4.04 (Simulation time: 01 hr 28 min 22 sec)
Heartbeat CPU 12 instructions: 70000017 cycles: 20085348 heartbeat IPC: 2.89 cumulative IPC: 2.89 (Simulation time: 01 hr 33 min 43 sec)
Heartbeat CPU 1 instructions: 80000020 cycles: 20303614 heartbeat IPC: 2.883 cumulative IPC: 2.876 (Simulation time: 01 hr 34 min 44 sec)
Heartbeat CPU 15 instructions: 80000025 cycles: 20598444 heartbeat IPC: 3.505 cumulative IPC: 3.396 (Simulation time: 01 hr 36 min 06 sec)
Heartbeat CPU 5 instructions: 80000018 cycles: 20803916 heartbeat IPC: 3.496 cumulative IPC: 3.32 (Simulation time: 01 hr 37 min 03 sec)
Heartbeat CPU 11 instructions: 80000020 cycles: 20973464 heartbeat IPC: 3.419 cumulative IPC: 3.408 (Simulation time: 01 hr 37 min 51 sec)
Heartbeat CPU 10 instructions: 80000020 cycles: 20974169 heartbeat IPC: 3.419 cumulative IPC: 3.408 (Simulation time: 01 hr 37 min 51 sec)
Heartbeat CPU 13 instructions: 80000021 cycles: 21345792 heartbeat IPC: 2.567 cumulative IPC: 2.565 (Simulation time: 01 hr 39 min 35 sec)
Heartbeat CPU 6 instructions: 90000027 cycles: 21359117 heartbeat IPC: 3.241 cumulative IPC: 3.238 (Simulation time: 01 hr 39 min 39 sec)
Heartbeat CPU 9 instructions: 90000021 cycles: 21373541 heartbeat IPC: 3.228 cumulative IPC: 3.231 (Simulation time: 01 hr 39 min 43 sec)
Heartbeat CPU 7 instructions: 90000020 cycles: 21414815 heartbeat IPC: 4.044 cumulative IPC: 4.042 (Simulation time: 01 hr 39 min 55 sec)
Heartbeat CPU 3 instructions: 70000013 cycles: 21625903 heartbeat IPC: 2.601 cumulative IPC: 2.641 (Simulation time: 01 hr 40 min 54 sec)
Heartbeat CPU 4 instructions: 80000022 cycles: 21976745 heartbeat IPC: 2.957 cumulative IPC: 2.961 (Simulation time: 01 hr 42 min 32 sec)
Heartbeat CPU 2 instructions: 80000022 cycles: 21988175 heartbeat IPC: 2.957 cumulative IPC: 2.961 (Simulation time: 01 hr 42 min 35 sec)
Heartbeat CPU 14 instructions: 80000022 cycles: 21988176 heartbeat IPC: 2.957 cumulative IPC: 2.961 (Simulation time: 01 hr 42 min 35 sec)
Heartbeat CPU 8 instructions: 70000013 cycles: 22391881 heartbeat IPC: 1.886 cumulative IPC: 1.825 (Simulation time: 01 hr 44 min 31 sec)
Heartbeat CPU 12 instructions: 80000017 cycles: 23545050 heartbeat IPC: 2.89 cumulative IPC: 2.89 (Simulation time: 01 hr 49 min 52 sec)
Heartbeat CPU 15 instructions: 90000028 cycles: 23609068 heartbeat IPC: 3.322 cumulative IPC: 3.373 (Simulation time: 01 hr 50 min 10 sec)
Heartbeat CPU 5 instructions: 90000022 cycles: 23644856 heartbeat IPC: 3.52 cumulative IPC: 3.379 (Simulation time: 01 hr 50 min 21 sec)
Heartbeat CPU 1 instructions: 90000021 cycles: 23755454 heartbeat IPC: 2.897 cumulative IPC: 2.883 (Simulation time: 01 hr 50 min 52 sec)
Heartbeat CPU 7 instructions: 100000023 cycles: 23887434 heartbeat IPC: 4.044 cumulative IPC: 4.042 (Simulation time: 01 hr 51 min 29 sec)
Heartbeat CPU 11 instructions: 90000023 cycles: 23900339 heartbeat IPC: 3.417 cumulative IPC: 3.411 (Simulation time: 01 hr 51 min 32 sec)
Heartbeat CPU 10 instructions: 90000023 cycles: 23901102 heartbeat IPC: 3.417 cumulative IPC: 3.41 (Simulation time: 01 hr 51 min 33 sec)
Heartbeat CPU 6 instructions: 100000030 cycles: 24351932 heartbeat IPC: 3.341 cumulative IPC: 3.268 (Simulation time: 01 hr 53 min 39 sec)
Heartbeat CPU 9 instructions: 100000024 cycles: 24374415 heartbeat IPC: 3.332 cumulative IPC: 3.261 (Simulation time: 01 hr 53 min 46 sec)
Heartbeat CPU 13 instructions: 90000021 cycles: 25279115 heartbeat IPC: 2.542 cumulative IPC: 2.557 (Simulation time: 01 hr 58 min 00 sec)
Heartbeat CPU 4 instructions: 90000024 cycles: 25360715 heartbeat IPC: 2.955 cumulative IPC: 2.959 (Simulation time: 01 hr 58 min 23 sec)
Heartbeat CPU 2 instructions: 90000024 cycles: 25371912 heartbeat IPC: 2.955 cumulative IPC: 2.959 (Simulation time: 01 hr 58 min 26 sec)
Heartbeat CPU 14 instructions: 90000024 cycles: 25372044 heartbeat IPC: 2.955 cumulative IPC: 2.959 (Simulation time: 01 hr 58 min 26 sec)
Heartbeat CPU 3 instructions: 80000014 cycles: 25441703 heartbeat IPC: 2.621 cumulative IPC: 2.634 (Simulation time: 01 hr 58 min 45 sec)
Heartbeat CPU 7 instructions: 110000028 cycles: 26361366 heartbeat IPC: 4.042 cumulative IPC: 4.042 (Simulation time: 02 hr 03 min 05 sec)
Heartbeat CPU 5 instructions: 100000024 cycles: 26515298 heartbeat IPC: 3.484 cumulative IPC: 3.403 (Simulation time: 02 hr 03 min 50 sec)
Heartbeat CPU 15 instructions: 100000028 cycles: 26549742 heartbeat IPC: 3.401 cumulative IPC: 3.379 (Simulation time: 02 hr 04 min 00 sec)
Heartbeat CPU 11 instructions: 100000025 cycles: 26828898 heartbeat IPC: 3.415 cumulative IPC: 3.412 (Simulation time: 02 hr 05 min 18 sec)
Heartbeat CPU 10 instructions: 100000025 cycles: 26829598 heartbeat IPC: 3.415 cumulative IPC: 3.411 (Simulation time: 02 hr 05 min 18 sec)
Heartbeat CPU 0 instructions: 70000020 cycles: 26948132 heartbeat IPC: 1.084 cumulative IPC: 1.139 (Simulation time: 02 hr 05 min 51 sec)
Heartbeat CPU 12 instructions: 90000019 cycles: 27012706 heartbeat IPC: 2.884 cumulative IPC: 2.889 (Simulation time: 02 hr 06 min 09 sec)
Heartbeat CPU 1 instructions: 100000022 cycles: 27210538 heartbeat IPC: 2.894 cumulative IPC: 2.886 (Simulation time: 02 hr 07 min 05 sec)
Heartbeat CPU 6 instructions: 110000031 cycles: 27299764 heartbeat IPC: 3.392 cumulative IPC: 3.296 (Simulation time: 02 hr 07 min 31 sec)
Heartbeat CPU 9 instructions: 110000024 cycles: 27334459 heartbeat IPC: 3.378 cumulative IPC: 3.287 (Simulation time: 02 hr 07 min 41 sec)
Heartbeat CPU 8 instructions: 80000016 cycles: 27977527 heartbeat IPC: 1.79 cumulative IPC: 1.811 (Simulation time: 02 hr 10 min 43 sec)
Heartbeat CPU 4 instructions: 100000024 cycles: 28731077 heartbeat IPC: 2.967 cumulative IPC: 2.961 (Simulation time: 02 hr 14 min 13 sec)
Heartbeat CPU 2 instructions: 100000024 cycles: 28742457 heartbeat IPC: 2.967 cumulative IPC: 2.961 (Simulation time: 02 hr 14 min 16 sec)
Heartbeat CPU 14 instructions: 100000024 cycles: 28742655 heartbeat IPC: 2.967 cumulative IPC: 2.961 (Simulation time: 02 hr 14 min 17 sec)
Heartbeat CPU 7 instructions: 120000032 cycles: 28838053 heartbeat IPC: 4.038 cumulative IPC: 4.041 (Simulation time: 02 hr 14 min 43 sec)
Heartbeat CPU 3 instructions: 90000019 cycles: 29135778 heartbeat IPC: 2.707 cumulative IPC: 2.652 (Simulation time: 02 hr 16 min 10 sec)
Heartbeat CPU 5 instructions: 110000024 cycles: 29319770 heartbeat IPC: 3.566 cumulative IPC: 3.433 (Simulation time: 02 hr 17 min 01 sec)
Heartbeat CPU 13 instructions: 100000022 cycles: 29344714 heartbeat IPC: 2.46 cumulative IPC: 2.531 (Simulation time: 02 hr 17 min 08 sec)
Heartbeat CPU 15 instructions: 110000028 cycles: 29453731 heartbeat IPC: 3.444 cumulative IPC: 3.391 (Simulation time: 02 hr 17 min 37 sec)
Heartbeat CPU 11 instructions: 110000028 cycles: 29752625 heartbeat IPC: 3.42 cumulative IPC: 3.413 (Simulation time: 02 hr 18 min 58 sec)
Heartbeat CPU 10 instructions: 110000028 cycles: 29753297 heartbeat IPC: 3.42 cumulative IPC: 3.413 (Simulation time: 02 hr 18 min 58 sec)
Heartbeat CPU 12 instructions: 100000023 cycles: 30491395 heartbeat IPC: 2.875 cumulative IPC: 2.886 (Simulation time: 02 hr 22 min 24 sec)
Heartbeat CPU 1 instructions: 110000026 cycles: 30685126 heartbeat IPC: 2.878 cumulative IPC: 2.884 (Simulation time: 02 hr 23 min 17 sec)
Heartbeat CPU 7 instructions: 130000033 cycles: 31324413 heartbeat IPC: 4.022 cumulative IPC: 4.039 (Simulation time: 02 hr 26 min 09 sec)
Heartbeat CPU 4 instructions: 110000025 cycles: 32034073 heartbeat IPC: 3.028 cumulative IPC: 2.973 (Simulation time: 02 hr 29 min 24 sec)
Heartbeat CPU 2 instructions: 110000025 cycles: 32045350 heartbeat IPC: 3.028 cumulative IPC: 2.973 (Simulation time: 02 hr 29 min 27 sec)
Heartbeat CPU 14 instructions: 110000025 cycles: 32045431 heartbeat IPC: 3.028 cumulative IPC: 2.973 (Simulation time: 02 hr 29 min 27 sec)
Heartbeat CPU 6 instructions: 120000032 cycles: 32300408 heartbeat IPC: 2 cumulative IPC: 2.941 (Simulation time: 02 hr 30 min 39 sec)
Heartbeat CPU 5 instructions: 120000029 cycles: 32324614 heartbeat IPC: 3.328 cumulative IPC: 3.416 (Simulation time: 02 hr 30 min 46 sec)
Heartbeat CPU 9 instructions: 120000024 cycles: 32343193 heartbeat IPC: 1.997 cumulative IPC: 2.933 (Simulation time: 02 hr 30 min 51 sec)
Heartbeat CPU 15 instructions: 120000028 cycles: 32431314 heartbeat IPC: 3.358 cumulative IPC: 3.386 (Simulation time: 02 hr 31 min 16 sec)
Heartbeat CPU 11 instructions: 120000030 cycles: 32690528 heartbeat IPC: 3.404 cumulative IPC: 3.412 (Simulation time: 02 hr 32 min 29 sec)
Heartbeat CPU 10 instructions: 120000030 cycles: 32690665 heartbeat IPC: 3.404 cumulative IPC: 3.412 (Simulation time: 02 hr 32 min 29 sec)
Heartbeat CPU 8 instructions: 90000019 cycles: 32832999 heartbeat IPC: 2.06 cumulative IPC: 1.875 (Simulation time: 02 hr 33 min 08 sec)
Heartbeat CPU 3 instructions: 100000021 cycles: 33081142 heartbeat IPC: 2.535 cumulative IPC: 2.628 (Simulation time: 02 hr 34 min 17 sec)
Heartbeat CPU 13 instructions: 110000027 cycles: 33259251 heartbeat IPC: 2.555 cumulative IPC: 2.536 (Simulation time: 02 hr 35 min 07 sec)
Heartbeat CPU 7 instructions: 140000033 cycles: 33804196 heartbeat IPC: 4.033 cumulative IPC: 4.038 (Simulation time: 02 hr 37 min 44 sec)
Heartbeat CPU 12 instructions: 110000023 cycles: 33953015 heartbeat IPC: 2.889 cumulative IPC: 2.886 (Simulation time: 02 hr 38 min 27 sec)
Heartbeat CPU 1 instructions: 120000028 cycles: 34156205 heartbeat IPC: 2.881 cumulative IPC: 2.884 (Simulation time: 02 hr 39 min 26 sec)
Heartbeat CPU 6 instructions: 130000032 cycles: 34828016 heartbeat IPC: 3.956 cumulative IPC: 3.064 (Simulation time: 02 hr 42 min 41 sec)
Heartbeat CPU 9 instructions: 130000026 cycles: 34864025 heartbeat IPC: 3.967 cumulative IPC: 3.059 (Simulation time: 02 hr 42 min 52 sec)
Heartbeat CPU 5 instructions: 130000034 cycles: 35261355 heartbeat IPC: 3.405 cumulative IPC: 3.414 (Simulation time: 02 hr 44 min 48 sec)
Heartbeat CPU 4 instructions: 120000026 cycles: 35340622 heartbeat IPC: 3.024 cumulative IPC: 2.981 (Simulation time: 02 hr 45 min 10 sec)
Heartbeat CPU 14 instructions: 120000026 cycles: 35351927 heartbeat IPC: 3.024 cumulative IPC: 2.981 (Simulation time: 02 hr 45 min 14 sec)
Heartbeat CPU 2 instructions: 120000026 cycles: 35351959 heartbeat IPC: 3.024 cumulative IPC: 2.981 (Simulation time: 02 hr 45 min 14 sec)
Heartbeat CPU 15 instructions: 130000029 cycles: 35408505 heartbeat IPC: 3.359 cumulative IPC: 3.382 (Simulation time: 02 hr 45 min 30 sec)
Heartbeat CPU 11 instructions: 130000032 cycles: 35613141 heartbeat IPC: 3.422 cumulative IPC: 3.413 (Simulation time: 02 hr 46 min 28 sec)
Heartbeat CPU 10 instructions: 130000032 cycles: 35613370 heartbeat IPC: 3.421 cumulative IPC: 3.413 (Simulation time: 02 hr 46 min 28 sec)
Heartbeat CPU 0 instructions: 80000020 cycles: 35860704 heartbeat IPC: 1.122 cumulative IPC: 1.132 (Simulation time: 02 hr 47 min 38 sec)
Heartbeat CPU 7 instructions: 150000033 cycles: 36279323 heartbeat IPC: 4.04 cumulative IPC: 4.038 (Simulation time: 02 hr 49 min 35 sec)
Heartbeat CPU 3 instructions: 110000021 cycles: 36967172 heartbeat IPC: 2.573 cumulative IPC: 2.618 (Simulation time: 02 hr 52 min 50 sec)
Heartbeat CPU 13 instructions: 120000031 cycles: 37077861 heartbeat IPC: 2.619 cumulative IPC: 2.55 (Simulation time: 02 hr 53 min 21 sec)
Heartbeat CPU 12 instructions: 120000024 cycles: 37412707 heartbeat IPC: 2.89 cumulative IPC: 2.887 (Simulation time: 02 hr 54 min 57 sec)
Heartbeat CPU 1 instructions: 130000032 cycles: 37586711 heartbeat IPC: 2.915 cumulative IPC: 2.888 (Simulation time: 02 hr 55 min 47 sec)
Heartbeat CPU 6 instructions: 140000037 cycles: 38028540 heartbeat IPC: 3.124 cumulative IPC: 3.072 (Simulation time: 02 hr 57 min 49 sec)
Heartbeat CPU 9 instructions: 140000030 cycles: 38056451 heartbeat IPC: 3.132 cumulative IPC: 3.068 (Simulation time: 02 hr 57 min 57 sec)
Heartbeat CPU 15 instructions: 140000032 cycles: 38092602 heartbeat IPC: 3.726 cumulative IPC: 3.421 (Simulation time: 02 hr 58 min 07 sec)
Heartbeat CPU 5 instructions: 140000036 cycles: 38169962 heartbeat IPC: 3.438 cumulative IPC: 3.417 (Simulation time: 02 hr 58 min 30 sec)
Heartbeat CPU 11 instructions: 140000035 cycles: 38524916 heartbeat IPC: 3.434 cumulative IPC: 3.416 (Simulation time: 03 hr 00 min 08 sec)
Heartbeat CPU 10 instructions: 140000035 cycles: 38525448 heartbeat IPC: 3.434 cumulative IPC: 3.416 (Simulation time: 03 hr 00 min 08 sec)
Heartbeat CPU 8 instructions: 100000023 cycles: 38651052 heartbeat IPC: 1.719 cumulative IPC: 1.838 (Simulation time: 03 hr 00 min 42 sec)
Heartbeat CPU 4 instructions: 130000026 cycles: 38655990 heartbeat IPC: 3.016 cumulative IPC: 2.986 (Simulation time: 03 hr 00 min 43 sec)
Heartbeat CPU 2 instructions: 130000026 cycles: 38667304 heartbeat IPC: 3.016 cumulative IPC: 2.986 (Simulation time: 03 hr 00 min 47 sec)
Heartbeat CPU 14 instructions: 130000026 cycles: 38667318 heartbeat IPC: 3.016 cumulative IPC: 2.986 (Simulation time: 03 hr 00 min 47 sec)
Heartbeat CPU 7 instructions: 160000033 cycles: 38754309 heartbeat IPC: 4.04 cumulative IPC: 4.038 (Simulation time: 03 hr 01 min 11 sec)
Heartbeat CPU 3 instructions: 120000024 cycles: 40833218 heartbeat IPC: 2.587 cumulative IPC: 2.614 (Simulation time: 03 hr 10 min 58 sec)
Heartbeat CPU 12 instructions: 130000026 cycles: 40874656 heartbeat IPC: 2.889 cumulative IPC: 2.887 (Simulation time: 03 hr 11 min 11 sec)
Heartbeat CPU 15 instructions: 150000032 cycles: 40886057 heartbeat IPC: 3.58 cumulative IPC: 3.437 (Simulation time: 03 hr 11 min 14 sec)
Heartbeat CPU 13 instructions: 130000036 cycles: 40946674 heartbeat IPC: 2.585 cumulative IPC: 2.555 (Simulation time: 03 hr 11 min 32 sec)
Heartbeat CPU 1 instructions: 140000036 cycles: 41045196 heartbeat IPC: 2.891 cumulative IPC: 2.889 (Simulation time: 03 hr 12 min 00 sec)
Heartbeat CPU 5 instructions: 150000039 cycles: 41063605 heartbeat IPC: 3.456 cumulative IPC: 3.421 (Simulation time: 03 hr 12 min 06 sec)
Heartbeat CPU 7 instructions: 170000037 cycles: 41230817 heartbeat IPC: 4.038 cumulative IPC: 4.038 (Simulation time: 03 hr 12 min 55 sec)
Heartbeat CPU 6 instructions: 150000041 cycles: 41383906 heartbeat IPC: 2.98 cumulative IPC: 3.061 (Simulation time: 03 hr 13 min 38 sec)
Heartbeat CPU 9 instructions: 150000032 cycles: 41416286 heartbeat IPC: 2.976 cumulative IPC: 3.057 (Simulation time: 03 hr 13 min 47 sec)
Heartbeat CPU 11 instructions: 150000039 cycles: 41439287 heartbeat IPC: 3.431 cumulative IPC: 3.417 (Simulation time: 03 hr 13 min 54 sec)
Heartbeat CPU 10 instructions: 150000039 cycles: 41439750 heartbeat IPC: 3.431 cumulative IPC: 3.417 (Simulation time: 03 hr 13 min 54 sec)
Heartbeat CPU 4 instructions: 140000027 cycles: 42003261 heartbeat IPC: 2.988 cumulative IPC: 2.986 (Simulation time: 03 hr 16 min 37 sec)
Heartbeat CPU 2 instructions: 140000027 cycles: 42014432 heartbeat IPC: 2.988 cumulative IPC: 2.986 (Simulation time: 03 hr 16 min 40 sec)
Heartbeat CPU 14 instructions: 140000027 cycles: 42014538 heartbeat IPC: 2.988 cumulative IPC: 2.986 (Simulation time: 03 hr 16 min 40 sec)
Heartbeat CPU 15 instructions: 160000032 cycles: 43598375 heartbeat IPC: 3.687 cumulative IPC: 3.46 (Simulation time: 03 hr 24 min 16 sec)
Heartbeat CPU 0 instructions: 90000020 cycles: 43619587 heartbeat IPC: 1.289 cumulative IPC: 1.173 (Simulation time: 03 hr 24 min 22 sec)
Heartbeat CPU 7 instructions: 180000039 cycles: 43704831 heartbeat IPC: 4.042 cumulative IPC: 4.039 (Simulation time: 03 hr 24 min 47 sec)
Heartbeat CPU 5 instructions: 160000043 cycles: 43957940 heartbeat IPC: 3.455 cumulative IPC: 3.425 (Simulation time: 03 hr 26 min 00 sec)
Heartbeat CPU 12 instructions: 140000026 cycles: 44334399 heartbeat IPC: 2.89 cumulative IPC: 2.887 (Simulation time: 03 hr 27 min 47 sec)
Heartbeat CPU 8 instructions: 110000027 cycles: 44363233 heartbeat IPC: 1.751 cumulative IPC: 1.822 (Simulation time: 03 hr 27 min 56 sec)
Heartbeat CPU 6 instructions: 160000043 cycles: 44392186 heartbeat IPC: 3.324 cumulative IPC: 3.087 (Simulation time: 03 hr 28 min 04 sec)
Heartbeat CPU 11 instructions: 160000042 cycles: 44402751 heartbeat IPC: 3.374 cumulative IPC: 3.413 (Simulation time: 03 hr 28 min 07 sec)
Heartbeat CPU 10 instructions: 160000042 cycles: 44403166 heartbeat IPC: 3.374 cumulative IPC: 3.413 (Simulation time: 03 hr 28 min 07 sec)
Heartbeat CPU 1 instructions: 150000037 cycles: 44438875 heartbeat IPC: 2.947 cumulative IPC: 2.895 (Simulation time: 03 hr 28 min 18 sec)
Heartbeat CPU 9 instructions: 160000037 cycles: 44442493 heartbeat IPC: 3.304 cumulative IPC: 3.082 (Simulation time: 03 hr 28 min 19 sec)
Heartbeat CPU 3 instructions: 130000024 cycles: 44649965 heartbeat IPC: 2.62 cumulative IPC: 2.615 (Simulation time: 03 hr 29 min 21 sec)
Heartbeat CPU 13 instructions: 140000037 cycles: 44793867 heartbeat IPC: 2.599 cumulative IPC: 2.56 (Simulation time: 03 hr 30 min 01 sec)
Heartbeat CPU 4 instructions: 150000029 cycles: 45306515 heartbeat IPC: 3.027 cumulative IPC: 2.99 (Simulation time: 03 hr 32 min 33 sec)
Heartbeat CPU 2 instructions: 150000029 cycles: 45317473 heartbeat IPC: 3.028 cumulative IPC: 2.99 (Simulation time: 03 hr 32 min 36 sec)
Heartbeat CPU 14 instructions: 150000029 cycles: 45317653 heartbeat IPC: 3.027 cumulative IPC: 2.99 (Simulation time: 03 hr 32 min 36 sec)
Heartbeat CPU 7 instructions: 190000044 cycles: 46177776 heartbeat IPC: 4.044 cumulative IPC: 4.039 (Simulation time: 03 hr 36 min 59 sec)
Heartbeat CPU 15 instructions: 170000037 cycles: 46335076 heartbeat IPC: 3.654 cumulative IPC: 3.476 (Simulation time: 03 hr 37 min 46 sec)
Heartbeat CPU 5 instructions: 170000044 cycles: 46741639 heartbeat IPC: 3.592 cumulative IPC: 3.439 (Simulation time: 03 hr 39 min 47 sec)
Heartbeat CPU 6 instructions: 170000044 cycles: 47264938 heartbeat IPC: 3.481 cumulative IPC: 3.121 (Simulation time: 03 hr 42 min 24 sec)
Heartbeat CPU 9 instructions: 170000038 cycles: 47334769 heartbeat IPC: 3.457 cumulative IPC: 3.114 (Simulation time: 03 hr 42 min 45 sec)
Heartbeat CPU 11 instructions: 170000042 cycles: 47361106 heartbeat IPC: 3.38 cumulative IPC: 3.41 (Simulation time: 03 hr 42 min 52 sec)
Heartbeat CPU 10 instructions: 170000042 cycles: 47361315 heartbeat IPC: 3.38 cumulative IPC: 3.41 (Simulation time: 03 hr 42 min 52 sec)
Heartbeat CPU 12 instructions: 150000026 cycles: 47794097 heartbeat IPC: 2.89 cumulative IPC: 2.888 (Simulation time: 03 hr 44 min 55 sec)
Heartbeat CPU 1 instructions: 160000041 cycles: 47900849 heartbeat IPC: 2.889 cumulative IPC: 2.895 (Simulation time: 03 hr 45 min 25 sec)
Heartbeat CPU 4 instructions: 160000030 cycles: 48352287 heartbeat IPC: 3.283 cumulative IPC: 3.016 (Simulation time: 03 hr 47 min 31 sec)
Heartbeat CPU 2 instructions: 160000030 cycles: 48363279 heartbeat IPC: 3.283 cumulative IPC: 3.016 (Simulation time: 03 hr 47 min 34 sec)
Heartbeat CPU 14 instructions: 160000030 cycles: 48363611 heartbeat IPC: 3.283 cumulative IPC: 3.016 (Simulation time: 03 hr 47 min 34 sec)
Heartbeat CPU 3 instructions: 140000026 cycles: 48442562 heartbeat IPC: 2.637 cumulative IPC: 2.617 (Simulation time: 03 hr 47 min 57 sec)
Heartbeat CPU 13 instructions: 150000041 cycles: 48600046 heartbeat IPC: 2.627 cumulative IPC: 2.568 (Simulation time: 03 hr 48 min 41 sec)
Heartbeat CPU 7 instructions: 200000047 cycles: 48655655 heartbeat IPC: 4.036 cumulative IPC: 4.039 (Simulation time: 03 hr 48 min 58 sec)
Heartbeat CPU 15 instructions: 180000040 cycles: 49017547 heartbeat IPC: 3.728 cumulative IPC: 3.496 (Simulation time: 03 hr 50 min 42 sec)
Heartbeat CPU 8 instructions: 120000032 cycles: 49201787 heartbeat IPC: 2.067 cumulative IPC: 1.856 (Simulation time: 03 hr 51 min 35 sec)
Heartbeat CPU 5 instructions: 180000045 cycles: 49746471 heartbeat IPC: 3.328 cumulative IPC: 3.43 (Simulation time: 03 hr 54 min 08 sec)
Heartbeat CPU 6 instructions: 180000049 cycles: 50267283 heartbeat IPC: 3.331 cumulative IPC: 3.138 (Simulation time: 03 hr 56 min 38 sec)
Heartbeat CPU 9 instructions: 180000043 cycles: 50324919 heartbeat IPC: 3.344 cumulative IPC: 3.133 (Simulation time: 03 hr 56 min 54 sec)
Heartbeat CPU 11 instructions: 180000046 cycles: 50335082 heartbeat IPC: 3.363 cumulative IPC: 3.406 (Simulation time: 03 hr 56 min 58 sec)
Heartbeat CPU 10 instructions: 180000046 cycles: 50335980 heartbeat IPC: 3.362 cumulative IPC: 3.406 (Simulation time: 03 hr 56 min 58 sec)
Heartbeat CPU 0 instructions: 100000021 cycles: 50755104 heartbeat IPC: 1.401 cumulative IPC: 1.218 (Simulation time: 03 hr 58 min 58 sec)
Heartbeat CPU 7 instructions: 210000051 cycles: 51131201 heartbeat IPC: 4.04 cumulative IPC: 4.039 (Simulation time: 04 hr 00 min 44 sec)
Heartbeat CPU 12 instructions: 160000030 cycles: 51253752 heartbeat IPC: 2.89 cumulative IPC: 2.888 (Simulation time: 04 hr 01 min 19 sec)
Heartbeat CPU 1 instructions: 170000045 cycles: 51325635 heartbeat IPC: 2.92 cumulative IPC: 2.897 (Simulation time: 04 hr 01 min 40 sec)
Heartbeat CPU 4 instructions: 170000032 cycles: 51691387 heartbeat IPC: 2.995 cumulative IPC: 3.015 (Simulation time: 04 hr 03 min 23 sec)
Heartbeat CPU 2 instructions: 170000032 cycles: 51702253 heartbeat IPC: 2.995 cumulative IPC: 3.015 (Simulation time: 04 hr 03 min 26 sec)
Heartbeat CPU 14 instructions: 170000032 cycles: 51702583 heartbeat IPC: 2.995 cumulative IPC: 3.015 (Simulation time: 04 hr 03 min 26 sec)
Heartbeat CPU 15 instructions: 190000044 cycles: 51749082 heartbeat IPC: 3.661 cumulative IPC: 3.508 (Simulation time: 04 hr 03 min 40 sec)
Heartbeat CPU 3 instructions: 150000031 cycles: 52163671 heartbeat IPC: 2.687 cumulative IPC: 2.624 (Simulation time: 04 hr 05 min 40 sec)
Heartbeat CPU 13 instructions: 160000041 cycles: 52633606 heartbeat IPC: 2.479 cumulative IPC: 2.558 (Simulation time: 04 hr 07 min 55 sec)
Heartbeat CPU 5 instructions: 190000046 cycles: 52644568 heartbeat IPC: 3.451 cumulative IPC: 3.431 (Simulation time: 04 hr 07 min 58 sec)
Heartbeat CPU 8 instructions: 130000032 cycles: 52916003 heartbeat IPC: 2.692 cumulative IPC: 1.936 (Simulation time: 04 hr 09 min 18 sec)
Heartbeat CPU 11 instructions: 190000048 cycles: 53306122 heartbeat IPC: 3.366 cumulative IPC: 3.403 (Simulation time: 04 hr 11 min 08 sec)
Heartbeat CPU 10 instructions: 190000048 cycles: 53307331 heartbeat IPC: 3.365 cumulative IPC: 3.403 (Simulation time: 04 hr 11 min 08 sec)
Heartbeat CPU 6 instructions: 190000052 cycles: 53357749 heartbeat IPC: 3.236 cumulative IPC: 3.146 (Simulation time: 04 hr 11 min 23 sec)
Heartbeat CPU 9 instructions: 190000046 cycles: 53403487 heartbeat IPC: 3.248 cumulative IPC: 3.142 (Simulation time: 04 hr 11 min 36 sec)
Heartbeat CPU 7 instructions: 220000055 cycles: 53606901 heartbeat IPC: 4.039 cumulative IPC: 4.039 (Simulation time: 04 hr 12 min 33 sec)
Heartbeat CPU 15 instructions: 200000047 cycles: 54350650 heartbeat IPC: 3.844 cumulative IPC: 3.529 (Simulation time: 04 hr 16 min 08 sec)
Heartbeat CPU 1 instructions: 180000047 cycles: 54712716 heartbeat IPC: 2.952 cumulative IPC: 2.902 (Simulation time: 04 hr 17 min 51 sec)
Heartbeat CPU 12 instructions: 170000031 cycles: 54713485 heartbeat IPC: 2.89 cumulative IPC: 2.888 (Simulation time: 04 hr 17 min 51 sec)
Heartbeat CPU 4 instructions: 180000035 cycles: 54994328 heartbeat IPC: 3.028 cumulative IPC: 3.016 (Simulation time: 04 hr 19 min 10 sec)
Heartbeat CPU 2 instructions: 180000035 cycles: 55004643 heartbeat IPC: 3.028 cumulative IPC: 3.016 (Simulation time: 04 hr 19 min 13 sec)
Heartbeat CPU 14 instructions: 180000035 cycles: 55004948 heartbeat IPC: 3.028 cumulative IPC: 3.016 (Simulation time: 04 hr 19 min 13 sec)
Heartbeat CPU 5 instructions: 200000051 cycles: 55460267 heartbeat IPC: 3.552 cumulative IPC: 3.439 (Simulation time: 04 hr 21 min 23 sec)
Heartbeat CPU 3 instructions: 160000036 cycles: 55930778 heartbeat IPC: 2.655 cumulative IPC: 2.627 (Simulation time: 04 hr 23 min 36 sec)
Heartbeat CPU 7 instructions: 230000055 cycles: 56083733 heartbeat IPC: 4.037 cumulative IPC: 4.039 (Simulation time: 04 hr 24 min 22 sec)
Heartbeat CPU 6 instructions: 200000053 cycles: 56316059 heartbeat IPC: 3.38 cumulative IPC: 3.163 (Simulation time: 04 hr 25 min 31 sec)
Heartbeat CPU 11 instructions: 200000049 cycles: 56322295 heartbeat IPC: 3.315 cumulative IPC: 3.397 (Simulation time: 04 hr 25 min 33 sec)
Heartbeat CPU 10 instructions: 200000049 cycles: 56322617 heartbeat IPC: 3.316 cumulative IPC: 3.397 (Simulation time: 04 hr 25 min 33 sec)
Heartbeat CPU 9 instructions: 200000047 cycles: 56360558 heartbeat IPC: 3.382 cumulative IPC: 3.159 (Simulation time: 04 hr 25 min 44 sec)
Heartbeat CPU 13 instructions: 170000043 cycles: 56589973 heartbeat IPC: 2.528 cumulative IPC: 2.556 (Simulation time: 04 hr 26 min 48 sec)
Heartbeat CPU 15 instructions: 210000052 cycles: 57073205 heartbeat IPC: 3.673 cumulative IPC: 3.539 (Simulation time: 04 hr 29 min 09 sec)
Heartbeat CPU 0 instructions: 110000022 cycles: 57487089 heartbeat IPC: 1.485 cumulative IPC: 1.259 (Simulation time: 04 hr 31 min 09 sec)
Heartbeat CPU 8 instructions: 140000034 cycles: 57950816 heartbeat IPC: 1.986 cumulative IPC: 1.941 (Simulation time: 04 hr 33 min 27 sec)
Heartbeat CPU 1 instructions: 190000051 cycles: 58118922 heartbeat IPC: 2.936 cumulative IPC: 2.904 (Simulation time: 04 hr 34 min 17 sec)
Heartbeat CPU 12 instructions: 180000036 cycles: 58173218 heartbeat IPC: 2.89 cumulative IPC: 2.888 (Simulation time: 04 hr 34 min 34 sec)
Heartbeat CPU 5 instructions: 210000053 cycles: 58259943 heartbeat IPC: 3.572 cumulative IPC: 3.448 (Simulation time: 04 hr 34 min 59 sec)
Heartbeat CPU 4 instructions: 190000037 cycles: 58383201 heartbeat IPC: 2.951 cumulative IPC: 3.011 (Simulation time: 04 hr 35 min 35 sec)
Heartbeat CPU 2 instructions: 190000037 cycles: 58393396 heartbeat IPC: 2.951 cumulative IPC: 3.011 (Simulation time: 04 hr 35 min 38 sec)
Heartbeat CPU 14 instructions: 190000037 cycles: 58393652 heartbeat IPC: 2.951 cumulative IPC: 3.011 (Simulation time: 04 hr 35 min 38 sec)
Heartbeat CPU 7 instructions: 240000055 cycles: 58561777 heartbeat IPC: 4.035 cumulative IPC: 4.039 (Simulation time: 04 hr 36 min 28 sec)
Heartbeat CPU 10 instructions: 210000049 cycles: 59318664 heartbeat IPC: 3.338 cumulative IPC: 3.393 (Simulation time: 04 hr 40 min 12 sec)
Heartbeat CPU 11 instructions: 210000049 cycles: 59318667 heartbeat IPC: 3.337 cumulative IPC: 3.393 (Simulation time: 04 hr 40 min 12 sec)
Heartbeat CPU 6 instructions: 210000053 cycles: 59337147 heartbeat IPC: 3.31 cumulative IPC: 3.172 (Simulation time: 04 hr 40 min 18 sec)
Heartbeat CPU 9 instructions: 210000047 cycles: 59378928 heartbeat IPC: 3.313 cumulative IPC: 3.169 (Simulation time: 04 hr 40 min 30 sec)
Heartbeat CPU 3 instructions: 170000036 cycles: 59660514 heartbeat IPC: 2.681 cumulative IPC: 2.631 (Simulation time: 04 hr 41 min 53 sec)
Heartbeat CPU 15 instructions: 220000052 cycles: 59741613 heartbeat IPC: 3.748 cumulative IPC: 3.551 (Simulation time: 04 hr 42 min 18 sec)
Heartbeat CPU 13 instructions: 180000043 cycles: 60395010 heartbeat IPC: 2.628 cumulative IPC: 2.562 (Simulation time: 04 hr 45 min 35 sec)
Heartbeat CPU 7 instructions: 250000056 cycles: 61035162 heartbeat IPC: 4.043 cumulative IPC: 4.039 (Simulation time: 04 hr 48 min 48 sec)
Heartbeat CPU 5 instructions: 220000057 cycles: 61054953 heartbeat IPC: 3.578 cumulative IPC: 3.455 (Simulation time: 04 hr 48 min 54 sec)
Heartbeat CPU 1 instructions: 200000051 cycles: 61524381 heartbeat IPC: 2.936 cumulative IPC: 2.906 (Simulation time: 04 hr 51 min 17 sec)
Heartbeat CPU 12 instructions: 190000036 cycles: 61632856 heartbeat IPC: 2.89 cumulative IPC: 2.889 (Simulation time: 04 hr 51 min 49 sec)
Heartbeat CPU 4 instructions: 200000040 cycles: 61650770 heartbeat IPC: 3.06 cumulative IPC: 3.014 (Simulation time: 04 hr 51 min 55 sec)
Heartbeat CPU 14 instructions: 200000040 cycles: 61661255 heartbeat IPC: 3.06 cumulative IPC: 3.014 (Simulation time: 04 hr 51 min 58 sec)
Heartbeat CPU 2 instructions: 200000040 cycles: 61661390 heartbeat IPC: 3.06 cumulative IPC: 3.014 (Simulation time: 04 hr 51 min 58 sec)
Heartbeat CPU 8 instructions: 150000037 cycles: 61770794 heartbeat IPC: 2.618 cumulative IPC: 1.995 (Simulation time: 04 hr 52 min 31 sec)
Heartbeat CPU 11 instructions: 220000050 cycles: 62320816 heartbeat IPC: 3.331 cumulative IPC: 3.389 (Simulation time: 04 hr 55 min 18 sec)
Heartbeat CPU 10 instructions: 220000050 cycles: 62321012 heartbeat IPC: 3.331 cumulative IPC: 3.389 (Simulation time: 04 hr 55 min 18 sec)
Heartbeat CPU 6 instructions: 220000053 cycles: 62330381 heartbeat IPC: 3.341 cumulative IPC: 3.183 (Simulation time: 04 hr 55 min 21 sec)
Heartbeat CPU 9 instructions: 220000047 cycles: 62363451 heartbeat IPC: 3.351 cumulative IPC: 3.181 (Simulation time: 04 hr 55 min 31 sec)
Heartbeat CPU 15 instructions: 230000054 cycles: 62478216 heartbeat IPC: 3.654 cumulative IPC: 3.557 (Simulation time: 04 hr 56 min 06 sec)
Heartbeat CPU 0 instructions: 120000022 cycles: 63496169 heartbeat IPC: 1.664 cumulative IPC: 1.308 (Simulation time: 05 hr 01 min 14 sec)
Heartbeat CPU 7 instructions: 260000061 cycles: 63511949 heartbeat IPC: 4.037 cumulative IPC: 4.039 (Simulation time: 05 hr 01 min 19 sec)
Heartbeat CPU 3 instructions: 180000036 cycles: 63570923 heartbeat IPC: 2.557 cumulative IPC: 2.625 (Simulation time: 05 hr 01 min 36 sec)
Simulation finished CPU 7 instructions: 200000002 cycles: 49519075 cumulative IPC: 4.039 (Simulation time: 05 hr 01 min 36 sec)
Heartbeat CPU 5 instructions: 230000058 cycles: 63918216 heartbeat IPC: 3.493 cumulative IPC: 3.458 (Simulation time: 05 hr 03 min 21 sec)
Heartbeat CPU 13 instructions: 190000046 cycles: 64200857 heartbeat IPC: 2.628 cumulative IPC: 2.567 (Simulation time: 05 hr 04 min 44 sec)
Heartbeat CPU 4 instructions: 210000041 cycles: 64688794 heartbeat IPC: 3.292 cumulative IPC: 3.031 (Simulation time: 05 hr 07 min 13 sec)
Heartbeat CPU 14 instructions: 210000045 cycles: 64699151 heartbeat IPC: 3.292 cumulative IPC: 3.031 (Simulation time: 05 hr 07 min 16 sec)
Heartbeat CPU 2 instructions: 210000045 cycles: 64699229 heartbeat IPC: 3.292 cumulative IPC: 3.031 (Simulation time: 05 hr 07 min 16 sec)
Heartbeat CPU 1 instructions: 210000051 cycles: 64956451 heartbeat IPC: 2.914 cumulative IPC: 2.907 (Simulation time: 05 hr 08 min 38 sec)
Heartbeat CPU 12 instructions: 200000040 cycles: 65092577 heartbeat IPC: 2.89 cumulative IPC: 2.889 (Simulation time: 05 hr 09 min 21 sec)
Heartbeat CPU 8 instructions: 160000037 cycles: 65296068 heartbeat IPC: 2.837 cumulative IPC: 2.053 (Simulation time: 05 hr 10 min 24 sec)
Heartbeat CPU 11 instructions: 230000050 cycles: 65307730 heartbeat IPC: 3.348 cumulative IPC: 3.387 (Simulation time: 05 hr 10 min 27 sec)
Heartbeat CPU 10 instructions: 230000050 cycles: 65308008 heartbeat IPC: 3.348 cumulative IPC: 3.387 (Simulation time: 05 hr 10 min 27 sec)
Heartbeat CPU 6 instructions: 230000058 cycles: 65314226 heartbeat IPC: 3.351 cumulative IPC: 3.193 (Simulation time: 05 hr 10 min 29 sec)
Heartbeat CPU 15 instructions: 240000059 cycles: 65328872 heartbeat IPC: 3.508 cumulative IPC: 3.554 (Simulation time: 05 hr 10 min 34 sec)
Heartbeat CPU 9 instructions: 230000052 cycles: 65339222 heartbeat IPC: 3.36 cumulative IPC: 3.191 (Simulation time: 05 hr 10 min 37 sec)
Heartbeat CPU 7 instructions: 270000066 cycles: 65988331 heartbeat IPC: 4.038 cumulative IPC: 4.039 (Simulation time: 05 hr 13 min 59 sec)
Heartbeat CPU 5 instructions: 240000060 cycles: 66636279 heartbeat IPC: 3.679 cumulative IPC: 3.469 (Simulation time: 05 hr 17 min 13 sec)
Heartbeat CPU 3 instructions: 190000036 cycles: 67491467 heartbeat IPC: 2.551 cumulative IPC: 2.62 (Simulation time: 05 hr 21 min 21 sec)
Heartbeat CPU 4 instructions: 220000043 cycles: 67686236 heartbeat IPC: 3.336 cumulative IPC: 3.048 (Simulation time: 05 hr 22 min 17 sec)
Heartbeat CPU 14 instructions: 220000045 cycles: 67695916 heartbeat IPC: 3.337 cumulative IPC: 3.048 (Simulation time: 05 hr 22 min 20 sec)
Heartbeat CPU 2 instructions: 220000045 cycles: 67696126 heartbeat IPC: 3.337 cumulative IPC: 3.048 (Simulation time: 05 hr 22 min 20 sec)
Heartbeat CPU 15 instructions: 250000061 cycles: 67970665 heartbeat IPC: 3.785 cumulative IPC: 3.565 (Simulation time: 05 hr 23 min 41 sec)
Heartbeat CPU 13 instructions: 200000046 cycles: 68032185 heartbeat IPC: 2.61 cumulative IPC: 2.57 (Simulation time: 05 hr 23 min 59 sec)
Heartbeat CPU 10 instructions: 240000054 cycles: 68294978 heartbeat IPC: 3.348 cumulative IPC: 3.385 (Simulation time: 05 hr 25 min 16 sec)
Heartbeat CPU 11 instructions: 240000054 cycles: 68295649 heartbeat IPC: 3.347 cumulative IPC: 3.385 (Simulation time: 05 hr 25 min 16 sec)
Heartbeat CPU 6 instructions: 240000062 cycles: 68368402 heartbeat IPC: 3.274 cumulative IPC: 3.197 (Simulation time: 05 hr 25 min 37 sec)
Heartbeat CPU 9 instructions: 240000052 cycles: 68397904 heartbeat IPC: 3.269 cumulative IPC: 3.195 (Simulation time: 05 hr 25 min 45 sec)
Heartbeat CPU 7 instructions: 280000066 cycles: 68462359 heartbeat IPC: 4.042 cumulative IPC: 4.039 (Simulation time: 05 hr 26 min 04 sec)
Heartbeat CPU 1 instructions: 220000055 cycles: 68478528 heartbeat IPC: 2.839 cumulative IPC: 2.903 (Simulation time: 05 hr 26 min 09 sec)
Heartbeat CPU 12 instructions: 210000045 cycles: 68552313 heartbeat IPC: 2.89 cumulative IPC: 2.889 (Simulation time: 05 hr 26 min 30 sec)
Heartbeat CPU 5 instructions: 250000064 cycles: 69396155 heartbeat IPC: 3.623 cumulative IPC: 3.477 (Simulation time: 05 hr 30 min 41 sec)
Simulation finished CPU 15 instructions: 200000001 cycles: 56079480 cumulative IPC: 3.566 (Simulation time: 05 hr 34 min 19 sec)
Heartbeat CPU 15 instructions: 260000063 cycles: 70750938 heartbeat IPC: 3.597 cumulative IPC: 3.567 (Simulation time: 05 hr 37 min 21 sec)
Heartbeat CPU 4 instructions: 230000047 cycles: 70755978 heartbeat IPC: 3.258 cumulative IPC: 3.059 (Simulation time: 05 hr 37 min 22 sec)
Heartbeat CPU 14 instructions: 230000047 cycles: 70766024 heartbeat IPC: 3.257 cumulative IPC: 3.059 (Simulation time: 05 hr 37 min 25 sec)
Heartbeat CPU 2 instructions: 230000047 cycles: 70766238 heartbeat IPC: 3.257 cumulative IPC: 3.059 (Simulation time: 05 hr 37 min 25 sec)
Heartbeat CPU 7 instructions: 290000068 cycles: 70935739 heartbeat IPC: 4.043 cumulative IPC: 4.039 (Simulation time: 05 hr 38 min 17 sec)
Heartbeat CPU 8 instructions: 170000040 cycles: 71059922 heartbeat IPC: 1.735 cumulative IPC: 2.021 (Simulation time: 05 hr 38 min 55 sec)
Heartbeat CPU 3 instructions: 200000039 cycles: 71286837 heartbeat IPC: 2.635 cumulative IPC: 2.621 (Simulation time: 05 hr 40 min 02 sec)
Heartbeat CPU 10 instructions: 250000054 cycles: 71298463 heartbeat IPC: 3.329 cumulative IPC: 3.382 (Simulation time: 05 hr 40 min 06 sec)
Heartbeat CPU 11 instructions: 250000054 cycles: 71299348 heartbeat IPC: 3.329 cumulative IPC: 3.382 (Simulation time: 05 hr 40 min 06 sec)
Heartbeat CPU 6 instructions: 250000067 cycles: 71336144 heartbeat IPC: 3.37 cumulative IPC: 3.206 (Simulation time: 05 hr 40 min 16 sec)
Heartbeat CPU 9 instructions: 250000052 cycles: 71375282 heartbeat IPC: 3.359 cumulative IPC: 3.204 (Simulation time: 05 hr 40 min 28 sec)
Simulation finished CPU 5 instructions: 200000002 cycles: 57424292 cumulative IPC: 3.483 (Simulation time: 05 hr 40 min 57 sec)
Heartbeat CPU 13 instructions: 210000050 cycles: 71871372 heartbeat IPC: 2.605 cumulative IPC: 2.572 (Simulation time: 05 hr 42 min 52 sec)
Heartbeat CPU 1 instructions: 230000056 cycles: 71943521 heartbeat IPC: 2.886 cumulative IPC: 2.902 (Simulation time: 05 hr 43 min 13 sec)
Heartbeat CPU 12 instructions: 220000046 cycles: 72011947 heartbeat IPC: 2.89 cumulative IPC: 2.889 (Simulation time: 05 hr 43 min 34 sec)
Heartbeat CPU 5 instructions: 260000064 cycles: 72166971 heartbeat IPC: 3.609 cumulative IPC: 3.483 (Simulation time: 05 hr 44 min 19 sec)
Heartbeat CPU 0 instructions: 130000026 cycles: 72319260 heartbeat IPC: 1.133 cumulative IPC: 1.282 (Simulation time: 05 hr 45 min 03 sec)
Simulation finished CPU 10 instructions: 200000000 cycles: 59127974 cumulative IPC: 3.382 (Simulation time: 05 hr 49 min 20 sec)
Simulation finished CPU 11 instructions: 200000004 cycles: 59128839 cumulative IPC: 3.382 (Simulation time: 05 hr 49 min 21 sec)
Heartbeat CPU 15 instructions: 270000066 cycles: 73400254 heartbeat IPC: 3.775 cumulative IPC: 3.576 (Simulation time: 05 hr 50 min 27 sec)
Heartbeat CPU 7 instructions: 300000073 cycles: 73410224 heartbeat IPC: 4.041 cumulative IPC: 4.039 (Simulation time: 05 hr 50 min 30 sec)
Heartbeat CPU 4 instructions: 240000051 cycles: 73530933 heartbeat IPC: 3.604 cumulative IPC: 3.085 (Simulation time: 05 hr 51 min 06 sec)
Heartbeat CPU 2 instructions: 240000051 cycles: 73541085 heartbeat IPC: 3.604 cumulative IPC: 3.085 (Simulation time: 05 hr 51 min 08 sec)
Heartbeat CPU 14 instructions: 240000051 cycles: 73541189 heartbeat IPC: 3.603 cumulative IPC: 3.085 (Simulation time: 05 hr 51 min 08 sec)
Heartbeat CPU 10 instructions: 260000054 cycles: 74251466 heartbeat IPC: 3.386 cumulative IPC: 3.382 (Simulation time: 05 hr 54 min 30 sec)
Heartbeat CPU 11 instructions: 260000054 cycles: 74252095 heartbeat IPC: 3.387 cumulative IPC: 3.382 (Simulation time: 05 hr 54 min 30 sec)
Heartbeat CPU 6 instructions: 260000068 cycles: 74361551 heartbeat IPC: 3.305 cumulative IPC: 3.211 (Simulation time: 05 hr 55 min 01 sec)
Heartbeat CPU 9 instructions: 260000052 cycles: 74400337 heartbeat IPC: 3.306 cumulative IPC: 3.209 (Simulation time: 05 hr 55 min 12 sec)
Heartbeat CPU 5 instructions: 270000066 cycles: 75009196 heartbeat IPC: 3.518 cumulative IPC: 3.485 (Simulation time: 05 hr 58 min 09 sec)
Heartbeat CPU 3 instructions: 210000039 cycles: 75073863 heartbeat IPC: 2.641 cumulative IPC: 2.622 (Simulation time: 05 hr 58 min 28 sec)
Heartbeat CPU 1 instructions: 240000058 cycles: 75448117 heartbeat IPC: 2.853 cumulative IPC: 2.899 (Simulation time: 06 hr 00 min 20 sec)
Heartbeat CPU 12 instructions: 230000047 cycles: 75471661 heartbeat IPC: 2.89 cumulative IPC: 2.889 (Simulation time: 06 hr 00 min 27 sec)
Heartbeat CPU 13 instructions: 220000055 cycles: 75708524 heartbeat IPC: 2.606 cumulative IPC: 2.574 (Simulation time: 06 hr 01 min 33 sec)
Heartbeat CPU 7 instructions: 310000077 cycles: 75885359 heartbeat IPC: 4.04 cumulative IPC: 4.039 (Simulation time: 06 hr 02 min 24 sec)
Heartbeat CPU 15 instructions: 280000070 cycles: 76166170 heartbeat IPC: 3.615 cumulative IPC: 3.578 (Simulation time: 06 hr 03 min 47 sec)
Simulation finished CPU 6 instructions: 200000001 cycles: 62199264 cumulative IPC: 3.215 (Simulation time: 06 hr 04 min 11 sec)
Simulation finished CPU 9 instructions: 200000004 cycles: 62233218 cumulative IPC: 3.214 (Simulation time: 06 hr 04 min 21 sec)
Heartbeat CPU 4 instructions: 250000052 cycles: 76857269 heartbeat IPC: 3.006 cumulative IPC: 3.08 (Simulation time: 06 hr 07 min 08 sec)
Heartbeat CPU 2 instructions: 250000052 cycles: 76867379 heartbeat IPC: 3.006 cumulative IPC: 3.08 (Simulation time: 06 hr 07 min 11 sec)
Heartbeat CPU 14 instructions: 250000052 cycles: 76867487 heartbeat IPC: 3.006 cumulative IPC: 3.08 (Simulation time: 06 hr 07 min 11 sec)
Heartbeat CPU 10 instructions: 270000055 cycles: 77207292 heartbeat IPC: 3.383 cumulative IPC: 3.382 (Simulation time: 06 hr 08 min 52 sec)
Heartbeat CPU 11 instructions: 270000055 cycles: 77208109 heartbeat IPC: 3.383 cumulative IPC: 3.382 (Simulation time: 06 hr 08 min 52 sec)
Heartbeat CPU 6 instructions: 270000069 cycles: 77328226 heartbeat IPC: 3.371 cumulative IPC: 3.219 (Simulation time: 06 hr 09 min 26 sec)
Heartbeat CPU 9 instructions: 270000057 cycles: 77357685 heartbeat IPC: 3.381 cumulative IPC: 3.217 (Simulation time: 06 hr 09 min 35 sec)
Heartbeat CPU 5 instructions: 280000069 cycles: 77787711 heartbeat IPC: 3.599 cumulative IPC: 3.49 (Simulation time: 06 hr 11 min 38 sec)
Heartbeat CPU 7 instructions: 320000077 cycles: 78358079 heartbeat IPC: 4.044 cumulative IPC: 4.039 (Simulation time: 06 hr 14 min 26 sec)
Heartbeat CPU 15 instructions: 290000071 cycles: 78786813 heartbeat IPC: 3.816 cumulative IPC: 3.587 (Simulation time: 06 hr 16 min 32 sec)
Heartbeat CPU 1 instructions: 250000060 cycles: 78873594 heartbeat IPC: 2.919 cumulative IPC: 2.9 (Simulation time: 06 hr 16 min 57 sec)
Heartbeat CPU 3 instructions: 220000043 cycles: 78909836 heartbeat IPC: 2.607 cumulative IPC: 2.621 (Simulation time: 06 hr 17 min 07 sec)
Heartbeat CPU 12 instructions: 240000049 cycles: 78931369 heartbeat IPC: 2.89 cumulative IPC: 2.889 (Simulation time: 06 hr 17 min 13 sec)
Simulation finished CPU 14 instructions: 200000000 cycles: 65036512 cumulative IPC: 3.075 (Simulation time: 06 hr 17 min 59 sec)
Simulation finished CPU 2 instructions: 200000001 cycles: 65036575 cumulative IPC: 3.075 (Simulation time: 06 hr 17 min 59 sec)
Simulation finished CPU 4 instructions: 200000004 cycles: 65038948 cumulative IPC: 3.075 (Simulation time: 06 hr 17 min 59 sec)
Heartbeat CPU 8 instructions: 180000041 cycles: 79265372 heartbeat IPC: 1.219 cumulative IPC: 1.92 (Simulation time: 06 hr 18 min 50 sec)
Heartbeat CPU 13 instructions: 230000057 cycles: 79568493 heartbeat IPC: 2.591 cumulative IPC: 2.575 (Simulation time: 06 hr 20 min 17 sec)
Heartbeat CPU 0 instructions: 140000026 cycles: 80159844 heartbeat IPC: 1.275 cumulative IPC: 1.281 (Simulation time: 06 hr 23 min 11 sec)
Heartbeat CPU 10 instructions: 280000056 cycles: 80181373 heartbeat IPC: 3.362 cumulative IPC: 3.381 (Simulation time: 06 hr 23 min 17 sec)
Heartbeat CPU 11 instructions: 280000056 cycles: 80182605 heartbeat IPC: 3.362 cumulative IPC: 3.381 (Simulation time: 06 hr 23 min 18 sec)
Heartbeat CPU 4 instructions: 260000054 cycles: 80275442 heartbeat IPC: 2.926 cumulative IPC: 3.072 (Simulation time: 06 hr 23 min 44 sec)
Heartbeat CPU 14 instructions: 260000054 cycles: 80285455 heartbeat IPC: 2.926 cumulative IPC: 3.072 (Simulation time: 06 hr 23 min 47 sec)
Heartbeat CPU 2 instructions: 260000054 cycles: 80285500 heartbeat IPC: 2.926 cumulative IPC: 3.072 (Simulation time: 06 hr 23 min 47 sec)
Heartbeat CPU 6 instructions: 280000070 cycles: 80309577 heartbeat IPC: 3.354 cumulative IPC: 3.225 (Simulation time: 06 hr 23 min 54 sec)
Heartbeat CPU 9 instructions: 280000058 cycles: 80344991 heartbeat IPC: 3.347 cumulative IPC: 3.223 (Simulation time: 06 hr 24 min 04 sec)
Heartbeat CPU 5 instructions: 290000074 cycles: 80470896 heartbeat IPC: 3.727 cumulative IPC: 3.499 (Simulation time: 06 hr 24 min 40 sec)
Heartbeat CPU 7 instructions: 330000078 cycles: 80831778 heartbeat IPC: 4.043 cumulative IPC: 4.04 (Simulation time: 06 hr 26 min 25 sec)
Heartbeat CPU 15 instructions: 300000073 cycles: 81514727 heartbeat IPC: 3.666 cumulative IPC: 3.591 (Simulation time: 06 hr 29 min 46 sec)
Heartbeat CPU 1 instructions: 260000062 cycles: 82320886 heartbeat IPC: 2.901 cumulative IPC: 2.9 (Simulation time: 06 hr 33 min 39 sec)
Heartbeat CPU 12 instructions: 250000052 cycles: 82391067 heartbeat IPC: 2.89 cumulative IPC: 2.889 (Simulation time: 06 hr 34 min 00 sec)
Heartbeat CPU 3 instructions: 230000046 cycles: 82628923 heartbeat IPC: 2.689 cumulative IPC: 2.625 (Simulation time: 06 hr 35 min 09 sec)
Simulation finished CPU 1 instructions: 200000005 cycles: 68959785 cumulative IPC: 2.9 (Simulation time: 06 hr 37 min 01 sec)
Heartbeat CPU 10 instructions: 290000060 cycles: 83140852 heartbeat IPC: 3.379 cumulative IPC: 3.381 (Simulation time: 06 hr 37 min 39 sec)
Heartbeat CPU 11 instructions: 290000060 cycles: 83141919 heartbeat IPC: 3.379 cumulative IPC: 3.381 (Simulation time: 06 hr 37 min 40 sec)
Heartbeat CPU 5 instructions: 300000077 cycles: 83159828 heartbeat IPC: 3.719 cumulative IPC: 3.508 (Simulation time: 06 hr 37 min 45 sec)
Heartbeat CPU 6 instructions: 290000072 cycles: 83263234 heartbeat IPC: 3.386 cumulative IPC: 3.232 (Simulation time: 06 hr 38 min 15 sec)
Simulation finished CPU 12 instructions: 200000005 cycles: 69225150 cumulative IPC: 2.889 (Simulation time: 06 hr 38 min 19 sec)
Heartbeat CPU 7 instructions: 340000079 cycles: 83308208 heartbeat IPC: 4.038 cumulative IPC: 4.039 (Simulation time: 06 hr 38 min 28 sec)
Heartbeat CPU 9 instructions: 290000062 cycles: 83308720 heartbeat IPC: 3.374 cumulative IPC: 3.229 (Simulation time: 06 hr 38 min 28 sec)
Heartbeat CPU 13 instructions: 240000060 cycles: 83472646 heartbeat IPC: 2.561 cumulative IPC: 2.574 (Simulation time: 06 hr 39 min 14 sec)
Heartbeat CPU 4 instructions: 270000058 cycles: 83643497 heartbeat IPC: 2.969 cumulative IPC: 3.067 (Simulation time: 06 hr 40 min 03 sec)
Heartbeat CPU 14 instructions: 270000058 cycles: 83653482 heartbeat IPC: 2.969 cumulative IPC: 3.067 (Simulation time: 06 hr 40 min 05 sec)
Heartbeat CPU 2 instructions: 270000058 cycles: 83653582 heartbeat IPC: 2.969 cumulative IPC: 3.067 (Simulation time: 06 hr 40 min 05 sec)
Heartbeat CPU 15 instructions: 310000075 cycles: 84221235 heartbeat IPC: 3.695 cumulative IPC: 3.595 (Simulation time: 06 hr 42 min 49 sec)
Heartbeat CPU 1 instructions: 270000064 cycles: 85737087 heartbeat IPC: 2.927 cumulative IPC: 2.901 (Simulation time: 06 hr 50 min 12 sec)
Heartbeat CPU 7 instructions: 350000084 cycles: 85784533 heartbeat IPC: 4.038 cumulative IPC: 4.039 (Simulation time: 06 hr 50 min 26 sec)
Heartbeat CPU 12 instructions: 260000052 cycles: 85850757 heartbeat IPC: 2.89 cumulative IPC: 2.889 (Simulation time: 06 hr 50 min 47 sec)
Heartbeat CPU 5 instructions: 310000078 cycles: 85876872 heartbeat IPC: 3.68 cumulative IPC: 3.514 (Simulation time: 06 hr 50 min 55 sec)
Heartbeat CPU 10 instructions: 300000065 cycles: 86120732 heartbeat IPC: 3.356 cumulative IPC: 3.38 (Simulation time: 06 hr 52 min 08 sec)
Heartbeat CPU 11 instructions: 300000065 cycles: 86122084 heartbeat IPC: 3.356 cumulative IPC: 3.38 (Simulation time: 06 hr 52 min 09 sec)
Heartbeat CPU 6 instructions: 300000073 cycles: 86190787 heartbeat IPC: 3.416 cumulative IPC: 3.239 (Simulation time: 06 hr 52 min 30 sec)
Heartbeat CPU 9 instructions: 300000067 cycles: 86241349 heartbeat IPC: 3.41 cumulative IPC: 3.237 (Simulation time: 06 hr 52 min 45 sec)
Heartbeat CPU 3 instructions: 240000046 cycles: 86539626 heartbeat IPC: 2.557 cumulative IPC: 2.621 (Simulation time: 06 hr 54 min 15 sec)
Heartbeat CPU 15 instructions: 320000077 cycles: 86796761 heartbeat IPC: 3.883 cumulative IPC: 3.605 (Simulation time: 06 hr 55 min 31 sec)
Heartbeat CPU 4 instructions: 280000063 cycles: 86923793 heartbeat IPC: 3.049 cumulative IPC: 3.067 (Simulation time: 06 hr 56 min 08 sec)
Heartbeat CPU 2 instructions: 280000063 cycles: 86933592 heartbeat IPC: 3.049 cumulative IPC: 3.067 (Simulation time: 06 hr 56 min 11 sec)
Heartbeat CPU 14 instructions: 280000063 cycles: 86933772 heartbeat IPC: 3.049 cumulative IPC: 3.067 (Simulation time: 06 hr 56 min 11 sec)
Heartbeat CPU 0 instructions: 150000029 cycles: 87286077 heartbeat IPC: 1.403 cumulative IPC: 1.293 (Simulation time: 06 hr 57 min 56 sec)
Heartbeat CPU 13 instructions: 250000062 cycles: 87322479 heartbeat IPC: 2.598 cumulative IPC: 2.576 (Simulation time: 06 hr 58 min 06 sec)
Heartbeat CPU 7 instructions: 360000087 cycles: 88262096 heartbeat IPC: 4.036 cumulative IPC: 4.039 (Simulation time: 07 hr 02 min 40 sec)
Heartbeat CPU 5 instructions: 320000083 cycles: 88659375 heartbeat IPC: 3.594 cumulative IPC: 3.517 (Simulation time: 07 hr 04 min 35 sec)
Heartbeat CPU 6 instructions: 310000075 cycles: 89070478 heartbeat IPC: 3.473 cumulative IPC: 3.248 (Simulation time: 07 hr 06 min 40 sec)
Heartbeat CPU 11 instructions: 310000068 cycles: 89106225 heartbeat IPC: 3.351 cumulative IPC: 3.379 (Simulation time: 07 hr 06 min 51 sec)
Heartbeat CPU 10 instructions: 310000068 cycles: 89106272 heartbeat IPC: 3.349 cumulative IPC: 3.379 (Simulation time: 07 hr 06 min 51 sec)
Heartbeat CPU 9 instructions: 310000069 cycles: 89123214 heartbeat IPC: 3.47 cumulative IPC: 3.246 (Simulation time: 07 hr 06 min 56 sec)
Heartbeat CPU 1 instructions: 280000065 cycles: 89162110 heartbeat IPC: 2.92 cumulative IPC: 2.902 (Simulation time: 07 hr 07 min 08 sec)
Heartbeat CPU 8 instructions: 190000042 cycles: 89165722 heartbeat IPC: 1.01 cumulative IPC: 1.8 (Simulation time: 07 hr 07 min 09 sec)
Heartbeat CPU 12 instructions: 270000054 cycles: 89310488 heartbeat IPC: 2.89 cumulative IPC: 2.889 (Simulation time: 07 hr 07 min 51 sec)
Heartbeat CPU 15 instructions: 330000077 cycles: 89459805 heartbeat IPC: 3.755 cumulative IPC: 3.61 (Simulation time: 07 hr 08 min 36 sec)
Heartbeat CPU 4 instructions: 290000063 cycles: 90189227 heartbeat IPC: 3.062 cumulative IPC: 3.066 (Simulation time: 07 hr 12 min 16 sec)
Heartbeat CPU 2 instructions: 290000063 cycles: 90198881 heartbeat IPC: 3.063 cumulative IPC: 3.066 (Simulation time: 07 hr 12 min 19 sec)
Heartbeat CPU 14 instructions: 290000063 cycles: 90199055 heartbeat IPC: 3.063 cumulative IPC: 3.066 (Simulation time: 07 hr 12 min 19 sec)
Simulation finished CPU 3 instructions: 200000005 cycles: 76196192 cumulative IPC: 2.625 (Simulation time: 07 hr 12 min 35 sec)
Heartbeat CPU 3 instructions: 250000046 cycles: 90248800 heartbeat IPC: 2.696 cumulative IPC: 2.625 (Simulation time: 07 hr 12 min 35 sec)
Heartbeat CPU 7 instructions: 370000090 cycles: 90738562 heartbeat IPC: 4.038 cumulative IPC: 4.039 (Simulation time: 07 hr 14 min 59 sec)
Heartbeat CPU 13 instructions: 260000064 cycles: 91120438 heartbeat IPC: 2.633 cumulative IPC: 2.578 (Simulation time: 07 hr 16 min 54 sec)
Heartbeat CPU 5 instructions: 330000085 cycles: 91466168 heartbeat IPC: 3.563 cumulative IPC: 3.519 (Simulation time: 07 hr 18 min 37 sec)
Simulation finished CPU 13 instructions: 200000001 cycles: 77560930 cumulative IPC: 2.579 (Simulation time: 07 hr 19 min 20 sec)
Heartbeat CPU 6 instructions: 320000078 cycles: 91963563 heartbeat IPC: 3.457 cumulative IPC: 3.256 (Simulation time: 07 hr 21 min 03 sec)
Heartbeat CPU 9 instructions: 320000074 cycles: 92017785 heartbeat IPC: 3.455 cumulative IPC: 3.253 (Simulation time: 07 hr 21 min 19 sec)
Heartbeat CPU 15 instructions: 340000077 cycles: 92072779 heartbeat IPC: 3.827 cumulative IPC: 3.617 (Simulation time: 07 hr 21 min 36 sec)
Heartbeat CPU 11 instructions: 320000071 cycles: 92095119 heartbeat IPC: 3.346 cumulative IPC: 3.377 (Simulation time: 07 hr 21 min 42 sec)
Heartbeat CPU 10 instructions: 320000071 cycles: 92095520 heartbeat IPC: 3.345 cumulative IPC: 3.377 (Simulation time: 07 hr 21 min 42 sec)
Heartbeat CPU 1 instructions: 290000068 cycles: 92609865 heartbeat IPC: 2.9 cumulative IPC: 2.902 (Simulation time: 07 hr 24 min 15 sec)
Heartbeat CPU 12 instructions: 280000059 cycles: 92770181 heartbeat IPC: 2.89 cumulative IPC: 2.889 (Simulation time: 07 hr 25 min 03 sec)
Heartbeat CPU 7 instructions: 380000095 cycles: 93215207 heartbeat IPC: 4.038 cumulative IPC: 4.039 (Simulation time: 07 hr 27 min 16 sec)
Heartbeat CPU 4 instructions: 300000065 cycles: 93431033 heartbeat IPC: 3.085 cumulative IPC: 3.067 (Simulation time: 07 hr 28 min 20 sec)
Heartbeat CPU 2 instructions: 300000065 cycles: 93440883 heartbeat IPC: 3.085 cumulative IPC: 3.067 (Simulation time: 07 hr 28 min 23 sec)
Heartbeat CPU 14 instructions: 300000065 cycles: 93440945 heartbeat IPC: 3.085 cumulative IPC: 3.067 (Simulation time: 07 hr 28 min 23 sec)
Heartbeat CPU 0 instructions: 160000029 cycles: 93670067 heartbeat IPC: 1.566 cumulative IPC: 1.315 (Simulation time: 07 hr 29 min 34 sec)
Heartbeat CPU 3 instructions: 260000048 cycles: 94031738 heartbeat IPC: 2.643 cumulative IPC: 2.626 (Simulation time: 07 hr 31 min 22 sec)
Heartbeat CPU 5 instructions: 340000086 cycles: 94186388 heartbeat IPC: 3.676 cumulative IPC: 3.524 (Simulation time: 07 hr 32 min 08 sec)
Heartbeat CPU 15 instructions: 350000081 cycles: 94635419 heartbeat IPC: 3.902 cumulative IPC: 3.626 (Simulation time: 07 hr 34 min 18 sec)
Heartbeat CPU 6 instructions: 330000082 cycles: 94835965 heartbeat IPC: 3.481 cumulative IPC: 3.264 (Simulation time: 07 hr 35 min 17 sec)
Heartbeat CPU 9 instructions: 330000076 cycles: 94894542 heartbeat IPC: 3.476 cumulative IPC: 3.261 (Simulation time: 07 hr 35 min 35 sec)
Heartbeat CPU 11 instructions: 330000073 cycles: 95053886 heartbeat IPC: 3.38 cumulative IPC: 3.378 (Simulation time: 07 hr 36 min 23 sec)
Heartbeat CPU 10 instructions: 330000073 cycles: 95054739 heartbeat IPC: 3.379 cumulative IPC: 3.378 (Simulation time: 07 hr 36 min 23 sec)
Heartbeat CPU 13 instructions: 270000067 cycles: 95101705 heartbeat IPC: 2.512 cumulative IPC: 2.575 (Simulation time: 07 hr 36 min 37 sec)
Heartbeat CPU 7 instructions: 390000095 cycles: 95689364 heartbeat IPC: 4.042 cumulative IPC: 4.039 (Simulation time: 07 hr 39 min 35 sec)
Heartbeat CPU 1 instructions: 300000071 cycles: 96039472 heartbeat IPC: 2.916 cumulative IPC: 2.903 (Simulation time: 07 hr 41 min 18 sec)
Heartbeat CPU 12 instructions: 290000064 cycles: 96230040 heartbeat IPC: 2.89 cumulative IPC: 2.889 (Simulation time: 07 hr 42 min 12 sec)
Heartbeat CPU 4 instructions: 310000070 cycles: 96609943 heartbeat IPC: 3.146 cumulative IPC: 3.07 (Simulation time: 07 hr 44 min 01 sec)
Heartbeat CPU 14 instructions: 310000070 cycles: 96620128 heartbeat IPC: 3.145 cumulative IPC: 3.07 (Simulation time: 07 hr 44 min 04 sec)
Heartbeat CPU 2 instructions: 310000070 cycles: 96620321 heartbeat IPC: 3.145 cumulative IPC: 3.07 (Simulation time: 07 hr 44 min 04 sec)
Heartbeat CPU 5 instructions: 350000089 cycles: 97270189 heartbeat IPC: 3.243 cumulative IPC: 3.514 (Simulation time: 07 hr 47 min 15 sec)
Heartbeat CPU 15 instructions: 360000084 cycles: 97392947 heartbeat IPC: 3.626 cumulative IPC: 3.626 (Simulation time: 07 hr 47 min 52 sec)
Heartbeat CPU 6 instructions: 340000083 cycles: 97753333 heartbeat IPC: 3.428 cumulative IPC: 3.27 (Simulation time: 07 hr 49 min 39 sec)
Heartbeat CPU 9 instructions: 340000077 cycles: 97800656 heartbeat IPC: 3.441 cumulative IPC: 3.268 (Simulation time: 07 hr 49 min 54 sec)
Heartbeat CPU 3 instructions: 270000050 cycles: 97840419 heartbeat IPC: 2.626 cumulative IPC: 2.626 (Simulation time: 07 hr 50 min 06 sec)
Heartbeat CPU 11 instructions: 340000078 cycles: 98009559 heartbeat IPC: 3.383 cumulative IPC: 3.378 (Simulation time: 07 hr 50 min 57 sec)
Heartbeat CPU 10 instructions: 340000078 cycles: 98010664 heartbeat IPC: 3.383 cumulative IPC: 3.378 (Simulation time: 07 hr 50 min 58 sec)
Heartbeat CPU 8 instructions: 200000047 cycles: 98081944 heartbeat IPC: 1.122 cumulative IPC: 1.728 (Simulation time: 07 hr 51 min 19 sec)
Heartbeat CPU 7 instructions: 400000099 cycles: 98162245 heartbeat IPC: 4.044 cumulative IPC: 4.039 (Simulation time: 07 hr 51 min 43 sec)
Heartbeat CPU 13 instructions: 280000068 cycles: 99092230 heartbeat IPC: 2.506 cumulative IPC: 2.572 (Simulation time: 07 hr 56 min 25 sec)
Heartbeat CPU 1 instructions: 310000072 cycles: 99535388 heartbeat IPC: 2.86 cumulative IPC: 2.901 (Simulation time: 07 hr 58 min 38 sec)
Heartbeat CPU 4 instructions: 320000074 cycles: 99546023 heartbeat IPC: 3.406 cumulative IPC: 3.082 (Simulation time: 07 hr 58 min 41 sec)
Heartbeat CPU 14 instructions: 320000074 cycles: 99555816 heartbeat IPC: 3.406 cumulative IPC: 3.082 (Simulation time: 07 hr 58 min 44 sec)
Heartbeat CPU 2 instructions: 320000074 cycles: 99556469 heartbeat IPC: 3.406 cumulative IPC: 3.082 (Simulation time: 07 hr 58 min 44 sec)
Heartbeat CPU 12 instructions: 300000065 cycles: 99699830 heartbeat IPC: 2.882 cumulative IPC: 2.889 (Simulation time: 07 hr 59 min 28 sec)
Heartbeat CPU 15 instructions: 370000086 cycles: 100111394 heartbeat IPC: 3.679 cumulative IPC: 3.628 (Simulation time: 08 hr 01 min 33 sec)
Heartbeat CPU 5 instructions: 360000093 cycles: 100218769 heartbeat IPC: 3.391 cumulative IPC: 3.51 (Simulation time: 08 hr 02 min 05 sec)
Heartbeat CPU 6 instructions: 350000084 cycles: 100634565 heartbeat IPC: 3.471 cumulative IPC: 3.276 (Simulation time: 08 hr 04 min 09 sec)
Heartbeat CPU 7 instructions: 410000101 cycles: 100636018 heartbeat IPC: 4.042 cumulative IPC: 4.04 (Simulation time: 08 hr 04 min 09 sec)
Heartbeat CPU 9 instructions: 350000080 cycles: 100682598 heartbeat IPC: 3.47 cumulative IPC: 3.274 (Simulation time: 08 hr 04 min 23 sec)
Heartbeat CPU 11 instructions: 350000080 cycles: 100982487 heartbeat IPC: 3.364 cumulative IPC: 3.377 (Simulation time: 08 hr 05 min 52 sec)
Heartbeat CPU 10 instructions: 350000080 cycles: 100982758 heartbeat IPC: 3.365 cumulative IPC: 3.377 (Simulation time: 08 hr 05 min 52 sec)
Heartbeat CPU 3 instructions: 280000050 cycles: 101732494 heartbeat IPC: 2.569 cumulative IPC: 2.623 (Simulation time: 08 hr 09 min 32 sec)
Heartbeat CPU 0 instructions: 170000030 cycles: 102404571 heartbeat IPC: 1.145 cumulative IPC: 1.298 (Simulation time: 08 hr 12 min 51 sec)
Heartbeat CPU 4 instructions: 330000077 cycles: 102618143 heartbeat IPC: 3.255 cumulative IPC: 3.088 (Simulation time: 08 hr 13 min 50 sec)
Heartbeat CPU 14 instructions: 330000077 cycles: 102627292 heartbeat IPC: 3.256 cumulative IPC: 3.088 (Simulation time: 08 hr 13 min 52 sec)
Heartbeat CPU 2 instructions: 330000077 cycles: 102628470 heartbeat IPC: 3.255 cumulative IPC: 3.088 (Simulation time: 08 hr 13 min 53 sec)
Heartbeat CPU 13 instructions: 290000072 cycles: 103037325 heartbeat IPC: 2.535 cumulative IPC: 2.57 (Simulation time: 08 hr 15 min 43 sec)
Heartbeat CPU 1 instructions: 320000076 cycles: 103065486 heartbeat IPC: 2.833 cumulative IPC: 2.898 (Simulation time: 08 hr 15 min 50 sec)
Heartbeat CPU 5 instructions: 370000095 cycles: 103078336 heartbeat IPC: 3.497 cumulative IPC: 3.509 (Simulation time: 08 hr 15 min 54 sec)
Heartbeat CPU 7 instructions: 420000101 cycles: 103110518 heartbeat IPC: 4.041 cumulative IPC: 4.04 (Simulation time: 08 hr 16 min 02 sec)
Heartbeat CPU 15 instructions: 380000090 cycles: 103121810 heartbeat IPC: 3.322 cumulative IPC: 3.618 (Simulation time: 08 hr 16 min 05 sec)
Heartbeat CPU 12 instructions: 310000067 cycles: 103184685 heartbeat IPC: 2.87 cumulative IPC: 2.888 (Simulation time: 08 hr 16 min 23 sec)
Heartbeat CPU 6 instructions: 360000087 cycles: 103551915 heartbeat IPC: 3.428 cumulative IPC: 3.281 (Simulation time: 08 hr 18 min 04 sec)
Heartbeat CPU 9 instructions: 360000081 cycles: 103598190 heartbeat IPC: 3.43 cumulative IPC: 3.279 (Simulation time: 08 hr 18 min 17 sec)
Heartbeat CPU 11 instructions: 360000085 cycles: 103919166 heartbeat IPC: 3.405 cumulative IPC: 3.378 (Simulation time: 08 hr 19 min 48 sec)
Heartbeat CPU 10 instructions: 360000085 cycles: 103919891 heartbeat IPC: 3.405 cumulative IPC: 3.378 (Simulation time: 08 hr 19 min 49 sec)
Heartbeat CPU 7 instructions: 430000102 cycles: 105586697 heartbeat IPC: 4.038 cumulative IPC: 4.04 (Simulation time: 08 hr 27 min 52 sec)
Heartbeat CPU 4 instructions: 340000079 cycles: 105874318 heartbeat IPC: 3.071 cumulative IPC: 3.087 (Simulation time: 08 hr 29 min 15 sec)
Heartbeat CPU 14 instructions: 340000079 cycles: 105883528 heartbeat IPC: 3.071 cumulative IPC: 3.087 (Simulation time: 08 hr 29 min 18 sec)
Heartbeat CPU 2 instructions: 340000079 cycles: 105884815 heartbeat IPC: 3.071 cumulative IPC: 3.087 (Simulation time: 08 hr 29 min 18 sec)
Heartbeat CPU 15 instructions: 390000092 cycles: 105984265 heartbeat IPC: 3.494 cumulative IPC: 3.614 (Simulation time: 08 hr 29 min 48 sec)
Heartbeat CPU 5 instructions: 380000095 cycles: 106038351 heartbeat IPC: 3.378 cumulative IPC: 3.505 (Simulation time: 08 hr 30 min 04 sec)
Heartbeat CPU 6 instructions: 370000088 cycles: 106417958 heartbeat IPC: 3.489 cumulative IPC: 3.288 (Simulation time: 08 hr 32 min 00 sec)
Heartbeat CPU 9 instructions: 370000082 cycles: 106464737 heartbeat IPC: 3.489 cumulative IPC: 3.286 (Simulation time: 08 hr 32 min 14 sec)
Heartbeat CPU 12 instructions: 320000067 cycles: 106647430 heartbeat IPC: 2.888 cumulative IPC: 2.888 (Simulation time: 08 hr 33 min 07 sec)
Heartbeat CPU 8 instructions: 210000048 cycles: 106649555 heartbeat IPC: 1.167 cumulative IPC: 1.676 (Simulation time: 08 hr 33 min 08 sec)
Heartbeat CPU 1 instructions: 330000081 cycles: 106671226 heartbeat IPC: 2.773 cumulative IPC: 2.893 (Simulation time: 08 hr 33 min 14 sec)
Heartbeat CPU 11 instructions: 370000090 cycles: 106901240 heartbeat IPC: 3.353 cumulative IPC: 3.377 (Simulation time: 08 hr 34 min 22 sec)
Heartbeat CPU 10 instructions: 370000090 cycles: 106901810 heartbeat IPC: 3.354 cumulative IPC: 3.377 (Simulation time: 08 hr 34 min 23 sec)
Heartbeat CPU 13 instructions: 300000072 cycles: 107005403 heartbeat IPC: 2.52 cumulative IPC: 2.568 (Simulation time: 08 hr 34 min 55 sec)
Heartbeat CPU 7 instructions: 440000105 cycles: 108061466 heartbeat IPC: 4.041 cumulative IPC: 4.04 (Simulation time: 08 hr 40 min 10 sec)
Heartbeat CPU 3 instructions: 290000051 cycles: 108665730 heartbeat IPC: 1.442 cumulative IPC: 2.537 (Simulation time: 08 hr 42 min 59 sec)
Heartbeat CPU 15 instructions: 400000095 cycles: 108760581 heartbeat IPC: 3.602 cumulative IPC: 3.614 (Simulation time: 08 hr 43 min 25 sec)
Heartbeat CPU 5 instructions: 390000097 cycles: 108952153 heartbeat IPC: 3.432 cumulative IPC: 3.503 (Simulation time: 08 hr 44 min 17 sec)
Heartbeat CPU 4 instructions: 350000084 cycles: 109036118 heartbeat IPC: 3.163 cumulative IPC: 3.09 (Simulation time: 08 hr 44 min 40 sec)
Heartbeat CPU 14 instructions: 350000084 cycles: 109045097 heartbeat IPC: 3.163 cumulative IPC: 3.09 (Simulation time: 08 hr 44 min 42 sec)
Heartbeat CPU 2 instructions: 350000084 cycles: 109046612 heartbeat IPC: 3.163 cumulative IPC: 3.09 (Simulation time: 08 hr 44 min 43 sec)
Heartbeat CPU 11 instructions: 380000091 cycles: 109884297 heartbeat IPC: 3.352 cumulative IPC: 3.377 (Simulation time: 08 hr 48 min 32 sec)
Heartbeat CPU 10 instructions: 380000091 cycles: 109885224 heartbeat IPC: 3.352 cumulative IPC: 3.377 (Simulation time: 08 hr 48 min 32 sec)
Heartbeat CPU 0 instructions: 180000030 cycles: 109971378 heartbeat IPC: 1.322 cumulative IPC: 1.3 (Simulation time: 08 hr 48 min 57 sec)
Heartbeat CPU 12 instructions: 330000069 cycles: 110107170 heartbeat IPC: 2.89 cumulative IPC: 2.888 (Simulation time: 08 hr 49 min 39 sec)
Heartbeat CPU 1 instructions: 340000081 cycles: 110189575 heartbeat IPC: 2.842 cumulative IPC: 2.891 (Simulation time: 08 hr 50 min 04 sec)
Heartbeat CPU 7 instructions: 450000105 cycles: 110552453 heartbeat IPC: 4.014 cumulative IPC: 4.039 (Simulation time: 08 hr 51 min 50 sec)
Heartbeat CPU 13 instructions: 310000073 cycles: 110892951 heartbeat IPC: 2.572 cumulative IPC: 2.568 (Simulation time: 08 hr 53 min 31 sec)
Heartbeat CPU 6 instructions: 380000089 cycles: 111254244 heartbeat IPC: 2.068 cumulative IPC: 3.227 (Simulation time: 08 hr 55 min 17 sec)
Heartbeat CPU 9 instructions: 380000083 cycles: 111285331 heartbeat IPC: 2.074 cumulative IPC: 3.226 (Simulation time: 08 hr 55 min 26 sec)
Heartbeat CPU 15 instructions: 410000099 cycles: 111539466 heartbeat IPC: 3.599 cumulative IPC: 3.613 (Simulation time: 08 hr 56 min 40 sec)
Heartbeat CPU 5 instructions: 400000101 cycles: 111846514 heartbeat IPC: 3.455 cumulative IPC: 3.501 (Simulation time: 08 hr 58 min 09 sec)
Heartbeat CPU 4 instructions: 360000085 cycles: 112182145 heartbeat IPC: 3.179 cumulative IPC: 3.092 (Simulation time: 08 hr 59 min 44 sec)
Heartbeat CPU 14 instructions: 360000085 cycles: 112189727 heartbeat IPC: 3.18 cumulative IPC: 3.093 (Simulation time: 08 hr 59 min 46 sec)
Heartbeat CPU 2 instructions: 360000085 cycles: 112191399 heartbeat IPC: 3.18 cumulative IPC: 3.093 (Simulation time: 08 hr 59 min 47 sec)
Heartbeat CPU 11 instructions: 390000096 cycles: 112940204 heartbeat IPC: 3.272 cumulative IPC: 3.373 (Simulation time: 09 hr 03 min 29 sec)
Heartbeat CPU 10 instructions: 390000096 cycles: 112941637 heartbeat IPC: 3.272 cumulative IPC: 3.373 (Simulation time: 09 hr 03 min 29 sec)
Heartbeat CPU 7 instructions: 460000105 cycles: 113028893 heartbeat IPC: 4.038 cumulative IPC: 4.039 (Simulation time: 09 hr 03 min 55 sec)
Heartbeat CPU 12 instructions: 340000071 cycles: 113567121 heartbeat IPC: 2.89 cumulative IPC: 2.888 (Simulation time: 09 hr 06 min 35 sec)
Heartbeat CPU 6 instructions: 390000089 cycles: 113642214 heartbeat IPC: 4.188 cumulative IPC: 3.25 (Simulation time: 09 hr 06 min 57 sec)
Heartbeat CPU 9 instructions: 390000085 cycles: 113674109 heartbeat IPC: 4.186 cumulative IPC: 3.249 (Simulation time: 09 hr 07 min 06 sec)
Heartbeat CPU 1 instructions: 350000085 cycles: 113714483 heartbeat IPC: 2.837 cumulative IPC: 2.89 (Simulation time: 09 hr 07 min 18 sec)
Heartbeat CPU 8 instructions: 220000049 cycles: 114078676 heartbeat IPC: 1.346 cumulative IPC: 1.652 (Simulation time: 09 hr 09 min 02 sec)
Heartbeat CPU 15 instructions: 420000100 cycles: 114297672 heartbeat IPC: 3.626 cumulative IPC: 3.613 (Simulation time: 09 hr 10 min 03 sec)
Heartbeat CPU 13 instructions: 320000078 cycles: 114722065 heartbeat IPC: 2.612 cumulative IPC: 2.57 (Simulation time: 09 hr 12 min 03 sec)
Heartbeat CPU 5 instructions: 410000103 cycles: 115356114 heartbeat IPC: 2.849 cumulative IPC: 3.479 (Simulation time: 09 hr 15 min 04 sec)
Heartbeat CPU 4 instructions: 370000088 cycles: 115432042 heartbeat IPC: 3.077 cumulative IPC: 3.092 (Simulation time: 09 hr 15 min 25 sec)
Heartbeat CPU 14 instructions: 370000088 cycles: 115439432 heartbeat IPC: 3.077 cumulative IPC: 3.092 (Simulation time: 09 hr 15 min 27 sec)
Heartbeat CPU 2 instructions: 370000088 cycles: 115441190 heartbeat IPC: 3.077 cumulative IPC: 3.092 (Simulation time: 09 hr 15 min 28 sec)
Heartbeat CPU 7 instructions: 470000105 cycles: 115508222 heartbeat IPC: 4.033 cumulative IPC: 4.039 (Simulation time: 09 hr 15 min 48 sec)
Heartbeat CPU 11 instructions: 400000098 cycles: 115957942 heartbeat IPC: 3.314 cumulative IPC: 3.372 (Simulation time: 09 hr 17 min 56 sec)
Heartbeat CPU 10 instructions: 400000098 cycles: 115960360 heartbeat IPC: 3.313 cumulative IPC: 3.372 (Simulation time: 09 hr 17 min 57 sec)
Heartbeat CPU 15 instructions: 430000100 cycles: 117014173 heartbeat IPC: 3.681 cumulative IPC: 3.615 (Simulation time: 09 hr 22 min 58 sec)
Heartbeat CPU 12 instructions: 350000075 cycles: 117026815 heartbeat IPC: 2.89 cumulative IPC: 2.888 (Simulation time: 09 hr 23 min 01 sec)
Heartbeat CPU 6 instructions: 400000091 cycles: 117138738 heartbeat IPC: 2.86 cumulative IPC: 3.237 (Simulation time: 09 hr 23 min 33 sec)
Heartbeat CPU 9 instructions: 400000085 cycles: 117163145 heartbeat IPC: 2.866 cumulative IPC: 3.236 (Simulation time: 09 hr 23 min 40 sec)
Heartbeat CPU 1 instructions: 360000087 cycles: 117234186 heartbeat IPC: 2.841 cumulative IPC: 2.888 (Simulation time: 09 hr 24 min 01 sec)
Heartbeat CPU 7 instructions: 480000106 cycles: 117986082 heartbeat IPC: 4.036 cumulative IPC: 4.039 (Simulation time: 09 hr 27 min 40 sec)
Heartbeat CPU 0 instructions: 190000032 cycles: 118060371 heartbeat IPC: 1.236 cumulative IPC: 1.295 (Simulation time: 09 hr 28 min 02 sec)
Heartbeat CPU 5 instructions: 420000107 cycles: 118300438 heartbeat IPC: 3.396 cumulative IPC: 3.476 (Simulation time: 09 hr 29 min 13 sec)
Heartbeat CPU 3 instructions: 300000051 cycles: 118442905 heartbeat IPC: 1.023 cumulative IPC: 2.395 (Simulation time: 09 hr 29 min 54 sec)
Heartbeat CPU 13 instructions: 330000080 cycles: 118609261 heartbeat IPC: 2.573 cumulative IPC: 2.57 (Simulation time: 09 hr 30 min 42 sec)
Heartbeat CPU 4 instructions: 380000089 cycles: 118671917 heartbeat IPC: 3.087 cumulative IPC: 3.092 (Simulation time: 09 hr 30 min 59 sec)
Heartbeat CPU 14 instructions: 380000089 cycles: 118679122 heartbeat IPC: 3.087 cumulative IPC: 3.092 (Simulation time: 09 hr 31 min 02 sec)
Heartbeat CPU 2 instructions: 380000089 cycles: 118680981 heartbeat IPC: 3.087 cumulative IPC: 3.092 (Simulation time: 09 hr 31 min 02 sec)
Heartbeat CPU 11 instructions: 410000098 cycles: 118984850 heartbeat IPC: 3.304 cumulative IPC: 3.37 (Simulation time: 09 hr 32 min 28 sec)
Heartbeat CPU 10 instructions: 410000098 cycles: 118987375 heartbeat IPC: 3.304 cumulative IPC: 3.37 (Simulation time: 09 hr 32 min 28 sec)
Heartbeat CPU 15 instructions: 440000105 cycles: 119659271 heartbeat IPC: 3.781 cumulative IPC: 3.619 (Simulation time: 09 hr 35 min 49 sec)
Heartbeat CPU 8 instructions: 230000054 cycles: 120289536 heartbeat IPC: 1.61 cumulative IPC: 1.649 (Simulation time: 09 hr 38 min 51 sec)
Heartbeat CPU 6 instructions: 410000093 cycles: 120437171 heartbeat IPC: 3.032 cumulative IPC: 3.23 (Simulation time: 09 hr 39 min 33 sec)
Heartbeat CPU 7 instructions: 490000106 cycles: 120460248 heartbeat IPC: 4.042 cumulative IPC: 4.039 (Simulation time: 09 hr 39 min 40 sec)
Heartbeat CPU 9 instructions: 410000087 cycles: 120461200 heartbeat IPC: 3.032 cumulative IPC: 3.23 (Simulation time: 09 hr 39 min 40 sec)
Heartbeat CPU 12 instructions: 360000076 cycles: 120486531 heartbeat IPC: 2.89 cumulative IPC: 2.889 (Simulation time: 09 hr 39 min 48 sec)
Heartbeat CPU 1 instructions: 370000089 cycles: 120789688 heartbeat IPC: 2.813 cumulative IPC: 2.885 (Simulation time: 09 hr 41 min 17 sec)
Heartbeat CPU 5 instructions: 430000109 cycles: 121049743 heartbeat IPC: 3.637 cumulative IPC: 3.481 (Simulation time: 09 hr 42 min 32 sec)
Heartbeat CPU 11 instructions: 420000100 cycles: 122026969 heartbeat IPC: 3.287 cumulative IPC: 3.367 (Simulation time: 09 hr 47 min 12 sec)
Heartbeat CPU 10 instructions: 420000100 cycles: 122028689 heartbeat IPC: 3.288 cumulative IPC: 3.367 (Simulation time: 09 hr 47 min 13 sec)
Heartbeat CPU 4 instructions: 390000091 cycles: 122046216 heartbeat IPC: 2.964 cumulative IPC: 3.088 (Simulation time: 09 hr 47 min 18 sec)
Heartbeat CPU 14 instructions: 390000091 cycles: 122053521 heartbeat IPC: 2.963 cumulative IPC: 3.088 (Simulation time: 09 hr 47 min 20 sec)
Heartbeat CPU 2 instructions: 390000091 cycles: 122055351 heartbeat IPC: 2.964 cumulative IPC: 3.088 (Simulation time: 09 hr 47 min 20 sec)
Heartbeat CPU 15 instructions: 450000106 cycles: 122359760 heartbeat IPC: 3.703 cumulative IPC: 3.621 (Simulation time: 09 hr 48 min 50 sec)
Heartbeat CPU 13 instructions: 340000085 cycles: 122729788 heartbeat IPC: 2.427 cumulative IPC: 2.565 (Simulation time: 09 hr 50 min 39 sec)
Heartbeat CPU 7 instructions: 500000110 cycles: 122936681 heartbeat IPC: 4.038 cumulative IPC: 4.039 (Simulation time: 09 hr 51 min 38 sec)
Heartbeat CPU 6 instructions: 420000096 cycles: 123678336 heartbeat IPC: 3.085 cumulative IPC: 3.226 (Simulation time: 09 hr 55 min 13 sec)
Heartbeat CPU 9 instructions: 420000090 cycles: 123681327 heartbeat IPC: 3.105 cumulative IPC: 3.226 (Simulation time: 09 hr 55 min 14 sec)
Heartbeat CPU 5 instructions: 440000114 cycles: 123813808 heartbeat IPC: 3.618 cumulative IPC: 3.484 (Simulation time: 09 hr 55 min 53 sec)
Heartbeat CPU 12 instructions: 370000078 cycles: 123946218 heartbeat IPC: 2.89 cumulative IPC: 2.889 (Simulation time: 09 hr 56 min 31 sec)
Heartbeat CPU 1 instructions: 380000093 cycles: 124307567 heartbeat IPC: 2.843 cumulative IPC: 2.884 (Simulation time: 09 hr 58 min 13 sec)
Heartbeat CPU 11 instructions: 430000101 cycles: 125048164 heartbeat IPC: 3.31 cumulative IPC: 3.366 (Simulation time: 10 hr 01 min 51 sec)
Heartbeat CPU 10 instructions: 430000101 cycles: 125050157 heartbeat IPC: 3.31 cumulative IPC: 3.366 (Simulation time: 10 hr 01 min 52 sec)
Heartbeat CPU 15 instructions: 460000109 cycles: 125054036 heartbeat IPC: 3.712 cumulative IPC: 3.624 (Simulation time: 10 hr 01 min 53 sec)
Heartbeat CPU 4 instructions: 400000095 cycles: 125282245 heartbeat IPC: 3.09 cumulative IPC: 3.088 (Simulation time: 10 hr 02 min 57 sec)
Heartbeat CPU 14 instructions: 400000095 cycles: 125289510 heartbeat IPC: 3.09 cumulative IPC: 3.088 (Simulation time: 10 hr 02 min 59 sec)
Heartbeat CPU 2 instructions: 400000095 cycles: 125291229 heartbeat IPC: 3.09 cumulative IPC: 3.088 (Simulation time: 10 hr 03 min 00 sec)
Heartbeat CPU 7 instructions: 510000115 cycles: 125412653 heartbeat IPC: 4.039 cumulative IPC: 4.039 (Simulation time: 10 hr 03 min 35 sec)
Heartbeat CPU 0 instructions: 200000034 cycles: 125678890 heartbeat IPC: 1.313 cumulative IPC: 1.296 (Simulation time: 10 hr 04 min 52 sec)
Heartbeat CPU 3 instructions: 310000054 cycles: 126460144 heartbeat IPC: 1.247 cumulative IPC: 2.313 (Simulation time: 10 hr 08 min 38 sec)
Heartbeat CPU 8 instructions: 240000057 cycles: 126465361 heartbeat IPC: 1.619 cumulative IPC: 1.648 (Simulation time: 10 hr 08 min 40 sec)
Heartbeat CPU 5 instructions: 450000115 cycles: 126582375 heartbeat IPC: 3.612 cumulative IPC: 3.487 (Simulation time: 10 hr 09 min 13 sec)
Heartbeat CPU 13 instructions: 350000090 cycles: 126637388 heartbeat IPC: 2.559 cumulative IPC: 2.564 (Simulation time: 10 hr 09 min 28 sec)
Heartbeat CPU 6 instructions: 430000097 cycles: 126883513 heartbeat IPC: 3.12 cumulative IPC: 3.223 (Simulation time: 10 hr 10 min 38 sec)
Heartbeat CPU 9 instructions: 430000091 cycles: 126894317 heartbeat IPC: 3.112 cumulative IPC: 3.223 (Simulation time: 10 hr 10 min 41 sec)
Heartbeat CPU 12 instructions: 380000083 cycles: 127405918 heartbeat IPC: 2.89 cumulative IPC: 2.889 (Simulation time: 10 hr 13 min 07 sec)
Heartbeat CPU 15 instructions: 470000109 cycles: 127784598 heartbeat IPC: 3.662 cumulative IPC: 3.625 (Simulation time: 10 hr 14 min 58 sec)
Heartbeat CPU 1 instructions: 390000097 cycles: 127813690 heartbeat IPC: 2.852 cumulative IPC: 2.883 (Simulation time: 10 hr 15 min 06 sec)
Heartbeat CPU 7 instructions: 520000118 cycles: 127888374 heartbeat IPC: 4.039 cumulative IPC: 4.039 (Simulation time: 10 hr 15 min 28 sec)
Heartbeat CPU 11 instructions: 440000101 cycles: 128028908 heartbeat IPC: 3.355 cumulative IPC: 3.365 (Simulation time: 10 hr 16 min 09 sec)
Heartbeat CPU 10 instructions: 440000101 cycles: 128031071 heartbeat IPC: 3.355 cumulative IPC: 3.365 (Simulation time: 10 hr 16 min 10 sec)
Heartbeat CPU 4 instructions: 410000096 cycles: 128423396 heartbeat IPC: 3.184 cumulative IPC: 3.09 (Simulation time: 10 hr 18 min 05 sec)
Heartbeat CPU 14 instructions: 410000096 cycles: 128430677 heartbeat IPC: 3.184 cumulative IPC: 3.091 (Simulation time: 10 hr 18 min 07 sec)
Heartbeat CPU 2 instructions: 410000096 cycles: 128432113 heartbeat IPC: 3.184 cumulative IPC: 3.091 (Simulation time: 10 hr 18 min 08 sec)
Heartbeat CPU 5 instructions: 460000116 cycles: 129526240 heartbeat IPC: 3.397 cumulative IPC: 3.485 (Simulation time: 10 hr 23 min 19 sec)
Heartbeat CPU 6 instructions: 440000099 cycles: 130081782 heartbeat IPC: 3.127 cumulative IPC: 3.22 (Simulation time: 10 hr 25 min 58 sec)
Heartbeat CPU 9 instructions: 440000091 cycles: 130083334 heartbeat IPC: 3.136 cumulative IPC: 3.22 (Simulation time: 10 hr 25 min 59 sec)
Heartbeat CPU 7 instructions: 530000123 cycles: 130363856 heartbeat IPC: 4.04 cumulative IPC: 4.039 (Simulation time: 10 hr 27 min 19 sec)
Heartbeat CPU 15 instructions: 480000113 cycles: 130509629 heartbeat IPC: 3.67 cumulative IPC: 3.626 (Simulation time: 10 hr 28 min 01 sec)
Heartbeat CPU 13 instructions: 360000090 cycles: 130523858 heartbeat IPC: 2.573 cumulative IPC: 2.565 (Simulation time: 10 hr 28 min 05 sec)
Heartbeat CPU 12 instructions: 390000088 cycles: 130865630 heartbeat IPC: 2.89 cumulative IPC: 2.889 (Simulation time: 10 hr 29 min 49 sec)
Heartbeat CPU 11 instructions: 450000105 cycles: 131009877 heartbeat IPC: 3.355 cumulative IPC: 3.365 (Simulation time: 10 hr 30 min 32 sec)
Heartbeat CPU 10 instructions: 450000105 cycles: 131011681 heartbeat IPC: 3.355 cumulative IPC: 3.365 (Simulation time: 10 hr 30 min 32 sec)
Heartbeat CPU 1 instructions: 400000097 cycles: 131319538 heartbeat IPC: 2.852 cumulative IPC: 2.882 (Simulation time: 10 hr 32 min 05 sec)
Heartbeat CPU 4 instructions: 420000097 cycles: 131589592 heartbeat IPC: 3.158 cumulative IPC: 3.092 (Simulation time: 10 hr 33 min 27 sec)
Heartbeat CPU 14 instructions: 420000099 cycles: 131596433 heartbeat IPC: 3.159 cumulative IPC: 3.092 (Simulation time: 10 hr 33 min 30 sec)
Heartbeat CPU 2 instructions: 420000101 cycles: 131597639 heartbeat IPC: 3.159 cumulative IPC: 3.092 (Simulation time: 10 hr 33 min 30 sec)
Heartbeat CPU 8 instructions: 250000059 cycles: 131749750 heartbeat IPC: 1.892 cumulative IPC: 1.659 (Simulation time: 10 hr 34 min 17 sec)
Heartbeat CPU 5 instructions: 470000117 cycles: 132433536 heartbeat IPC: 3.44 cumulative IPC: 3.484 (Simulation time: 10 hr 37 min 45 sec)
Heartbeat CPU 0 instructions: 210000034 cycles: 132769999 heartbeat IPC: 1.41 cumulative IPC: 1.303 (Simulation time: 10 hr 39 min 29 sec)
Heartbeat CPU 7 instructions: 540000128 cycles: 132839817 heartbeat IPC: 4.039 cumulative IPC: 4.039 (Simulation time: 10 hr 39 min 51 sec)
Heartbeat CPU 15 instructions: 490000113 cycles: 133222782 heartbeat IPC: 3.686 cumulative IPC: 3.627 (Simulation time: 10 hr 41 min 51 sec)
Heartbeat CPU 9 instructions: 450000093 cycles: 133264454 heartbeat IPC: 3.144 cumulative IPC: 3.218 (Simulation time: 10 hr 42 min 04 sec)
Heartbeat CPU 6 instructions: 450000101 cycles: 133267359 heartbeat IPC: 3.139 cumulative IPC: 3.218 (Simulation time: 10 hr 42 min 05 sec)
Heartbeat CPU 11 instructions: 460000106 cycles: 133942249 heartbeat IPC: 3.41 cumulative IPC: 3.366 (Simulation time: 10 hr 45 min 33 sec)
Heartbeat CPU 10 instructions: 460000106 cycles: 133943788 heartbeat IPC: 3.411 cumulative IPC: 3.366 (Simulation time: 10 hr 45 min 33 sec)
Simulation finished CPU 8 instructions: 200000001 cycles: 119937924 cumulative IPC: 1.668 (Simulation time: 10 hr 45 min 48 sec)
Heartbeat CPU 12 instructions: 400000089 cycles: 134325316 heartbeat IPC: 2.89 cumulative IPC: 2.889 (Simulation time: 10 hr 47 min 31 sec)
Heartbeat CPU 13 instructions: 370000091 cycles: 134374238 heartbeat IPC: 2.597 cumulative IPC: 2.566 (Simulation time: 10 hr 47 min 46 sec)
Heartbeat CPU 4 instructions: 430000100 cycles: 134464651 heartbeat IPC: 3.478 cumulative IPC: 3.102 (Simulation time: 10 hr 48 min 14 sec)
Heartbeat CPU 14 instructions: 430000100 cycles: 134471502 heartbeat IPC: 3.478 cumulative IPC: 3.102 (Simulation time: 10 hr 48 min 16 sec)
Heartbeat CPU 2 instructions: 430000106 cycles: 134472371 heartbeat IPC: 3.479 cumulative IPC: 3.102 (Simulation time: 10 hr 48 min 17 sec)
Heartbeat CPU 3 instructions: 320000059 cycles: 134784307 heartbeat IPC: 1.201 cumulative IPC: 2.236 (Simulation time: 10 hr 49 min 54 sec)
Heartbeat CPU 1 instructions: 410000101 cycles: 134826373 heartbeat IPC: 2.852 cumulative IPC: 2.881 (Simulation time: 10 hr 50 min 07 sec)
Heartbeat CPU 5 instructions: 480000120 cycles: 135180624 heartbeat IPC: 3.64 cumulative IPC: 3.487 (Simulation time: 10 hr 51 min 58 sec)
Heartbeat CPU 7 instructions: 550000133 cycles: 135315322 heartbeat IPC: 4.04 cumulative IPC: 4.039 (Simulation time: 10 hr 52 min 40 sec)
Heartbeat CPU 15 instructions: 500000113 cycles: 135924135 heartbeat IPC: 3.702 cumulative IPC: 3.629 (Simulation time: 10 hr 55 min 50 sec)
Heartbeat CPU 8 instructions: 260000061 cycles: 135966180 heartbeat IPC: 2.372 cumulative IPC: 1.683 (Simulation time: 10 hr 56 min 03 sec)
Heartbeat CPU 6 instructions: 460000103 cycles: 136485729 heartbeat IPC: 3.107 cumulative IPC: 3.215 (Simulation time: 10 hr 58 min 46 sec)
Heartbeat CPU 9 instructions: 460000097 cycles: 136486860 heartbeat IPC: 3.103 cumulative IPC: 3.215 (Simulation time: 10 hr 58 min 46 sec)
Heartbeat CPU 11 instructions: 470000108 cycles: 136911193 heartbeat IPC: 3.368 cumulative IPC: 3.366 (Simulation time: 11 hr 00 min 57 sec)
Heartbeat CPU 10 instructions: 470000108 cycles: 136912349 heartbeat IPC: 3.369 cumulative IPC: 3.366 (Simulation time: 11 hr 00 min 57 sec)
Heartbeat CPU 4 instructions: 440000102 cycles: 137303958 heartbeat IPC: 3.522 cumulative IPC: 3.111 (Simulation time: 11 hr 02 min 57 sec)
Heartbeat CPU 14 instructions: 440000102 cycles: 137310154 heartbeat IPC: 3.523 cumulative IPC: 3.111 (Simulation time: 11 hr 02 min 59 sec)
Heartbeat CPU 2 instructions: 440000106 cycles: 137311331 heartbeat IPC: 3.522 cumulative IPC: 3.111 (Simulation time: 11 hr 03 min 00 sec)
Heartbeat CPU 12 instructions: 410000090 cycles: 137785009 heartbeat IPC: 2.89 cumulative IPC: 2.889 (Simulation time: 11 hr 05 min 27 sec)
Heartbeat CPU 7 instructions: 560000138 cycles: 137791672 heartbeat IPC: 4.038 cumulative IPC: 4.039 (Simulation time: 11 hr 05 min 29 sec)
Heartbeat CPU 5 instructions: 490000123 cycles: 138227297 heartbeat IPC: 3.282 cumulative IPC: 3.482 (Simulation time: 11 hr 07 min 45 sec)
Heartbeat CPU 1 instructions: 420000105 cycles: 138361880 heartbeat IPC: 2.828 cumulative IPC: 2.88 (Simulation time: 11 hr 08 min 26 sec)
Heartbeat CPU 13 instructions: 380000094 cycles: 138472029 heartbeat IPC: 2.44 cumulative IPC: 2.562 (Simulation time: 11 hr 09 min 01 sec)
Heartbeat CPU 15 instructions: 510000114 cycles: 138670826 heartbeat IPC: 3.641 cumulative IPC: 3.629 (Simulation time: 11 hr 10 min 03 sec)
Heartbeat CPU 3 instructions: 330000059 cycles: 139414977 heartbeat IPC: 2.16 cumulative IPC: 2.234 (Simulation time: 11 hr 13 min 53 sec)
Heartbeat CPU 0 instructions: 220000034 cycles: 139661851 heartbeat IPC: 1.451 cumulative IPC: 1.311 (Simulation time: 11 hr 15 min 10 sec)
Heartbeat CPU 9 instructions: 470000101 cycles: 139708423 heartbeat IPC: 3.104 cumulative IPC: 3.212 (Simulation time: 11 hr 15 min 25 sec)
Heartbeat CPU 6 instructions: 470000107 cycles: 139712174 heartbeat IPC: 3.099 cumulative IPC: 3.212 (Simulation time: 11 hr 15 min 26 sec)
Heartbeat CPU 8 instructions: 270000062 cycles: 139779258 heartbeat IPC: 2.623 cumulative IPC: 1.712 (Simulation time: 11 hr 15 min 47 sec)
Heartbeat CPU 11 instructions: 480000111 cycles: 139869165 heartbeat IPC: 3.381 cumulative IPC: 3.367 (Simulation time: 11 hr 16 min 14 sec)
Heartbeat CPU 10 instructions: 480000111 cycles: 139870454 heartbeat IPC: 3.381 cumulative IPC: 3.367 (Simulation time: 11 hr 16 min 15 sec)
Heartbeat CPU 4 instructions: 450000103 cycles: 140134011 heartbeat IPC: 3.534 cumulative IPC: 3.121 (Simulation time: 11 hr 17 min 36 sec)
Heartbeat CPU 14 instructions: 450000103 cycles: 140139325 heartbeat IPC: 3.535 cumulative IPC: 3.121 (Simulation time: 11 hr 17 min 38 sec)
Heartbeat CPU 2 instructions: 450000111 cycles: 140140764 heartbeat IPC: 3.534 cumulative IPC: 3.121 (Simulation time: 11 hr 17 min 38 sec)
Heartbeat CPU 7 instructions: 570000140 cycles: 140269051 heartbeat IPC: 4.037 cumulative IPC: 4.039 (Simulation time: 11 hr 18 min 18 sec)
Heartbeat CPU 12 instructions: 420000090 cycles: 141244726 heartbeat IPC: 2.89 cumulative IPC: 2.889 (Simulation time: 11 hr 23 min 23 sec)
Heartbeat CPU 5 instructions: 500000124 cycles: 141338818 heartbeat IPC: 3.214 cumulative IPC: 3.476 (Simulation time: 11 hr 23 min 52 sec)
Heartbeat CPU 15 instructions: 520000116 cycles: 141356085 heartbeat IPC: 3.724 cumulative IPC: 3.631 (Simulation time: 11 hr 23 min 57 sec)
Heartbeat CPU 1 instructions: 430000105 cycles: 141811737 heartbeat IPC: 2.899 cumulative IPC: 2.88 (Simulation time: 11 hr 26 min 14 sec)
Heartbeat CPU 13 instructions: 390000097 cycles: 142415369 heartbeat IPC: 2.536 cumulative IPC: 2.561 (Simulation time: 11 hr 29 min 18 sec)
Heartbeat CPU 7 instructions: 580000141 cycles: 142744362 heartbeat IPC: 4.04 cumulative IPC: 4.039 (Simulation time: 11 hr 30 min 55 sec)
Heartbeat CPU 11 instructions: 490000116 cycles: 142847448 heartbeat IPC: 3.358 cumulative IPC: 3.366 (Simulation time: 11 hr 31 min 24 sec)
Heartbeat CPU 10 instructions: 490000116 cycles: 142848055 heartbeat IPC: 3.358 cumulative IPC: 3.366 (Simulation time: 11 hr 31 min 24 sec)
Heartbeat CPU 9 instructions: 480000102 cycles: 142884055 heartbeat IPC: 3.149 cumulative IPC: 3.211 (Simulation time: 11 hr 31 min 35 sec)
Heartbeat CPU 6 instructions: 480000111 cycles: 142893431 heartbeat IPC: 3.143 cumulative IPC: 3.211 (Simulation time: 11 hr 31 min 38 sec)
Heartbeat CPU 4 instructions: 460000104 cycles: 142952412 heartbeat IPC: 3.548 cumulative IPC: 3.13 (Simulation time: 11 hr 31 min 54 sec)
Heartbeat CPU 14 instructions: 460000104 cycles: 142958621 heartbeat IPC: 3.547 cumulative IPC: 3.13 (Simulation time: 11 hr 31 min 56 sec)
Heartbeat CPU 2 instructions: 460000111 cycles: 142960763 heartbeat IPC: 3.546 cumulative IPC: 3.13 (Simulation time: 11 hr 31 min 57 sec)
Heartbeat CPU 15 instructions: 530000117 cycles: 144022228 heartbeat IPC: 3.751 cumulative IPC: 3.633 (Simulation time: 11 hr 37 min 05 sec)
Heartbeat CPU 3 instructions: 340000059 cycles: 144321139 heartbeat IPC: 2.038 cumulative IPC: 2.226 (Simulation time: 11 hr 38 min 32 sec)
Heartbeat CPU 5 instructions: 510000126 cycles: 144343961 heartbeat IPC: 3.328 cumulative IPC: 3.472 (Simulation time: 11 hr 38 min 39 sec)
Heartbeat CPU 12 instructions: 430000094 cycles: 144704381 heartbeat IPC: 2.89 cumulative IPC: 2.889 (Simulation time: 11 hr 40 min 25 sec)
Heartbeat CPU 7 instructions: 590000143 cycles: 145220565 heartbeat IPC: 4.038 cumulative IPC: 4.039 (Simulation time: 11 hr 42 min 56 sec)
Heartbeat CPU 1 instructions: 440000107 cycles: 145278115 heartbeat IPC: 2.885 cumulative IPC: 2.88 (Simulation time: 11 hr 43 min 13 sec)
Heartbeat CPU 0 instructions: 230000037 cycles: 145588404 heartbeat IPC: 1.687 cumulative IPC: 1.328 (Simulation time: 11 hr 44 min 44 sec)
Heartbeat CPU 11 instructions: 500000117 cycles: 145805720 heartbeat IPC: 3.38 cumulative IPC: 3.367 (Simulation time: 11 hr 45 min 48 sec)
Heartbeat CPU 10 instructions: 500000117 cycles: 145806606 heartbeat IPC: 3.38 cumulative IPC: 3.367 (Simulation time: 11 hr 45 min 48 sec)
Heartbeat CPU 6 instructions: 490000114 cycles: 146094860 heartbeat IPC: 3.124 cumulative IPC: 3.209 (Simulation time: 11 hr 47 min 15 sec)
Heartbeat CPU 9 instructions: 490000102 cycles: 146096491 heartbeat IPC: 3.113 cumulative IPC: 3.208 (Simulation time: 11 hr 47 min 15 sec)
Heartbeat CPU 4 instructions: 470000104 cycles: 146280117 heartbeat IPC: 3.005 cumulative IPC: 3.127 (Simulation time: 11 hr 48 min 09 sec)
Heartbeat CPU 14 instructions: 470000104 cycles: 146286202 heartbeat IPC: 3.005 cumulative IPC: 3.127 (Simulation time: 11 hr 48 min 11 sec)
Heartbeat CPU 2 instructions: 470000111 cycles: 146288447 heartbeat IPC: 3.005 cumulative IPC: 3.127 (Simulation time: 11 hr 48 min 11 sec)
Heartbeat CPU 13 instructions: 400000102 cycles: 146314628 heartbeat IPC: 2.565 cumulative IPC: 2.561 (Simulation time: 11 hr 48 min 19 sec)
Heartbeat CPU 15 instructions: 540000120 cycles: 146704062 heartbeat IPC: 3.729 cumulative IPC: 3.635 (Simulation time: 11 hr 50 min 13 sec)
Heartbeat CPU 5 instructions: 520000131 cycles: 147351962 heartbeat IPC: 3.324 cumulative IPC: 3.469 (Simulation time: 11 hr 53 min 26 sec)
Heartbeat CPU 7 instructions: 600000146 cycles: 147696420 heartbeat IPC: 4.039 cumulative IPC: 4.039 (Simulation time: 11 hr 55 min 09 sec)
Heartbeat CPU 8 instructions: 280000067 cycles: 147697806 heartbeat IPC: 1.263 cumulative IPC: 1.685 (Simulation time: 11 hr 55 min 09 sec)
Heartbeat CPU 12 instructions: 440000098 cycles: 148164078 heartbeat IPC: 2.89 cumulative IPC: 2.889 (Simulation time: 11 hr 57 min 25 sec)
Heartbeat CPU 1 instructions: 450000109 cycles: 148704401 heartbeat IPC: 2.919 cumulative IPC: 2.881 (Simulation time: 12 hr 00 min 02 sec)
Heartbeat CPU 11 instructions: 510000122 cycles: 148767255 heartbeat IPC: 3.377 cumulative IPC: 3.367 (Simulation time: 12 hr 00 min 21 sec)
Heartbeat CPU 10 instructions: 510000122 cycles: 148768869 heartbeat IPC: 3.376 cumulative IPC: 3.367 (Simulation time: 12 hr 00 min 21 sec)
Heartbeat CPU 9 instructions: 500000107 cycles: 149272411 heartbeat IPC: 3.149 cumulative IPC: 3.207 (Simulation time: 12 hr 02 min 45 sec)
Heartbeat CPU 6 instructions: 500000119 cycles: 149282835 heartbeat IPC: 3.137 cumulative IPC: 3.207 (Simulation time: 12 hr 02 min 48 sec)
Heartbeat CPU 4 instructions: 480000108 cycles: 149373629 heartbeat IPC: 3.233 cumulative IPC: 3.129 (Simulation time: 12 hr 03 min 14 sec)
Heartbeat CPU 14 instructions: 480000108 cycles: 149379540 heartbeat IPC: 3.233 cumulative IPC: 3.129 (Simulation time: 12 hr 03 min 16 sec)
Heartbeat CPU 2 instructions: 480000113 cycles: 149381805 heartbeat IPC: 3.233 cumulative IPC: 3.129 (Simulation time: 12 hr 03 min 16 sec)
Heartbeat CPU 15 instructions: 550000121 cycles: 149400778 heartbeat IPC: 3.708 cumulative IPC: 3.637 (Simulation time: 12 hr 03 min 22 sec)
Heartbeat CPU 7 instructions: 610000151 cycles: 150170649 heartbeat IPC: 4.042 cumulative IPC: 4.039 (Simulation time: 12 hr 06 min 58 sec)
Heartbeat CPU 13 instructions: 410000102 cycles: 150196042 heartbeat IPC: 2.576 cumulative IPC: 2.561 (Simulation time: 12 hr 07 min 05 sec)
Heartbeat CPU 5 instructions: 530000132 cycles: 150369321 heartbeat IPC: 3.314 cumulative IPC: 3.466 (Simulation time: 12 hr 07 min 55 sec)
Heartbeat CPU 3 instructions: 350000060 cycles: 150855100 heartbeat IPC: 1.53 cumulative IPC: 2.193 (Simulation time: 12 hr 10 min 13 sec)
Heartbeat CPU 12 instructions: 450000098 cycles: 151623770 heartbeat IPC: 2.89 cumulative IPC: 2.889 (Simulation time: 12 hr 13 min 57 sec)
Heartbeat CPU 11 instructions: 520000122 cycles: 151740387 heartbeat IPC: 3.363 cumulative IPC: 3.367 (Simulation time: 12 hr 14 min 30 sec)
Heartbeat CPU 10 instructions: 520000122 cycles: 151742112 heartbeat IPC: 3.363 cumulative IPC: 3.367 (Simulation time: 12 hr 14 min 31 sec)
Heartbeat CPU 0 instructions: 240000037 cycles: 151811326 heartbeat IPC: 1.607 cumulative IPC: 1.341 (Simulation time: 12 hr 14 min 50 sec)
Heartbeat CPU 15 instructions: 560000125 cycles: 152066608 heartbeat IPC: 3.751 cumulative IPC: 3.639 (Simulation time: 12 hr 16 min 01 sec)
Heartbeat CPU 1 instructions: 460000109 cycles: 152158549 heartbeat IPC: 2.895 cumulative IPC: 2.882 (Simulation time: 12 hr 16 min 27 sec)
Heartbeat CPU 9 instructions: 510000110 cycles: 152485198 heartbeat IPC: 3.113 cumulative IPC: 3.205 (Simulation time: 12 hr 18 min 01 sec)
Heartbeat CPU 6 instructions: 510000119 cycles: 152493254 heartbeat IPC: 3.115 cumulative IPC: 3.205 (Simulation time: 12 hr 18 min 03 sec)
Heartbeat CPU 4 instructions: 490000108 cycles: 152638568 heartbeat IPC: 3.063 cumulative IPC: 3.128 (Simulation time: 12 hr 18 min 45 sec)
Heartbeat CPU 14 instructions: 490000108 cycles: 152644178 heartbeat IPC: 3.063 cumulative IPC: 3.128 (Simulation time: 12 hr 18 min 47 sec)
Heartbeat CPU 2 instructions: 490000113 cycles: 152646309 heartbeat IPC: 3.063 cumulative IPC: 3.128 (Simulation time: 12 hr 18 min 47 sec)
Heartbeat CPU 7 instructions: 620000156 cycles: 152647190 heartbeat IPC: 4.038 cumulative IPC: 4.039 (Simulation time: 12 hr 18 min 48 sec)
Heartbeat CPU 5 instructions: 540000133 cycles: 153578368 heartbeat IPC: 3.116 cumulative IPC: 3.458 (Simulation time: 12 hr 23 min 07 sec)
Heartbeat CPU 8 instructions: 290000069 cycles: 153895687 heartbeat IPC: 1.613 cumulative IPC: 1.682 (Simulation time: 12 hr 24 min 33 sec)
Heartbeat CPU 13 instructions: 420000104 cycles: 154073381 heartbeat IPC: 2.579 cumulative IPC: 2.562 (Simulation time: 12 hr 25 min 22 sec)
Heartbeat CPU 11 instructions: 530000124 cycles: 154721261 heartbeat IPC: 3.355 cumulative IPC: 3.367 (Simulation time: 12 hr 28 min 23 sec)
Heartbeat CPU 10 instructions: 530000124 cycles: 154723312 heartbeat IPC: 3.354 cumulative IPC: 3.367 (Simulation time: 12 hr 28 min 24 sec)
Heartbeat CPU 15 instructions: 570000127 cycles: 154815787 heartbeat IPC: 3.637 cumulative IPC: 3.639 (Simulation time: 12 hr 28 min 50 sec)
Heartbeat CPU 12 instructions: 460000098 cycles: 155083454 heartbeat IPC: 2.89 cumulative IPC: 2.889 (Simulation time: 12 hr 30 min 06 sec)
Heartbeat CPU 7 instructions: 630000161 cycles: 155122526 heartbeat IPC: 4.04 cumulative IPC: 4.039 (Simulation time: 12 hr 30 min 17 sec)
Heartbeat CPU 1 instructions: 470000113 cycles: 155582035 heartbeat IPC: 2.921 cumulative IPC: 2.883 (Simulation time: 12 hr 32 min 29 sec)
Heartbeat CPU 9 instructions: 520000115 cycles: 155697484 heartbeat IPC: 3.113 cumulative IPC: 3.203 (Simulation time: 12 hr 33 min 02 sec)
Heartbeat CPU 6 instructions: 520000121 cycles: 155697746 heartbeat IPC: 3.121 cumulative IPC: 3.203 (Simulation time: 12 hr 33 min 02 sec)
Heartbeat CPU 4 instructions: 500000109 cycles: 155970501 heartbeat IPC: 3.001 cumulative IPC: 3.125 (Simulation time: 12 hr 34 min 21 sec)
Heartbeat CPU 14 instructions: 500000109 cycles: 155975850 heartbeat IPC: 3.001 cumulative IPC: 3.125 (Simulation time: 12 hr 34 min 22 sec)
Heartbeat CPU 2 instructions: 500000115 cycles: 155977883 heartbeat IPC: 3.002 cumulative IPC: 3.125 (Simulation time: 12 hr 34 min 23 sec)
Heartbeat CPU 5 instructions: 550000135 cycles: 156818093 heartbeat IPC: 3.087 cumulative IPC: 3.449 (Simulation time: 12 hr 38 min 27 sec)
Heartbeat CPU 7 instructions: 640000166 cycles: 157598611 heartbeat IPC: 4.039 cumulative IPC: 4.039 (Simulation time: 12 hr 42 min 20 sec)
Heartbeat CPU 11 instructions: 540000125 cycles: 157690217 heartbeat IPC: 3.368 cumulative IPC: 3.367 (Simulation time: 12 hr 42 min 47 sec)
Heartbeat CPU 10 instructions: 540000125 cycles: 157692352 heartbeat IPC: 3.368 cumulative IPC: 3.367 (Simulation time: 12 hr 42 min 48 sec)
Heartbeat CPU 15 instructions: 580000132 cycles: 157877883 heartbeat IPC: 3.266 cumulative IPC: 3.631 (Simulation time: 12 hr 43 min 44 sec)
Heartbeat CPU 13 instructions: 430000104 cycles: 157975735 heartbeat IPC: 2.563 cumulative IPC: 2.562 (Simulation time: 12 hr 44 min 14 sec)
Heartbeat CPU 8 instructions: 300000072 cycles: 158478250 heartbeat IPC: 2.182 cumulative IPC: 1.698 (Simulation time: 12 hr 46 min 43 sec)
Heartbeat CPU 12 instructions: 470000099 cycles: 158543149 heartbeat IPC: 2.89 cumulative IPC: 2.889 (Simulation time: 12 hr 47 min 02 sec)
Heartbeat CPU 9 instructions: 530000117 cycles: 158867535 heartbeat IPC: 3.155 cumulative IPC: 3.202 (Simulation time: 12 hr 48 min 38 sec)
Heartbeat CPU 6 instructions: 530000125 cycles: 158875138 heartbeat IPC: 3.147 cumulative IPC: 3.202 (Simulation time: 12 hr 48 min 40 sec)
Heartbeat CPU 4 instructions: 510000111 cycles: 158953339 heartbeat IPC: 3.353 cumulative IPC: 3.129 (Simulation time: 12 hr 49 min 03 sec)
Heartbeat CPU 14 instructions: 510000111 cycles: 158958804 heartbeat IPC: 3.352 cumulative IPC: 3.13 (Simulation time: 12 hr 49 min 04 sec)
Heartbeat CPU 2 instructions: 510000119 cycles: 158960592 heartbeat IPC: 3.353 cumulative IPC: 3.13 (Simulation time: 12 hr 49 min 05 sec)
Heartbeat CPU 1 instructions: 480000113 cycles: 159034004 heartbeat IPC: 2.897 cumulative IPC: 2.883 (Simulation time: 12 hr 49 min 25 sec)
Heartbeat CPU 5 instructions: 560000137 cycles: 159793235 heartbeat IPC: 3.361 cumulative IPC: 3.447 (Simulation time: 12 hr 53 min 04 sec)
Heartbeat CPU 7 instructions: 650000169 cycles: 160072868 heartbeat IPC: 4.042 cumulative IPC: 4.039 (Simulation time: 12 hr 54 min 25 sec)
Heartbeat CPU 0 instructions: 250000039 cycles: 160498023 heartbeat IPC: 1.151 cumulative IPC: 1.329 (Simulation time: 12 hr 56 min 28 sec)
Heartbeat CPU 15 instructions: 590000132 cycles: 160580154 heartbeat IPC: 3.701 cumulative IPC: 3.632 (Simulation time: 12 hr 56 min 51 sec)
Heartbeat CPU 11 instructions: 550000126 cycles: 160635458 heartbeat IPC: 3.395 cumulative IPC: 3.367 (Simulation time: 12 hr 57 min 07 sec)
Heartbeat CPU 10 instructions: 550000126 cycles: 160637994 heartbeat IPC: 3.395 cumulative IPC: 3.367 (Simulation time: 12 hr 57 min 08 sec)
Heartbeat CPU 3 instructions: 360000063 cycles: 160664713 heartbeat IPC: 1.019 cumulative IPC: 2.114 (Simulation time: 12 hr 57 min 16 sec)
Heartbeat CPU 13 instructions: 440000106 cycles: 161844323 heartbeat IPC: 2.585 cumulative IPC: 2.562 (Simulation time: 13 hr 02 min 59 sec)
Heartbeat CPU 12 instructions: 480000103 cycles: 162002857 heartbeat IPC: 2.89 cumulative IPC: 2.889 (Simulation time: 13 hr 03 min 45 sec)
Heartbeat CPU 9 instructions: 540000117 cycles: 162014124 heartbeat IPC: 3.178 cumulative IPC: 3.201 (Simulation time: 13 hr 03 min 49 sec)
Heartbeat CPU 6 instructions: 540000125 cycles: 162027589 heartbeat IPC: 3.172 cumulative IPC: 3.201 (Simulation time: 13 hr 03 min 53 sec)
Heartbeat CPU 4 instructions: 520000115 cycles: 162161342 heartbeat IPC: 3.117 cumulative IPC: 3.129 (Simulation time: 13 hr 04 min 31 sec)
Heartbeat CPU 14 instructions: 520000115 cycles: 162166809 heartbeat IPC: 3.117 cumulative IPC: 3.129 (Simulation time: 13 hr 04 min 33 sec)
Heartbeat CPU 2 instructions: 520000121 cycles: 162168541 heartbeat IPC: 3.117 cumulative IPC: 3.129 (Simulation time: 13 hr 04 min 33 sec)
Heartbeat CPU 1 instructions: 490000113 cycles: 162455104 heartbeat IPC: 2.923 cumulative IPC: 2.884 (Simulation time: 13 hr 05 min 57 sec)
Heartbeat CPU 7 instructions: 660000173 cycles: 162544430 heartbeat IPC: 4.046 cumulative IPC: 4.039 (Simulation time: 13 hr 06 min 23 sec)
Heartbeat CPU 5 instructions: 570000142 cycles: 162621923 heartbeat IPC: 3.535 cumulative IPC: 3.449 (Simulation time: 13 hr 06 min 45 sec)
Heartbeat CPU 15 instructions: 600000134 cycles: 163197113 heartbeat IPC: 3.821 cumulative IPC: 3.636 (Simulation time: 13 hr 09 min 28 sec)
Heartbeat CPU 8 instructions: 310000076 cycles: 163239035 heartbeat IPC: 2.1 cumulative IPC: 1.711 (Simulation time: 13 hr 09 min 40 sec)
Heartbeat CPU 11 instructions: 560000126 cycles: 163620370 heartbeat IPC: 3.35 cumulative IPC: 3.367 (Simulation time: 13 hr 11 min 30 sec)
Heartbeat CPU 10 instructions: 560000126 cycles: 163622560 heartbeat IPC: 3.351 cumulative IPC: 3.367 (Simulation time: 13 hr 11 min 31 sec)
Heartbeat CPU 7 instructions: 670000173 cycles: 164936423 heartbeat IPC: 4.181 cumulative IPC: 4.041 (Simulation time: 13 hr 17 min 42 sec)
Heartbeat CPU 9 instructions: 550000117 cycles: 165176424 heartbeat IPC: 3.162 cumulative IPC: 3.2 (Simulation time: 13 hr 18 min 49 sec)
Heartbeat CPU 6 instructions: 550000129 cycles: 165214829 heartbeat IPC: 3.138 cumulative IPC: 3.2 (Simulation time: 13 hr 19 min 00 sec)
Flushing L1 caches...
cpu9_L1D: Flushed 207 dirty blocks.
cpu8_L1D: Flushed 428 dirty blocks.
cpu7_L1D: Flushed 8 dirty blocks.
cpu6_L1D: Flushed 229 dirty blocks.
cpu5_L1D: Flushed 260 dirty blocks.
cpu4_L1D: Flushed 260 dirty blocks.
cpu3_L1D: Flushed 412 dirty blocks.
cpu2_L1D: Flushed 260 dirty blocks.
cpu1_L1D: Flushed 58 dirty blocks.
cpu15_L1D: Flushed 261 dirty blocks.
cpu14_L1D: Flushed 260 dirty blocks.
cpu13_L1D: Flushed 129 dirty blocks.
cpu12_L1D: Flushed 590 dirty blocks.
cpu11_L1D: Flushed 644 dirty blocks.
cpu10_L1D: Flushed 644 dirty blocks.
cpu0_L1D: Flushed 145 dirty blocks.
Flushing L2 caches...
cpu9_L2C: Flushed 7684 dirty blocks.
cpu8_L2C: Flushed 17692 dirty blocks.
cpu7_L2C: Flushed 9 dirty blocks.
cpu6_L2C: Flushed 8104 dirty blocks.
cpu5_L2C: Flushed 260 dirty blocks.
cpu4_L2C: Flushed 260 dirty blocks.
cpu3_L2C: Flushed 7314 dirty blocks.
cpu2_L2C: Flushed 260 dirty blocks.
cpu1_L2C: Flushed 11522 dirty blocks.
cpu15_L2C: Flushed 261 dirty blocks.
cpu14_L2C: Flushed 260 dirty blocks.
cpu13_L2C: Flushed 965 dirty blocks.
cpu12_L2C: Flushed 19408 dirty blocks.
cpu11_L2C: Flushed 19988 dirty blocks.
cpu10_L2C: Flushed 19811 dirty blocks.
cpu0_L2C: Flushed 14959 dirty blocks.
Flushing LLC...
LLC: Flushed 87682 dirty blocks.
Rigorous flush pipeline fully complete!
Simulation finished CPU 0 instructions: 200000002 cycles: 151848710 cumulative IPC: 1.317 (Simulation time: 13 hr 20 min 57 sec)
Simulation complete CPU 9 instructions: 484479681 cycles: 151848710 cumulative IPC: 3.191 (Simulation time: 13 hr 20 min 57 sec)
Simulation complete CPU 8 instructions: 259061720 cycles: 151848710 cumulative IPC: 1.706 (Simulation time: 13 hr 20 min 57 sec)
Simulation complete CPU 7 instructions: 611837581 cycles: 151848710 cumulative IPC: 4.029 (Simulation time: 13 hr 20 min 57 sec)
Simulation complete CPU 6 instructions: 484354753 cycles: 151848710 cumulative IPC: 3.19 (Simulation time: 13 hr 20 min 57 sec)
Simulation complete CPU 5 instructions: 522329737 cycles: 151848710 cumulative IPC: 3.44 (Simulation time: 13 hr 20 min 57 sec)
Simulation complete CPU 4 instructions: 473192222 cycles: 151848710 cumulative IPC: 3.116 (Simulation time: 13 hr 20 min 57 sec)
Simulation complete CPU 3 instructions: 315556111 cycles: 151848710 cumulative IPC: 2.078 (Simulation time: 13 hr 20 min 57 sec)
Simulation complete CPU 2 instructions: 473205576 cycles: 151848710 cumulative IPC: 3.116 (Simulation time: 13 hr 20 min 57 sec)
Simulation complete CPU 15 instructions: 550654832 cycles: 151848710 cumulative IPC: 3.626 (Simulation time: 13 hr 20 min 57 sec)
Simulation complete CPU 14 instructions: 473210382 cycles: 151848710 cumulative IPC: 3.116 (Simulation time: 13 hr 20 min 57 sec)
Simulation complete CPU 13 instructions: 387745880 cycles: 151848710 cumulative IPC: 2.554 (Simulation time: 13 hr 20 min 57 sec)
Simulation complete CPU 12 instructions: 437352278 cycles: 151848710 cumulative IPC: 2.88 (Simulation time: 13 hr 20 min 57 sec)
Simulation complete CPU 11 instructions: 509678458 cycles: 151848710 cumulative IPC: 3.356 (Simulation time: 13 hr 20 min 57 sec)
Simulation complete CPU 10 instructions: 509671038 cycles: 151848710 cumulative IPC: 3.356 (Simulation time: 13 hr 20 min 57 sec)
Simulation complete CPU 1 instructions: 436715115 cycles: 151848710 cumulative IPC: 2.876 (Simulation time: 13 hr 20 min 57 sec)
Simulation complete CPU 0 instructions: 200000002 cycles: 151848710 cumulative IPC: 1.317 (Simulation time: 13 hr 20 min 57 sec)

ChampSim completed all CPUs

=== Simulation ===
CPU 0 runs /home/tandonmitul27/workspace/SPEC17/623.xalancbmk_s-325B.champsimtrace.xz
CPU 1 runs /home/tandonmitul27/workspace/SPEC17/644.nab_s-12459B.champsimtrace.xz
CPU 2 runs /home/tandonmitul27/workspace/SPEC17/648.exchange2_s-387B.champsimtrace.xz
CPU 3 runs /home/tandonmitul27/workspace/SPEC17/600.perlbench_s-1273B.champsimtrace.xz
CPU 4 runs /home/tandonmitul27/workspace/SPEC17/648.exchange2_s-387B.champsimtrace.xz
CPU 5 runs /home/tandonmitul27/workspace/SPEC17/648.exchange2_s-1247B.champsimtrace.xz
CPU 6 runs /home/tandonmitul27/workspace/SPEC17/625.x264_s-39B.champsimtrace.xz
CPU 7 runs /home/tandonmitul27/workspace/SPEC17/607.cactuBSSN_s-4248B.champsimtrace.xz
CPU 8 runs /home/tandonmitul27/workspace/SPEC17/657.xz_s-3167B.champsimtrace.xz
CPU 9 runs /home/tandonmitul27/workspace/SPEC17/625.x264_s-39B.champsimtrace.xz
CPU 10 runs /home/tandonmitul27/workspace/SPEC17/603.bwaves_s-5359B.champsimtrace.xz
CPU 11 runs /home/tandonmitul27/workspace/SPEC17/603.bwaves_s-5359B.champsimtrace.xz
CPU 12 runs /home/tandonmitul27/workspace/SPEC17/649.fotonik3d_s-1B.champsimtrace.xz
CPU 13 runs /home/tandonmitul27/workspace/SPEC17/644.nab_s-12521B.champsimtrace.xz
CPU 14 runs /home/tandonmitul27/workspace/SPEC17/648.exchange2_s-387B.champsimtrace.xz
CPU 15 runs /home/tandonmitul27/workspace/SPEC17/648.exchange2_s-1699B.champsimtrace.xz

Total Simulation Statistics (not including warmup)

CPU 9 cumulative IPC: 3.191 instructions: 484479681 cycles: 151848710
CPU 9 Branch Prediction Accuracy: 96.97% MPKI: 1.242 Average ROB Occupancy at Mispredict: 91.55
Branch type MPKI
BRANCH_DIRECT_JUMP: 0.001451
BRANCH_INDIRECT: 0.002401
BRANCH_CONDITIONAL: 1.04
BRANCH_DIRECT_CALL: 0.0005016
BRANCH_INDIRECT_CALL: 0.04171
BRANCH_RETURN: 0.1562


CPU 8 cumulative IPC: 1.706 instructions: 259061720 cycles: 151848710
CPU 8 Branch Prediction Accuracy: 95.79% MPKI: 6.283 Average ROB Occupancy at Mispredict: 43.67
Branch type MPKI
BRANCH_DIRECT_JUMP: 0.07615
BRANCH_INDIRECT: 0.8002
BRANCH_CONDITIONAL: 5.404
BRANCH_DIRECT_CALL: 1.544e-05
BRANCH_INDIRECT_CALL: 0.002447
BRANCH_RETURN: 1.544e-05


CPU 7 cumulative IPC: 4.029 instructions: 611837581 cycles: 151848710
CPU 7 Branch Prediction Accuracy: 99.96% MPKI: 0.04546 Average ROB Occupancy at Mispredict: 180
Branch type MPKI
BRANCH_DIRECT_JUMP: 0
BRANCH_INDIRECT: 0
BRANCH_CONDITIONAL: 0.04546
BRANCH_DIRECT_CALL: 0
BRANCH_INDIRECT_CALL: 0
BRANCH_RETURN: 0


CPU 6 cumulative IPC: 3.19 instructions: 484354753 cycles: 151848710
CPU 6 Branch Prediction Accuracy: 96.97% MPKI: 1.242 Average ROB Occupancy at Mispredict: 91.39
Branch type MPKI
BRANCH_DIRECT_JUMP: 0.001451
BRANCH_INDIRECT: 0.002401
BRANCH_CONDITIONAL: 1.04
BRANCH_DIRECT_CALL: 0.0005017
BRANCH_INDIRECT_CALL: 0.0417
BRANCH_RETURN: 0.1562


CPU 5 cumulative IPC: 3.44 instructions: 522329737 cycles: 151848710
CPU 5 Branch Prediction Accuracy: 98.02% MPKI: 2.796 Average ROB Occupancy at Mispredict: 33.49
Branch type MPKI
BRANCH_DIRECT_JUMP: 0.113
BRANCH_INDIRECT: 0
BRANCH_CONDITIONAL: 2.683
BRANCH_DIRECT_CALL: 0.0001608
BRANCH_INDIRECT_CALL: 0
BRANCH_RETURN: 0.0001608


CPU 4 cumulative IPC: 3.116 instructions: 473192222 cycles: 151848710
CPU 4 Branch Prediction Accuracy: 97.99% MPKI: 3.158 Average ROB Occupancy at Mispredict: 58.8
Branch type MPKI
BRANCH_DIRECT_JUMP: 0.349
BRANCH_INDIRECT: 0
BRANCH_CONDITIONAL: 2.809
BRANCH_DIRECT_CALL: 0
BRANCH_INDIRECT_CALL: 0
BRANCH_RETURN: 0


CPU 3 cumulative IPC: 2.078 instructions: 315556111 cycles: 151848710
CPU 3 Branch Prediction Accuracy: 98.59% MPKI: 2.114 Average ROB Occupancy at Mispredict: 119
Branch type MPKI
BRANCH_DIRECT_JUMP: 0.06213
BRANCH_INDIRECT: 0.2737
BRANCH_CONDITIONAL: 1.596
BRANCH_DIRECT_CALL: 0.01512
BRANCH_INDIRECT_CALL: 0.1528
BRANCH_RETURN: 0.01476


CPU 2 cumulative IPC: 3.116 instructions: 473205576 cycles: 151848710
CPU 2 Branch Prediction Accuracy: 97.99% MPKI: 3.158 Average ROB Occupancy at Mispredict: 58.79
Branch type MPKI
BRANCH_DIRECT_JUMP: 0.3491
BRANCH_INDIRECT: 0
BRANCH_CONDITIONAL: 2.809
BRANCH_DIRECT_CALL: 0
BRANCH_INDIRECT_CALL: 0
BRANCH_RETURN: 0


CPU 15 cumulative IPC: 3.626 instructions: 550654832 cycles: 151848710
CPU 15 Branch Prediction Accuracy: 98.65% MPKI: 1.845 Average ROB Occupancy at Mispredict: 44.66
Branch type MPKI
BRANCH_DIRECT_JUMP: 0.04907
BRANCH_INDIRECT: 0
BRANCH_CONDITIONAL: 1.796
BRANCH_DIRECT_CALL: 3.632e-06
BRANCH_INDIRECT_CALL: 0
BRANCH_RETURN: 5.448e-06


CPU 14 cumulative IPC: 3.116 instructions: 473210382 cycles: 151848710
CPU 14 Branch Prediction Accuracy: 97.99% MPKI: 3.158 Average ROB Occupancy at Mispredict: 58.79
Branch type MPKI
BRANCH_DIRECT_JUMP: 0.3491
BRANCH_INDIRECT: 0
BRANCH_CONDITIONAL: 2.809
BRANCH_DIRECT_CALL: 0
BRANCH_INDIRECT_CALL: 0
BRANCH_RETURN: 0


CPU 13 cumulative IPC: 2.554 instructions: 387745880 cycles: 151848710
CPU 13 Branch Prediction Accuracy: 99.94% MPKI: 0.06323 Average ROB Occupancy at Mispredict: 201.7
Branch type MPKI
BRANCH_DIRECT_JUMP: 0
BRANCH_INDIRECT: 0
BRANCH_CONDITIONAL: 0.06323
BRANCH_DIRECT_CALL: 0
BRANCH_INDIRECT_CALL: 0
BRANCH_RETURN: 0


CPU 12 cumulative IPC: 2.88 instructions: 437352278 cycles: 151848710
CPU 12 Branch Prediction Accuracy: 98.95% MPKI: 2.498 Average ROB Occupancy at Mispredict: 109.8
Branch type MPKI
BRANCH_DIRECT_JUMP: 2.286e-06
BRANCH_INDIRECT: 0.2733
BRANCH_CONDITIONAL: 2.225
BRANCH_DIRECT_CALL: 2.286e-06
BRANCH_INDIRECT_CALL: 0
BRANCH_RETURN: 2.286e-06


CPU 11 cumulative IPC: 3.356 instructions: 509678458 cycles: 151848710
CPU 11 Branch Prediction Accuracy: 99.53% MPKI: 0.6903 Average ROB Occupancy at Mispredict: 143.6
Branch type MPKI
BRANCH_DIRECT_JUMP: 0.05821
BRANCH_INDIRECT: 0
BRANCH_CONDITIONAL: 0.5693
BRANCH_DIRECT_CALL: 0
BRANCH_INDIRECT_CALL: 0
BRANCH_RETURN: 0.06275


CPU 10 cumulative IPC: 3.356 instructions: 509671038 cycles: 151848710
CPU 10 Branch Prediction Accuracy: 99.53% MPKI: 0.6903 Average ROB Occupancy at Mispredict: 143.6
Branch type MPKI
BRANCH_DIRECT_JUMP: 0.05821
BRANCH_INDIRECT: 0
BRANCH_CONDITIONAL: 0.5693
BRANCH_DIRECT_CALL: 0
BRANCH_INDIRECT_CALL: 0
BRANCH_RETURN: 0.06275


CPU 1 cumulative IPC: 2.876 instructions: 436715115 cycles: 151848710
CPU 1 Branch Prediction Accuracy: 97.95% MPKI: 2.853 Average ROB Occupancy at Mispredict: 100.7
Branch type MPKI
BRANCH_DIRECT_JUMP: 0.2688
BRANCH_INDIRECT: 0
BRANCH_CONDITIONAL: 2.584
BRANCH_DIRECT_CALL: 0
BRANCH_INDIRECT_CALL: 0
BRANCH_RETURN: 0


CPU 0 cumulative IPC: 1.317 instructions: 200000002 cycles: 151848710
CPU 0 Branch Prediction Accuracy: 97.83% MPKI: 6.236 Average ROB Occupancy at Mispredict: 43.8
Branch type MPKI
BRANCH_DIRECT_JUMP: 0.1248
BRANCH_INDIRECT: 0.3877
BRANCH_CONDITIONAL: 3.657
BRANCH_DIRECT_CALL: 0.00068
BRANCH_INDIRECT_CALL: 0.4311
BRANCH_RETURN: 1.635

cpu9->cpu9_STLB TOTAL        ACCESS:     778386 HIT:     768347 MISS:      10039 MSHR_MERGE:          0
cpu9->cpu9_STLB LOAD         ACCESS:     778386 HIT:     768347 MISS:      10039 MSHR_MERGE:          0
cpu9->cpu9_STLB RFO          ACCESS:          0 HIT:          0 MISS:          0 MSHR_MERGE:          0
cpu9->cpu9_STLB PREFETCH     ACCESS:          0 HIT:          0 MISS:          0 MSHR_MERGE:          0
cpu9->cpu9_STLB WRITE        ACCESS:          0 HIT:          0 MISS:          0 MSHR_MERGE:          0
cpu9->cpu9_STLB TRANSLATION  ACCESS:          0 HIT:          0 MISS:          0 MSHR_MERGE:          0
cpu9->cpu9_STLB PREFETCH REQUESTED:          0 ISSUED:          0 USEFUL:          0 USELESS:          0
cpu9->cpu9_STLB AVERAGE MISS LATENCY: 590.2 cycles
cpu0->cpu9_L2C TOTAL        ACCESS:        207 HIT:        198 MISS:          9 MSHR_MERGE:          0
cpu0->cpu9_L2C LOAD         ACCESS:          0 HIT:          0 MISS:          0 MSHR_MERGE:          0
cpu0->cpu9_L2C RFO          ACCESS:          0 HIT:          0 MISS:          0 MSHR_MERGE:          0
cpu0->cpu9_L2C PREFETCH     ACCESS:          0 HIT:          0 MISS:          0 MSHR_MERGE:          0
cpu0->cpu9_L2C WRITE        ACCESS:        207 HIT:        198 MISS:          9 MSHR_MERGE:          0
cpu0->cpu9_L2C TRANSLATION  ACCESS:          0 HIT:          0 MISS:          0 MSHR_MERGE:          0
cpu0->cpu9_L2C PREFETCH REQUESTED:    6129805 ISSUED:    6009973 USEFUL:      60990 USELESS:       2323
cpu0->cpu9_L2C AVERAGE MISS LATENCY: 9.769e+06 cycles
cpu9->cpu9_L2C TOTAL        ACCESS:   10423535 HIT:    7298979 MISS:    3124556 MSHR_MERGE:     406265
cpu9->cpu9_L2C LOAD         ACCESS:    2504097 HIT:    2085461 MISS:     418636 MSHR_MERGE:      31673
cpu9->cpu9_L2C RFO          ACCESS:     385617 HIT:     165059 MISS:     220558 MSHR_MERGE:         23
cpu9->cpu9_L2C PREFETCH     ACCESS:    7045253 HIT:    4659937 MISS:    2385316 MSHR_MERGE:     374569
cpu9->cpu9_L2C WRITE        ACCESS:     473410 HIT:     388291 MISS:      85119 MSHR_MERGE:          0
cpu9->cpu9_L2C TRANSLATION  ACCESS:      15158 HIT:        231 MISS:      14927 MSHR_MERGE:          0
cpu9->cpu9_L2C PREFETCH REQUESTED:    6129805 ISSUED:    6009973 USEFUL:      60990 USELESS:       2323
cpu9->cpu9_L2C AVERAGE MISS LATENCY: 118.9 cycles
cpu9_L2C FLUSH STALL CYCLES: 7428
cpu9->cpu9_L1I TOTAL        ACCESS:  114510592 HIT:  107961719 MISS:    6548873 MSHR_MERGE:    4039679
cpu9->cpu9_L1I LOAD         ACCESS:   58109037 HIT:   54760578 MISS:    3348459 MSHR_MERGE:    1791525
cpu9->cpu9_L1I RFO          ACCESS:          0 HIT:          0 MISS:          0 MSHR_MERGE:          0
cpu9->cpu9_L1I PREFETCH     ACCESS:   56401555 HIT:   53201141 MISS:    3200414 MSHR_MERGE:    2248154
cpu9->cpu9_L1I WRITE        ACCESS:          0 HIT:          0 MISS:          0 MSHR_MERGE:          0
cpu9->cpu9_L1I TRANSLATION  ACCESS:          0 HIT:          0 MISS:          0 MSHR_MERGE:          0
cpu9->cpu9_L1I PREFETCH REQUESTED:   58120434 ISSUED:   56401523 USEFUL:     599069 USELESS:     353173
cpu9->cpu9_L1I AVERAGE MISS LATENCY: 9.231 cycles
cpu9->cpu9_L1D TOTAL        ACCESS:   94827974 HIT:   89879023 MISS:    4948951 MSHR_MERGE:    3517115
cpu9->cpu9_L1D LOAD         ACCESS:   58638256 HIT:   56349595 MISS:    2288661 MSHR_MERGE:    1341478
cpu9->cpu9_L1D RFO          ACCESS:          0 HIT:          0 MISS:          0 MSHR_MERGE:          0
cpu9->cpu9_L1D PREFETCH     ACCESS:    2741356 HIT:    2598659 MISS:     142697 MSHR_MERGE:      58938
cpu9->cpu9_L1D WRITE        ACCESS:   33428265 HIT:   30926947 MISS:    2501318 MSHR_MERGE:    2115582
cpu9->cpu9_L1D TRANSLATION  ACCESS:      20097 HIT:       3822 MISS:      16275 MSHR_MERGE:       1117
cpu9->cpu9_L1D PREFETCH REQUESTED:    2955162 ISSUED:    2741356 USEFUL:      22064 USELESS:      20923
cpu9->cpu9_L1D AVERAGE MISS LATENCY: 74.89 cycles
cpu9_L1D FLUSH STALL CYCLES: 143
cpu9->cpu9_ITLB TOTAL        ACCESS:   81576489 HIT:   81568785 MISS:       7704 MSHR_MERGE:       4924
cpu9->cpu9_ITLB LOAD         ACCESS:   81576489 HIT:   81568785 MISS:       7704 MSHR_MERGE:       4924
cpu9->cpu9_ITLB RFO          ACCESS:          0 HIT:          0 MISS:          0 MSHR_MERGE:          0
cpu9->cpu9_ITLB PREFETCH     ACCESS:          0 HIT:          0 MISS:          0 MSHR_MERGE:          0
cpu9->cpu9_ITLB WRITE        ACCESS:          0 HIT:          0 MISS:          0 MSHR_MERGE:          0
cpu9->cpu9_ITLB TRANSLATION  ACCESS:          0 HIT:          0 MISS:          0 MSHR_MERGE:          0
cpu9->cpu9_ITLB PREFETCH REQUESTED:          0 ISSUED:          0 USEFUL:          0 USELESS:          0
cpu9->cpu9_ITLB AVERAGE MISS LATENCY: 35.79 cycles
cpu9->cpu9_DTLB TOTAL        ACCESS:   86569221 HIT:   85050733 MISS:    1518488 MSHR_MERGE:     742882
cpu9->cpu9_DTLB LOAD         ACCESS:   86569221 HIT:   85050733 MISS:    1518488 MSHR_MERGE:     742882
cpu9->cpu9_DTLB RFO          ACCESS:          0 HIT:          0 MISS:          0 MSHR_MERGE:          0
cpu9->cpu9_DTLB PREFETCH     ACCESS:          0 HIT:          0 MISS:          0 MSHR_MERGE:          0
cpu9->cpu9_DTLB WRITE        ACCESS:          0 HIT:          0 MISS:          0 MSHR_MERGE:          0
cpu9->cpu9_DTLB TRANSLATION  ACCESS:          0 HIT:          0 MISS:          0 MSHR_MERGE:          0
cpu9->cpu9_DTLB PREFETCH REQUESTED:          0 ISSUED:          0 USEFUL:          0 USELESS:          0
cpu9->cpu9_DTLB AVERAGE MISS LATENCY: 12.54 cycles
cpu8->cpu8_STLB TOTAL        ACCESS:    1270662 HIT:    1149726 MISS:     120936 MSHR_MERGE:          0
cpu8->cpu8_STLB LOAD         ACCESS:    1270662 HIT:    1149726 MISS:     120936 MSHR_MERGE:          0
cpu8->cpu8_STLB RFO          ACCESS:          0 HIT:          0 MISS:          0 MSHR_MERGE:          0
cpu8->cpu8_STLB PREFETCH     ACCESS:          0 HIT:          0 MISS:          0 MSHR_MERGE:          0
cpu8->cpu8_STLB WRITE        ACCESS:          0 HIT:          0 MISS:          0 MSHR_MERGE:          0
cpu8->cpu8_STLB TRANSLATION  ACCESS:          0 HIT:          0 MISS:          0 MSHR_MERGE:          0
cpu8->cpu8_STLB PREFETCH REQUESTED:          0 ISSUED:          0 USEFUL:          0 USELESS:          0
cpu8->cpu8_STLB AVERAGE MISS LATENCY: 310.1 cycles
cpu0->cpu8_L2C TOTAL        ACCESS:        428 HIT:        403 MISS:         25 MSHR_MERGE:          0
cpu0->cpu8_L2C LOAD         ACCESS:          0 HIT:          0 MISS:          0 MSHR_MERGE:          0
cpu0->cpu8_L2C RFO          ACCESS:          0 HIT:          0 MISS:          0 MSHR_MERGE:          0
cpu0->cpu8_L2C PREFETCH     ACCESS:          0 HIT:          0 MISS:          0 MSHR_MERGE:          0
cpu0->cpu8_L2C WRITE        ACCESS:        428 HIT:        403 MISS:         25 MSHR_MERGE:          0
cpu0->cpu8_L2C TRANSLATION  ACCESS:          0 HIT:          0 MISS:          0 MSHR_MERGE:          0
cpu0->cpu8_L2C PREFETCH REQUESTED:     864573 ISSUED:     864573 USEFUL:       6897 USELESS:        129
cpu0->cpu8_L2C AVERAGE MISS LATENCY: 3.378e+06 cycles
cpu8->cpu8_L2C TOTAL        ACCESS:    3504735 HIT:    2610200 MISS:     894535 MSHR_MERGE:     223030
cpu8->cpu8_L2C LOAD         ACCESS:     953366 HIT:     702004 MISS:     251362 MSHR_MERGE:       5894
cpu8->cpu8_L2C RFO          ACCESS:     360272 HIT:     278773 MISS:      81499 MSHR_MERGE:          0
cpu8->cpu8_L2C PREFETCH     ACCESS:     955940 HIT:     649080 MISS:     306860 MSHR_MERGE:     217136
cpu8->cpu8_L2C WRITE        ACCESS:     999296 HIT:     959825 MISS:      39471 MSHR_MERGE:          0
cpu8->cpu8_L2C TRANSLATION  ACCESS:     235861 HIT:      20518 MISS:     215343 MSHR_MERGE:          0
cpu8->cpu8_L2C PREFETCH REQUESTED:     864573 ISSUED:     864573 USEFUL:       6897 USELESS:        129
cpu8->cpu8_L2C AVERAGE MISS LATENCY: 143.7 cycles
cpu8_L2C FLUSH STALL CYCLES: 17436
cpu8->cpu8_L1I TOTAL        ACCESS:   24769844 HIT:   24764093 MISS:       5751 MSHR_MERGE:       3902
cpu8->cpu8_L1I LOAD         ACCESS:   12397962 HIT:   12395542 MISS:       2420 MSHR_MERGE:       1371
cpu8->cpu8_L1I RFO          ACCESS:          0 HIT:          0 MISS:          0 MSHR_MERGE:          0
cpu8->cpu8_L1I PREFETCH     ACCESS:   12371882 HIT:   12368551 MISS:       3331 MSHR_MERGE:       2531
cpu8->cpu8_L1I WRITE        ACCESS:          0 HIT:          0 MISS:          0 MSHR_MERGE:          0
cpu8->cpu8_L1I TRANSLATION  ACCESS:          0 HIT:          0 MISS:          0 MSHR_MERGE:          0
cpu8->cpu8_L1I PREFETCH REQUESTED:   12397962 ISSUED:   12371850 USEFUL:        528 USELESS:        273
cpu8->cpu8_L1I AVERAGE MISS LATENCY: 49.52 cycles
cpu8->cpu8_L1D TOTAL        ACCESS:   62361389 HIT:   60013507 MISS:    2347882 MSHR_MERGE:     708849
cpu8->cpu8_L1D LOAD         ACCESS:   43947409 HIT:   42663894 MISS:    1283515 MSHR_MERGE:     331186
cpu8->cpu8_L1D RFO          ACCESS:          0 HIT:          0 MISS:          0 MSHR_MERGE:          0
cpu8->cpu8_L1D PREFETCH     ACCESS:    1011152 HIT:     912418 MISS:      98734 MSHR_MERGE:       8167
cpu8->cpu8_L1D WRITE        ACCESS:   17160959 HIT:   16432301 MISS:     728658 MSHR_MERGE:     368382
cpu8->cpu8_L1D TRANSLATION  ACCESS:     241869 HIT:       4894 MISS:     236975 MSHR_MERGE:       1114
cpu8->cpu8_L1D PREFETCH REQUESTED:    1012164 ISSUED:    1011152 USEFUL:      32869 USELESS:      57660
cpu8->cpu8_L1D AVERAGE MISS LATENCY: 64.61 cycles
cpu8_L1D FLUSH STALL CYCLES: 364
cpu8->cpu8_ITLB TOTAL        ACCESS:   18051344 HIT:   18051344 MISS:          0 MSHR_MERGE:          0
cpu8->cpu8_ITLB LOAD         ACCESS:   18051344 HIT:   18051344 MISS:          0 MSHR_MERGE:          0
cpu8->cpu8_ITLB RFO          ACCESS:          0 HIT:          0 MISS:          0 MSHR_MERGE:          0
cpu8->cpu8_ITLB PREFETCH     ACCESS:          0 HIT:          0 MISS:          0 MSHR_MERGE:          0
cpu8->cpu8_ITLB WRITE        ACCESS:          0 HIT:          0 MISS:          0 MSHR_MERGE:          0
cpu8->cpu8_ITLB TRANSLATION  ACCESS:          0 HIT:          0 MISS:          0 MSHR_MERGE:          0
cpu8->cpu8_ITLB PREFETCH REQUESTED:          0 ISSUED:          0 USEFUL:          0 USELESS:          0
cpu8->cpu8_ITLB AVERAGE MISS LATENCY: - cycles
cpu8->cpu8_DTLB TOTAL        ACCESS:   58386724 HIT:   56926915 MISS:    1459809 MSHR_MERGE:     189147
cpu8->cpu8_DTLB LOAD         ACCESS:   58386724 HIT:   56926915 MISS:    1459809 MSHR_MERGE:     189147
cpu8->cpu8_DTLB RFO          ACCESS:          0 HIT:          0 MISS:          0 MSHR_MERGE:          0
cpu8->cpu8_DTLB PREFETCH     ACCESS:          0 HIT:          0 MISS:          0 MSHR_MERGE:          0
cpu8->cpu8_DTLB WRITE        ACCESS:          0 HIT:          0 MISS:          0 MSHR_MERGE:          0
cpu8->cpu8_DTLB TRANSLATION  ACCESS:          0 HIT:          0 MISS:          0 MSHR_MERGE:          0
cpu8->cpu8_DTLB PREFETCH REQUESTED:          0 ISSUED:          0 USEFUL:          0 USELESS:          0
cpu8->cpu8_DTLB AVERAGE MISS LATENCY: 34.61 cycles
cpu7->cpu7_STLB TOTAL        ACCESS:       9258 HIT:          0 MISS:       9258 MSHR_MERGE:          0
cpu7->cpu7_STLB LOAD         ACCESS:       9258 HIT:          0 MISS:       9258 MSHR_MERGE:          0
cpu7->cpu7_STLB RFO          ACCESS:          0 HIT:          0 MISS:          0 MSHR_MERGE:          0
cpu7->cpu7_STLB PREFETCH     ACCESS:          0 HIT:          0 MISS:          0 MSHR_MERGE:          0
cpu7->cpu7_STLB WRITE        ACCESS:          0 HIT:          0 MISS:          0 MSHR_MERGE:          0
cpu7->cpu7_STLB TRANSLATION  ACCESS:          0 HIT:          0 MISS:          0 MSHR_MERGE:          0
cpu7->cpu7_STLB PREFETCH REQUESTED:          0 ISSUED:          0 USEFUL:          0 USELESS:          0
cpu7->cpu7_STLB AVERAGE MISS LATENCY: 638.4 cycles
cpu0->cpu7_L2C TOTAL        ACCESS:          8 HIT:          0 MISS:          8 MSHR_MERGE:          0
cpu0->cpu7_L2C LOAD         ACCESS:          0 HIT:          0 MISS:          0 MSHR_MERGE:          0
cpu0->cpu7_L2C RFO          ACCESS:          0 HIT:          0 MISS:          0 MSHR_MERGE:          0
cpu0->cpu7_L2C PREFETCH     ACCESS:          0 HIT:          0 MISS:          0 MSHR_MERGE:          0
cpu0->cpu7_L2C WRITE        ACCESS:          8 HIT:          0 MISS:          8 MSHR_MERGE:          0
cpu0->cpu7_L2C TRANSLATION  ACCESS:          0 HIT:          0 MISS:          0 MSHR_MERGE:          0
cpu0->cpu7_L2C PREFETCH REQUESTED:   11783493 ISSUED:   11783493 USEFUL:     434526 USELESS:          0
cpu0->cpu7_L2C AVERAGE MISS LATENCY: 1.064e+06 cycles
cpu7->cpu7_L2C TOTAL        ACCESS:   12386446 HIT:     434665 MISS:   11951781 MSHR_MERGE:         20
cpu7->cpu7_L2C LOAD         ACCESS:     592517 HIT:     434661 MISS:     157856 MSHR_MERGE:         20
cpu7->cpu7_L2C RFO          ACCESS:          2 HIT:          2 MISS:          0 MSHR_MERGE:          0
cpu7->cpu7_L2C PREFETCH     ACCESS:   11783493 HIT:          0 MISS:   11783493 MSHR_MERGE:          0
cpu7->cpu7_L2C WRITE        ACCESS:          2 HIT:          2 MISS:          0 MSHR_MERGE:          0
cpu7->cpu7_L2C TRANSLATION  ACCESS:      10432 HIT:          0 MISS:      10432 MSHR_MERGE:          0
cpu7->cpu7_L2C PREFETCH REQUESTED:   11783493 ISSUED:   11783493 USEFUL:     434526 USELESS:          0
cpu7->cpu7_L2C AVERAGE MISS LATENCY: 50.57 cycles
cpu7->cpu7_L1I TOTAL        ACCESS:    1911970 HIT:    1911970 MISS:          0 MSHR_MERGE:          0
cpu7->cpu7_L1I LOAD         ACCESS:     955985 HIT:     955985 MISS:          0 MSHR_MERGE:          0
cpu7->cpu7_L1I RFO          ACCESS:          0 HIT:          0 MISS:          0 MSHR_MERGE:          0
cpu7->cpu7_L1I PREFETCH     ACCESS:     955985 HIT:     955985 MISS:          0 MSHR_MERGE:          0
cpu7->cpu7_L1I WRITE        ACCESS:          0 HIT:          0 MISS:          0 MSHR_MERGE:          0
cpu7->cpu7_L1I TRANSLATION  ACCESS:          0 HIT:          0 MISS:          0 MSHR_MERGE:          0
cpu7->cpu7_L1I PREFETCH REQUESTED:     955985 ISSUED:     955985 USEFUL:          0 USELESS:          0
cpu7->cpu7_L1I AVERAGE MISS LATENCY: - cycles
cpu7->cpu7_L1D TOTAL        ACCESS:   99665797 HIT:   98984072 MISS:     681725 MSHR_MERGE:      78774
cpu7->cpu7_L1D LOAD         ACCESS:   80631284 HIT:   79959993 MISS:     671291 MSHR_MERGE:      78774
cpu7->cpu7_L1D RFO          ACCESS:          0 HIT:          0 MISS:          0 MSHR_MERGE:          0
cpu7->cpu7_L1D PREFETCH     ACCESS:          0 HIT:          0 MISS:          0 MSHR_MERGE:          0
cpu7->cpu7_L1D WRITE        ACCESS:   19015980 HIT:   19015978 MISS:          2 MSHR_MERGE:          0
cpu7->cpu7_L1D TRANSLATION  ACCESS:      18533 HIT:       8101 MISS:      10432 MSHR_MERGE:          0
cpu7->cpu7_L1D PREFETCH REQUESTED:          0 ISSUED:          0 USEFUL:          0 USELESS:          0
cpu7->cpu7_L1D AVERAGE MISS LATENCY: 24.39 cycles
cpu7->cpu7_ITLB TOTAL        ACCESS:    1105440 HIT:    1105440 MISS:          0 MSHR_MERGE:          0
cpu7->cpu7_ITLB LOAD         ACCESS:    1105440 HIT:    1105440 MISS:          0 MSHR_MERGE:          0
cpu7->cpu7_ITLB RFO          ACCESS:          0 HIT:          0 MISS:          0 MSHR_MERGE:          0
cpu7->cpu7_ITLB PREFETCH     ACCESS:          0 HIT:          0 MISS:          0 MSHR_MERGE:          0
cpu7->cpu7_ITLB WRITE        ACCESS:          0 HIT:          0 MISS:          0 MSHR_MERGE:          0
cpu7->cpu7_ITLB TRANSLATION  ACCESS:          0 HIT:          0 MISS:          0 MSHR_MERGE:          0
cpu7->cpu7_ITLB PREFETCH REQUESTED:          0 ISSUED:          0 USEFUL:          0 USELESS:          0
cpu7->cpu7_ITLB AVERAGE MISS LATENCY: - cycles
cpu7->cpu7_DTLB TOTAL        ACCESS:   92116304 HIT:   92101151 MISS:      15153 MSHR_MERGE:       5895
cpu7->cpu7_DTLB LOAD         ACCESS:   92116304 HIT:   92101151 MISS:      15153 MSHR_MERGE:       5895
cpu7->cpu7_DTLB RFO          ACCESS:          0 HIT:          0 MISS:          0 MSHR_MERGE:          0
cpu7->cpu7_DTLB PREFETCH     ACCESS:          0 HIT:          0 MISS:          0 MSHR_MERGE:          0
cpu7->cpu7_DTLB WRITE        ACCESS:          0 HIT:          0 MISS:          0 MSHR_MERGE:          0
cpu7->cpu7_DTLB TRANSLATION  ACCESS:          0 HIT:          0 MISS:          0 MSHR_MERGE:          0
cpu7->cpu7_DTLB PREFETCH REQUESTED:          0 ISSUED:          0 USEFUL:          0 USELESS:          0
cpu7->cpu7_DTLB AVERAGE MISS LATENCY: 644.4 cycles
cpu6->cpu6_STLB TOTAL        ACCESS:     778203 HIT:     768167 MISS:      10036 MSHR_MERGE:          0
cpu6->cpu6_STLB LOAD         ACCESS:     778203 HIT:     768167 MISS:      10036 MSHR_MERGE:          0
cpu6->cpu6_STLB RFO          ACCESS:          0 HIT:          0 MISS:          0 MSHR_MERGE:          0
cpu6->cpu6_STLB PREFETCH     ACCESS:          0 HIT:          0 MISS:          0 MSHR_MERGE:          0
cpu6->cpu6_STLB WRITE        ACCESS:          0 HIT:          0 MISS:          0 MSHR_MERGE:          0
cpu6->cpu6_STLB TRANSLATION  ACCESS:          0 HIT:          0 MISS:          0 MSHR_MERGE:          0
cpu6->cpu6_STLB PREFETCH REQUESTED:          0 ISSUED:          0 USEFUL:          0 USELESS:          0
cpu6->cpu6_STLB AVERAGE MISS LATENCY: 589.3 cycles
cpu0->cpu6_L2C TOTAL        ACCESS:        229 HIT:        218 MISS:         11 MSHR_MERGE:          0
cpu0->cpu6_L2C LOAD         ACCESS:          0 HIT:          0 MISS:          0 MSHR_MERGE:          0
cpu0->cpu6_L2C RFO          ACCESS:          0 HIT:          0 MISS:          0 MSHR_MERGE:          0
cpu0->cpu6_L2C PREFETCH     ACCESS:          0 HIT:          0 MISS:          0 MSHR_MERGE:          0
cpu0->cpu6_L2C WRITE        ACCESS:        229 HIT:        218 MISS:         11 MSHR_MERGE:          0
cpu0->cpu6_L2C TRANSLATION  ACCESS:          0 HIT:          0 MISS:          0 MSHR_MERGE:          0
cpu0->cpu6_L2C PREFETCH REQUESTED:    6198536 ISSUED:    6090181 USEFUL:      61563 USELESS:       2320
cpu0->cpu6_L2C AVERAGE MISS LATENCY: 8.02e+06 cycles
cpu6->cpu6_L2C TOTAL        ACCESS:   10501622 HIT:    7324726 MISS:    3176896 MSHR_MERGE:     420567
cpu6->cpu6_L2C LOAD         ACCESS:    2500018 HIT:    2070943 MISS:     429075 MSHR_MERGE:      31388
cpu6->cpu6_L2C RFO          ACCESS:     385788 HIT:     165062 MISS:     220726 MSHR_MERGE:         22
cpu6->cpu6_L2C PREFETCH     ACCESS:    7127290 HIT:    4695490 MISS:    2431800 MSHR_MERGE:     389157
cpu6->cpu6_L2C WRITE        ACCESS:     473370 HIT:     392999 MISS:      80371 MSHR_MERGE:          0
cpu6->cpu6_L2C TRANSLATION  ACCESS:      15156 HIT:        232 MISS:      14924 MSHR_MERGE:          0
cpu6->cpu6_L2C PREFETCH REQUESTED:    6198536 ISSUED:    6090181 USEFUL:      61563 USELESS:       2320
cpu6->cpu6_L2C AVERAGE MISS LATENCY: 118.4 cycles
cpu6_L2C FLUSH STALL CYCLES: 7848
cpu6->cpu6_L1I TOTAL        ACCESS:  114531984 HIT:  108015991 MISS:    6515993 MSHR_MERGE:    4008562
cpu6->cpu6_L1I LOAD         ACCESS:   58134043 HIT:   54809422 MISS:    3324621 MSHR_MERGE:    1771388
cpu6->cpu6_L1I RFO          ACCESS:          0 HIT:          0 MISS:          0 MSHR_MERGE:          0
cpu6->cpu6_L1I PREFETCH     ACCESS:   56397941 HIT:   53206569 MISS:    3191372 MSHR_MERGE:    2237174
cpu6->cpu6_L1I WRITE        ACCESS:          0 HIT:          0 MISS:          0 MSHR_MERGE:          0
cpu6->cpu6_L1I TRANSLATION  ACCESS:          0 HIT:          0 MISS:          0 MSHR_MERGE:          0
cpu6->cpu6_L1I PREFETCH REQUESTED:   58148909 ISSUED:   56397908 USEFUL:     601491 USELESS:     352682
cpu6->cpu6_L1I AVERAGE MISS LATENCY: 9.335 cycles
cpu6->cpu6_L1D TOTAL        ACCESS:   94778700 HIT:   89832262 MISS:    4946438 MSHR_MERGE:    3514902
cpu6->cpu6_L1D LOAD         ACCESS:   58598756 HIT:   56310733 MISS:    2288023 MSHR_MERGE:    1341230
cpu6->cpu6_L1D RFO          ACCESS:          0 HIT:          0 MISS:          0 MSHR_MERGE:          0
cpu6->cpu6_L1D PREFETCH     ACCESS:    2739218 HIT:    2596319 MISS:     142899 MSHR_MERGE:      59233
cpu6->cpu6_L1D WRITE        ACCESS:   33420635 HIT:   30921405 MISS:    2499230 MSHR_MERGE:    2113309
cpu6->cpu6_L1D TRANSLATION  ACCESS:      20091 HIT:       3805 MISS:      16286 MSHR_MERGE:       1130
cpu6->cpu6_L1D PREFETCH REQUESTED:    2951653 ISSUED:    2739218 USEFUL:      22287 USELESS:      20956
cpu6->cpu6_L1D AVERAGE MISS LATENCY: 75 cycles
cpu6_L1D FLUSH STALL CYCLES: 165
cpu6->cpu6_ITLB TOTAL        ACCESS:   81617255 HIT:   81609486 MISS:       7769 MSHR_MERGE:       4989
cpu6->cpu6_ITLB LOAD         ACCESS:   81617255 HIT:   81609486 MISS:       7769 MSHR_MERGE:       4989
cpu6->cpu6_ITLB RFO          ACCESS:          0 HIT:          0 MISS:          0 MSHR_MERGE:          0
cpu6->cpu6_ITLB PREFETCH     ACCESS:          0 HIT:          0 MISS:          0 MSHR_MERGE:          0
cpu6->cpu6_ITLB WRITE        ACCESS:          0 HIT:          0 MISS:          0 MSHR_MERGE:          0
cpu6->cpu6_ITLB TRANSLATION  ACCESS:          0 HIT:          0 MISS:          0 MSHR_MERGE:          0
cpu6->cpu6_ITLB PREFETCH REQUESTED:          0 ISSUED:          0 USEFUL:          0 USELESS:          0
cpu6->cpu6_ITLB AVERAGE MISS LATENCY: 36.03 cycles
cpu6->cpu6_DTLB TOTAL        ACCESS:   86531882 HIT:   85014016 MISS:    1517866 MSHR_MERGE:     742443
cpu6->cpu6_DTLB LOAD         ACCESS:   86531882 HIT:   85014016 MISS:    1517866 MSHR_MERGE:     742443
cpu6->cpu6_DTLB RFO          ACCESS:          0 HIT:          0 MISS:          0 MSHR_MERGE:          0
cpu6->cpu6_DTLB PREFETCH     ACCESS:          0 HIT:          0 MISS:          0 MSHR_MERGE:          0
cpu6->cpu6_DTLB WRITE        ACCESS:          0 HIT:          0 MISS:          0 MSHR_MERGE:          0
cpu6->cpu6_DTLB TRANSLATION  ACCESS:          0 HIT:          0 MISS:          0 MSHR_MERGE:          0
cpu6->cpu6_DTLB PREFETCH REQUESTED:          0 ISSUED:          0 USEFUL:          0 USELESS:          0
cpu6->cpu6_DTLB AVERAGE MISS LATENCY: 12.53 cycles
cpu5->cpu5_STLB TOTAL        ACCESS:         36 HIT:          0 MISS:         36 MSHR_MERGE:          0
cpu5->cpu5_STLB LOAD         ACCESS:         36 HIT:          0 MISS:         36 MSHR_MERGE:          0
cpu5->cpu5_STLB RFO          ACCESS:          0 HIT:          0 MISS:          0 MSHR_MERGE:          0
cpu5->cpu5_STLB PREFETCH     ACCESS:          0 HIT:          0 MISS:          0 MSHR_MERGE:          0
cpu5->cpu5_STLB WRITE        ACCESS:          0 HIT:          0 MISS:          0 MSHR_MERGE:          0
cpu5->cpu5_STLB TRANSLATION  ACCESS:          0 HIT:          0 MISS:          0 MSHR_MERGE:          0
cpu5->cpu5_STLB PREFETCH REQUESTED:          0 ISSUED:          0 USEFUL:          0 USELESS:          0
cpu5->cpu5_STLB AVERAGE MISS LATENCY: 749.1 cycles
cpu0->cpu5_L2C TOTAL        ACCESS:        260 HIT:        260 MISS:          0 MSHR_MERGE:          0
cpu0->cpu5_L2C LOAD         ACCESS:          0 HIT:          0 MISS:          0 MSHR_MERGE:          0
cpu0->cpu5_L2C RFO          ACCESS:          0 HIT:          0 MISS:          0 MSHR_MERGE:          0
cpu0->cpu5_L2C PREFETCH     ACCESS:          0 HIT:          0 MISS:          0 MSHR_MERGE:          0
cpu0->cpu5_L2C WRITE        ACCESS:        260 HIT:        260 MISS:          0 MSHR_MERGE:          0
cpu0->cpu5_L2C TRANSLATION  ACCESS:          0 HIT:          0 MISS:          0 MSHR_MERGE:          0
cpu0->cpu5_L2C PREFETCH REQUESTED:      53537 ISSUED:      53518 USEFUL:        124 USELESS:          0
cpu0->cpu5_L2C AVERAGE MISS LATENCY: - cycles
cpu5->cpu5_L2C TOTAL        ACCESS:      73269 HIT:      66990 MISS:       6279 MSHR_MERGE:        771
cpu5->cpu5_L2C LOAD         ACCESS:      12151 HIT:      11606 MISS:        545 MSHR_MERGE:          9
cpu5->cpu5_L2C RFO          ACCESS:         68 HIT:          4 MISS:         64 MSHR_MERGE:          0
cpu5->cpu5_L2C PREFETCH     ACCESS:      60991 HIT:      55378 MISS:       5613 MSHR_MERGE:        762
cpu5->cpu5_L2C WRITE        ACCESS:          2 HIT:          2 MISS:          0 MSHR_MERGE:          0
cpu5->cpu5_L2C TRANSLATION  ACCESS:         57 HIT:          0 MISS:         57 MSHR_MERGE:          0
cpu5->cpu5_L2C PREFETCH REQUESTED:      53537 ISSUED:      53518 USEFUL:        124 USELESS:          0
cpu5->cpu5_L2C AVERAGE MISS LATENCY: 146.7 cycles
cpu5_L2C FLUSH STALL CYCLES: 4
cpu5->cpu5_L1I TOTAL        ACCESS:  136660767 HIT:  136597929 MISS:      62838 MSHR_MERGE:      43271
cpu5->cpu5_L1I LOAD         ACCESS:   69687493 HIT:   69658911 MISS:      28582 MSHR_MERGE:      16478
cpu5->cpu5_L1I RFO          ACCESS:          0 HIT:          0 MISS:          0 MSHR_MERGE:          0
cpu5->cpu5_L1I PREFETCH     ACCESS:   66973274 HIT:   66939018 MISS:      34256 MSHR_MERGE:      26793
cpu5->cpu5_L1I WRITE        ACCESS:          0 HIT:          0 MISS:          0 MSHR_MERGE:          0
cpu5->cpu5_L1I TRANSLATION  ACCESS:          0 HIT:          0 MISS:          0 MSHR_MERGE:          0
cpu5->cpu5_L1I PREFETCH REQUESTED:   69687493 ISSUED:   66973272 USEFUL:       6611 USELESS:        832
cpu5->cpu5_L1I AVERAGE MISS LATENCY: 14.41 cycles
cpu5->cpu5_L1D TOTAL        ACCESS:  147992013 HIT:  147991194 MISS:        819 MSHR_MERGE:        637
cpu5->cpu5_L1D LOAD         ACCESS:   60482378 HIT:   60482269 MISS:        109 MSHR_MERGE:         62
cpu5->cpu5_L1D RFO          ACCESS:          0 HIT:          0 MISS:          0 MSHR_MERGE:          0
cpu5->cpu5_L1D PREFETCH     ACCESS:   11180007 HIT:   11179984 MISS:         23 MSHR_MERGE:         13
cpu5->cpu5_L1D WRITE        ACCESS:   76329555 HIT:   76328925 MISS:        630 MSHR_MERGE:        562
cpu5->cpu5_L1D TRANSLATION  ACCESS:         73 HIT:         16 MISS:         57 MSHR_MERGE:          0
cpu5->cpu5_L1D PREFETCH REQUESTED:   11869087 ISSUED:   11179991 USEFUL:          7 USELESS:          2
cpu5->cpu5_L1D AVERAGE MISS LATENCY: 198.4 cycles
cpu5_L1D FLUSH STALL CYCLES: 196
cpu5->cpu5_ITLB TOTAL        ACCESS:   92857574 HIT:   92857514 MISS:         60 MSHR_MERGE:         36
cpu5->cpu5_ITLB LOAD         ACCESS:   92857574 HIT:   92857514 MISS:         60 MSHR_MERGE:         36
cpu5->cpu5_ITLB RFO          ACCESS:          0 HIT:          0 MISS:          0 MSHR_MERGE:          0
cpu5->cpu5_ITLB PREFETCH     ACCESS:          0 HIT:          0 MISS:          0 MSHR_MERGE:          0
cpu5->cpu5_ITLB WRITE        ACCESS:          0 HIT:          0 MISS:          0 MSHR_MERGE:          0
cpu5->cpu5_ITLB TRANSLATION  ACCESS:          0 HIT:          0 MISS:          0 MSHR_MERGE:          0
cpu5->cpu5_ITLB PREFETCH REQUESTED:          0 ISSUED:          0 USEFUL:          0 USELESS:          0
cpu5->cpu5_ITLB AVERAGE MISS LATENCY: 747.8 cycles
cpu5->cpu5_DTLB TOTAL        ACCESS:  115505743 HIT:  115505697 MISS:         46 MSHR_MERGE:         34
cpu5->cpu5_DTLB LOAD         ACCESS:  115505743 HIT:  115505697 MISS:         46 MSHR_MERGE:         34
cpu5->cpu5_DTLB RFO          ACCESS:          0 HIT:          0 MISS:          0 MSHR_MERGE:          0
cpu5->cpu5_DTLB PREFETCH     ACCESS:          0 HIT:          0 MISS:          0 MSHR_MERGE:          0
cpu5->cpu5_DTLB WRITE        ACCESS:          0 HIT:          0 MISS:          0 MSHR_MERGE:          0
cpu5->cpu5_DTLB TRANSLATION  ACCESS:          0 HIT:          0 MISS:          0 MSHR_MERGE:          0
cpu5->cpu5_DTLB PREFETCH REQUESTED:          0 ISSUED:          0 USEFUL:          0 USELESS:          0
cpu5->cpu5_DTLB AVERAGE MISS LATENCY: 769.7 cycles
cpu0->cpu4_L2C TOTAL        ACCESS:        260 HIT:        260 MISS:          0 MSHR_MERGE:          0
cpu0->cpu4_L2C LOAD         ACCESS:          0 HIT:          0 MISS:          0 MSHR_MERGE:          0
cpu0->cpu4_L2C RFO          ACCESS:          0 HIT:          0 MISS:          0 MSHR_MERGE:          0
cpu0->cpu4_L2C PREFETCH     ACCESS:          0 HIT:          0 MISS:          0 MSHR_MERGE:          0
cpu0->cpu4_L2C WRITE        ACCESS:        260 HIT:        260 MISS:          0 MSHR_MERGE:          0
cpu0->cpu4_L2C TRANSLATION  ACCESS:          0 HIT:          0 MISS:          0 MSHR_MERGE:          0
cpu0->cpu4_L2C PREFETCH REQUESTED:     736766 ISSUED:     722684 USEFUL:          8 USELESS:          0
cpu0->cpu4_L2C AVERAGE MISS LATENCY: - cycles
cpu4->cpu4_L2C TOTAL        ACCESS:     903079 HIT:     847945 MISS:      55134 MSHR_MERGE:         35
cpu4->cpu4_L2C LOAD         ACCESS:     115531 HIT:     115486 MISS:         45 MSHR_MERGE:          1
cpu4->cpu4_L2C RFO          ACCESS:          0 HIT:          0 MISS:          0 MSHR_MERGE:          0
cpu4->cpu4_L2C PREFETCH     ACCESS:     787548 HIT:     732459 MISS:      55089 MSHR_MERGE:         34
cpu4->cpu4_L2C WRITE        ACCESS:          0 HIT:          0 MISS:          0 MSHR_MERGE:          0
cpu4->cpu4_L2C TRANSLATION  ACCESS:          0 HIT:          0 MISS:          0 MSHR_MERGE:          0
cpu4->cpu4_L2C PREFETCH REQUESTED:     736766 ISSUED:     722684 USEFUL:          8 USELESS:          0
cpu4->cpu4_L2C AVERAGE MISS LATENCY: 116.2 cycles
cpu4_L2C FLUSH STALL CYCLES: 4
cpu4->cpu4_L1I TOTAL        ACCESS:   90027891 HIT:   89408318 MISS:     619573 MSHR_MERGE:     439204
cpu4->cpu4_L1I LOAD         ACCESS:   45805672 HIT:   45512282 MISS:     293390 MSHR_MERGE:     177882
cpu4->cpu4_L1I RFO          ACCESS:          0 HIT:          0 MISS:          0 MSHR_MERGE:          0
cpu4->cpu4_L1I PREFETCH     ACCESS:   44222219 HIT:   43896036 MISS:     326183 MSHR_MERGE:     261322
cpu4->cpu4_L1I WRITE        ACCESS:          0 HIT:          0 MISS:          0 MSHR_MERGE:          0
cpu4->cpu4_L1I TRANSLATION  ACCESS:          0 HIT:          0 MISS:          0 MSHR_MERGE:          0
cpu4->cpu4_L1I PREFETCH REQUESTED:   45805673 ISSUED:   44222206 USEFUL:      56586 USELESS:       8277
cpu4->cpu4_L1I AVERAGE MISS LATENCY: 8.585 cycles
cpu4->cpu4_L1D TOTAL        ACCESS:  131505919 HIT:  131505893 MISS:         26 MSHR_MERGE:          0
cpu4->cpu4_L1D LOAD         ACCESS:   63000203 HIT:   63000180 MISS:         23 MSHR_MERGE:          0
cpu4->cpu4_L1D RFO          ACCESS:          0 HIT:          0 MISS:          0 MSHR_MERGE:          0
cpu4->cpu4_L1D PREFETCH     ACCESS:    8552338 HIT:    8552335 MISS:          3 MSHR_MERGE:          0
cpu4->cpu4_L1D WRITE        ACCESS:   59953378 HIT:   59953378 MISS:          0 MSHR_MERGE:          0
cpu4->cpu4_L1D TRANSLATION  ACCESS:          0 HIT:          0 MISS:          0 MSHR_MERGE:          0
cpu4->cpu4_L1D PREFETCH REQUESTED:    9436844 ISSUED:    8552337 USEFUL:          0 USELESS:          0
cpu4->cpu4_L1D AVERAGE MISS LATENCY: 196.2 cycles
cpu4_L1D FLUSH STALL CYCLES: 196
cpu4->cpu4_ITLB TOTAL        ACCESS:   61598541 HIT:   61598541 MISS:          0 MSHR_MERGE:          0
cpu4->cpu4_ITLB LOAD         ACCESS:   61598541 HIT:   61598541 MISS:          0 MSHR_MERGE:          0
cpu4->cpu4_ITLB RFO          ACCESS:          0 HIT:          0 MISS:          0 MSHR_MERGE:          0
cpu4->cpu4_ITLB PREFETCH     ACCESS:          0 HIT:          0 MISS:          0 MSHR_MERGE:          0
cpu4->cpu4_ITLB WRITE        ACCESS:          0 HIT:          0 MISS:          0 MSHR_MERGE:          0
cpu4->cpu4_ITLB TRANSLATION  ACCESS:          0 HIT:          0 MISS:          0 MSHR_MERGE:          0
cpu4->cpu4_ITLB PREFETCH REQUESTED:          0 ISSUED:          0 USEFUL:          0 USELESS:          0
cpu4->cpu4_ITLB AVERAGE MISS LATENCY: - cycles
cpu4->cpu4_DTLB TOTAL        ACCESS:  108441753 HIT:  108441753 MISS:          0 MSHR_MERGE:          0
cpu4->cpu4_DTLB LOAD         ACCESS:  108441753 HIT:  108441753 MISS:          0 MSHR_MERGE:          0
cpu4->cpu4_DTLB RFO          ACCESS:          0 HIT:          0 MISS:          0 MSHR_MERGE:          0
cpu4->cpu4_DTLB PREFETCH     ACCESS:          0 HIT:          0 MISS:          0 MSHR_MERGE:          0
cpu4->cpu4_DTLB WRITE        ACCESS:          0 HIT:          0 MISS:          0 MSHR_MERGE:          0
cpu4->cpu4_DTLB TRANSLATION  ACCESS:          0 HIT:          0 MISS:          0 MSHR_MERGE:          0
cpu4->cpu4_DTLB PREFETCH REQUESTED:          0 ISSUED:          0 USEFUL:          0 USELESS:          0
cpu4->cpu4_DTLB AVERAGE MISS LATENCY: - cycles
cpu3->cpu3_STLB TOTAL        ACCESS:     358488 HIT:     344386 MISS:      14102 MSHR_MERGE:          0
cpu3->cpu3_STLB LOAD         ACCESS:     358488 HIT:     344386 MISS:      14102 MSHR_MERGE:          0
cpu3->cpu3_STLB RFO          ACCESS:          0 HIT:          0 MISS:          0 MSHR_MERGE:          0
cpu3->cpu3_STLB PREFETCH     ACCESS:          0 HIT:          0 MISS:          0 MSHR_MERGE:          0
cpu3->cpu3_STLB WRITE        ACCESS:          0 HIT:          0 MISS:          0 MSHR_MERGE:          0
cpu3->cpu3_STLB TRANSLATION  ACCESS:          0 HIT:          0 MISS:          0 MSHR_MERGE:          0
cpu3->cpu3_STLB PREFETCH REQUESTED:          0 ISSUED:          0 USEFUL:          0 USELESS:          0
cpu3->cpu3_STLB AVERAGE MISS LATENCY: 539.5 cycles
cpu0->cpu3_L2C TOTAL        ACCESS:        412 HIT:        406 MISS:          6 MSHR_MERGE:          0
cpu0->cpu3_L2C LOAD         ACCESS:          0 HIT:          0 MISS:          0 MSHR_MERGE:          0
cpu0->cpu3_L2C RFO          ACCESS:          0 HIT:          0 MISS:          0 MSHR_MERGE:          0
cpu0->cpu3_L2C PREFETCH     ACCESS:          0 HIT:          0 MISS:          0 MSHR_MERGE:          0
cpu0->cpu3_L2C WRITE        ACCESS:        412 HIT:        406 MISS:          6 MSHR_MERGE:          0
cpu0->cpu3_L2C TRANSLATION  ACCESS:          0 HIT:          0 MISS:          0 MSHR_MERGE:          0
cpu0->cpu3_L2C PREFETCH REQUESTED:    1119155 ISSUED:    1119155 USEFUL:        587 USELESS:        172
cpu0->cpu3_L2C AVERAGE MISS LATENCY: 4.277e+06 cycles
cpu3->cpu3_L2C TOTAL        ACCESS:    2704002 HIT:    2222680 MISS:     481322 MSHR_MERGE:      58815
cpu3->cpu3_L2C LOAD         ACCESS:     989839 HIT:     851977 MISS:     137862 MSHR_MERGE:         51
cpu3->cpu3_L2C RFO          ACCESS:      31618 HIT:      24201 MISS:       7417 MSHR_MERGE:          0
cpu3->cpu3_L2C PREFETCH     ACCESS:    1554974 HIT:    1249883 MISS:     305091 MSHR_MERGE:      58764
cpu3->cpu3_L2C WRITE        ACCESS:     100067 HIT:      94280 MISS:       5787 MSHR_MERGE:          0
cpu3->cpu3_L2C TRANSLATION  ACCESS:      27504 HIT:       2339 MISS:      25165 MSHR_MERGE:          0
cpu3->cpu3_L2C PREFETCH REQUESTED:    1119155 ISSUED:    1119155 USEFUL:        587 USELESS:        172
cpu3->cpu3_L2C AVERAGE MISS LATENCY: 145.6 cycles
cpu3_L2C FLUSH STALL CYCLES: 7058
cpu3->cpu3_L1I TOTAL        ACCESS:  101311671 HIT:   99318876 MISS:    1992795 MSHR_MERGE:     909906
cpu3->cpu3_L1I LOAD         ACCESS:   52679996 HIT:   51646102 MISS:    1033894 MSHR_MERGE:     349819
cpu3->cpu3_L1I RFO          ACCESS:          0 HIT:          0 MISS:          0 MSHR_MERGE:          0
cpu3->cpu3_L1I PREFETCH     ACCESS:   48631675 HIT:   47672774 MISS:     958901 MSHR_MERGE:     560087
cpu3->cpu3_L1I WRITE        ACCESS:          0 HIT:          0 MISS:          0 MSHR_MERGE:          0
cpu3->cpu3_L1I TRANSLATION  ACCESS:          0 HIT:          0 MISS:          0 MSHR_MERGE:          0
cpu3->cpu3_L1I PREFETCH REQUESTED:   52688477 ISSUED:   48631649 USEFUL:     129562 USELESS:     269249
cpu3->cpu3_L1I AVERAGE MISS LATENCY: 10.41 cycles
cpu3->cpu3_L1D TOTAL        ACCESS:   95845020 HIT:   95270664 MISS:     574356 MSHR_MERGE:     172464
cpu3->cpu3_L1D LOAD         ACCESS:   37896189 HIT:   37489377 MISS:     406812 MSHR_MERGE:     101048
cpu3->cpu3_L1D RFO          ACCESS:          0 HIT:          0 MISS:          0 MSHR_MERGE:          0
cpu3->cpu3_L1D PREFETCH     ACCESS:     262143 HIT:     219056 MISS:      43087 MSHR_MERGE:       6082
cpu3->cpu3_L1D WRITE        ACCESS:   57656251 HIT:   57559378 MISS:      96873 MSHR_MERGE:      65254
cpu3->cpu3_L1D TRANSLATION  ACCESS:      30437 HIT:       2853 MISS:      27584 MSHR_MERGE:         80
cpu3->cpu3_L1D PREFETCH REQUESTED:     268059 ISSUED:     262127 USEFUL:      18753 USELESS:      18107
cpu3->cpu3_L1D AVERAGE MISS LATENCY: 78.08 cycles
cpu3_L1D FLUSH STALL CYCLES: 348
cpu3->cpu3_ITLB TOTAL        ACCESS:   77260630 HIT:   77166051 MISS:      94579 MSHR_MERGE:      57802
cpu3->cpu3_ITLB LOAD         ACCESS:   77260630 HIT:   77166051 MISS:      94579 MSHR_MERGE:      57802
cpu3->cpu3_ITLB RFO          ACCESS:          0 HIT:          0 MISS:          0 MSHR_MERGE:          0
cpu3->cpu3_ITLB PREFETCH     ACCESS:          0 HIT:          0 MISS:          0 MSHR_MERGE:          0
cpu3->cpu3_ITLB WRITE        ACCESS:          0 HIT:          0 MISS:          0 MSHR_MERGE:          0
cpu3->cpu3_ITLB TRANSLATION  ACCESS:          0 HIT:          0 MISS:          0 MSHR_MERGE:          0
cpu3->cpu3_ITLB PREFETCH REQUESTED:          0 ISSUED:          0 USEFUL:          0 USELESS:          0
cpu3->cpu3_ITLB AVERAGE MISS LATENCY: 12.61 cycles
cpu3->cpu3_DTLB TOTAL        ACCESS:   84849523 HIT:   84415231 MISS:     434292 MSHR_MERGE:     112581
cpu3->cpu3_DTLB LOAD         ACCESS:   84849523 HIT:   84415231 MISS:     434292 MSHR_MERGE:     112581
cpu3->cpu3_DTLB RFO          ACCESS:          0 HIT:          0 MISS:          0 MSHR_MERGE:          0
cpu3->cpu3_DTLB PREFETCH     ACCESS:          0 HIT:          0 MISS:          0 MSHR_MERGE:          0
cpu3->cpu3_DTLB WRITE        ACCESS:          0 HIT:          0 MISS:          0 MSHR_MERGE:          0
cpu3->cpu3_DTLB TRANSLATION  ACCESS:          0 HIT:          0 MISS:          0 MSHR_MERGE:          0
cpu3->cpu3_DTLB PREFETCH REQUESTED:          0 ISSUED:          0 USEFUL:          0 USELESS:          0
cpu3->cpu3_DTLB AVERAGE MISS LATENCY: 27.82 cycles
cpu0->cpu2_L2C TOTAL        ACCESS:        260 HIT:        260 MISS:          0 MSHR_MERGE:          0
cpu0->cpu2_L2C LOAD         ACCESS:          0 HIT:          0 MISS:          0 MSHR_MERGE:          0
cpu0->cpu2_L2C RFO          ACCESS:          0 HIT:          0 MISS:          0 MSHR_MERGE:          0
cpu0->cpu2_L2C PREFETCH     ACCESS:          0 HIT:          0 MISS:          0 MSHR_MERGE:          0
cpu0->cpu2_L2C WRITE        ACCESS:        260 HIT:        260 MISS:          0 MSHR_MERGE:          0
cpu0->cpu2_L2C TRANSLATION  ACCESS:          0 HIT:          0 MISS:          0 MSHR_MERGE:          0
cpu0->cpu2_L2C PREFETCH REQUESTED:     742319 ISSUED:     727779 USEFUL:         10 USELESS:          0
cpu0->cpu2_L2C AVERAGE MISS LATENCY: - cycles
cpu2->cpu2_L2C TOTAL        ACCESS:     908176 HIT:     855163 MISS:      53013 MSHR_MERGE:         34
cpu2->cpu2_L2C LOAD         ACCESS:     115539 HIT:     115495 MISS:         44 MSHR_MERGE:          1
cpu2->cpu2_L2C RFO          ACCESS:          0 HIT:          0 MISS:          0 MSHR_MERGE:          0
cpu2->cpu2_L2C PREFETCH     ACCESS:     792637 HIT:     739668 MISS:      52969 MSHR_MERGE:         33
cpu2->cpu2_L2C WRITE        ACCESS:          0 HIT:          0 MISS:          0 MSHR_MERGE:          0
cpu2->cpu2_L2C TRANSLATION  ACCESS:          0 HIT:          0 MISS:          0 MSHR_MERGE:          0
cpu2->cpu2_L2C PREFETCH REQUESTED:     742319 ISSUED:     727779 USEFUL:         10 USELESS:          0
cpu2->cpu2_L2C AVERAGE MISS LATENCY: 120.1 cycles
cpu2_L2C FLUSH STALL CYCLES: 4
cpu2->cpu2_L1I TOTAL        ACCESS:   90022472 HIT:   89403083 MISS:     619389 MSHR_MERGE:     439020
cpu2->cpu2_L1I LOAD         ACCESS:   45803081 HIT:   45509794 MISS:     293287 MSHR_MERGE:     177772
cpu2->cpu2_L1I RFO          ACCESS:          0 HIT:          0 MISS:          0 MSHR_MERGE:          0
cpu2->cpu2_L1I PREFETCH     ACCESS:   44219391 HIT:   43893289 MISS:     326102 MSHR_MERGE:     261248
cpu2->cpu2_L1I WRITE        ACCESS:          0 HIT:          0 MISS:          0 MSHR_MERGE:          0
cpu2->cpu2_L1I TRANSLATION  ACCESS:          0 HIT:          0 MISS:          0 MSHR_MERGE:          0
cpu2->cpu2_L1I PREFETCH REQUESTED:   45803082 ISSUED:   44219391 USEFUL:      56579 USELESS:       8277
cpu2->cpu2_L1I AVERAGE MISS LATENCY: 8.584 cycles
cpu2->cpu2_L1D TOTAL        ACCESS:  131525098 HIT:  131525070 MISS:         28 MSHR_MERGE:          0
cpu2->cpu2_L1D LOAD         ACCESS:   63008546 HIT:   63008522 MISS:         24 MSHR_MERGE:          0
cpu2->cpu2_L1D RFO          ACCESS:          0 HIT:          0 MISS:          0 MSHR_MERGE:          0
cpu2->cpu2_L1D PREFETCH     ACCESS:    8557568 HIT:    8557564 MISS:          4 MSHR_MERGE:          0
cpu2->cpu2_L1D WRITE        ACCESS:   59958984 HIT:   59958984 MISS:          0 MSHR_MERGE:          0
cpu2->cpu2_L1D TRANSLATION  ACCESS:          0 HIT:          0 MISS:          0 MSHR_MERGE:          0
cpu2->cpu2_L1D PREFETCH REQUESTED:    9438709 ISSUED:    8557565 USEFUL:          0 USELESS:          0
cpu2->cpu2_L1D AVERAGE MISS LATENCY: 182.1 cycles
cpu2_L1D FLUSH STALL CYCLES: 196
cpu2->cpu2_ITLB TOTAL        ACCESS:   61595199 HIT:   61595199 MISS:          0 MSHR_MERGE:          0
cpu2->cpu2_ITLB LOAD         ACCESS:   61595199 HIT:   61595199 MISS:          0 MSHR_MERGE:          0
cpu2->cpu2_ITLB RFO          ACCESS:          0 HIT:          0 MISS:          0 MSHR_MERGE:          0
cpu2->cpu2_ITLB PREFETCH     ACCESS:          0 HIT:          0 MISS:          0 MSHR_MERGE:          0
cpu2->cpu2_ITLB WRITE        ACCESS:          0 HIT:          0 MISS:          0 MSHR_MERGE:          0
cpu2->cpu2_ITLB TRANSLATION  ACCESS:          0 HIT:          0 MISS:          0 MSHR_MERGE:          0
cpu2->cpu2_ITLB PREFETCH REQUESTED:          0 ISSUED:          0 USEFUL:          0 USELESS:          0
cpu2->cpu2_ITLB AVERAGE MISS LATENCY: - cycles
cpu2->cpu2_DTLB TOTAL        ACCESS:  108538555 HIT:  108538555 MISS:          0 MSHR_MERGE:          0
cpu2->cpu2_DTLB LOAD         ACCESS:  108538555 HIT:  108538555 MISS:          0 MSHR_MERGE:          0
cpu2->cpu2_DTLB RFO          ACCESS:          0 HIT:          0 MISS:          0 MSHR_MERGE:          0
cpu2->cpu2_DTLB PREFETCH     ACCESS:          0 HIT:          0 MISS:          0 MSHR_MERGE:          0
cpu2->cpu2_DTLB WRITE        ACCESS:          0 HIT:          0 MISS:          0 MSHR_MERGE:          0
cpu2->cpu2_DTLB TRANSLATION  ACCESS:          0 HIT:          0 MISS:          0 MSHR_MERGE:          0
cpu2->cpu2_DTLB PREFETCH REQUESTED:          0 ISSUED:          0 USEFUL:          0 USELESS:          0
cpu2->cpu2_DTLB AVERAGE MISS LATENCY: - cycles
cpu1->cpu1_STLB TOTAL        ACCESS:     127098 HIT:     126036 MISS:       1062 MSHR_MERGE:          0
cpu1->cpu1_STLB LOAD         ACCESS:     127098 HIT:     126036 MISS:       1062 MSHR_MERGE:          0
cpu1->cpu1_STLB RFO          ACCESS:          0 HIT:          0 MISS:          0 MSHR_MERGE:          0
cpu1->cpu1_STLB PREFETCH     ACCESS:          0 HIT:          0 MISS:          0 MSHR_MERGE:          0
cpu1->cpu1_STLB WRITE        ACCESS:          0 HIT:          0 MISS:          0 MSHR_MERGE:          0
cpu1->cpu1_STLB TRANSLATION  ACCESS:          0 HIT:          0 MISS:          0 MSHR_MERGE:          0
cpu1->cpu1_STLB PREFETCH REQUESTED:          0 ISSUED:          0 USEFUL:          0 USELESS:          0
cpu1->cpu1_STLB AVERAGE MISS LATENCY: 697.8 cycles
cpu0->cpu1_L2C TOTAL        ACCESS:         58 HIT:         41 MISS:         17 MSHR_MERGE:          0
cpu0->cpu1_L2C LOAD         ACCESS:          0 HIT:          0 MISS:          0 MSHR_MERGE:          0
cpu0->cpu1_L2C RFO          ACCESS:          0 HIT:          0 MISS:          0 MSHR_MERGE:          0
cpu0->cpu1_L2C PREFETCH     ACCESS:          0 HIT:          0 MISS:          0 MSHR_MERGE:          0
cpu0->cpu1_L2C WRITE        ACCESS:         58 HIT:         41 MISS:         17 MSHR_MERGE:          0
cpu0->cpu1_L2C TRANSLATION  ACCESS:          0 HIT:          0 MISS:          0 MSHR_MERGE:          0
cpu0->cpu1_L2C PREFETCH REQUESTED:    2757394 ISSUED:    2757394 USEFUL:          5 USELESS:          2
cpu0->cpu1_L2C AVERAGE MISS LATENCY: 8.644e+05 cycles
cpu1->cpu1_L2C TOTAL        ACCESS:    6192580 HIT:    6016478 MISS:     176102 MSHR_MERGE:      21616
cpu1->cpu1_L2C LOAD         ACCESS:    2407445 HIT:    2382348 MISS:      25097 MSHR_MERGE:          0
cpu1->cpu1_L2C RFO          ACCESS:     131416 HIT:      69480 MISS:      61936 MSHR_MERGE:          0
cpu1->cpu1_L2C PREFETCH     ACCESS:    3451162 HIT:    3365628 MISS:      85534 MSHR_MERGE:      21616
cpu1->cpu1_L2C WRITE        ACCESS:     200822 HIT:     198677 MISS:       2145 MSHR_MERGE:          0
cpu1->cpu1_L2C TRANSLATION  ACCESS:       1735 HIT:        345 MISS:       1390 MSHR_MERGE:          0
cpu1->cpu1_L2C PREFETCH REQUESTED:    2757394 ISSUED:    2757394 USEFUL:          5 USELESS:          2
cpu1->cpu1_L2C AVERAGE MISS LATENCY: 162.2 cycles
cpu1_L2C FLUSH STALL CYCLES: 11267
cpu1->cpu1_L1I TOTAL        ACCESS:   15106294 HIT:   15106294 MISS:          0 MSHR_MERGE:          0
cpu1->cpu1_L1I LOAD         ACCESS:    7553147 HIT:    7553147 MISS:          0 MSHR_MERGE:          0
cpu1->cpu1_L1I RFO          ACCESS:          0 HIT:          0 MISS:          0 MSHR_MERGE:          0
cpu1->cpu1_L1I PREFETCH     ACCESS:    7553147 HIT:    7553147 MISS:          0 MSHR_MERGE:          0
cpu1->cpu1_L1I WRITE        ACCESS:          0 HIT:          0 MISS:          0 MSHR_MERGE:          0
cpu1->cpu1_L1I TRANSLATION  ACCESS:          0 HIT:          0 MISS:          0 MSHR_MERGE:          0
cpu1->cpu1_L1I PREFETCH REQUESTED:    7553147 ISSUED:    7553147 USEFUL:          0 USELESS:          0
cpu1->cpu1_L1I AVERAGE MISS LATENCY: - cycles
cpu1->cpu1_L1D TOTAL        ACCESS:  111305053 HIT:  106540225 MISS:    4764828 MSHR_MERGE:    1530451
cpu1->cpu1_L1D LOAD         ACCESS:   59231750 HIT:   56312309 MISS:    2919441 MSHR_MERGE:     511995
cpu1->cpu1_L1D RFO          ACCESS:          0 HIT:          0 MISS:          0 MSHR_MERGE:          0
cpu1->cpu1_L1D PREFETCH     ACCESS:    6640970 HIT:    5906315 MISS:     734655 MSHR_MERGE:      40887
cpu1->cpu1_L1D WRITE        ACCESS:   45430209 HIT:   44321271 MISS:    1108938 MSHR_MERGE:     977510
cpu1->cpu1_L1D TRANSLATION  ACCESS:       2124 HIT:        330 MISS:       1794 MSHR_MERGE:         59
cpu1->cpu1_L1D PREFETCH REQUESTED:    6640981 ISSUED:    6640958 USEFUL:     449358 USELESS:     244395
cpu1->cpu1_L1D AVERAGE MISS LATENCY: 15.8 cycles
cpu1->cpu1_ITLB TOTAL        ACCESS:   10984122 HIT:   10984122 MISS:          0 MSHR_MERGE:          0
cpu1->cpu1_ITLB LOAD         ACCESS:   10984122 HIT:   10984122 MISS:          0 MSHR_MERGE:          0
cpu1->cpu1_ITLB RFO          ACCESS:          0 HIT:          0 MISS:          0 MSHR_MERGE:          0
cpu1->cpu1_ITLB PREFETCH     ACCESS:          0 HIT:          0 MISS:          0 MSHR_MERGE:          0
cpu1->cpu1_ITLB WRITE        ACCESS:          0 HIT:          0 MISS:          0 MSHR_MERGE:          0
cpu1->cpu1_ITLB TRANSLATION  ACCESS:          0 HIT:          0 MISS:          0 MSHR_MERGE:          0
cpu1->cpu1_ITLB PREFETCH REQUESTED:          0 ISSUED:          0 USEFUL:          0 USELESS:          0
cpu1->cpu1_ITLB AVERAGE MISS LATENCY: - cycles
cpu1->cpu1_DTLB TOTAL        ACCESS:   96623844 HIT:   96464980 MISS:     158864 MSHR_MERGE:      31766
cpu1->cpu1_DTLB LOAD         ACCESS:   96623844 HIT:   96464980 MISS:     158864 MSHR_MERGE:      31766
cpu1->cpu1_DTLB RFO          ACCESS:          0 HIT:          0 MISS:          0 MSHR_MERGE:          0
cpu1->cpu1_DTLB PREFETCH     ACCESS:          0 HIT:          0 MISS:          0 MSHR_MERGE:          0
cpu1->cpu1_DTLB WRITE        ACCESS:          0 HIT:          0 MISS:          0 MSHR_MERGE:          0
cpu1->cpu1_DTLB TRANSLATION  ACCESS:          0 HIT:          0 MISS:          0 MSHR_MERGE:          0
cpu1->cpu1_DTLB PREFETCH REQUESTED:          0 ISSUED:          0 USEFUL:          0 USELESS:          0
cpu1->cpu1_DTLB AVERAGE MISS LATENCY: 10.84 cycles
cpu0->cpu15_L2C TOTAL        ACCESS:        261 HIT:        261 MISS:          0 MSHR_MERGE:          0
cpu0->cpu15_L2C LOAD         ACCESS:          0 HIT:          0 MISS:          0 MSHR_MERGE:          0
cpu0->cpu15_L2C RFO          ACCESS:          0 HIT:          0 MISS:          0 MSHR_MERGE:          0
cpu0->cpu15_L2C PREFETCH     ACCESS:          0 HIT:          0 MISS:          0 MSHR_MERGE:          0
cpu0->cpu15_L2C WRITE        ACCESS:        261 HIT:        261 MISS:          0 MSHR_MERGE:          0
cpu0->cpu15_L2C TRANSLATION  ACCESS:          0 HIT:          0 MISS:          0 MSHR_MERGE:          0
cpu0->cpu15_L2C PREFETCH REQUESTED:      10294 ISSUED:      10294 USEFUL:         19 USELESS:          0
cpu0->cpu15_L2C AVERAGE MISS LATENCY: - cycles
cpu15->cpu15_L2C TOTAL        ACCESS:      15178 HIT:      13827 MISS:       1351 MSHR_MERGE:        122
cpu15->cpu15_L2C LOAD         ACCESS:       2973 HIT:       2924 MISS:         49 MSHR_MERGE:          1
cpu15->cpu15_L2C RFO          ACCESS:         15 HIT:          1 MISS:         14 MSHR_MERGE:          0
cpu15->cpu15_L2C PREFETCH     ACCESS:      12190 HIT:      10902 MISS:       1288 MSHR_MERGE:        121
cpu15->cpu15_L2C WRITE        ACCESS:          0 HIT:          0 MISS:          0 MSHR_MERGE:          0
cpu15->cpu15_L2C TRANSLATION  ACCESS:          0 HIT:          0 MISS:          0 MSHR_MERGE:          0
cpu15->cpu15_L2C PREFETCH REQUESTED:      10294 ISSUED:      10294 USEFUL:         19 USELESS:          0
cpu15->cpu15_L2C AVERAGE MISS LATENCY: 122 cycles
cpu15_L2C FLUSH STALL CYCLES: 5
cpu15->cpu15_L1I TOTAL        ACCESS:  149623326 HIT:  149608371 MISS:      14955 MSHR_MERGE:      10098
cpu15->cpu15_L1I LOAD         ACCESS:   77380402 HIT:   77373807 MISS:       6595 MSHR_MERGE:       3627
cpu15->cpu15_L1I RFO          ACCESS:          0 HIT:          0 MISS:          0 MSHR_MERGE:          0
cpu15->cpu15_L1I PREFETCH     ACCESS:   72242924 HIT:   72234564 MISS:       8360 MSHR_MERGE:       6471
cpu15->cpu15_L1I WRITE        ACCESS:          0 HIT:          0 MISS:          0 MSHR_MERGE:          0
cpu15->cpu15_L1I TRANSLATION  ACCESS:          0 HIT:          0 MISS:          0 MSHR_MERGE:          0
cpu15->cpu15_L1I PREFETCH REQUESTED:   77380402 ISSUED:   72242892 USEFUL:       1664 USELESS:        227
cpu15->cpu15_L1I AVERAGE MISS LATENCY: 10.88 cycles
cpu15->cpu15_L1D TOTAL        ACCESS:  161079201 HIT:  161079029 MISS:        172 MSHR_MERGE:        145
cpu15->cpu15_L1D LOAD         ACCESS:   63760720 HIT:   63760690 MISS:         30 MSHR_MERGE:         25
cpu15->cpu15_L1D RFO          ACCESS:          0 HIT:          0 MISS:          0 MSHR_MERGE:          0
cpu15->cpu15_L1D PREFETCH     ACCESS:   11661027 HIT:   11661018 MISS:          9 MSHR_MERGE:          2
cpu15->cpu15_L1D WRITE        ACCESS:   85657454 HIT:   85657321 MISS:        133 MSHR_MERGE:        118
cpu15->cpu15_L1D TRANSLATION  ACCESS:          0 HIT:          0 MISS:          0 MSHR_MERGE:          0
cpu15->cpu15_L1D PREFETCH REQUESTED:   13535943 ISSUED:   11661011 USEFUL:          3 USELESS:          0
cpu15->cpu15_L1D AVERAGE MISS LATENCY: 161.9 cycles
cpu15_L1D FLUSH STALL CYCLES: 198
cpu15->cpu15_ITLB TOTAL        ACCESS:  101379443 HIT:  101379443 MISS:          0 MSHR_MERGE:          0
cpu15->cpu15_ITLB LOAD         ACCESS:  101379443 HIT:  101379443 MISS:          0 MSHR_MERGE:          0
cpu15->cpu15_ITLB RFO          ACCESS:          0 HIT:          0 MISS:          0 MSHR_MERGE:          0
cpu15->cpu15_ITLB PREFETCH     ACCESS:          0 HIT:          0 MISS:          0 MSHR_MERGE:          0
cpu15->cpu15_ITLB WRITE        ACCESS:          0 HIT:          0 MISS:          0 MSHR_MERGE:          0
cpu15->cpu15_ITLB TRANSLATION  ACCESS:          0 HIT:          0 MISS:          0 MSHR_MERGE:          0
cpu15->cpu15_ITLB PREFETCH REQUESTED:          0 ISSUED:          0 USEFUL:          0 USELESS:          0
cpu15->cpu15_ITLB AVERAGE MISS LATENCY: - cycles
cpu15->cpu15_DTLB TOTAL        ACCESS:  124704510 HIT:  124704510 MISS:          0 MSHR_MERGE:          0
cpu15->cpu15_DTLB LOAD         ACCESS:  124704510 HIT:  124704510 MISS:          0 MSHR_MERGE:          0
cpu15->cpu15_DTLB RFO          ACCESS:          0 HIT:          0 MISS:          0 MSHR_MERGE:          0
cpu15->cpu15_DTLB PREFETCH     ACCESS:          0 HIT:          0 MISS:          0 MSHR_MERGE:          0
cpu15->cpu15_DTLB WRITE        ACCESS:          0 HIT:          0 MISS:          0 MSHR_MERGE:          0
cpu15->cpu15_DTLB TRANSLATION  ACCESS:          0 HIT:          0 MISS:          0 MSHR_MERGE:          0
cpu15->cpu15_DTLB PREFETCH REQUESTED:          0 ISSUED:          0 USEFUL:          0 USELESS:          0
cpu15->cpu15_DTLB AVERAGE MISS LATENCY: - cycles
cpu0->cpu14_L2C TOTAL        ACCESS:        260 HIT:        260 MISS:          0 MSHR_MERGE:          0
cpu0->cpu14_L2C LOAD         ACCESS:          0 HIT:          0 MISS:          0 MSHR_MERGE:          0
cpu0->cpu14_L2C RFO          ACCESS:          0 HIT:          0 MISS:          0 MSHR_MERGE:          0
cpu0->cpu14_L2C PREFETCH     ACCESS:          0 HIT:          0 MISS:          0 MSHR_MERGE:          0
cpu0->cpu14_L2C WRITE        ACCESS:        260 HIT:        260 MISS:          0 MSHR_MERGE:          0
cpu0->cpu14_L2C TRANSLATION  ACCESS:          0 HIT:          0 MISS:          0 MSHR_MERGE:          0
cpu0->cpu14_L2C PREFETCH REQUESTED:     704595 ISSUED:     696856 USEFUL:          9 USELESS:          0
cpu0->cpu14_L2C AVERAGE MISS LATENCY: - cycles
cpu14->cpu14_L2C TOTAL        ACCESS:     877255 HIT:     826625 MISS:      50630 MSHR_MERGE:         33
cpu14->cpu14_L2C LOAD         ACCESS:     115552 HIT:     115507 MISS:         45 MSHR_MERGE:          1
cpu14->cpu14_L2C RFO          ACCESS:          1 HIT:          1 MISS:          0 MSHR_MERGE:          0
cpu14->cpu14_L2C PREFETCH     ACCESS:     761702 HIT:     711117 MISS:      50585 MSHR_MERGE:         32
cpu14->cpu14_L2C WRITE        ACCESS:          0 HIT:          0 MISS:          0 MSHR_MERGE:          0
cpu14->cpu14_L2C TRANSLATION  ACCESS:          0 HIT:          0 MISS:          0 MSHR_MERGE:          0
cpu14->cpu14_L2C PREFETCH REQUESTED:     704595 ISSUED:     696856 USEFUL:          9 USELESS:          0
cpu14->cpu14_L2C AVERAGE MISS LATENCY: 112.7 cycles
cpu14_L2C FLUSH STALL CYCLES: 4
cpu14->cpu14_L1I TOTAL        ACCESS:   90022600 HIT:   89403332 MISS:     619268 MSHR_MERGE:     438898
cpu14->cpu14_L1I LOAD         ACCESS:   45802660 HIT:   45509406 MISS:     293254 MSHR_MERGE:     177726
cpu14->cpu14_L1I RFO          ACCESS:          0 HIT:          0 MISS:          0 MSHR_MERGE:          0
cpu14->cpu14_L1I PREFETCH     ACCESS:   44219940 HIT:   43893926 MISS:     326014 MSHR_MERGE:     261172
cpu14->cpu14_L1I WRITE        ACCESS:          0 HIT:          0 MISS:          0 MSHR_MERGE:          0
cpu14->cpu14_L1I TRANSLATION  ACCESS:          0 HIT:          0 MISS:          0 MSHR_MERGE:          0
cpu14->cpu14_L1I PREFETCH REQUESTED:   45802661 ISSUED:   44219935 USEFUL:      56567 USELESS:       8277
cpu14->cpu14_L1I AVERAGE MISS LATENCY: 8.583 cycles
cpu14->cpu14_L1D TOTAL        ACCESS:  131525902 HIT:  131525873 MISS:         29 MSHR_MERGE:          0
cpu14->cpu14_L1D LOAD         ACCESS:   63010486 HIT:   63010462 MISS:         24 MSHR_MERGE:          0
cpu14->cpu14_L1D RFO          ACCESS:          0 HIT:          0 MISS:          0 MSHR_MERGE:          0
cpu14->cpu14_L1D PREFETCH     ACCESS:    8558180 HIT:    8558176 MISS:          4 MSHR_MERGE:          0
cpu14->cpu14_L1D WRITE        ACCESS:   59957236 HIT:   59957235 MISS:          1 MSHR_MERGE:          0
cpu14->cpu14_L1D TRANSLATION  ACCESS:          0 HIT:          0 MISS:          0 MSHR_MERGE:          0
cpu14->cpu14_L1D PREFETCH REQUESTED:    9441319 ISSUED:    8558178 USEFUL:          0 USELESS:          0
cpu14->cpu14_L1D AVERAGE MISS LATENCY: 177.5 cycles
cpu14_L1D FLUSH STALL CYCLES: 196
cpu14->cpu14_ITLB TOTAL        ACCESS:   61595064 HIT:   61595064 MISS:          0 MSHR_MERGE:          0
cpu14->cpu14_ITLB LOAD         ACCESS:   61595064 HIT:   61595064 MISS:          0 MSHR_MERGE:          0
cpu14->cpu14_ITLB RFO          ACCESS:          0 HIT:          0 MISS:          0 MSHR_MERGE:          0
cpu14->cpu14_ITLB PREFETCH     ACCESS:          0 HIT:          0 MISS:          0 MSHR_MERGE:          0
cpu14->cpu14_ITLB WRITE        ACCESS:          0 HIT:          0 MISS:          0 MSHR_MERGE:          0
cpu14->cpu14_ITLB TRANSLATION  ACCESS:          0 HIT:          0 MISS:          0 MSHR_MERGE:          0
cpu14->cpu14_ITLB PREFETCH REQUESTED:          0 ISSUED:          0 USEFUL:          0 USELESS:          0
cpu14->cpu14_ITLB AVERAGE MISS LATENCY: - cycles
cpu14->cpu14_DTLB TOTAL        ACCESS:  108536197 HIT:  108536197 MISS:          0 MSHR_MERGE:          0
cpu14->cpu14_DTLB LOAD         ACCESS:  108536197 HIT:  108536197 MISS:          0 MSHR_MERGE:          0
cpu14->cpu14_DTLB RFO          ACCESS:          0 HIT:          0 MISS:          0 MSHR_MERGE:          0
cpu14->cpu14_DTLB PREFETCH     ACCESS:          0 HIT:          0 MISS:          0 MSHR_MERGE:          0
cpu14->cpu14_DTLB WRITE        ACCESS:          0 HIT:          0 MISS:          0 MSHR_MERGE:          0
cpu14->cpu14_DTLB TRANSLATION  ACCESS:          0 HIT:          0 MISS:          0 MSHR_MERGE:          0
cpu14->cpu14_DTLB PREFETCH REQUESTED:          0 ISSUED:          0 USEFUL:          0 USELESS:          0
cpu14->cpu14_DTLB AVERAGE MISS LATENCY: - cycles
cpu13->cpu13_STLB TOTAL        ACCESS:      40487 HIT:      29955 MISS:      10532 MSHR_MERGE:          0
cpu13->cpu13_STLB LOAD         ACCESS:      40487 HIT:      29955 MISS:      10532 MSHR_MERGE:          0
cpu13->cpu13_STLB RFO          ACCESS:          0 HIT:          0 MISS:          0 MSHR_MERGE:          0
cpu13->cpu13_STLB PREFETCH     ACCESS:          0 HIT:          0 MISS:          0 MSHR_MERGE:          0
cpu13->cpu13_STLB WRITE        ACCESS:          0 HIT:          0 MISS:          0 MSHR_MERGE:          0
cpu13->cpu13_STLB TRANSLATION  ACCESS:          0 HIT:          0 MISS:          0 MSHR_MERGE:          0
cpu13->cpu13_STLB PREFETCH REQUESTED:          0 ISSUED:          0 USEFUL:          0 USELESS:          0
cpu13->cpu13_STLB AVERAGE MISS LATENCY: 656.9 cycles
cpu0->cpu13_L2C TOTAL        ACCESS:        129 HIT:        125 MISS:          4 MSHR_MERGE:          0
cpu0->cpu13_L2C LOAD         ACCESS:          0 HIT:          0 MISS:          0 MSHR_MERGE:          0
cpu0->cpu13_L2C RFO          ACCESS:          0 HIT:          0 MISS:          0 MSHR_MERGE:          0
cpu0->cpu13_L2C PREFETCH     ACCESS:          0 HIT:          0 MISS:          0 MSHR_MERGE:          0
cpu0->cpu13_L2C WRITE        ACCESS:        129 HIT:        125 MISS:          4 MSHR_MERGE:          0
cpu0->cpu13_L2C TRANSLATION  ACCESS:          0 HIT:          0 MISS:          0 MSHR_MERGE:          0
cpu0->cpu13_L2C PREFETCH REQUESTED:   10270758 ISSUED:   10154674 USEFUL:      92217 USELESS:       4878
cpu0->cpu13_L2C AVERAGE MISS LATENCY: 2.453e+06 cycles
cpu13->cpu13_L2C TOTAL        ACCESS:   13006135 HIT:   10582548 MISS:    2423587 MSHR_MERGE:       9106
cpu13->cpu13_L2C LOAD         ACCESS:    1299562 HIT:    1143651 MISS:     155911 MSHR_MERGE:         26
cpu13->cpu13_L2C RFO          ACCESS:       3395 HIT:       3395 MISS:          0 MSHR_MERGE:          0
cpu13->cpu13_L2C PREFETCH     ACCESS:   11030425 HIT:    8775620 MISS:    2254805 MSHR_MERGE:       9080
cpu13->cpu13_L2C WRITE        ACCESS:     658785 HIT:     658306 MISS:        479 MSHR_MERGE:          0
cpu13->cpu13_L2C TRANSLATION  ACCESS:      13968 HIT:       1576 MISS:      12392 MSHR_MERGE:          0
cpu13->cpu13_L2C PREFETCH REQUESTED:   10270758 ISSUED:   10154674 USEFUL:      92217 USELESS:       4878
cpu13->cpu13_L2C AVERAGE MISS LATENCY: 58.14 cycles
cpu13_L2C FLUSH STALL CYCLES: 710
cpu13->cpu13_L1I TOTAL        ACCESS:  153674086 HIT:  153674086 MISS:          0 MSHR_MERGE:          0
cpu13->cpu13_L1I LOAD         ACCESS:   76837043 HIT:   76837043 MISS:          0 MSHR_MERGE:          0
cpu13->cpu13_L1I RFO          ACCESS:          0 HIT:          0 MISS:          0 MSHR_MERGE:          0
cpu13->cpu13_L1I PREFETCH     ACCESS:   76837043 HIT:   76837043 MISS:          0 MSHR_MERGE:          0
cpu13->cpu13_L1I WRITE        ACCESS:          0 HIT:          0 MISS:          0 MSHR_MERGE:          0
cpu13->cpu13_L1I TRANSLATION  ACCESS:          0 HIT:          0 MISS:          0 MSHR_MERGE:          0
cpu13->cpu13_L1I PREFETCH REQUESTED:   76837043 ISSUED:   76837043 USEFUL:          0 USELESS:          0
cpu13->cpu13_L1I AVERAGE MISS LATENCY: - cycles
cpu13->cpu13_L1D TOTAL        ACCESS:  110870353 HIT:  108313950 MISS:    2556403 MSHR_MERGE:     363723
cpu13->cpu13_L1D LOAD         ACCESS:   96297280 HIT:   94666061 MISS:    1631219 MSHR_MERGE:     331656
cpu13->cpu13_L1D RFO          ACCESS:          0 HIT:          0 MISS:          0 MSHR_MERGE:          0
cpu13->cpu13_L1D PREFETCH     ACCESS:    3769209 HIT:    2869313 MISS:     899896 MSHR_MERGE:      24143
cpu13->cpu13_L1D WRITE        ACCESS:   10782773 HIT:   10771458 MISS:      11315 MSHR_MERGE:       7919
cpu13->cpu13_L1D TRANSLATION  ACCESS:      21091 HIT:       7118 MISS:      13973 MSHR_MERGE:          5
cpu13->cpu13_L1D PREFETCH REQUESTED:    3769204 ISSUED:    3769193 USEFUL:     788599 USELESS:      87111
cpu13->cpu13_L1D AVERAGE MISS LATENCY: 17.58 cycles
cpu13_L1D FLUSH STALL CYCLES: 65
cpu13->cpu13_ITLB TOTAL        ACCESS:  103129214 HIT:  103129214 MISS:          0 MSHR_MERGE:          0
cpu13->cpu13_ITLB LOAD         ACCESS:  103129214 HIT:  103129214 MISS:          0 MSHR_MERGE:          0
cpu13->cpu13_ITLB RFO          ACCESS:          0 HIT:          0 MISS:          0 MSHR_MERGE:          0
cpu13->cpu13_ITLB PREFETCH     ACCESS:          0 HIT:          0 MISS:          0 MSHR_MERGE:          0
cpu13->cpu13_ITLB WRITE        ACCESS:          0 HIT:          0 MISS:          0 MSHR_MERGE:          0
cpu13->cpu13_ITLB TRANSLATION  ACCESS:          0 HIT:          0 MISS:          0 MSHR_MERGE:          0
cpu13->cpu13_ITLB PREFETCH REQUESTED:          0 ISSUED:          0 USEFUL:          0 USELESS:          0
cpu13->cpu13_ITLB AVERAGE MISS LATENCY: - cycles
cpu13->cpu13_DTLB TOTAL        ACCESS:  103645922 HIT:  103567265 MISS:      78657 MSHR_MERGE:      38170
cpu13->cpu13_DTLB LOAD         ACCESS:  103645922 HIT:  103567265 MISS:      78657 MSHR_MERGE:      38170
cpu13->cpu13_DTLB RFO          ACCESS:          0 HIT:          0 MISS:          0 MSHR_MERGE:          0
cpu13->cpu13_DTLB PREFETCH     ACCESS:          0 HIT:          0 MISS:          0 MSHR_MERGE:          0
cpu13->cpu13_DTLB WRITE        ACCESS:          0 HIT:          0 MISS:          0 MSHR_MERGE:          0
cpu13->cpu13_DTLB TRANSLATION  ACCESS:          0 HIT:          0 MISS:          0 MSHR_MERGE:          0
cpu13->cpu13_DTLB PREFETCH REQUESTED:          0 ISSUED:          0 USEFUL:          0 USELESS:          0
cpu13->cpu13_DTLB AVERAGE MISS LATENCY: 176.1 cycles
cpu12->cpu12_STLB TOTAL        ACCESS:       1838 HIT:        963 MISS:        875 MSHR_MERGE:          0
cpu12->cpu12_STLB LOAD         ACCESS:       1838 HIT:        963 MISS:        875 MSHR_MERGE:          0
cpu12->cpu12_STLB RFO          ACCESS:          0 HIT:          0 MISS:          0 MSHR_MERGE:          0
cpu12->cpu12_STLB PREFETCH     ACCESS:          0 HIT:          0 MISS:          0 MSHR_MERGE:          0
cpu12->cpu12_STLB WRITE        ACCESS:          0 HIT:          0 MISS:          0 MSHR_MERGE:          0
cpu12->cpu12_STLB TRANSLATION  ACCESS:          0 HIT:          0 MISS:          0 MSHR_MERGE:          0
cpu12->cpu12_STLB PREFETCH REQUESTED:          0 ISSUED:          0 USEFUL:          0 USELESS:          0
cpu12->cpu12_STLB AVERAGE MISS LATENCY: 906.7 cycles
cpu0->cpu12_L2C TOTAL        ACCESS:        590 HIT:        462 MISS:        128 MSHR_MERGE:          0
cpu0->cpu12_L2C LOAD         ACCESS:          0 HIT:          0 MISS:          0 MSHR_MERGE:          0
cpu0->cpu12_L2C RFO          ACCESS:          0 HIT:          0 MISS:          0 MSHR_MERGE:          0
cpu0->cpu12_L2C PREFETCH     ACCESS:          0 HIT:          0 MISS:          0 MSHR_MERGE:          0
cpu0->cpu12_L2C WRITE        ACCESS:        590 HIT:        462 MISS:        128 MSHR_MERGE:          0
cpu0->cpu12_L2C TRANSLATION  ACCESS:          0 HIT:          0 MISS:          0 MSHR_MERGE:          0
cpu0->cpu12_L2C PREFETCH REQUESTED:          7 ISSUED:          7 USEFUL:          0 USELESS:          0
cpu0->cpu12_L2C AVERAGE MISS LATENCY: 3.887e+04 cycles
cpu12->cpu12_L2C TOTAL        ACCESS:      95152 HIT:      66928 MISS:      28224 MSHR_MERGE:          5
cpu12->cpu12_L2C LOAD         ACCESS:      14926 HIT:      14919 MISS:          7 MSHR_MERGE:          0
cpu12->cpu12_L2C RFO          ACCESS:      24158 HIT:       1151 MISS:      23007 MSHR_MERGE:          0
cpu12->cpu12_L2C PREFETCH     ACCESS:      29931 HIT:      29919 MISS:         12 MSHR_MERGE:          5
cpu12->cpu12_L2C WRITE        ACCESS:      24095 HIT:      20702 MISS:       3393 MSHR_MERGE:          0
cpu12->cpu12_L2C TRANSLATION  ACCESS:       2042 HIT:        237 MISS:       1805 MSHR_MERGE:          0
cpu12->cpu12_L2C PREFETCH REQUESTED:          7 ISSUED:          7 USEFUL:          0 USELESS:          0
cpu12->cpu12_L2C AVERAGE MISS LATENCY: 176.4 cycles
cpu12_L2C FLUSH STALL CYCLES: 19152
cpu12->cpu12_L1I TOTAL        ACCESS:  151413055 HIT:  151308628 MISS:     104427 MSHR_MERGE:      59595
cpu12->cpu12_L1I LOAD         ACCESS:   79590868 HIT:   79575953 MISS:      14915 MSHR_MERGE:          1
cpu12->cpu12_L1I RFO          ACCESS:          0 HIT:          0 MISS:          0 MSHR_MERGE:          0
cpu12->cpu12_L1I PREFETCH     ACCESS:   71822187 HIT:   71732675 MISS:      89512 MSHR_MERGE:      59594
cpu12->cpu12_L1I WRITE        ACCESS:          0 HIT:          0 MISS:          0 MSHR_MERGE:          0
cpu12->cpu12_L1I TRANSLATION  ACCESS:          0 HIT:          0 MISS:          0 MSHR_MERGE:          0
cpu12->cpu12_L1I PREFETCH REQUESTED:   79590868 ISSUED:   71822168 USEFUL:         31 USELESS:      29883
cpu12->cpu12_L1I AVERAGE MISS LATENCY: 9.052 cycles
cpu12->cpu12_L1D TOTAL        ACCESS:  116664200 HIT:  116637159 MISS:      27041 MSHR_MERGE:        823
cpu12->cpu12_L1D LOAD         ACCESS:   47790298 HIT:   47790284 MISS:         14 MSHR_MERGE:          2
cpu12->cpu12_L1D RFO          ACCESS:          0 HIT:          0 MISS:          0 MSHR_MERGE:          0
cpu12->cpu12_L1D PREFETCH     ACCESS:      97566 HIT:      97560 MISS:          6 MSHR_MERGE:          0
cpu12->cpu12_L1D WRITE        ACCESS:   68774150 HIT:   68749171 MISS:      24979 MSHR_MERGE:        821
cpu12->cpu12_L1D TRANSLATION  ACCESS:       2186 HIT:        144 MISS:       2042 MSHR_MERGE:          0
cpu12->cpu12_L1D PREFETCH REQUESTED:      97566 ISSUED:      97566 USEFUL:          6 USELESS:          0
cpu12->cpu12_L1D AVERAGE MISS LATENCY: 199.9 cycles
cpu12_L1D FLUSH STALL CYCLES: 526
cpu12->cpu12_ITLB TOTAL        ACCESS:  117304220 HIT:  117304220 MISS:          0 MSHR_MERGE:          0
cpu12->cpu12_ITLB LOAD         ACCESS:  117304220 HIT:  117304220 MISS:          0 MSHR_MERGE:          0
cpu12->cpu12_ITLB RFO          ACCESS:          0 HIT:          0 MISS:          0 MSHR_MERGE:          0
cpu12->cpu12_ITLB PREFETCH     ACCESS:          0 HIT:          0 MISS:          0 MSHR_MERGE:          0
cpu12->cpu12_ITLB WRITE        ACCESS:          0 HIT:          0 MISS:          0 MSHR_MERGE:          0
cpu12->cpu12_ITLB TRANSLATION  ACCESS:          0 HIT:          0 MISS:          0 MSHR_MERGE:          0
cpu12->cpu12_ITLB PREFETCH REQUESTED:          0 ISSUED:          0 USEFUL:          0 USELESS:          0
cpu12->cpu12_ITLB AVERAGE MISS LATENCY: - cycles
cpu12->cpu12_DTLB TOTAL        ACCESS:  107362707 HIT:  107360824 MISS:       1883 MSHR_MERGE:         45
cpu12->cpu12_DTLB LOAD         ACCESS:  107362707 HIT:  107360824 MISS:       1883 MSHR_MERGE:         45
cpu12->cpu12_DTLB RFO          ACCESS:          0 HIT:          0 MISS:          0 MSHR_MERGE:          0
cpu12->cpu12_DTLB PREFETCH     ACCESS:          0 HIT:          0 MISS:          0 MSHR_MERGE:          0
cpu12->cpu12_DTLB WRITE        ACCESS:          0 HIT:          0 MISS:          0 MSHR_MERGE:          0
cpu12->cpu12_DTLB TRANSLATION  ACCESS:          0 HIT:          0 MISS:          0 MSHR_MERGE:          0
cpu12->cpu12_DTLB PREFETCH REQUESTED:          0 ISSUED:          0 USEFUL:          0 USELESS:          0
cpu12->cpu12_DTLB AVERAGE MISS LATENCY: 437.1 cycles
cpu11->cpu11_STLB TOTAL        ACCESS:        898 HIT:          2 MISS:        896 MSHR_MERGE:          0
cpu11->cpu11_STLB LOAD         ACCESS:        898 HIT:          2 MISS:        896 MSHR_MERGE:          0
cpu11->cpu11_STLB RFO          ACCESS:          0 HIT:          0 MISS:          0 MSHR_MERGE:          0
cpu11->cpu11_STLB PREFETCH     ACCESS:          0 HIT:          0 MISS:          0 MSHR_MERGE:          0
cpu11->cpu11_STLB WRITE        ACCESS:          0 HIT:          0 MISS:          0 MSHR_MERGE:          0
cpu11->cpu11_STLB TRANSLATION  ACCESS:          0 HIT:          0 MISS:          0 MSHR_MERGE:          0
cpu11->cpu11_STLB PREFETCH REQUESTED:          0 ISSUED:          0 USEFUL:          0 USELESS:          0
cpu11->cpu11_STLB AVERAGE MISS LATENCY: 663.3 cycles
cpu0->cpu11_L2C TOTAL        ACCESS:        644 HIT:        488 MISS:        156 MSHR_MERGE:          0
cpu0->cpu11_L2C LOAD         ACCESS:          0 HIT:          0 MISS:          0 MSHR_MERGE:          0
cpu0->cpu11_L2C RFO          ACCESS:          0 HIT:          0 MISS:          0 MSHR_MERGE:          0
cpu0->cpu11_L2C PREFETCH     ACCESS:          0 HIT:          0 MISS:          0 MSHR_MERGE:          0
cpu0->cpu11_L2C WRITE        ACCESS:        644 HIT:        488 MISS:        156 MSHR_MERGE:          0
cpu0->cpu11_L2C TRANSLATION  ACCESS:          0 HIT:          0 MISS:          0 MSHR_MERGE:          0
cpu0->cpu11_L2C PREFETCH REQUESTED:       6941 ISSUED:       6941 USEFUL:        107 USELESS:         17
cpu0->cpu11_L2C AVERAGE MISS LATENCY: 7.082e+04 cycles
cpu11->cpu11_L2C TOTAL        ACCESS:     120410 HIT:      34519 MISS:      85891 MSHR_MERGE:       1580
cpu11->cpu11_L2C LOAD         ACCESS:       1671 HIT:       1264 MISS:        407 MSHR_MERGE:          0
cpu11->cpu11_L2C RFO          ACCESS:      52613 HIT:        711 MISS:      51902 MSHR_MERGE:          0
cpu11->cpu11_L2C PREFETCH     ACCESS:      12179 HIT:       1483 MISS:      10696 MSHR_MERGE:       1580
cpu11->cpu11_L2C WRITE        ACCESS:      52866 HIT:      31029 MISS:      21837 MSHR_MERGE:          0
cpu11->cpu11_L2C TRANSLATION  ACCESS:       1081 HIT:         32 MISS:       1049 MSHR_MERGE:          0
cpu11->cpu11_L2C PREFETCH REQUESTED:       6941 ISSUED:       6941 USEFUL:        107 USELESS:         17
cpu11->cpu11_L2C AVERAGE MISS LATENCY: 146.9 cycles
cpu11_L2C FLUSH STALL CYCLES: 19732
cpu11->cpu11_L1I TOTAL        ACCESS:   40242367 HIT:   40242365 MISS:          2 MSHR_MERGE:          0
cpu11->cpu11_L1I LOAD         ACCESS:   20786704 HIT:   20786704 MISS:          0 MSHR_MERGE:          0
cpu11->cpu11_L1I RFO          ACCESS:          0 HIT:          0 MISS:          0 MSHR_MERGE:          0
cpu11->cpu11_L1I PREFETCH     ACCESS:   19455663 HIT:   19455661 MISS:          2 MSHR_MERGE:          0
cpu11->cpu11_L1I WRITE        ACCESS:          0 HIT:          0 MISS:          0 MSHR_MERGE:          0
cpu11->cpu11_L1I TRANSLATION  ACCESS:          0 HIT:          0 MISS:          0 MSHR_MERGE:          0
cpu11->cpu11_L1I PREFETCH REQUESTED:   20786704 ISSUED:   19455663 USEFUL:          0 USELESS:          0
cpu11->cpu11_L1I AVERAGE MISS LATENCY: - cycles
cpu11->cpu11_L1D TOTAL        ACCESS:  110047024 HIT:  109673580 MISS:     373444 MSHR_MERGE:     312843
cpu11->cpu11_L1D LOAD         ACCESS:   90252193 HIT:   90249913 MISS:       2280 MSHR_MERGE:        609
cpu11->cpu11_L1D RFO          ACCESS:          0 HIT:          0 MISS:          0 MSHR_MERGE:          0
cpu11->cpu11_L1D PREFETCH     ACCESS:     469145 HIT:     462652 MISS:       6493 MSHR_MERGE:       1257
cpu11->cpu11_L1D WRITE        ACCESS:   19323892 HIT:   18960302 MISS:     363590 MSHR_MERGE:     310977
cpu11->cpu11_L1D TRANSLATION  ACCESS:       1794 HIT:        713 MISS:       1081 MSHR_MERGE:          0
cpu11->cpu11_L1D PREFETCH REQUESTED:     469145 ISSUED:     469145 USEFUL:       5156 USELESS:         29
cpu11->cpu11_L1D AVERAGE MISS LATENCY: 208.1 cycles
cpu11_L1D FLUSH STALL CYCLES: 580
cpu11->cpu11_ITLB TOTAL        ACCESS:   29505801 HIT:   29505801 MISS:          0 MSHR_MERGE:          0
cpu11->cpu11_ITLB LOAD         ACCESS:   29505801 HIT:   29505801 MISS:          0 MSHR_MERGE:          0
cpu11->cpu11_ITLB RFO          ACCESS:          0 HIT:          0 MISS:          0 MSHR_MERGE:          0
cpu11->cpu11_ITLB PREFETCH     ACCESS:          0 HIT:          0 MISS:          0 MSHR_MERGE:          0
cpu11->cpu11_ITLB WRITE        ACCESS:          0 HIT:          0 MISS:          0 MSHR_MERGE:          0
cpu11->cpu11_ITLB TRANSLATION  ACCESS:          0 HIT:          0 MISS:          0 MSHR_MERGE:          0
cpu11->cpu11_ITLB PREFETCH REQUESTED:          0 ISSUED:          0 USEFUL:          0 USELESS:          0
cpu11->cpu11_ITLB AVERAGE MISS LATENCY: - cycles
cpu11->cpu11_DTLB TOTAL        ACCESS:  102562972 HIT:  102552965 MISS:      10007 MSHR_MERGE:       9109
cpu11->cpu11_DTLB LOAD         ACCESS:  102562972 HIT:  102552965 MISS:      10007 MSHR_MERGE:       9109
cpu11->cpu11_DTLB RFO          ACCESS:          0 HIT:          0 MISS:          0 MSHR_MERGE:          0
cpu11->cpu11_DTLB PREFETCH     ACCESS:          0 HIT:          0 MISS:          0 MSHR_MERGE:          0
cpu11->cpu11_DTLB WRITE        ACCESS:          0 HIT:          0 MISS:          0 MSHR_MERGE:          0
cpu11->cpu11_DTLB TRANSLATION  ACCESS:          0 HIT:          0 MISS:          0 MSHR_MERGE:          0
cpu11->cpu11_DTLB PREFETCH REQUESTED:          0 ISSUED:          0 USEFUL:          0 USELESS:          0
cpu11->cpu11_DTLB AVERAGE MISS LATENCY: 667.9 cycles
cpu10->cpu10_STLB TOTAL        ACCESS:        898 HIT:          2 MISS:        896 MSHR_MERGE:          0
cpu10->cpu10_STLB LOAD         ACCESS:        898 HIT:          2 MISS:        896 MSHR_MERGE:          0
cpu10->cpu10_STLB RFO          ACCESS:          0 HIT:          0 MISS:          0 MSHR_MERGE:          0
cpu10->cpu10_STLB PREFETCH     ACCESS:          0 HIT:          0 MISS:          0 MSHR_MERGE:          0
cpu10->cpu10_STLB WRITE        ACCESS:          0 HIT:          0 MISS:          0 MSHR_MERGE:          0
cpu10->cpu10_STLB TRANSLATION  ACCESS:          0 HIT:          0 MISS:          0 MSHR_MERGE:          0
cpu10->cpu10_STLB PREFETCH REQUESTED:          0 ISSUED:          0 USEFUL:          0 USELESS:          0
cpu10->cpu10_STLB AVERAGE MISS LATENCY: 660.9 cycles
cpu0->cpu10_L2C TOTAL        ACCESS:        644 HIT:        411 MISS:        233 MSHR_MERGE:          0
cpu0->cpu10_L2C LOAD         ACCESS:          0 HIT:          0 MISS:          0 MSHR_MERGE:          0
cpu0->cpu10_L2C RFO          ACCESS:          0 HIT:          0 MISS:          0 MSHR_MERGE:          0
cpu0->cpu10_L2C PREFETCH     ACCESS:          0 HIT:          0 MISS:          0 MSHR_MERGE:          0
cpu0->cpu10_L2C WRITE        ACCESS:        644 HIT:        411 MISS:        233 MSHR_MERGE:          0
cpu0->cpu10_L2C TRANSLATION  ACCESS:          0 HIT:          0 MISS:          0 MSHR_MERGE:          0
cpu0->cpu10_L2C PREFETCH REQUESTED:       6882 ISSUED:       6882 USEFUL:        114 USELESS:         17
cpu0->cpu10_L2C AVERAGE MISS LATENCY: 4.74e+04 cycles
cpu10->cpu10_L2C TOTAL        ACCESS:     120334 HIT:      33291 MISS:      87043 MSHR_MERGE:       1615
cpu10->cpu10_L2C LOAD         ACCESS:       1659 HIT:       1243 MISS:        416 MSHR_MERGE:          0
cpu10->cpu10_L2C RFO          ACCESS:      52612 HIT:        701 MISS:      51911 MSHR_MERGE:          0
cpu10->cpu10_L2C PREFETCH     ACCESS:      12117 HIT:       1413 MISS:      10704 MSHR_MERGE:       1615
cpu10->cpu10_L2C WRITE        ACCESS:      52865 HIT:      29896 MISS:      22969 MSHR_MERGE:          0
cpu10->cpu10_L2C TRANSLATION  ACCESS:       1081 HIT:         38 MISS:       1043 MSHR_MERGE:          0
cpu10->cpu10_L2C PREFETCH REQUESTED:       6882 ISSUED:       6882 USEFUL:        114 USELESS:         17
cpu10->cpu10_L2C AVERAGE MISS LATENCY: 144.7 cycles
cpu10_L2C FLUSH STALL CYCLES: 19555
cpu10->cpu10_L1I TOTAL        ACCESS:   40232598 HIT:   40232596 MISS:          2 MSHR_MERGE:          0
cpu10->cpu10_L1I LOAD         ACCESS:   20779930 HIT:   20779930 MISS:          0 MSHR_MERGE:          0
cpu10->cpu10_L1I RFO          ACCESS:          0 HIT:          0 MISS:          0 MSHR_MERGE:          0
cpu10->cpu10_L1I PREFETCH     ACCESS:   19452668 HIT:   19452666 MISS:          2 MSHR_MERGE:          0
cpu10->cpu10_L1I WRITE        ACCESS:          0 HIT:          0 MISS:          0 MSHR_MERGE:          0
cpu10->cpu10_L1I TRANSLATION  ACCESS:          0 HIT:          0 MISS:          0 MSHR_MERGE:          0
cpu10->cpu10_L1I PREFETCH REQUESTED:   20779930 ISSUED:   19452668 USEFUL:          0 USELESS:          0
cpu10->cpu10_L1I AVERAGE MISS LATENCY: - cycles
cpu10->cpu10_L1D TOTAL        ACCESS:  110044622 HIT:  109671014 MISS:     373608 MSHR_MERGE:     313023
cpu10->cpu10_L1D LOAD         ACCESS:   90250216 HIT:   90247952 MISS:       2264 MSHR_MERGE:        605
cpu10->cpu10_L1D RFO          ACCESS:          0 HIT:          0 MISS:          0 MSHR_MERGE:          0
cpu10->cpu10_L1D PREFETCH     ACCESS:     468978 HIT:     462397 MISS:       6581 MSHR_MERGE:       1348
cpu10->cpu10_L1D WRITE        ACCESS:   19323634 HIT:   18959952 MISS:     363682 MSHR_MERGE:     311070
cpu10->cpu10_L1D TRANSLATION  ACCESS:       1794 HIT:        713 MISS:       1081 MSHR_MERGE:          0
cpu10->cpu10_L1D PREFETCH REQUESTED:     468978 ISSUED:     468978 USEFUL:       5159 USELESS:         27
cpu10->cpu10_L1D AVERAGE MISS LATENCY: 207.9 cycles
cpu10_L1D FLUSH STALL CYCLES: 580
cpu10->cpu10_ITLB TOTAL        ACCESS:   29491478 HIT:   29491478 MISS:          0 MSHR_MERGE:          0
cpu10->cpu10_ITLB LOAD         ACCESS:   29491478 HIT:   29491478 MISS:          0 MSHR_MERGE:          0
cpu10->cpu10_ITLB RFO          ACCESS:          0 HIT:          0 MISS:          0 MSHR_MERGE:          0
cpu10->cpu10_ITLB PREFETCH     ACCESS:          0 HIT:          0 MISS:          0 MSHR_MERGE:          0
cpu10->cpu10_ITLB WRITE        ACCESS:          0 HIT:          0 MISS:          0 MSHR_MERGE:          0
cpu10->cpu10_ITLB TRANSLATION  ACCESS:          0 HIT:          0 MISS:          0 MSHR_MERGE:          0
cpu10->cpu10_ITLB PREFETCH REQUESTED:          0 ISSUED:          0 USEFUL:          0 USELESS:          0
cpu10->cpu10_ITLB AVERAGE MISS LATENCY: - cycles
cpu10->cpu10_DTLB TOTAL        ACCESS:  102561362 HIT:  102551361 MISS:      10001 MSHR_MERGE:       9103
cpu10->cpu10_DTLB LOAD         ACCESS:  102561362 HIT:  102551361 MISS:      10001 MSHR_MERGE:       9103
cpu10->cpu10_DTLB RFO          ACCESS:          0 HIT:          0 MISS:          0 MSHR_MERGE:          0
cpu10->cpu10_DTLB PREFETCH     ACCESS:          0 HIT:          0 MISS:          0 MSHR_MERGE:          0
cpu10->cpu10_DTLB WRITE        ACCESS:          0 HIT:          0 MISS:          0 MSHR_MERGE:          0
cpu10->cpu10_DTLB TRANSLATION  ACCESS:          0 HIT:          0 MISS:          0 MSHR_MERGE:          0
cpu10->cpu10_DTLB PREFETCH REQUESTED:          0 ISSUED:          0 USEFUL:          0 USELESS:          0
cpu10->cpu10_DTLB AVERAGE MISS LATENCY: 665.4 cycles
cpu0->cpu0_STLB TOTAL        ACCESS:    4560679 HIT:    4554353 MISS:       6326 MSHR_MERGE:          0
cpu0->cpu0_STLB LOAD         ACCESS:    4560679 HIT:    4554353 MISS:       6326 MSHR_MERGE:          0
cpu0->cpu0_STLB RFO          ACCESS:          0 HIT:          0 MISS:          0 MSHR_MERGE:          0
cpu0->cpu0_STLB PREFETCH     ACCESS:          0 HIT:          0 MISS:          0 MSHR_MERGE:          0
cpu0->cpu0_STLB WRITE        ACCESS:          0 HIT:          0 MISS:          0 MSHR_MERGE:          0
cpu0->cpu0_STLB TRANSLATION  ACCESS:          0 HIT:          0 MISS:          0 MSHR_MERGE:          0
cpu0->cpu0_STLB PREFETCH REQUESTED:          0 ISSUED:          0 USEFUL:          0 USELESS:          0
cpu0->cpu0_STLB AVERAGE MISS LATENCY: 376.6 cycles
cpu0->cpu0_L2C TOTAL        ACCESS:   19132527 HIT:   16700801 MISS:    2431726 MSHR_MERGE:      23047
cpu0->cpu0_L2C LOAD         ACCESS:    7482927 HIT:    7414519 MISS:      68408 MSHR_MERGE:         27
cpu0->cpu0_L2C RFO          ACCESS:     305796 HIT:      82125 MISS:     223671 MSHR_MERGE:        126
cpu0->cpu0_L2C PREFETCH     ACCESS:   10814839 HIT:    8702459 MISS:    2112380 MSHR_MERGE:      22894
cpu0->cpu0_L2C WRITE        ACCESS:     517307 HIT:     500296 MISS:      17011 MSHR_MERGE:          0
cpu0->cpu0_L2C TRANSLATION  ACCESS:      11658 HIT:       1402 MISS:      10256 MSHR_MERGE:          0
cpu0->cpu0_L2C PREFETCH REQUESTED:    9401565 ISSUED:    9401561 USEFUL:       2064 USELESS:       5982
cpu0->cpu0_L2C AVERAGE MISS LATENCY: 127.2 cycles
cpu0_L2C FLUSH STALL CYCLES: 14703
cpu0->cpu0_L1I TOTAL        ACCESS:   74837401 HIT:   71540033 MISS:    3297368 MSHR_MERGE:    1297080
cpu0->cpu0_L1I LOAD         ACCESS:   37644032 HIT:   35951126 MISS:    1692906 MSHR_MERGE:     616543
cpu0->cpu0_L1I RFO          ACCESS:          0 HIT:          0 MISS:          0 MSHR_MERGE:          0
cpu0->cpu0_L1I PREFETCH     ACCESS:   37193369 HIT:   35588907 MISS:    1604462 MSHR_MERGE:     680537
cpu0->cpu0_L1I WRITE        ACCESS:          0 HIT:          0 MISS:          0 MSHR_MERGE:          0
cpu0->cpu0_L1I TRANSLATION  ACCESS:          0 HIT:          0 MISS:          0 MSHR_MERGE:          0
cpu0->cpu0_L1I PREFETCH REQUESTED:   37645914 ISSUED:   37193369 USEFUL:     386240 USELESS:     537668
cpu0->cpu0_L1I AVERAGE MISS LATENCY: 9.571 cycles
cpu0->cpu0_L1D TOTAL        ACCESS:   66499901 HIT:   56650493 MISS:    9849408 MSHR_MERGE:    2635998
cpu0->cpu0_L1D LOAD         ACCESS:   43080277 HIT:   35290502 MISS:    7789775 MSHR_MERGE:    1383211
cpu0->cpu0_L1D RFO          ACCESS:          0 HIT:          0 MISS:          0 MSHR_MERGE:          0
cpu0->cpu0_L1D PREFETCH     ACCESS:    7593185 HIT:    6689980 MISS:     903205 MSHR_MERGE:     413814
cpu0->cpu0_L1D WRITE        ACCESS:   15813761 HIT:   14669059 MISS:    1144702 MSHR_MERGE:     838905
cpu0->cpu0_L1D TRANSLATION  ACCESS:      12678 HIT:        952 MISS:      11726 MSHR_MERGE:         68
cpu0->cpu0_L1D PREFETCH REQUESTED:    7834413 ISSUED:    7593185 USEFUL:     423936 USELESS:      59206
cpu0->cpu0_L1D AVERAGE MISS LATENCY: 16.09 cycles
cpu0_L1D FLUSH STALL CYCLES: 81
cpu0->cpu0_ITLB TOTAL        ACCESS:   58919881 HIT:   58729047 MISS:     190834 MSHR_MERGE:      97781
cpu0->cpu0_ITLB LOAD         ACCESS:   58919881 HIT:   58729047 MISS:     190834 MSHR_MERGE:      97781
cpu0->cpu0_ITLB RFO          ACCESS:          0 HIT:          0 MISS:          0 MSHR_MERGE:          0
cpu0->cpu0_ITLB PREFETCH     ACCESS:          0 HIT:          0 MISS:          0 MSHR_MERGE:          0
cpu0->cpu0_ITLB WRITE        ACCESS:          0 HIT:          0 MISS:          0 MSHR_MERGE:          0
cpu0->cpu0_ITLB TRANSLATION  ACCESS:          0 HIT:          0 MISS:          0 MSHR_MERGE:          0
cpu0->cpu0_ITLB PREFETCH REQUESTED:          0 ISSUED:          0 USEFUL:          0 USELESS:          0
cpu0->cpu0_ITLB AVERAGE MISS LATENCY: 7.727 cycles
cpu0->cpu0_DTLB TOTAL        ACCESS:   56696287 HIT:   50100100 MISS:    6596187 MSHR_MERGE:    2128561
cpu0->cpu0_DTLB LOAD         ACCESS:   56696287 HIT:   50100100 MISS:    6596187 MSHR_MERGE:    2128561
cpu0->cpu0_DTLB RFO          ACCESS:          0 HIT:          0 MISS:          0 MSHR_MERGE:          0
cpu0->cpu0_DTLB PREFETCH     ACCESS:          0 HIT:          0 MISS:          0 MSHR_MERGE:          0
cpu0->cpu0_DTLB WRITE        ACCESS:          0 HIT:          0 MISS:          0 MSHR_MERGE:          0
cpu0->cpu0_DTLB TRANSLATION  ACCESS:          0 HIT:          0 MISS:          0 MSHR_MERGE:          0
cpu0->cpu0_DTLB PREFETCH REQUESTED:          0 ISSUED:          0 USEFUL:          0 USELESS:          0
cpu0->cpu0_DTLB AVERAGE MISS LATENCY: 5.478 cycles
cpu0->LLC TOTAL        ACCESS:    2786560 HIT:    2224516 MISS:     562044 MSHR_MERGE:       3842
cpu0->LLC LOAD         ACCESS:      68381 HIT:      47137 MISS:      21244 MSHR_MERGE:        459
cpu0->LLC RFO          ACCESS:     223545 HIT:      65954 MISS:     157591 MSHR_MERGE:       1539
cpu0->LLC PREFETCH     ACCESS:    2087079 HIT:    1999140 MISS:      87939 MSHR_MERGE:       1844
cpu0->LLC WRITE        ACCESS:     397299 HIT:     111479 MISS:     285820 MSHR_MERGE:          0
cpu0->LLC TRANSLATION  ACCESS:      10256 HIT:        806 MISS:       9450 MSHR_MERGE:          0
cpu0->LLC PREFETCH REQUESTED:          0 ISSUED:          0 USEFUL:          0 USELESS:          0
cpu0->LLC AVERAGE MISS LATENCY: 697.5 cycles
cpu1->LLC TOTAL        ACCESS:     211568 HIT:      70333 MISS:     141235 MSHR_MERGE:        560
cpu1->LLC LOAD         ACCESS:      25097 HIT:      17348 MISS:       7749 MSHR_MERGE:        295
cpu1->LLC RFO          ACCESS:      61936 HIT:        225 MISS:      61711 MSHR_MERGE:          4
cpu1->LLC PREFETCH     ACCESS:      63917 HIT:      50118 MISS:      13799 MSHR_MERGE:        261
cpu1->LLC WRITE        ACCESS:      59228 HIT:       2617 MISS:      56611 MSHR_MERGE:          0
cpu1->LLC TRANSLATION  ACCESS:       1390 HIT:         25 MISS:       1365 MSHR_MERGE:          0
cpu1->LLC PREFETCH REQUESTED:          0 ISSUED:          0 USEFUL:          0 USELESS:          0
cpu1->LLC AVERAGE MISS LATENCY: 2595 cycles
cpu2->LLC TOTAL        ACCESS:      39201 HIT:      38095 MISS:       1106 MSHR_MERGE:        215
cpu2->LLC LOAD         ACCESS:         43 HIT:         20 MISS:         23 MSHR_MERGE:          1
cpu2->LLC RFO          ACCESS:          0 HIT:          0 MISS:          0 MSHR_MERGE:          0
cpu2->LLC PREFETCH     ACCESS:      39158 HIT:      38075 MISS:       1083 MSHR_MERGE:        214
cpu2->LLC WRITE        ACCESS:          0 HIT:          0 MISS:          0 MSHR_MERGE:          0
cpu2->LLC TRANSLATION  ACCESS:          0 HIT:          0 MISS:          0 MSHR_MERGE:          0
cpu2->LLC PREFETCH REQUESTED:          0 ISSUED:          0 USEFUL:          0 USELESS:          0
cpu2->LLC AVERAGE MISS LATENCY: 1.438e+07 cycles
cpu3->LLC TOTAL        ACCESS:     434912 HIT:     203432 MISS:     231480 MSHR_MERGE:       5127
cpu3->LLC LOAD         ACCESS:     137811 HIT:      46742 MISS:      91069 MSHR_MERGE:       3043
cpu3->LLC RFO          ACCESS:       7417 HIT:       1494 MISS:       5923 MSHR_MERGE:         48
cpu3->LLC PREFETCH     ACCESS:     246304 HIT:     149054 MISS:      97250 MSHR_MERGE:       2036
cpu3->LLC WRITE        ACCESS:      18215 HIT:       5629 MISS:      12586 MSHR_MERGE:          0
cpu3->LLC TRANSLATION  ACCESS:      25165 HIT:        513 MISS:      24652 MSHR_MERGE:          0
cpu3->LLC PREFETCH REQUESTED:          0 ISSUED:          0 USEFUL:          0 USELESS:          0
cpu3->LLC AVERAGE MISS LATENCY: 2464 cycles
cpu4->LLC TOTAL        ACCESS:      40368 HIT:      39218 MISS:       1150 MSHR_MERGE:        263
cpu4->LLC LOAD         ACCESS:         44 HIT:         19 MISS:         25 MSHR_MERGE:          2
cpu4->LLC RFO          ACCESS:          0 HIT:          0 MISS:          0 MSHR_MERGE:          0
cpu4->LLC PREFETCH     ACCESS:      40324 HIT:      39199 MISS:       1125 MSHR_MERGE:        261
cpu4->LLC WRITE        ACCESS:          0 HIT:          0 MISS:          0 MSHR_MERGE:          0
cpu4->LLC TRANSLATION  ACCESS:          0 HIT:          0 MISS:          0 MSHR_MERGE:          0
cpu4->LLC PREFETCH REQUESTED:          0 ISSUED:          0 USEFUL:          0 USELESS:          0
cpu4->LLC AVERAGE MISS LATENCY: 1.323e+07 cycles
cpu5->LLC TOTAL        ACCESS:       4773 HIT:       2407 MISS:       2366 MSHR_MERGE:        693
cpu5->LLC LOAD         ACCESS:        536 HIT:        169 MISS:        367 MSHR_MERGE:         48
cpu5->LLC RFO          ACCESS:         64 HIT:          1 MISS:         63 MSHR_MERGE:          0
cpu5->LLC PREFETCH     ACCESS:       4116 HIT:       2237 MISS:       1879 MSHR_MERGE:        645
cpu5->LLC WRITE        ACCESS:          0 HIT:          0 MISS:          0 MSHR_MERGE:          0
cpu5->LLC TRANSLATION  ACCESS:         57 HIT:          0 MISS:         57 MSHR_MERGE:          0
cpu5->LLC PREFETCH REQUESTED:          0 ISSUED:          0 USEFUL:          0 USELESS:          0
cpu5->LLC AVERAGE MISS LATENCY: 6.791e+05 cycles
cpu6->LLC TOTAL        ACCESS:    2593603 HIT:    1568299 MISS:    1025304 MSHR_MERGE:     223831
cpu6->LLC LOAD         ACCESS:     397687 HIT:     237810 MISS:     159877 MSHR_MERGE:      39720
cpu6->LLC RFO          ACCESS:     220689 HIT:      13280 MISS:     207409 MSHR_MERGE:        677
cpu6->LLC PREFETCH     ACCESS:    1693175 HIT:    1234753 MISS:     458422 MSHR_MERGE:     183434
cpu6->LLC WRITE        ACCESS:     267128 HIT:      82288 MISS:     184840 MSHR_MERGE:          0
cpu6->LLC TRANSLATION  ACCESS:      14924 HIT:        168 MISS:      14756 MSHR_MERGE:          0
cpu6->LLC PREFETCH REQUESTED:          0 ISSUED:          0 USEFUL:          0 USELESS:          0
cpu6->LLC AVERAGE MISS LATENCY: 583.4 cycles
cpu7->LLC TOTAL        ACCESS:    6876191 HIT:    6261702 MISS:     614489 MSHR_MERGE:      11543
cpu7->LLC LOAD         ACCESS:     157836 HIT:     145097 MISS:      12739 MSHR_MERGE:          3
cpu7->LLC RFO          ACCESS:          0 HIT:          0 MISS:          0 MSHR_MERGE:          0
cpu7->LLC PREFETCH     ACCESS:    6707888 HIT:    6116590 MISS:     591298 MSHR_MERGE:      11540
cpu7->LLC WRITE        ACCESS:         35 HIT:         14 MISS:         21 MSHR_MERGE:          0
cpu7->LLC TRANSLATION  ACCESS:      10432 HIT:          1 MISS:      10431 MSHR_MERGE:          0
cpu7->LLC PREFETCH REQUESTED:          0 ISSUED:          0 USEFUL:          0 USELESS:          0
cpu7->LLC AVERAGE MISS LATENCY: 1.426e+04 cycles
cpu8->LLC TOTAL        ACCESS:     856727 HIT:     248461 MISS:     608266 MSHR_MERGE:       2375
cpu8->LLC LOAD         ACCESS:     245468 HIT:      75431 MISS:     170037 MSHR_MERGE:       1670
cpu8->LLC RFO          ACCESS:      81499 HIT:       3465 MISS:      78034 MSHR_MERGE:          2
cpu8->LLC PREFETCH     ACCESS:      89723 HIT:      47342 MISS:      42381 MSHR_MERGE:        703
cpu8->LLC WRITE        ACCESS:     224694 HIT:      60601 MISS:     164093 MSHR_MERGE:          0
cpu8->LLC TRANSLATION  ACCESS:     215343 HIT:      61622 MISS:     153721 MSHR_MERGE:          0
cpu8->LLC PREFETCH REQUESTED:          0 ISSUED:          0 USEFUL:          0 USELESS:          0
cpu8->LLC AVERAGE MISS LATENCY: 584.4 cycles
cpu9->LLC TOTAL        ACCESS:    2554070 HIT:    1528034 MISS:    1026036 MSHR_MERGE:     226029
cpu9->LLC LOAD         ACCESS:     386963 HIT:     226578 MISS:     160385 MSHR_MERGE:      40092
cpu9->LLC RFO          ACCESS:     220520 HIT:      13245 MISS:     207275 MSHR_MERGE:        692
cpu9->LLC PREFETCH     ACCESS:    1664467 HIT:    1204251 MISS:     460216 MSHR_MERGE:     185245
cpu9->LLC WRITE        ACCESS:     267193 HIT:      83777 MISS:     183416 MSHR_MERGE:          0
cpu9->LLC TRANSLATION  ACCESS:      14927 HIT:        183 MISS:      14744 MSHR_MERGE:          0
cpu9->LLC PREFETCH REQUESTED:          0 ISSUED:          0 USEFUL:          0 USELESS:          0
cpu9->LLC AVERAGE MISS LATENCY: 584.5 cycles
cpu10->LLC TOTAL        ACCESS:     114294 HIT:       7147 MISS:     107147 MSHR_MERGE:        236
cpu10->LLC LOAD         ACCESS:        416 HIT:        145 MISS:        271 MSHR_MERGE:          1
cpu10->LLC RFO          ACCESS:      51911 HIT:         47 MISS:      51864 MSHR_MERGE:          0
cpu10->LLC PREFETCH     ACCESS:       9084 HIT:       3169 MISS:       5915 MSHR_MERGE:        235
cpu10->LLC WRITE        ACCESS:      51840 HIT:       3776 MISS:      48064 MSHR_MERGE:          0
cpu10->LLC TRANSLATION  ACCESS:       1043 HIT:         10 MISS:       1033 MSHR_MERGE:          0
cpu10->LLC PREFETCH REQUESTED:          0 ISSUED:          0 USEFUL:          0 USELESS:          0
cpu10->LLC AVERAGE MISS LATENCY: 3267 cycles
cpu11->LLC TOTAL        ACCESS:     114228 HIT:       6789 MISS:     107439 MSHR_MERGE:        223
cpu11->LLC LOAD         ACCESS:        407 HIT:        151 MISS:        256 MSHR_MERGE:          0
cpu11->LLC RFO          ACCESS:      51902 HIT:         35 MISS:      51867 MSHR_MERGE:          0
cpu11->LLC PREFETCH     ACCESS:       9106 HIT:       3220 MISS:       5886 MSHR_MERGE:        223
cpu11->LLC WRITE        ACCESS:      51764 HIT:       3371 MISS:      48393 MSHR_MERGE:          0
cpu11->LLC TRANSLATION  ACCESS:       1049 HIT:         12 MISS:       1037 MSHR_MERGE:          0
cpu11->LLC PREFETCH REQUESTED:          0 ISSUED:          0 USEFUL:          0 USELESS:          0
cpu11->LLC AVERAGE MISS LATENCY: 3256 cycles
cpu12->LLC TOTAL        ACCESS:      31216 HIT:         45 MISS:      31171 MSHR_MERGE:          0
cpu12->LLC LOAD         ACCESS:          7 HIT:          0 MISS:          7 MSHR_MERGE:          0
cpu12->LLC RFO          ACCESS:      23007 HIT:          0 MISS:      23007 MSHR_MERGE:          0
cpu12->LLC PREFETCH     ACCESS:          7 HIT:          0 MISS:          7 MSHR_MERGE:          0
cpu12->LLC WRITE        ACCESS:       6390 HIT:         45 MISS:       6345 MSHR_MERGE:          0
cpu12->LLC TRANSLATION  ACCESS:       1805 HIT:          0 MISS:       1805 MSHR_MERGE:          0
cpu12->LLC PREFETCH REQUESTED:          0 ISSUED:          0 USEFUL:          0 USELESS:          0
cpu12->LLC AVERAGE MISS LATENCY: 1.061e+04 cycles
cpu13->LLC TOTAL        ACCESS:    1717926 HIT:    1390869 MISS:     327057 MSHR_MERGE:      11820
cpu13->LLC LOAD         ACCESS:     155885 HIT:     137427 MISS:      18458 MSHR_MERGE:        523
cpu13->LLC RFO          ACCESS:          0 HIT:          0 MISS:          0 MSHR_MERGE:          0
cpu13->LLC PREFETCH     ACCESS:    1545293 HIT:    1252035 MISS:     293258 MSHR_MERGE:      11297
cpu13->LLC WRITE        ACCESS:       4356 HIT:       1351 MISS:       3005 MSHR_MERGE:          0
cpu13->LLC TRANSLATION  ACCESS:      12392 HIT:         56 MISS:      12336 MSHR_MERGE:          0
cpu13->LLC PREFETCH REQUESTED:          0 ISSUED:          0 USEFUL:          0 USELESS:          0
cpu13->LLC AVERAGE MISS LATENCY: 9784 cycles
cpu14->LLC TOTAL        ACCESS:      37634 HIT:      36547 MISS:       1087 MSHR_MERGE:        240
cpu14->LLC LOAD         ACCESS:         44 HIT:         20 MISS:         24 MSHR_MERGE:          2
cpu14->LLC RFO          ACCESS:          0 HIT:          0 MISS:          0 MSHR_MERGE:          0
cpu14->LLC PREFETCH     ACCESS:      37590 HIT:      36527 MISS:       1063 MSHR_MERGE:        238
cpu14->LLC WRITE        ACCESS:          0 HIT:          0 MISS:          0 MSHR_MERGE:          0
cpu14->LLC TRANSLATION  ACCESS:          0 HIT:          0 MISS:          0 MSHR_MERGE:          0
cpu14->LLC PREFETCH REQUESTED:          0 ISSUED:          0 USEFUL:          0 USELESS:          0
cpu14->LLC AVERAGE MISS LATENCY: 1.378e+07 cycles
cpu15->LLC TOTAL        ACCESS:       1024 HIT:        314 MISS:        710 MSHR_MERGE:        342
cpu15->LLC LOAD         ACCESS:         48 HIT:         24 MISS:         24 MSHR_MERGE:         11
cpu15->LLC RFO          ACCESS:         14 HIT:          0 MISS:         14 MSHR_MERGE:          0
cpu15->LLC PREFETCH     ACCESS:        962 HIT:        290 MISS:        672 MSHR_MERGE:        331
cpu15->LLC WRITE        ACCESS:          0 HIT:          0 MISS:          0 MSHR_MERGE:          0
cpu15->LLC TRANSLATION  ACCESS:          0 HIT:          0 MISS:          0 MSHR_MERGE:          0
cpu15->LLC PREFETCH REQUESTED:          0 ISSUED:          0 USEFUL:          0 USELESS:          0
cpu15->LLC AVERAGE MISS LATENCY: 8.703e+06 cycles

Region of Interest Statistics

CPU 9 cumulative IPC: 3.214 instructions: 200000004 cycles: 62233218
CPU 9 Branch Prediction Accuracy: 96.73% MPKI: 1.357 Average ROB Occupancy at Mispredict: 83.18
Branch type MPKI
BRANCH_DIRECT_JUMP: 0.00177
BRANCH_INDIRECT: 0.00277
BRANCH_CONDITIONAL: 1.171
BRANCH_DIRECT_CALL: 0.0012
BRANCH_INDIRECT_CALL: 0.04896
BRANCH_RETURN: 0.1312


CPU 8 cumulative IPC: 1.668 instructions: 200000001 cycles: 119937924
CPU 8 Branch Prediction Accuracy: 95.71% MPKI: 6.374 Average ROB Occupancy at Mispredict: 43.2
Branch type MPKI
BRANCH_DIRECT_JUMP: 0.07831
BRANCH_INDIRECT: 0.8317
BRANCH_CONDITIONAL: 5.462
BRANCH_DIRECT_CALL: 0
BRANCH_INDIRECT_CALL: 0.002525
BRANCH_RETURN: 0


CPU 7 cumulative IPC: 4.039 instructions: 200000002 cycles: 49519075
CPU 7 Branch Prediction Accuracy: 99.96% MPKI: 0.04577 Average ROB Occupancy at Mispredict: 179.8
Branch type MPKI
BRANCH_DIRECT_JUMP: 0
BRANCH_INDIRECT: 0
BRANCH_CONDITIONAL: 0.04577
BRANCH_DIRECT_CALL: 0
BRANCH_INDIRECT_CALL: 0
BRANCH_RETURN: 0


CPU 6 cumulative IPC: 3.215 instructions: 200000001 cycles: 62199264
CPU 6 Branch Prediction Accuracy: 96.73% MPKI: 1.356 Average ROB Occupancy at Mispredict: 82.98
Branch type MPKI
BRANCH_DIRECT_JUMP: 0.00177
BRANCH_INDIRECT: 0.00277
BRANCH_CONDITIONAL: 1.171
BRANCH_DIRECT_CALL: 0.0012
BRANCH_INDIRECT_CALL: 0.04897
BRANCH_RETURN: 0.1312


CPU 5 cumulative IPC: 3.483 instructions: 200000002 cycles: 57424292
CPU 5 Branch Prediction Accuracy: 98.05% MPKI: 2.735 Average ROB Occupancy at Mispredict: 31.42
Branch type MPKI
BRANCH_DIRECT_JUMP: 0.09971
BRANCH_INDIRECT: 0
BRANCH_CONDITIONAL: 2.635
BRANCH_DIRECT_CALL: 0.000395
BRANCH_INDIRECT_CALL: 0
BRANCH_RETURN: 0.0004


CPU 4 cumulative IPC: 3.075 instructions: 200000004 cycles: 65038948
CPU 4 Branch Prediction Accuracy: 98% MPKI: 3.226 Average ROB Occupancy at Mispredict: 62.2
Branch type MPKI
BRANCH_DIRECT_JUMP: 0.4131
BRANCH_INDIRECT: 0
BRANCH_CONDITIONAL: 2.813
BRANCH_DIRECT_CALL: 0
BRANCH_INDIRECT_CALL: 0
BRANCH_RETURN: 0


CPU 3 cumulative IPC: 2.625 instructions: 200000005 cycles: 76196192
CPU 3 Branch Prediction Accuracy: 98.98% MPKI: 1.435 Average ROB Occupancy at Mispredict: 154
Branch type MPKI
BRANCH_DIRECT_JUMP: 0.04021
BRANCH_INDIRECT: 0.1606
BRANCH_CONDITIONAL: 1.232
BRANCH_DIRECT_CALL: 0.00103
BRANCH_INDIRECT_CALL: 0.000485
BRANCH_RETURN: 0.00104


CPU 2 cumulative IPC: 3.075 instructions: 200000001 cycles: 65036575
CPU 2 Branch Prediction Accuracy: 98% MPKI: 3.226 Average ROB Occupancy at Mispredict: 62.19
Branch type MPKI
BRANCH_DIRECT_JUMP: 0.4131
BRANCH_INDIRECT: 0
BRANCH_CONDITIONAL: 2.813
BRANCH_DIRECT_CALL: 0
BRANCH_INDIRECT_CALL: 0
BRANCH_RETURN: 0


CPU 15 cumulative IPC: 3.566 instructions: 200000001 cycles: 56079480
CPU 15 Branch Prediction Accuracy: 98.4% MPKI: 2.207 Average ROB Occupancy at Mispredict: 39.31
Branch type MPKI
BRANCH_DIRECT_JUMP: 0.06427
BRANCH_INDIRECT: 0
BRANCH_CONDITIONAL: 2.143
BRANCH_DIRECT_CALL: 0
BRANCH_INDIRECT_CALL: 0
BRANCH_RETURN: 5e-06


CPU 14 cumulative IPC: 3.075 instructions: 200000000 cycles: 65036512
CPU 14 Branch Prediction Accuracy: 98% MPKI: 3.226 Average ROB Occupancy at Mispredict: 62.19
Branch type MPKI
BRANCH_DIRECT_JUMP: 0.4131
BRANCH_INDIRECT: 0
BRANCH_CONDITIONAL: 2.813
BRANCH_DIRECT_CALL: 0
BRANCH_INDIRECT_CALL: 0
BRANCH_RETURN: 0


CPU 13 cumulative IPC: 2.579 instructions: 200000001 cycles: 77560930
CPU 13 Branch Prediction Accuracy: 99.94% MPKI: 0.05569 Average ROB Occupancy at Mispredict: 199.9
Branch type MPKI
BRANCH_DIRECT_JUMP: 0
BRANCH_INDIRECT: 0
BRANCH_CONDITIONAL: 0.05569
BRANCH_DIRECT_CALL: 0
BRANCH_INDIRECT_CALL: 0
BRANCH_RETURN: 0


CPU 12 cumulative IPC: 2.889 instructions: 200000005 cycles: 69225150
CPU 12 Branch Prediction Accuracy: 98.95% MPKI: 2.497 Average ROB Occupancy at Mispredict: 109.9
Branch type MPKI
BRANCH_DIRECT_JUMP: 5e-06
BRANCH_INDIRECT: 0.2733
BRANCH_CONDITIONAL: 2.224
BRANCH_DIRECT_CALL: 5e-06
BRANCH_INDIRECT_CALL: 0
BRANCH_RETURN: 5e-06


CPU 11 cumulative IPC: 3.382 instructions: 200000004 cycles: 59128839
CPU 11 Branch Prediction Accuracy: 99.54% MPKI: 0.6769 Average ROB Occupancy at Mispredict: 143.5
Branch type MPKI
BRANCH_DIRECT_JUMP: 0.05614
BRANCH_INDIRECT: 0
BRANCH_CONDITIONAL: 0.5613
BRANCH_DIRECT_CALL: 0
BRANCH_INDIRECT_CALL: 0
BRANCH_RETURN: 0.05952


CPU 10 cumulative IPC: 3.382 instructions: 200000000 cycles: 59127974
CPU 10 Branch Prediction Accuracy: 99.54% MPKI: 0.6769 Average ROB Occupancy at Mispredict: 143.5
Branch type MPKI
BRANCH_DIRECT_JUMP: 0.05615
BRANCH_INDIRECT: 0
BRANCH_CONDITIONAL: 0.5613
BRANCH_DIRECT_CALL: 0
BRANCH_INDIRECT_CALL: 0
BRANCH_RETURN: 0.05953


CPU 1 cumulative IPC: 2.9 instructions: 200000005 cycles: 68959785
CPU 1 Branch Prediction Accuracy: 98.07% MPKI: 2.698 Average ROB Occupancy at Mispredict: 105.6
Branch type MPKI
BRANCH_DIRECT_JUMP: 0.1975
BRANCH_INDIRECT: 0
BRANCH_CONDITIONAL: 2.501
BRANCH_DIRECT_CALL: 0
BRANCH_INDIRECT_CALL: 0
BRANCH_RETURN: 0


CPU 0 cumulative IPC: 1.317 instructions: 200000002 cycles: 151848710
CPU 0 Branch Prediction Accuracy: 97.83% MPKI: 6.236 Average ROB Occupancy at Mispredict: 43.8
Branch type MPKI
BRANCH_DIRECT_JUMP: 0.1248
BRANCH_INDIRECT: 0.3877
BRANCH_CONDITIONAL: 3.657
BRANCH_DIRECT_CALL: 0.00068
BRANCH_INDIRECT_CALL: 0.4311
BRANCH_RETURN: 1.635

cpu9->cpu9_STLB TOTAL        ACCESS:     778386 HIT:     768347 MISS:      10039 MSHR_MERGE:          0
cpu9->cpu9_STLB LOAD         ACCESS:     778386 HIT:     768347 MISS:      10039 MSHR_MERGE:          0
cpu9->cpu9_STLB RFO          ACCESS:          0 HIT:          0 MISS:          0 MSHR_MERGE:          0
cpu9->cpu9_STLB PREFETCH     ACCESS:          0 HIT:          0 MISS:          0 MSHR_MERGE:          0
cpu9->cpu9_STLB WRITE        ACCESS:          0 HIT:          0 MISS:          0 MSHR_MERGE:          0
cpu9->cpu9_STLB TRANSLATION  ACCESS:          0 HIT:          0 MISS:          0 MSHR_MERGE:          0
cpu9->cpu9_STLB PREFETCH REQUESTED:          0 ISSUED:          0 USEFUL:          0 USELESS:          0
cpu9->cpu9_STLB AVERAGE MISS LATENCY: 590.2 cycles
cpu0->cpu9_L2C TOTAL        ACCESS:        207 HIT:        198 MISS:          9 MSHR_MERGE:          0
cpu0->cpu9_L2C LOAD         ACCESS:          0 HIT:          0 MISS:          0 MSHR_MERGE:          0
cpu0->cpu9_L2C RFO          ACCESS:          0 HIT:          0 MISS:          0 MSHR_MERGE:          0
cpu0->cpu9_L2C PREFETCH     ACCESS:          0 HIT:          0 MISS:          0 MSHR_MERGE:          0
cpu0->cpu9_L2C WRITE        ACCESS:        207 HIT:        198 MISS:          9 MSHR_MERGE:          0
cpu0->cpu9_L2C TRANSLATION  ACCESS:          0 HIT:          0 MISS:          0 MSHR_MERGE:          0
cpu0->cpu9_L2C PREFETCH REQUESTED:    6129805 ISSUED:    6009973 USEFUL:      60990 USELESS:       2323
cpu0->cpu9_L2C AVERAGE MISS LATENCY: 9.769e+06 cycles
cpu9->cpu9_L2C TOTAL        ACCESS:   10423535 HIT:    7298979 MISS:    3124556 MSHR_MERGE:     406265
cpu9->cpu9_L2C LOAD         ACCESS:    2504097 HIT:    2085461 MISS:     418636 MSHR_MERGE:      31673
cpu9->cpu9_L2C RFO          ACCESS:     385617 HIT:     165059 MISS:     220558 MSHR_MERGE:         23
cpu9->cpu9_L2C PREFETCH     ACCESS:    7045253 HIT:    4659937 MISS:    2385316 MSHR_MERGE:     374569
cpu9->cpu9_L2C WRITE        ACCESS:     473410 HIT:     388291 MISS:      85119 MSHR_MERGE:          0
cpu9->cpu9_L2C TRANSLATION  ACCESS:      15158 HIT:        231 MISS:      14927 MSHR_MERGE:          0
cpu9->cpu9_L2C PREFETCH REQUESTED:    6129805 ISSUED:    6009973 USEFUL:      60990 USELESS:       2323
cpu9->cpu9_L2C AVERAGE MISS LATENCY: 118.9 cycles
cpu9_L2C FLUSH STALL CYCLES: 7428
cpu9->cpu9_L1I TOTAL        ACCESS:  114510592 HIT:  107961719 MISS:    6548873 MSHR_MERGE:    4039679
cpu9->cpu9_L1I LOAD         ACCESS:   58109037 HIT:   54760578 MISS:    3348459 MSHR_MERGE:    1791525
cpu9->cpu9_L1I RFO          ACCESS:          0 HIT:          0 MISS:          0 MSHR_MERGE:          0
cpu9->cpu9_L1I PREFETCH     ACCESS:   56401555 HIT:   53201141 MISS:    3200414 MSHR_MERGE:    2248154
cpu9->cpu9_L1I WRITE        ACCESS:          0 HIT:          0 MISS:          0 MSHR_MERGE:          0
cpu9->cpu9_L1I TRANSLATION  ACCESS:          0 HIT:          0 MISS:          0 MSHR_MERGE:          0
cpu9->cpu9_L1I PREFETCH REQUESTED:   58120434 ISSUED:   56401523 USEFUL:     599069 USELESS:     353173
cpu9->cpu9_L1I AVERAGE MISS LATENCY: 9.231 cycles
cpu9->cpu9_L1D TOTAL        ACCESS:   94827974 HIT:   89879023 MISS:    4948951 MSHR_MERGE:    3517115
cpu9->cpu9_L1D LOAD         ACCESS:   58638256 HIT:   56349595 MISS:    2288661 MSHR_MERGE:    1341478
cpu9->cpu9_L1D RFO          ACCESS:          0 HIT:          0 MISS:          0 MSHR_MERGE:          0
cpu9->cpu9_L1D PREFETCH     ACCESS:    2741356 HIT:    2598659 MISS:     142697 MSHR_MERGE:      58938
cpu9->cpu9_L1D WRITE        ACCESS:   33428265 HIT:   30926947 MISS:    2501318 MSHR_MERGE:    2115582
cpu9->cpu9_L1D TRANSLATION  ACCESS:      20097 HIT:       3822 MISS:      16275 MSHR_MERGE:       1117
cpu9->cpu9_L1D PREFETCH REQUESTED:    2955162 ISSUED:    2741356 USEFUL:      22064 USELESS:      20923
cpu9->cpu9_L1D AVERAGE MISS LATENCY: 74.89 cycles
cpu9_L1D FLUSH STALL CYCLES: 143
cpu9->cpu9_ITLB TOTAL        ACCESS:   81576489 HIT:   81568785 MISS:       7704 MSHR_MERGE:       4924
cpu9->cpu9_ITLB LOAD         ACCESS:   81576489 HIT:   81568785 MISS:       7704 MSHR_MERGE:       4924
cpu9->cpu9_ITLB RFO          ACCESS:          0 HIT:          0 MISS:          0 MSHR_MERGE:          0
cpu9->cpu9_ITLB PREFETCH     ACCESS:          0 HIT:          0 MISS:          0 MSHR_MERGE:          0
cpu9->cpu9_ITLB WRITE        ACCESS:          0 HIT:          0 MISS:          0 MSHR_MERGE:          0
cpu9->cpu9_ITLB TRANSLATION  ACCESS:          0 HIT:          0 MISS:          0 MSHR_MERGE:          0
cpu9->cpu9_ITLB PREFETCH REQUESTED:          0 ISSUED:          0 USEFUL:          0 USELESS:          0
cpu9->cpu9_ITLB AVERAGE MISS LATENCY: 35.79 cycles
cpu9->cpu9_DTLB TOTAL        ACCESS:   86569221 HIT:   85050733 MISS:    1518488 MSHR_MERGE:     742882
cpu9->cpu9_DTLB LOAD         ACCESS:   86569221 HIT:   85050733 MISS:    1518488 MSHR_MERGE:     742882
cpu9->cpu9_DTLB RFO          ACCESS:          0 HIT:          0 MISS:          0 MSHR_MERGE:          0
cpu9->cpu9_DTLB PREFETCH     ACCESS:          0 HIT:          0 MISS:          0 MSHR_MERGE:          0
cpu9->cpu9_DTLB WRITE        ACCESS:          0 HIT:          0 MISS:          0 MSHR_MERGE:          0
cpu9->cpu9_DTLB TRANSLATION  ACCESS:          0 HIT:          0 MISS:          0 MSHR_MERGE:          0
cpu9->cpu9_DTLB PREFETCH REQUESTED:          0 ISSUED:          0 USEFUL:          0 USELESS:          0
cpu9->cpu9_DTLB AVERAGE MISS LATENCY: 12.54 cycles
cpu8->cpu8_STLB TOTAL        ACCESS:    1270662 HIT:    1149726 MISS:     120936 MSHR_MERGE:          0
cpu8->cpu8_STLB LOAD         ACCESS:    1270662 HIT:    1149726 MISS:     120936 MSHR_MERGE:          0
cpu8->cpu8_STLB RFO          ACCESS:          0 HIT:          0 MISS:          0 MSHR_MERGE:          0
cpu8->cpu8_STLB PREFETCH     ACCESS:          0 HIT:          0 MISS:          0 MSHR_MERGE:          0
cpu8->cpu8_STLB WRITE        ACCESS:          0 HIT:          0 MISS:          0 MSHR_MERGE:          0
cpu8->cpu8_STLB TRANSLATION  ACCESS:          0 HIT:          0 MISS:          0 MSHR_MERGE:          0
cpu8->cpu8_STLB PREFETCH REQUESTED:          0 ISSUED:          0 USEFUL:          0 USELESS:          0
cpu8->cpu8_STLB AVERAGE MISS LATENCY: 310.1 cycles
cpu0->cpu8_L2C TOTAL        ACCESS:        428 HIT:        403 MISS:         25 MSHR_MERGE:          0
cpu0->cpu8_L2C LOAD         ACCESS:          0 HIT:          0 MISS:          0 MSHR_MERGE:          0
cpu0->cpu8_L2C RFO          ACCESS:          0 HIT:          0 MISS:          0 MSHR_MERGE:          0
cpu0->cpu8_L2C PREFETCH     ACCESS:          0 HIT:          0 MISS:          0 MSHR_MERGE:          0
cpu0->cpu8_L2C WRITE        ACCESS:        428 HIT:        403 MISS:         25 MSHR_MERGE:          0
cpu0->cpu8_L2C TRANSLATION  ACCESS:          0 HIT:          0 MISS:          0 MSHR_MERGE:          0
cpu0->cpu8_L2C PREFETCH REQUESTED:     864573 ISSUED:     864573 USEFUL:       6897 USELESS:        129
cpu0->cpu8_L2C AVERAGE MISS LATENCY: 3.378e+06 cycles
cpu8->cpu8_L2C TOTAL        ACCESS:    3504735 HIT:    2610200 MISS:     894535 MSHR_MERGE:     223030
cpu8->cpu8_L2C LOAD         ACCESS:     953366 HIT:     702004 MISS:     251362 MSHR_MERGE:       5894
cpu8->cpu8_L2C RFO          ACCESS:     360272 HIT:     278773 MISS:      81499 MSHR_MERGE:          0
cpu8->cpu8_L2C PREFETCH     ACCESS:     955940 HIT:     649080 MISS:     306860 MSHR_MERGE:     217136
cpu8->cpu8_L2C WRITE        ACCESS:     999296 HIT:     959825 MISS:      39471 MSHR_MERGE:          0
cpu8->cpu8_L2C TRANSLATION  ACCESS:     235861 HIT:      20518 MISS:     215343 MSHR_MERGE:          0
cpu8->cpu8_L2C PREFETCH REQUESTED:     864573 ISSUED:     864573 USEFUL:       6897 USELESS:        129
cpu8->cpu8_L2C AVERAGE MISS LATENCY: 143.7 cycles
cpu8_L2C FLUSH STALL CYCLES: 17436
cpu8->cpu8_L1I TOTAL        ACCESS:   24769844 HIT:   24764093 MISS:       5751 MSHR_MERGE:       3902
cpu8->cpu8_L1I LOAD         ACCESS:   12397962 HIT:   12395542 MISS:       2420 MSHR_MERGE:       1371
cpu8->cpu8_L1I RFO          ACCESS:          0 HIT:          0 MISS:          0 MSHR_MERGE:          0
cpu8->cpu8_L1I PREFETCH     ACCESS:   12371882 HIT:   12368551 MISS:       3331 MSHR_MERGE:       2531
cpu8->cpu8_L1I WRITE        ACCESS:          0 HIT:          0 MISS:          0 MSHR_MERGE:          0
cpu8->cpu8_L1I TRANSLATION  ACCESS:          0 HIT:          0 MISS:          0 MSHR_MERGE:          0
cpu8->cpu8_L1I PREFETCH REQUESTED:   12397962 ISSUED:   12371850 USEFUL:        528 USELESS:        273
cpu8->cpu8_L1I AVERAGE MISS LATENCY: 49.52 cycles
cpu8->cpu8_L1D TOTAL        ACCESS:   62361389 HIT:   60013507 MISS:    2347882 MSHR_MERGE:     708849
cpu8->cpu8_L1D LOAD         ACCESS:   43947409 HIT:   42663894 MISS:    1283515 MSHR_MERGE:     331186
cpu8->cpu8_L1D RFO          ACCESS:          0 HIT:          0 MISS:          0 MSHR_MERGE:          0
cpu8->cpu8_L1D PREFETCH     ACCESS:    1011152 HIT:     912418 MISS:      98734 MSHR_MERGE:       8167
cpu8->cpu8_L1D WRITE        ACCESS:   17160959 HIT:   16432301 MISS:     728658 MSHR_MERGE:     368382
cpu8->cpu8_L1D TRANSLATION  ACCESS:     241869 HIT:       4894 MISS:     236975 MSHR_MERGE:       1114
cpu8->cpu8_L1D PREFETCH REQUESTED:    1012164 ISSUED:    1011152 USEFUL:      32869 USELESS:      57660
cpu8->cpu8_L1D AVERAGE MISS LATENCY: 64.61 cycles
cpu8_L1D FLUSH STALL CYCLES: 364
cpu8->cpu8_ITLB TOTAL        ACCESS:   18051344 HIT:   18051344 MISS:          0 MSHR_MERGE:          0
cpu8->cpu8_ITLB LOAD         ACCESS:   18051344 HIT:   18051344 MISS:          0 MSHR_MERGE:          0
cpu8->cpu8_ITLB RFO          ACCESS:          0 HIT:          0 MISS:          0 MSHR_MERGE:          0
cpu8->cpu8_ITLB PREFETCH     ACCESS:          0 HIT:          0 MISS:          0 MSHR_MERGE:          0
cpu8->cpu8_ITLB WRITE        ACCESS:          0 HIT:          0 MISS:          0 MSHR_MERGE:          0
cpu8->cpu8_ITLB TRANSLATION  ACCESS:          0 HIT:          0 MISS:          0 MSHR_MERGE:          0
cpu8->cpu8_ITLB PREFETCH REQUESTED:          0 ISSUED:          0 USEFUL:          0 USELESS:          0
cpu8->cpu8_ITLB AVERAGE MISS LATENCY: - cycles
cpu8->cpu8_DTLB TOTAL        ACCESS:   58386724 HIT:   56926915 MISS:    1459809 MSHR_MERGE:     189147
cpu8->cpu8_DTLB LOAD         ACCESS:   58386724 HIT:   56926915 MISS:    1459809 MSHR_MERGE:     189147
cpu8->cpu8_DTLB RFO          ACCESS:          0 HIT:          0 MISS:          0 MSHR_MERGE:          0
cpu8->cpu8_DTLB PREFETCH     ACCESS:          0 HIT:          0 MISS:          0 MSHR_MERGE:          0
cpu8->cpu8_DTLB WRITE        ACCESS:          0 HIT:          0 MISS:          0 MSHR_MERGE:          0
cpu8->cpu8_DTLB TRANSLATION  ACCESS:          0 HIT:          0 MISS:          0 MSHR_MERGE:          0
cpu8->cpu8_DTLB PREFETCH REQUESTED:          0 ISSUED:          0 USEFUL:          0 USELESS:          0
cpu8->cpu8_DTLB AVERAGE MISS LATENCY: 34.61 cycles
cpu7->cpu7_STLB TOTAL        ACCESS:       9258 HIT:          0 MISS:       9258 MSHR_MERGE:          0
cpu7->cpu7_STLB LOAD         ACCESS:       9258 HIT:          0 MISS:       9258 MSHR_MERGE:          0
cpu7->cpu7_STLB RFO          ACCESS:          0 HIT:          0 MISS:          0 MSHR_MERGE:          0
cpu7->cpu7_STLB PREFETCH     ACCESS:          0 HIT:          0 MISS:          0 MSHR_MERGE:          0
cpu7->cpu7_STLB WRITE        ACCESS:          0 HIT:          0 MISS:          0 MSHR_MERGE:          0
cpu7->cpu7_STLB TRANSLATION  ACCESS:          0 HIT:          0 MISS:          0 MSHR_MERGE:          0
cpu7->cpu7_STLB PREFETCH REQUESTED:          0 ISSUED:          0 USEFUL:          0 USELESS:          0
cpu7->cpu7_STLB AVERAGE MISS LATENCY: 638.4 cycles
cpu0->cpu7_L2C TOTAL        ACCESS:          8 HIT:          0 MISS:          8 MSHR_MERGE:          0
cpu0->cpu7_L2C LOAD         ACCESS:          0 HIT:          0 MISS:          0 MSHR_MERGE:          0
cpu0->cpu7_L2C RFO          ACCESS:          0 HIT:          0 MISS:          0 MSHR_MERGE:          0
cpu0->cpu7_L2C PREFETCH     ACCESS:          0 HIT:          0 MISS:          0 MSHR_MERGE:          0
cpu0->cpu7_L2C WRITE        ACCESS:          8 HIT:          0 MISS:          8 MSHR_MERGE:          0
cpu0->cpu7_L2C TRANSLATION  ACCESS:          0 HIT:          0 MISS:          0 MSHR_MERGE:          0
cpu0->cpu7_L2C PREFETCH REQUESTED:   11783493 ISSUED:   11783493 USEFUL:     434526 USELESS:          0
cpu0->cpu7_L2C AVERAGE MISS LATENCY: 1.064e+06 cycles
cpu7->cpu7_L2C TOTAL        ACCESS:   12386446 HIT:     434665 MISS:   11951781 MSHR_MERGE:         20
cpu7->cpu7_L2C LOAD         ACCESS:     592517 HIT:     434661 MISS:     157856 MSHR_MERGE:         20
cpu7->cpu7_L2C RFO          ACCESS:          2 HIT:          2 MISS:          0 MSHR_MERGE:          0
cpu7->cpu7_L2C PREFETCH     ACCESS:   11783493 HIT:          0 MISS:   11783493 MSHR_MERGE:          0
cpu7->cpu7_L2C WRITE        ACCESS:          2 HIT:          2 MISS:          0 MSHR_MERGE:          0
cpu7->cpu7_L2C TRANSLATION  ACCESS:      10432 HIT:          0 MISS:      10432 MSHR_MERGE:          0
cpu7->cpu7_L2C PREFETCH REQUESTED:   11783493 ISSUED:   11783493 USEFUL:     434526 USELESS:          0
cpu7->cpu7_L2C AVERAGE MISS LATENCY: 50.57 cycles
cpu7->cpu7_L1I TOTAL        ACCESS:    1911970 HIT:    1911970 MISS:          0 MSHR_MERGE:          0
cpu7->cpu7_L1I LOAD         ACCESS:     955985 HIT:     955985 MISS:          0 MSHR_MERGE:          0
cpu7->cpu7_L1I RFO          ACCESS:          0 HIT:          0 MISS:          0 MSHR_MERGE:          0
cpu7->cpu7_L1I PREFETCH     ACCESS:     955985 HIT:     955985 MISS:          0 MSHR_MERGE:          0
cpu7->cpu7_L1I WRITE        ACCESS:          0 HIT:          0 MISS:          0 MSHR_MERGE:          0
cpu7->cpu7_L1I TRANSLATION  ACCESS:          0 HIT:          0 MISS:          0 MSHR_MERGE:          0
cpu7->cpu7_L1I PREFETCH REQUESTED:     955985 ISSUED:     955985 USEFUL:          0 USELESS:          0
cpu7->cpu7_L1I AVERAGE MISS LATENCY: - cycles
cpu7->cpu7_L1D TOTAL        ACCESS:   99665797 HIT:   98984072 MISS:     681725 MSHR_MERGE:      78774
cpu7->cpu7_L1D LOAD         ACCESS:   80631284 HIT:   79959993 MISS:     671291 MSHR_MERGE:      78774
cpu7->cpu7_L1D RFO          ACCESS:          0 HIT:          0 MISS:          0 MSHR_MERGE:          0
cpu7->cpu7_L1D PREFETCH     ACCESS:          0 HIT:          0 MISS:          0 MSHR_MERGE:          0
cpu7->cpu7_L1D WRITE        ACCESS:   19015980 HIT:   19015978 MISS:          2 MSHR_MERGE:          0
cpu7->cpu7_L1D TRANSLATION  ACCESS:      18533 HIT:       8101 MISS:      10432 MSHR_MERGE:          0
cpu7->cpu7_L1D PREFETCH REQUESTED:          0 ISSUED:          0 USEFUL:          0 USELESS:          0
cpu7->cpu7_L1D AVERAGE MISS LATENCY: 24.39 cycles
cpu7->cpu7_ITLB TOTAL        ACCESS:    1105440 HIT:    1105440 MISS:          0 MSHR_MERGE:          0
cpu7->cpu7_ITLB LOAD         ACCESS:    1105440 HIT:    1105440 MISS:          0 MSHR_MERGE:          0
cpu7->cpu7_ITLB RFO          ACCESS:          0 HIT:          0 MISS:          0 MSHR_MERGE:          0
cpu7->cpu7_ITLB PREFETCH     ACCESS:          0 HIT:          0 MISS:          0 MSHR_MERGE:          0
cpu7->cpu7_ITLB WRITE        ACCESS:          0 HIT:          0 MISS:          0 MSHR_MERGE:          0
cpu7->cpu7_ITLB TRANSLATION  ACCESS:          0 HIT:          0 MISS:          0 MSHR_MERGE:          0
cpu7->cpu7_ITLB PREFETCH REQUESTED:          0 ISSUED:          0 USEFUL:          0 USELESS:          0
cpu7->cpu7_ITLB AVERAGE MISS LATENCY: - cycles
cpu7->cpu7_DTLB TOTAL        ACCESS:   92116304 HIT:   92101151 MISS:      15153 MSHR_MERGE:       5895
cpu7->cpu7_DTLB LOAD         ACCESS:   92116304 HIT:   92101151 MISS:      15153 MSHR_MERGE:       5895
cpu7->cpu7_DTLB RFO          ACCESS:          0 HIT:          0 MISS:          0 MSHR_MERGE:          0
cpu7->cpu7_DTLB PREFETCH     ACCESS:          0 HIT:          0 MISS:          0 MSHR_MERGE:          0
cpu7->cpu7_DTLB WRITE        ACCESS:          0 HIT:          0 MISS:          0 MSHR_MERGE:          0
cpu7->cpu7_DTLB TRANSLATION  ACCESS:          0 HIT:          0 MISS:          0 MSHR_MERGE:          0
cpu7->cpu7_DTLB PREFETCH REQUESTED:          0 ISSUED:          0 USEFUL:          0 USELESS:          0
cpu7->cpu7_DTLB AVERAGE MISS LATENCY: 644.4 cycles
cpu6->cpu6_STLB TOTAL        ACCESS:     778203 HIT:     768167 MISS:      10036 MSHR_MERGE:          0
cpu6->cpu6_STLB LOAD         ACCESS:     778203 HIT:     768167 MISS:      10036 MSHR_MERGE:          0
cpu6->cpu6_STLB RFO          ACCESS:          0 HIT:          0 MISS:          0 MSHR_MERGE:          0
cpu6->cpu6_STLB PREFETCH     ACCESS:          0 HIT:          0 MISS:          0 MSHR_MERGE:          0
cpu6->cpu6_STLB WRITE        ACCESS:          0 HIT:          0 MISS:          0 MSHR_MERGE:          0
cpu6->cpu6_STLB TRANSLATION  ACCESS:          0 HIT:          0 MISS:          0 MSHR_MERGE:          0
cpu6->cpu6_STLB PREFETCH REQUESTED:          0 ISSUED:          0 USEFUL:          0 USELESS:          0
cpu6->cpu6_STLB AVERAGE MISS LATENCY: 589.3 cycles
cpu0->cpu6_L2C TOTAL        ACCESS:        229 HIT:        218 MISS:         11 MSHR_MERGE:          0
cpu0->cpu6_L2C LOAD         ACCESS:          0 HIT:          0 MISS:          0 MSHR_MERGE:          0
cpu0->cpu6_L2C RFO          ACCESS:          0 HIT:          0 MISS:          0 MSHR_MERGE:          0
cpu0->cpu6_L2C PREFETCH     ACCESS:          0 HIT:          0 MISS:          0 MSHR_MERGE:          0
cpu0->cpu6_L2C WRITE        ACCESS:        229 HIT:        218 MISS:         11 MSHR_MERGE:          0
cpu0->cpu6_L2C TRANSLATION  ACCESS:          0 HIT:          0 MISS:          0 MSHR_MERGE:          0
cpu0->cpu6_L2C PREFETCH REQUESTED:    6198536 ISSUED:    6090181 USEFUL:      61563 USELESS:       2320
cpu0->cpu6_L2C AVERAGE MISS LATENCY: 8.02e+06 cycles
cpu6->cpu6_L2C TOTAL        ACCESS:   10501622 HIT:    7324726 MISS:    3176896 MSHR_MERGE:     420567
cpu6->cpu6_L2C LOAD         ACCESS:    2500018 HIT:    2070943 MISS:     429075 MSHR_MERGE:      31388
cpu6->cpu6_L2C RFO          ACCESS:     385788 HIT:     165062 MISS:     220726 MSHR_MERGE:         22
cpu6->cpu6_L2C PREFETCH     ACCESS:    7127290 HIT:    4695490 MISS:    2431800 MSHR_MERGE:     389157
cpu6->cpu6_L2C WRITE        ACCESS:     473370 HIT:     392999 MISS:      80371 MSHR_MERGE:          0
cpu6->cpu6_L2C TRANSLATION  ACCESS:      15156 HIT:        232 MISS:      14924 MSHR_MERGE:          0
cpu6->cpu6_L2C PREFETCH REQUESTED:    6198536 ISSUED:    6090181 USEFUL:      61563 USELESS:       2320
cpu6->cpu6_L2C AVERAGE MISS LATENCY: 118.4 cycles
cpu6_L2C FLUSH STALL CYCLES: 7848
cpu6->cpu6_L1I TOTAL        ACCESS:  114531984 HIT:  108015991 MISS:    6515993 MSHR_MERGE:    4008562
cpu6->cpu6_L1I LOAD         ACCESS:   58134043 HIT:   54809422 MISS:    3324621 MSHR_MERGE:    1771388
cpu6->cpu6_L1I RFO          ACCESS:          0 HIT:          0 MISS:          0 MSHR_MERGE:          0
cpu6->cpu6_L1I PREFETCH     ACCESS:   56397941 HIT:   53206569 MISS:    3191372 MSHR_MERGE:    2237174
cpu6->cpu6_L1I WRITE        ACCESS:          0 HIT:          0 MISS:          0 MSHR_MERGE:          0
cpu6->cpu6_L1I TRANSLATION  ACCESS:          0 HIT:          0 MISS:          0 MSHR_MERGE:          0
cpu6->cpu6_L1I PREFETCH REQUESTED:   58148909 ISSUED:   56397908 USEFUL:     601491 USELESS:     352682
cpu6->cpu6_L1I AVERAGE MISS LATENCY: 9.335 cycles
cpu6->cpu6_L1D TOTAL        ACCESS:   94778700 HIT:   89832262 MISS:    4946438 MSHR_MERGE:    3514902
cpu6->cpu6_L1D LOAD         ACCESS:   58598756 HIT:   56310733 MISS:    2288023 MSHR_MERGE:    1341230
cpu6->cpu6_L1D RFO          ACCESS:          0 HIT:          0 MISS:          0 MSHR_MERGE:          0
cpu6->cpu6_L1D PREFETCH     ACCESS:    2739218 HIT:    2596319 MISS:     142899 MSHR_MERGE:      59233
cpu6->cpu6_L1D WRITE        ACCESS:   33420635 HIT:   30921405 MISS:    2499230 MSHR_MERGE:    2113309
cpu6->cpu6_L1D TRANSLATION  ACCESS:      20091 HIT:       3805 MISS:      16286 MSHR_MERGE:       1130
cpu6->cpu6_L1D PREFETCH REQUESTED:    2951653 ISSUED:    2739218 USEFUL:      22287 USELESS:      20956
cpu6->cpu6_L1D AVERAGE MISS LATENCY: 75 cycles
cpu6_L1D FLUSH STALL CYCLES: 165
cpu6->cpu6_ITLB TOTAL        ACCESS:   81617255 HIT:   81609486 MISS:       7769 MSHR_MERGE:       4989
cpu6->cpu6_ITLB LOAD         ACCESS:   81617255 HIT:   81609486 MISS:       7769 MSHR_MERGE:       4989
cpu6->cpu6_ITLB RFO          ACCESS:          0 HIT:          0 MISS:          0 MSHR_MERGE:          0
cpu6->cpu6_ITLB PREFETCH     ACCESS:          0 HIT:          0 MISS:          0 MSHR_MERGE:          0
cpu6->cpu6_ITLB WRITE        ACCESS:          0 HIT:          0 MISS:          0 MSHR_MERGE:          0
cpu6->cpu6_ITLB TRANSLATION  ACCESS:          0 HIT:          0 MISS:          0 MSHR_MERGE:          0
cpu6->cpu6_ITLB PREFETCH REQUESTED:          0 ISSUED:          0 USEFUL:          0 USELESS:          0
cpu6->cpu6_ITLB AVERAGE MISS LATENCY: 36.03 cycles
cpu6->cpu6_DTLB TOTAL        ACCESS:   86531882 HIT:   85014016 MISS:    1517866 MSHR_MERGE:     742443
cpu6->cpu6_DTLB LOAD         ACCESS:   86531882 HIT:   85014016 MISS:    1517866 MSHR_MERGE:     742443
cpu6->cpu6_DTLB RFO          ACCESS:          0 HIT:          0 MISS:          0 MSHR_MERGE:          0
cpu6->cpu6_DTLB PREFETCH     ACCESS:          0 HIT:          0 MISS:          0 MSHR_MERGE:          0
cpu6->cpu6_DTLB WRITE        ACCESS:          0 HIT:          0 MISS:          0 MSHR_MERGE:          0
cpu6->cpu6_DTLB TRANSLATION  ACCESS:          0 HIT:          0 MISS:          0 MSHR_MERGE:          0
cpu6->cpu6_DTLB PREFETCH REQUESTED:          0 ISSUED:          0 USEFUL:          0 USELESS:          0
cpu6->cpu6_DTLB AVERAGE MISS LATENCY: 12.53 cycles
cpu5->cpu5_STLB TOTAL        ACCESS:         36 HIT:          0 MISS:         36 MSHR_MERGE:          0
cpu5->cpu5_STLB LOAD         ACCESS:         36 HIT:          0 MISS:         36 MSHR_MERGE:          0
cpu5->cpu5_STLB RFO          ACCESS:          0 HIT:          0 MISS:          0 MSHR_MERGE:          0
cpu5->cpu5_STLB PREFETCH     ACCESS:          0 HIT:          0 MISS:          0 MSHR_MERGE:          0
cpu5->cpu5_STLB WRITE        ACCESS:          0 HIT:          0 MISS:          0 MSHR_MERGE:          0
cpu5->cpu5_STLB TRANSLATION  ACCESS:          0 HIT:          0 MISS:          0 MSHR_MERGE:          0
cpu5->cpu5_STLB PREFETCH REQUESTED:          0 ISSUED:          0 USEFUL:          0 USELESS:          0
cpu5->cpu5_STLB AVERAGE MISS LATENCY: 749.1 cycles
cpu0->cpu5_L2C TOTAL        ACCESS:        260 HIT:        260 MISS:          0 MSHR_MERGE:          0
cpu0->cpu5_L2C LOAD         ACCESS:          0 HIT:          0 MISS:          0 MSHR_MERGE:          0
cpu0->cpu5_L2C RFO          ACCESS:          0 HIT:          0 MISS:          0 MSHR_MERGE:          0
cpu0->cpu5_L2C PREFETCH     ACCESS:          0 HIT:          0 MISS:          0 MSHR_MERGE:          0
cpu0->cpu5_L2C WRITE        ACCESS:        260 HIT:        260 MISS:          0 MSHR_MERGE:          0
cpu0->cpu5_L2C TRANSLATION  ACCESS:          0 HIT:          0 MISS:          0 MSHR_MERGE:          0
cpu0->cpu5_L2C PREFETCH REQUESTED:      53537 ISSUED:      53518 USEFUL:        124 USELESS:          0
cpu0->cpu5_L2C AVERAGE MISS LATENCY: - cycles
cpu5->cpu5_L2C TOTAL        ACCESS:      73269 HIT:      66990 MISS:       6279 MSHR_MERGE:        771
cpu5->cpu5_L2C LOAD         ACCESS:      12151 HIT:      11606 MISS:        545 MSHR_MERGE:          9
cpu5->cpu5_L2C RFO          ACCESS:         68 HIT:          4 MISS:         64 MSHR_MERGE:          0
cpu5->cpu5_L2C PREFETCH     ACCESS:      60991 HIT:      55378 MISS:       5613 MSHR_MERGE:        762
cpu5->cpu5_L2C WRITE        ACCESS:          2 HIT:          2 MISS:          0 MSHR_MERGE:          0
cpu5->cpu5_L2C TRANSLATION  ACCESS:         57 HIT:          0 MISS:         57 MSHR_MERGE:          0
cpu5->cpu5_L2C PREFETCH REQUESTED:      53537 ISSUED:      53518 USEFUL:        124 USELESS:          0
cpu5->cpu5_L2C AVERAGE MISS LATENCY: 146.7 cycles
cpu5_L2C FLUSH STALL CYCLES: 4
cpu5->cpu5_L1I TOTAL        ACCESS:  136660767 HIT:  136597929 MISS:      62838 MSHR_MERGE:      43271
cpu5->cpu5_L1I LOAD         ACCESS:   69687493 HIT:   69658911 MISS:      28582 MSHR_MERGE:      16478
cpu5->cpu5_L1I RFO          ACCESS:          0 HIT:          0 MISS:          0 MSHR_MERGE:          0
cpu5->cpu5_L1I PREFETCH     ACCESS:   66973274 HIT:   66939018 MISS:      34256 MSHR_MERGE:      26793
cpu5->cpu5_L1I WRITE        ACCESS:          0 HIT:          0 MISS:          0 MSHR_MERGE:          0
cpu5->cpu5_L1I TRANSLATION  ACCESS:          0 HIT:          0 MISS:          0 MSHR_MERGE:          0
cpu5->cpu5_L1I PREFETCH REQUESTED:   69687493 ISSUED:   66973272 USEFUL:       6611 USELESS:        832
cpu5->cpu5_L1I AVERAGE MISS LATENCY: 14.41 cycles
cpu5->cpu5_L1D TOTAL        ACCESS:  147992013 HIT:  147991194 MISS:        819 MSHR_MERGE:        637
cpu5->cpu5_L1D LOAD         ACCESS:   60482378 HIT:   60482269 MISS:        109 MSHR_MERGE:         62
cpu5->cpu5_L1D RFO          ACCESS:          0 HIT:          0 MISS:          0 MSHR_MERGE:          0
cpu5->cpu5_L1D PREFETCH     ACCESS:   11180007 HIT:   11179984 MISS:         23 MSHR_MERGE:         13
cpu5->cpu5_L1D WRITE        ACCESS:   76329555 HIT:   76328925 MISS:        630 MSHR_MERGE:        562
cpu5->cpu5_L1D TRANSLATION  ACCESS:         73 HIT:         16 MISS:         57 MSHR_MERGE:          0
cpu5->cpu5_L1D PREFETCH REQUESTED:   11869087 ISSUED:   11179991 USEFUL:          7 USELESS:          2
cpu5->cpu5_L1D AVERAGE MISS LATENCY: 198.4 cycles
cpu5_L1D FLUSH STALL CYCLES: 196
cpu5->cpu5_ITLB TOTAL        ACCESS:   92857574 HIT:   92857514 MISS:         60 MSHR_MERGE:         36
cpu5->cpu5_ITLB LOAD         ACCESS:   92857574 HIT:   92857514 MISS:         60 MSHR_MERGE:         36
cpu5->cpu5_ITLB RFO          ACCESS:          0 HIT:          0 MISS:          0 MSHR_MERGE:          0
cpu5->cpu5_ITLB PREFETCH     ACCESS:          0 HIT:          0 MISS:          0 MSHR_MERGE:          0
cpu5->cpu5_ITLB WRITE        ACCESS:          0 HIT:          0 MISS:          0 MSHR_MERGE:          0
cpu5->cpu5_ITLB TRANSLATION  ACCESS:          0 HIT:          0 MISS:          0 MSHR_MERGE:          0
cpu5->cpu5_ITLB PREFETCH REQUESTED:          0 ISSUED:          0 USEFUL:          0 USELESS:          0
cpu5->cpu5_ITLB AVERAGE MISS LATENCY: 747.8 cycles
cpu5->cpu5_DTLB TOTAL        ACCESS:  115505743 HIT:  115505697 MISS:         46 MSHR_MERGE:         34
cpu5->cpu5_DTLB LOAD         ACCESS:  115505743 HIT:  115505697 MISS:         46 MSHR_MERGE:         34
cpu5->cpu5_DTLB RFO          ACCESS:          0 HIT:          0 MISS:          0 MSHR_MERGE:          0
cpu5->cpu5_DTLB PREFETCH     ACCESS:          0 HIT:          0 MISS:          0 MSHR_MERGE:          0
cpu5->cpu5_DTLB WRITE        ACCESS:          0 HIT:          0 MISS:          0 MSHR_MERGE:          0
cpu5->cpu5_DTLB TRANSLATION  ACCESS:          0 HIT:          0 MISS:          0 MSHR_MERGE:          0
cpu5->cpu5_DTLB PREFETCH REQUESTED:          0 ISSUED:          0 USEFUL:          0 USELESS:          0
cpu5->cpu5_DTLB AVERAGE MISS LATENCY: 769.7 cycles
cpu0->cpu4_L2C TOTAL        ACCESS:        260 HIT:        260 MISS:          0 MSHR_MERGE:          0
cpu0->cpu4_L2C LOAD         ACCESS:          0 HIT:          0 MISS:          0 MSHR_MERGE:          0
cpu0->cpu4_L2C RFO          ACCESS:          0 HIT:          0 MISS:          0 MSHR_MERGE:          0
cpu0->cpu4_L2C PREFETCH     ACCESS:          0 HIT:          0 MISS:          0 MSHR_MERGE:          0
cpu0->cpu4_L2C WRITE        ACCESS:        260 HIT:        260 MISS:          0 MSHR_MERGE:          0
cpu0->cpu4_L2C TRANSLATION  ACCESS:          0 HIT:          0 MISS:          0 MSHR_MERGE:          0
cpu0->cpu4_L2C PREFETCH REQUESTED:     736766 ISSUED:     722684 USEFUL:          8 USELESS:          0
cpu0->cpu4_L2C AVERAGE MISS LATENCY: - cycles
cpu4->cpu4_L2C TOTAL        ACCESS:     903079 HIT:     847945 MISS:      55134 MSHR_MERGE:         35
cpu4->cpu4_L2C LOAD         ACCESS:     115531 HIT:     115486 MISS:         45 MSHR_MERGE:          1
cpu4->cpu4_L2C RFO          ACCESS:          0 HIT:          0 MISS:          0 MSHR_MERGE:          0
cpu4->cpu4_L2C PREFETCH     ACCESS:     787548 HIT:     732459 MISS:      55089 MSHR_MERGE:         34
cpu4->cpu4_L2C WRITE        ACCESS:          0 HIT:          0 MISS:          0 MSHR_MERGE:          0
cpu4->cpu4_L2C TRANSLATION  ACCESS:          0 HIT:          0 MISS:          0 MSHR_MERGE:          0
cpu4->cpu4_L2C PREFETCH REQUESTED:     736766 ISSUED:     722684 USEFUL:          8 USELESS:          0
cpu4->cpu4_L2C AVERAGE MISS LATENCY: 116.2 cycles
cpu4_L2C FLUSH STALL CYCLES: 4
cpu4->cpu4_L1I TOTAL        ACCESS:   90027891 HIT:   89408318 MISS:     619573 MSHR_MERGE:     439204
cpu4->cpu4_L1I LOAD         ACCESS:   45805672 HIT:   45512282 MISS:     293390 MSHR_MERGE:     177882
cpu4->cpu4_L1I RFO          ACCESS:          0 HIT:          0 MISS:          0 MSHR_MERGE:          0
cpu4->cpu4_L1I PREFETCH     ACCESS:   44222219 HIT:   43896036 MISS:     326183 MSHR_MERGE:     261322
cpu4->cpu4_L1I WRITE        ACCESS:          0 HIT:          0 MISS:          0 MSHR_MERGE:          0
cpu4->cpu4_L1I TRANSLATION  ACCESS:          0 HIT:          0 MISS:          0 MSHR_MERGE:          0
cpu4->cpu4_L1I PREFETCH REQUESTED:   45805673 ISSUED:   44222206 USEFUL:      56586 USELESS:       8277
cpu4->cpu4_L1I AVERAGE MISS LATENCY: 8.585 cycles
cpu4->cpu4_L1D TOTAL        ACCESS:  131505919 HIT:  131505893 MISS:         26 MSHR_MERGE:          0
cpu4->cpu4_L1D LOAD         ACCESS:   63000203 HIT:   63000180 MISS:         23 MSHR_MERGE:          0
cpu4->cpu4_L1D RFO          ACCESS:          0 HIT:          0 MISS:          0 MSHR_MERGE:          0
cpu4->cpu4_L1D PREFETCH     ACCESS:    8552338 HIT:    8552335 MISS:          3 MSHR_MERGE:          0
cpu4->cpu4_L1D WRITE        ACCESS:   59953378 HIT:   59953378 MISS:          0 MSHR_MERGE:          0
cpu4->cpu4_L1D TRANSLATION  ACCESS:          0 HIT:          0 MISS:          0 MSHR_MERGE:          0
cpu4->cpu4_L1D PREFETCH REQUESTED:    9436844 ISSUED:    8552337 USEFUL:          0 USELESS:          0
cpu4->cpu4_L1D AVERAGE MISS LATENCY: 196.2 cycles
cpu4_L1D FLUSH STALL CYCLES: 196
cpu4->cpu4_ITLB TOTAL        ACCESS:   61598541 HIT:   61598541 MISS:          0 MSHR_MERGE:          0
cpu4->cpu4_ITLB LOAD         ACCESS:   61598541 HIT:   61598541 MISS:          0 MSHR_MERGE:          0
cpu4->cpu4_ITLB RFO          ACCESS:          0 HIT:          0 MISS:          0 MSHR_MERGE:          0
cpu4->cpu4_ITLB PREFETCH     ACCESS:          0 HIT:          0 MISS:          0 MSHR_MERGE:          0
cpu4->cpu4_ITLB WRITE        ACCESS:          0 HIT:          0 MISS:          0 MSHR_MERGE:          0
cpu4->cpu4_ITLB TRANSLATION  ACCESS:          0 HIT:          0 MISS:          0 MSHR_MERGE:          0
cpu4->cpu4_ITLB PREFETCH REQUESTED:          0 ISSUED:          0 USEFUL:          0 USELESS:          0
cpu4->cpu4_ITLB AVERAGE MISS LATENCY: - cycles
cpu4->cpu4_DTLB TOTAL        ACCESS:  108441753 HIT:  108441753 MISS:          0 MSHR_MERGE:          0
cpu4->cpu4_DTLB LOAD         ACCESS:  108441753 HIT:  108441753 MISS:          0 MSHR_MERGE:          0
cpu4->cpu4_DTLB RFO          ACCESS:          0 HIT:          0 MISS:          0 MSHR_MERGE:          0
cpu4->cpu4_DTLB PREFETCH     ACCESS:          0 HIT:          0 MISS:          0 MSHR_MERGE:          0
cpu4->cpu4_DTLB WRITE        ACCESS:          0 HIT:          0 MISS:          0 MSHR_MERGE:          0
cpu4->cpu4_DTLB TRANSLATION  ACCESS:          0 HIT:          0 MISS:          0 MSHR_MERGE:          0
cpu4->cpu4_DTLB PREFETCH REQUESTED:          0 ISSUED:          0 USEFUL:          0 USELESS:          0
cpu4->cpu4_DTLB AVERAGE MISS LATENCY: - cycles
cpu3->cpu3_STLB TOTAL        ACCESS:     358488 HIT:     344386 MISS:      14102 MSHR_MERGE:          0
cpu3->cpu3_STLB LOAD         ACCESS:     358488 HIT:     344386 MISS:      14102 MSHR_MERGE:          0
cpu3->cpu3_STLB RFO          ACCESS:          0 HIT:          0 MISS:          0 MSHR_MERGE:          0
cpu3->cpu3_STLB PREFETCH     ACCESS:          0 HIT:          0 MISS:          0 MSHR_MERGE:          0
cpu3->cpu3_STLB WRITE        ACCESS:          0 HIT:          0 MISS:          0 MSHR_MERGE:          0
cpu3->cpu3_STLB TRANSLATION  ACCESS:          0 HIT:          0 MISS:          0 MSHR_MERGE:          0
cpu3->cpu3_STLB PREFETCH REQUESTED:          0 ISSUED:          0 USEFUL:          0 USELESS:          0
cpu3->cpu3_STLB AVERAGE MISS LATENCY: 539.5 cycles
cpu0->cpu3_L2C TOTAL        ACCESS:        412 HIT:        406 MISS:          6 MSHR_MERGE:          0
cpu0->cpu3_L2C LOAD         ACCESS:          0 HIT:          0 MISS:          0 MSHR_MERGE:          0
cpu0->cpu3_L2C RFO          ACCESS:          0 HIT:          0 MISS:          0 MSHR_MERGE:          0
cpu0->cpu3_L2C PREFETCH     ACCESS:          0 HIT:          0 MISS:          0 MSHR_MERGE:          0
cpu0->cpu3_L2C WRITE        ACCESS:        412 HIT:        406 MISS:          6 MSHR_MERGE:          0
cpu0->cpu3_L2C TRANSLATION  ACCESS:          0 HIT:          0 MISS:          0 MSHR_MERGE:          0
cpu0->cpu3_L2C PREFETCH REQUESTED:    1119155 ISSUED:    1119155 USEFUL:        587 USELESS:        172
cpu0->cpu3_L2C AVERAGE MISS LATENCY: 4.277e+06 cycles
cpu3->cpu3_L2C TOTAL        ACCESS:    2704002 HIT:    2222680 MISS:     481322 MSHR_MERGE:      58815
cpu3->cpu3_L2C LOAD         ACCESS:     989839 HIT:     851977 MISS:     137862 MSHR_MERGE:         51
cpu3->cpu3_L2C RFO          ACCESS:      31618 HIT:      24201 MISS:       7417 MSHR_MERGE:          0
cpu3->cpu3_L2C PREFETCH     ACCESS:    1554974 HIT:    1249883 MISS:     305091 MSHR_MERGE:      58764
cpu3->cpu3_L2C WRITE        ACCESS:     100067 HIT:      94280 MISS:       5787 MSHR_MERGE:          0
cpu3->cpu3_L2C TRANSLATION  ACCESS:      27504 HIT:       2339 MISS:      25165 MSHR_MERGE:          0
cpu3->cpu3_L2C PREFETCH REQUESTED:    1119155 ISSUED:    1119155 USEFUL:        587 USELESS:        172
cpu3->cpu3_L2C AVERAGE MISS LATENCY: 145.6 cycles
cpu3_L2C FLUSH STALL CYCLES: 7058
cpu3->cpu3_L1I TOTAL        ACCESS:  101311671 HIT:   99318876 MISS:    1992795 MSHR_MERGE:     909906
cpu3->cpu3_L1I LOAD         ACCESS:   52679996 HIT:   51646102 MISS:    1033894 MSHR_MERGE:     349819
cpu3->cpu3_L1I RFO          ACCESS:          0 HIT:          0 MISS:          0 MSHR_MERGE:          0
cpu3->cpu3_L1I PREFETCH     ACCESS:   48631675 HIT:   47672774 MISS:     958901 MSHR_MERGE:     560087
cpu3->cpu3_L1I WRITE        ACCESS:          0 HIT:          0 MISS:          0 MSHR_MERGE:          0
cpu3->cpu3_L1I TRANSLATION  ACCESS:          0 HIT:          0 MISS:          0 MSHR_MERGE:          0
cpu3->cpu3_L1I PREFETCH REQUESTED:   52688477 ISSUED:   48631649 USEFUL:     129562 USELESS:     269249
cpu3->cpu3_L1I AVERAGE MISS LATENCY: 10.41 cycles
cpu3->cpu3_L1D TOTAL        ACCESS:   95845020 HIT:   95270664 MISS:     574356 MSHR_MERGE:     172464
cpu3->cpu3_L1D LOAD         ACCESS:   37896189 HIT:   37489377 MISS:     406812 MSHR_MERGE:     101048
cpu3->cpu3_L1D RFO          ACCESS:          0 HIT:          0 MISS:          0 MSHR_MERGE:          0
cpu3->cpu3_L1D PREFETCH     ACCESS:     262143 HIT:     219056 MISS:      43087 MSHR_MERGE:       6082
cpu3->cpu3_L1D WRITE        ACCESS:   57656251 HIT:   57559378 MISS:      96873 MSHR_MERGE:      65254
cpu3->cpu3_L1D TRANSLATION  ACCESS:      30437 HIT:       2853 MISS:      27584 MSHR_MERGE:         80
cpu3->cpu3_L1D PREFETCH REQUESTED:     268059 ISSUED:     262127 USEFUL:      18753 USELESS:      18107
cpu3->cpu3_L1D AVERAGE MISS LATENCY: 78.08 cycles
cpu3_L1D FLUSH STALL CYCLES: 348
cpu3->cpu3_ITLB TOTAL        ACCESS:   77260630 HIT:   77166051 MISS:      94579 MSHR_MERGE:      57802
cpu3->cpu3_ITLB LOAD         ACCESS:   77260630 HIT:   77166051 MISS:      94579 MSHR_MERGE:      57802
cpu3->cpu3_ITLB RFO          ACCESS:          0 HIT:          0 MISS:          0 MSHR_MERGE:          0
cpu3->cpu3_ITLB PREFETCH     ACCESS:          0 HIT:          0 MISS:          0 MSHR_MERGE:          0
cpu3->cpu3_ITLB WRITE        ACCESS:          0 HIT:          0 MISS:          0 MSHR_MERGE:          0
cpu3->cpu3_ITLB TRANSLATION  ACCESS:          0 HIT:          0 MISS:          0 MSHR_MERGE:          0
cpu3->cpu3_ITLB PREFETCH REQUESTED:          0 ISSUED:          0 USEFUL:          0 USELESS:          0
cpu3->cpu3_ITLB AVERAGE MISS LATENCY: 12.61 cycles
cpu3->cpu3_DTLB TOTAL        ACCESS:   84849523 HIT:   84415231 MISS:     434292 MSHR_MERGE:     112581
cpu3->cpu3_DTLB LOAD         ACCESS:   84849523 HIT:   84415231 MISS:     434292 MSHR_MERGE:     112581
cpu3->cpu3_DTLB RFO          ACCESS:          0 HIT:          0 MISS:          0 MSHR_MERGE:          0
cpu3->cpu3_DTLB PREFETCH     ACCESS:          0 HIT:          0 MISS:          0 MSHR_MERGE:          0
cpu3->cpu3_DTLB WRITE        ACCESS:          0 HIT:          0 MISS:          0 MSHR_MERGE:          0
cpu3->cpu3_DTLB TRANSLATION  ACCESS:          0 HIT:          0 MISS:          0 MSHR_MERGE:          0
cpu3->cpu3_DTLB PREFETCH REQUESTED:          0 ISSUED:          0 USEFUL:          0 USELESS:          0
cpu3->cpu3_DTLB AVERAGE MISS LATENCY: 27.82 cycles
cpu0->cpu2_L2C TOTAL        ACCESS:        260 HIT:        260 MISS:          0 MSHR_MERGE:          0
cpu0->cpu2_L2C LOAD         ACCESS:          0 HIT:          0 MISS:          0 MSHR_MERGE:          0
cpu0->cpu2_L2C RFO          ACCESS:          0 HIT:          0 MISS:          0 MSHR_MERGE:          0
cpu0->cpu2_L2C PREFETCH     ACCESS:          0 HIT:          0 MISS:          0 MSHR_MERGE:          0
cpu0->cpu2_L2C WRITE        ACCESS:        260 HIT:        260 MISS:          0 MSHR_MERGE:          0
cpu0->cpu2_L2C TRANSLATION  ACCESS:          0 HIT:          0 MISS:          0 MSHR_MERGE:          0
cpu0->cpu2_L2C PREFETCH REQUESTED:     742319 ISSUED:     727779 USEFUL:         10 USELESS:          0
cpu0->cpu2_L2C AVERAGE MISS LATENCY: - cycles
cpu2->cpu2_L2C TOTAL        ACCESS:     908176 HIT:     855163 MISS:      53013 MSHR_MERGE:         34
cpu2->cpu2_L2C LOAD         ACCESS:     115539 HIT:     115495 MISS:         44 MSHR_MERGE:          1
cpu2->cpu2_L2C RFO          ACCESS:          0 HIT:          0 MISS:          0 MSHR_MERGE:          0
cpu2->cpu2_L2C PREFETCH     ACCESS:     792637 HIT:     739668 MISS:      52969 MSHR_MERGE:         33
cpu2->cpu2_L2C WRITE        ACCESS:          0 HIT:          0 MISS:          0 MSHR_MERGE:          0
cpu2->cpu2_L2C TRANSLATION  ACCESS:          0 HIT:          0 MISS:          0 MSHR_MERGE:          0
cpu2->cpu2_L2C PREFETCH REQUESTED:     742319 ISSUED:     727779 USEFUL:         10 USELESS:          0
cpu2->cpu2_L2C AVERAGE MISS LATENCY: 120.1 cycles
cpu2_L2C FLUSH STALL CYCLES: 4
cpu2->cpu2_L1I TOTAL        ACCESS:   90022472 HIT:   89403083 MISS:     619389 MSHR_MERGE:     439020
cpu2->cpu2_L1I LOAD         ACCESS:   45803081 HIT:   45509794 MISS:     293287 MSHR_MERGE:     177772
cpu2->cpu2_L1I RFO          ACCESS:          0 HIT:          0 MISS:          0 MSHR_MERGE:          0
cpu2->cpu2_L1I PREFETCH     ACCESS:   44219391 HIT:   43893289 MISS:     326102 MSHR_MERGE:     261248
cpu2->cpu2_L1I WRITE        ACCESS:          0 HIT:          0 MISS:          0 MSHR_MERGE:          0
cpu2->cpu2_L1I TRANSLATION  ACCESS:          0 HIT:          0 MISS:          0 MSHR_MERGE:          0
cpu2->cpu2_L1I PREFETCH REQUESTED:   45803082 ISSUED:   44219391 USEFUL:      56579 USELESS:       8277
cpu2->cpu2_L1I AVERAGE MISS LATENCY: 8.584 cycles
cpu2->cpu2_L1D TOTAL        ACCESS:  131525098 HIT:  131525070 MISS:         28 MSHR_MERGE:          0
cpu2->cpu2_L1D LOAD         ACCESS:   63008546 HIT:   63008522 MISS:         24 MSHR_MERGE:          0
cpu2->cpu2_L1D RFO          ACCESS:          0 HIT:          0 MISS:          0 MSHR_MERGE:          0
cpu2->cpu2_L1D PREFETCH     ACCESS:    8557568 HIT:    8557564 MISS:          4 MSHR_MERGE:          0
cpu2->cpu2_L1D WRITE        ACCESS:   59958984 HIT:   59958984 MISS:          0 MSHR_MERGE:          0
cpu2->cpu2_L1D TRANSLATION  ACCESS:          0 HIT:          0 MISS:          0 MSHR_MERGE:          0
cpu2->cpu2_L1D PREFETCH REQUESTED:    9438709 ISSUED:    8557565 USEFUL:          0 USELESS:          0
cpu2->cpu2_L1D AVERAGE MISS LATENCY: 182.1 cycles
cpu2_L1D FLUSH STALL CYCLES: 196
cpu2->cpu2_ITLB TOTAL        ACCESS:   61595199 HIT:   61595199 MISS:          0 MSHR_MERGE:          0
cpu2->cpu2_ITLB LOAD         ACCESS:   61595199 HIT:   61595199 MISS:          0 MSHR_MERGE:          0
cpu2->cpu2_ITLB RFO          ACCESS:          0 HIT:          0 MISS:          0 MSHR_MERGE:          0
cpu2->cpu2_ITLB PREFETCH     ACCESS:          0 HIT:          0 MISS:          0 MSHR_MERGE:          0
cpu2->cpu2_ITLB WRITE        ACCESS:          0 HIT:          0 MISS:          0 MSHR_MERGE:          0
cpu2->cpu2_ITLB TRANSLATION  ACCESS:          0 HIT:          0 MISS:          0 MSHR_MERGE:          0
cpu2->cpu2_ITLB PREFETCH REQUESTED:          0 ISSUED:          0 USEFUL:          0 USELESS:          0
cpu2->cpu2_ITLB AVERAGE MISS LATENCY: - cycles
cpu2->cpu2_DTLB TOTAL        ACCESS:  108538555 HIT:  108538555 MISS:          0 MSHR_MERGE:          0
cpu2->cpu2_DTLB LOAD         ACCESS:  108538555 HIT:  108538555 MISS:          0 MSHR_MERGE:          0
cpu2->cpu2_DTLB RFO          ACCESS:          0 HIT:          0 MISS:          0 MSHR_MERGE:          0
cpu2->cpu2_DTLB PREFETCH     ACCESS:          0 HIT:          0 MISS:          0 MSHR_MERGE:          0
cpu2->cpu2_DTLB WRITE        ACCESS:          0 HIT:          0 MISS:          0 MSHR_MERGE:          0
cpu2->cpu2_DTLB TRANSLATION  ACCESS:          0 HIT:          0 MISS:          0 MSHR_MERGE:          0
cpu2->cpu2_DTLB PREFETCH REQUESTED:          0 ISSUED:          0 USEFUL:          0 USELESS:          0
cpu2->cpu2_DTLB AVERAGE MISS LATENCY: - cycles
cpu1->cpu1_STLB TOTAL        ACCESS:     127098 HIT:     126036 MISS:       1062 MSHR_MERGE:          0
cpu1->cpu1_STLB LOAD         ACCESS:     127098 HIT:     126036 MISS:       1062 MSHR_MERGE:          0
cpu1->cpu1_STLB RFO          ACCESS:          0 HIT:          0 MISS:          0 MSHR_MERGE:          0
cpu1->cpu1_STLB PREFETCH     ACCESS:          0 HIT:          0 MISS:          0 MSHR_MERGE:          0
cpu1->cpu1_STLB WRITE        ACCESS:          0 HIT:          0 MISS:          0 MSHR_MERGE:          0
cpu1->cpu1_STLB TRANSLATION  ACCESS:          0 HIT:          0 MISS:          0 MSHR_MERGE:          0
cpu1->cpu1_STLB PREFETCH REQUESTED:          0 ISSUED:          0 USEFUL:          0 USELESS:          0
cpu1->cpu1_STLB AVERAGE MISS LATENCY: 697.8 cycles
cpu0->cpu1_L2C TOTAL        ACCESS:         58 HIT:         41 MISS:         17 MSHR_MERGE:          0
cpu0->cpu1_L2C LOAD         ACCESS:          0 HIT:          0 MISS:          0 MSHR_MERGE:          0
cpu0->cpu1_L2C RFO          ACCESS:          0 HIT:          0 MISS:          0 MSHR_MERGE:          0
cpu0->cpu1_L2C PREFETCH     ACCESS:          0 HIT:          0 MISS:          0 MSHR_MERGE:          0
cpu0->cpu1_L2C WRITE        ACCESS:         58 HIT:         41 MISS:         17 MSHR_MERGE:          0
cpu0->cpu1_L2C TRANSLATION  ACCESS:          0 HIT:          0 MISS:          0 MSHR_MERGE:          0
cpu0->cpu1_L2C PREFETCH REQUESTED:    2757394 ISSUED:    2757394 USEFUL:          5 USELESS:          2
cpu0->cpu1_L2C AVERAGE MISS LATENCY: 8.644e+05 cycles
cpu1->cpu1_L2C TOTAL        ACCESS:    6192580 HIT:    6016478 MISS:     176102 MSHR_MERGE:      21616
cpu1->cpu1_L2C LOAD         ACCESS:    2407445 HIT:    2382348 MISS:      25097 MSHR_MERGE:          0
cpu1->cpu1_L2C RFO          ACCESS:     131416 HIT:      69480 MISS:      61936 MSHR_MERGE:          0
cpu1->cpu1_L2C PREFETCH     ACCESS:    3451162 HIT:    3365628 MISS:      85534 MSHR_MERGE:      21616
cpu1->cpu1_L2C WRITE        ACCESS:     200822 HIT:     198677 MISS:       2145 MSHR_MERGE:          0
cpu1->cpu1_L2C TRANSLATION  ACCESS:       1735 HIT:        345 MISS:       1390 MSHR_MERGE:          0
cpu1->cpu1_L2C PREFETCH REQUESTED:    2757394 ISSUED:    2757394 USEFUL:          5 USELESS:          2
cpu1->cpu1_L2C AVERAGE MISS LATENCY: 162.2 cycles
cpu1_L2C FLUSH STALL CYCLES: 11267
cpu1->cpu1_L1I TOTAL        ACCESS:   15106294 HIT:   15106294 MISS:          0 MSHR_MERGE:          0
cpu1->cpu1_L1I LOAD         ACCESS:    7553147 HIT:    7553147 MISS:          0 MSHR_MERGE:          0
cpu1->cpu1_L1I RFO          ACCESS:          0 HIT:          0 MISS:          0 MSHR_MERGE:          0
cpu1->cpu1_L1I PREFETCH     ACCESS:    7553147 HIT:    7553147 MISS:          0 MSHR_MERGE:          0
cpu1->cpu1_L1I WRITE        ACCESS:          0 HIT:          0 MISS:          0 MSHR_MERGE:          0
cpu1->cpu1_L1I TRANSLATION  ACCESS:          0 HIT:          0 MISS:          0 MSHR_MERGE:          0
cpu1->cpu1_L1I PREFETCH REQUESTED:    7553147 ISSUED:    7553147 USEFUL:          0 USELESS:          0
cpu1->cpu1_L1I AVERAGE MISS LATENCY: - cycles
cpu1->cpu1_L1D TOTAL        ACCESS:  111305053 HIT:  106540225 MISS:    4764828 MSHR_MERGE:    1530451
cpu1->cpu1_L1D LOAD         ACCESS:   59231750 HIT:   56312309 MISS:    2919441 MSHR_MERGE:     511995
cpu1->cpu1_L1D RFO          ACCESS:          0 HIT:          0 MISS:          0 MSHR_MERGE:          0
cpu1->cpu1_L1D PREFETCH     ACCESS:    6640970 HIT:    5906315 MISS:     734655 MSHR_MERGE:      40887
cpu1->cpu1_L1D WRITE        ACCESS:   45430209 HIT:   44321271 MISS:    1108938 MSHR_MERGE:     977510
cpu1->cpu1_L1D TRANSLATION  ACCESS:       2124 HIT:        330 MISS:       1794 MSHR_MERGE:         59
cpu1->cpu1_L1D PREFETCH REQUESTED:    6640981 ISSUED:    6640958 USEFUL:     449358 USELESS:     244395
cpu1->cpu1_L1D AVERAGE MISS LATENCY: 15.8 cycles
cpu1->cpu1_ITLB TOTAL        ACCESS:   10984122 HIT:   10984122 MISS:          0 MSHR_MERGE:          0
cpu1->cpu1_ITLB LOAD         ACCESS:   10984122 HIT:   10984122 MISS:          0 MSHR_MERGE:          0
cpu1->cpu1_ITLB RFO          ACCESS:          0 HIT:          0 MISS:          0 MSHR_MERGE:          0
cpu1->cpu1_ITLB PREFETCH     ACCESS:          0 HIT:          0 MISS:          0 MSHR_MERGE:          0
cpu1->cpu1_ITLB WRITE        ACCESS:          0 HIT:          0 MISS:          0 MSHR_MERGE:          0
cpu1->cpu1_ITLB TRANSLATION  ACCESS:          0 HIT:          0 MISS:          0 MSHR_MERGE:          0
cpu1->cpu1_ITLB PREFETCH REQUESTED:          0 ISSUED:          0 USEFUL:          0 USELESS:          0
cpu1->cpu1_ITLB AVERAGE MISS LATENCY: - cycles
cpu1->cpu1_DTLB TOTAL        ACCESS:   96623844 HIT:   96464980 MISS:     158864 MSHR_MERGE:      31766
cpu1->cpu1_DTLB LOAD         ACCESS:   96623844 HIT:   96464980 MISS:     158864 MSHR_MERGE:      31766
cpu1->cpu1_DTLB RFO          ACCESS:          0 HIT:          0 MISS:          0 MSHR_MERGE:          0
cpu1->cpu1_DTLB PREFETCH     ACCESS:          0 HIT:          0 MISS:          0 MSHR_MERGE:          0
cpu1->cpu1_DTLB WRITE        ACCESS:          0 HIT:          0 MISS:          0 MSHR_MERGE:          0
cpu1->cpu1_DTLB TRANSLATION  ACCESS:          0 HIT:          0 MISS:          0 MSHR_MERGE:          0
cpu1->cpu1_DTLB PREFETCH REQUESTED:          0 ISSUED:          0 USEFUL:          0 USELESS:          0
cpu1->cpu1_DTLB AVERAGE MISS LATENCY: 10.84 cycles
cpu0->cpu15_L2C TOTAL        ACCESS:        261 HIT:        261 MISS:          0 MSHR_MERGE:          0
cpu0->cpu15_L2C LOAD         ACCESS:          0 HIT:          0 MISS:          0 MSHR_MERGE:          0
cpu0->cpu15_L2C RFO          ACCESS:          0 HIT:          0 MISS:          0 MSHR_MERGE:          0
cpu0->cpu15_L2C PREFETCH     ACCESS:          0 HIT:          0 MISS:          0 MSHR_MERGE:          0
cpu0->cpu15_L2C WRITE        ACCESS:        261 HIT:        261 MISS:          0 MSHR_MERGE:          0
cpu0->cpu15_L2C TRANSLATION  ACCESS:          0 HIT:          0 MISS:          0 MSHR_MERGE:          0
cpu0->cpu15_L2C PREFETCH REQUESTED:      10294 ISSUED:      10294 USEFUL:         19 USELESS:          0
cpu0->cpu15_L2C AVERAGE MISS LATENCY: - cycles
cpu15->cpu15_L2C TOTAL        ACCESS:      15178 HIT:      13827 MISS:       1351 MSHR_MERGE:        122
cpu15->cpu15_L2C LOAD         ACCESS:       2973 HIT:       2924 MISS:         49 MSHR_MERGE:          1
cpu15->cpu15_L2C RFO          ACCESS:         15 HIT:          1 MISS:         14 MSHR_MERGE:          0
cpu15->cpu15_L2C PREFETCH     ACCESS:      12190 HIT:      10902 MISS:       1288 MSHR_MERGE:        121
cpu15->cpu15_L2C WRITE        ACCESS:          0 HIT:          0 MISS:          0 MSHR_MERGE:          0
cpu15->cpu15_L2C TRANSLATION  ACCESS:          0 HIT:          0 MISS:          0 MSHR_MERGE:          0
cpu15->cpu15_L2C PREFETCH REQUESTED:      10294 ISSUED:      10294 USEFUL:         19 USELESS:          0
cpu15->cpu15_L2C AVERAGE MISS LATENCY: 122 cycles
cpu15_L2C FLUSH STALL CYCLES: 5
cpu15->cpu15_L1I TOTAL        ACCESS:  149623326 HIT:  149608371 MISS:      14955 MSHR_MERGE:      10098
cpu15->cpu15_L1I LOAD         ACCESS:   77380402 HIT:   77373807 MISS:       6595 MSHR_MERGE:       3627
cpu15->cpu15_L1I RFO          ACCESS:          0 HIT:          0 MISS:          0 MSHR_MERGE:          0
cpu15->cpu15_L1I PREFETCH     ACCESS:   72242924 HIT:   72234564 MISS:       8360 MSHR_MERGE:       6471
cpu15->cpu15_L1I WRITE        ACCESS:          0 HIT:          0 MISS:          0 MSHR_MERGE:          0
cpu15->cpu15_L1I TRANSLATION  ACCESS:          0 HIT:          0 MISS:          0 MSHR_MERGE:          0
cpu15->cpu15_L1I PREFETCH REQUESTED:   77380402 ISSUED:   72242892 USEFUL:       1664 USELESS:        227
cpu15->cpu15_L1I AVERAGE MISS LATENCY: 10.88 cycles
cpu15->cpu15_L1D TOTAL        ACCESS:  161079201 HIT:  161079029 MISS:        172 MSHR_MERGE:        145
cpu15->cpu15_L1D LOAD         ACCESS:   63760720 HIT:   63760690 MISS:         30 MSHR_MERGE:         25
cpu15->cpu15_L1D RFO          ACCESS:          0 HIT:          0 MISS:          0 MSHR_MERGE:          0
cpu15->cpu15_L1D PREFETCH     ACCESS:   11661027 HIT:   11661018 MISS:          9 MSHR_MERGE:          2
cpu15->cpu15_L1D WRITE        ACCESS:   85657454 HIT:   85657321 MISS:        133 MSHR_MERGE:        118
cpu15->cpu15_L1D TRANSLATION  ACCESS:          0 HIT:          0 MISS:          0 MSHR_MERGE:          0
cpu15->cpu15_L1D PREFETCH REQUESTED:   13535943 ISSUED:   11661011 USEFUL:          3 USELESS:          0
cpu15->cpu15_L1D AVERAGE MISS LATENCY: 161.9 cycles
cpu15_L1D FLUSH STALL CYCLES: 198
cpu15->cpu15_ITLB TOTAL        ACCESS:  101379443 HIT:  101379443 MISS:          0 MSHR_MERGE:          0
cpu15->cpu15_ITLB LOAD         ACCESS:  101379443 HIT:  101379443 MISS:          0 MSHR_MERGE:          0
cpu15->cpu15_ITLB RFO          ACCESS:          0 HIT:          0 MISS:          0 MSHR_MERGE:          0
cpu15->cpu15_ITLB PREFETCH     ACCESS:          0 HIT:          0 MISS:          0 MSHR_MERGE:          0
cpu15->cpu15_ITLB WRITE        ACCESS:          0 HIT:          0 MISS:          0 MSHR_MERGE:          0
cpu15->cpu15_ITLB TRANSLATION  ACCESS:          0 HIT:          0 MISS:          0 MSHR_MERGE:          0
cpu15->cpu15_ITLB PREFETCH REQUESTED:          0 ISSUED:          0 USEFUL:          0 USELESS:          0
cpu15->cpu15_ITLB AVERAGE MISS LATENCY: - cycles
cpu15->cpu15_DTLB TOTAL        ACCESS:  124704510 HIT:  124704510 MISS:          0 MSHR_MERGE:          0
cpu15->cpu15_DTLB LOAD         ACCESS:  124704510 HIT:  124704510 MISS:          0 MSHR_MERGE:          0
cpu15->cpu15_DTLB RFO          ACCESS:          0 HIT:          0 MISS:          0 MSHR_MERGE:          0
cpu15->cpu15_DTLB PREFETCH     ACCESS:          0 HIT:          0 MISS:          0 MSHR_MERGE:          0
cpu15->cpu15_DTLB WRITE        ACCESS:          0 HIT:          0 MISS:          0 MSHR_MERGE:          0
cpu15->cpu15_DTLB TRANSLATION  ACCESS:          0 HIT:          0 MISS:          0 MSHR_MERGE:          0
cpu15->cpu15_DTLB PREFETCH REQUESTED:          0 ISSUED:          0 USEFUL:          0 USELESS:          0
cpu15->cpu15_DTLB AVERAGE MISS LATENCY: - cycles
cpu0->cpu14_L2C TOTAL        ACCESS:        260 HIT:        260 MISS:          0 MSHR_MERGE:          0
cpu0->cpu14_L2C LOAD         ACCESS:          0 HIT:          0 MISS:          0 MSHR_MERGE:          0
cpu0->cpu14_L2C RFO          ACCESS:          0 HIT:          0 MISS:          0 MSHR_MERGE:          0
cpu0->cpu14_L2C PREFETCH     ACCESS:          0 HIT:          0 MISS:          0 MSHR_MERGE:          0
cpu0->cpu14_L2C WRITE        ACCESS:        260 HIT:        260 MISS:          0 MSHR_MERGE:          0
cpu0->cpu14_L2C TRANSLATION  ACCESS:          0 HIT:          0 MISS:          0 MSHR_MERGE:          0
cpu0->cpu14_L2C PREFETCH REQUESTED:     704595 ISSUED:     696856 USEFUL:          9 USELESS:          0
cpu0->cpu14_L2C AVERAGE MISS LATENCY: - cycles
cpu14->cpu14_L2C TOTAL        ACCESS:     877255 HIT:     826625 MISS:      50630 MSHR_MERGE:         33
cpu14->cpu14_L2C LOAD         ACCESS:     115552 HIT:     115507 MISS:         45 MSHR_MERGE:          1
cpu14->cpu14_L2C RFO          ACCESS:          1 HIT:          1 MISS:          0 MSHR_MERGE:          0
cpu14->cpu14_L2C PREFETCH     ACCESS:     761702 HIT:     711117 MISS:      50585 MSHR_MERGE:         32
cpu14->cpu14_L2C WRITE        ACCESS:          0 HIT:          0 MISS:          0 MSHR_MERGE:          0
cpu14->cpu14_L2C TRANSLATION  ACCESS:          0 HIT:          0 MISS:          0 MSHR_MERGE:          0
cpu14->cpu14_L2C PREFETCH REQUESTED:     704595 ISSUED:     696856 USEFUL:          9 USELESS:          0
cpu14->cpu14_L2C AVERAGE MISS LATENCY: 112.7 cycles
cpu14_L2C FLUSH STALL CYCLES: 4
cpu14->cpu14_L1I TOTAL        ACCESS:   90022600 HIT:   89403332 MISS:     619268 MSHR_MERGE:     438898
cpu14->cpu14_L1I LOAD         ACCESS:   45802660 HIT:   45509406 MISS:     293254 MSHR_MERGE:     177726
cpu14->cpu14_L1I RFO          ACCESS:          0 HIT:          0 MISS:          0 MSHR_MERGE:          0
cpu14->cpu14_L1I PREFETCH     ACCESS:   44219940 HIT:   43893926 MISS:     326014 MSHR_MERGE:     261172
cpu14->cpu14_L1I WRITE        ACCESS:          0 HIT:          0 MISS:          0 MSHR_MERGE:          0
cpu14->cpu14_L1I TRANSLATION  ACCESS:          0 HIT:          0 MISS:          0 MSHR_MERGE:          0
cpu14->cpu14_L1I PREFETCH REQUESTED:   45802661 ISSUED:   44219935 USEFUL:      56567 USELESS:       8277
cpu14->cpu14_L1I AVERAGE MISS LATENCY: 8.583 cycles
cpu14->cpu14_L1D TOTAL        ACCESS:  131525902 HIT:  131525873 MISS:         29 MSHR_MERGE:          0
cpu14->cpu14_L1D LOAD         ACCESS:   63010486 HIT:   63010462 MISS:         24 MSHR_MERGE:          0
cpu14->cpu14_L1D RFO          ACCESS:          0 HIT:          0 MISS:          0 MSHR_MERGE:          0
cpu14->cpu14_L1D PREFETCH     ACCESS:    8558180 HIT:    8558176 MISS:          4 MSHR_MERGE:          0
cpu14->cpu14_L1D WRITE        ACCESS:   59957236 HIT:   59957235 MISS:          1 MSHR_MERGE:          0
cpu14->cpu14_L1D TRANSLATION  ACCESS:          0 HIT:          0 MISS:          0 MSHR_MERGE:          0
cpu14->cpu14_L1D PREFETCH REQUESTED:    9441319 ISSUED:    8558178 USEFUL:          0 USELESS:          0
cpu14->cpu14_L1D AVERAGE MISS LATENCY: 177.5 cycles
cpu14_L1D FLUSH STALL CYCLES: 196
cpu14->cpu14_ITLB TOTAL        ACCESS:   61595064 HIT:   61595064 MISS:          0 MSHR_MERGE:          0
cpu14->cpu14_ITLB LOAD         ACCESS:   61595064 HIT:   61595064 MISS:          0 MSHR_MERGE:          0
cpu14->cpu14_ITLB RFO          ACCESS:          0 HIT:          0 MISS:          0 MSHR_MERGE:          0
cpu14->cpu14_ITLB PREFETCH     ACCESS:          0 HIT:          0 MISS:          0 MSHR_MERGE:          0
cpu14->cpu14_ITLB WRITE        ACCESS:          0 HIT:          0 MISS:          0 MSHR_MERGE:          0
cpu14->cpu14_ITLB TRANSLATION  ACCESS:          0 HIT:          0 MISS:          0 MSHR_MERGE:          0
cpu14->cpu14_ITLB PREFETCH REQUESTED:          0 ISSUED:          0 USEFUL:          0 USELESS:          0
cpu14->cpu14_ITLB AVERAGE MISS LATENCY: - cycles
cpu14->cpu14_DTLB TOTAL        ACCESS:  108536197 HIT:  108536197 MISS:          0 MSHR_MERGE:          0
cpu14->cpu14_DTLB LOAD         ACCESS:  108536197 HIT:  108536197 MISS:          0 MSHR_MERGE:          0
cpu14->cpu14_DTLB RFO          ACCESS:          0 HIT:          0 MISS:          0 MSHR_MERGE:          0
cpu14->cpu14_DTLB PREFETCH     ACCESS:          0 HIT:          0 MISS:          0 MSHR_MERGE:          0
cpu14->cpu14_DTLB WRITE        ACCESS:          0 HIT:          0 MISS:          0 MSHR_MERGE:          0
cpu14->cpu14_DTLB TRANSLATION  ACCESS:          0 HIT:          0 MISS:          0 MSHR_MERGE:          0
cpu14->cpu14_DTLB PREFETCH REQUESTED:          0 ISSUED:          0 USEFUL:          0 USELESS:          0
cpu14->cpu14_DTLB AVERAGE MISS LATENCY: - cycles
cpu13->cpu13_STLB TOTAL        ACCESS:      40487 HIT:      29955 MISS:      10532 MSHR_MERGE:          0
cpu13->cpu13_STLB LOAD         ACCESS:      40487 HIT:      29955 MISS:      10532 MSHR_MERGE:          0
cpu13->cpu13_STLB RFO          ACCESS:          0 HIT:          0 MISS:          0 MSHR_MERGE:          0
cpu13->cpu13_STLB PREFETCH     ACCESS:          0 HIT:          0 MISS:          0 MSHR_MERGE:          0
cpu13->cpu13_STLB WRITE        ACCESS:          0 HIT:          0 MISS:          0 MSHR_MERGE:          0
cpu13->cpu13_STLB TRANSLATION  ACCESS:          0 HIT:          0 MISS:          0 MSHR_MERGE:          0
cpu13->cpu13_STLB PREFETCH REQUESTED:          0 ISSUED:          0 USEFUL:          0 USELESS:          0
cpu13->cpu13_STLB AVERAGE MISS LATENCY: 656.9 cycles
cpu0->cpu13_L2C TOTAL        ACCESS:        129 HIT:        125 MISS:          4 MSHR_MERGE:          0
cpu0->cpu13_L2C LOAD         ACCESS:          0 HIT:          0 MISS:          0 MSHR_MERGE:          0
cpu0->cpu13_L2C RFO          ACCESS:          0 HIT:          0 MISS:          0 MSHR_MERGE:          0
cpu0->cpu13_L2C PREFETCH     ACCESS:          0 HIT:          0 MISS:          0 MSHR_MERGE:          0
cpu0->cpu13_L2C WRITE        ACCESS:        129 HIT:        125 MISS:          4 MSHR_MERGE:          0
cpu0->cpu13_L2C TRANSLATION  ACCESS:          0 HIT:          0 MISS:          0 MSHR_MERGE:          0
cpu0->cpu13_L2C PREFETCH REQUESTED:   10270758 ISSUED:   10154674 USEFUL:      92217 USELESS:       4878
cpu0->cpu13_L2C AVERAGE MISS LATENCY: 2.453e+06 cycles
cpu13->cpu13_L2C TOTAL        ACCESS:   13006135 HIT:   10582548 MISS:    2423587 MSHR_MERGE:       9106
cpu13->cpu13_L2C LOAD         ACCESS:    1299562 HIT:    1143651 MISS:     155911 MSHR_MERGE:         26
cpu13->cpu13_L2C RFO          ACCESS:       3395 HIT:       3395 MISS:          0 MSHR_MERGE:          0
cpu13->cpu13_L2C PREFETCH     ACCESS:   11030425 HIT:    8775620 MISS:    2254805 MSHR_MERGE:       9080
cpu13->cpu13_L2C WRITE        ACCESS:     658785 HIT:     658306 MISS:        479 MSHR_MERGE:          0
cpu13->cpu13_L2C TRANSLATION  ACCESS:      13968 HIT:       1576 MISS:      12392 MSHR_MERGE:          0
cpu13->cpu13_L2C PREFETCH REQUESTED:   10270758 ISSUED:   10154674 USEFUL:      92217 USELESS:       4878
cpu13->cpu13_L2C AVERAGE MISS LATENCY: 58.14 cycles
cpu13_L2C FLUSH STALL CYCLES: 710
cpu13->cpu13_L1I TOTAL        ACCESS:  153674086 HIT:  153674086 MISS:          0 MSHR_MERGE:          0
cpu13->cpu13_L1I LOAD         ACCESS:   76837043 HIT:   76837043 MISS:          0 MSHR_MERGE:          0
cpu13->cpu13_L1I RFO          ACCESS:          0 HIT:          0 MISS:          0 MSHR_MERGE:          0
cpu13->cpu13_L1I PREFETCH     ACCESS:   76837043 HIT:   76837043 MISS:          0 MSHR_MERGE:          0
cpu13->cpu13_L1I WRITE        ACCESS:          0 HIT:          0 MISS:          0 MSHR_MERGE:          0
cpu13->cpu13_L1I TRANSLATION  ACCESS:          0 HIT:          0 MISS:          0 MSHR_MERGE:          0
cpu13->cpu13_L1I PREFETCH REQUESTED:   76837043 ISSUED:   76837043 USEFUL:          0 USELESS:          0
cpu13->cpu13_L1I AVERAGE MISS LATENCY: - cycles
cpu13->cpu13_L1D TOTAL        ACCESS:  110870353 HIT:  108313950 MISS:    2556403 MSHR_MERGE:     363723
cpu13->cpu13_L1D LOAD         ACCESS:   96297280 HIT:   94666061 MISS:    1631219 MSHR_MERGE:     331656
cpu13->cpu13_L1D RFO          ACCESS:          0 HIT:          0 MISS:          0 MSHR_MERGE:          0
cpu13->cpu13_L1D PREFETCH     ACCESS:    3769209 HIT:    2869313 MISS:     899896 MSHR_MERGE:      24143
cpu13->cpu13_L1D WRITE        ACCESS:   10782773 HIT:   10771458 MISS:      11315 MSHR_MERGE:       7919
cpu13->cpu13_L1D TRANSLATION  ACCESS:      21091 HIT:       7118 MISS:      13973 MSHR_MERGE:          5
cpu13->cpu13_L1D PREFETCH REQUESTED:    3769204 ISSUED:    3769193 USEFUL:     788599 USELESS:      87111
cpu13->cpu13_L1D AVERAGE MISS LATENCY: 17.58 cycles
cpu13_L1D FLUSH STALL CYCLES: 65
cpu13->cpu13_ITLB TOTAL        ACCESS:  103129214 HIT:  103129214 MISS:          0 MSHR_MERGE:          0
cpu13->cpu13_ITLB LOAD         ACCESS:  103129214 HIT:  103129214 MISS:          0 MSHR_MERGE:          0
cpu13->cpu13_ITLB RFO          ACCESS:          0 HIT:          0 MISS:          0 MSHR_MERGE:          0
cpu13->cpu13_ITLB PREFETCH     ACCESS:          0 HIT:          0 MISS:          0 MSHR_MERGE:          0
cpu13->cpu13_ITLB WRITE        ACCESS:          0 HIT:          0 MISS:          0 MSHR_MERGE:          0
cpu13->cpu13_ITLB TRANSLATION  ACCESS:          0 HIT:          0 MISS:          0 MSHR_MERGE:          0
cpu13->cpu13_ITLB PREFETCH REQUESTED:          0 ISSUED:          0 USEFUL:          0 USELESS:          0
cpu13->cpu13_ITLB AVERAGE MISS LATENCY: - cycles
cpu13->cpu13_DTLB TOTAL        ACCESS:  103645922 HIT:  103567265 MISS:      78657 MSHR_MERGE:      38170
cpu13->cpu13_DTLB LOAD         ACCESS:  103645922 HIT:  103567265 MISS:      78657 MSHR_MERGE:      38170
cpu13->cpu13_DTLB RFO          ACCESS:          0 HIT:          0 MISS:          0 MSHR_MERGE:          0
cpu13->cpu13_DTLB PREFETCH     ACCESS:          0 HIT:          0 MISS:          0 MSHR_MERGE:          0
cpu13->cpu13_DTLB WRITE        ACCESS:          0 HIT:          0 MISS:          0 MSHR_MERGE:          0
cpu13->cpu13_DTLB TRANSLATION  ACCESS:          0 HIT:          0 MISS:          0 MSHR_MERGE:          0
cpu13->cpu13_DTLB PREFETCH REQUESTED:          0 ISSUED:          0 USEFUL:          0 USELESS:          0
cpu13->cpu13_DTLB AVERAGE MISS LATENCY: 176.1 cycles
cpu12->cpu12_STLB TOTAL        ACCESS:       1838 HIT:        963 MISS:        875 MSHR_MERGE:          0
cpu12->cpu12_STLB LOAD         ACCESS:       1838 HIT:        963 MISS:        875 MSHR_MERGE:          0
cpu12->cpu12_STLB RFO          ACCESS:          0 HIT:          0 MISS:          0 MSHR_MERGE:          0
cpu12->cpu12_STLB PREFETCH     ACCESS:          0 HIT:          0 MISS:          0 MSHR_MERGE:          0
cpu12->cpu12_STLB WRITE        ACCESS:          0 HIT:          0 MISS:          0 MSHR_MERGE:          0
cpu12->cpu12_STLB TRANSLATION  ACCESS:          0 HIT:          0 MISS:          0 MSHR_MERGE:          0
cpu12->cpu12_STLB PREFETCH REQUESTED:          0 ISSUED:          0 USEFUL:          0 USELESS:          0
cpu12->cpu12_STLB AVERAGE MISS LATENCY: 906.7 cycles
cpu0->cpu12_L2C TOTAL        ACCESS:        590 HIT:        462 MISS:        128 MSHR_MERGE:          0
cpu0->cpu12_L2C LOAD         ACCESS:          0 HIT:          0 MISS:          0 MSHR_MERGE:          0
cpu0->cpu12_L2C RFO          ACCESS:          0 HIT:          0 MISS:          0 MSHR_MERGE:          0
cpu0->cpu12_L2C PREFETCH     ACCESS:          0 HIT:          0 MISS:          0 MSHR_MERGE:          0
cpu0->cpu12_L2C WRITE        ACCESS:        590 HIT:        462 MISS:        128 MSHR_MERGE:          0
cpu0->cpu12_L2C TRANSLATION  ACCESS:          0 HIT:          0 MISS:          0 MSHR_MERGE:          0
cpu0->cpu12_L2C PREFETCH REQUESTED:          7 ISSUED:          7 USEFUL:          0 USELESS:          0
cpu0->cpu12_L2C AVERAGE MISS LATENCY: 3.887e+04 cycles
cpu12->cpu12_L2C TOTAL        ACCESS:      95152 HIT:      66928 MISS:      28224 MSHR_MERGE:          5
cpu12->cpu12_L2C LOAD         ACCESS:      14926 HIT:      14919 MISS:          7 MSHR_MERGE:          0
cpu12->cpu12_L2C RFO          ACCESS:      24158 HIT:       1151 MISS:      23007 MSHR_MERGE:          0
cpu12->cpu12_L2C PREFETCH     ACCESS:      29931 HIT:      29919 MISS:         12 MSHR_MERGE:          5
cpu12->cpu12_L2C WRITE        ACCESS:      24095 HIT:      20702 MISS:       3393 MSHR_MERGE:          0
cpu12->cpu12_L2C TRANSLATION  ACCESS:       2042 HIT:        237 MISS:       1805 MSHR_MERGE:          0
cpu12->cpu12_L2C PREFETCH REQUESTED:          7 ISSUED:          7 USEFUL:          0 USELESS:          0
cpu12->cpu12_L2C AVERAGE MISS LATENCY: 176.4 cycles
cpu12_L2C FLUSH STALL CYCLES: 19152
cpu12->cpu12_L1I TOTAL        ACCESS:  151413055 HIT:  151308628 MISS:     104427 MSHR_MERGE:      59595
cpu12->cpu12_L1I LOAD         ACCESS:   79590868 HIT:   79575953 MISS:      14915 MSHR_MERGE:          1
cpu12->cpu12_L1I RFO          ACCESS:          0 HIT:          0 MISS:          0 MSHR_MERGE:          0
cpu12->cpu12_L1I PREFETCH     ACCESS:   71822187 HIT:   71732675 MISS:      89512 MSHR_MERGE:      59594
cpu12->cpu12_L1I WRITE        ACCESS:          0 HIT:          0 MISS:          0 MSHR_MERGE:          0
cpu12->cpu12_L1I TRANSLATION  ACCESS:          0 HIT:          0 MISS:          0 MSHR_MERGE:          0
cpu12->cpu12_L1I PREFETCH REQUESTED:   79590868 ISSUED:   71822168 USEFUL:         31 USELESS:      29883
cpu12->cpu12_L1I AVERAGE MISS LATENCY: 9.052 cycles
cpu12->cpu12_L1D TOTAL        ACCESS:  116664200 HIT:  116637159 MISS:      27041 MSHR_MERGE:        823
cpu12->cpu12_L1D LOAD         ACCESS:   47790298 HIT:   47790284 MISS:         14 MSHR_MERGE:          2
cpu12->cpu12_L1D RFO          ACCESS:          0 HIT:          0 MISS:          0 MSHR_MERGE:          0
cpu12->cpu12_L1D PREFETCH     ACCESS:      97566 HIT:      97560 MISS:          6 MSHR_MERGE:          0
cpu12->cpu12_L1D WRITE        ACCESS:   68774150 HIT:   68749171 MISS:      24979 MSHR_MERGE:        821
cpu12->cpu12_L1D TRANSLATION  ACCESS:       2186 HIT:        144 MISS:       2042 MSHR_MERGE:          0
cpu12->cpu12_L1D PREFETCH REQUESTED:      97566 ISSUED:      97566 USEFUL:          6 USELESS:          0
cpu12->cpu12_L1D AVERAGE MISS LATENCY: 199.9 cycles
cpu12_L1D FLUSH STALL CYCLES: 526
cpu12->cpu12_ITLB TOTAL        ACCESS:  117304220 HIT:  117304220 MISS:          0 MSHR_MERGE:          0
cpu12->cpu12_ITLB LOAD         ACCESS:  117304220 HIT:  117304220 MISS:          0 MSHR_MERGE:          0
cpu12->cpu12_ITLB RFO          ACCESS:          0 HIT:          0 MISS:          0 MSHR_MERGE:          0
cpu12->cpu12_ITLB PREFETCH     ACCESS:          0 HIT:          0 MISS:          0 MSHR_MERGE:          0
cpu12->cpu12_ITLB WRITE        ACCESS:          0 HIT:          0 MISS:          0 MSHR_MERGE:          0
cpu12->cpu12_ITLB TRANSLATION  ACCESS:          0 HIT:          0 MISS:          0 MSHR_MERGE:          0
cpu12->cpu12_ITLB PREFETCH REQUESTED:          0 ISSUED:          0 USEFUL:          0 USELESS:          0
cpu12->cpu12_ITLB AVERAGE MISS LATENCY: - cycles
cpu12->cpu12_DTLB TOTAL        ACCESS:  107362707 HIT:  107360824 MISS:       1883 MSHR_MERGE:         45
cpu12->cpu12_DTLB LOAD         ACCESS:  107362707 HIT:  107360824 MISS:       1883 MSHR_MERGE:         45
cpu12->cpu12_DTLB RFO          ACCESS:          0 HIT:          0 MISS:          0 MSHR_MERGE:          0
cpu12->cpu12_DTLB PREFETCH     ACCESS:          0 HIT:          0 MISS:          0 MSHR_MERGE:          0
cpu12->cpu12_DTLB WRITE        ACCESS:          0 HIT:          0 MISS:          0 MSHR_MERGE:          0
cpu12->cpu12_DTLB TRANSLATION  ACCESS:          0 HIT:          0 MISS:          0 MSHR_MERGE:          0
cpu12->cpu12_DTLB PREFETCH REQUESTED:          0 ISSUED:          0 USEFUL:          0 USELESS:          0
cpu12->cpu12_DTLB AVERAGE MISS LATENCY: 437.1 cycles
cpu11->cpu11_STLB TOTAL        ACCESS:        898 HIT:          2 MISS:        896 MSHR_MERGE:          0
cpu11->cpu11_STLB LOAD         ACCESS:        898 HIT:          2 MISS:        896 MSHR_MERGE:          0
cpu11->cpu11_STLB RFO          ACCESS:          0 HIT:          0 MISS:          0 MSHR_MERGE:          0
cpu11->cpu11_STLB PREFETCH     ACCESS:          0 HIT:          0 MISS:          0 MSHR_MERGE:          0
cpu11->cpu11_STLB WRITE        ACCESS:          0 HIT:          0 MISS:          0 MSHR_MERGE:          0
cpu11->cpu11_STLB TRANSLATION  ACCESS:          0 HIT:          0 MISS:          0 MSHR_MERGE:          0
cpu11->cpu11_STLB PREFETCH REQUESTED:          0 ISSUED:          0 USEFUL:          0 USELESS:          0
cpu11->cpu11_STLB AVERAGE MISS LATENCY: 663.3 cycles
cpu0->cpu11_L2C TOTAL        ACCESS:        644 HIT:        488 MISS:        156 MSHR_MERGE:          0
cpu0->cpu11_L2C LOAD         ACCESS:          0 HIT:          0 MISS:          0 MSHR_MERGE:          0
cpu0->cpu11_L2C RFO          ACCESS:          0 HIT:          0 MISS:          0 MSHR_MERGE:          0
cpu0->cpu11_L2C PREFETCH     ACCESS:          0 HIT:          0 MISS:          0 MSHR_MERGE:          0
cpu0->cpu11_L2C WRITE        ACCESS:        644 HIT:        488 MISS:        156 MSHR_MERGE:          0
cpu0->cpu11_L2C TRANSLATION  ACCESS:          0 HIT:          0 MISS:          0 MSHR_MERGE:          0
cpu0->cpu11_L2C PREFETCH REQUESTED:       6941 ISSUED:       6941 USEFUL:        107 USELESS:         17
cpu0->cpu11_L2C AVERAGE MISS LATENCY: 7.082e+04 cycles
cpu11->cpu11_L2C TOTAL        ACCESS:     120410 HIT:      34519 MISS:      85891 MSHR_MERGE:       1580
cpu11->cpu11_L2C LOAD         ACCESS:       1671 HIT:       1264 MISS:        407 MSHR_MERGE:          0
cpu11->cpu11_L2C RFO          ACCESS:      52613 HIT:        711 MISS:      51902 MSHR_MERGE:          0
cpu11->cpu11_L2C PREFETCH     ACCESS:      12179 HIT:       1483 MISS:      10696 MSHR_MERGE:       1580
cpu11->cpu11_L2C WRITE        ACCESS:      52866 HIT:      31029 MISS:      21837 MSHR_MERGE:          0
cpu11->cpu11_L2C TRANSLATION  ACCESS:       1081 HIT:         32 MISS:       1049 MSHR_MERGE:          0
cpu11->cpu11_L2C PREFETCH REQUESTED:       6941 ISSUED:       6941 USEFUL:        107 USELESS:         17
cpu11->cpu11_L2C AVERAGE MISS LATENCY: 146.9 cycles
cpu11_L2C FLUSH STALL CYCLES: 19732
cpu11->cpu11_L1I TOTAL        ACCESS:   40242367 HIT:   40242365 MISS:          2 MSHR_MERGE:          0
cpu11->cpu11_L1I LOAD         ACCESS:   20786704 HIT:   20786704 MISS:          0 MSHR_MERGE:          0
cpu11->cpu11_L1I RFO          ACCESS:          0 HIT:          0 MISS:          0 MSHR_MERGE:          0
cpu11->cpu11_L1I PREFETCH     ACCESS:   19455663 HIT:   19455661 MISS:          2 MSHR_MERGE:          0
cpu11->cpu11_L1I WRITE        ACCESS:          0 HIT:          0 MISS:          0 MSHR_MERGE:          0
cpu11->cpu11_L1I TRANSLATION  ACCESS:          0 HIT:          0 MISS:          0 MSHR_MERGE:          0
cpu11->cpu11_L1I PREFETCH REQUESTED:   20786704 ISSUED:   19455663 USEFUL:          0 USELESS:          0
cpu11->cpu11_L1I AVERAGE MISS LATENCY: - cycles
cpu11->cpu11_L1D TOTAL        ACCESS:  110047024 HIT:  109673580 MISS:     373444 MSHR_MERGE:     312843
cpu11->cpu11_L1D LOAD         ACCESS:   90252193 HIT:   90249913 MISS:       2280 MSHR_MERGE:        609
cpu11->cpu11_L1D RFO          ACCESS:          0 HIT:          0 MISS:          0 MSHR_MERGE:          0
cpu11->cpu11_L1D PREFETCH     ACCESS:     469145 HIT:     462652 MISS:       6493 MSHR_MERGE:       1257
cpu11->cpu11_L1D WRITE        ACCESS:   19323892 HIT:   18960302 MISS:     363590 MSHR_MERGE:     310977
cpu11->cpu11_L1D TRANSLATION  ACCESS:       1794 HIT:        713 MISS:       1081 MSHR_MERGE:          0
cpu11->cpu11_L1D PREFETCH REQUESTED:     469145 ISSUED:     469145 USEFUL:       5156 USELESS:         29
cpu11->cpu11_L1D AVERAGE MISS LATENCY: 208.1 cycles
cpu11_L1D FLUSH STALL CYCLES: 580
cpu11->cpu11_ITLB TOTAL        ACCESS:   29505801 HIT:   29505801 MISS:          0 MSHR_MERGE:          0
cpu11->cpu11_ITLB LOAD         ACCESS:   29505801 HIT:   29505801 MISS:          0 MSHR_MERGE:          0
cpu11->cpu11_ITLB RFO          ACCESS:          0 HIT:          0 MISS:          0 MSHR_MERGE:          0
cpu11->cpu11_ITLB PREFETCH     ACCESS:          0 HIT:          0 MISS:          0 MSHR_MERGE:          0
cpu11->cpu11_ITLB WRITE        ACCESS:          0 HIT:          0 MISS:          0 MSHR_MERGE:          0
cpu11->cpu11_ITLB TRANSLATION  ACCESS:          0 HIT:          0 MISS:          0 MSHR_MERGE:          0
cpu11->cpu11_ITLB PREFETCH REQUESTED:          0 ISSUED:          0 USEFUL:          0 USELESS:          0
cpu11->cpu11_ITLB AVERAGE MISS LATENCY: - cycles
cpu11->cpu11_DTLB TOTAL        ACCESS:  102562972 HIT:  102552965 MISS:      10007 MSHR_MERGE:       9109
cpu11->cpu11_DTLB LOAD         ACCESS:  102562972 HIT:  102552965 MISS:      10007 MSHR_MERGE:       9109
cpu11->cpu11_DTLB RFO          ACCESS:          0 HIT:          0 MISS:          0 MSHR_MERGE:          0
cpu11->cpu11_DTLB PREFETCH     ACCESS:          0 HIT:          0 MISS:          0 MSHR_MERGE:          0
cpu11->cpu11_DTLB WRITE        ACCESS:          0 HIT:          0 MISS:          0 MSHR_MERGE:          0
cpu11->cpu11_DTLB TRANSLATION  ACCESS:          0 HIT:          0 MISS:          0 MSHR_MERGE:          0
cpu11->cpu11_DTLB PREFETCH REQUESTED:          0 ISSUED:          0 USEFUL:          0 USELESS:          0
cpu11->cpu11_DTLB AVERAGE MISS LATENCY: 667.9 cycles
cpu10->cpu10_STLB TOTAL        ACCESS:        898 HIT:          2 MISS:        896 MSHR_MERGE:          0
cpu10->cpu10_STLB LOAD         ACCESS:        898 HIT:          2 MISS:        896 MSHR_MERGE:          0
cpu10->cpu10_STLB RFO          ACCESS:          0 HIT:          0 MISS:          0 MSHR_MERGE:          0
cpu10->cpu10_STLB PREFETCH     ACCESS:          0 HIT:          0 MISS:          0 MSHR_MERGE:          0
cpu10->cpu10_STLB WRITE        ACCESS:          0 HIT:          0 MISS:          0 MSHR_MERGE:          0
cpu10->cpu10_STLB TRANSLATION  ACCESS:          0 HIT:          0 MISS:          0 MSHR_MERGE:          0
cpu10->cpu10_STLB PREFETCH REQUESTED:          0 ISSUED:          0 USEFUL:          0 USELESS:          0
cpu10->cpu10_STLB AVERAGE MISS LATENCY: 660.9 cycles
cpu0->cpu10_L2C TOTAL        ACCESS:        644 HIT:        411 MISS:        233 MSHR_MERGE:          0
cpu0->cpu10_L2C LOAD         ACCESS:          0 HIT:          0 MISS:          0 MSHR_MERGE:          0
cpu0->cpu10_L2C RFO          ACCESS:          0 HIT:          0 MISS:          0 MSHR_MERGE:          0
cpu0->cpu10_L2C PREFETCH     ACCESS:          0 HIT:          0 MISS:          0 MSHR_MERGE:          0
cpu0->cpu10_L2C WRITE        ACCESS:        644 HIT:        411 MISS:        233 MSHR_MERGE:          0
cpu0->cpu10_L2C TRANSLATION  ACCESS:          0 HIT:          0 MISS:          0 MSHR_MERGE:          0
cpu0->cpu10_L2C PREFETCH REQUESTED:       6882 ISSUED:       6882 USEFUL:        114 USELESS:         17
cpu0->cpu10_L2C AVERAGE MISS LATENCY: 4.74e+04 cycles
cpu10->cpu10_L2C TOTAL        ACCESS:     120334 HIT:      33291 MISS:      87043 MSHR_MERGE:       1615
cpu10->cpu10_L2C LOAD         ACCESS:       1659 HIT:       1243 MISS:        416 MSHR_MERGE:          0
cpu10->cpu10_L2C RFO          ACCESS:      52612 HIT:        701 MISS:      51911 MSHR_MERGE:          0
cpu10->cpu10_L2C PREFETCH     ACCESS:      12117 HIT:       1413 MISS:      10704 MSHR_MERGE:       1615
cpu10->cpu10_L2C WRITE        ACCESS:      52865 HIT:      29896 MISS:      22969 MSHR_MERGE:          0
cpu10->cpu10_L2C TRANSLATION  ACCESS:       1081 HIT:         38 MISS:       1043 MSHR_MERGE:          0
cpu10->cpu10_L2C PREFETCH REQUESTED:       6882 ISSUED:       6882 USEFUL:        114 USELESS:         17
cpu10->cpu10_L2C AVERAGE MISS LATENCY: 144.7 cycles
cpu10_L2C FLUSH STALL CYCLES: 19555
cpu10->cpu10_L1I TOTAL        ACCESS:   40232598 HIT:   40232596 MISS:          2 MSHR_MERGE:          0
cpu10->cpu10_L1I LOAD         ACCESS:   20779930 HIT:   20779930 MISS:          0 MSHR_MERGE:          0
cpu10->cpu10_L1I RFO          ACCESS:          0 HIT:          0 MISS:          0 MSHR_MERGE:          0
cpu10->cpu10_L1I PREFETCH     ACCESS:   19452668 HIT:   19452666 MISS:          2 MSHR_MERGE:          0
cpu10->cpu10_L1I WRITE        ACCESS:          0 HIT:          0 MISS:          0 MSHR_MERGE:          0
cpu10->cpu10_L1I TRANSLATION  ACCESS:          0 HIT:          0 MISS:          0 MSHR_MERGE:          0
cpu10->cpu10_L1I PREFETCH REQUESTED:   20779930 ISSUED:   19452668 USEFUL:          0 USELESS:          0
cpu10->cpu10_L1I AVERAGE MISS LATENCY: - cycles
cpu10->cpu10_L1D TOTAL        ACCESS:  110044622 HIT:  109671014 MISS:     373608 MSHR_MERGE:     313023
cpu10->cpu10_L1D LOAD         ACCESS:   90250216 HIT:   90247952 MISS:       2264 MSHR_MERGE:        605
cpu10->cpu10_L1D RFO          ACCESS:          0 HIT:          0 MISS:          0 MSHR_MERGE:          0
cpu10->cpu10_L1D PREFETCH     ACCESS:     468978 HIT:     462397 MISS:       6581 MSHR_MERGE:       1348
cpu10->cpu10_L1D WRITE        ACCESS:   19323634 HIT:   18959952 MISS:     363682 MSHR_MERGE:     311070
cpu10->cpu10_L1D TRANSLATION  ACCESS:       1794 HIT:        713 MISS:       1081 MSHR_MERGE:          0
cpu10->cpu10_L1D PREFETCH REQUESTED:     468978 ISSUED:     468978 USEFUL:       5159 USELESS:         27
cpu10->cpu10_L1D AVERAGE MISS LATENCY: 207.9 cycles
cpu10_L1D FLUSH STALL CYCLES: 580
cpu10->cpu10_ITLB TOTAL        ACCESS:   29491478 HIT:   29491478 MISS:          0 MSHR_MERGE:          0
cpu10->cpu10_ITLB LOAD         ACCESS:   29491478 HIT:   29491478 MISS:          0 MSHR_MERGE:          0
cpu10->cpu10_ITLB RFO          ACCESS:          0 HIT:          0 MISS:          0 MSHR_MERGE:          0
cpu10->cpu10_ITLB PREFETCH     ACCESS:          0 HIT:          0 MISS:          0 MSHR_MERGE:          0
cpu10->cpu10_ITLB WRITE        ACCESS:          0 HIT:          0 MISS:          0 MSHR_MERGE:          0
cpu10->cpu10_ITLB TRANSLATION  ACCESS:          0 HIT:          0 MISS:          0 MSHR_MERGE:          0
cpu10->cpu10_ITLB PREFETCH REQUESTED:          0 ISSUED:          0 USEFUL:          0 USELESS:          0
cpu10->cpu10_ITLB AVERAGE MISS LATENCY: - cycles
cpu10->cpu10_DTLB TOTAL        ACCESS:  102561362 HIT:  102551361 MISS:      10001 MSHR_MERGE:       9103
cpu10->cpu10_DTLB LOAD         ACCESS:  102561362 HIT:  102551361 MISS:      10001 MSHR_MERGE:       9103
cpu10->cpu10_DTLB RFO          ACCESS:          0 HIT:          0 MISS:          0 MSHR_MERGE:          0
cpu10->cpu10_DTLB PREFETCH     ACCESS:          0 HIT:          0 MISS:          0 MSHR_MERGE:          0
cpu10->cpu10_DTLB WRITE        ACCESS:          0 HIT:          0 MISS:          0 MSHR_MERGE:          0
cpu10->cpu10_DTLB TRANSLATION  ACCESS:          0 HIT:          0 MISS:          0 MSHR_MERGE:          0
cpu10->cpu10_DTLB PREFETCH REQUESTED:          0 ISSUED:          0 USEFUL:          0 USELESS:          0
cpu10->cpu10_DTLB AVERAGE MISS LATENCY: 665.4 cycles
cpu0->cpu0_STLB TOTAL        ACCESS:    4560679 HIT:    4554353 MISS:       6326 MSHR_MERGE:          0
cpu0->cpu0_STLB LOAD         ACCESS:    4560679 HIT:    4554353 MISS:       6326 MSHR_MERGE:          0
cpu0->cpu0_STLB RFO          ACCESS:          0 HIT:          0 MISS:          0 MSHR_MERGE:          0
cpu0->cpu0_STLB PREFETCH     ACCESS:          0 HIT:          0 MISS:          0 MSHR_MERGE:          0
cpu0->cpu0_STLB WRITE        ACCESS:          0 HIT:          0 MISS:          0 MSHR_MERGE:          0
cpu0->cpu0_STLB TRANSLATION  ACCESS:          0 HIT:          0 MISS:          0 MSHR_MERGE:          0
cpu0->cpu0_STLB PREFETCH REQUESTED:          0 ISSUED:          0 USEFUL:          0 USELESS:          0
cpu0->cpu0_STLB AVERAGE MISS LATENCY: 376.6 cycles
cpu0->cpu0_L2C TOTAL        ACCESS:   19132527 HIT:   16700801 MISS:    2431726 MSHR_MERGE:      23047
cpu0->cpu0_L2C LOAD         ACCESS:    7482927 HIT:    7414519 MISS:      68408 MSHR_MERGE:         27
cpu0->cpu0_L2C RFO          ACCESS:     305796 HIT:      82125 MISS:     223671 MSHR_MERGE:        126
cpu0->cpu0_L2C PREFETCH     ACCESS:   10814839 HIT:    8702459 MISS:    2112380 MSHR_MERGE:      22894
cpu0->cpu0_L2C WRITE        ACCESS:     517307 HIT:     500296 MISS:      17011 MSHR_MERGE:          0
cpu0->cpu0_L2C TRANSLATION  ACCESS:      11658 HIT:       1402 MISS:      10256 MSHR_MERGE:          0
cpu0->cpu0_L2C PREFETCH REQUESTED:    9401565 ISSUED:    9401561 USEFUL:       2064 USELESS:       5982
cpu0->cpu0_L2C AVERAGE MISS LATENCY: 127.2 cycles
cpu0_L2C FLUSH STALL CYCLES: 14703
cpu0->cpu0_L1I TOTAL        ACCESS:   74837401 HIT:   71540033 MISS:    3297368 MSHR_MERGE:    1297080
cpu0->cpu0_L1I LOAD         ACCESS:   37644032 HIT:   35951126 MISS:    1692906 MSHR_MERGE:     616543
cpu0->cpu0_L1I RFO          ACCESS:          0 HIT:          0 MISS:          0 MSHR_MERGE:          0
cpu0->cpu0_L1I PREFETCH     ACCESS:   37193369 HIT:   35588907 MISS:    1604462 MSHR_MERGE:     680537
cpu0->cpu0_L1I WRITE        ACCESS:          0 HIT:          0 MISS:          0 MSHR_MERGE:          0
cpu0->cpu0_L1I TRANSLATION  ACCESS:          0 HIT:          0 MISS:          0 MSHR_MERGE:          0
cpu0->cpu0_L1I PREFETCH REQUESTED:   37645914 ISSUED:   37193369 USEFUL:     386240 USELESS:     537668
cpu0->cpu0_L1I AVERAGE MISS LATENCY: 9.571 cycles
cpu0->cpu0_L1D TOTAL        ACCESS:   66499901 HIT:   56650493 MISS:    9849408 MSHR_MERGE:    2635998
cpu0->cpu0_L1D LOAD         ACCESS:   43080277 HIT:   35290502 MISS:    7789775 MSHR_MERGE:    1383211
cpu0->cpu0_L1D RFO          ACCESS:          0 HIT:          0 MISS:          0 MSHR_MERGE:          0
cpu0->cpu0_L1D PREFETCH     ACCESS:    7593185 HIT:    6689980 MISS:     903205 MSHR_MERGE:     413814
cpu0->cpu0_L1D WRITE        ACCESS:   15813761 HIT:   14669059 MISS:    1144702 MSHR_MERGE:     838905
cpu0->cpu0_L1D TRANSLATION  ACCESS:      12678 HIT:        952 MISS:      11726 MSHR_MERGE:         68
cpu0->cpu0_L1D PREFETCH REQUESTED:    7834413 ISSUED:    7593185 USEFUL:     423936 USELESS:      59206
cpu0->cpu0_L1D AVERAGE MISS LATENCY: 16.09 cycles
cpu0_L1D FLUSH STALL CYCLES: 81
cpu0->cpu0_ITLB TOTAL        ACCESS:   58919881 HIT:   58729047 MISS:     190834 MSHR_MERGE:      97781
cpu0->cpu0_ITLB LOAD         ACCESS:   58919881 HIT:   58729047 MISS:     190834 MSHR_MERGE:      97781
cpu0->cpu0_ITLB RFO          ACCESS:          0 HIT:          0 MISS:          0 MSHR_MERGE:          0
cpu0->cpu0_ITLB PREFETCH     ACCESS:          0 HIT:          0 MISS:          0 MSHR_MERGE:          0
cpu0->cpu0_ITLB WRITE        ACCESS:          0 HIT:          0 MISS:          0 MSHR_MERGE:          0
cpu0->cpu0_ITLB TRANSLATION  ACCESS:          0 HIT:          0 MISS:          0 MSHR_MERGE:          0
cpu0->cpu0_ITLB PREFETCH REQUESTED:          0 ISSUED:          0 USEFUL:          0 USELESS:          0
cpu0->cpu0_ITLB AVERAGE MISS LATENCY: 7.727 cycles
cpu0->cpu0_DTLB TOTAL        ACCESS:   56696287 HIT:   50100100 MISS:    6596187 MSHR_MERGE:    2128561
cpu0->cpu0_DTLB LOAD         ACCESS:   56696287 HIT:   50100100 MISS:    6596187 MSHR_MERGE:    2128561
cpu0->cpu0_DTLB RFO          ACCESS:          0 HIT:          0 MISS:          0 MSHR_MERGE:          0
cpu0->cpu0_DTLB PREFETCH     ACCESS:          0 HIT:          0 MISS:          0 MSHR_MERGE:          0
cpu0->cpu0_DTLB WRITE        ACCESS:          0 HIT:          0 MISS:          0 MSHR_MERGE:          0
cpu0->cpu0_DTLB TRANSLATION  ACCESS:          0 HIT:          0 MISS:          0 MSHR_MERGE:          0
cpu0->cpu0_DTLB PREFETCH REQUESTED:          0 ISSUED:          0 USEFUL:          0 USELESS:          0
cpu0->cpu0_DTLB AVERAGE MISS LATENCY: 5.478 cycles
cpu0->LLC TOTAL        ACCESS:    2786560 HIT:    2224516 MISS:     562044 MSHR_MERGE:       3842
cpu0->LLC LOAD         ACCESS:      68381 HIT:      47137 MISS:      21244 MSHR_MERGE:        459
cpu0->LLC RFO          ACCESS:     223545 HIT:      65954 MISS:     157591 MSHR_MERGE:       1539
cpu0->LLC PREFETCH     ACCESS:    2087079 HIT:    1999140 MISS:      87939 MSHR_MERGE:       1844
cpu0->LLC WRITE        ACCESS:     397299 HIT:     111479 MISS:     285820 MSHR_MERGE:          0
cpu0->LLC TRANSLATION  ACCESS:      10256 HIT:        806 MISS:       9450 MSHR_MERGE:          0
cpu0->LLC PREFETCH REQUESTED:          0 ISSUED:          0 USEFUL:          0 USELESS:          0
cpu0->LLC AVERAGE MISS LATENCY: 697.5 cycles
cpu1->LLC TOTAL        ACCESS:     211568 HIT:      70333 MISS:     141235 MSHR_MERGE:        560
cpu1->LLC LOAD         ACCESS:      25097 HIT:      17348 MISS:       7749 MSHR_MERGE:        295
cpu1->LLC RFO          ACCESS:      61936 HIT:        225 MISS:      61711 MSHR_MERGE:          4
cpu1->LLC PREFETCH     ACCESS:      63917 HIT:      50118 MISS:      13799 MSHR_MERGE:        261
cpu1->LLC WRITE        ACCESS:      59228 HIT:       2617 MISS:      56611 MSHR_MERGE:          0
cpu1->LLC TRANSLATION  ACCESS:       1390 HIT:         25 MISS:       1365 MSHR_MERGE:          0
cpu1->LLC PREFETCH REQUESTED:          0 ISSUED:          0 USEFUL:          0 USELESS:          0
cpu1->LLC AVERAGE MISS LATENCY: 2595 cycles
cpu2->LLC TOTAL        ACCESS:      39201 HIT:      38095 MISS:       1106 MSHR_MERGE:        215
cpu2->LLC LOAD         ACCESS:         43 HIT:         20 MISS:         23 MSHR_MERGE:          1
cpu2->LLC RFO          ACCESS:          0 HIT:          0 MISS:          0 MSHR_MERGE:          0
cpu2->LLC PREFETCH     ACCESS:      39158 HIT:      38075 MISS:       1083 MSHR_MERGE:        214
cpu2->LLC WRITE        ACCESS:          0 HIT:          0 MISS:          0 MSHR_MERGE:          0
cpu2->LLC TRANSLATION  ACCESS:          0 HIT:          0 MISS:          0 MSHR_MERGE:          0
cpu2->LLC PREFETCH REQUESTED:          0 ISSUED:          0 USEFUL:          0 USELESS:          0
cpu2->LLC AVERAGE MISS LATENCY: 1.438e+07 cycles
cpu3->LLC TOTAL        ACCESS:     434912 HIT:     203432 MISS:     231480 MSHR_MERGE:       5127
cpu3->LLC LOAD         ACCESS:     137811 HIT:      46742 MISS:      91069 MSHR_MERGE:       3043
cpu3->LLC RFO          ACCESS:       7417 HIT:       1494 MISS:       5923 MSHR_MERGE:         48
cpu3->LLC PREFETCH     ACCESS:     246304 HIT:     149054 MISS:      97250 MSHR_MERGE:       2036
cpu3->LLC WRITE        ACCESS:      18215 HIT:       5629 MISS:      12586 MSHR_MERGE:          0
cpu3->LLC TRANSLATION  ACCESS:      25165 HIT:        513 MISS:      24652 MSHR_MERGE:          0
cpu3->LLC PREFETCH REQUESTED:          0 ISSUED:          0 USEFUL:          0 USELESS:          0
cpu3->LLC AVERAGE MISS LATENCY: 2464 cycles
cpu4->LLC TOTAL        ACCESS:      40368 HIT:      39218 MISS:       1150 MSHR_MERGE:        263
cpu4->LLC LOAD         ACCESS:         44 HIT:         19 MISS:         25 MSHR_MERGE:          2
cpu4->LLC RFO          ACCESS:          0 HIT:          0 MISS:          0 MSHR_MERGE:          0
cpu4->LLC PREFETCH     ACCESS:      40324 HIT:      39199 MISS:       1125 MSHR_MERGE:        261
cpu4->LLC WRITE        ACCESS:          0 HIT:          0 MISS:          0 MSHR_MERGE:          0
cpu4->LLC TRANSLATION  ACCESS:          0 HIT:          0 MISS:          0 MSHR_MERGE:          0
cpu4->LLC PREFETCH REQUESTED:          0 ISSUED:          0 USEFUL:          0 USELESS:          0
cpu4->LLC AVERAGE MISS LATENCY: 1.323e+07 cycles
cpu5->LLC TOTAL        ACCESS:       4773 HIT:       2407 MISS:       2366 MSHR_MERGE:        693
cpu5->LLC LOAD         ACCESS:        536 HIT:        169 MISS:        367 MSHR_MERGE:         48
cpu5->LLC RFO          ACCESS:         64 HIT:          1 MISS:         63 MSHR_MERGE:          0
cpu5->LLC PREFETCH     ACCESS:       4116 HIT:       2237 MISS:       1879 MSHR_MERGE:        645
cpu5->LLC WRITE        ACCESS:          0 HIT:          0 MISS:          0 MSHR_MERGE:          0
cpu5->LLC TRANSLATION  ACCESS:         57 HIT:          0 MISS:         57 MSHR_MERGE:          0
cpu5->LLC PREFETCH REQUESTED:          0 ISSUED:          0 USEFUL:          0 USELESS:          0
cpu5->LLC AVERAGE MISS LATENCY: 6.791e+05 cycles
cpu6->LLC TOTAL        ACCESS:    2593603 HIT:    1568299 MISS:    1025304 MSHR_MERGE:     223831
cpu6->LLC LOAD         ACCESS:     397687 HIT:     237810 MISS:     159877 MSHR_MERGE:      39720
cpu6->LLC RFO          ACCESS:     220689 HIT:      13280 MISS:     207409 MSHR_MERGE:        677
cpu6->LLC PREFETCH     ACCESS:    1693175 HIT:    1234753 MISS:     458422 MSHR_MERGE:     183434
cpu6->LLC WRITE        ACCESS:     267128 HIT:      82288 MISS:     184840 MSHR_MERGE:          0
cpu6->LLC TRANSLATION  ACCESS:      14924 HIT:        168 MISS:      14756 MSHR_MERGE:          0
cpu6->LLC PREFETCH REQUESTED:          0 ISSUED:          0 USEFUL:          0 USELESS:          0
cpu6->LLC AVERAGE MISS LATENCY: 583.4 cycles
cpu7->LLC TOTAL        ACCESS:    6876191 HIT:    6261702 MISS:     614489 MSHR_MERGE:      11543
cpu7->LLC LOAD         ACCESS:     157836 HIT:     145097 MISS:      12739 MSHR_MERGE:          3
cpu7->LLC RFO          ACCESS:          0 HIT:          0 MISS:          0 MSHR_MERGE:          0
cpu7->LLC PREFETCH     ACCESS:    6707888 HIT:    6116590 MISS:     591298 MSHR_MERGE:      11540
cpu7->LLC WRITE        ACCESS:         35 HIT:         14 MISS:         21 MSHR_MERGE:          0
cpu7->LLC TRANSLATION  ACCESS:      10432 HIT:          1 MISS:      10431 MSHR_MERGE:          0
cpu7->LLC PREFETCH REQUESTED:          0 ISSUED:          0 USEFUL:          0 USELESS:          0
cpu7->LLC AVERAGE MISS LATENCY: 1.426e+04 cycles
cpu8->LLC TOTAL        ACCESS:     856727 HIT:     248461 MISS:     608266 MSHR_MERGE:       2375
cpu8->LLC LOAD         ACCESS:     245468 HIT:      75431 MISS:     170037 MSHR_MERGE:       1670
cpu8->LLC RFO          ACCESS:      81499 HIT:       3465 MISS:      78034 MSHR_MERGE:          2
cpu8->LLC PREFETCH     ACCESS:      89723 HIT:      47342 MISS:      42381 MSHR_MERGE:        703
cpu8->LLC WRITE        ACCESS:     224694 HIT:      60601 MISS:     164093 MSHR_MERGE:          0
cpu8->LLC TRANSLATION  ACCESS:     215343 HIT:      61622 MISS:     153721 MSHR_MERGE:          0
cpu8->LLC PREFETCH REQUESTED:          0 ISSUED:          0 USEFUL:          0 USELESS:          0
cpu8->LLC AVERAGE MISS LATENCY: 584.4 cycles
cpu9->LLC TOTAL        ACCESS:    2554070 HIT:    1528034 MISS:    1026036 MSHR_MERGE:     226029
cpu9->LLC LOAD         ACCESS:     386963 HIT:     226578 MISS:     160385 MSHR_MERGE:      40092
cpu9->LLC RFO          ACCESS:     220520 HIT:      13245 MISS:     207275 MSHR_MERGE:        692
cpu9->LLC PREFETCH     ACCESS:    1664467 HIT:    1204251 MISS:     460216 MSHR_MERGE:     185245
cpu9->LLC WRITE        ACCESS:     267193 HIT:      83777 MISS:     183416 MSHR_MERGE:          0
cpu9->LLC TRANSLATION  ACCESS:      14927 HIT:        183 MISS:      14744 MSHR_MERGE:          0
cpu9->LLC PREFETCH REQUESTED:          0 ISSUED:          0 USEFUL:          0 USELESS:          0
cpu9->LLC AVERAGE MISS LATENCY: 584.5 cycles
cpu10->LLC TOTAL        ACCESS:     114294 HIT:       7147 MISS:     107147 MSHR_MERGE:        236
cpu10->LLC LOAD         ACCESS:        416 HIT:        145 MISS:        271 MSHR_MERGE:          1
cpu10->LLC RFO          ACCESS:      51911 HIT:         47 MISS:      51864 MSHR_MERGE:          0
cpu10->LLC PREFETCH     ACCESS:       9084 HIT:       3169 MISS:       5915 MSHR_MERGE:        235
cpu10->LLC WRITE        ACCESS:      51840 HIT:       3776 MISS:      48064 MSHR_MERGE:          0
cpu10->LLC TRANSLATION  ACCESS:       1043 HIT:         10 MISS:       1033 MSHR_MERGE:          0
cpu10->LLC PREFETCH REQUESTED:          0 ISSUED:          0 USEFUL:          0 USELESS:          0
cpu10->LLC AVERAGE MISS LATENCY: 3267 cycles
cpu11->LLC TOTAL        ACCESS:     114228 HIT:       6789 MISS:     107439 MSHR_MERGE:        223
cpu11->LLC LOAD         ACCESS:        407 HIT:        151 MISS:        256 MSHR_MERGE:          0
cpu11->LLC RFO          ACCESS:      51902 HIT:         35 MISS:      51867 MSHR_MERGE:          0
cpu11->LLC PREFETCH     ACCESS:       9106 HIT:       3220 MISS:       5886 MSHR_MERGE:        223
cpu11->LLC WRITE        ACCESS:      51764 HIT:       3371 MISS:      48393 MSHR_MERGE:          0
cpu11->LLC TRANSLATION  ACCESS:       1049 HIT:         12 MISS:       1037 MSHR_MERGE:          0
cpu11->LLC PREFETCH REQUESTED:          0 ISSUED:          0 USEFUL:          0 USELESS:          0
cpu11->LLC AVERAGE MISS LATENCY: 3256 cycles
cpu12->LLC TOTAL        ACCESS:      31216 HIT:         45 MISS:      31171 MSHR_MERGE:          0
cpu12->LLC LOAD         ACCESS:          7 HIT:          0 MISS:          7 MSHR_MERGE:          0
cpu12->LLC RFO          ACCESS:      23007 HIT:          0 MISS:      23007 MSHR_MERGE:          0
cpu12->LLC PREFETCH     ACCESS:          7 HIT:          0 MISS:          7 MSHR_MERGE:          0
cpu12->LLC WRITE        ACCESS:       6390 HIT:         45 MISS:       6345 MSHR_MERGE:          0
cpu12->LLC TRANSLATION  ACCESS:       1805 HIT:          0 MISS:       1805 MSHR_MERGE:          0
cpu12->LLC PREFETCH REQUESTED:          0 ISSUED:          0 USEFUL:          0 USELESS:          0
cpu12->LLC AVERAGE MISS LATENCY: 1.061e+04 cycles
cpu13->LLC TOTAL        ACCESS:    1717926 HIT:    1390869 MISS:     327057 MSHR_MERGE:      11820
cpu13->LLC LOAD         ACCESS:     155885 HIT:     137427 MISS:      18458 MSHR_MERGE:        523
cpu13->LLC RFO          ACCESS:          0 HIT:          0 MISS:          0 MSHR_MERGE:          0
cpu13->LLC PREFETCH     ACCESS:    1545293 HIT:    1252035 MISS:     293258 MSHR_MERGE:      11297
cpu13->LLC WRITE        ACCESS:       4356 HIT:       1351 MISS:       3005 MSHR_MERGE:          0
cpu13->LLC TRANSLATION  ACCESS:      12392 HIT:         56 MISS:      12336 MSHR_MERGE:          0
cpu13->LLC PREFETCH REQUESTED:          0 ISSUED:          0 USEFUL:          0 USELESS:          0
cpu13->LLC AVERAGE MISS LATENCY: 9784 cycles
cpu14->LLC TOTAL        ACCESS:      37634 HIT:      36547 MISS:       1087 MSHR_MERGE:        240
cpu14->LLC LOAD         ACCESS:         44 HIT:         20 MISS:         24 MSHR_MERGE:          2
cpu14->LLC RFO          ACCESS:          0 HIT:          0 MISS:          0 MSHR_MERGE:          0
cpu14->LLC PREFETCH     ACCESS:      37590 HIT:      36527 MISS:       1063 MSHR_MERGE:        238
cpu14->LLC WRITE        ACCESS:          0 HIT:          0 MISS:          0 MSHR_MERGE:          0
cpu14->LLC TRANSLATION  ACCESS:          0 HIT:          0 MISS:          0 MSHR_MERGE:          0
cpu14->LLC PREFETCH REQUESTED:          0 ISSUED:          0 USEFUL:          0 USELESS:          0
cpu14->LLC AVERAGE MISS LATENCY: 1.378e+07 cycles
cpu15->LLC TOTAL        ACCESS:       1024 HIT:        314 MISS:        710 MSHR_MERGE:        342
cpu15->LLC LOAD         ACCESS:         48 HIT:         24 MISS:         24 MSHR_MERGE:         11
cpu15->LLC RFO          ACCESS:         14 HIT:          0 MISS:         14 MSHR_MERGE:          0
cpu15->LLC PREFETCH     ACCESS:        962 HIT:        290 MISS:        672 MSHR_MERGE:        331
cpu15->LLC WRITE        ACCESS:          0 HIT:          0 MISS:          0 MSHR_MERGE:          0
cpu15->LLC TRANSLATION  ACCESS:          0 HIT:          0 MISS:          0 MSHR_MERGE:          0
cpu15->LLC PREFETCH REQUESTED:          0 ISSUED:          0 USEFUL:          0 USELESS:          0
cpu15->LLC AVERAGE MISS LATENCY: 8.703e+06 cycles

L1D MAX FLUSH STALL CYCLES: 580
L2C MAX FLUSH STALL CYCLES: 19732
LLC FLUSH STALL CYCLES: 0
TOTAL WRITEBACK FLUSH TIME: 20312 cycles

DRAM Statistics

Channel 0 RQ ROW_BUFFER_HIT:        100
  ROW_BUFFER_MISS:     824391
  AVG DBUS CONGESTED CYCLE: 19.63
Channel 0 WQ ROW_BUFFER_HIT:      49067
  ROW_BUFFER_MISS:     284880
  FULL:      78103
Channel 0 REFRESHES ISSUED:       6377

Channel 1 RQ ROW_BUFFER_HIT:        102
  ROW_BUFFER_MISS:     825110
  AVG DBUS CONGESTED CYCLE: 19.69
Channel 1 WQ ROW_BUFFER_HIT:      49815
  ROW_BUFFER_MISS:     283865
  FULL:      91326
Channel 1 REFRESHES ISSUED:       6377

Channel 2 RQ ROW_BUFFER_HIT:         74
  ROW_BUFFER_MISS:     828928
  AVG DBUS CONGESTED CYCLE: 19.72
Channel 2 WQ ROW_BUFFER_HIT:      50856
  ROW_BUFFER_MISS:     284647
  FULL:      21002
Channel 2 REFRESHES ISSUED:       6377

Channel 3 RQ ROW_BUFFER_HIT:        102
  ROW_BUFFER_MISS:     828134
  AVG DBUS CONGESTED CYCLE: 19.7
Channel 3 WQ ROW_BUFFER_HIT:      50257
  ROW_BUFFER_MISS:     284962
  FULL:      27421
Channel 3 REFRESHES ISSUED:       6377
