[VMEM] WARNING: physical memory size is smaller than virtual memory size.

*** ChampSim Multicore Out-of-Order Simulator ***
Warmup Instructions: 50000000
Simulation Instructions: 200000000
Number of CPUs: 16
Page size: 4096

Initialize SIGNATURE TABLE
ST_SET: 1
ST_WAY: 256
ST_TAG_BIT: 16

Initialize PATTERN TABLE
PT_SET: 512
PT_WAY: 4
SIG_DELTA_BIT: 7
C_SIG_BIT: 4
C_DELTA_BIT: 4

Initialize PREFETCH FILTER
FILTER_SET: 1024
Initialize SIGNATURE TABLE
ST_SET: 1
ST_WAY: 256
ST_TAG_BIT: 16

Initialize PATTERN TABLE
PT_SET: 512
PT_WAY: 4
SIG_DELTA_BIT: 7
C_SIG_BIT: 4
C_DELTA_BIT: 4

Initialize PREFETCH FILTER
FILTER_SET: 1024
Initialize SIGNATURE TABLE
ST_SET: 1
ST_WAY: 256
ST_TAG_BIT: 16

Initialize PATTERN TABLE
PT_SET: 512
PT_WAY: 4
SIG_DELTA_BIT: 7
C_SIG_BIT: 4
C_DELTA_BIT: 4

Initialize PREFETCH FILTER
FILTER_SET: 1024
Initialize SIGNATURE TABLE
ST_SET: 1
ST_WAY: 256
ST_TAG_BIT: 16

Initialize PATTERN TABLE
PT_SET: 512
PT_WAY: 4
SIG_DELTA_BIT: 7
C_SIG_BIT: 4
C_DELTA_BIT: 4

Initialize PREFETCH FILTER
FILTER_SET: 1024
Initialize SIGNATURE TABLE
ST_SET: 1
ST_WAY: 256
ST_TAG_BIT: 16

Initialize PATTERN TABLE
PT_SET: 512
PT_WAY: 4
SIG_DELTA_BIT: 7
C_SIG_BIT: 4
C_DELTA_BIT: 4

Initialize PREFETCH FILTER
FILTER_SET: 1024
Initialize SIGNATURE TABLE
ST_SET: 1
ST_WAY: 256
ST_TAG_BIT: 16

Initialize PATTERN TABLE
PT_SET: 512
PT_WAY: 4
SIG_DELTA_BIT: 7
C_SIG_BIT: 4
C_DELTA_BIT: 4

Initialize PREFETCH FILTER
FILTER_SET: 1024
Initialize SIGNATURE TABLE
ST_SET: 1
ST_WAY: 256
ST_TAG_BIT: 16

Initialize PATTERN TABLE
PT_SET: 512
PT_WAY: 4
SIG_DELTA_BIT: 7
C_SIG_BIT: 4
C_DELTA_BIT: 4

Initialize PREFETCH FILTER
FILTER_SET: 1024
Initialize SIGNATURE TABLE
ST_SET: 1
ST_WAY: 256
ST_TAG_BIT: 16

Initialize PATTERN TABLE
PT_SET: 512
PT_WAY: 4
SIG_DELTA_BIT: 7
C_SIG_BIT: 4
C_DELTA_BIT: 4

Initialize PREFETCH FILTER
FILTER_SET: 1024
Initialize SIGNATURE TABLE
ST_SET: 1
ST_WAY: 256
ST_TAG_BIT: 16

Initialize PATTERN TABLE
PT_SET: 512
PT_WAY: 4
SIG_DELTA_BIT: 7
C_SIG_BIT: 4
C_DELTA_BIT: 4

Initialize PREFETCH FILTER
FILTER_SET: 1024
Initialize SIGNATURE TABLE
ST_SET: 1
ST_WAY: 256
ST_TAG_BIT: 16

Initialize PATTERN TABLE
PT_SET: 512
PT_WAY: 4
SIG_DELTA_BIT: 7
C_SIG_BIT: 4
C_DELTA_BIT: 4

Initialize PREFETCH FILTER
FILTER_SET: 1024
Initialize SIGNATURE TABLE
ST_SET: 1
ST_WAY: 256
ST_TAG_BIT: 16

Initialize PATTERN TABLE
PT_SET: 512
PT_WAY: 4
SIG_DELTA_BIT: 7
C_SIG_BIT: 4
C_DELTA_BIT: 4

Initialize PREFETCH FILTER
FILTER_SET: 1024
Initialize SIGNATURE TABLE
ST_SET: 1
ST_WAY: 256
ST_TAG_BIT: 16

Initialize PATTERN TABLE
PT_SET: 512
PT_WAY: 4
SIG_DELTA_BIT: 7
C_SIG_BIT: 4
C_DELTA_BIT: 4

Initialize PREFETCH FILTER
FILTER_SET: 1024
Initialize SIGNATURE TABLE
ST_SET: 1
ST_WAY: 256
ST_TAG_BIT: 16

Initialize PATTERN TABLE
PT_SET: 512
PT_WAY: 4
SIG_DELTA_BIT: 7
C_SIG_BIT: 4
C_DELTA_BIT: 4

Initialize PREFETCH FILTER
FILTER_SET: 1024
Initialize SIGNATURE TABLE
ST_SET: 1
ST_WAY: 256
ST_TAG_BIT: 16

Initialize PATTERN TABLE
PT_SET: 512
PT_WAY: 4
SIG_DELTA_BIT: 7
C_SIG_BIT: 4
C_DELTA_BIT: 4

Initialize PREFETCH FILTER
FILTER_SET: 1024
Initialize SIGNATURE TABLE
ST_SET: 1
ST_WAY: 256
ST_TAG_BIT: 16

Initialize PATTERN TABLE
PT_SET: 512
PT_WAY: 4
SIG_DELTA_BIT: 7
C_SIG_BIT: 4
C_DELTA_BIT: 4

Initialize PREFETCH FILTER
FILTER_SET: 1024
Initialize SIGNATURE TABLE
ST_SET: 1
ST_WAY: 256
ST_TAG_BIT: 16

Initialize PATTERN TABLE
PT_SET: 512
PT_WAY: 4
SIG_DELTA_BIT: 7
C_SIG_BIT: 4
C_DELTA_BIT: 4

Initialize PREFETCH FILTER
FILTER_SET: 1024
Off-chip DRAM Size: 32 GiB Channels: 4 Width: 64-bit Data Rate: 3205 MT/s
Heartbeat CPU 6 instructions: 10000005 cycles: 2060072 heartbeat IPC: 4.854 cumulative IPC: 4.854 (Simulation time: 00 hr 09 min 21 sec)
Heartbeat CPU 1 instructions: 10000001 cycles: 2119230 heartbeat IPC: 4.719 cumulative IPC: 4.719 (Simulation time: 00 hr 09 min 38 sec)
Heartbeat CPU 13 instructions: 10000005 cycles: 2125574 heartbeat IPC: 4.705 cumulative IPC: 4.705 (Simulation time: 00 hr 09 min 39 sec)
Heartbeat CPU 11 instructions: 10000002 cycles: 2296738 heartbeat IPC: 4.354 cumulative IPC: 4.354 (Simulation time: 00 hr 10 min 27 sec)
Heartbeat CPU 3 instructions: 10000000 cycles: 2299842 heartbeat IPC: 4.348 cumulative IPC: 4.348 (Simulation time: 00 hr 10 min 28 sec)
Heartbeat CPU 12 instructions: 10000003 cycles: 2447500 heartbeat IPC: 4.086 cumulative IPC: 4.086 (Simulation time: 00 hr 11 min 09 sec)
Heartbeat CPU 8 instructions: 10000005 cycles: 2497633 heartbeat IPC: 4.004 cumulative IPC: 4.004 (Simulation time: 00 hr 11 min 23 sec)
Heartbeat CPU 14 instructions: 10000004 cycles: 2514439 heartbeat IPC: 3.977 cumulative IPC: 3.977 (Simulation time: 00 hr 11 min 28 sec)
Heartbeat CPU 2 instructions: 10000004 cycles: 2553109 heartbeat IPC: 3.917 cumulative IPC: 3.917 (Simulation time: 00 hr 11 min 38 sec)
Heartbeat CPU 0 instructions: 10000001 cycles: 2555155 heartbeat IPC: 3.914 cumulative IPC: 3.914 (Simulation time: 00 hr 11 min 39 sec)
Heartbeat CPU 7 instructions: 10000005 cycles: 2566826 heartbeat IPC: 3.896 cumulative IPC: 3.896 (Simulation time: 00 hr 11 min 42 sec)
Heartbeat CPU 5 instructions: 10000005 cycles: 2617240 heartbeat IPC: 3.821 cumulative IPC: 3.821 (Simulation time: 00 hr 11 min 57 sec)
Heartbeat CPU 15 instructions: 10000001 cycles: 2673115 heartbeat IPC: 3.741 cumulative IPC: 3.741 (Simulation time: 00 hr 12 min 12 sec)
Heartbeat CPU 10 instructions: 10000003 cycles: 2692856 heartbeat IPC: 3.714 cumulative IPC: 3.714 (Simulation time: 00 hr 12 min 18 sec)
Heartbeat CPU 9 instructions: 10000002 cycles: 2816518 heartbeat IPC: 3.55 cumulative IPC: 3.55 (Simulation time: 00 hr 12 min 53 sec)
Heartbeat CPU 4 instructions: 10000003 cycles: 3258083 heartbeat IPC: 3.069 cumulative IPC: 3.069 (Simulation time: 00 hr 14 min 57 sec)
Heartbeat CPU 6 instructions: 20000009 cycles: 4116857 heartbeat IPC: 4.862 cumulative IPC: 4.858 (Simulation time: 00 hr 19 min 05 sec)
Heartbeat CPU 13 instructions: 20000005 cycles: 4197068 heartbeat IPC: 4.827 cumulative IPC: 4.765 (Simulation time: 00 hr 19 min 29 sec)
Heartbeat CPU 1 instructions: 20000003 cycles: 4258822 heartbeat IPC: 4.674 cumulative IPC: 4.696 (Simulation time: 00 hr 19 min 47 sec)
Heartbeat CPU 3 instructions: 20000003 cycles: 4564879 heartbeat IPC: 4.415 cumulative IPC: 4.381 (Simulation time: 00 hr 21 min 15 sec)
Heartbeat CPU 11 instructions: 20000002 cycles: 4588573 heartbeat IPC: 4.363 cumulative IPC: 4.359 (Simulation time: 00 hr 21 min 22 sec)
Heartbeat CPU 12 instructions: 20000007 cycles: 4910080 heartbeat IPC: 4.061 cumulative IPC: 4.073 (Simulation time: 00 hr 22 min 55 sec)
Heartbeat CPU 8 instructions: 20000008 cycles: 4988131 heartbeat IPC: 4.015 cumulative IPC: 4.01 (Simulation time: 00 hr 23 min 17 sec)
Heartbeat CPU 14 instructions: 20000004 cycles: 5031571 heartbeat IPC: 3.973 cumulative IPC: 3.975 (Simulation time: 00 hr 23 min 29 sec)
Heartbeat CPU 0 instructions: 20000005 cycles: 5037117 heartbeat IPC: 4.029 cumulative IPC: 3.971 (Simulation time: 00 hr 23 min 31 sec)
Heartbeat CPU 2 instructions: 20000004 cycles: 5043622 heartbeat IPC: 4.015 cumulative IPC: 3.965 (Simulation time: 00 hr 23 min 32 sec)
Heartbeat CPU 15 instructions: 20000002 cycles: 5241667 heartbeat IPC: 3.893 cumulative IPC: 3.816 (Simulation time: 00 hr 24 min 28 sec)
Heartbeat CPU 5 instructions: 20000009 cycles: 5253405 heartbeat IPC: 3.793 cumulative IPC: 3.807 (Simulation time: 00 hr 24 min 31 sec)
Heartbeat CPU 10 instructions: 20000004 cycles: 5370334 heartbeat IPC: 3.735 cumulative IPC: 3.724 (Simulation time: 00 hr 25 min 05 sec)
Heartbeat CPU 7 instructions: 20000007 cycles: 5600464 heartbeat IPC: 3.296 cumulative IPC: 3.571 (Simulation time: 00 hr 26 min 09 sec)
Heartbeat CPU 9 instructions: 20000005 cycles: 5646624 heartbeat IPC: 3.533 cumulative IPC: 3.542 (Simulation time: 00 hr 26 min 22 sec)
Heartbeat CPU 6 instructions: 30000014 cycles: 6173960 heartbeat IPC: 4.861 cumulative IPC: 4.859 (Simulation time: 00 hr 28 min 51 sec)
Heartbeat CPU 13 instructions: 30000009 cycles: 6268562 heartbeat IPC: 4.827 cumulative IPC: 4.786 (Simulation time: 00 hr 29 min 18 sec)
Heartbeat CPU 1 instructions: 30000007 cycles: 6399955 heartbeat IPC: 4.67 cumulative IPC: 4.688 (Simulation time: 00 hr 29 min 55 sec)
Heartbeat CPU 4 instructions: 20000004 cycles: 6422588 heartbeat IPC: 3.16 cumulative IPC: 3.114 (Simulation time: 00 hr 30 min 02 sec)
Heartbeat CPU 3 instructions: 30000008 cycles: 6864485 heartbeat IPC: 4.349 cumulative IPC: 4.37 (Simulation time: 00 hr 32 min 07 sec)
Heartbeat CPU 11 instructions: 30000005 cycles: 6884064 heartbeat IPC: 4.356 cumulative IPC: 4.358 (Simulation time: 00 hr 32 min 12 sec)
Heartbeat CPU 12 instructions: 30000011 cycles: 7379489 heartbeat IPC: 4.05 cumulative IPC: 4.065 (Simulation time: 00 hr 34 min 34 sec)
Heartbeat CPU 8 instructions: 30000008 cycles: 7479485 heartbeat IPC: 4.014 cumulative IPC: 4.011 (Simulation time: 00 hr 35 min 02 sec)
Heartbeat CPU 0 instructions: 30000008 cycles: 7512067 heartbeat IPC: 4.04 cumulative IPC: 3.994 (Simulation time: 00 hr 35 min 12 sec)
Heartbeat CPU 14 instructions: 30000005 cycles: 7518465 heartbeat IPC: 4.021 cumulative IPC: 3.99 (Simulation time: 00 hr 35 min 13 sec)
Heartbeat CPU 2 instructions: 30000005 cycles: 7527296 heartbeat IPC: 4.026 cumulative IPC: 3.985 (Simulation time: 00 hr 35 min 16 sec)
Heartbeat CPU 15 instructions: 30000007 cycles: 7808753 heartbeat IPC: 3.895 cumulative IPC: 3.842 (Simulation time: 00 hr 36 min 38 sec)
Heartbeat CPU 5 instructions: 30000012 cycles: 7840880 heartbeat IPC: 3.865 cumulative IPC: 3.826 (Simulation time: 00 hr 36 min 47 sec)
Heartbeat CPU 10 instructions: 30000009 cycles: 8043179 heartbeat IPC: 3.741 cumulative IPC: 3.73 (Simulation time: 00 hr 37 min 45 sec)
Heartbeat CPU 7 instructions: 30000012 cycles: 8187836 heartbeat IPC: 3.865 cumulative IPC: 3.664 (Simulation time: 00 hr 38 min 27 sec)
Heartbeat CPU 6 instructions: 40000018 cycles: 8230740 heartbeat IPC: 4.862 cumulative IPC: 4.86 (Simulation time: 00 hr 38 min 39 sec)
Heartbeat CPU 13 instructions: 40000014 cycles: 8339765 heartbeat IPC: 4.828 cumulative IPC: 4.796 (Simulation time: 00 hr 39 min 10 sec)
Heartbeat CPU 9 instructions: 30000010 cycles: 8419081 heartbeat IPC: 3.607 cumulative IPC: 3.563 (Simulation time: 00 hr 39 min 33 sec)
Heartbeat CPU 1 instructions: 40000009 cycles: 8541122 heartbeat IPC: 4.67 cumulative IPC: 4.683 (Simulation time: 00 hr 40 min 08 sec)
Heartbeat CPU 3 instructions: 40000009 cycles: 9138808 heartbeat IPC: 4.397 cumulative IPC: 4.377 (Simulation time: 00 hr 43 min 01 sec)
Heartbeat CPU 11 instructions: 40000006 cycles: 9186277 heartbeat IPC: 4.344 cumulative IPC: 4.354 (Simulation time: 00 hr 43 min 15 sec)
Heartbeat CPU 4 instructions: 30000004 cycles: 9505178 heartbeat IPC: 3.244 cumulative IPC: 3.156 (Simulation time: 00 hr 44 min 47 sec)
Heartbeat CPU 12 instructions: 40000013 cycles: 9842429 heartbeat IPC: 4.06 cumulative IPC: 4.064 (Simulation time: 00 hr 46 min 23 sec)
Heartbeat CPU 8 instructions: 40000012 cycles: 9967680 heartbeat IPC: 4.019 cumulative IPC: 4.013 (Simulation time: 00 hr 46 min 58 sec)
Heartbeat CPU 0 instructions: 40000011 cycles: 9983761 heartbeat IPC: 4.046 cumulative IPC: 4.007 (Simulation time: 00 hr 47 min 03 sec)
Heartbeat CPU 14 instructions: 40000010 cycles: 10006371 heartbeat IPC: 4.019 cumulative IPC: 3.997 (Simulation time: 00 hr 47 min 09 sec)
Heartbeat CPU 2 instructions: 40000010 cycles: 10009854 heartbeat IPC: 4.028 cumulative IPC: 3.996 (Simulation time: 00 hr 47 min 10 sec)
Warmup finished CPU 6 instructions: 50000003 cycles: 10287851 cumulative IPC: 4.86 (Simulation time: 00 hr 48 min 29 sec)
Heartbeat CPU 6 instructions: 50000020 cycles: 10287854 heartbeat IPC: 4.861 cumulative IPC: 4.86 (Simulation time: 00 hr 48 min 29 sec)
Heartbeat CPU 15 instructions: 40000008 cycles: 10381021 heartbeat IPC: 3.888 cumulative IPC: 3.853 (Simulation time: 00 hr 48 min 56 sec)
Heartbeat CPU 5 instructions: 40000015 cycles: 10401638 heartbeat IPC: 3.905 cumulative IPC: 3.846 (Simulation time: 00 hr 49 min 02 sec)
Warmup finished CPU 13 instructions: 50000002 cycles: 10411622 cumulative IPC: 4.802 (Simulation time: 00 hr 49 min 05 sec)
Heartbeat CPU 13 instructions: 50000014 cycles: 10411624 heartbeat IPC: 4.827 cumulative IPC: 4.802 (Simulation time: 00 hr 49 min 05 sec)
Warmup finished CPU 1 instructions: 50000004 cycles: 10683219 cumulative IPC: 4.68 (Simulation time: 00 hr 50 min 23 sec)
Heartbeat CPU 1 instructions: 50000010 cycles: 10683220 heartbeat IPC: 4.668 cumulative IPC: 4.68 (Simulation time: 00 hr 50 min 23 sec)
Heartbeat CPU 7 instructions: 40000012 cycles: 10709880 heartbeat IPC: 3.965 cumulative IPC: 3.735 (Simulation time: 00 hr 50 min 31 sec)
Heartbeat CPU 10 instructions: 40000009 cycles: 10716873 heartbeat IPC: 3.74 cumulative IPC: 3.732 (Simulation time: 00 hr 50 min 33 sec)
Heartbeat CPU 9 instructions: 40000010 cycles: 11137700 heartbeat IPC: 3.678 cumulative IPC: 3.591 (Simulation time: 00 hr 52 min 32 sec)
Warmup finished CPU 11 instructions: 50000002 cycles: 11488729 cumulative IPC: 4.352 (Simulation time: 00 hr 54 min 13 sec)
Heartbeat CPU 11 instructions: 50000008 cycles: 11488730 heartbeat IPC: 4.343 cumulative IPC: 4.352 (Simulation time: 00 hr 54 min 13 sec)
Warmup finished CPU 12 instructions: 50000003 cycles: 12296080 cumulative IPC: 4.066 (Simulation time: 00 hr 58 min 04 sec)
Heartbeat CPU 12 instructions: 50000015 cycles: 12296082 heartbeat IPC: 4.076 cumulative IPC: 4.066 (Simulation time: 00 hr 58 min 04 sec)
Heartbeat CPU 6 instructions: 60000022 cycles: 12344637 heartbeat IPC: 4.862 cumulative IPC: 4.86 (Simulation time: 00 hr 58 min 18 sec)
Warmup finished CPU 8 instructions: 50000002 cycles: 12456556 cumulative IPC: 4.014 (Simulation time: 00 hr 58 min 50 sec)
Heartbeat CPU 8 instructions: 50000014 cycles: 12456558 heartbeat IPC: 4.018 cumulative IPC: 4.014 (Simulation time: 00 hr 58 min 50 sec)
Warmup finished CPU 0 instructions: 50000003 cycles: 12462214 cumulative IPC: 4.012 (Simulation time: 00 hr 58 min 51 sec)
Heartbeat CPU 0 instructions: 50000015 cycles: 12462216 heartbeat IPC: 4.035 cumulative IPC: 4.012 (Simulation time: 00 hr 58 min 51 sec)
Heartbeat CPU 13 instructions: 60000018 cycles: 12483110 heartbeat IPC: 4.827 cumulative IPC: 4.806 (Simulation time: 00 hr 58 min 57 sec)
Warmup finished CPU 14 instructions: 50000005 cycles: 12494041 cumulative IPC: 4.002 (Simulation time: 00 hr 59 min 00 sec)
Heartbeat CPU 14 instructions: 50000012 cycles: 12494043 heartbeat IPC: 4.02 cumulative IPC: 4.002 (Simulation time: 00 hr 59 min 00 sec)
Warmup finished CPU 2 instructions: 50000003 cycles: 12496175 cumulative IPC: 4.001 (Simulation time: 00 hr 59 min 01 sec)
Heartbeat CPU 2 instructions: 50000013 cycles: 12496177 heartbeat IPC: 4.022 cumulative IPC: 4.001 (Simulation time: 00 hr 59 min 01 sec)
Warmup finished CPU 3 instructions: 50000001 cycles: 12509964 cumulative IPC: 3.997 (Simulation time: 00 hr 59 min 05 sec)
Heartbeat CPU 3 instructions: 50000013 cycles: 12509966 heartbeat IPC: 2.966 cumulative IPC: 3.997 (Simulation time: 00 hr 59 min 05 sec)
Heartbeat CPU 4 instructions: 40000004 cycles: 12560929 heartbeat IPC: 3.273 cumulative IPC: 3.184 (Simulation time: 00 hr 59 min 20 sec)
Warmup finished CPU 5 instructions: 50000003 cycles: 12790275 cumulative IPC: 3.909 (Simulation time: 01 hr 00 min 25 sec)
Heartbeat CPU 5 instructions: 50000015 cycles: 12790277 heartbeat IPC: 4.186 cumulative IPC: 3.909 (Simulation time: 01 hr 00 min 25 sec)
Heartbeat CPU 1 instructions: 60000013 cycles: 12825146 heartbeat IPC: 4.669 cumulative IPC: 4.678 (Simulation time: 01 hr 00 min 35 sec)
Warmup finished CPU 15 instructions: 50000000 cycles: 12955534 cumulative IPC: 3.859 (Simulation time: 01 hr 01 min 12 sec)
Heartbeat CPU 15 instructions: 50000012 cycles: 12955536 heartbeat IPC: 3.884 cumulative IPC: 3.859 (Simulation time: 01 hr 01 min 12 sec)
Warmup finished CPU 7 instructions: 50000003 cycles: 13223371 cumulative IPC: 3.781 (Simulation time: 01 hr 02 min 29 sec)
Heartbeat CPU 7 instructions: 50000015 cycles: 13223373 heartbeat IPC: 3.979 cumulative IPC: 3.781 (Simulation time: 01 hr 02 min 29 sec)
Warmup finished CPU 10 instructions: 50000001 cycles: 13390174 cumulative IPC: 3.734 (Simulation time: 01 hr 03 min 17 sec)
Heartbeat CPU 10 instructions: 50000013 cycles: 13390176 heartbeat IPC: 3.741 cumulative IPC: 3.734 (Simulation time: 01 hr 03 min 17 sec)
Heartbeat CPU 11 instructions: 60000011 cycles: 13796004 heartbeat IPC: 4.334 cumulative IPC: 4.349 (Simulation time: 01 hr 05 min 14 sec)
Warmup finished CPU 9 instructions: 50000002 cycles: 13968786 cumulative IPC: 3.579 (Simulation time: 01 hr 06 min 02 sec)
Heartbeat CPU 9 instructions: 50000014 cycles: 13968788 heartbeat IPC: 3.532 cumulative IPC: 3.579 (Simulation time: 01 hr 06 min 02 sec)
Heartbeat CPU 6 instructions: 70000022 cycles: 14401427 heartbeat IPC: 4.862 cumulative IPC: 4.861 (Simulation time: 01 hr 08 min 07 sec)
Heartbeat CPU 13 instructions: 70000021 cycles: 14554270 heartbeat IPC: 4.828 cumulative IPC: 4.81 (Simulation time: 01 hr 08 min 51 sec)
Heartbeat CPU 12 instructions: 60000020 cycles: 14748965 heartbeat IPC: 4.077 cumulative IPC: 4.068 (Simulation time: 01 hr 09 min 47 sec)
Heartbeat CPU 3 instructions: 60000018 cycles: 14790980 heartbeat IPC: 4.384 cumulative IPC: 4.057 (Simulation time: 01 hr 09 min 59 sec)
Heartbeat CPU 0 instructions: 60000017 cycles: 14933607 heartbeat IPC: 4.046 cumulative IPC: 4.018 (Simulation time: 01 hr 10 min 40 sec)
Heartbeat CPU 8 instructions: 60000019 cycles: 14944909 heartbeat IPC: 4.019 cumulative IPC: 4.015 (Simulation time: 01 hr 10 min 44 sec)
Heartbeat CPU 1 instructions: 70000014 cycles: 14966652 heartbeat IPC: 4.67 cumulative IPC: 4.677 (Simulation time: 01 hr 10 min 50 sec)
Heartbeat CPU 2 instructions: 60000018 cycles: 14975587 heartbeat IPC: 4.033 cumulative IPC: 4.007 (Simulation time: 01 hr 10 min 53 sec)
Heartbeat CPU 14 instructions: 60000014 cycles: 14978919 heartbeat IPC: 4.024 cumulative IPC: 4.006 (Simulation time: 01 hr 10 min 54 sec)
Heartbeat CPU 5 instructions: 60000020 cycles: 15180504 heartbeat IPC: 4.184 cumulative IPC: 3.952 (Simulation time: 01 hr 11 min 52 sec)
Heartbeat CPU 15 instructions: 60000012 cycles: 15532648 heartbeat IPC: 3.88 cumulative IPC: 3.863 (Simulation time: 01 hr 13 min 33 sec)
Warmup finished CPU 4 instructions: 50000002 cycles: 15579365 cumulative IPC: 3.209 (Simulation time: 01 hr 13 min 46 sec)
Warmup complete CPU 9 instructions: 55655449 cycles: 15579365 cumulative IPC: 3.572 (Simulation time: 01 hr 13 min 46 sec)
Warmup complete CPU 8 instructions: 62546465 cycles: 15579365 cumulative IPC: 4.015 (Simulation time: 01 hr 13 min 46 sec)
Warmup complete CPU 7 instructions: 59372762 cycles: 15579365 cumulative IPC: 3.811 (Simulation time: 01 hr 13 min 46 sec)
Warmup complete CPU 6 instructions: 75725844 cycles: 15579365 cumulative IPC: 4.861 (Simulation time: 01 hr 13 min 46 sec)
Warmup complete CPU 5 instructions: 61614878 cycles: 15579365 cumulative IPC: 3.955 (Simulation time: 01 hr 13 min 46 sec)
Warmup complete CPU 4 instructions: 50000002 cycles: 15579365 cumulative IPC: 3.209 (Simulation time: 01 hr 13 min 46 sec)
Warmup complete CPU 3 instructions: 63512915 cycles: 15579365 cumulative IPC: 4.077 (Simulation time: 01 hr 13 min 46 sec)
Warmup complete CPU 2 instructions: 62433248 cycles: 15579365 cumulative IPC: 4.007 (Simulation time: 01 hr 13 min 46 sec)
Warmup complete CPU 15 instructions: 60160261 cycles: 15579365 cumulative IPC: 3.862 (Simulation time: 01 hr 13 min 46 sec)
Warmup complete CPU 14 instructions: 62412977 cycles: 15579365 cumulative IPC: 4.006 (Simulation time: 01 hr 13 min 46 sec)
Warmup complete CPU 13 instructions: 74946931 cycles: 15579365 cumulative IPC: 4.811 (Simulation time: 01 hr 13 min 46 sec)
Warmup complete CPU 12 instructions: 63428888 cycles: 15579365 cumulative IPC: 4.071 (Simulation time: 01 hr 13 min 46 sec)
Warmup complete CPU 11 instructions: 67773652 cycles: 15579365 cumulative IPC: 4.35 (Simulation time: 01 hr 13 min 46 sec)
Warmup complete CPU 10 instructions: 57771060 cycles: 15579365 cumulative IPC: 3.708 (Simulation time: 01 hr 13 min 46 sec)
Warmup complete CPU 1 instructions: 72871566 cycles: 15579365 cumulative IPC: 4.677 (Simulation time: 01 hr 13 min 46 sec)
Warmup complete CPU 0 instructions: 62614160 cycles: 15579365 cumulative IPC: 4.019 (Simulation time: 01 hr 13 min 46 sec)
Heartbeat CPU 4 instructions: 50000008 cycles: 15579366 heartbeat IPC: 3.313 cumulative IPC: 6 (Simulation time: 01 hr 13 min 46 sec)
Heartbeat CPU 7 instructions: 60000015 cycles: 15922520 heartbeat IPC: 3.705 cumulative IPC: 1.828 (Simulation time: 01 hr 15 min 14 sec)
Heartbeat CPU 13 instructions: 80000026 cycles: 16768609 heartbeat IPC: 4.516 cumulative IPC: 4.249 (Simulation time: 01 hr 18 min 47 sec)
Heartbeat CPU 11 instructions: 70000012 cycles: 17091665 heartbeat IPC: 3.034 cumulative IPC: 1.472 (Simulation time: 01 hr 20 min 09 sec)
Heartbeat CPU 10 instructions: 60000015 cycles: 17157939 heartbeat IPC: 2.654 cumulative IPC: 1.412 (Simulation time: 01 hr 20 min 26 sec)
Heartbeat CPU 6 instructions: 80000023 cycles: 17180615 heartbeat IPC: 3.598 cumulative IPC: 2.669 (Simulation time: 01 hr 20 min 32 sec)
Heartbeat CPU 1 instructions: 80000018 cycles: 17272449 heartbeat IPC: 4.337 cumulative IPC: 4.21 (Simulation time: 01 hr 20 min 55 sec)
Heartbeat CPU 9 instructions: 60000019 cycles: 17297762 heartbeat IPC: 3.004 cumulative IPC: 2.528 (Simulation time: 01 hr 21 min 02 sec)
Heartbeat CPU 12 instructions: 70000025 cycles: 17477825 heartbeat IPC: 3.665 cumulative IPC: 3.461 (Simulation time: 01 hr 21 min 48 sec)
Heartbeat CPU 8 instructions: 70000021 cycles: 17776321 heartbeat IPC: 3.532 cumulative IPC: 3.393 (Simulation time: 01 hr 23 min 03 sec)
Heartbeat CPU 14 instructions: 70000018 cycles: 17836880 heartbeat IPC: 3.499 cumulative IPC: 3.361 (Simulation time: 01 hr 23 min 19 sec)
Heartbeat CPU 13 instructions: 90000029 cycles: 19126335 heartbeat IPC: 4.241 cumulative IPC: 4.244 (Simulation time: 01 hr 28 min 28 sec)
Heartbeat CPU 15 instructions: 70000017 cycles: 19282395 heartbeat IPC: 2.667 cumulative IPC: 2.657 (Simulation time: 01 hr 29 min 05 sec)
Heartbeat CPU 0 instructions: 70000019 cycles: 19641372 heartbeat IPC: 2.124 cumulative IPC: 1.818 (Simulation time: 01 hr 30 min 31 sec)
Heartbeat CPU 1 instructions: 90000023 cycles: 19647079 heartbeat IPC: 4.211 cumulative IPC: 4.211 (Simulation time: 01 hr 30 min 33 sec)
Heartbeat CPU 2 instructions: 70000018 cycles: 19810866 heartbeat IPC: 2.068 cumulative IPC: 1.788 (Simulation time: 01 hr 31 min 13 sec)
Heartbeat CPU 3 instructions: 70000018 cycles: 20107202 heartbeat IPC: 1.881 cumulative IPC: 1.433 (Simulation time: 01 hr 32 min 26 sec)
Heartbeat CPU 12 instructions: 80000027 cycles: 20655914 heartbeat IPC: 3.147 cumulative IPC: 3.264 (Simulation time: 01 hr 34 min 43 sec)
Heartbeat CPU 8 instructions: 80000026 cycles: 20702023 heartbeat IPC: 3.418 cumulative IPC: 3.407 (Simulation time: 01 hr 34 min 54 sec)
Heartbeat CPU 14 instructions: 80000018 cycles: 20815842 heartbeat IPC: 3.357 cumulative IPC: 3.359 (Simulation time: 01 hr 35 min 22 sec)
Heartbeat CPU 6 instructions: 90000024 cycles: 20926210 heartbeat IPC: 2.67 cumulative IPC: 2.67 (Simulation time: 01 hr 35 min 50 sec)
Heartbeat CPU 7 instructions: 70000016 cycles: 21446444 heartbeat IPC: 1.81 cumulative IPC: 1.811 (Simulation time: 01 hr 38 min 00 sec)
Heartbeat CPU 13 instructions: 100000034 cycles: 21484061 heartbeat IPC: 4.241 cumulative IPC: 4.243 (Simulation time: 01 hr 38 min 10 sec)
Heartbeat CPU 1 instructions: 100000023 cycles: 22042372 heartbeat IPC: 4.175 cumulative IPC: 4.197 (Simulation time: 01 hr 40 min 29 sec)
Heartbeat CPU 4 instructions: 60000008 cycles: 22076044 heartbeat IPC: 1.539 cumulative IPC: 1.539 (Simulation time: 01 hr 40 min 37 sec)
Heartbeat CPU 15 instructions: 80000021 cycles: 22702195 heartbeat IPC: 2.924 cumulative IPC: 2.785 (Simulation time: 01 hr 43 min 16 sec)
Heartbeat CPU 5 instructions: 70000020 cycles: 23349299 heartbeat IPC: 1.224 cumulative IPC: 1.079 (Simulation time: 01 hr 45 min 56 sec)
Heartbeat CPU 12 instructions: 90000029 cycles: 23495910 heartbeat IPC: 3.521 cumulative IPC: 3.356 (Simulation time: 01 hr 46 min 32 sec)
Heartbeat CPU 8 instructions: 90000028 cycles: 23629346 heartbeat IPC: 3.416 cumulative IPC: 3.41 (Simulation time: 01 hr 47 min 04 sec)
Heartbeat CPU 14 instructions: 90000022 cycles: 23805637 heartbeat IPC: 3.345 cumulative IPC: 3.354 (Simulation time: 01 hr 47 min 47 sec)
Heartbeat CPU 13 instructions: 110000034 cycles: 23840353 heartbeat IPC: 4.244 cumulative IPC: 4.243 (Simulation time: 01 hr 47 min 56 sec)
Heartbeat CPU 11 instructions: 80000016 cycles: 23912534 heartbeat IPC: 1.466 cumulative IPC: 1.467 (Simulation time: 01 hr 48 min 13 sec)
Heartbeat CPU 10 instructions: 70000015 cycles: 24325590 heartbeat IPC: 1.395 cumulative IPC: 1.398 (Simulation time: 01 hr 49 min 52 sec)
Heartbeat CPU 1 instructions: 110000024 cycles: 24432824 heartbeat IPC: 4.183 cumulative IPC: 4.194 (Simulation time: 01 hr 50 min 18 sec)
Heartbeat CPU 6 instructions: 100000024 cycles: 24672078 heartbeat IPC: 2.67 cumulative IPC: 2.67 (Simulation time: 01 hr 51 min 16 sec)
Heartbeat CPU 0 instructions: 80000020 cycles: 25149577 heartbeat IPC: 1.815 cumulative IPC: 1.817 (Simulation time: 01 hr 53 min 11 sec)
Heartbeat CPU 2 instructions: 80000018 cycles: 25357033 heartbeat IPC: 1.803 cumulative IPC: 1.797 (Simulation time: 01 hr 54 min 02 sec)
Heartbeat CPU 9 instructions: 70000019 cycles: 25684536 heartbeat IPC: 1.192 cumulative IPC: 1.42 (Simulation time: 01 hr 55 min 21 sec)
Heartbeat CPU 13 instructions: 120000039 cycles: 26197948 heartbeat IPC: 4.242 cumulative IPC: 4.243 (Simulation time: 01 hr 57 min 27 sec)
Heartbeat CPU 12 instructions: 100000032 cycles: 26408589 heartbeat IPC: 3.433 cumulative IPC: 3.377 (Simulation time: 01 hr 58 min 20 sec)
Heartbeat CPU 8 instructions: 100000031 cycles: 26558898 heartbeat IPC: 3.413 cumulative IPC: 3.411 (Simulation time: 01 hr 58 min 57 sec)
Heartbeat CPU 14 instructions: 100000025 cycles: 26804796 heartbeat IPC: 3.334 cumulative IPC: 3.348 (Simulation time: 01 hr 59 min 59 sec)
Heartbeat CPU 1 instructions: 120000029 cycles: 26816507 heartbeat IPC: 4.195 cumulative IPC: 4.194 (Simulation time: 02 hr 00 min 02 sec)
Heartbeat CPU 15 instructions: 90000026 cycles: 26864974 heartbeat IPC: 2.402 cumulative IPC: 2.644 (Simulation time: 02 hr 00 min 14 sec)
Heartbeat CPU 3 instructions: 80000020 cycles: 27039914 heartbeat IPC: 1.442 cumulative IPC: 1.439 (Simulation time: 02 hr 00 min 57 sec)
Heartbeat CPU 7 instructions: 80000017 cycles: 27067156 heartbeat IPC: 1.779 cumulative IPC: 1.796 (Simulation time: 02 hr 01 min 04 sec)
Heartbeat CPU 4 instructions: 70000008 cycles: 28323771 heartbeat IPC: 1.601 cumulative IPC: 1.569 (Simulation time: 02 hr 06 min 18 sec)
Heartbeat CPU 6 instructions: 110000024 cycles: 28418472 heartbeat IPC: 2.669 cumulative IPC: 2.67 (Simulation time: 02 hr 06 min 41 sec)
Heartbeat CPU 13 instructions: 130000041 cycles: 28553894 heartbeat IPC: 4.245 cumulative IPC: 4.243 (Simulation time: 02 hr 07 min 13 sec)
Heartbeat CPU 1 instructions: 130000032 cycles: 29203372 heartbeat IPC: 4.19 cumulative IPC: 4.193 (Simulation time: 02 hr 09 min 55 sec)
Heartbeat CPU 12 instructions: 110000034 cycles: 29290498 heartbeat IPC: 3.47 cumulative IPC: 3.397 (Simulation time: 02 hr 10 min 16 sec)
Heartbeat CPU 8 instructions: 110000034 cycles: 29483772 heartbeat IPC: 3.419 cumulative IPC: 3.413 (Simulation time: 02 hr 11 min 06 sec)
Heartbeat CPU 14 instructions: 110000026 cycles: 29783789 heartbeat IPC: 3.357 cumulative IPC: 3.35 (Simulation time: 02 hr 12 min 23 sec)
Heartbeat CPU 0 instructions: 90000025 cycles: 30600251 heartbeat IPC: 1.835 cumulative IPC: 1.823 (Simulation time: 02 hr 15 min 50 sec)
Heartbeat CPU 15 instructions: 100000030 cycles: 30634332 heartbeat IPC: 2.653 cumulative IPC: 2.646 (Simulation time: 02 hr 15 min 58 sec)
Heartbeat CPU 11 instructions: 90000021 cycles: 30745731 heartbeat IPC: 1.463 cumulative IPC: 1.466 (Simulation time: 02 hr 16 min 27 sec)
Heartbeat CPU 2 instructions: 90000022 cycles: 30881382 heartbeat IPC: 1.81 cumulative IPC: 1.802 (Simulation time: 02 hr 17 min 02 sec)
Heartbeat CPU 13 instructions: 140000043 cycles: 30909188 heartbeat IPC: 4.246 cumulative IPC: 4.244 (Simulation time: 02 hr 17 min 09 sec)
Heartbeat CPU 10 instructions: 80000018 cycles: 31278858 heartbeat IPC: 1.438 cumulative IPC: 1.416 (Simulation time: 02 hr 18 min 42 sec)
Heartbeat CPU 1 instructions: 140000037 cycles: 31604191 heartbeat IPC: 4.165 cumulative IPC: 4.189 (Simulation time: 02 hr 20 min 03 sec)
Heartbeat CPU 6 instructions: 120000024 cycles: 32165368 heartbeat IPC: 2.669 cumulative IPC: 2.669 (Simulation time: 02 hr 22 min 22 sec)
Heartbeat CPU 12 instructions: 120000035 cycles: 32166850 heartbeat IPC: 3.477 cumulative IPC: 3.41 (Simulation time: 02 hr 22 min 22 sec)
Heartbeat CPU 5 instructions: 80000020 cycles: 32280037 heartbeat IPC: 1.12 cumulative IPC: 1.101 (Simulation time: 02 hr 22 min 51 sec)
Heartbeat CPU 8 instructions: 120000036 cycles: 32421693 heartbeat IPC: 3.404 cumulative IPC: 3.411 (Simulation time: 02 hr 23 min 26 sec)
Heartbeat CPU 7 instructions: 90000019 cycles: 32659356 heartbeat IPC: 1.788 cumulative IPC: 1.793 (Simulation time: 02 hr 24 min 27 sec)
Heartbeat CPU 14 instructions: 120000030 cycles: 32747082 heartbeat IPC: 3.375 cumulative IPC: 3.354 (Simulation time: 02 hr 24 min 50 sec)
Heartbeat CPU 13 instructions: 150000046 cycles: 33266187 heartbeat IPC: 4.243 cumulative IPC: 4.243 (Simulation time: 02 hr 27 min 00 sec)
Heartbeat CPU 9 instructions: 80000024 cycles: 33902034 heartbeat IPC: 1.217 cumulative IPC: 1.329 (Simulation time: 02 hr 29 min 44 sec)
Heartbeat CPU 3 instructions: 90000023 cycles: 33983973 heartbeat IPC: 1.44 cumulative IPC: 1.439 (Simulation time: 02 hr 30 min 05 sec)
Heartbeat CPU 1 instructions: 150000039 cycles: 33999195 heartbeat IPC: 4.175 cumulative IPC: 4.187 (Simulation time: 02 hr 30 min 09 sec)
Heartbeat CPU 15 instructions: 110000034 cycles: 34573332 heartbeat IPC: 2.539 cumulative IPC: 2.624 (Simulation time: 02 hr 32 min 32 sec)
Heartbeat CPU 4 instructions: 80000008 cycles: 34763715 heartbeat IPC: 1.553 cumulative IPC: 1.564 (Simulation time: 02 hr 33 min 19 sec)
Heartbeat CPU 12 instructions: 130000035 cycles: 35006164 heartbeat IPC: 3.522 cumulative IPC: 3.427 (Simulation time: 02 hr 34 min 21 sec)
Heartbeat CPU 8 instructions: 130000038 cycles: 35344854 heartbeat IPC: 3.421 cumulative IPC: 3.413 (Simulation time: 02 hr 35 min 45 sec)
Heartbeat CPU 13 instructions: 160000047 cycles: 35623476 heartbeat IPC: 4.242 cumulative IPC: 4.243 (Simulation time: 02 hr 36 min 54 sec)
Heartbeat CPU 14 instructions: 130000030 cycles: 35707402 heartbeat IPC: 3.378 cumulative IPC: 3.358 (Simulation time: 02 hr 37 min 15 sec)
Heartbeat CPU 6 instructions: 130000027 cycles: 35913069 heartbeat IPC: 2.668 cumulative IPC: 2.669 (Simulation time: 02 hr 38 min 05 sec)
Heartbeat CPU 0 instructions: 100000029 cycles: 36123788 heartbeat IPC: 1.81 cumulative IPC: 1.82 (Simulation time: 02 hr 39 min 00 sec)
Heartbeat CPU 1 instructions: 160000039 cycles: 36405675 heartbeat IPC: 4.155 cumulative IPC: 4.184 (Simulation time: 02 hr 40 min 12 sec)
Heartbeat CPU 2 instructions: 100000024 cycles: 36437959 heartbeat IPC: 1.8 cumulative IPC: 1.801 (Simulation time: 02 hr 40 min 20 sec)
Heartbeat CPU 11 instructions: 100000021 cycles: 37569677 heartbeat IPC: 1.465 cumulative IPC: 1.465 (Simulation time: 02 hr 45 min 00 sec)
Heartbeat CPU 12 instructions: 140000038 cycles: 37821919 heartbeat IPC: 3.551 cumulative IPC: 3.443 (Simulation time: 02 hr 46 min 02 sec)
Heartbeat CPU 13 instructions: 170000051 cycles: 37979597 heartbeat IPC: 4.244 cumulative IPC: 4.243 (Simulation time: 02 hr 46 min 41 sec)
Heartbeat CPU 7 instructions: 100000024 cycles: 38250482 heartbeat IPC: 1.789 cumulative IPC: 1.792 (Simulation time: 02 hr 47 min 48 sec)
Heartbeat CPU 8 instructions: 140000041 cycles: 38257104 heartbeat IPC: 3.434 cumulative IPC: 3.415 (Simulation time: 02 hr 47 min 50 sec)
Heartbeat CPU 10 instructions: 90000019 cycles: 38292616 heartbeat IPC: 1.426 cumulative IPC: 1.419 (Simulation time: 02 hr 47 min 59 sec)
Heartbeat CPU 15 instructions: 120000035 cycles: 38621424 heartbeat IPC: 2.47 cumulative IPC: 2.597 (Simulation time: 02 hr 49 min 20 sec)
Heartbeat CPU 14 instructions: 140000033 cycles: 38668698 heartbeat IPC: 3.377 cumulative IPC: 3.36 (Simulation time: 02 hr 49 min 31 sec)
Heartbeat CPU 1 instructions: 170000040 cycles: 38813713 heartbeat IPC: 4.153 cumulative IPC: 4.18 (Simulation time: 02 hr 50 min 07 sec)
Heartbeat CPU 6 instructions: 140000029 cycles: 39659482 heartbeat IPC: 2.669 cumulative IPC: 2.669 (Simulation time: 02 hr 53 min 34 sec)
Heartbeat CPU 5 instructions: 90000020 cycles: 40088352 heartbeat IPC: 1.281 cumulative IPC: 1.158 (Simulation time: 02 hr 55 min 21 sec)
Heartbeat CPU 13 instructions: 180000055 cycles: 40335331 heartbeat IPC: 4.245 cumulative IPC: 4.244 (Simulation time: 02 hr 56 min 22 sec)
Heartbeat CPU 12 instructions: 150000042 cycles: 40591077 heartbeat IPC: 3.611 cumulative IPC: 3.461 (Simulation time: 02 hr 57 min 26 sec)
Heartbeat CPU 3 instructions: 100000025 cycles: 40905081 heartbeat IPC: 1.445 cumulative IPC: 1.441 (Simulation time: 02 hr 58 min 44 sec)
Heartbeat CPU 4 instructions: 90000008 cycles: 41014651 heartbeat IPC: 1.6 cumulative IPC: 1.573 (Simulation time: 02 hr 59 min 11 sec)
Heartbeat CPU 8 instructions: 150000045 cycles: 41172154 heartbeat IPC: 3.43 cumulative IPC: 3.417 (Simulation time: 02 hr 59 min 49 sec)
Heartbeat CPU 1 instructions: 180000040 cycles: 41227543 heartbeat IPC: 4.143 cumulative IPC: 4.177 (Simulation time: 03 hr 00 min 03 sec)
Heartbeat CPU 0 instructions: 110000029 cycles: 41607438 heartbeat IPC: 1.824 cumulative IPC: 1.821 (Simulation time: 03 hr 01 min 35 sec)
Heartbeat CPU 14 instructions: 150000033 cycles: 41652579 heartbeat IPC: 3.351 cumulative IPC: 3.359 (Simulation time: 03 hr 01 min 46 sec)
Heartbeat CPU 2 instructions: 110000029 cycles: 41973975 heartbeat IPC: 1.806 cumulative IPC: 1.802 (Simulation time: 03 hr 03 min 05 sec)
Heartbeat CPU 13 instructions: 190000056 cycles: 42693208 heartbeat IPC: 4.241 cumulative IPC: 4.243 (Simulation time: 03 hr 06 min 02 sec)
Heartbeat CPU 15 instructions: 130000035 cycles: 42741571 heartbeat IPC: 2.427 cumulative IPC: 2.571 (Simulation time: 03 hr 06 min 14 sec)
Heartbeat CPU 6 instructions: 150000029 cycles: 43406753 heartbeat IPC: 2.669 cumulative IPC: 2.669 (Simulation time: 03 hr 08 min 57 sec)
Heartbeat CPU 12 instructions: 160000047 cycles: 43468773 heartbeat IPC: 3.475 cumulative IPC: 3.463 (Simulation time: 03 hr 09 min 12 sec)
Heartbeat CPU 7 instructions: 110000024 cycles: 43864173 heartbeat IPC: 1.781 cumulative IPC: 1.79 (Simulation time: 03 hr 10 min 50 sec)
Heartbeat CPU 1 instructions: 190000042 cycles: 43870635 heartbeat IPC: 3.783 cumulative IPC: 4.14 (Simulation time: 03 hr 10 min 51 sec)
Heartbeat CPU 8 instructions: 160000048 cycles: 44136442 heartbeat IPC: 3.373 cumulative IPC: 3.413 (Simulation time: 03 hr 11 min 56 sec)
Heartbeat CPU 11 instructions: 110000026 cycles: 44392022 heartbeat IPC: 1.466 cumulative IPC: 1.466 (Simulation time: 03 hr 12 min 58 sec)
Heartbeat CPU 14 instructions: 160000036 cycles: 44639841 heartbeat IPC: 3.348 cumulative IPC: 3.358 (Simulation time: 03 hr 13 min 59 sec)
Heartbeat CPU 9 instructions: 90000026 cycles: 44690267 heartbeat IPC: 0.9269 cumulative IPC: 1.18 (Simulation time: 03 hr 14 min 11 sec)
Heartbeat CPU 13 instructions: 200000060 cycles: 45048482 heartbeat IPC: 4.246 cumulative IPC: 4.244 (Simulation time: 03 hr 15 min 42 sec)
Heartbeat CPU 10 instructions: 100000024 cycles: 45073520 heartbeat IPC: 1.475 cumulative IPC: 1.432 (Simulation time: 03 hr 15 min 48 sec)
Heartbeat CPU 1 instructions: 200000044 cycles: 46266226 heartbeat IPC: 4.174 cumulative IPC: 4.143 (Simulation time: 03 hr 20 min 54 sec)
Heartbeat CPU 12 instructions: 170000051 cycles: 46373170 heartbeat IPC: 3.443 cumulative IPC: 3.461 (Simulation time: 03 hr 21 min 21 sec)
Heartbeat CPU 15 instructions: 140000040 cycles: 46893134 heartbeat IPC: 2.409 cumulative IPC: 2.55 (Simulation time: 03 hr 23 min 33 sec)
Heartbeat CPU 8 instructions: 170000050 cycles: 47095682 heartbeat IPC: 3.379 cumulative IPC: 3.409 (Simulation time: 03 hr 24 min 24 sec)
Heartbeat CPU 6 instructions: 160000029 cycles: 47153483 heartbeat IPC: 2.669 cumulative IPC: 2.669 (Simulation time: 03 hr 24 min 39 sec)
Heartbeat CPU 4 instructions: 100000010 cycles: 47257862 heartbeat IPC: 1.602 cumulative IPC: 1.578 (Simulation time: 03 hr 25 min 05 sec)
Heartbeat CPU 5 instructions: 100000021 cycles: 47314979 heartbeat IPC: 1.384 cumulative IPC: 1.21 (Simulation time: 03 hr 25 min 20 sec)
Heartbeat CPU 13 instructions: 210000063 cycles: 47406321 heartbeat IPC: 4.241 cumulative IPC: 4.243 (Simulation time: 03 hr 25 min 43 sec)
Heartbeat CPU 2 instructions: 120000030 cycles: 47454752 heartbeat IPC: 1.825 cumulative IPC: 1.806 (Simulation time: 03 hr 25 min 56 sec)
Heartbeat CPU 14 instructions: 170000036 cycles: 47642610 heartbeat IPC: 3.33 cumulative IPC: 3.355 (Simulation time: 03 hr 26 min 45 sec)
Heartbeat CPU 3 instructions: 110000026 cycles: 47849044 heartbeat IPC: 1.44 cumulative IPC: 1.441 (Simulation time: 03 hr 27 min 38 sec)
Heartbeat CPU 1 instructions: 210000046 cycles: 48657449 heartbeat IPC: 4.182 cumulative IPC: 4.146 (Simulation time: 03 hr 31 min 06 sec)
Heartbeat CPU 12 instructions: 180000051 cycles: 49163076 heartbeat IPC: 3.584 cumulative IPC: 3.471 (Simulation time: 03 hr 33 min 18 sec)
Heartbeat CPU 9 instructions: 100000027 cycles: 49317064 heartbeat IPC: 2.161 cumulative IPC: 1.314 (Simulation time: 03 hr 33 min 59 sec)
Heartbeat CPU 7 instructions: 120000024 cycles: 49455097 heartbeat IPC: 1.789 cumulative IPC: 1.79 (Simulation time: 03 hr 34 min 36 sec)
Heartbeat CPU 0 instructions: 120000029 cycles: 49592805 heartbeat IPC: 1.252 cumulative IPC: 1.687 (Simulation time: 03 hr 35 min 12 sec)
Heartbeat CPU 13 instructions: 220000063 cycles: 49763611 heartbeat IPC: 4.242 cumulative IPC: 4.243 (Simulation time: 03 hr 35 min 56 sec)
Heartbeat CPU 8 instructions: 180000052 cycles: 50070919 heartbeat IPC: 3.361 cumulative IPC: 3.405 (Simulation time: 03 hr 37 min 15 sec)
Heartbeat CPU 15 instructions: 150000040 cycles: 50324516 heartbeat IPC: 2.914 cumulative IPC: 2.586 (Simulation time: 03 hr 38 min 20 sec)
Heartbeat CPU 14 instructions: 180000040 cycles: 50627635 heartbeat IPC: 3.35 cumulative IPC: 3.355 (Simulation time: 03 hr 39 min 39 sec)
Heartbeat CPU 6 instructions: 170000033 cycles: 50900076 heartbeat IPC: 2.669 cumulative IPC: 2.669 (Simulation time: 03 hr 40 min 51 sec)
Heartbeat CPU 1 instructions: 220000048 cycles: 51056482 heartbeat IPC: 4.168 cumulative IPC: 4.147 (Simulation time: 03 hr 41 min 31 sec)
Heartbeat CPU 11 instructions: 120000031 cycles: 51216335 heartbeat IPC: 1.465 cumulative IPC: 1.466 (Simulation time: 03 hr 42 min 13 sec)
Heartbeat CPU 10 instructions: 110000026 cycles: 51908904 heartbeat IPC: 1.463 cumulative IPC: 1.438 (Simulation time: 03 hr 45 min 13 sec)
Heartbeat CPU 12 instructions: 190000052 cycles: 52046455 heartbeat IPC: 3.468 cumulative IPC: 3.471 (Simulation time: 03 hr 45 min 49 sec)
Heartbeat CPU 13 instructions: 230000063 cycles: 52121763 heartbeat IPC: 4.241 cumulative IPC: 4.243 (Simulation time: 03 hr 46 min 10 sec)
Heartbeat CPU 2 instructions: 130000031 cycles: 52986376 heartbeat IPC: 1.808 cumulative IPC: 1.806 (Simulation time: 03 hr 49 min 52 sec)
Heartbeat CPU 8 instructions: 190000054 cycles: 53043122 heartbeat IPC: 3.365 cumulative IPC: 3.402 (Simulation time: 03 hr 50 min 07 sec)
Heartbeat CPU 4 instructions: 110000015 cycles: 53378895 heartbeat IPC: 1.634 cumulative IPC: 1.587 (Simulation time: 03 hr 51 min 35 sec)
Heartbeat CPU 1 instructions: 230000049 cycles: 53464266 heartbeat IPC: 4.153 cumulative IPC: 4.148 (Simulation time: 03 hr 51 min 58 sec)
Heartbeat CPU 14 instructions: 190000040 cycles: 53626754 heartbeat IPC: 3.334 cumulative IPC: 3.353 (Simulation time: 03 hr 52 min 41 sec)
Heartbeat CPU 9 instructions: 110000031 cycles: 53878058 heartbeat IPC: 2.193 cumulative IPC: 1.419 (Simulation time: 03 hr 53 min 47 sec)
Heartbeat CPU 5 instructions: 110000022 cycles: 54122281 heartbeat IPC: 1.469 cumulative IPC: 1.255 (Simulation time: 03 hr 54 min 51 sec)
Heartbeat CPU 13 instructions: 240000067 cycles: 54477531 heartbeat IPC: 4.245 cumulative IPC: 4.243 (Simulation time: 03 hr 56 min 26 sec)
Heartbeat CPU 15 instructions: 160000040 cycles: 54495936 heartbeat IPC: 2.397 cumulative IPC: 2.565 (Simulation time: 03 hr 56 min 31 sec)
Heartbeat CPU 6 instructions: 180000035 cycles: 54647420 heartbeat IPC: 2.669 cumulative IPC: 2.669 (Simulation time: 03 hr 57 min 11 sec)
Heartbeat CPU 7 instructions: 130000025 cycles: 55008374 heartbeat IPC: 1.801 cumulative IPC: 1.791 (Simulation time: 03 hr 58 min 47 sec)
Heartbeat CPU 12 instructions: 200000052 cycles: 55222784 heartbeat IPC: 3.148 cumulative IPC: 3.445 (Simulation time: 03 hr 59 min 42 sec)
Heartbeat CPU 0 instructions: 130000034 cycles: 55353445 heartbeat IPC: 1.736 cumulative IPC: 1.694 (Simulation time: 04 hr 00 min 17 sec)
Heartbeat CPU 8 instructions: 200000055 cycles: 56060205 heartbeat IPC: 3.314 cumulative IPC: 3.396 (Simulation time: 04 hr 03 min 22 sec)
Heartbeat CPU 1 instructions: 240000049 cycles: 56155492 heartbeat IPC: 3.716 cumulative IPC: 4.119 (Simulation time: 04 hr 03 min 48 sec)
Heartbeat CPU 14 instructions: 200000044 cycles: 56630217 heartbeat IPC: 3.329 cumulative IPC: 3.352 (Simulation time: 04 hr 05 min 55 sec)
Heartbeat CPU 13 instructions: 250000071 cycles: 56835582 heartbeat IPC: 4.241 cumulative IPC: 4.243 (Simulation time: 04 hr 06 min 49 sec)
Heartbeat CPU 11 instructions: 130000031 cycles: 58016967 heartbeat IPC: 1.47 cumulative IPC: 1.466 (Simulation time: 04 hr 11 min 57 sec)
Heartbeat CPU 15 instructions: 170000040 cycles: 58118037 heartbeat IPC: 2.761 cumulative IPC: 2.582 (Simulation time: 04 hr 12 min 24 sec)
Heartbeat CPU 3 instructions: 120000027 cycles: 58264950 heartbeat IPC: 0.9601 cumulative IPC: 1.323 (Simulation time: 04 hr 13 min 02 sec)
Heartbeat CPU 6 instructions: 190000035 cycles: 58394467 heartbeat IPC: 2.669 cumulative IPC: 2.669 (Simulation time: 04 hr 13 min 36 sec)
Heartbeat CPU 2 instructions: 140000031 cycles: 58505918 heartbeat IPC: 1.812 cumulative IPC: 1.807 (Simulation time: 04 hr 14 min 05 sec)
Heartbeat CPU 1 instructions: 250000051 cycles: 58584529 heartbeat IPC: 4.117 cumulative IPC: 4.119 (Simulation time: 04 hr 14 min 25 sec)
Heartbeat CPU 9 instructions: 120000035 cycles: 58613731 heartbeat IPC: 2.112 cumulative IPC: 1.495 (Simulation time: 04 hr 14 min 33 sec)
Heartbeat CPU 12 instructions: 210000054 cycles: 58767863 heartbeat IPC: 2.821 cumulative IPC: 3.394 (Simulation time: 04 hr 15 min 13 sec)
Heartbeat CPU 10 instructions: 120000026 cycles: 58942707 heartbeat IPC: 1.422 cumulative IPC: 1.435 (Simulation time: 04 hr 15 min 58 sec)
Heartbeat CPU 8 instructions: 210000055 cycles: 59056443 heartbeat IPC: 3.338 cumulative IPC: 3.392 (Simulation time: 04 hr 16 min 28 sec)
Heartbeat CPU 13 instructions: 260000072 cycles: 59191917 heartbeat IPC: 4.244 cumulative IPC: 4.243 (Simulation time: 04 hr 17 min 03 sec)
Heartbeat CPU 4 instructions: 120000016 cycles: 59421936 heartbeat IPC: 1.655 cumulative IPC: 1.597 (Simulation time: 04 hr 18 min 02 sec)
Heartbeat CPU 14 instructions: 210000045 cycles: 59621519 heartbeat IPC: 3.343 cumulative IPC: 3.351 (Simulation time: 04 hr 18 min 54 sec)
Heartbeat CPU 5 instructions: 120000022 cycles: 60190680 heartbeat IPC: 1.648 cumulative IPC: 1.309 (Simulation time: 04 hr 21 min 22 sec)
Heartbeat CPU 7 instructions: 140000028 cycles: 60620882 heartbeat IPC: 1.782 cumulative IPC: 1.79 (Simulation time: 04 hr 23 min 12 sec)
Heartbeat CPU 0 instructions: 140000034 cycles: 60959860 heartbeat IPC: 1.784 cumulative IPC: 1.705 (Simulation time: 04 hr 24 min 38 sec)
Heartbeat CPU 1 instructions: 260000051 cycles: 61024727 heartbeat IPC: 4.098 cumulative IPC: 4.118 (Simulation time: 04 hr 24 min 54 sec)
Heartbeat CPU 13 instructions: 270000076 cycles: 61548924 heartbeat IPC: 4.243 cumulative IPC: 4.243 (Simulation time: 04 hr 27 min 08 sec)
Heartbeat CPU 8 instructions: 220000055 cycles: 62059996 heartbeat IPC: 3.329 cumulative IPC: 3.388 (Simulation time: 04 hr 29 min 19 sec)
Heartbeat CPU 6 instructions: 200000040 cycles: 62139314 heartbeat IPC: 2.67 cumulative IPC: 2.669 (Simulation time: 04 hr 29 min 39 sec)
Heartbeat CPU 12 instructions: 220000058 cycles: 62144900 heartbeat IPC: 2.961 cumulative IPC: 3.362 (Simulation time: 04 hr 29 min 40 sec)
Heartbeat CPU 15 instructions: 180000042 cycles: 62205443 heartbeat IPC: 2.447 cumulative IPC: 2.57 (Simulation time: 04 hr 29 min 56 sec)
Heartbeat CPU 14 instructions: 220000049 cycles: 62620738 heartbeat IPC: 3.334 cumulative IPC: 3.35 (Simulation time: 04 hr 31 min 43 sec)
Simulation finished CPU 13 instructions: 200000004 cycles: 47135359 cumulative IPC: 4.243 (Simulation time: 04 hr 32 min 08 sec)
Heartbeat CPU 9 instructions: 130000036 cycles: 63214305 heartbeat IPC: 2.174 cumulative IPC: 1.561 (Simulation time: 04 hr 34 min 15 sec)
Heartbeat CPU 1 instructions: 270000054 cycles: 63488433 heartbeat IPC: 4.059 cumulative IPC: 4.115 (Simulation time: 04 hr 35 min 23 sec)
Heartbeat CPU 13 instructions: 280000078 cycles: 63904060 heartbeat IPC: 4.246 cumulative IPC: 4.243 (Simulation time: 04 hr 37 min 07 sec)
Heartbeat CPU 2 instructions: 150000031 cycles: 64027457 heartbeat IPC: 1.811 cumulative IPC: 1.807 (Simulation time: 04 hr 37 min 38 sec)
Simulation finished CPU 1 instructions: 200000000 cycles: 48612846 cumulative IPC: 4.114 (Simulation time: 04 hr 38 min 20 sec)
Heartbeat CPU 11 instructions: 140000033 cycles: 64809394 heartbeat IPC: 1.472 cumulative IPC: 1.467 (Simulation time: 04 hr 40 min 55 sec)
Heartbeat CPU 8 instructions: 230000056 cycles: 65047572 heartbeat IPC: 3.347 cumulative IPC: 3.385 (Simulation time: 04 hr 41 min 56 sec)
Heartbeat CPU 3 instructions: 130000032 cycles: 65190354 heartbeat IPC: 1.444 cumulative IPC: 1.34 (Simulation time: 04 hr 42 min 32 sec)
Heartbeat CPU 12 instructions: 230000063 cycles: 65372300 heartbeat IPC: 3.098 cumulative IPC: 3.345 (Simulation time: 04 hr 43 min 18 sec)
Heartbeat CPU 14 instructions: 230000050 cycles: 65611697 heartbeat IPC: 3.343 cumulative IPC: 3.35 (Simulation time: 04 hr 44 min 19 sec)
Heartbeat CPU 4 instructions: 130000020 cycles: 65847968 heartbeat IPC: 1.556 cumulative IPC: 1.591 (Simulation time: 04 hr 45 min 20 sec)
Heartbeat CPU 6 instructions: 210000044 cycles: 65885942 heartbeat IPC: 2.669 cumulative IPC: 2.669 (Simulation time: 04 hr 45 min 30 sec)
Heartbeat CPU 1 instructions: 280000054 cycles: 65935815 heartbeat IPC: 4.086 cumulative IPC: 4.113 (Simulation time: 04 hr 45 min 43 sec)
Heartbeat CPU 15 instructions: 190000046 cycles: 65973449 heartbeat IPC: 2.654 cumulative IPC: 2.576 (Simulation time: 04 hr 45 min 52 sec)
Heartbeat CPU 10 instructions: 130000026 cycles: 66151214 heartbeat IPC: 1.387 cumulative IPC: 1.428 (Simulation time: 04 hr 46 min 38 sec)
Heartbeat CPU 7 instructions: 150000032 cycles: 66219311 heartbeat IPC: 1.786 cumulative IPC: 1.79 (Simulation time: 04 hr 46 min 55 sec)
Heartbeat CPU 13 instructions: 290000082 cycles: 66262528 heartbeat IPC: 4.24 cumulative IPC: 4.243 (Simulation time: 04 hr 47 min 06 sec)
Heartbeat CPU 0 instructions: 150000035 cycles: 66496221 heartbeat IPC: 1.806 cumulative IPC: 1.716 (Simulation time: 04 hr 48 min 04 sec)
Heartbeat CPU 8 instructions: 240000060 cycles: 68035943 heartbeat IPC: 3.346 cumulative IPC: 3.383 (Simulation time: 04 hr 54 min 34 sec)
Heartbeat CPU 12 instructions: 240000063 cycles: 68227793 heartbeat IPC: 3.502 cumulative IPC: 3.354 (Simulation time: 04 hr 55 min 22 sec)
Heartbeat CPU 1 instructions: 290000054 cycles: 68449675 heartbeat IPC: 3.978 cumulative IPC: 4.107 (Simulation time: 04 hr 56 min 16 sec)
Heartbeat CPU 14 instructions: 240000053 cycles: 68614000 heartbeat IPC: 3.331 cumulative IPC: 3.349 (Simulation time: 04 hr 56 min 57 sec)
Heartbeat CPU 13 instructions: 300000083 cycles: 68618833 heartbeat IPC: 4.244 cumulative IPC: 4.243 (Simulation time: 04 hr 56 min 58 sec)
Heartbeat CPU 5 instructions: 130000026 cycles: 69224408 heartbeat IPC: 1.107 cumulative IPC: 1.275 (Simulation time: 04 hr 59 min 28 sec)
Heartbeat CPU 2 instructions: 160000033 cycles: 69490129 heartbeat IPC: 1.831 cumulative IPC: 1.81 (Simulation time: 05 hr 00 min 35 sec)
Heartbeat CPU 6 instructions: 220000048 cycles: 69631132 heartbeat IPC: 2.67 cumulative IPC: 2.669 (Simulation time: 05 hr 01 min 09 sec)
Heartbeat CPU 15 instructions: 200000046 cycles: 69695997 heartbeat IPC: 2.686 cumulative IPC: 2.584 (Simulation time: 05 hr 01 min 26 sec)
Heartbeat CPU 1 instructions: 300000059 cycles: 70964594 heartbeat IPC: 3.976 cumulative IPC: 4.101 (Simulation time: 05 hr 06 min 45 sec)
Heartbeat CPU 13 instructions: 310000087 cycles: 70974391 heartbeat IPC: 4.245 cumulative IPC: 4.243 (Simulation time: 05 hr 06 min 47 sec)
Heartbeat CPU 8 instructions: 250000063 cycles: 71040880 heartbeat IPC: 3.328 cumulative IPC: 3.38 (Simulation time: 05 hr 07 min 04 sec)
Heartbeat CPU 12 instructions: 250000065 cycles: 71149229 heartbeat IPC: 3.423 cumulative IPC: 3.357 (Simulation time: 05 hr 07 min 30 sec)
Heartbeat CPU 11 instructions: 150000035 cycles: 71608068 heartbeat IPC: 1.471 cumulative IPC: 1.468 (Simulation time: 05 hr 09 min 24 sec)
Heartbeat CPU 14 instructions: 250000058 cycles: 71613999 heartbeat IPC: 3.333 cumulative IPC: 3.348 (Simulation time: 05 hr 09 min 26 sec)
Heartbeat CPU 7 instructions: 160000035 cycles: 71829846 heartbeat IPC: 1.782 cumulative IPC: 1.789 (Simulation time: 05 hr 10 min 21 sec)
Heartbeat CPU 0 instructions: 160000037 cycles: 72018284 heartbeat IPC: 1.811 cumulative IPC: 1.726 (Simulation time: 05 hr 11 min 07 sec)
Heartbeat CPU 4 instructions: 140000022 cycles: 72082907 heartbeat IPC: 1.604 cumulative IPC: 1.593 (Simulation time: 05 hr 11 min 23 sec)
Heartbeat CPU 3 instructions: 140000032 cycles: 72143002 heartbeat IPC: 1.438 cumulative IPC: 1.352 (Simulation time: 05 hr 11 min 38 sec)
Heartbeat CPU 10 instructions: 140000031 cycles: 73247946 heartbeat IPC: 1.409 cumulative IPC: 1.426 (Simulation time: 05 hr 16 min 18 sec)
Heartbeat CPU 13 instructions: 320000088 cycles: 73331496 heartbeat IPC: 4.242 cumulative IPC: 4.243 (Simulation time: 05 hr 16 min 40 sec)
Heartbeat CPU 6 instructions: 230000048 cycles: 73376462 heartbeat IPC: 2.67 cumulative IPC: 2.669 (Simulation time: 05 hr 16 min 51 sec)
Heartbeat CPU 15 instructions: 210000047 cycles: 73400610 heartbeat IPC: 2.699 cumulative IPC: 2.591 (Simulation time: 05 hr 16 min 57 sec)
Heartbeat CPU 1 instructions: 310000060 cycles: 73484485 heartbeat IPC: 3.968 cumulative IPC: 4.095 (Simulation time: 05 hr 17 min 19 sec)
Heartbeat CPU 9 instructions: 140000036 cycles: 73508554 heartbeat IPC: 0.9714 cumulative IPC: 1.456 (Simulation time: 05 hr 17 min 25 sec)
Heartbeat CPU 8 instructions: 260000066 cycles: 73994030 heartbeat IPC: 3.386 cumulative IPC: 3.38 (Simulation time: 05 hr 19 min 28 sec)
Heartbeat CPU 12 instructions: 260000066 cycles: 74020574 heartbeat IPC: 3.483 cumulative IPC: 3.364 (Simulation time: 05 hr 19 min 35 sec)
Heartbeat CPU 14 instructions: 260000060 cycles: 74607605 heartbeat IPC: 3.34 cumulative IPC: 3.347 (Simulation time: 05 hr 22 min 06 sec)
Simulation finished CPU 8 instructions: 200000001 cycles: 59159722 cumulative IPC: 3.381 (Simulation time: 05 hr 22 min 39 sec)
Simulation finished CPU 12 instructions: 200000005 cycles: 59425673 cumulative IPC: 3.366 (Simulation time: 05 hr 23 min 46 sec)
Heartbeat CPU 2 instructions: 170000038 cycles: 75007268 heartbeat IPC: 1.813 cumulative IPC: 1.81 (Simulation time: 05 hr 23 min 47 sec)
Simulation finished CPU 14 instructions: 200000004 cycles: 59756935 cumulative IPC: 3.347 (Simulation time: 05 hr 25 min 10 sec)
Heartbeat CPU 13 instructions: 330000090 cycles: 75690436 heartbeat IPC: 4.239 cumulative IPC: 4.243 (Simulation time: 05 hr 26 min 40 sec)
Heartbeat CPU 1 instructions: 320000064 cycles: 76027812 heartbeat IPC: 3.932 cumulative IPC: 4.088 (Simulation time: 05 hr 28 min 05 sec)
Heartbeat CPU 12 instructions: 270000068 cycles: 76847299 heartbeat IPC: 3.538 cumulative IPC: 3.372 (Simulation time: 05 hr 31 min 30 sec)
Heartbeat CPU 8 instructions: 270000066 cycles: 76950910 heartbeat IPC: 3.382 cumulative IPC: 3.38 (Simulation time: 05 hr 31 min 56 sec)
Heartbeat CPU 6 instructions: 240000049 cycles: 77122128 heartbeat IPC: 2.67 cumulative IPC: 2.669 (Simulation time: 05 hr 32 min 39 sec)
Heartbeat CPU 5 instructions: 140000026 cycles: 77124696 heartbeat IPC: 1.266 cumulative IPC: 1.274 (Simulation time: 05 hr 32 min 40 sec)
Heartbeat CPU 15 instructions: 220000048 cycles: 77137384 heartbeat IPC: 2.676 cumulative IPC: 2.597 (Simulation time: 05 hr 32 min 43 sec)
Heartbeat CPU 7 instructions: 170000038 cycles: 77471734 heartbeat IPC: 1.772 cumulative IPC: 1.787 (Simulation time: 05 hr 34 min 07 sec)
Heartbeat CPU 0 instructions: 170000037 cycles: 77541153 heartbeat IPC: 1.811 cumulative IPC: 1.733 (Simulation time: 05 hr 34 min 24 sec)
Heartbeat CPU 14 instructions: 270000060 cycles: 77608721 heartbeat IPC: 3.332 cumulative IPC: 3.347 (Simulation time: 05 hr 34 min 41 sec)
Heartbeat CPU 13 instructions: 340000095 cycles: 78047116 heartbeat IPC: 4.243 cumulative IPC: 4.243 (Simulation time: 05 hr 36 min 32 sec)
Heartbeat CPU 4 instructions: 150000026 cycles: 78226002 heartbeat IPC: 1.628 cumulative IPC: 1.596 (Simulation time: 05 hr 37 min 17 sec)
Heartbeat CPU 11 instructions: 160000036 cycles: 78409477 heartbeat IPC: 1.47 cumulative IPC: 1.468 (Simulation time: 05 hr 38 min 02 sec)
Heartbeat CPU 1 instructions: 330000064 cycles: 78584075 heartbeat IPC: 3.912 cumulative IPC: 4.081 (Simulation time: 05 hr 38 min 45 sec)
Heartbeat CPU 3 instructions: 150000032 cycles: 79068015 heartbeat IPC: 1.444 cumulative IPC: 1.362 (Simulation time: 05 hr 40 min 47 sec)
Heartbeat CPU 12 instructions: 280000071 cycles: 79713610 heartbeat IPC: 3.489 cumulative IPC: 3.377 (Simulation time: 05 hr 43 min 29 sec)
Heartbeat CPU 8 instructions: 280000066 cycles: 79926003 heartbeat IPC: 3.361 cumulative IPC: 3.379 (Simulation time: 05 hr 44 min 21 sec)
Heartbeat CPU 13 instructions: 350000100 cycles: 80403883 heartbeat IPC: 4.243 cumulative IPC: 4.243 (Simulation time: 05 hr 46 min 19 sec)
Heartbeat CPU 2 instructions: 180000042 cycles: 80498584 heartbeat IPC: 1.821 cumulative IPC: 1.811 (Simulation time: 05 hr 46 min 43 sec)
Heartbeat CPU 14 instructions: 280000061 cycles: 80611117 heartbeat IPC: 3.331 cumulative IPC: 3.346 (Simulation time: 05 hr 47 min 11 sec)
Heartbeat CPU 10 instructions: 150000036 cycles: 80621726 heartbeat IPC: 1.356 cumulative IPC: 1.418 (Simulation time: 05 hr 47 min 14 sec)
Heartbeat CPU 6 instructions: 250000052 cycles: 80868116 heartbeat IPC: 2.67 cumulative IPC: 2.669 (Simulation time: 05 hr 48 min 15 sec)
Heartbeat CPU 15 instructions: 230000052 cycles: 80984472 heartbeat IPC: 2.599 cumulative IPC: 2.597 (Simulation time: 05 hr 48 min 44 sec)
Heartbeat CPU 1 instructions: 340000065 cycles: 81137017 heartbeat IPC: 3.917 cumulative IPC: 4.075 (Simulation time: 05 hr 49 min 22 sec)
Heartbeat CPU 9 instructions: 150000036 cycles: 81657569 heartbeat IPC: 1.227 cumulative IPC: 1.428 (Simulation time: 05 hr 51 min 33 sec)
Heartbeat CPU 12 instructions: 290000075 cycles: 82525342 heartbeat IPC: 3.557 cumulative IPC: 3.384 (Simulation time: 05 hr 55 min 09 sec)
Heartbeat CPU 13 instructions: 360000102 cycles: 82763051 heartbeat IPC: 4.239 cumulative IPC: 4.243 (Simulation time: 05 hr 56 min 09 sec)
Heartbeat CPU 8 instructions: 290000066 cycles: 82886288 heartbeat IPC: 3.378 cumulative IPC: 3.379 (Simulation time: 05 hr 56 min 40 sec)
Heartbeat CPU 7 instructions: 180000039 cycles: 83066246 heartbeat IPC: 1.787 cumulative IPC: 1.787 (Simulation time: 05 hr 57 min 25 sec)
Heartbeat CPU 0 instructions: 180000041 cycles: 83086075 heartbeat IPC: 1.803 cumulative IPC: 1.739 (Simulation time: 05 hr 57 min 30 sec)
Heartbeat CPU 14 instructions: 290000063 cycles: 83604461 heartbeat IPC: 3.341 cumulative IPC: 3.346 (Simulation time: 05 hr 59 min 39 sec)
Heartbeat CPU 1 instructions: 350000069 cycles: 83666167 heartbeat IPC: 3.954 cumulative IPC: 4.07 (Simulation time: 05 hr 59 min 55 sec)
Heartbeat CPU 5 instructions: 150000029 cycles: 84337828 heartbeat IPC: 1.386 cumulative IPC: 1.285 (Simulation time: 06 hr 02 min 42 sec)
Heartbeat CPU 4 instructions: 160000027 cycles: 84510658 heartbeat IPC: 1.591 cumulative IPC: 1.596 (Simulation time: 06 hr 03 min 26 sec)
Heartbeat CPU 6 instructions: 260000053 cycles: 84613400 heartbeat IPC: 2.67 cumulative IPC: 2.669 (Simulation time: 06 hr 03 min 51 sec)
Heartbeat CPU 15 instructions: 240000053 cycles: 84778337 heartbeat IPC: 2.636 cumulative IPC: 2.599 (Simulation time: 06 hr 04 min 32 sec)
Heartbeat CPU 13 instructions: 370000102 cycles: 85119668 heartbeat IPC: 4.243 cumulative IPC: 4.243 (Simulation time: 06 hr 05 min 58 sec)
Heartbeat CPU 11 instructions: 170000037 cycles: 85225505 heartbeat IPC: 1.467 cumulative IPC: 1.468 (Simulation time: 06 hr 06 min 24 sec)
Heartbeat CPU 12 instructions: 300000075 cycles: 85381972 heartbeat IPC: 3.501 cumulative IPC: 3.389 (Simulation time: 06 hr 07 min 03 sec)
Heartbeat CPU 8 instructions: 300000067 cycles: 85867740 heartbeat IPC: 3.354 cumulative IPC: 3.378 (Simulation time: 06 hr 09 min 04 sec)
Heartbeat CPU 2 instructions: 190000044 cycles: 85980725 heartbeat IPC: 1.824 cumulative IPC: 1.812 (Simulation time: 06 hr 09 min 32 sec)
Heartbeat CPU 3 instructions: 160000036 cycles: 86007119 heartbeat IPC: 1.441 cumulative IPC: 1.37 (Simulation time: 06 hr 09 min 39 sec)
Heartbeat CPU 1 instructions: 360000071 cycles: 86210737 heartbeat IPC: 3.93 cumulative IPC: 4.065 (Simulation time: 06 hr 10 min 30 sec)
Heartbeat CPU 14 instructions: 300000065 cycles: 86605252 heartbeat IPC: 3.332 cumulative IPC: 3.345 (Simulation time: 06 hr 12 min 09 sec)
Heartbeat CPU 13 instructions: 380000103 cycles: 87475975 heartbeat IPC: 4.244 cumulative IPC: 4.243 (Simulation time: 06 hr 15 min 56 sec)
Heartbeat CPU 10 instructions: 160000041 cycles: 87706729 heartbeat IPC: 1.411 cumulative IPC: 1.417 (Simulation time: 06 hr 16 min 56 sec)
Heartbeat CPU 12 instructions: 310000077 cycles: 88324839 heartbeat IPC: 3.398 cumulative IPC: 3.39 (Simulation time: 06 hr 19 min 34 sec)
Heartbeat CPU 6 instructions: 270000053 cycles: 88359502 heartbeat IPC: 2.669 cumulative IPC: 2.669 (Simulation time: 06 hr 19 min 43 sec)
Heartbeat CPU 15 instructions: 250000058 cycles: 88477548 heartbeat IPC: 2.703 cumulative IPC: 2.604 (Simulation time: 06 hr 20 min 13 sec)
Heartbeat CPU 0 instructions: 190000043 cycles: 88631504 heartbeat IPC: 1.803 cumulative IPC: 1.744 (Simulation time: 06 hr 20 min 54 sec)
Heartbeat CPU 7 instructions: 190000041 cycles: 88642356 heartbeat IPC: 1.793 cumulative IPC: 1.788 (Simulation time: 06 hr 20 min 57 sec)
Heartbeat CPU 1 instructions: 370000071 cycles: 88740114 heartbeat IPC: 3.954 cumulative IPC: 4.061 (Simulation time: 06 hr 21 min 22 sec)
Heartbeat CPU 8 instructions: 310000068 cycles: 88853509 heartbeat IPC: 3.349 cumulative IPC: 3.377 (Simulation time: 06 hr 21 min 52 sec)
Heartbeat CPU 9 instructions: 160000040 cycles: 89534039 heartbeat IPC: 1.27 cumulative IPC: 1.411 (Simulation time: 06 hr 24 min 50 sec)
Heartbeat CPU 14 instructions: 310000070 cycles: 89600089 heartbeat IPC: 3.339 cumulative IPC: 3.345 (Simulation time: 06 hr 25 min 07 sec)
Heartbeat CPU 13 instructions: 390000107 cycles: 89832219 heartbeat IPC: 4.244 cumulative IPC: 4.243 (Simulation time: 06 hr 26 min 09 sec)
Simulation finished CPU 6 instructions: 200000003 cycles: 74925209 cumulative IPC: 2.669 (Simulation time: 06 hr 29 min 04 sec)
Heartbeat CPU 5 instructions: 160000029 cycles: 90781667 heartbeat IPC: 1.552 cumulative IPC: 1.308 (Simulation time: 06 hr 30 min 17 sec)
Heartbeat CPU 4 instructions: 170000030 cycles: 90829089 heartbeat IPC: 1.583 cumulative IPC: 1.595 (Simulation time: 06 hr 30 min 29 sec)
Heartbeat CPU 12 instructions: 320000080 cycles: 91161831 heartbeat IPC: 3.525 cumulative IPC: 3.395 (Simulation time: 06 hr 31 min 53 sec)
Heartbeat CPU 1 instructions: 380000076 cycles: 91253651 heartbeat IPC: 3.978 cumulative IPC: 4.059 (Simulation time: 06 hr 32 min 17 sec)
Heartbeat CPU 2 instructions: 200000047 cycles: 91486867 heartbeat IPC: 1.816 cumulative IPC: 1.812 (Simulation time: 06 hr 33 min 17 sec)
Heartbeat CPU 8 instructions: 320000071 cycles: 91843865 heartbeat IPC: 3.344 cumulative IPC: 3.376 (Simulation time: 06 hr 34 min 48 sec)
Heartbeat CPU 11 instructions: 180000037 cycles: 92027985 heartbeat IPC: 1.47 cumulative IPC: 1.468 (Simulation time: 06 hr 35 min 35 sec)
Heartbeat CPU 15 instructions: 260000058 cycles: 92086603 heartbeat IPC: 2.771 cumulative IPC: 2.612 (Simulation time: 06 hr 35 min 50 sec)
Heartbeat CPU 6 instructions: 280000053 cycles: 92105759 heartbeat IPC: 2.669 cumulative IPC: 2.669 (Simulation time: 06 hr 35 min 55 sec)
Simulation finished CPU 15 instructions: 200000001 cycles: 76586243 cumulative IPC: 2.611 (Simulation time: 06 hr 36 min 11 sec)
Heartbeat CPU 13 instructions: 400000108 cycles: 92189978 heartbeat IPC: 4.241 cumulative IPC: 4.243 (Simulation time: 06 hr 36 min 18 sec)
Heartbeat CPU 14 instructions: 320000070 cycles: 92607097 heartbeat IPC: 3.326 cumulative IPC: 3.344 (Simulation time: 06 hr 38 min 04 sec)
Heartbeat CPU 3 instructions: 170000039 cycles: 92942726 heartbeat IPC: 1.442 cumulative IPC: 1.376 (Simulation time: 06 hr 39 min 28 sec)
Heartbeat CPU 1 instructions: 390000076 cycles: 93779634 heartbeat IPC: 3.959 cumulative IPC: 4.055 (Simulation time: 06 hr 42 min 57 sec)
Heartbeat CPU 12 instructions: 330000081 cycles: 94016643 heartbeat IPC: 3.503 cumulative IPC: 3.399 (Simulation time: 06 hr 43 min 57 sec)
Heartbeat CPU 0 instructions: 200000044 cycles: 94186473 heartbeat IPC: 1.8 cumulative IPC: 1.748 (Simulation time: 06 hr 44 min 40 sec)
Heartbeat CPU 7 instructions: 200000041 cycles: 94294130 heartbeat IPC: 1.769 cumulative IPC: 1.787 (Simulation time: 06 hr 45 min 08 sec)
Heartbeat CPU 10 instructions: 170000045 cycles: 94385234 heartbeat IPC: 1.497 cumulative IPC: 1.424 (Simulation time: 06 hr 45 min 31 sec)
Heartbeat CPU 13 instructions: 410000109 cycles: 94545388 heartbeat IPC: 4.246 cumulative IPC: 4.243 (Simulation time: 06 hr 46 min 11 sec)
Heartbeat CPU 9 instructions: 170000041 cycles: 94765954 heartbeat IPC: 1.911 cumulative IPC: 1.444 (Simulation time: 06 hr 47 min 05 sec)
Heartbeat CPU 8 instructions: 330000073 cycles: 94803728 heartbeat IPC: 3.379 cumulative IPC: 3.376 (Simulation time: 06 hr 47 min 15 sec)
Heartbeat CPU 14 instructions: 330000070 cycles: 95595571 heartbeat IPC: 3.346 cumulative IPC: 3.344 (Simulation time: 06 hr 50 min 34 sec)
Heartbeat CPU 6 instructions: 290000058 cycles: 95851477 heartbeat IPC: 2.67 cumulative IPC: 2.669 (Simulation time: 06 hr 51 min 39 sec)
Heartbeat CPU 1 instructions: 400000078 cycles: 96313557 heartbeat IPC: 3.946 cumulative IPC: 4.052 (Simulation time: 06 hr 53 min 37 sec)
Heartbeat CPU 15 instructions: 270000058 cycles: 96514143 heartbeat IPC: 2.259 cumulative IPC: 2.593 (Simulation time: 06 hr 54 min 27 sec)
Heartbeat CPU 12 instructions: 340000084 cycles: 96778790 heartbeat IPC: 3.62 cumulative IPC: 3.406 (Simulation time: 06 hr 55 min 33 sec)
Heartbeat CPU 13 instructions: 420000109 cycles: 96902124 heartbeat IPC: 4.243 cumulative IPC: 4.243 (Simulation time: 06 hr 56 min 04 sec)
Heartbeat CPU 2 instructions: 210000049 cycles: 97022001 heartbeat IPC: 1.807 cumulative IPC: 1.812 (Simulation time: 06 hr 56 min 34 sec)
Heartbeat CPU 4 instructions: 180000032 cycles: 97094260 heartbeat IPC: 1.596 cumulative IPC: 1.595 (Simulation time: 06 hr 56 min 53 sec)
Heartbeat CPU 8 instructions: 340000078 cycles: 97760734 heartbeat IPC: 3.382 cumulative IPC: 3.376 (Simulation time: 06 hr 59 min 41 sec)
Heartbeat CPU 14 instructions: 340000071 cycles: 98579262 heartbeat IPC: 3.352 cumulative IPC: 3.344 (Simulation time: 07 hr 03 min 05 sec)
Heartbeat CPU 11 instructions: 190000038 cycles: 98835471 heartbeat IPC: 1.469 cumulative IPC: 1.468 (Simulation time: 07 hr 04 min 08 sec)
Heartbeat CPU 1 instructions: 410000079 cycles: 98849767 heartbeat IPC: 3.943 cumulative IPC: 4.049 (Simulation time: 07 hr 04 min 11 sec)
Heartbeat CPU 13 instructions: 430000112 cycles: 99259664 heartbeat IPC: 4.242 cumulative IPC: 4.243 (Simulation time: 07 hr 05 min 52 sec)
Heartbeat CPU 6 instructions: 300000059 cycles: 99596982 heartbeat IPC: 2.67 cumulative IPC: 2.669 (Simulation time: 07 hr 07 min 14 sec)
Heartbeat CPU 0 instructions: 210000044 cycles: 99679572 heartbeat IPC: 1.82 cumulative IPC: 1.753 (Simulation time: 07 hr 07 min 35 sec)
Heartbeat CPU 5 instructions: 170000030 cycles: 99718118 heartbeat IPC: 1.119 cumulative IPC: 1.288 (Simulation time: 07 hr 07 min 44 sec)
Heartbeat CPU 12 instructions: 350000085 cycles: 99839140 heartbeat IPC: 3.268 cumulative IPC: 3.401 (Simulation time: 07 hr 08 min 14 sec)
Heartbeat CPU 3 instructions: 180000041 cycles: 99868014 heartbeat IPC: 1.444 cumulative IPC: 1.382 (Simulation time: 07 hr 08 min 21 sec)
Heartbeat CPU 7 instructions: 210000044 cycles: 99911704 heartbeat IPC: 1.78 cumulative IPC: 1.786 (Simulation time: 07 hr 08 min 32 sec)
Heartbeat CPU 15 instructions: 280000058 cycles: 100370934 heartbeat IPC: 2.593 cumulative IPC: 2.593 (Simulation time: 07 hr 10 min 26 sec)
Heartbeat CPU 8 instructions: 350000080 cycles: 100734627 heartbeat IPC: 3.363 cumulative IPC: 3.376 (Simulation time: 07 hr 11 min 58 sec)
Heartbeat CPU 10 instructions: 180000050 cycles: 101179872 heartbeat IPC: 1.472 cumulative IPC: 1.428 (Simulation time: 07 hr 13 min 47 sec)
Heartbeat CPU 1 instructions: 420000080 cycles: 101375889 heartbeat IPC: 3.959 cumulative IPC: 4.046 (Simulation time: 07 hr 14 min 35 sec)
Heartbeat CPU 14 instructions: 350000072 cycles: 101545103 heartbeat IPC: 3.372 cumulative IPC: 3.345 (Simulation time: 07 hr 15 min 16 sec)
Heartbeat CPU 13 instructions: 440000116 cycles: 101616429 heartbeat IPC: 4.243 cumulative IPC: 4.243 (Simulation time: 07 hr 15 min 34 sec)
Heartbeat CPU 9 instructions: 180000043 cycles: 102010280 heartbeat IPC: 1.38 cumulative IPC: 1.439 (Simulation time: 07 hr 17 min 11 sec)
Heartbeat CPU 2 instructions: 220000049 cycles: 102530201 heartbeat IPC: 1.815 cumulative IPC: 1.812 (Simulation time: 07 hr 19 min 19 sec)
Heartbeat CPU 12 instructions: 360000089 cycles: 102613765 heartbeat IPC: 3.604 cumulative IPC: 3.408 (Simulation time: 07 hr 19 min 40 sec)
Heartbeat CPU 6 instructions: 310000060 cycles: 103342737 heartbeat IPC: 2.67 cumulative IPC: 2.669 (Simulation time: 07 hr 22 min 43 sec)
Heartbeat CPU 4 instructions: 190000037 cycles: 103597749 heartbeat IPC: 1.538 cumulative IPC: 1.591 (Simulation time: 07 hr 23 min 46 sec)
Heartbeat CPU 8 instructions: 360000085 cycles: 103672433 heartbeat IPC: 3.404 cumulative IPC: 3.377 (Simulation time: 07 hr 24 min 05 sec)
Heartbeat CPU 1 instructions: 430000082 cycles: 103932508 heartbeat IPC: 3.911 cumulative IPC: 4.042 (Simulation time: 07 hr 25 min 09 sec)
Heartbeat CPU 13 instructions: 450000117 cycles: 103973223 heartbeat IPC: 4.243 cumulative IPC: 4.243 (Simulation time: 07 hr 25 min 20 sec)
Heartbeat CPU 15 instructions: 290000061 cycles: 104322677 heartbeat IPC: 2.531 cumulative IPC: 2.59 (Simulation time: 07 hr 26 min 48 sec)
Heartbeat CPU 14 instructions: 360000077 cycles: 104511476 heartbeat IPC: 3.371 cumulative IPC: 3.346 (Simulation time: 07 hr 27 min 36 sec)
Heartbeat CPU 0 instructions: 220000045 cycles: 105190201 heartbeat IPC: 1.815 cumulative IPC: 1.756 (Simulation time: 07 hr 30 min 30 sec)
Heartbeat CPU 12 instructions: 370000094 cycles: 105379211 heartbeat IPC: 3.616 cumulative IPC: 3.414 (Simulation time: 07 hr 31 min 19 sec)
Heartbeat CPU 7 instructions: 220000048 cycles: 105537449 heartbeat IPC: 1.778 cumulative IPC: 1.786 (Simulation time: 07 hr 31 min 59 sec)
Heartbeat CPU 11 instructions: 200000041 cycles: 105634366 heartbeat IPC: 1.471 cumulative IPC: 1.468 (Simulation time: 07 hr 32 min 23 sec)
Heartbeat CPU 13 instructions: 460000118 cycles: 106330140 heartbeat IPC: 4.243 cumulative IPC: 4.243 (Simulation time: 07 hr 35 min 24 sec)
Heartbeat CPU 1 instructions: 440000087 cycles: 106607312 heartbeat IPC: 3.739 cumulative IPC: 4.033 (Simulation time: 07 hr 36 min 31 sec)
Heartbeat CPU 8 instructions: 370000090 cycles: 106656037 heartbeat IPC: 3.352 cumulative IPC: 3.376 (Simulation time: 07 hr 36 min 43 sec)
Heartbeat CPU 3 instructions: 190000041 cycles: 106821868 heartbeat IPC: 1.438 cumulative IPC: 1.386 (Simulation time: 07 hr 37 min 24 sec)
Heartbeat CPU 6 instructions: 320000060 cycles: 107089906 heartbeat IPC: 2.669 cumulative IPC: 2.669 (Simulation time: 07 hr 38 min 29 sec)
Heartbeat CPU 5 instructions: 180000030 cycles: 107314302 heartbeat IPC: 1.316 cumulative IPC: 1.291 (Simulation time: 07 hr 39 min 24 sec)
Heartbeat CPU 14 instructions: 370000081 cycles: 107479178 heartbeat IPC: 3.37 cumulative IPC: 3.347 (Simulation time: 07 hr 40 min 05 sec)
Heartbeat CPU 10 instructions: 190000052 cycles: 107741360 heartbeat IPC: 1.524 cumulative IPC: 1.435 (Simulation time: 07 hr 41 min 10 sec)
Heartbeat CPU 2 instructions: 230000051 cycles: 108042046 heartbeat IPC: 1.814 cumulative IPC: 1.812 (Simulation time: 07 hr 42 min 24 sec)
Heartbeat CPU 12 instructions: 380000099 cycles: 108198529 heartbeat IPC: 3.547 cumulative IPC: 3.418 (Simulation time: 07 hr 43 min 03 sec)
Heartbeat CPU 15 instructions: 300000062 cycles: 108433636 heartbeat IPC: 2.433 cumulative IPC: 2.583 (Simulation time: 07 hr 44 min 01 sec)
Heartbeat CPU 13 instructions: 470000118 cycles: 108687951 heartbeat IPC: 4.241 cumulative IPC: 4.243 (Simulation time: 07 hr 45 min 04 sec)
Heartbeat CPU 8 instructions: 380000091 cycles: 109641244 heartbeat IPC: 3.35 cumulative IPC: 3.375 (Simulation time: 07 hr 49 min 01 sec)
Heartbeat CPU 4 instructions: 200000038 cycles: 110101868 heartbeat IPC: 1.537 cumulative IPC: 1.587 (Simulation time: 07 hr 50 min 58 sec)
Heartbeat CPU 14 instructions: 380000083 cycles: 110462544 heartbeat IPC: 3.352 cumulative IPC: 3.347 (Simulation time: 07 hr 52 min 31 sec)
Heartbeat CPU 0 instructions: 230000050 cycles: 110669550 heartbeat IPC: 1.825 cumulative IPC: 1.76 (Simulation time: 07 hr 53 min 23 sec)
Heartbeat CPU 6 instructions: 330000060 cycles: 110838330 heartbeat IPC: 2.668 cumulative IPC: 2.669 (Simulation time: 07 hr 54 min 05 sec)
Heartbeat CPU 1 instructions: 450000091 cycles: 110864954 heartbeat IPC: 2.349 cumulative IPC: 3.958 (Simulation time: 07 hr 54 min 11 sec)
Heartbeat CPU 12 instructions: 390000102 cycles: 111023426 heartbeat IPC: 3.54 cumulative IPC: 3.422 (Simulation time: 07 hr 54 min 51 sec)
Heartbeat CPU 13 instructions: 480000119 cycles: 111044091 heartbeat IPC: 4.244 cumulative IPC: 4.243 (Simulation time: 07 hr 54 min 56 sec)
Heartbeat CPU 7 instructions: 230000051 cycles: 111182937 heartbeat IPC: 1.771 cumulative IPC: 1.785 (Simulation time: 07 hr 55 min 30 sec)
Heartbeat CPU 9 instructions: 190000044 cycles: 112070878 heartbeat IPC: 0.994 cumulative IPC: 1.392 (Simulation time: 07 hr 59 min 10 sec)
Heartbeat CPU 11 instructions: 210000044 cycles: 112433848 heartbeat IPC: 1.471 cumulative IPC: 1.468 (Simulation time: 08 hr 00 min 41 sec)
Heartbeat CPU 8 instructions: 390000096 cycles: 112701529 heartbeat IPC: 3.268 cumulative IPC: 3.372 (Simulation time: 08 hr 01 min 48 sec)
Heartbeat CPU 15 instructions: 310000063 cycles: 112732497 heartbeat IPC: 2.326 cumulative IPC: 2.572 (Simulation time: 08 hr 01 min 56 sec)
Heartbeat CPU 13 instructions: 490000120 cycles: 113399965 heartbeat IPC: 4.245 cumulative IPC: 4.243 (Simulation time: 08 hr 04 min 46 sec)
Heartbeat CPU 14 instructions: 390000084 cycles: 113471387 heartbeat IPC: 3.324 cumulative IPC: 3.346 (Simulation time: 08 hr 05 min 04 sec)
Heartbeat CPU 2 instructions: 240000053 cycles: 113519966 heartbeat IPC: 1.826 cumulative IPC: 1.813 (Simulation time: 08 hr 05 min 17 sec)
Heartbeat CPU 12 instructions: 400000106 cycles: 113809447 heartbeat IPC: 3.589 cumulative IPC: 3.426 (Simulation time: 08 hr 06 min 31 sec)
Heartbeat CPU 1 instructions: 460000094 cycles: 114280552 heartbeat IPC: 2.928 cumulative IPC: 3.922 (Simulation time: 08 hr 08 min 28 sec)
Heartbeat CPU 6 instructions: 340000060 cycles: 114586242 heartbeat IPC: 2.668 cumulative IPC: 2.669 (Simulation time: 08 hr 09 min 43 sec)
Heartbeat CPU 10 instructions: 200000053 cycles: 114635338 heartbeat IPC: 1.451 cumulative IPC: 1.436 (Simulation time: 08 hr 09 min 55 sec)
Heartbeat CPU 5 instructions: 190000032 cycles: 115522331 heartbeat IPC: 1.218 cumulative IPC: 1.285 (Simulation time: 08 hr 13 min 37 sec)
Heartbeat CPU 8 instructions: 400000098 cycles: 115719235 heartbeat IPC: 3.314 cumulative IPC: 3.37 (Simulation time: 08 hr 14 min 27 sec)
Heartbeat CPU 13 instructions: 500000120 cycles: 115756871 heartbeat IPC: 4.243 cumulative IPC: 4.243 (Simulation time: 08 hr 14 min 36 sec)
Heartbeat CPU 0 instructions: 240000052 cycles: 116155340 heartbeat IPC: 1.823 cumulative IPC: 1.764 (Simulation time: 08 hr 16 min 16 sec)
Heartbeat CPU 4 instructions: 210000039 cycles: 116271368 heartbeat IPC: 1.621 cumulative IPC: 1.589 (Simulation time: 08 hr 16 min 45 sec)
Heartbeat CPU 14 instructions: 400000086 cycles: 116454522 heartbeat IPC: 3.352 cumulative IPC: 3.347 (Simulation time: 08 hr 17 min 31 sec)
Heartbeat CPU 12 instructions: 410000106 cycles: 116533869 heartbeat IPC: 3.671 cumulative IPC: 3.433 (Simulation time: 08 hr 17 min 51 sec)
Heartbeat CPU 1 instructions: 470000098 cycles: 116623706 heartbeat IPC: 4.268 cumulative IPC: 3.93 (Simulation time: 08 hr 18 min 14 sec)
Heartbeat CPU 7 instructions: 240000052 cycles: 116787600 heartbeat IPC: 1.784 cumulative IPC: 1.785 (Simulation time: 08 hr 18 min 55 sec)
Heartbeat CPU 15 instructions: 320000068 cycles: 117032916 heartbeat IPC: 2.325 cumulative IPC: 2.561 (Simulation time: 08 hr 19 min 57 sec)
Heartbeat CPU 3 instructions: 200000041 cycles: 117139287 heartbeat IPC: 0.9692 cumulative IPC: 1.344 (Simulation time: 08 hr 20 min 24 sec)
Heartbeat CPU 13 instructions: 510000125 cycles: 118112843 heartbeat IPC: 4.245 cumulative IPC: 4.243 (Simulation time: 08 hr 24 min 32 sec)
Heartbeat CPU 6 instructions: 350000063 cycles: 118332399 heartbeat IPC: 2.669 cumulative IPC: 2.669 (Simulation time: 08 hr 25 min 28 sec)
Heartbeat CPU 8 instructions: 410000098 cycles: 118746559 heartbeat IPC: 3.303 cumulative IPC: 3.368 (Simulation time: 08 hr 27 min 10 sec)
Heartbeat CPU 2 instructions: 250000055 cycles: 118990477 heartbeat IPC: 1.828 cumulative IPC: 1.814 (Simulation time: 08 hr 28 min 10 sec)
Heartbeat CPU 11 instructions: 220000045 cycles: 119240546 heartbeat IPC: 1.469 cumulative IPC: 1.468 (Simulation time: 08 hr 29 min 13 sec)
Heartbeat CPU 1 instructions: 480000101 cycles: 119268576 heartbeat IPC: 3.781 cumulative IPC: 3.926 (Simulation time: 08 hr 29 min 20 sec)
Heartbeat CPU 12 instructions: 420000110 cycles: 119402542 heartbeat IPC: 3.486 cumulative IPC: 3.434 (Simulation time: 08 hr 29 min 54 sec)
Heartbeat CPU 14 instructions: 410000086 cycles: 119445710 heartbeat IPC: 3.343 cumulative IPC: 3.346 (Simulation time: 08 hr 30 min 05 sec)
Heartbeat CPU 9 instructions: 200000044 cycles: 120455649 heartbeat IPC: 1.193 cumulative IPC: 1.376 (Simulation time: 08 hr 34 min 16 sec)
Heartbeat CPU 13 instructions: 520000128 cycles: 120468436 heartbeat IPC: 4.245 cumulative IPC: 4.243 (Simulation time: 08 hr 34 min 20 sec)
Heartbeat CPU 15 instructions: 330000071 cycles: 120603861 heartbeat IPC: 2.8 cumulative IPC: 2.569 (Simulation time: 08 hr 34 min 54 sec)
Heartbeat CPU 10 instructions: 210000056 cycles: 121041036 heartbeat IPC: 1.561 cumulative IPC: 1.443 (Simulation time: 08 hr 36 min 44 sec)
Heartbeat CPU 0 instructions: 250000055 cycles: 121664569 heartbeat IPC: 1.815 cumulative IPC: 1.766 (Simulation time: 08 hr 39 min 18 sec)
Heartbeat CPU 8 instructions: 420000100 cycles: 121789410 heartbeat IPC: 3.286 cumulative IPC: 3.366 (Simulation time: 08 hr 39 min 50 sec)
Heartbeat CPU 6 instructions: 360000065 cycles: 122077522 heartbeat IPC: 2.67 cumulative IPC: 2.669 (Simulation time: 08 hr 41 min 02 sec)
Heartbeat CPU 12 instructions: 430000110 cycles: 122209636 heartbeat IPC: 3.562 cumulative IPC: 3.438 (Simulation time: 08 hr 41 min 35 sec)
Heartbeat CPU 7 instructions: 250000055 cycles: 122348222 heartbeat IPC: 1.798 cumulative IPC: 1.785 (Simulation time: 08 hr 42 min 09 sec)
Heartbeat CPU 14 instructions: 420000089 cycles: 122430726 heartbeat IPC: 3.35 cumulative IPC: 3.347 (Simulation time: 08 hr 42 min 29 sec)
Heartbeat CPU 1 instructions: 490000105 cycles: 122534835 heartbeat IPC: 3.062 cumulative IPC: 3.9 (Simulation time: 08 hr 42 min 55 sec)
Heartbeat CPU 4 instructions: 220000043 cycles: 122587831 heartbeat IPC: 1.583 cumulative IPC: 1.589 (Simulation time: 08 hr 43 min 09 sec)
Heartbeat CPU 13 instructions: 530000133 cycles: 122825635 heartbeat IPC: 4.242 cumulative IPC: 4.243 (Simulation time: 08 hr 44 min 08 sec)
Heartbeat CPU 5 instructions: 200000034 cycles: 123217828 heartbeat IPC: 1.299 cumulative IPC: 1.286 (Simulation time: 08 hr 45 min 44 sec)
Heartbeat CPU 3 instructions: 210000041 cycles: 124082632 heartbeat IPC: 1.44 cumulative IPC: 1.35 (Simulation time: 08 hr 49 min 18 sec)
Heartbeat CPU 2 instructions: 260000056 cycles: 124485992 heartbeat IPC: 1.82 cumulative IPC: 1.814 (Simulation time: 08 hr 50 min 57 sec)
Heartbeat CPU 8 instructions: 430000101 cycles: 124811364 heartbeat IPC: 3.309 cumulative IPC: 3.364 (Simulation time: 08 hr 52 min 17 sec)
Heartbeat CPU 15 instructions: 340000072 cycles: 124896689 heartbeat IPC: 2.329 cumulative IPC: 2.56 (Simulation time: 08 hr 52 min 38 sec)
Heartbeat CPU 12 instructions: 440000113 cycles: 124922770 heartbeat IPC: 3.686 cumulative IPC: 3.444 (Simulation time: 08 hr 52 min 45 sec)
Heartbeat CPU 13 instructions: 540000137 cycles: 125182482 heartbeat IPC: 4.243 cumulative IPC: 4.243 (Simulation time: 08 hr 53 min 49 sec)
Heartbeat CPU 14 instructions: 430000094 cycles: 125429198 heartbeat IPC: 3.335 cumulative IPC: 3.346 (Simulation time: 08 hr 54 min 52 sec)
Heartbeat CPU 1 instructions: 500000105 cycles: 125503101 heartbeat IPC: 3.369 cumulative IPC: 3.886 (Simulation time: 08 hr 55 min 11 sec)
Heartbeat CPU 6 instructions: 370000065 cycles: 125824462 heartbeat IPC: 2.669 cumulative IPC: 2.669 (Simulation time: 08 hr 56 min 34 sec)
Simulation finished CPU 2 instructions: 200000000 cycles: 110258239 cumulative IPC: 1.814 (Simulation time: 08 hr 56 min 37 sec)
Heartbeat CPU 11 instructions: 230000048 cycles: 126034592 heartbeat IPC: 1.472 cumulative IPC: 1.469 (Simulation time: 08 hr 57 min 27 sec)
Heartbeat CPU 0 instructions: 260000056 cycles: 127143700 heartbeat IPC: 1.825 cumulative IPC: 1.769 (Simulation time: 09 hr 02 min 14 sec)
Heartbeat CPU 9 instructions: 210000045 cycles: 127434301 heartbeat IPC: 1.433 cumulative IPC: 1.38 (Simulation time: 09 hr 03 min 29 sec)
Heartbeat CPU 13 instructions: 550000142 cycles: 127538016 heartbeat IPC: 4.245 cumulative IPC: 4.243 (Simulation time: 09 hr 03 min 56 sec)
Simulation finished CPU 7 instructions: 200000002 cycles: 111984094 cumulative IPC: 1.786 (Simulation time: 09 hr 04 min 03 sec)
Heartbeat CPU 12 instructions: 450000113 cycles: 127738534 heartbeat IPC: 3.551 cumulative IPC: 3.447 (Simulation time: 09 hr 04 min 48 sec)
Heartbeat CPU 8 instructions: 440000101 cycles: 127791865 heartbeat IPC: 3.355 cumulative IPC: 3.364 (Simulation time: 09 hr 05 min 02 sec)
Heartbeat CPU 10 instructions: 220000060 cycles: 127866113 heartbeat IPC: 1.465 cumulative IPC: 1.445 (Simulation time: 09 hr 05 min 21 sec)
Heartbeat CPU 7 instructions: 260000055 cycles: 127914068 heartbeat IPC: 1.797 cumulative IPC: 1.786 (Simulation time: 09 hr 05 min 33 sec)
Heartbeat CPU 14 instructions: 440000099 cycles: 128288868 heartbeat IPC: 3.497 cumulative IPC: 3.35 (Simulation time: 09 hr 07 min 11 sec)
Heartbeat CPU 1 instructions: 510000105 cycles: 128380576 heartbeat IPC: 3.475 cumulative IPC: 3.875 (Simulation time: 09 hr 07 min 35 sec)
Heartbeat CPU 15 instructions: 350000074 cycles: 128478962 heartbeat IPC: 2.792 cumulative IPC: 2.567 (Simulation time: 09 hr 08 min 01 sec)
Simulation finished CPU 0 instructions: 200000000 cycles: 112987860 cumulative IPC: 1.77 (Simulation time: 09 hr 08 min 24 sec)
Heartbeat CPU 4 instructions: 230000043 cycles: 129153897 heartbeat IPC: 1.523 cumulative IPC: 1.585 (Simulation time: 09 hr 10 min 55 sec)
Heartbeat CPU 6 instructions: 380000067 cycles: 129570990 heartbeat IPC: 2.669 cumulative IPC: 2.669 (Simulation time: 09 hr 12 min 44 sec)
Heartbeat CPU 13 instructions: 560000143 cycles: 129896955 heartbeat IPC: 4.239 cumulative IPC: 4.243 (Simulation time: 09 hr 14 min 08 sec)
Heartbeat CPU 2 instructions: 270000056 cycles: 129990510 heartbeat IPC: 1.817 cumulative IPC: 1.814 (Simulation time: 09 hr 14 min 33 sec)
Heartbeat CPU 5 instructions: 210000034 cycles: 130373756 heartbeat IPC: 1.397 cumulative IPC: 1.293 (Simulation time: 09 hr 16 min 12 sec)
Heartbeat CPU 12 instructions: 460000117 cycles: 130492410 heartbeat IPC: 3.631 cumulative IPC: 3.451 (Simulation time: 09 hr 16 min 44 sec)
Heartbeat CPU 8 instructions: 450000105 cycles: 130773584 heartbeat IPC: 3.354 cumulative IPC: 3.363 (Simulation time: 09 hr 17 min 58 sec)
Heartbeat CPU 3 instructions: 220000042 cycles: 131021326 heartbeat IPC: 1.441 cumulative IPC: 1.356 (Simulation time: 09 hr 19 min 03 sec)
Heartbeat CPU 14 instructions: 450000099 cycles: 131142578 heartbeat IPC: 3.504 cumulative IPC: 3.354 (Simulation time: 09 hr 19 min 34 sec)
Heartbeat CPU 1 instructions: 520000108 cycles: 131321082 heartbeat IPC: 3.401 cumulative IPC: 3.863 (Simulation time: 09 hr 20 min 21 sec)
Heartbeat CPU 9 instructions: 220000046 cycles: 131780902 heartbeat IPC: 2.301 cumulative IPC: 1.414 (Simulation time: 09 hr 22 min 22 sec)
Heartbeat CPU 13 instructions: 570000146 cycles: 132253096 heartbeat IPC: 4.244 cumulative IPC: 4.243 (Simulation time: 09 hr 24 min 29 sec)
Heartbeat CPU 15 instructions: 360000078 cycles: 132553890 heartbeat IPC: 2.454 cumulative IPC: 2.563 (Simulation time: 09 hr 25 min 47 sec)
Heartbeat CPU 0 instructions: 270000058 cycles: 132634118 heartbeat IPC: 1.821 cumulative IPC: 1.772 (Simulation time: 09 hr 26 min 08 sec)
Heartbeat CPU 11 instructions: 240000049 cycles: 132839165 heartbeat IPC: 1.47 cumulative IPC: 1.469 (Simulation time: 09 hr 27 min 01 sec)
Heartbeat CPU 12 instructions: 470000122 cycles: 133251885 heartbeat IPC: 3.624 cumulative IPC: 3.455 (Simulation time: 09 hr 28 min 50 sec)
Heartbeat CPU 6 instructions: 390000067 cycles: 133316414 heartbeat IPC: 2.67 cumulative IPC: 2.669 (Simulation time: 09 hr 29 min 07 sec)
Heartbeat CPU 7 instructions: 270000058 cycles: 133487981 heartbeat IPC: 1.794 cumulative IPC: 1.786 (Simulation time: 09 hr 29 min 53 sec)
Heartbeat CPU 8 instructions: 460000106 cycles: 133707049 heartbeat IPC: 3.409 cumulative IPC: 3.365 (Simulation time: 09 hr 30 min 52 sec)
Heartbeat CPU 14 instructions: 460000101 cycles: 134000068 heartbeat IPC: 3.5 cumulative IPC: 3.357 (Simulation time: 09 hr 32 min 11 sec)
Heartbeat CPU 1 instructions: 530000111 cycles: 134269990 heartbeat IPC: 3.391 cumulative IPC: 3.851 (Simulation time: 09 hr 33 min 22 sec)
Heartbeat CPU 13 instructions: 580000149 cycles: 134610305 heartbeat IPC: 4.242 cumulative IPC: 4.243 (Simulation time: 09 hr 34 min 52 sec)
Heartbeat CPU 10 instructions: 230000062 cycles: 134765790 heartbeat IPC: 1.449 cumulative IPC: 1.445 (Simulation time: 09 hr 35 min 33 sec)
Heartbeat CPU 4 instructions: 240000047 cycles: 135184212 heartbeat IPC: 1.658 cumulative IPC: 1.589 (Simulation time: 09 hr 37 min 26 sec)
Heartbeat CPU 2 instructions: 280000061 cycles: 135469490 heartbeat IPC: 1.825 cumulative IPC: 1.815 (Simulation time: 09 hr 38 min 44 sec)
Heartbeat CPU 9 instructions: 230000046 cycles: 135900092 heartbeat IPC: 2.428 cumulative IPC: 1.449 (Simulation time: 09 hr 40 min 43 sec)
Heartbeat CPU 12 instructions: 480000123 cycles: 136018904 heartbeat IPC: 3.614 cumulative IPC: 3.459 (Simulation time: 09 hr 41 min 17 sec)
Heartbeat CPU 15 instructions: 370000080 cycles: 136361440 heartbeat IPC: 2.626 cumulative IPC: 2.565 (Simulation time: 09 hr 42 min 51 sec)
Heartbeat CPU 8 instructions: 470000108 cycles: 136676975 heartbeat IPC: 3.367 cumulative IPC: 3.365 (Simulation time: 09 hr 44 min 19 sec)
Heartbeat CPU 13 instructions: 590000154 cycles: 136965286 heartbeat IPC: 4.246 cumulative IPC: 4.243 (Simulation time: 09 hr 45 min 39 sec)
Heartbeat CPU 6 instructions: 400000067 cycles: 137063899 heartbeat IPC: 2.668 cumulative IPC: 2.669 (Simulation time: 09 hr 46 min 06 sec)
Heartbeat CPU 1 instructions: 540000111 cycles: 137223489 heartbeat IPC: 3.386 cumulative IPC: 3.84 (Simulation time: 09 hr 46 min 50 sec)
Heartbeat CPU 5 instructions: 220000034 cycles: 137303277 heartbeat IPC: 1.443 cumulative IPC: 1.301 (Simulation time: 09 hr 47 min 11 sec)
Heartbeat CPU 14 instructions: 470000103 cycles: 137899006 heartbeat IPC: 2.565 cumulative IPC: 3.332 (Simulation time: 09 hr 49 min 55 sec)
Heartbeat CPU 3 instructions: 230000044 cycles: 137953288 heartbeat IPC: 1.443 cumulative IPC: 1.36 (Simulation time: 09 hr 50 min 10 sec)
Heartbeat CPU 0 instructions: 280000058 cycles: 138085736 heartbeat IPC: 1.834 cumulative IPC: 1.774 (Simulation time: 09 hr 50 min 46 sec)
Heartbeat CPU 12 instructions: 490000123 cycles: 138701089 heartbeat IPC: 3.728 cumulative IPC: 3.465 (Simulation time: 09 hr 53 min 36 sec)
Heartbeat CPU 7 instructions: 280000059 cycles: 139123001 heartbeat IPC: 1.775 cumulative IPC: 1.786 (Simulation time: 09 hr 55 min 27 sec)
Heartbeat CPU 13 instructions: 600000158 cycles: 139323466 heartbeat IPC: 4.241 cumulative IPC: 4.243 (Simulation time: 09 hr 56 min 20 sec)
Heartbeat CPU 8 instructions: 480000111 cycles: 139636279 heartbeat IPC: 3.379 cumulative IPC: 3.365 (Simulation time: 09 hr 57 min 43 sec)
Heartbeat CPU 11 instructions: 250000051 cycles: 139679918 heartbeat IPC: 1.462 cumulative IPC: 1.468 (Simulation time: 09 hr 57 min 54 sec)
Heartbeat CPU 1 instructions: 550000112 cycles: 140101725 heartbeat IPC: 3.474 cumulative IPC: 3.832 (Simulation time: 09 hr 59 min 48 sec)
Heartbeat CPU 15 instructions: 380000083 cycles: 140137138 heartbeat IPC: 2.649 cumulative IPC: 2.568 (Simulation time: 09 hr 59 min 57 sec)
Heartbeat CPU 9 instructions: 240000047 cycles: 140166513 heartbeat IPC: 2.344 cumulative IPC: 1.48 (Simulation time: 10 hr 00 min 04 sec)
Heartbeat CPU 6 instructions: 410000072 cycles: 140810492 heartbeat IPC: 2.669 cumulative IPC: 2.669 (Simulation time: 10 hr 02 min 56 sec)
Heartbeat CPU 2 instructions: 290000063 cycles: 141002403 heartbeat IPC: 1.807 cumulative IPC: 1.814 (Simulation time: 10 hr 03 min 47 sec)
Heartbeat CPU 14 instructions: 480000106 cycles: 141145574 heartbeat IPC: 3.08 cumulative IPC: 3.326 (Simulation time: 10 hr 04 min 25 sec)
Simulation finished CPU 4 instructions: 200000004 cycles: 125803191 cumulative IPC: 1.59 (Simulation time: 10 hr 05 min 28 sec)
Heartbeat CPU 4 instructions: 250000047 cycles: 141382568 heartbeat IPC: 1.613 cumulative IPC: 1.59 (Simulation time: 10 hr 05 min 28 sec)
Heartbeat CPU 12 instructions: 500000124 cycles: 141402024 heartbeat IPC: 3.702 cumulative IPC: 3.47 (Simulation time: 10 hr 05 min 33 sec)
Heartbeat CPU 13 instructions: 610000160 cycles: 141679308 heartbeat IPC: 4.245 cumulative IPC: 4.243 (Simulation time: 10 hr 06 min 48 sec)
Heartbeat CPU 10 instructions: 240000065 cycles: 141997689 heartbeat IPC: 1.383 cumulative IPC: 1.441 (Simulation time: 10 hr 08 min 12 sec)
Heartbeat CPU 8 instructions: 490000116 cycles: 142614504 heartbeat IPC: 3.358 cumulative IPC: 3.365 (Simulation time: 10 hr 10 min 56 sec)
Heartbeat CPU 1 instructions: 560000115 cycles: 143037260 heartbeat IPC: 3.407 cumulative IPC: 3.822 (Simulation time: 10 hr 12 min 46 sec)
Heartbeat CPU 5 instructions: 230000037 cycles: 143268299 heartbeat IPC: 1.676 cumulative IPC: 1.319 (Simulation time: 10 hr 13 min 47 sec)
Heartbeat CPU 0 instructions: 290000058 cycles: 143558540 heartbeat IPC: 1.827 cumulative IPC: 1.777 (Simulation time: 10 hr 15 min 04 sec)
Heartbeat CPU 15 instructions: 390000085 cycles: 143871833 heartbeat IPC: 2.678 cumulative IPC: 2.571 (Simulation time: 10 hr 16 min 28 sec)
Heartbeat CPU 13 instructions: 620000165 cycles: 144035689 heartbeat IPC: 4.244 cumulative IPC: 4.243 (Simulation time: 10 hr 17 min 11 sec)
Heartbeat CPU 12 instructions: 510000124 cycles: 144076057 heartbeat IPC: 3.74 cumulative IPC: 3.475 (Simulation time: 10 hr 17 min 22 sec)
Heartbeat CPU 14 instructions: 490000109 cycles: 144146502 heartbeat IPC: 3.332 cumulative IPC: 3.326 (Simulation time: 10 hr 17 min 41 sec)
Heartbeat CPU 9 instructions: 250000047 cycles: 144531432 heartbeat IPC: 2.291 cumulative IPC: 1.507 (Simulation time: 10 hr 19 min 22 sec)
Heartbeat CPU 6 instructions: 420000077 cycles: 144557519 heartbeat IPC: 2.669 cumulative IPC: 2.669 (Simulation time: 10 hr 19 min 29 sec)
Heartbeat CPU 7 instructions: 290000059 cycles: 144719892 heartbeat IPC: 1.787 cumulative IPC: 1.786 (Simulation time: 10 hr 20 min 12 sec)
Heartbeat CPU 3 instructions: 240000046 cycles: 144905500 heartbeat IPC: 1.438 cumulative IPC: 1.365 (Simulation time: 10 hr 21 min 01 sec)
Heartbeat CPU 8 instructions: 500000117 cycles: 145573572 heartbeat IPC: 3.379 cumulative IPC: 3.365 (Simulation time: 10 hr 23 min 59 sec)
Heartbeat CPU 1 instructions: 570000117 cycles: 145969598 heartbeat IPC: 3.41 cumulative IPC: 3.813 (Simulation time: 10 hr 25 min 44 sec)
Heartbeat CPU 13 instructions: 630000169 cycles: 146391313 heartbeat IPC: 4.245 cumulative IPC: 4.243 (Simulation time: 10 hr 27 min 34 sec)
Heartbeat CPU 2 instructions: 300000064 cycles: 146503447 heartbeat IPC: 1.818 cumulative IPC: 1.815 (Simulation time: 10 hr 28 min 04 sec)
Heartbeat CPU 11 instructions: 260000051 cycles: 146508205 heartbeat IPC: 1.464 cumulative IPC: 1.468 (Simulation time: 10 hr 28 min 05 sec)
Heartbeat CPU 12 instructions: 520000124 cycles: 146736921 heartbeat IPC: 3.758 cumulative IPC: 3.481 (Simulation time: 10 hr 29 min 05 sec)
Simulation finished CPU 9 instructions: 200000004 cycles: 131384161 cumulative IPC: 1.522 (Simulation time: 10 hr 30 min 05 sec)
Heartbeat CPU 14 instructions: 500000109 cycles: 147153677 heartbeat IPC: 3.325 cumulative IPC: 3.326 (Simulation time: 10 hr 30 min 55 sec)
Heartbeat CPU 4 instructions: 260000048 cycles: 147650889 heartbeat IPC: 1.595 cumulative IPC: 1.59 (Simulation time: 10 hr 33 min 06 sec)
Heartbeat CPU 15 instructions: 400000085 cycles: 147658412 heartbeat IPC: 2.641 cumulative IPC: 2.573 (Simulation time: 10 hr 33 min 08 sec)
Heartbeat CPU 6 instructions: 430000080 cycles: 148302737 heartbeat IPC: 2.67 cumulative IPC: 2.669 (Simulation time: 10 hr 35 min 57 sec)
Heartbeat CPU 8 instructions: 510000122 cycles: 148536849 heartbeat IPC: 3.375 cumulative IPC: 3.365 (Simulation time: 10 hr 36 min 58 sec)
Heartbeat CPU 13 instructions: 640000174 cycles: 148749380 heartbeat IPC: 4.241 cumulative IPC: 4.243 (Simulation time: 10 hr 37 min 54 sec)
Heartbeat CPU 9 instructions: 260000047 cycles: 148773016 heartbeat IPC: 2.358 cumulative IPC: 1.534 (Simulation time: 10 hr 38 min 00 sec)
Heartbeat CPU 1 instructions: 580000117 cycles: 148915200 heartbeat IPC: 3.395 cumulative IPC: 3.803 (Simulation time: 10 hr 38 min 36 sec)
Heartbeat CPU 0 instructions: 300000061 cycles: 149060085 heartbeat IPC: 1.818 cumulative IPC: 1.778 (Simulation time: 10 hr 39 min 12 sec)
Heartbeat CPU 10 instructions: 250000069 cycles: 149305077 heartbeat IPC: 1.368 cumulative IPC: 1.437 (Simulation time: 10 hr 40 min 14 sec)
Heartbeat CPU 5 instructions: 240000037 cycles: 149566649 heartbeat IPC: 1.588 cumulative IPC: 1.331 (Simulation time: 10 hr 41 min 21 sec)
Heartbeat CPU 12 instructions: 530000127 cycles: 149691782 heartbeat IPC: 3.384 cumulative IPC: 3.479 (Simulation time: 10 hr 41 min 54 sec)
Heartbeat CPU 14 instructions: 510000109 cycles: 150173343 heartbeat IPC: 3.312 cumulative IPC: 3.325 (Simulation time: 10 hr 43 min 55 sec)
Heartbeat CPU 7 instructions: 300000060 cycles: 150295118 heartbeat IPC: 1.794 cumulative IPC: 1.786 (Simulation time: 10 hr 44 min 26 sec)
Heartbeat CPU 13 instructions: 650000178 cycles: 151104155 heartbeat IPC: 4.247 cumulative IPC: 4.243 (Simulation time: 10 hr 48 min 00 sec)
Heartbeat CPU 15 instructions: 410000085 cycles: 151492220 heartbeat IPC: 2.608 cumulative IPC: 2.574 (Simulation time: 10 hr 49 min 42 sec)
Heartbeat CPU 8 instructions: 520000122 cycles: 151510142 heartbeat IPC: 3.363 cumulative IPC: 3.365 (Simulation time: 10 hr 49 min 47 sec)
Simulation finished CPU 11 instructions: 200000004 cycles: 136215661 cumulative IPC: 1.468 (Simulation time: 10 hr 51 min 03 sec)
Heartbeat CPU 3 instructions: 250000050 cycles: 151829655 heartbeat IPC: 1.444 cumulative IPC: 1.369 (Simulation time: 10 hr 51 min 12 sec)
Heartbeat CPU 1 instructions: 590000120 cycles: 151890929 heartbeat IPC: 3.361 cumulative IPC: 3.794 (Simulation time: 10 hr 51 min 28 sec)
Heartbeat CPU 2 instructions: 310000068 cycles: 151983223 heartbeat IPC: 1.825 cumulative IPC: 1.815 (Simulation time: 10 hr 51 min 53 sec)
Heartbeat CPU 6 instructions: 440000084 cycles: 152048456 heartbeat IPC: 2.67 cumulative IPC: 2.669 (Simulation time: 10 hr 52 min 10 sec)
Heartbeat CPU 12 instructions: 540000127 cycles: 152683401 heartbeat IPC: 3.343 cumulative IPC: 3.476 (Simulation time: 10 hr 54 min 59 sec)
Heartbeat CPU 14 instructions: 520000112 cycles: 153195160 heartbeat IPC: 3.309 cumulative IPC: 3.325 (Simulation time: 10 hr 57 min 14 sec)
Heartbeat CPU 9 instructions: 270000050 cycles: 153202167 heartbeat IPC: 2.258 cumulative IPC: 1.557 (Simulation time: 10 hr 57 min 16 sec)
Heartbeat CPU 11 instructions: 270000052 cycles: 153310857 heartbeat IPC: 1.47 cumulative IPC: 1.468 (Simulation time: 10 hr 57 min 44 sec)
Heartbeat CPU 13 instructions: 660000181 cycles: 153461661 heartbeat IPC: 4.242 cumulative IPC: 4.243 (Simulation time: 10 hr 58 min 24 sec)
Heartbeat CPU 4 instructions: 270000052 cycles: 153797100 heartbeat IPC: 1.627 cumulative IPC: 1.592 (Simulation time: 10 hr 59 min 54 sec)
Simulation finished CPU 10 instructions: 200000002 cycles: 138665876 cumulative IPC: 1.442 (Simulation time: 11 hr 01 min 53 sec)
Heartbeat CPU 8 instructions: 530000124 cycles: 154490855 heartbeat IPC: 3.355 cumulative IPC: 3.365 (Simulation time: 11 hr 02 min 56 sec)
Heartbeat CPU 0 instructions: 310000062 cycles: 154558142 heartbeat IPC: 1.819 cumulative IPC: 1.78 (Simulation time: 11 hr 03 min 14 sec)
Heartbeat CPU 1 instructions: 600000120 cycles: 154787931 heartbeat IPC: 3.452 cumulative IPC: 3.787 (Simulation time: 11 hr 04 min 14 sec)
Heartbeat CPU 15 instructions: 420000087 cycles: 155311593 heartbeat IPC: 2.618 cumulative IPC: 2.575 (Simulation time: 11 hr 06 min 32 sec)
Heartbeat CPU 12 instructions: 550000129 cycles: 155714284 heartbeat IPC: 3.299 cumulative IPC: 3.472 (Simulation time: 11 hr 08 min 18 sec)
Heartbeat CPU 10 instructions: 260000074 cycles: 155768501 heartbeat IPC: 1.547 cumulative IPC: 1.443 (Simulation time: 11 hr 08 min 32 sec)
Heartbeat CPU 6 instructions: 450000084 cycles: 155794885 heartbeat IPC: 2.669 cumulative IPC: 2.669 (Simulation time: 11 hr 08 min 39 sec)
Heartbeat CPU 13 instructions: 670000182 cycles: 155818399 heartbeat IPC: 4.243 cumulative IPC: 4.243 (Simulation time: 11 hr 08 min 45 sec)
Heartbeat CPU 7 instructions: 310000062 cycles: 155851143 heartbeat IPC: 1.8 cumulative IPC: 1.787 (Simulation time: 11 hr 08 min 53 sec)
Heartbeat CPU 14 instructions: 530000117 cycles: 156350641 heartbeat IPC: 3.169 cumulative IPC: 3.322 (Simulation time: 11 hr 11 min 06 sec)
Heartbeat CPU 9 instructions: 280000052 cycles: 157448055 heartbeat IPC: 2.355 cumulative IPC: 1.581 (Simulation time: 11 hr 15 min 53 sec)
Heartbeat CPU 8 instructions: 540000125 cycles: 157461212 heartbeat IPC: 3.367 cumulative IPC: 3.365 (Simulation time: 11 hr 15 min 56 sec)
Heartbeat CPU 2 instructions: 320000069 cycles: 157497430 heartbeat IPC: 1.813 cumulative IPC: 1.815 (Simulation time: 11 hr 16 min 06 sec)
Heartbeat CPU 1 instructions: 610000124 cycles: 157696833 heartbeat IPC: 3.438 cumulative IPC: 3.779 (Simulation time: 11 hr 16 min 59 sec)
Heartbeat CPU 13 instructions: 680000183 cycles: 158175916 heartbeat IPC: 4.242 cumulative IPC: 4.243 (Simulation time: 11 hr 19 min 04 sec)
Heartbeat CPU 5 instructions: 250000039 cycles: 158441131 heartbeat IPC: 1.127 cumulative IPC: 1.319 (Simulation time: 11 hr 20 min 13 sec)
Heartbeat CPU 12 instructions: 560000130 cycles: 158659840 heartbeat IPC: 3.395 cumulative IPC: 3.471 (Simulation time: 11 hr 21 min 10 sec)
Heartbeat CPU 3 instructions: 260000052 cycles: 158779343 heartbeat IPC: 1.439 cumulative IPC: 1.372 (Simulation time: 11 hr 21 min 40 sec)
Heartbeat CPU 15 instructions: 430000087 cycles: 159064211 heartbeat IPC: 2.665 cumulative IPC: 2.578 (Simulation time: 11 hr 22 min 56 sec)
Heartbeat CPU 14 instructions: 540000121 cycles: 159532213 heartbeat IPC: 3.143 cumulative IPC: 3.318 (Simulation time: 11 hr 24 min 57 sec)
Heartbeat CPU 6 instructions: 460000084 cycles: 159539773 heartbeat IPC: 2.67 cumulative IPC: 2.669 (Simulation time: 11 hr 24 min 59 sec)
Heartbeat CPU 0 instructions: 320000065 cycles: 160033840 heartbeat IPC: 1.826 cumulative IPC: 1.782 (Simulation time: 11 hr 27 min 10 sec)
Heartbeat CPU 4 instructions: 280000053 cycles: 160054700 heartbeat IPC: 1.598 cumulative IPC: 1.592 (Simulation time: 11 hr 27 min 15 sec)
Heartbeat CPU 11 instructions: 280000052 cycles: 160124862 heartbeat IPC: 1.468 cumulative IPC: 1.468 (Simulation time: 11 hr 27 min 34 sec)
Heartbeat CPU 8 instructions: 550000126 cycles: 160407417 heartbeat IPC: 3.394 cumulative IPC: 3.366 (Simulation time: 11 hr 28 min 46 sec)
Heartbeat CPU 13 instructions: 690000185 cycles: 160532181 heartbeat IPC: 4.244 cumulative IPC: 4.243 (Simulation time: 11 hr 29 min 18 sec)
Heartbeat CPU 1 instructions: 620000126 cycles: 160652534 heartbeat IPC: 3.383 cumulative IPC: 3.771 (Simulation time: 11 hr 29 min 48 sec)
Simulation finished CPU 3 instructions: 200000000 cycles: 145644830 cumulative IPC: 1.373 (Simulation time: 11 hr 32 min 15 sec)
Heartbeat CPU 7 instructions: 320000064 cycles: 161415411 heartbeat IPC: 1.797 cumulative IPC: 1.787 (Simulation time: 11 hr 33 min 04 sec)
Heartbeat CPU 12 instructions: 570000134 cycles: 161504029 heartbeat IPC: 3.516 cumulative IPC: 3.471 (Simulation time: 11 hr 33 min 26 sec)
Heartbeat CPU 15 instructions: 440000089 cycles: 162452942 heartbeat IPC: 2.951 cumulative IPC: 2.586 (Simulation time: 11 hr 37 min 34 sec)
Heartbeat CPU 14 instructions: 550000121 cycles: 162706417 heartbeat IPC: 3.15 cumulative IPC: 3.314 (Simulation time: 11 hr 38 min 39 sec)
Heartbeat CPU 10 instructions: 270000075 cycles: 162858532 heartbeat IPC: 1.41 cumulative IPC: 1.441 (Simulation time: 11 hr 39 min 17 sec)
Heartbeat CPU 13 instructions: 700000190 cycles: 162889717 heartbeat IPC: 4.242 cumulative IPC: 4.243 (Simulation time: 11 hr 39 min 25 sec)
Heartbeat CPU 2 instructions: 330000073 cycles: 162981954 heartbeat IPC: 1.823 cumulative IPC: 1.815 (Simulation time: 11 hr 39 min 49 sec)
Heartbeat CPU 6 instructions: 470000087 cycles: 163287296 heartbeat IPC: 2.668 cumulative IPC: 2.669 (Simulation time: 11 hr 41 min 09 sec)
Heartbeat CPU 8 instructions: 560000126 cycles: 163393787 heartbeat IPC: 3.349 cumulative IPC: 3.365 (Simulation time: 11 hr 41 min 37 sec)
Heartbeat CPU 1 instructions: 630000127 cycles: 163576256 heartbeat IPC: 3.42 cumulative IPC: 3.764 (Simulation time: 11 hr 42 min 24 sec)
Heartbeat CPU 9 instructions: 290000056 cycles: 163790508 heartbeat IPC: 1.577 cumulative IPC: 1.581 (Simulation time: 11 hr 43 min 22 sec)
Heartbeat CPU 12 instructions: 580000138 cycles: 164449935 heartbeat IPC: 3.395 cumulative IPC: 3.47 (Simulation time: 11 hr 46 min 13 sec)
Heartbeat CPU 13 instructions: 710000195 cycles: 165247295 heartbeat IPC: 4.242 cumulative IPC: 4.243 (Simulation time: 11 hr 49 min 37 sec)
Heartbeat CPU 0 instructions: 330000065 cycles: 165539255 heartbeat IPC: 1.816 cumulative IPC: 1.783 (Simulation time: 11 hr 50 min 51 sec)
Heartbeat CPU 14 instructions: 560000124 cycles: 165877008 heartbeat IPC: 3.154 cumulative IPC: 3.311 (Simulation time: 11 hr 52 min 17 sec)
Heartbeat CPU 8 instructions: 570000126 cycles: 166358639 heartbeat IPC: 3.373 cumulative IPC: 3.366 (Simulation time: 11 hr 54 min 19 sec)
Heartbeat CPU 4 instructions: 290000053 cycles: 166433531 heartbeat IPC: 1.568 cumulative IPC: 1.591 (Simulation time: 11 hr 54 min 38 sec)
Heartbeat CPU 1 instructions: 640000132 cycles: 166553879 heartbeat IPC: 3.358 cumulative IPC: 3.756 (Simulation time: 11 hr 55 min 09 sec)
Heartbeat CPU 11 instructions: 290000053 cycles: 166943508 heartbeat IPC: 1.467 cumulative IPC: 1.468 (Simulation time: 11 hr 56 min 48 sec)
Heartbeat CPU 7 instructions: 330000067 cycles: 167025657 heartbeat IPC: 1.782 cumulative IPC: 1.787 (Simulation time: 11 hr 57 min 08 sec)
Heartbeat CPU 6 instructions: 480000089 cycles: 167036683 heartbeat IPC: 2.667 cumulative IPC: 2.669 (Simulation time: 11 hr 57 min 11 sec)
Heartbeat CPU 5 instructions: 260000040 cycles: 167137651 heartbeat IPC: 1.15 cumulative IPC: 1.309 (Simulation time: 11 hr 57 min 36 sec)
Heartbeat CPU 12 instructions: 590000141 cycles: 167348640 heartbeat IPC: 3.45 cumulative IPC: 3.47 (Simulation time: 11 hr 58 min 28 sec)
Heartbeat CPU 15 instructions: 450000092 cycles: 167366797 heartbeat IPC: 2.035 cumulative IPC: 2.568 (Simulation time: 11 hr 58 min 33 sec)
Heartbeat CPU 13 instructions: 720000200 cycles: 167602587 heartbeat IPC: 4.246 cumulative IPC: 4.243 (Simulation time: 11 hr 59 min 31 sec)
Flushing L1 caches...
cpu9_L1D: Flushed 232 dirty blocks.
cpu8_L1D: Flushed 648 dirty blocks.
cpu7_L1D: Flushed 365 dirty blocks.
cpu6_L1D: Flushed 15 dirty blocks.
cpu5_L1D: Flushed 28 dirty blocks.
cpu4_L1D: Flushed 237 dirty blocks.
cpu3_L1D: Flushed 439 dirty blocks.
cpu2_L1D: Flushed 240 dirty blocks.
cpu1_L1D: Flushed 217 dirty blocks.
cpu15_L1D: Flushed 419 dirty blocks.
cpu14_L1D: Flushed 641 dirty blocks.
cpu13_L1D: Flushed 7 dirty blocks.
cpu12_L1D: Flushed 261 dirty blocks.
cpu11_L1D: Flushed 183 dirty blocks.
cpu10_L1D: Flushed 27 dirty blocks.
cpu0_L1D: Flushed 188 dirty blocks.
Flushing L2 caches...
cpu9_L2C: Flushed 7730 dirty blocks.
cpu8_L2C: Flushed 19852 dirty blocks.
cpu7_L2C: Flushed 14104 dirty blocks.
cpu6_L2C: Flushed 15 dirty blocks.
cpu5_L2C: Flushed 16426 dirty blocks.
cpu4_L2C: Flushed 15659 dirty blocks.
cpu3_L2C: Flushed 11491 dirty blocks.
cpu2_L2C: Flushed 3753 dirty blocks.
cpu1_L2C: Flushed 14512 dirty blocks.
cpu15_L2C: Flushed 10981 dirty blocks.
cpu14_L2C: Flushed 19871 dirty blocks.
cpu13_L2C: Flushed 220 dirty blocks.
cpu12_L2C: Flushed 261 dirty blocks.
cpu11_L2C: Flushed 1243 dirty blocks.
cpu10_L2C: Flushed 3084 dirty blocks.
cpu0_L2C: Flushed 12509 dirty blocks.
Flushing LLC...
LLC: Flushed 124264 dirty blocks.
Rigorous flush pipeline fully complete!
Simulation finished CPU 5 instructions: 200000000 cycles: 153384037 cumulative IPC: 1.304 (Simulation time: 12 hr 03 min 53 sec)
Simulation complete CPU 9 instructions: 239125317 cycles: 153384037 cumulative IPC: 1.559 (Simulation time: 12 hr 03 min 53 sec)
Simulation complete CPU 8 instructions: 514210945 cycles: 153384037 cumulative IPC: 3.352 (Simulation time: 12 hr 03 min 53 sec)
Simulation complete CPU 7 instructions: 273008203 cycles: 153384037 cumulative IPC: 1.78 (Simulation time: 12 hr 03 min 53 sec)
Simulation complete CPU 6 instructions: 407830916 cycles: 153384037 cumulative IPC: 2.659 (Simulation time: 12 hr 03 min 53 sec)
Simulation complete CPU 5 instructions: 200000000 cycles: 153384037 cumulative IPC: 1.304 (Simulation time: 12 hr 03 min 53 sec)
Simulation complete CPU 4 instructions: 243240595 cycles: 153384037 cumulative IPC: 1.586 (Simulation time: 12 hr 03 min 53 sec)
Simulation complete CPU 3 instructions: 205514944 cycles: 153384037 cumulative IPC: 1.34 (Simulation time: 12 hr 03 min 53 sec)
Simulation complete CPU 2 instructions: 277340730 cycles: 153384037 cumulative IPC: 1.808 (Simulation time: 12 hr 03 min 53 sec)
Simulation complete CPU 15 instructions: 392475661 cycles: 153384037 cumulative IPC: 2.559 (Simulation time: 12 hr 03 min 53 sec)
Simulation complete CPU 14 instructions: 505333514 cycles: 153384037 cumulative IPC: 3.295 (Simulation time: 12 hr 03 min 53 sec)
Simulation complete CPU 13 instructions: 648300428 cycles: 153384037 cumulative IPC: 4.227 (Simulation time: 12 hr 03 min 53 sec)
Simulation complete CPU 12 instructions: 530105108 cycles: 153384037 cumulative IPC: 3.456 (Simulation time: 12 hr 03 min 53 sec)
Simulation complete CPU 11 instructions: 224316375 cycles: 153384037 cumulative IPC: 1.462 (Simulation time: 12 hr 03 min 53 sec)
Simulation complete CPU 10 instructions: 219675877 cycles: 153384037 cumulative IPC: 1.432 (Simulation time: 12 hr 03 min 53 sec)
Simulation complete CPU 1 instructions: 573259961 cycles: 153384037 cumulative IPC: 3.737 (Simulation time: 12 hr 03 min 53 sec)
Simulation complete CPU 0 instructions: 272526906 cycles: 153384037 cumulative IPC: 1.777 (Simulation time: 12 hr 03 min 53 sec)

ChampSim completed all CPUs

=== Simulation ===
CPU 0 runs /home/tandonmitul27/workspace/SPEC17/641.leela_s-800B.champsimtrace.xz
CPU 1 runs /home/tandonmitul27/workspace/SPEC17/625.x264_s-12B.champsimtrace.xz
CPU 2 runs /home/tandonmitul27/workspace/SPEC17/641.leela_s-862B.champsimtrace.xz
CPU 3 runs /home/tandonmitul27/workspace/SPEC17/654.roms_s-1613B.champsimtrace.xz
CPU 4 runs /home/tandonmitul27/workspace/SPEC17/631.deepsjeng_s-928B.champsimtrace.xz
CPU 5 runs /home/tandonmitul27/workspace/SPEC17/623.xalancbmk_s-325B.champsimtrace.xz
CPU 6 runs /home/tandonmitul27/workspace/SPEC17/657.xz_s-56B.champsimtrace.xz
CPU 7 runs /home/tandonmitul27/workspace/SPEC17/641.leela_s-149B.champsimtrace.xz
CPU 8 runs /home/tandonmitul27/workspace/SPEC17/603.bwaves_s-5359B.champsimtrace.xz
CPU 9 runs /home/tandonmitul27/workspace/SPEC17/600.perlbench_s-570B.champsimtrace.xz
CPU 10 runs /home/tandonmitul27/workspace/SPEC17/607.cactuBSSN_s-2421B.champsimtrace.xz
CPU 11 runs /home/tandonmitul27/workspace/SPEC17/644.nab_s-5853B.champsimtrace.xz
CPU 12 runs /home/tandonmitul27/workspace/SPEC17/648.exchange2_s-353B.champsimtrace.xz
CPU 13 runs /home/tandonmitul27/workspace/SPEC17/638.imagick_s-10316B.champsimtrace.xz
CPU 14 runs /home/tandonmitul27/workspace/SPEC17/603.bwaves_s-1080B.champsimtrace.xz
CPU 15 runs /home/tandonmitul27/workspace/SPEC17/628.pop2_s-17B.champsimtrace.xz

Total Simulation Statistics (not including warmup)

CPU 9 cumulative IPC: 1.559 instructions: 239125317 cycles: 153384037
CPU 9 Branch Prediction Accuracy: 98.17% MPKI: 2.998 Average ROB Occupancy at Mispredict: 102.9
Branch type MPKI
BRANCH_DIRECT_JUMP: 0.08505
BRANCH_INDIRECT: 0.4494
BRANCH_CONDITIONAL: 2.026
BRANCH_DIRECT_CALL: 0.03509
BRANCH_INDIRECT_CALL: 0.3727
BRANCH_RETURN: 0.03026


CPU 8 cumulative IPC: 3.352 instructions: 514210945 cycles: 153384037
CPU 8 Branch Prediction Accuracy: 99.52% MPKI: 0.6913 Average ROB Occupancy at Mispredict: 143.5
Branch type MPKI
BRANCH_DIRECT_JUMP: 0.0583
BRANCH_INDIRECT: 0
BRANCH_CONDITIONAL: 0.5701
BRANCH_DIRECT_CALL: 0
BRANCH_INDIRECT_CALL: 0
BRANCH_RETURN: 0.06288


CPU 7 cumulative IPC: 1.78 instructions: 273008203 cycles: 153384037
CPU 7 Branch Prediction Accuracy: 92.7% MPKI: 12.08 Average ROB Occupancy at Mispredict: 34.63
Branch type MPKI
BRANCH_DIRECT_JUMP: 0.1102
BRANCH_INDIRECT: 0.0006666
BRANCH_CONDITIONAL: 11.94
BRANCH_DIRECT_CALL: 0
BRANCH_INDIRECT_CALL: 0
BRANCH_RETURN: 0.02893


CPU 6 cumulative IPC: 2.659 instructions: 407830916 cycles: 153384037
CPU 6 Branch Prediction Accuracy: 100% MPKI: 0 Average ROB Occupancy at Mispredict: -
Branch type MPKI
BRANCH_DIRECT_JUMP: 0
BRANCH_INDIRECT: 0
BRANCH_CONDITIONAL: 0
BRANCH_DIRECT_CALL: 0
BRANCH_INDIRECT_CALL: 0
BRANCH_RETURN: 0


CPU 5 cumulative IPC: 1.304 instructions: 200000000 cycles: 153384037
CPU 5 Branch Prediction Accuracy: 97.71% MPKI: 6.515 Average ROB Occupancy at Mispredict: 42.8
Branch type MPKI
BRANCH_DIRECT_JUMP: 0.1326
BRANCH_INDIRECT: 0.4073
BRANCH_CONDITIONAL: 3.786
BRANCH_DIRECT_CALL: 0.00068
BRANCH_INDIRECT_CALL: 0.4555
BRANCH_RETURN: 1.733


CPU 4 cumulative IPC: 1.586 instructions: 243240595 cycles: 153384037
CPU 4 Branch Prediction Accuracy: 95.65% MPKI: 6.411 Average ROB Occupancy at Mispredict: 65.19
Branch type MPKI
BRANCH_DIRECT_JUMP: 0.01596
BRANCH_INDIRECT: 0.00923
BRANCH_CONDITIONAL: 5.835
BRANCH_DIRECT_CALL: 0.01691
BRANCH_INDIRECT_CALL: 0
BRANCH_RETURN: 0.5338


CPU 3 cumulative IPC: 1.34 instructions: 205514944 cycles: 153384037
CPU 3 Branch Prediction Accuracy: 86.24% MPKI: 14.11 Average ROB Occupancy at Mispredict: 49.87
Branch type MPKI
BRANCH_DIRECT_JUMP: 0
BRANCH_INDIRECT: 0
BRANCH_CONDITIONAL: 7.064
BRANCH_DIRECT_CALL: 0
BRANCH_INDIRECT_CALL: 0
BRANCH_RETURN: 7.043


CPU 2 cumulative IPC: 1.808 instructions: 277340730 cycles: 153384037
CPU 2 Branch Prediction Accuracy: 92.55% MPKI: 12.25 Average ROB Occupancy at Mispredict: 34.76
Branch type MPKI
BRANCH_DIRECT_JUMP: 0.0768
BRANCH_INDIRECT: 0.0004399
BRANCH_CONDITIONAL: 12.14
BRANCH_DIRECT_CALL: 1.442e-05
BRANCH_INDIRECT_CALL: 0
BRANCH_RETURN: 0.03149


CPU 15 cumulative IPC: 2.559 instructions: 392475661 cycles: 153384037
CPU 15 Branch Prediction Accuracy: 98.86% MPKI: 1.744 Average ROB Occupancy at Mispredict: 56.22
Branch type MPKI
BRANCH_DIRECT_JUMP: 0.02864
BRANCH_INDIRECT: 0.0007338
BRANCH_CONDITIONAL: 1.634
BRANCH_DIRECT_CALL: 0.0007058
BRANCH_INDIRECT_CALL: 0
BRANCH_RETURN: 0.08042


CPU 14 cumulative IPC: 3.295 instructions: 505333514 cycles: 153384037
CPU 14 Branch Prediction Accuracy: 99.38% MPKI: 0.9014 Average ROB Occupancy at Mispredict: 131.6
Branch type MPKI
BRANCH_DIRECT_JUMP: 0.165
BRANCH_INDIRECT: 0
BRANCH_CONDITIONAL: 0.6278
BRANCH_DIRECT_CALL: 0
BRANCH_INDIRECT_CALL: 0
BRANCH_RETURN: 0.1086


CPU 13 cumulative IPC: 4.227 instructions: 648300428 cycles: 153384037
CPU 13 Branch Prediction Accuracy: 99.7% MPKI: 0.3128 Average ROB Occupancy at Mispredict: 329.8
Branch type MPKI
BRANCH_DIRECT_JUMP: 1.542e-06
BRANCH_INDIRECT: 0
BRANCH_CONDITIONAL: 0.3128
BRANCH_DIRECT_CALL: 0
BRANCH_INDIRECT_CALL: 0
BRANCH_RETURN: 0


CPU 12 cumulative IPC: 3.456 instructions: 530105108 cycles: 153384037
CPU 12 Branch Prediction Accuracy: 98.36% MPKI: 2.286 Average ROB Occupancy at Mispredict: 48.99
Branch type MPKI
BRANCH_DIRECT_JUMP: 0.08122
BRANCH_INDIRECT: 0
BRANCH_CONDITIONAL: 2.204
BRANCH_DIRECT_CALL: 0.0001585
BRANCH_INDIRECT_CALL: 0
BRANCH_RETURN: 0.0001585


CPU 11 cumulative IPC: 1.462 instructions: 224316375 cycles: 153384037
CPU 11 Branch Prediction Accuracy: 88.56% MPKI: 11.07 Average ROB Occupancy at Mispredict: 66.18
Branch type MPKI
BRANCH_DIRECT_JUMP: 9.808e-05
BRANCH_INDIRECT: 0
BRANCH_CONDITIONAL: 5.544
BRANCH_DIRECT_CALL: 0
BRANCH_INDIRECT_CALL: 0
BRANCH_RETURN: 5.527


CPU 10 cumulative IPC: 1.432 instructions: 219675877 cycles: 153384037
CPU 10 Branch Prediction Accuracy: 99.85% MPKI: 0.00183 Average ROB Occupancy at Mispredict: 242
Branch type MPKI
BRANCH_DIRECT_JUMP: 4.552e-06
BRANCH_INDIRECT: 2.276e-05
BRANCH_CONDITIONAL: 0.001803
BRANCH_DIRECT_CALL: 0
BRANCH_INDIRECT_CALL: 0
BRANCH_RETURN: 0


CPU 1 cumulative IPC: 3.737 instructions: 573259961 cycles: 153384037
CPU 1 Branch Prediction Accuracy: 98.6% MPKI: 0.6088 Average ROB Occupancy at Mispredict: 111.2
Branch type MPKI
BRANCH_DIRECT_JUMP: 0.0006559
BRANCH_INDIRECT: 0.00086
BRANCH_CONDITIONAL: 0.5161
BRANCH_DIRECT_CALL: 0.0004658
BRANCH_INDIRECT_CALL: 0.01858
BRANCH_RETURN: 0.07209


CPU 0 cumulative IPC: 1.777 instructions: 272526906 cycles: 153384037
CPU 0 Branch Prediction Accuracy: 92.64% MPKI: 12.05 Average ROB Occupancy at Mispredict: 35.1
Branch type MPKI
BRANCH_DIRECT_JUMP: 0.07555
BRANCH_INDIRECT: 0.001119
BRANCH_CONDITIONAL: 11.95
BRANCH_DIRECT_CALL: 0.0005651
BRANCH_INDIRECT_CALL: 7.339e-05
BRANCH_RETURN: 0.02758

cpu9->cpu9_STLB TOTAL        ACCESS:     680235 HIT:     653709 MISS:      26526 MSHR_MERGE:          0
cpu9->cpu9_STLB LOAD         ACCESS:     680235 HIT:     653709 MISS:      26526 MSHR_MERGE:          0
cpu9->cpu9_STLB RFO          ACCESS:          0 HIT:          0 MISS:          0 MSHR_MERGE:          0
cpu9->cpu9_STLB PREFETCH     ACCESS:          0 HIT:          0 MISS:          0 MSHR_MERGE:          0
cpu9->cpu9_STLB WRITE        ACCESS:          0 HIT:          0 MISS:          0 MSHR_MERGE:          0
cpu9->cpu9_STLB TRANSLATION  ACCESS:          0 HIT:          0 MISS:          0 MSHR_MERGE:          0
cpu9->cpu9_STLB PREFETCH REQUESTED:          0 ISSUED:          0 USEFUL:          0 USELESS:          0
cpu9->cpu9_STLB AVERAGE MISS LATENCY: 464.8 cycles
cpu0->cpu9_L2C TOTAL        ACCESS:        232 HIT:        216 MISS:         16 MSHR_MERGE:          0
cpu0->cpu9_L2C LOAD         ACCESS:          0 HIT:          0 MISS:          0 MSHR_MERGE:          0
cpu0->cpu9_L2C RFO          ACCESS:          0 HIT:          0 MISS:          0 MSHR_MERGE:          0
cpu0->cpu9_L2C PREFETCH     ACCESS:          0 HIT:          0 MISS:          0 MSHR_MERGE:          0
cpu0->cpu9_L2C WRITE        ACCESS:        232 HIT:        216 MISS:         16 MSHR_MERGE:          0
cpu0->cpu9_L2C TRANSLATION  ACCESS:          0 HIT:          0 MISS:          0 MSHR_MERGE:          0
cpu0->cpu9_L2C PREFETCH REQUESTED:    2050905 ISSUED:    2050905 USEFUL:        985 USELESS:        221
cpu0->cpu9_L2C AVERAGE MISS LATENCY: 3.014e+06 cycles
cpu9->cpu9_L2C TOTAL        ACCESS:    4935045 HIT:    4096133 MISS:     838912 MSHR_MERGE:     103259
cpu9->cpu9_L2C LOAD         ACCESS:    1817315 HIT:    1569954 MISS:     247361 MSHR_MERGE:        101
cpu9->cpu9_L2C RFO          ACCESS:      54257 HIT:      41702 MISS:      12555 MSHR_MERGE:          0
cpu9->cpu9_L2C PREFETCH     ACCESS:    2835198 HIT:    2310444 MISS:     524754 MSHR_MERGE:     103158
cpu9->cpu9_L2C WRITE        ACCESS:     176241 HIT:     167598 MISS:       8643 MSHR_MERGE:          0
cpu9->cpu9_L2C TRANSLATION  ACCESS:      52034 HIT:       6435 MISS:      45599 MSHR_MERGE:          0
cpu9->cpu9_L2C PREFETCH REQUESTED:    2050905 ISSUED:    2050905 USEFUL:        985 USELESS:        221
cpu9->cpu9_L2C AVERAGE MISS LATENCY: 153.5 cycles
cpu9_L2C FLUSH STALL CYCLES: 7476
cpu9->cpu9_L1I TOTAL        ACCESS:   76342943 HIT:   72727337 MISS:    3615606 MSHR_MERGE:    1652285
cpu9->cpu9_L1I LOAD         ACCESS:   39417941 HIT:   37531767 MISS:    1886174 MSHR_MERGE:     639138
cpu9->cpu9_L1I RFO          ACCESS:          0 HIT:          0 MISS:          0 MSHR_MERGE:          0
cpu9->cpu9_L1I PREFETCH     ACCESS:   36925002 HIT:   35195570 MISS:    1729432 MSHR_MERGE:    1013147
cpu9->cpu9_L1I WRITE        ACCESS:          0 HIT:          0 MISS:          0 MSHR_MERGE:          0
cpu9->cpu9_L1I TRANSLATION  ACCESS:          0 HIT:          0 MISS:          0 MSHR_MERGE:          0
cpu9->cpu9_L1I PREFETCH REQUESTED:   39433287 ISSUED:   36924970 USEFUL:     226805 USELESS:     489457
cpu9->cpu9_L1I AVERAGE MISS LATENCY: 10.13 cycles
cpu9->cpu9_L1D TOTAL        ACCESS:   74481967 HIT:   73418637 MISS:    1063330 MSHR_MERGE:     318742
cpu9->cpu9_L1D LOAD         ACCESS:   31296178 HIT:   30534463 MISS:     761715 MSHR_MERGE:     191436
cpu9->cpu9_L1D RFO          ACCESS:          0 HIT:          0 MISS:          0 MSHR_MERGE:          0
cpu9->cpu9_L1D PREFETCH     ACCESS:     334266 HIT:     253694 MISS:      80572 MSHR_MERGE:      12564
cpu9->cpu9_L1D WRITE        ACCESS:   42794004 HIT:   42625128 MISS:     168876 MSHR_MERGE:     114609
cpu9->cpu9_L1D TRANSLATION  ACCESS:      57519 HIT:       5352 MISS:      52167 MSHR_MERGE:        133
cpu9->cpu9_L1D PREFETCH REQUESTED:     340660 ISSUED:     334250 USEFUL:      34336 USELESS:      33510
cpu9->cpu9_L1D AVERAGE MISS LATENCY: 79.55 cycles
cpu9_L1D FLUSH STALL CYCLES: 168
cpu9->cpu9_ITLB TOTAL        ACCESS:   58912192 HIT:   58737752 MISS:     174440 MSHR_MERGE:     107228
cpu9->cpu9_ITLB LOAD         ACCESS:   58912192 HIT:   58737752 MISS:     174440 MSHR_MERGE:     107228
cpu9->cpu9_ITLB RFO          ACCESS:          0 HIT:          0 MISS:          0 MSHR_MERGE:          0
cpu9->cpu9_ITLB PREFETCH     ACCESS:          0 HIT:          0 MISS:          0 MSHR_MERGE:          0
cpu9->cpu9_ITLB WRITE        ACCESS:          0 HIT:          0 MISS:          0 MSHR_MERGE:          0
cpu9->cpu9_ITLB TRANSLATION  ACCESS:          0 HIT:          0 MISS:          0 MSHR_MERGE:          0
cpu9->cpu9_ITLB PREFETCH REQUESTED:          0 ISSUED:          0 USEFUL:          0 USELESS:          0
cpu9->cpu9_ITLB AVERAGE MISS LATENCY: 11.6 cycles
cpu9->cpu9_DTLB TOTAL        ACCESS:   66872957 HIT:   66041941 MISS:     831016 MSHR_MERGE:     217993
cpu9->cpu9_DTLB LOAD         ACCESS:   66872957 HIT:   66041941 MISS:     831016 MSHR_MERGE:     217993
cpu9->cpu9_DTLB RFO          ACCESS:          0 HIT:          0 MISS:          0 MSHR_MERGE:          0
cpu9->cpu9_DTLB PREFETCH     ACCESS:          0 HIT:          0 MISS:          0 MSHR_MERGE:          0
cpu9->cpu9_DTLB WRITE        ACCESS:          0 HIT:          0 MISS:          0 MSHR_MERGE:          0
cpu9->cpu9_DTLB TRANSLATION  ACCESS:          0 HIT:          0 MISS:          0 MSHR_MERGE:          0
cpu9->cpu9_DTLB PREFETCH REQUESTED:          0 ISSUED:          0 USEFUL:          0 USELESS:          0
cpu9->cpu9_DTLB AVERAGE MISS LATENCY: 24.43 cycles
cpu8->cpu8_STLB TOTAL        ACCESS:        911 HIT:          2 MISS:        909 MSHR_MERGE:          0
cpu8->cpu8_STLB LOAD         ACCESS:        911 HIT:          2 MISS:        909 MSHR_MERGE:          0
cpu8->cpu8_STLB RFO          ACCESS:          0 HIT:          0 MISS:          0 MSHR_MERGE:          0
cpu8->cpu8_STLB PREFETCH     ACCESS:          0 HIT:          0 MISS:          0 MSHR_MERGE:          0
cpu8->cpu8_STLB WRITE        ACCESS:          0 HIT:          0 MISS:          0 MSHR_MERGE:          0
cpu8->cpu8_STLB TRANSLATION  ACCESS:          0 HIT:          0 MISS:          0 MSHR_MERGE:          0
cpu8->cpu8_STLB PREFETCH REQUESTED:          0 ISSUED:          0 USEFUL:          0 USELESS:          0
cpu8->cpu8_STLB AVERAGE MISS LATENCY: 663.7 cycles
cpu0->cpu8_L2C TOTAL        ACCESS:        648 HIT:        462 MISS:        186 MSHR_MERGE:          0
cpu0->cpu8_L2C LOAD         ACCESS:          0 HIT:          0 MISS:          0 MSHR_MERGE:          0
cpu0->cpu8_L2C RFO          ACCESS:          0 HIT:          0 MISS:          0 MSHR_MERGE:          0
cpu0->cpu8_L2C PREFETCH     ACCESS:          0 HIT:          0 MISS:          0 MSHR_MERGE:          0
cpu0->cpu8_L2C WRITE        ACCESS:        648 HIT:        462 MISS:        186 MSHR_MERGE:          0
cpu0->cpu8_L2C TRANSLATION  ACCESS:          0 HIT:          0 MISS:          0 MSHR_MERGE:          0
cpu0->cpu8_L2C PREFETCH REQUESTED:       7021 ISSUED:       7021 USEFUL:         82 USELESS:         28
cpu0->cpu8_L2C AVERAGE MISS LATENCY: 6.103e+04 cycles
cpu8->cpu8_L2C TOTAL        ACCESS:     121934 HIT:      34215 MISS:      87719 MSHR_MERGE:       1809
cpu8->cpu8_L2C LOAD         ACCESS:       1681 HIT:       1261 MISS:        420 MSHR_MERGE:          0
cpu8->cpu8_L2C RFO          ACCESS:      53279 HIT:        701 MISS:      52578 MSHR_MERGE:          0
cpu8->cpu8_L2C PREFETCH     ACCESS:      12347 HIT:       1361 MISS:      10986 MSHR_MERGE:       1809
cpu8->cpu8_L2C WRITE        ACCESS:      53530 HIT:      30848 MISS:      22682 MSHR_MERGE:          0
cpu8->cpu8_L2C TRANSLATION  ACCESS:       1097 HIT:         44 MISS:       1053 MSHR_MERGE:          0
cpu8->cpu8_L2C PREFETCH REQUESTED:       7021 ISSUED:       7021 USEFUL:         82 USELESS:         28
cpu8->cpu8_L2C AVERAGE MISS LATENCY: 147.9 cycles
cpu8_L2C FLUSH STALL CYCLES: 19597
cpu8->cpu8_L1I TOTAL        ACCESS:   41322895 HIT:   41322894 MISS:          1 MSHR_MERGE:          0
cpu8->cpu8_L1I LOAD         ACCESS:   21363626 HIT:   21363626 MISS:          0 MSHR_MERGE:          0
cpu8->cpu8_L1I RFO          ACCESS:          0 HIT:          0 MISS:          0 MSHR_MERGE:          0
cpu8->cpu8_L1I PREFETCH     ACCESS:   19959269 HIT:   19959268 MISS:          1 MSHR_MERGE:          0
cpu8->cpu8_L1I WRITE        ACCESS:          0 HIT:          0 MISS:          0 MSHR_MERGE:          0
cpu8->cpu8_L1I TRANSLATION  ACCESS:          0 HIT:          0 MISS:          0 MSHR_MERGE:          0
cpu8->cpu8_L1I PREFETCH REQUESTED:   21363626 ISSUED:   19959269 USEFUL:          0 USELESS:          0
cpu8->cpu8_L1I AVERAGE MISS LATENCY: - cycles
cpu8->cpu8_L1D TOTAL        ACCESS:  110945004 HIT:  110566426 MISS:     378578 MSHR_MERGE:     317196
cpu8->cpu8_L1D LOAD         ACCESS:   90964515 HIT:   90962215 MISS:       2300 MSHR_MERGE:        619
cpu8->cpu8_L1D RFO          ACCESS:          0 HIT:          0 MISS:          0 MSHR_MERGE:          0
cpu8->cpu8_L1D PREFETCH     ACCESS:     469361 HIT:     462670 MISS:       6691 MSHR_MERGE:       1366
cpu8->cpu8_L1D WRITE        ACCESS:   19509308 HIT:   19140818 MISS:     368490 MSHR_MERGE:     315211
cpu8->cpu8_L1D TRANSLATION  ACCESS:       1820 HIT:        723 MISS:       1097 MSHR_MERGE:          0
cpu8->cpu8_L1D PREFETCH REQUESTED:     469361 ISSUED:     469361 USEFUL:       5218 USELESS:         33
cpu8->cpu8_L1D AVERAGE MISS LATENCY: 211 cycles
cpu8_L1D FLUSH STALL CYCLES: 584
cpu8->cpu8_ITLB TOTAL        ACCESS:   30118619 HIT:   30118619 MISS:          0 MSHR_MERGE:          0
cpu8->cpu8_ITLB LOAD         ACCESS:   30118619 HIT:   30118619 MISS:          0 MSHR_MERGE:          0
cpu8->cpu8_ITLB RFO          ACCESS:          0 HIT:          0 MISS:          0 MSHR_MERGE:          0
cpu8->cpu8_ITLB PREFETCH     ACCESS:          0 HIT:          0 MISS:          0 MSHR_MERGE:          0
cpu8->cpu8_ITLB WRITE        ACCESS:          0 HIT:          0 MISS:          0 MSHR_MERGE:          0
cpu8->cpu8_ITLB TRANSLATION  ACCESS:          0 HIT:          0 MISS:          0 MSHR_MERGE:          0
cpu8->cpu8_ITLB PREFETCH REQUESTED:          0 ISSUED:          0 USEFUL:          0 USELESS:          0
cpu8->cpu8_ITLB AVERAGE MISS LATENCY: - cycles
cpu8->cpu8_DTLB TOTAL        ACCESS:  103321128 HIT:  103311010 MISS:      10118 MSHR_MERGE:       9207
cpu8->cpu8_DTLB LOAD         ACCESS:  103321128 HIT:  103311010 MISS:      10118 MSHR_MERGE:       9207
cpu8->cpu8_DTLB RFO          ACCESS:          0 HIT:          0 MISS:          0 MSHR_MERGE:          0
cpu8->cpu8_DTLB PREFETCH     ACCESS:          0 HIT:          0 MISS:          0 MSHR_MERGE:          0
cpu8->cpu8_DTLB WRITE        ACCESS:          0 HIT:          0 MISS:          0 MSHR_MERGE:          0
cpu8->cpu8_DTLB TRANSLATION  ACCESS:          0 HIT:          0 MISS:          0 MSHR_MERGE:          0
cpu8->cpu8_DTLB PREFETCH REQUESTED:          0 ISSUED:          0 USEFUL:          0 USELESS:          0
cpu8->cpu8_DTLB AVERAGE MISS LATENCY: 668.3 cycles
cpu7->cpu7_STLB TOTAL        ACCESS:     118805 HIT:     118441 MISS:        364 MSHR_MERGE:          0
cpu7->cpu7_STLB LOAD         ACCESS:     118805 HIT:     118441 MISS:        364 MSHR_MERGE:          0
cpu7->cpu7_STLB RFO          ACCESS:          0 HIT:          0 MISS:          0 MSHR_MERGE:          0
cpu7->cpu7_STLB PREFETCH     ACCESS:          0 HIT:          0 MISS:          0 MSHR_MERGE:          0
cpu7->cpu7_STLB WRITE        ACCESS:          0 HIT:          0 MISS:          0 MSHR_MERGE:          0
cpu7->cpu7_STLB TRANSLATION  ACCESS:          0 HIT:          0 MISS:          0 MSHR_MERGE:          0
cpu7->cpu7_STLB PREFETCH REQUESTED:          0 ISSUED:          0 USEFUL:          0 USELESS:          0
cpu7->cpu7_STLB AVERAGE MISS LATENCY: 833.5 cycles
cpu0->cpu7_L2C TOTAL        ACCESS:        365 HIT:        365 MISS:          0 MSHR_MERGE:          0
cpu0->cpu7_L2C LOAD         ACCESS:          0 HIT:          0 MISS:          0 MSHR_MERGE:          0
cpu0->cpu7_L2C RFO          ACCESS:          0 HIT:          0 MISS:          0 MSHR_MERGE:          0
cpu0->cpu7_L2C PREFETCH     ACCESS:          0 HIT:          0 MISS:          0 MSHR_MERGE:          0
cpu0->cpu7_L2C WRITE        ACCESS:        365 HIT:        365 MISS:          0 MSHR_MERGE:          0
cpu0->cpu7_L2C TRANSLATION  ACCESS:          0 HIT:          0 MISS:          0 MSHR_MERGE:          0
cpu0->cpu7_L2C PREFETCH REQUESTED:     254866 ISSUED:     254866 USEFUL:         15 USELESS:         13
cpu0->cpu7_L2C AVERAGE MISS LATENCY: - cycles
cpu7->cpu7_L2C TOTAL        ACCESS:     843905 HIT:     820913 MISS:      22992 MSHR_MERGE:       1985
cpu7->cpu7_L2C LOAD         ACCESS:     359231 HIT:     357073 MISS:       2158 MSHR_MERGE:          0
cpu7->cpu7_L2C RFO          ACCESS:      44137 HIT:      44026 MISS:        111 MSHR_MERGE:          0
cpu7->cpu7_L2C PREFETCH     ACCESS:     347334 HIT:     327352 MISS:      19982 MSHR_MERGE:       1985
cpu7->cpu7_L2C WRITE        ACCESS:      92478 HIT:      92454 MISS:         24 MSHR_MERGE:          0
cpu7->cpu7_L2C TRANSLATION  ACCESS:        725 HIT:          8 MISS:        717 MSHR_MERGE:          0
cpu7->cpu7_L2C PREFETCH REQUESTED:     254866 ISSUED:     254866 USEFUL:         15 USELESS:         13
cpu7->cpu7_L2C AVERAGE MISS LATENCY: 200.2 cycles
cpu7_L2C FLUSH STALL CYCLES: 13849
cpu7->cpu7_L1I TOTAL        ACCESS:   70234196 HIT:   70016266 MISS:     217930 MSHR_MERGE:     118153
cpu7->cpu7_L1I LOAD         ACCESS:   35415240 HIT:   35310583 MISS:     104657 MSHR_MERGE:      48780
cpu7->cpu7_L1I RFO          ACCESS:          0 HIT:          0 MISS:          0 MSHR_MERGE:          0
cpu7->cpu7_L1I PREFETCH     ACCESS:   34818956 HIT:   34705683 MISS:     113273 MSHR_MERGE:      69373
cpu7->cpu7_L1I WRITE        ACCESS:          0 HIT:          0 MISS:          0 MSHR_MERGE:          0
cpu7->cpu7_L1I TRANSLATION  ACCESS:          0 HIT:          0 MISS:          0 MSHR_MERGE:          0
cpu7->cpu7_L1I PREFETCH REQUESTED:   35415240 ISSUED:   34818924 USEFUL:      24853 USELESS:      19048
cpu7->cpu7_L1I AVERAGE MISS LATENCY: 9.027 cycles
cpu7->cpu7_L1D TOTAL        ACCESS:   82252715 HIT:   81746518 MISS:     506197 MSHR_MERGE:     109378
cpu7->cpu7_L1D LOAD         ACCESS:   46322773 HIT:   46003353 MISS:     319420 MSHR_MERGE:      16059
cpu7->cpu7_L1D RFO          ACCESS:          0 HIT:          0 MISS:          0 MSHR_MERGE:          0
cpu7->cpu7_L1D PREFETCH     ACCESS:    4591681 HIT:    4521808 MISS:      69873 MSHR_MERGE:      21305
cpu7->cpu7_L1D WRITE        ACCESS:   31337533 HIT:   31221354 MISS:     116179 MSHR_MERGE:      72014
cpu7->cpu7_L1D TRANSLATION  ACCESS:        728 HIT:          3 MISS:        725 MSHR_MERGE:          0
cpu7->cpu7_L1D PREFETCH REQUESTED:    4592192 ISSUED:    4591681 USEFUL:      36571 USELESS:      11965
cpu7->cpu7_L1D AVERAGE MISS LATENCY: 11.68 cycles
cpu7_L1D FLUSH STALL CYCLES: 301
cpu7->cpu7_ITLB TOTAL        ACCESS:   55754807 HIT:   55754807 MISS:          0 MSHR_MERGE:          0
cpu7->cpu7_ITLB LOAD         ACCESS:   55754807 HIT:   55754807 MISS:          0 MSHR_MERGE:          0
cpu7->cpu7_ITLB RFO          ACCESS:          0 HIT:          0 MISS:          0 MSHR_MERGE:          0
cpu7->cpu7_ITLB PREFETCH     ACCESS:          0 HIT:          0 MISS:          0 MSHR_MERGE:          0
cpu7->cpu7_ITLB WRITE        ACCESS:          0 HIT:          0 MISS:          0 MSHR_MERGE:          0
cpu7->cpu7_ITLB TRANSLATION  ACCESS:          0 HIT:          0 MISS:          0 MSHR_MERGE:          0
cpu7->cpu7_ITLB PREFETCH REQUESTED:          0 ISSUED:          0 USEFUL:          0 USELESS:          0
cpu7->cpu7_ITLB AVERAGE MISS LATENCY: - cycles
cpu7->cpu7_DTLB TOTAL        ACCESS:   72907974 HIT:   72770945 MISS:     137029 MSHR_MERGE:      18224
cpu7->cpu7_DTLB LOAD         ACCESS:   72907974 HIT:   72770945 MISS:     137029 MSHR_MERGE:      18224
cpu7->cpu7_DTLB RFO          ACCESS:          0 HIT:          0 MISS:          0 MSHR_MERGE:          0
cpu7->cpu7_DTLB PREFETCH     ACCESS:          0 HIT:          0 MISS:          0 MSHR_MERGE:          0
cpu7->cpu7_DTLB WRITE        ACCESS:          0 HIT:          0 MISS:          0 MSHR_MERGE:          0
cpu7->cpu7_DTLB TRANSLATION  ACCESS:          0 HIT:          0 MISS:          0 MSHR_MERGE:          0
cpu7->cpu7_DTLB PREFETCH REQUESTED:          0 ISSUED:          0 USEFUL:          0 USELESS:          0
cpu7->cpu7_DTLB AVERAGE MISS LATENCY: 7.557 cycles
cpu6->cpu6_STLB TOTAL        ACCESS:       2666 HIT:          0 MISS:       2666 MSHR_MERGE:          0
cpu6->cpu6_STLB LOAD         ACCESS:       2666 HIT:          0 MISS:       2666 MSHR_MERGE:          0
cpu6->cpu6_STLB RFO          ACCESS:          0 HIT:          0 MISS:          0 MSHR_MERGE:          0
cpu6->cpu6_STLB PREFETCH     ACCESS:          0 HIT:          0 MISS:          0 MSHR_MERGE:          0
cpu6->cpu6_STLB WRITE        ACCESS:          0 HIT:          0 MISS:          0 MSHR_MERGE:          0
cpu6->cpu6_STLB TRANSLATION  ACCESS:          0 HIT:          0 MISS:          0 MSHR_MERGE:          0
cpu6->cpu6_STLB PREFETCH REQUESTED:          0 ISSUED:          0 USEFUL:          0 USELESS:          0
cpu6->cpu6_STLB AVERAGE MISS LATENCY: 652.9 cycles
cpu0->cpu6_L2C TOTAL        ACCESS:         15 HIT:          0 MISS:         15 MSHR_MERGE:          0
cpu0->cpu6_L2C LOAD         ACCESS:          0 HIT:          0 MISS:          0 MSHR_MERGE:          0
cpu0->cpu6_L2C RFO          ACCESS:          0 HIT:          0 MISS:          0 MSHR_MERGE:          0
cpu0->cpu6_L2C PREFETCH     ACCESS:          0 HIT:          0 MISS:          0 MSHR_MERGE:          0
cpu0->cpu6_L2C WRITE        ACCESS:         15 HIT:          0 MISS:         15 MSHR_MERGE:          0
cpu0->cpu6_L2C TRANSLATION  ACCESS:          0 HIT:          0 MISS:          0 MSHR_MERGE:          0
cpu0->cpu6_L2C PREFETCH REQUESTED:    3393097 ISSUED:    2848928 USEFUL:      66713 USELESS:        766
cpu0->cpu6_L2C AVERAGE MISS LATENCY: 8.126e+04 cycles
cpu6->cpu6_L2C TOTAL        ACCESS:    3022589 HIT:      66705 MISS:    2955884 MSHR_MERGE:      92407
cpu6->cpu6_L2C LOAD         ACCESS:      10590 HIT:       6158 MISS:       4432 MSHR_MERGE:          8
cpu6->cpu6_L2C RFO          ACCESS:          0 HIT:          0 MISS:          0 MSHR_MERGE:          0
cpu6->cpu6_L2C PREFETCH     ACCESS:    3008993 HIT:      60547 MISS:    2948446 MSHR_MERGE:      92399
cpu6->cpu6_L2C WRITE        ACCESS:          0 HIT:          0 MISS:          0 MSHR_MERGE:          0
cpu6->cpu6_L2C TRANSLATION  ACCESS:       3006 HIT:          0 MISS:       3006 MSHR_MERGE:          0
cpu6->cpu6_L2C PREFETCH REQUESTED:    3393097 ISSUED:    2848928 USEFUL:      66713 USELESS:        766
cpu6->cpu6_L2C AVERAGE MISS LATENCY: 163.9 cycles
cpu6->cpu6_L1I TOTAL        ACCESS:  142992864 HIT:  142992863 MISS:          1 MSHR_MERGE:          0
cpu6->cpu6_L1I LOAD         ACCESS:   72765606 HIT:   72765606 MISS:          0 MSHR_MERGE:          0
cpu6->cpu6_L1I RFO          ACCESS:          0 HIT:          0 MISS:          0 MSHR_MERGE:          0
cpu6->cpu6_L1I PREFETCH     ACCESS:   70227258 HIT:   70227257 MISS:          1 MSHR_MERGE:          0
cpu6->cpu6_L1I WRITE        ACCESS:          0 HIT:          0 MISS:          0 MSHR_MERGE:          0
cpu6->cpu6_L1I TRANSLATION  ACCESS:          0 HIT:          0 MISS:          0 MSHR_MERGE:          0
cpu6->cpu6_L1I PREFETCH REQUESTED:   72765606 ISSUED:   70227258 USEFUL:          0 USELESS:          0
cpu6->cpu6_L1I AVERAGE MISS LATENCY: - cycles
cpu6->cpu6_L1D TOTAL        ACCESS:   62944919 HIT:   62604916 MISS:     340003 MSHR_MERGE:     166343
cpu6->cpu6_L1D LOAD         ACCESS:   24986294 HIT:   24876598 MISS:     109696 MSHR_MERGE:      99106
cpu6->cpu6_L1D RFO          ACCESS:          0 HIT:          0 MISS:          0 MSHR_MERGE:          0
cpu6->cpu6_L1D PREFETCH     ACCESS:   29421279 HIT:   29193978 MISS:     227301 MSHR_MERGE:      67237
cpu6->cpu6_L1D WRITE        ACCESS:    8532008 HIT:    8532008 MISS:          0 MSHR_MERGE:          0
cpu6->cpu6_L1D TRANSLATION  ACCESS:       5338 HIT:       2332 MISS:       3006 MSHR_MERGE:          0
cpu6->cpu6_L1D PREFETCH REQUESTED:   29421279 ISSUED:   29421279 USEFUL:     160050 USELESS:          6
cpu6->cpu6_L1D AVERAGE MISS LATENCY: 100.2 cycles
cpu6->cpu6_ITLB TOTAL        ACCESS:  108961183 HIT:  108961183 MISS:          0 MSHR_MERGE:          0
cpu6->cpu6_ITLB LOAD         ACCESS:  108961183 HIT:  108961183 MISS:          0 MSHR_MERGE:          0
cpu6->cpu6_ITLB RFO          ACCESS:          0 HIT:          0 MISS:          0 MSHR_MERGE:          0
cpu6->cpu6_ITLB PREFETCH     ACCESS:          0 HIT:          0 MISS:          0 MSHR_MERGE:          0
cpu6->cpu6_ITLB WRITE        ACCESS:          0 HIT:          0 MISS:          0 MSHR_MERGE:          0
cpu6->cpu6_ITLB TRANSLATION  ACCESS:          0 HIT:          0 MISS:          0 MSHR_MERGE:          0
cpu6->cpu6_ITLB PREFETCH REQUESTED:          0 ISSUED:          0 USEFUL:          0 USELESS:          0
cpu6->cpu6_ITLB AVERAGE MISS LATENCY: - cycles
cpu6->cpu6_DTLB TOTAL        ACCESS:   30306983 HIT:   30275072 MISS:      31911 MSHR_MERGE:      29245
cpu6->cpu6_DTLB LOAD         ACCESS:   30306983 HIT:   30275072 MISS:      31911 MSHR_MERGE:      29245
cpu6->cpu6_DTLB RFO          ACCESS:          0 HIT:          0 MISS:          0 MSHR_MERGE:          0
cpu6->cpu6_DTLB PREFETCH     ACCESS:          0 HIT:          0 MISS:          0 MSHR_MERGE:          0
cpu6->cpu6_DTLB WRITE        ACCESS:          0 HIT:          0 MISS:          0 MSHR_MERGE:          0
cpu6->cpu6_DTLB TRANSLATION  ACCESS:          0 HIT:          0 MISS:          0 MSHR_MERGE:          0
cpu6->cpu6_DTLB PREFETCH REQUESTED:          0 ISSUED:          0 USEFUL:          0 USELESS:          0
cpu6->cpu6_DTLB AVERAGE MISS LATENCY: 658.9 cycles
cpu5->cpu5_STLB TOTAL        ACCESS:    4414163 HIT:    4408060 MISS:       6103 MSHR_MERGE:          0
cpu5->cpu5_STLB LOAD         ACCESS:    4414163 HIT:    4408060 MISS:       6103 MSHR_MERGE:          0
cpu5->cpu5_STLB RFO          ACCESS:          0 HIT:          0 MISS:          0 MSHR_MERGE:          0
cpu5->cpu5_STLB PREFETCH     ACCESS:          0 HIT:          0 MISS:          0 MSHR_MERGE:          0
cpu5->cpu5_STLB WRITE        ACCESS:          0 HIT:          0 MISS:          0 MSHR_MERGE:          0
cpu5->cpu5_STLB TRANSLATION  ACCESS:          0 HIT:          0 MISS:          0 MSHR_MERGE:          0
cpu5->cpu5_STLB PREFETCH REQUESTED:          0 ISSUED:          0 USEFUL:          0 USELESS:          0
cpu5->cpu5_STLB AVERAGE MISS LATENCY: 409.6 cycles
cpu0->cpu5_L2C TOTAL        ACCESS:         28 HIT:         28 MISS:          0 MSHR_MERGE:          0
cpu0->cpu5_L2C LOAD         ACCESS:          0 HIT:          0 MISS:          0 MSHR_MERGE:          0
cpu0->cpu5_L2C RFO          ACCESS:          0 HIT:          0 MISS:          0 MSHR_MERGE:          0
cpu0->cpu5_L2C PREFETCH     ACCESS:          0 HIT:          0 MISS:          0 MSHR_MERGE:          0
cpu0->cpu5_L2C WRITE        ACCESS:         28 HIT:         28 MISS:          0 MSHR_MERGE:          0
cpu0->cpu5_L2C TRANSLATION  ACCESS:          0 HIT:          0 MISS:          0 MSHR_MERGE:          0
cpu0->cpu5_L2C PREFETCH REQUESTED:    9353614 ISSUED:    9353614 USEFUL:       2039 USELESS:       7137
cpu0->cpu5_L2C AVERAGE MISS LATENCY: - cycles
cpu5->cpu5_L2C TOTAL        ACCESS:   19122591 HIT:   16618647 MISS:    2503944 MSHR_MERGE:      20259
cpu5->cpu5_L2C LOAD         ACCESS:    7447643 HIT:    7381323 MISS:      66320 MSHR_MERGE:         48
cpu5->cpu5_L2C RFO          ACCESS:     315296 HIT:      85029 MISS:     230267 MSHR_MERGE:        157
cpu5->cpu5_L2C PREFETCH     ACCESS:   10823172 HIT:    8643846 MISS:    2179326 MSHR_MERGE:      20054
cpu5->cpu5_L2C WRITE        ACCESS:     525221 HIT:     507165 MISS:      18056 MSHR_MERGE:          0
cpu5->cpu5_L2C TRANSLATION  ACCESS:      11259 HIT:       1284 MISS:       9975 MSHR_MERGE:          0
cpu5->cpu5_L2C PREFETCH REQUESTED:    9353614 ISSUED:    9353614 USEFUL:       2039 USELESS:       7137
cpu5->cpu5_L2C AVERAGE MISS LATENCY: 161 cycles
cpu5_L2C FLUSH STALL CYCLES: 16171
cpu5->cpu5_L1I TOTAL        ACCESS:   75062721 HIT:   71582427 MISS:    3480294 MSHR_MERGE:    1367322
cpu5->cpu5_L1I LOAD         ACCESS:   37764609 HIT:   35975979 MISS:    1788630 MSHR_MERGE:     651324
cpu5->cpu5_L1I RFO          ACCESS:          0 HIT:          0 MISS:          0 MSHR_MERGE:          0
cpu5->cpu5_L1I PREFETCH     ACCESS:   37298112 HIT:   35606448 MISS:    1691664 MSHR_MERGE:     715998
cpu5->cpu5_L1I WRITE        ACCESS:          0 HIT:          0 MISS:          0 MSHR_MERGE:          0
cpu5->cpu5_L1I TRANSLATION  ACCESS:          0 HIT:          0 MISS:          0 MSHR_MERGE:          0
cpu5->cpu5_L1I PREFETCH REQUESTED:   37767548 ISSUED:   37298112 USEFUL:     407534 USELESS:     568123
cpu5->cpu5_L1I AVERAGE MISS LATENCY: 9.663 cycles
cpu5->cpu5_L1D TOTAL        ACCESS:   66958854 HIT:   57202757 MISS:    9756097 MSHR_MERGE:    2625266
cpu5->cpu5_L1D LOAD         ACCESS:   43060421 HIT:   35417450 MISS:    7642971 MSHR_MERGE:    1332633
cpu5->cpu5_L1D RFO          ACCESS:          0 HIT:          0 MISS:          0 MSHR_MERGE:          0
cpu5->cpu5_L1D PREFETCH     ACCESS:    7354699 HIT:    6443566 MISS:     911133 MSHR_MERGE:     417195
cpu5->cpu5_L1D WRITE        ACCESS:   16531501 HIT:   15340835 MISS:    1190666 MSHR_MERGE:     875370
cpu5->cpu5_L1D TRANSLATION  ACCESS:      12233 HIT:        906 MISS:      11327 MSHR_MERGE:         68
cpu5->cpu5_L1D PREFETCH REQUESTED:    7631530 ISSUED:    7354699 USEFUL:     426210 USELESS:      60927
cpu5->cpu5_L1D AVERAGE MISS LATENCY: 17.91 cycles
cpu5->cpu5_ITLB TOTAL        ACCESS:   59165344 HIT:   58964041 MISS:     201303 MSHR_MERGE:     103238
cpu5->cpu5_ITLB LOAD         ACCESS:   59165344 HIT:   58964041 MISS:     201303 MSHR_MERGE:     103238
cpu5->cpu5_ITLB RFO          ACCESS:          0 HIT:          0 MISS:          0 MSHR_MERGE:          0
cpu5->cpu5_ITLB PREFETCH     ACCESS:          0 HIT:          0 MISS:          0 MSHR_MERGE:          0
cpu5->cpu5_ITLB WRITE        ACCESS:          0 HIT:          0 MISS:          0 MSHR_MERGE:          0
cpu5->cpu5_ITLB TRANSLATION  ACCESS:          0 HIT:          0 MISS:          0 MSHR_MERGE:          0
cpu5->cpu5_ITLB PREFETCH REQUESTED:          0 ISSUED:          0 USEFUL:          0 USELESS:          0
cpu5->cpu5_ITLB AVERAGE MISS LATENCY: 7.747 cycles
cpu5->cpu5_DTLB TOTAL        ACCESS:   57266646 HIT:   50890998 MISS:    6375648 MSHR_MERGE:    2059550
cpu5->cpu5_DTLB LOAD         ACCESS:   57266646 HIT:   50890998 MISS:    6375648 MSHR_MERGE:    2059550
cpu5->cpu5_DTLB RFO          ACCESS:          0 HIT:          0 MISS:          0 MSHR_MERGE:          0
cpu5->cpu5_DTLB PREFETCH     ACCESS:          0 HIT:          0 MISS:          0 MSHR_MERGE:          0
cpu5->cpu5_DTLB WRITE        ACCESS:          0 HIT:          0 MISS:          0 MSHR_MERGE:          0
cpu5->cpu5_DTLB TRANSLATION  ACCESS:          0 HIT:          0 MISS:          0 MSHR_MERGE:          0
cpu5->cpu5_DTLB PREFETCH REQUESTED:          0 ISSUED:          0 USEFUL:          0 USELESS:          0
cpu5->cpu5_DTLB AVERAGE MISS LATENCY: 5.519 cycles
cpu4->cpu4_STLB TOTAL        ACCESS:      65220 HIT:      20671 MISS:      44549 MSHR_MERGE:          0
cpu4->cpu4_STLB LOAD         ACCESS:      65220 HIT:      20671 MISS:      44549 MSHR_MERGE:          0
cpu4->cpu4_STLB RFO          ACCESS:          0 HIT:          0 MISS:          0 MSHR_MERGE:          0
cpu4->cpu4_STLB PREFETCH     ACCESS:          0 HIT:          0 MISS:          0 MSHR_MERGE:          0
cpu4->cpu4_STLB WRITE        ACCESS:          0 HIT:          0 MISS:          0 MSHR_MERGE:          0
cpu4->cpu4_STLB TRANSLATION  ACCESS:          0 HIT:          0 MISS:          0 MSHR_MERGE:          0
cpu4->cpu4_STLB PREFETCH REQUESTED:          0 ISSUED:          0 USEFUL:          0 USELESS:          0
cpu4->cpu4_STLB AVERAGE MISS LATENCY: 866.5 cycles
cpu0->cpu4_L2C TOTAL        ACCESS:        237 HIT:        221 MISS:         16 MSHR_MERGE:          0
cpu0->cpu4_L2C LOAD         ACCESS:          0 HIT:          0 MISS:          0 MSHR_MERGE:          0
cpu0->cpu4_L2C RFO          ACCESS:          0 HIT:          0 MISS:          0 MSHR_MERGE:          0
cpu0->cpu4_L2C PREFETCH     ACCESS:          0 HIT:          0 MISS:          0 MSHR_MERGE:          0
cpu0->cpu4_L2C WRITE        ACCESS:        237 HIT:        221 MISS:         16 MSHR_MERGE:          0
cpu0->cpu4_L2C TRANSLATION  ACCESS:          0 HIT:          0 MISS:          0 MSHR_MERGE:          0
cpu0->cpu4_L2C PREFETCH REQUESTED:     373090 ISSUED:     373090 USEFUL:         19 USELESS:        125
cpu0->cpu4_L2C AVERAGE MISS LATENCY: 2.161e+06 cycles
cpu4->cpu4_L2C TOTAL        ACCESS:    1582960 HIT:    1301168 MISS:     281792 MSHR_MERGE:      31374
cpu4->cpu4_L2C LOAD         ACCESS:     632679 HIT:     562882 MISS:      69797 MSHR_MERGE:          1
cpu4->cpu4_L2C RFO          ACCESS:      74523 HIT:      73205 MISS:       1318 MSHR_MERGE:          0
cpu4->cpu4_L2C PREFETCH     ACCESS:     608979 HIT:     505364 MISS:     103615 MSHR_MERGE:      31373
cpu4->cpu4_L2C WRITE        ACCESS:     135841 HIT:     130064 MISS:       5777 MSHR_MERGE:          0
cpu4->cpu4_L2C TRANSLATION  ACCESS:     130938 HIT:      29653 MISS:     101285 MSHR_MERGE:          0
cpu4->cpu4_L2C PREFETCH REQUESTED:     373090 ISSUED:     373090 USEFUL:         19 USELESS:        125
cpu4->cpu4_L2C AVERAGE MISS LATENCY: 194 cycles
cpu4_L2C FLUSH STALL CYCLES: 15404
cpu4->cpu4_L1I TOTAL        ACCESS:   72343921 HIT:   71038172 MISS:    1305749 MSHR_MERGE:     620532
cpu4->cpu4_L1I LOAD         ACCESS:   36583563 HIT:   35876308 MISS:     707255 MSHR_MERGE:     228838
cpu4->cpu4_L1I RFO          ACCESS:          0 HIT:          0 MISS:          0 MSHR_MERGE:          0
cpu4->cpu4_L1I PREFETCH     ACCESS:   35760358 HIT:   35161864 MISS:     598494 MSHR_MERGE:     391694
cpu4->cpu4_L1I WRITE        ACCESS:          0 HIT:          0 MISS:          0 MSHR_MERGE:          0
cpu4->cpu4_L1I TRANSLATION  ACCESS:          0 HIT:          0 MISS:          0 MSHR_MERGE:          0
cpu4->cpu4_L1I PREFETCH REQUESTED:   36583569 ISSUED:   35760345 USEFUL:     107984 USELESS:      98812
cpu4->cpu4_L1I AVERAGE MISS LATENCY: 9.125 cycles
cpu4->cpu4_L1D TOTAL        ACCESS:   68711128 HIT:   68086279 MISS:     624849 MSHR_MERGE:     236034
cpu4->cpu4_L1D LOAD         ACCESS:   39524535 HIT:   39268622 MISS:     255913 MSHR_MERGE:     101651
cpu4->cpu4_L1D RFO          ACCESS:          0 HIT:          0 MISS:          0 MSHR_MERGE:          0
cpu4->cpu4_L1D PREFETCH     ACCESS:     707289 HIT:     677927 MISS:      29362 MSHR_MERGE:        273
cpu4->cpu4_L1D WRITE        ACCESS:   28345221 HIT:   28136873 MISS:     208348 MSHR_MERGE:     133822
cpu4->cpu4_L1D TRANSLATION  ACCESS:     134083 HIT:       2857 MISS:     131226 MSHR_MERGE:        288
cpu4->cpu4_L1D PREFETCH REQUESTED:     707423 ISSUED:     707289 USEFUL:       4510 USELESS:      24579
cpu4->cpu4_L1D AVERAGE MISS LATENCY: 106.3 cycles
cpu4_L1D FLUSH STALL CYCLES: 173
cpu4->cpu4_ITLB TOTAL        ACCESS:   53910246 HIT:   53910244 MISS:          2 MSHR_MERGE:          0
cpu4->cpu4_ITLB LOAD         ACCESS:   53910246 HIT:   53910244 MISS:          2 MSHR_MERGE:          0
cpu4->cpu4_ITLB RFO          ACCESS:          0 HIT:          0 MISS:          0 MSHR_MERGE:          0
cpu4->cpu4_ITLB PREFETCH     ACCESS:          0 HIT:          0 MISS:          0 MSHR_MERGE:          0
cpu4->cpu4_ITLB WRITE        ACCESS:          0 HIT:          0 MISS:          0 MSHR_MERGE:          0
cpu4->cpu4_ITLB TRANSLATION  ACCESS:          0 HIT:          0 MISS:          0 MSHR_MERGE:          0
cpu4->cpu4_ITLB PREFETCH REQUESTED:          0 ISSUED:          0 USEFUL:          0 USELESS:          0
cpu4->cpu4_ITLB AVERAGE MISS LATENCY: 610.5 cycles
cpu4->cpu4_DTLB TOTAL        ACCESS:   62938906 HIT:   62777086 MISS:     161820 MSHR_MERGE:      96602
cpu4->cpu4_DTLB LOAD         ACCESS:   62938906 HIT:   62777086 MISS:     161820 MSHR_MERGE:      96602
cpu4->cpu4_DTLB RFO          ACCESS:          0 HIT:          0 MISS:          0 MSHR_MERGE:          0
cpu4->cpu4_DTLB PREFETCH     ACCESS:          0 HIT:          0 MISS:          0 MSHR_MERGE:          0
cpu4->cpu4_DTLB WRITE        ACCESS:          0 HIT:          0 MISS:          0 MSHR_MERGE:          0
cpu4->cpu4_DTLB TRANSLATION  ACCESS:          0 HIT:          0 MISS:          0 MSHR_MERGE:          0
cpu4->cpu4_DTLB PREFETCH REQUESTED:          0 ISSUED:          0 USEFUL:          0 USELESS:          0
cpu4->cpu4_DTLB AVERAGE MISS LATENCY: 597.6 cycles
cpu3->cpu3_STLB TOTAL        ACCESS:      15926 HIT:       1259 MISS:      14667 MSHR_MERGE:          0
cpu3->cpu3_STLB LOAD         ACCESS:      15926 HIT:       1259 MISS:      14667 MSHR_MERGE:          0
cpu3->cpu3_STLB RFO          ACCESS:          0 HIT:          0 MISS:          0 MSHR_MERGE:          0
cpu3->cpu3_STLB PREFETCH     ACCESS:          0 HIT:          0 MISS:          0 MSHR_MERGE:          0
cpu3->cpu3_STLB WRITE        ACCESS:          0 HIT:          0 MISS:          0 MSHR_MERGE:          0
cpu3->cpu3_STLB TRANSLATION  ACCESS:          0 HIT:          0 MISS:          0 MSHR_MERGE:          0
cpu3->cpu3_STLB PREFETCH REQUESTED:          0 ISSUED:          0 USEFUL:          0 USELESS:          0
cpu3->cpu3_STLB AVERAGE MISS LATENCY: 416.7 cycles
cpu0->cpu3_L2C TOTAL        ACCESS:        439 HIT:        344 MISS:         95 MSHR_MERGE:          0
cpu0->cpu3_L2C LOAD         ACCESS:          0 HIT:          0 MISS:          0 MSHR_MERGE:          0
cpu0->cpu3_L2C RFO          ACCESS:          0 HIT:          0 MISS:          0 MSHR_MERGE:          0
cpu0->cpu3_L2C PREFETCH     ACCESS:          0 HIT:          0 MISS:          0 MSHR_MERGE:          0
cpu0->cpu3_L2C WRITE        ACCESS:        439 HIT:        344 MISS:         95 MSHR_MERGE:          0
cpu0->cpu3_L2C TRANSLATION  ACCESS:          0 HIT:          0 MISS:          0 MSHR_MERGE:          0
cpu0->cpu3_L2C PREFETCH REQUESTED:    6320263 ISSUED:    6170182 USEFUL:     259475 USELESS:       3855
cpu0->cpu3_L2C AVERAGE MISS LATENCY: 7.228e+05 cycles
cpu3->cpu3_L2C TOTAL        ACCESS:    7223246 HIT:     398131 MISS:    6825115 MSHR_MERGE:     166669
cpu3->cpu3_L2C LOAD         ACCESS:     415124 HIT:     215535 MISS:     199589 MSHR_MERGE:      55175
cpu3->cpu3_L2C RFO          ACCESS:     291056 HIT:          0 MISS:     291056 MSHR_MERGE:          0
cpu3->cpu3_L2C PREFETCH     ACCESS:    6208507 HIT:       6849 MISS:    6201658 MSHR_MERGE:     111494
cpu3->cpu3_L2C WRITE        ACCESS:     291080 HIT:     175746 MISS:     115334 MSHR_MERGE:          0
cpu3->cpu3_L2C TRANSLATION  ACCESS:      17479 HIT:          1 MISS:      17478 MSHR_MERGE:          0
cpu3->cpu3_L2C PREFETCH REQUESTED:    6320263 ISSUED:    6170182 USEFUL:     259475 USELESS:       3855
cpu3->cpu3_L2C AVERAGE MISS LATENCY: 110.1 cycles
cpu3_L2C FLUSH STALL CYCLES: 11236
cpu3->cpu3_L1I TOTAL        ACCESS:    6195736 HIT:    6195736 MISS:          0 MSHR_MERGE:          0
cpu3->cpu3_L1I LOAD         ACCESS:    3097871 HIT:    3097871 MISS:          0 MSHR_MERGE:          0
cpu3->cpu3_L1I RFO          ACCESS:          0 HIT:          0 MISS:          0 MSHR_MERGE:          0
cpu3->cpu3_L1I PREFETCH     ACCESS:    3097865 HIT:    3097865 MISS:          0 MSHR_MERGE:          0
cpu3->cpu3_L1I WRITE        ACCESS:          0 HIT:          0 MISS:          0 MSHR_MERGE:          0
cpu3->cpu3_L1I TRANSLATION  ACCESS:          0 HIT:          0 MISS:          0 MSHR_MERGE:          0
cpu3->cpu3_L1I PREFETCH REQUESTED:    3097871 ISSUED:    3097865 USEFUL:          0 USELESS:          0
cpu3->cpu3_L1I AVERAGE MISS LATENCY: - cycles
cpu3->cpu3_L1D TOTAL        ACCESS:   52756883 HIT:   50046669 MISS:    2710214 MSHR_MERGE:    1948229
cpu3->cpu3_L1D LOAD         ACCESS:   31562374 HIT:   30622220 MISS:     940154 MSHR_MERGE:     525030
cpu3->cpu3_L1D RFO          ACCESS:          0 HIT:          0 MISS:          0 MSHR_MERGE:          0
cpu3->cpu3_L1D PREFETCH     ACCESS:      43732 HIT:       3092 MISS:      40640 MSHR_MERGE:       2314
cpu3->cpu3_L1D WRITE        ACCESS:   21121429 HIT:   19409578 MISS:    1711851 MSHR_MERGE:    1420795
cpu3->cpu3_L1D TRANSLATION  ACCESS:      29348 HIT:      11779 MISS:      17569 MSHR_MERGE:         90
cpu3->cpu3_L1D PREFETCH REQUESTED:      43732 ISSUED:      43732 USEFUL:      22473 USELESS:        986
cpu3->cpu3_L1D AVERAGE MISS LATENCY: 104.1 cycles
cpu3_L1D FLUSH STALL CYCLES: 375
cpu3->cpu3_ITLB TOTAL        ACCESS:    5292505 HIT:    5292505 MISS:          0 MSHR_MERGE:          0
cpu3->cpu3_ITLB LOAD         ACCESS:    5292505 HIT:    5292505 MISS:          0 MSHR_MERGE:          0
cpu3->cpu3_ITLB RFO          ACCESS:          0 HIT:          0 MISS:          0 MSHR_MERGE:          0
cpu3->cpu3_ITLB PREFETCH     ACCESS:          0 HIT:          0 MISS:          0 MSHR_MERGE:          0
cpu3->cpu3_ITLB WRITE        ACCESS:          0 HIT:          0 MISS:          0 MSHR_MERGE:          0
cpu3->cpu3_ITLB TRANSLATION  ACCESS:          0 HIT:          0 MISS:          0 MSHR_MERGE:          0
cpu3->cpu3_ITLB PREFETCH REQUESTED:          0 ISSUED:          0 USEFUL:          0 USELESS:          0
cpu3->cpu3_ITLB AVERAGE MISS LATENCY: - cycles
cpu3->cpu3_DTLB TOTAL        ACCESS:   49571618 HIT:   49456285 MISS:     115333 MSHR_MERGE:      99407
cpu3->cpu3_DTLB LOAD         ACCESS:   49571618 HIT:   49456285 MISS:     115333 MSHR_MERGE:      99407
cpu3->cpu3_DTLB RFO          ACCESS:          0 HIT:          0 MISS:          0 MSHR_MERGE:          0
cpu3->cpu3_DTLB PREFETCH     ACCESS:          0 HIT:          0 MISS:          0 MSHR_MERGE:          0
cpu3->cpu3_DTLB WRITE        ACCESS:          0 HIT:          0 MISS:          0 MSHR_MERGE:          0
cpu3->cpu3_DTLB TRANSLATION  ACCESS:          0 HIT:          0 MISS:          0 MSHR_MERGE:          0
cpu3->cpu3_DTLB PREFETCH REQUESTED:          0 ISSUED:          0 USEFUL:          0 USELESS:          0
cpu3->cpu3_DTLB AVERAGE MISS LATENCY: 389.7 cycles
cpu2->cpu2_STLB TOTAL        ACCESS:     121799 HIT:     121556 MISS:        243 MSHR_MERGE:          0
cpu2->cpu2_STLB LOAD         ACCESS:     121799 HIT:     121556 MISS:        243 MSHR_MERGE:          0
cpu2->cpu2_STLB RFO          ACCESS:          0 HIT:          0 MISS:          0 MSHR_MERGE:          0
cpu2->cpu2_STLB PREFETCH     ACCESS:          0 HIT:          0 MISS:          0 MSHR_MERGE:          0
cpu2->cpu2_STLB WRITE        ACCESS:          0 HIT:          0 MISS:          0 MSHR_MERGE:          0
cpu2->cpu2_STLB TRANSLATION  ACCESS:          0 HIT:          0 MISS:          0 MSHR_MERGE:          0
cpu2->cpu2_STLB PREFETCH REQUESTED:          0 ISSUED:          0 USEFUL:          0 USELESS:          0
cpu2->cpu2_STLB AVERAGE MISS LATENCY: 829.5 cycles
cpu0->cpu2_L2C TOTAL        ACCESS:        240 HIT:        240 MISS:          0 MSHR_MERGE:          0
cpu0->cpu2_L2C LOAD         ACCESS:          0 HIT:          0 MISS:          0 MSHR_MERGE:          0
cpu0->cpu2_L2C RFO          ACCESS:          0 HIT:          0 MISS:          0 MSHR_MERGE:          0
cpu0->cpu2_L2C PREFETCH     ACCESS:          0 HIT:          0 MISS:          0 MSHR_MERGE:          0
cpu0->cpu2_L2C WRITE        ACCESS:        240 HIT:        240 MISS:          0 MSHR_MERGE:          0
cpu0->cpu2_L2C TRANSLATION  ACCESS:          0 HIT:          0 MISS:          0 MSHR_MERGE:          0
cpu0->cpu2_L2C PREFETCH REQUESTED:     503646 ISSUED:     503646 USEFUL:        549 USELESS:          4
cpu0->cpu2_L2C AVERAGE MISS LATENCY: - cycles
cpu2->cpu2_L2C TOTAL        ACCESS:    1263261 HIT:    1233112 MISS:      30149 MSHR_MERGE:       1395
cpu2->cpu2_L2C LOAD         ACCESS:     381522 HIT:     380454 MISS:       1068 MSHR_MERGE:          6
cpu2->cpu2_L2C RFO          ACCESS:      54707 HIT:      54151 MISS:        556 MSHR_MERGE:          0
cpu2->cpu2_L2C PREFETCH     ACCESS:     712698 HIT:     684654 MISS:      28044 MSHR_MERGE:       1389
cpu2->cpu2_L2C WRITE        ACCESS:     113862 HIT:     113848 MISS:         14 MSHR_MERGE:          0
cpu2->cpu2_L2C TRANSLATION  ACCESS:        472 HIT:          5 MISS:        467 MSHR_MERGE:          0
cpu2->cpu2_L2C PREFETCH REQUESTED:     503646 ISSUED:     503646 USEFUL:        549 USELESS:          4
cpu2->cpu2_L2C AVERAGE MISS LATENCY: 191.9 cycles
cpu2_L2C FLUSH STALL CYCLES: 3497
cpu2->cpu2_L1I TOTAL        ACCESS:   71541880 HIT:   71477745 MISS:      64135 MSHR_MERGE:      34071
cpu2->cpu2_L1I LOAD         ACCESS:   35974997 HIT:   35944527 MISS:      30470 MSHR_MERGE:      14182
cpu2->cpu2_L1I RFO          ACCESS:          0 HIT:          0 MISS:          0 MSHR_MERGE:          0
cpu2->cpu2_L1I PREFETCH     ACCESS:   35566883 HIT:   35533218 MISS:      33665 MSHR_MERGE:      19889
cpu2->cpu2_L1I WRITE        ACCESS:          0 HIT:          0 MISS:          0 MSHR_MERGE:          0
cpu2->cpu2_L1I TRANSLATION  ACCESS:          0 HIT:          0 MISS:          0 MSHR_MERGE:          0
cpu2->cpu2_L1I PREFETCH REQUESTED:   35974997 ISSUED:   35566851 USEFUL:       7573 USELESS:       6202
cpu2->cpu2_L1I AVERAGE MISS LATENCY: 9.103 cycles
cpu2->cpu2_L1D TOTAL        ACCESS:   83372336 HIT:   82460213 MISS:     912123 MSHR_MERGE:     296378
cpu2->cpu2_L1D LOAD         ACCESS:   48388946 HIT:   47966121 MISS:     422825 MSHR_MERGE:      57591
cpu2->cpu2_L1D RFO          ACCESS:          0 HIT:          0 MISS:          0 MSHR_MERGE:          0
cpu2->cpu2_L1D PREFETCH     ACCESS:    3602181 HIT:    3274556 MISS:     327625 MSHR_MERGE:     132347
cpu2->cpu2_L1D WRITE        ACCESS:   31380723 HIT:   31219523 MISS:     161200 MSHR_MERGE:     106439
cpu2->cpu2_L1D TRANSLATION  ACCESS:        486 HIT:         13 MISS:        473 MSHR_MERGE:          1
cpu2->cpu2_L1D PREFETCH REQUESTED:    3603142 ISSUED:    3602181 USEFUL:     146250 USELESS:      48270
cpu2->cpu2_L1D AVERAGE MISS LATENCY: 10.59 cycles
cpu2_L1D FLUSH STALL CYCLES: 176
cpu2->cpu2_ITLB TOTAL        ACCESS:   56476227 HIT:   56476227 MISS:          0 MSHR_MERGE:          0
cpu2->cpu2_ITLB LOAD         ACCESS:   56476227 HIT:   56476227 MISS:          0 MSHR_MERGE:          0
cpu2->cpu2_ITLB RFO          ACCESS:          0 HIT:          0 MISS:          0 MSHR_MERGE:          0
cpu2->cpu2_ITLB PREFETCH     ACCESS:          0 HIT:          0 MISS:          0 MSHR_MERGE:          0
cpu2->cpu2_ITLB WRITE        ACCESS:          0 HIT:          0 MISS:          0 MSHR_MERGE:          0
cpu2->cpu2_ITLB TRANSLATION  ACCESS:          0 HIT:          0 MISS:          0 MSHR_MERGE:          0
cpu2->cpu2_ITLB PREFETCH REQUESTED:          0 ISSUED:          0 USEFUL:          0 USELESS:          0
cpu2->cpu2_ITLB AVERAGE MISS LATENCY: - cycles
cpu2->cpu2_DTLB TOTAL        ACCESS:   74786169 HIT:   74649884 MISS:     136285 MSHR_MERGE:      14486
cpu2->cpu2_DTLB LOAD         ACCESS:   74786169 HIT:   74649884 MISS:     136285 MSHR_MERGE:      14486
cpu2->cpu2_DTLB RFO          ACCESS:          0 HIT:          0 MISS:          0 MSHR_MERGE:          0
cpu2->cpu2_DTLB PREFETCH     ACCESS:          0 HIT:          0 MISS:          0 MSHR_MERGE:          0
cpu2->cpu2_DTLB WRITE        ACCESS:          0 HIT:          0 MISS:          0 MSHR_MERGE:          0
cpu2->cpu2_DTLB TRANSLATION  ACCESS:          0 HIT:          0 MISS:          0 MSHR_MERGE:          0
cpu2->cpu2_DTLB PREFETCH REQUESTED:          0 ISSUED:          0 USEFUL:          0 USELESS:          0
cpu2->cpu2_DTLB AVERAGE MISS LATENCY: 6.657 cycles
cpu1->cpu1_STLB TOTAL        ACCESS:     282481 HIT:     277470 MISS:       5011 MSHR_MERGE:          0
cpu1->cpu1_STLB LOAD         ACCESS:     282481 HIT:     277470 MISS:       5011 MSHR_MERGE:          0
cpu1->cpu1_STLB RFO          ACCESS:          0 HIT:          0 MISS:          0 MSHR_MERGE:          0
cpu1->cpu1_STLB PREFETCH     ACCESS:          0 HIT:          0 MISS:          0 MSHR_MERGE:          0
cpu1->cpu1_STLB WRITE        ACCESS:          0 HIT:          0 MISS:          0 MSHR_MERGE:          0
cpu1->cpu1_STLB TRANSLATION  ACCESS:          0 HIT:          0 MISS:          0 MSHR_MERGE:          0
cpu1->cpu1_STLB PREFETCH REQUESTED:          0 ISSUED:          0 USEFUL:          0 USELESS:          0
cpu1->cpu1_STLB AVERAGE MISS LATENCY: 784.7 cycles
cpu0->cpu1_L2C TOTAL        ACCESS:        217 HIT:        209 MISS:          8 MSHR_MERGE:          0
cpu0->cpu1_L2C LOAD         ACCESS:          0 HIT:          0 MISS:          0 MSHR_MERGE:          0
cpu0->cpu1_L2C RFO          ACCESS:          0 HIT:          0 MISS:          0 MSHR_MERGE:          0
cpu0->cpu1_L2C PREFETCH     ACCESS:          0 HIT:          0 MISS:          0 MSHR_MERGE:          0
cpu0->cpu1_L2C WRITE        ACCESS:        217 HIT:        209 MISS:          8 MSHR_MERGE:          0
cpu0->cpu1_L2C TRANSLATION  ACCESS:          0 HIT:          0 MISS:          0 MSHR_MERGE:          0
cpu0->cpu1_L2C PREFETCH REQUESTED:    2728573 ISSUED:    2727667 USEFUL:      40503 USELESS:       2169
cpu0->cpu1_L2C AVERAGE MISS LATENCY: 4.883e+06 cycles
cpu1->cpu1_L2C TOTAL        ACCESS:    4431704 HIT:    3116901 MISS:    1314803 MSHR_MERGE:     123744
cpu1->cpu1_L2C LOAD         ACCESS:     977848 HIT:     787358 MISS:     190490 MSHR_MERGE:      13959
cpu1->cpu1_L2C RFO          ACCESS:     110765 HIT:      32349 MISS:      78416 MSHR_MERGE:          1
cpu1->cpu1_L2C PREFETCH     ACCESS:    3198071 HIT:    2184087 MISS:    1013984 MSHR_MERGE:     109784
cpu1->cpu1_L2C WRITE        ACCESS:     136650 HIT:     112903 MISS:      23747 MSHR_MERGE:          0
cpu1->cpu1_L2C TRANSLATION  ACCESS:       8370 HIT:        204 MISS:       8166 MSHR_MERGE:          0
cpu1->cpu1_L2C PREFETCH REQUESTED:    2728573 ISSUED:    2727667 USEFUL:      40503 USELESS:       2169
cpu1->cpu1_L2C AVERAGE MISS LATENCY: 129.9 cycles
cpu1_L2C FLUSH STALL CYCLES: 14256
cpu1->cpu1_L1I TOTAL        ACCESS:  137300790 HIT:  134549395 MISS:    2751395 MSHR_MERGE:    1721987
cpu1->cpu1_L1I LOAD         ACCESS:   70083832 HIT:   68718815 MISS:    1365017 MSHR_MERGE:     745106
cpu1->cpu1_L1I RFO          ACCESS:          0 HIT:          0 MISS:          0 MSHR_MERGE:          0
cpu1->cpu1_L1I PREFETCH     ACCESS:   67216958 HIT:   65830580 MISS:    1386378 MSHR_MERGE:     976881
cpu1->cpu1_L1I WRITE        ACCESS:          0 HIT:          0 MISS:          0 MSHR_MERGE:          0
cpu1->cpu1_L1I TRANSLATION  ACCESS:          0 HIT:          0 MISS:          0 MSHR_MERGE:          0
cpu1->cpu1_L1I PREFETCH REQUESTED:   70090103 ISSUED:   67216958 USEFUL:     256691 USELESS:     152762
cpu1->cpu1_L1I AVERAGE MISS LATENCY: 9.131 cycles
cpu1->cpu1_L1D TOTAL        ACCESS:  107952130 HIT:  106335644 MISS:    1616486 MSHR_MERGE:    1078479
cpu1->cpu1_L1D LOAD         ACCESS:   65520954 HIT:   64787666 MISS:     733288 MSHR_MERGE:     375349
cpu1->cpu1_L1D RFO          ACCESS:          0 HIT:          0 MISS:          0 MSHR_MERGE:          0
cpu1->cpu1_L1D PREFETCH     ACCESS:    5262535 HIT:    5161015 MISS:     101520 MSHR_MERGE:      40612
cpu1->cpu1_L1D WRITE        ACCESS:   37158597 HIT:   36385802 MISS:     772795 MSHR_MERGE:     662005
cpu1->cpu1_L1D TRANSLATION  ACCESS:      10044 HIT:       1161 MISS:       8883 MSHR_MERGE:        513
cpu1->cpu1_L1D PREFETCH REQUESTED:    5275084 ISSUED:    5262535 USEFUL:      47825 USELESS:      12777
cpu1->cpu1_L1D AVERAGE MISS LATENCY: 90.6 cycles
cpu1_L1D FLUSH STALL CYCLES: 153
cpu1->cpu1_ITLB TOTAL        ACCESS:   98139817 HIT:   98135289 MISS:       4528 MSHR_MERGE:       2964
cpu1->cpu1_ITLB LOAD         ACCESS:   98139817 HIT:   98135289 MISS:       4528 MSHR_MERGE:       2964
cpu1->cpu1_ITLB RFO          ACCESS:          0 HIT:          0 MISS:          0 MSHR_MERGE:          0
cpu1->cpu1_ITLB PREFETCH     ACCESS:          0 HIT:          0 MISS:          0 MSHR_MERGE:          0
cpu1->cpu1_ITLB WRITE        ACCESS:          0 HIT:          0 MISS:          0 MSHR_MERGE:          0
cpu1->cpu1_ITLB TRANSLATION  ACCESS:          0 HIT:          0 MISS:          0 MSHR_MERGE:          0
cpu1->cpu1_ITLB PREFETCH REQUESTED:          0 ISSUED:          0 USEFUL:          0 USELESS:          0
cpu1->cpu1_ITLB AVERAGE MISS LATENCY: 40.37 cycles
cpu1->cpu1_DTLB TOTAL        ACCESS:   96248032 HIT:   95715189 MISS:     532843 MSHR_MERGE:     251926
cpu1->cpu1_DTLB LOAD         ACCESS:   96248032 HIT:   95715189 MISS:     532843 MSHR_MERGE:     251926
cpu1->cpu1_DTLB RFO          ACCESS:          0 HIT:          0 MISS:          0 MSHR_MERGE:          0
cpu1->cpu1_DTLB PREFETCH     ACCESS:          0 HIT:          0 MISS:          0 MSHR_MERGE:          0
cpu1->cpu1_DTLB WRITE        ACCESS:          0 HIT:          0 MISS:          0 MSHR_MERGE:          0
cpu1->cpu1_DTLB TRANSLATION  ACCESS:          0 HIT:          0 MISS:          0 MSHR_MERGE:          0
cpu1->cpu1_DTLB PREFETCH REQUESTED:          0 ISSUED:          0 USEFUL:          0 USELESS:          0
cpu1->cpu1_DTLB AVERAGE MISS LATENCY: 18.82 cycles
cpu15->cpu15_STLB TOTAL        ACCESS:     186332 HIT:     167623 MISS:      18709 MSHR_MERGE:          0
cpu15->cpu15_STLB LOAD         ACCESS:     186332 HIT:     167623 MISS:      18709 MSHR_MERGE:          0
cpu15->cpu15_STLB RFO          ACCESS:          0 HIT:          0 MISS:          0 MSHR_MERGE:          0
cpu15->cpu15_STLB PREFETCH     ACCESS:          0 HIT:          0 MISS:          0 MSHR_MERGE:          0
cpu15->cpu15_STLB WRITE        ACCESS:          0 HIT:          0 MISS:          0 MSHR_MERGE:          0
cpu15->cpu15_STLB TRANSLATION  ACCESS:          0 HIT:          0 MISS:          0 MSHR_MERGE:          0
cpu15->cpu15_STLB PREFETCH REQUESTED:          0 ISSUED:          0 USEFUL:          0 USELESS:          0
cpu15->cpu15_STLB AVERAGE MISS LATENCY: 589.5 cycles
cpu0->cpu15_L2C TOTAL        ACCESS:        419 HIT:        410 MISS:          9 MSHR_MERGE:          0
cpu0->cpu15_L2C LOAD         ACCESS:          0 HIT:          0 MISS:          0 MSHR_MERGE:          0
cpu0->cpu15_L2C RFO          ACCESS:          0 HIT:          0 MISS:          0 MSHR_MERGE:          0
cpu0->cpu15_L2C PREFETCH     ACCESS:          0 HIT:          0 MISS:          0 MSHR_MERGE:          0
cpu0->cpu15_L2C WRITE        ACCESS:        419 HIT:        410 MISS:          9 MSHR_MERGE:          0
cpu0->cpu15_L2C TRANSLATION  ACCESS:          0 HIT:          0 MISS:          0 MSHR_MERGE:          0
cpu0->cpu15_L2C PREFETCH REQUESTED:   29395761 ISSUED:   26689201 USEFUL:     369845 USELESS:      20207
cpu0->cpu15_L2C AVERAGE MISS LATENCY: 1.531e+07 cycles
cpu15->cpu15_L2C TOTAL        ACCESS:   35362983 HIT:   23419220 MISS:   11943763 MSHR_MERGE:     775760
cpu15->cpu15_L2C LOAD         ACCESS:    3478471 HIT:    2696237 MISS:     782234 MSHR_MERGE:     145529
cpu15->cpu15_L2C RFO          ACCESS:    1944913 HIT:    1403317 MISS:     541596 MSHR_MERGE:          0
cpu15->cpu15_L2C PREFETCH     ACCESS:   27291660 HIT:   16917805 MISS:   10373855 MSHR_MERGE:     630231
cpu15->cpu15_L2C WRITE        ACCESS:    2613498 HIT:    2399358 MISS:     214140 MSHR_MERGE:          0
cpu15->cpu15_L2C TRANSLATION  ACCESS:      34441 HIT:       2503 MISS:      31938 MSHR_MERGE:          0
cpu15->cpu15_L2C PREFETCH REQUESTED:   29395761 ISSUED:   26689201 USEFUL:     369845 USELESS:      20207
cpu15->cpu15_L2C AVERAGE MISS LATENCY: 87.79 cycles
cpu15_L2C FLUSH STALL CYCLES: 10725
cpu15->cpu15_L1I TOTAL        ACCESS:   55849047 HIT:   55153774 MISS:     695273 MSHR_MERGE:     474821
cpu15->cpu15_L1I LOAD         ACCESS:   28877535 HIT:   28570583 MISS:     306952 MSHR_MERGE:     175440
cpu15->cpu15_L1I RFO          ACCESS:          0 HIT:          0 MISS:          0 MSHR_MERGE:          0
cpu15->cpu15_L1I PREFETCH     ACCESS:   26971512 HIT:   26583191 MISS:     388321 MSHR_MERGE:     299381
cpu15->cpu15_L1I WRITE        ACCESS:          0 HIT:          0 MISS:          0 MSHR_MERGE:          0
cpu15->cpu15_L1I TRANSLATION  ACCESS:          0 HIT:          0 MISS:          0 MSHR_MERGE:          0
cpu15->cpu15_L1I PREFETCH REQUESTED:   28881455 ISSUED:   26971512 USEFUL:      64044 USELESS:      24872
cpu15->cpu15_L1I AVERAGE MISS LATENCY: 24.96 cycles
cpu15->cpu15_L1D TOTAL        ACCESS:   87047446 HIT:   72106327 MISS:   14941119 MSHR_MERGE:    9100885
cpu15->cpu15_L1D LOAD         ACCESS:   58199861 HIT:   51397369 MISS:    6802492 MSHR_MERGE:    3455501
cpu15->cpu15_L1D RFO          ACCESS:          0 HIT:          0 MISS:          0 MSHR_MERGE:          0
cpu15->cpu15_L1D PREFETCH     ACCESS:    2502998 HIT:    1841278 MISS:     661720 MSHR_MERGE:     147881
cpu15->cpu15_L1D WRITE        ACCESS:   26304149 HIT:   18862407 MISS:    7441742 MSHR_MERGE:    5496779
cpu15->cpu15_L1D TRANSLATION  ACCESS:      40438 HIT:       5273 MISS:      35165 MSHR_MERGE:        724
cpu15->cpu15_L1D PREFETCH REQUESTED:    3166783 ISSUED:    2502998 USEFUL:     386110 USELESS:      44082
cpu15->cpu15_L1D AVERAGE MISS LATENCY: 35.43 cycles
cpu15_L1D FLUSH STALL CYCLES: 356
cpu15->cpu15_ITLB TOTAL        ACCESS:   39876619 HIT:   39856050 MISS:      20569 MSHR_MERGE:      12455
cpu15->cpu15_ITLB LOAD         ACCESS:   39876619 HIT:   39856050 MISS:      20569 MSHR_MERGE:      12455
cpu15->cpu15_ITLB RFO          ACCESS:          0 HIT:          0 MISS:          0 MSHR_MERGE:          0
cpu15->cpu15_ITLB PREFETCH     ACCESS:          0 HIT:          0 MISS:          0 MSHR_MERGE:          0
cpu15->cpu15_ITLB WRITE        ACCESS:          0 HIT:          0 MISS:          0 MSHR_MERGE:          0
cpu15->cpu15_ITLB TRANSLATION  ACCESS:          0 HIT:          0 MISS:          0 MSHR_MERGE:          0
cpu15->cpu15_ITLB PREFETCH REQUESTED:          0 ISSUED:          0 USEFUL:          0 USELESS:          0
cpu15->cpu15_ITLB AVERAGE MISS LATENCY: 20.66 cycles
cpu15->cpu15_DTLB TOTAL        ACCESS:   81046758 HIT:   80599454 MISS:     447304 MSHR_MERGE:     269086
cpu15->cpu15_DTLB LOAD         ACCESS:   81046758 HIT:   80599454 MISS:     447304 MSHR_MERGE:     269086
cpu15->cpu15_DTLB RFO          ACCESS:          0 HIT:          0 MISS:          0 MSHR_MERGE:          0
cpu15->cpu15_DTLB PREFETCH     ACCESS:          0 HIT:          0 MISS:          0 MSHR_MERGE:          0
cpu15->cpu15_DTLB WRITE        ACCESS:          0 HIT:          0 MISS:          0 MSHR_MERGE:          0
cpu15->cpu15_DTLB TRANSLATION  ACCESS:          0 HIT:          0 MISS:          0 MSHR_MERGE:          0
cpu15->cpu15_DTLB PREFETCH REQUESTED:          0 ISSUED:          0 USEFUL:          0 USELESS:          0
cpu15->cpu15_DTLB AVERAGE MISS LATENCY: 66.28 cycles
cpu14->cpu14_STLB TOTAL        ACCESS:       1725 HIT:         25 MISS:       1700 MSHR_MERGE:          0
cpu14->cpu14_STLB LOAD         ACCESS:       1725 HIT:         25 MISS:       1700 MSHR_MERGE:          0
cpu14->cpu14_STLB RFO          ACCESS:          0 HIT:          0 MISS:          0 MSHR_MERGE:          0
cpu14->cpu14_STLB PREFETCH     ACCESS:          0 HIT:          0 MISS:          0 MSHR_MERGE:          0
cpu14->cpu14_STLB WRITE        ACCESS:          0 HIT:          0 MISS:          0 MSHR_MERGE:          0
cpu14->cpu14_STLB TRANSLATION  ACCESS:          0 HIT:          0 MISS:          0 MSHR_MERGE:          0
cpu14->cpu14_STLB PREFETCH REQUESTED:          0 ISSUED:          0 USEFUL:          0 USELESS:          0
cpu14->cpu14_STLB AVERAGE MISS LATENCY: 661.9 cycles
cpu0->cpu14_L2C TOTAL        ACCESS:        641 HIT:        471 MISS:        170 MSHR_MERGE:          0
cpu0->cpu14_L2C LOAD         ACCESS:          0 HIT:          0 MISS:          0 MSHR_MERGE:          0
cpu0->cpu14_L2C RFO          ACCESS:          0 HIT:          0 MISS:          0 MSHR_MERGE:          0
cpu0->cpu14_L2C PREFETCH     ACCESS:          0 HIT:          0 MISS:          0 MSHR_MERGE:          0
cpu0->cpu14_L2C WRITE        ACCESS:        641 HIT:        471 MISS:        170 MSHR_MERGE:          0
cpu0->cpu14_L2C TRANSLATION  ACCESS:          0 HIT:          0 MISS:          0 MSHR_MERGE:          0
cpu0->cpu14_L2C PREFETCH REQUESTED:      12238 ISSUED:      12238 USEFUL:        201 USELESS:         23
cpu0->cpu14_L2C AVERAGE MISS LATENCY: 1.259e+05 cycles
cpu14->cpu14_L2C TOTAL        ACCESS:     226024 HIT:      57666 MISS:     168358 MSHR_MERGE:       3419
cpu14->cpu14_L2C LOAD         ACCESS:       1681 HIT:        982 MISS:        699 MSHR_MERGE:          0
cpu14->cpu14_L2C RFO          ACCESS:      99692 HIT:       1304 MISS:      98388 MSHR_MERGE:          0
cpu14->cpu14_L2C PREFETCH     ACCESS:      22566 HIT:       2406 MISS:      20160 MSHR_MERGE:       3419
cpu14->cpu14_L2C WRITE        ACCESS:     100110 HIT:      52947 MISS:      47163 MSHR_MERGE:          0
cpu14->cpu14_L2C TRANSLATION  ACCESS:       1975 HIT:         27 MISS:       1948 MSHR_MERGE:          0
cpu14->cpu14_L2C PREFETCH REQUESTED:      12238 ISSUED:      12238 USEFUL:        201 USELESS:         23
cpu14->cpu14_L2C AVERAGE MISS LATENCY: 144.5 cycles
cpu14_L2C FLUSH STALL CYCLES: 19615
cpu14->cpu14_L1I TOTAL        ACCESS:   39911123 HIT:   39911122 MISS:          1 MSHR_MERGE:          0
cpu14->cpu14_L1I LOAD         ACCESS:   20846711 HIT:   20846711 MISS:          0 MSHR_MERGE:          0
cpu14->cpu14_L1I RFO          ACCESS:          0 HIT:          0 MISS:          0 MSHR_MERGE:          0
cpu14->cpu14_L1I PREFETCH     ACCESS:   19064412 HIT:   19064411 MISS:          1 MSHR_MERGE:          0
cpu14->cpu14_L1I WRITE        ACCESS:          0 HIT:          0 MISS:          0 MSHR_MERGE:          0
cpu14->cpu14_L1I TRANSLATION  ACCESS:          0 HIT:          0 MISS:          0 MSHR_MERGE:          0
cpu14->cpu14_L1I PREFETCH REQUESTED:   20846711 ISSUED:   19064412 USEFUL:          0 USELESS:          0
cpu14->cpu14_L1I AVERAGE MISS LATENCY: - cycles
cpu14->cpu14_L1D TOTAL        ACCESS:  110311295 HIT:  109600867 MISS:     710428 MSHR_MERGE:     596742
cpu14->cpu14_L1D LOAD         ACCESS:   90510957 HIT:   90508468 MISS:       2489 MSHR_MERGE:        806
cpu14->cpu14_L1D RFO          ACCESS:          0 HIT:          0 MISS:          0 MSHR_MERGE:          0
cpu14->cpu14_L1D PREFETCH     ACCESS:     489823 HIT:     477319 MISS:      12504 MSHR_MERGE:       2177
cpu14->cpu14_L1D WRITE        ACCESS:   19307112 HIT:   18613652 MISS:     693460 MSHR_MERGE:     593759
cpu14->cpu14_L1D TRANSLATION  ACCESS:       3403 HIT:       1428 MISS:       1975 MSHR_MERGE:          0
cpu14->cpu14_L1D PREFETCH REQUESTED:     489823 ISSUED:     489823 USEFUL:       9747 USELESS:         75
cpu14->cpu14_L1D AVERAGE MISS LATENCY: 215.3 cycles
cpu14_L1D FLUSH STALL CYCLES: 577
cpu14->cpu14_ITLB TOTAL        ACCESS:   29045075 HIT:   29045075 MISS:          0 MSHR_MERGE:          0
cpu14->cpu14_ITLB LOAD         ACCESS:   29045075 HIT:   29045075 MISS:          0 MSHR_MERGE:          0
cpu14->cpu14_ITLB RFO          ACCESS:          0 HIT:          0 MISS:          0 MSHR_MERGE:          0
cpu14->cpu14_ITLB PREFETCH     ACCESS:          0 HIT:          0 MISS:          0 MSHR_MERGE:          0
cpu14->cpu14_ITLB WRITE        ACCESS:          0 HIT:          0 MISS:          0 MSHR_MERGE:          0
cpu14->cpu14_ITLB TRANSLATION  ACCESS:          0 HIT:          0 MISS:          0 MSHR_MERGE:          0
cpu14->cpu14_ITLB PREFETCH REQUESTED:          0 ISSUED:          0 USEFUL:          0 USELESS:          0
cpu14->cpu14_ITLB AVERAGE MISS LATENCY: - cycles
cpu14->cpu14_DTLB TOTAL        ACCESS:  103316807 HIT:  103297422 MISS:      19385 MSHR_MERGE:      17660
cpu14->cpu14_DTLB LOAD         ACCESS:  103316807 HIT:  103297422 MISS:      19385 MSHR_MERGE:      17660
cpu14->cpu14_DTLB RFO          ACCESS:          0 HIT:          0 MISS:          0 MSHR_MERGE:          0
cpu14->cpu14_DTLB PREFETCH     ACCESS:          0 HIT:          0 MISS:          0 MSHR_MERGE:          0
cpu14->cpu14_DTLB WRITE        ACCESS:          0 HIT:          0 MISS:          0 MSHR_MERGE:          0
cpu14->cpu14_DTLB TRANSLATION  ACCESS:          0 HIT:          0 MISS:          0 MSHR_MERGE:          0
cpu14->cpu14_DTLB PREFETCH REQUESTED:          0 ISSUED:          0 USEFUL:          0 USELESS:          0
cpu14->cpu14_DTLB AVERAGE MISS LATENCY: 658.3 cycles
cpu13->cpu13_STLB TOTAL        ACCESS:     301044 HIT:     300649 MISS:        395 MSHR_MERGE:          0
cpu13->cpu13_STLB LOAD         ACCESS:     301044 HIT:     300649 MISS:        395 MSHR_MERGE:          0
cpu13->cpu13_STLB RFO          ACCESS:          0 HIT:          0 MISS:          0 MSHR_MERGE:          0
cpu13->cpu13_STLB PREFETCH     ACCESS:          0 HIT:          0 MISS:          0 MSHR_MERGE:          0
cpu13->cpu13_STLB WRITE        ACCESS:          0 HIT:          0 MISS:          0 MSHR_MERGE:          0
cpu13->cpu13_STLB TRANSLATION  ACCESS:          0 HIT:          0 MISS:          0 MSHR_MERGE:          0
cpu13->cpu13_STLB PREFETCH REQUESTED:          0 ISSUED:          0 USEFUL:          0 USELESS:          0
cpu13->cpu13_STLB AVERAGE MISS LATENCY: 847.9 cycles
cpu0->cpu13_L2C TOTAL        ACCESS:          7 HIT:          5 MISS:          2 MSHR_MERGE:          0
cpu0->cpu13_L2C LOAD         ACCESS:          0 HIT:          0 MISS:          0 MSHR_MERGE:          0
cpu0->cpu13_L2C RFO          ACCESS:          0 HIT:          0 MISS:          0 MSHR_MERGE:          0
cpu0->cpu13_L2C PREFETCH     ACCESS:          0 HIT:          0 MISS:          0 MSHR_MERGE:          0
cpu0->cpu13_L2C WRITE        ACCESS:          7 HIT:          5 MISS:          2 MSHR_MERGE:          0
cpu0->cpu13_L2C TRANSLATION  ACCESS:          0 HIT:          0 MISS:          0 MSHR_MERGE:          0
cpu0->cpu13_L2C PREFETCH REQUESTED:   67969207 ISSUED:   65808536 USEFUL:      20073 USELESS:        896
cpu0->cpu13_L2C AVERAGE MISS LATENCY: 1.722e+05 cycles
cpu13->cpu13_L2C TOTAL        ACCESS:   71866152 HIT:   64502073 MISS:    7364079 MSHR_MERGE:       9294
cpu13->cpu13_L2C LOAD         ACCESS:    4224719 HIT:    4223261 MISS:       1458 MSHR_MERGE:         28
cpu13->cpu13_L2C RFO          ACCESS:       3843 HIT:       3627 MISS:        216 MSHR_MERGE:          0
cpu13->cpu13_L2C PREFETCH     ACCESS:   67627534 HIT:   60265918 MISS:    7361616 MSHR_MERGE:       9266
cpu13->cpu13_L2C WRITE        ACCESS:       9266 HIT:       9266 MISS:          0 MSHR_MERGE:          0
cpu13->cpu13_L2C TRANSLATION  ACCESS:        790 HIT:          1 MISS:        789 MSHR_MERGE:          0
cpu13->cpu13_L2C PREFETCH REQUESTED:   67969207 ISSUED:   65808536 USEFUL:      20073 USELESS:        896
cpu13->cpu13_L2C AVERAGE MISS LATENCY: 139.8 cycles
cpu13->cpu13_L1I TOTAL        ACCESS:   11180839 HIT:   11180839 MISS:          0 MSHR_MERGE:          0
cpu13->cpu13_L1I LOAD         ACCESS:    5781601 HIT:    5781601 MISS:          0 MSHR_MERGE:          0
cpu13->cpu13_L1I RFO          ACCESS:          0 HIT:          0 MISS:          0 MSHR_MERGE:          0
cpu13->cpu13_L1I PREFETCH     ACCESS:    5399238 HIT:    5399238 MISS:          0 MSHR_MERGE:          0
cpu13->cpu13_L1I WRITE        ACCESS:          0 HIT:          0 MISS:          0 MSHR_MERGE:          0
cpu13->cpu13_L1I TRANSLATION  ACCESS:          0 HIT:          0 MISS:          0 MSHR_MERGE:          0
cpu13->cpu13_L1I PREFETCH REQUESTED:    5781601 ISSUED:    5399238 USEFUL:          0 USELESS:          0
cpu13->cpu13_L1I AVERAGE MISS LATENCY: - cycles
cpu13->cpu13_L1D TOTAL        ACCESS:   67367659 HIT:   48729084 MISS:   18638575 MSHR_MERGE:   12590225
cpu13->cpu13_L1D LOAD         ACCESS:   64530933 HIT:   47822420 MISS:   16708513 MSHR_MERGE:   12483794
cpu13->cpu13_L1D RFO          ACCESS:          0 HIT:          0 MISS:          0 MSHR_MERGE:          0
cpu13->cpu13_L1D PREFETCH     ACCESS:    2805078 HIT:     883215 MISS:    1921863 MSHR_MERGE:     102865
cpu13->cpu13_L1D WRITE        ACCESS:      30858 HIT:      23449 MISS:       7409 MSHR_MERGE:       3566
cpu13->cpu13_L1D TRANSLATION  ACCESS:        790 HIT:          0 MISS:        790 MSHR_MERGE:          0
cpu13->cpu13_L1D PREFETCH REQUESTED:    2805078 ISSUED:    2805078 USEFUL:    1541242 USELESS:     277715
cpu13->cpu13_L1D AVERAGE MISS LATENCY: 10.06 cycles
cpu13->cpu13_ITLB TOTAL        ACCESS:    6159693 HIT:    6159693 MISS:          0 MSHR_MERGE:          0
cpu13->cpu13_ITLB LOAD         ACCESS:    6159693 HIT:    6159693 MISS:          0 MSHR_MERGE:          0
cpu13->cpu13_ITLB RFO          ACCESS:          0 HIT:          0 MISS:          0 MSHR_MERGE:          0
cpu13->cpu13_ITLB PREFETCH     ACCESS:          0 HIT:          0 MISS:          0 MSHR_MERGE:          0
cpu13->cpu13_ITLB WRITE        ACCESS:          0 HIT:          0 MISS:          0 MSHR_MERGE:          0
cpu13->cpu13_ITLB TRANSLATION  ACCESS:          0 HIT:          0 MISS:          0 MSHR_MERGE:          0
cpu13->cpu13_ITLB PREFETCH REQUESTED:          0 ISSUED:          0 USEFUL:          0 USELESS:          0
cpu13->cpu13_ITLB AVERAGE MISS LATENCY: - cycles
cpu13->cpu13_DTLB TOTAL        ACCESS:   64556720 HIT:   63498262 MISS:    1058458 MSHR_MERGE:     757414
cpu13->cpu13_DTLB LOAD         ACCESS:   64556720 HIT:   63498262 MISS:    1058458 MSHR_MERGE:     757414
cpu13->cpu13_DTLB RFO          ACCESS:          0 HIT:          0 MISS:          0 MSHR_MERGE:          0
cpu13->cpu13_DTLB PREFETCH     ACCESS:          0 HIT:          0 MISS:          0 MSHR_MERGE:          0
cpu13->cpu13_DTLB WRITE        ACCESS:          0 HIT:          0 MISS:          0 MSHR_MERGE:          0
cpu13->cpu13_DTLB TRANSLATION  ACCESS:          0 HIT:          0 MISS:          0 MSHR_MERGE:          0
cpu13->cpu13_DTLB PREFETCH REQUESTED:          0 ISSUED:          0 USEFUL:          0 USELESS:          0
cpu13->cpu13_DTLB AVERAGE MISS LATENCY: 6.114 cycles
cpu12->cpu12_STLB TOTAL        ACCESS:         38 HIT:          0 MISS:         38 MSHR_MERGE:          0
cpu12->cpu12_STLB LOAD         ACCESS:         38 HIT:          0 MISS:         38 MSHR_MERGE:          0
cpu12->cpu12_STLB RFO          ACCESS:          0 HIT:          0 MISS:          0 MSHR_MERGE:          0
cpu12->cpu12_STLB PREFETCH     ACCESS:          0 HIT:          0 MISS:          0 MSHR_MERGE:          0
cpu12->cpu12_STLB WRITE        ACCESS:          0 HIT:          0 MISS:          0 MSHR_MERGE:          0
cpu12->cpu12_STLB TRANSLATION  ACCESS:          0 HIT:          0 MISS:          0 MSHR_MERGE:          0
cpu12->cpu12_STLB PREFETCH REQUESTED:          0 ISSUED:          0 USEFUL:          0 USELESS:          0
cpu12->cpu12_STLB AVERAGE MISS LATENCY: 758.9 cycles
cpu0->cpu12_L2C TOTAL        ACCESS:        261 HIT:        261 MISS:          0 MSHR_MERGE:          0
cpu0->cpu12_L2C LOAD         ACCESS:          0 HIT:          0 MISS:          0 MSHR_MERGE:          0
cpu0->cpu12_L2C RFO          ACCESS:          0 HIT:          0 MISS:          0 MSHR_MERGE:          0
cpu0->cpu12_L2C PREFETCH     ACCESS:          0 HIT:          0 MISS:          0 MSHR_MERGE:          0
cpu0->cpu12_L2C WRITE        ACCESS:        261 HIT:        261 MISS:          0 MSHR_MERGE:          0
cpu0->cpu12_L2C TRANSLATION  ACCESS:          0 HIT:          0 MISS:          0 MSHR_MERGE:          0
cpu0->cpu12_L2C PREFETCH REQUESTED:      70281 ISSUED:      70221 USEFUL:        140 USELESS:          0
cpu0->cpu12_L2C AVERAGE MISS LATENCY: - cycles
cpu12->cpu12_L2C TOTAL        ACCESS:      94956 HIT:      87841 MISS:       7115 MSHR_MERGE:        807
cpu12->cpu12_L2C LOAD         ACCESS:      15070 HIT:      14528 MISS:        542 MSHR_MERGE:         16
cpu12->cpu12_L2C RFO          ACCESS:         64 HIT:          4 MISS:         60 MSHR_MERGE:          0
cpu12->cpu12_L2C PREFETCH     ACCESS:      79755 HIT:      73303 MISS:       6452 MSHR_MERGE:        791
cpu12->cpu12_L2C WRITE        ACCESS:          6 HIT:          6 MISS:          0 MSHR_MERGE:          0
cpu12->cpu12_L2C TRANSLATION  ACCESS:         61 HIT:          0 MISS:         61 MSHR_MERGE:          0
cpu12->cpu12_L2C PREFETCH REQUESTED:      70281 ISSUED:      70221 USEFUL:        140 USELESS:          0
cpu12->cpu12_L2C AVERAGE MISS LATENCY: 152.5 cycles
cpu12_L2C FLUSH STALL CYCLES: 5
cpu12->cpu12_L1I TOTAL        ACCESS:  140496102 HIT:  140415937 MISS:      80165 MSHR_MERGE:      55620
cpu12->cpu12_L1I LOAD         ACCESS:   72669244 HIT:   72633092 MISS:      36152 MSHR_MERGE:      21126
cpu12->cpu12_L1I RFO          ACCESS:          0 HIT:          0 MISS:          0 MSHR_MERGE:          0
cpu12->cpu12_L1I PREFETCH     ACCESS:   67826858 HIT:   67782845 MISS:      44013 MSHR_MERGE:      34494
cpu12->cpu12_L1I WRITE        ACCESS:          0 HIT:          0 MISS:          0 MSHR_MERGE:          0
cpu12->cpu12_L1I TRANSLATION  ACCESS:          0 HIT:          0 MISS:          0 MSHR_MERGE:          0
cpu12->cpu12_L1I PREFETCH REQUESTED:   72669244 ISSUED:   67826838 USEFUL:       8442 USELESS:       1059
cpu12->cpu12_L1I AVERAGE MISS LATENCY: 13.38 cycles
cpu12->cpu12_L1D TOTAL        ACCESS:  154913955 HIT:  154913176 MISS:        779 MSHR_MERGE:        595
cpu12->cpu12_L1D LOAD         ACCESS:   62410816 HIT:   62410730 MISS:         86 MSHR_MERGE:         42
cpu12->cpu12_L1D RFO          ACCESS:          0 HIT:          0 MISS:          0 MSHR_MERGE:          0
cpu12->cpu12_L1D PREFETCH     ACCESS:   11361006 HIT:   11360978 MISS:         28 MSHR_MERGE:         13
cpu12->cpu12_L1D WRITE        ACCESS:   81142056 HIT:   81141452 MISS:        604 MSHR_MERGE:        540
cpu12->cpu12_L1D TRANSLATION  ACCESS:         77 HIT:         16 MISS:         61 MSHR_MERGE:          0
cpu12->cpu12_L1D PREFETCH REQUESTED:   12513573 ISSUED:   11360991 USEFUL:         13 USELESS:          2
cpu12->cpu12_L1D AVERAGE MISS LATENCY: 209.7 cycles
cpu12_L1D FLUSH STALL CYCLES: 197
cpu12->cpu12_ITLB TOTAL        ACCESS:   95525017 HIT:   95524955 MISS:         62 MSHR_MERGE:         38
cpu12->cpu12_ITLB LOAD         ACCESS:   95525017 HIT:   95524955 MISS:         62 MSHR_MERGE:         38
cpu12->cpu12_ITLB RFO          ACCESS:          0 HIT:          0 MISS:          0 MSHR_MERGE:          0
cpu12->cpu12_ITLB PREFETCH     ACCESS:          0 HIT:          0 MISS:          0 MSHR_MERGE:          0
cpu12->cpu12_ITLB WRITE        ACCESS:          0 HIT:          0 MISS:          0 MSHR_MERGE:          0
cpu12->cpu12_ITLB TRANSLATION  ACCESS:          0 HIT:          0 MISS:          0 MSHR_MERGE:          0
cpu12->cpu12_ITLB PREFETCH REQUESTED:          0 ISSUED:          0 USEFUL:          0 USELESS:          0
cpu12->cpu12_ITLB AVERAGE MISS LATENCY: 763.3 cycles
cpu12->cpu12_DTLB TOTAL        ACCESS:  122258036 HIT:  122257995 MISS:         41 MSHR_MERGE:         27
cpu12->cpu12_DTLB LOAD         ACCESS:  122258036 HIT:  122257995 MISS:         41 MSHR_MERGE:         27
cpu12->cpu12_DTLB RFO          ACCESS:          0 HIT:          0 MISS:          0 MSHR_MERGE:          0
cpu12->cpu12_DTLB PREFETCH     ACCESS:          0 HIT:          0 MISS:          0 MSHR_MERGE:          0
cpu12->cpu12_DTLB WRITE        ACCESS:          0 HIT:          0 MISS:          0 MSHR_MERGE:          0
cpu12->cpu12_DTLB TRANSLATION  ACCESS:          0 HIT:          0 MISS:          0 MSHR_MERGE:          0
cpu12->cpu12_DTLB PREFETCH REQUESTED:          0 ISSUED:          0 USEFUL:          0 USELESS:          0
cpu12->cpu12_DTLB AVERAGE MISS LATENCY: 767.6 cycles
cpu11->cpu11_STLB TOTAL        ACCESS:      75814 HIT:      74255 MISS:       1559 MSHR_MERGE:          0
cpu11->cpu11_STLB LOAD         ACCESS:      75814 HIT:      74255 MISS:       1559 MSHR_MERGE:          0
cpu11->cpu11_STLB RFO          ACCESS:          0 HIT:          0 MISS:          0 MSHR_MERGE:          0
cpu11->cpu11_STLB PREFETCH     ACCESS:          0 HIT:          0 MISS:          0 MSHR_MERGE:          0
cpu11->cpu11_STLB WRITE        ACCESS:          0 HIT:          0 MISS:          0 MSHR_MERGE:          0
cpu11->cpu11_STLB TRANSLATION  ACCESS:          0 HIT:          0 MISS:          0 MSHR_MERGE:          0
cpu11->cpu11_STLB PREFETCH REQUESTED:          0 ISSUED:          0 USEFUL:          0 USELESS:          0
cpu11->cpu11_STLB AVERAGE MISS LATENCY: 757 cycles
cpu0->cpu11_L2C TOTAL        ACCESS:        183 HIT:        176 MISS:          7 MSHR_MERGE:          0
cpu0->cpu11_L2C LOAD         ACCESS:          0 HIT:          0 MISS:          0 MSHR_MERGE:          0
cpu0->cpu11_L2C RFO          ACCESS:          0 HIT:          0 MISS:          0 MSHR_MERGE:          0
cpu0->cpu11_L2C PREFETCH     ACCESS:          0 HIT:          0 MISS:          0 MSHR_MERGE:          0
cpu0->cpu11_L2C WRITE        ACCESS:        183 HIT:        176 MISS:          7 MSHR_MERGE:          0
cpu0->cpu11_L2C TRANSLATION  ACCESS:          0 HIT:          0 MISS:          0 MSHR_MERGE:          0
cpu0->cpu11_L2C PREFETCH REQUESTED:    3481446 ISSUED:    3480705 USEFUL:      15562 USELESS:        376
cpu0->cpu11_L2C AVERAGE MISS LATENCY: 2.603e+05 cycles
cpu11->cpu11_L2C TOTAL        ACCESS:    4799452 HIT:    4380035 MISS:     419417 MSHR_MERGE:       1944
cpu11->cpu11_L2C LOAD         ACCESS:     878217 HIT:     850873 MISS:      27344 MSHR_MERGE:          0
cpu11->cpu11_L2C RFO          ACCESS:       3523 HIT:       3492 MISS:         31 MSHR_MERGE:          0
cpu11->cpu11_L2C PREFETCH     ACCESS:    3583616 HIT:    3194097 MISS:     389519 MSHR_MERGE:       1944
cpu11->cpu11_L2C WRITE        ACCESS:     331239 HIT:     331168 MISS:         71 MSHR_MERGE:          0
cpu11->cpu11_L2C TRANSLATION  ACCESS:       2857 HIT:        405 MISS:       2452 MSHR_MERGE:          0
cpu11->cpu11_L2C PREFETCH REQUESTED:    3481446 ISSUED:    3480705 USEFUL:      15562 USELESS:        376
cpu11->cpu11_L2C AVERAGE MISS LATENCY: 60.93 cycles
cpu11_L2C FLUSH STALL CYCLES: 987
cpu11->cpu11_L1I TOTAL        ACCESS:     298814 HIT:     298807 MISS:          7 MSHR_MERGE:          2
cpu11->cpu11_L1I LOAD         ACCESS:     149407 HIT:     149407 MISS:          0 MSHR_MERGE:          0
cpu11->cpu11_L1I RFO          ACCESS:          0 HIT:          0 MISS:          0 MSHR_MERGE:          0
cpu11->cpu11_L1I PREFETCH     ACCESS:     149407 HIT:     149400 MISS:          7 MSHR_MERGE:          2
cpu11->cpu11_L1I WRITE        ACCESS:          0 HIT:          0 MISS:          0 MSHR_MERGE:          0
cpu11->cpu11_L1I TRANSLATION  ACCESS:          0 HIT:          0 MISS:          0 MSHR_MERGE:          0
cpu11->cpu11_L1I PREFETCH REQUESTED:     149407 ISSUED:     149407 USEFUL:          1 USELESS:          0
cpu11->cpu11_L1I AVERAGE MISS LATENCY: - cycles
cpu11->cpu11_L1D TOTAL        ACCESS:   72369940 HIT:   71242129 MISS:    1127811 MSHR_MERGE:     140307
cpu11->cpu11_L1D LOAD         ACCESS:   47301644 HIT:   46297352 MISS:    1004292 MSHR_MERGE:     126075
cpu11->cpu11_L1D RFO          ACCESS:          0 HIT:          0 MISS:          0 MSHR_MERGE:          0
cpu11->cpu11_L1D PREFETCH     ACCESS:     257794 HIT:     150391 MISS:     107403 MSHR_MERGE:       4497
cpu11->cpu11_L1D WRITE        ACCESS:   24807361 HIT:   24794102 MISS:      13259 MSHR_MERGE:       9735
cpu11->cpu11_L1D TRANSLATION  ACCESS:       3141 HIT:        284 MISS:       2857 MSHR_MERGE:          0
cpu11->cpu11_L1D PREFETCH REQUESTED:     257807 ISSUED:     257778 USEFUL:      79460 USELESS:      23437
cpu11->cpu11_L1D AVERAGE MISS LATENCY: 12.09 cycles
cpu11_L1D FLUSH STALL CYCLES: 119
cpu11->cpu11_ITLB TOTAL        ACCESS:     190750 HIT:     190750 MISS:          0 MSHR_MERGE:          0
cpu11->cpu11_ITLB LOAD         ACCESS:     190750 HIT:     190750 MISS:          0 MSHR_MERGE:          0
cpu11->cpu11_ITLB RFO          ACCESS:          0 HIT:          0 MISS:          0 MSHR_MERGE:          0
cpu11->cpu11_ITLB PREFETCH     ACCESS:          0 HIT:          0 MISS:          0 MSHR_MERGE:          0
cpu11->cpu11_ITLB WRITE        ACCESS:          0 HIT:          0 MISS:          0 MSHR_MERGE:          0
cpu11->cpu11_ITLB TRANSLATION  ACCESS:          0 HIT:          0 MISS:          0 MSHR_MERGE:          0
cpu11->cpu11_ITLB PREFETCH REQUESTED:          0 ISSUED:          0 USEFUL:          0 USELESS:          0
cpu11->cpu11_ITLB AVERAGE MISS LATENCY: - cycles
cpu11->cpu11_DTLB TOTAL        ACCESS:   67402156 HIT:   67298728 MISS:     103428 MSHR_MERGE:      27614
cpu11->cpu11_DTLB LOAD         ACCESS:   67402156 HIT:   67298728 MISS:     103428 MSHR_MERGE:      27614
cpu11->cpu11_DTLB RFO          ACCESS:          0 HIT:          0 MISS:          0 MSHR_MERGE:          0
cpu11->cpu11_DTLB PREFETCH     ACCESS:          0 HIT:          0 MISS:          0 MSHR_MERGE:          0
cpu11->cpu11_DTLB WRITE        ACCESS:          0 HIT:          0 MISS:          0 MSHR_MERGE:          0
cpu11->cpu11_DTLB TRANSLATION  ACCESS:          0 HIT:          0 MISS:          0 MSHR_MERGE:          0
cpu11->cpu11_DTLB PREFETCH REQUESTED:          0 ISSUED:          0 USEFUL:          0 USELESS:          0
cpu11->cpu11_DTLB AVERAGE MISS LATENCY: 20.59 cycles
cpu10->cpu10_STLB TOTAL        ACCESS:   16564405 HIT:   16537696 MISS:      26709 MSHR_MERGE:          0
cpu10->cpu10_STLB LOAD         ACCESS:   16564405 HIT:   16537696 MISS:      26709 MSHR_MERGE:          0
cpu10->cpu10_STLB RFO          ACCESS:          0 HIT:          0 MISS:          0 MSHR_MERGE:          0
cpu10->cpu10_STLB PREFETCH     ACCESS:          0 HIT:          0 MISS:          0 MSHR_MERGE:          0
cpu10->cpu10_STLB WRITE        ACCESS:          0 HIT:          0 MISS:          0 MSHR_MERGE:          0
cpu10->cpu10_STLB TRANSLATION  ACCESS:          0 HIT:          0 MISS:          0 MSHR_MERGE:          0
cpu10->cpu10_STLB PREFETCH REQUESTED:          0 ISSUED:          0 USEFUL:          0 USELESS:          0
cpu10->cpu10_STLB AVERAGE MISS LATENCY: 612.9 cycles
cpu0->cpu10_L2C TOTAL        ACCESS:         27 HIT:         27 MISS:          0 MSHR_MERGE:          0
cpu0->cpu10_L2C LOAD         ACCESS:          0 HIT:          0 MISS:          0 MSHR_MERGE:          0
cpu0->cpu10_L2C RFO          ACCESS:          0 HIT:          0 MISS:          0 MSHR_MERGE:          0
cpu0->cpu10_L2C PREFETCH     ACCESS:          0 HIT:          0 MISS:          0 MSHR_MERGE:          0
cpu0->cpu10_L2C WRITE        ACCESS:         27 HIT:         27 MISS:          0 MSHR_MERGE:          0
cpu0->cpu10_L2C TRANSLATION  ACCESS:          0 HIT:          0 MISS:          0 MSHR_MERGE:          0
cpu0->cpu10_L2C PREFETCH REQUESTED:   19265702 ISSUED:   19265676 USEFUL:     429987 USELESS:     434930
cpu0->cpu10_L2C AVERAGE MISS LATENCY: - cycles
cpu10->cpu10_L2C TOTAL        ACCESS:   46641663 HIT:   32661024 MISS:   13980639 MSHR_MERGE:    1528518
cpu10->cpu10_L2C LOAD         ACCESS:   23765103 HIT:   16628082 MISS:    7137021 MSHR_MERGE:      11605
cpu10->cpu10_L2C RFO          ACCESS:    1627348 HIT:    1423894 MISS:     203454 MSHR_MERGE:          0
cpu10->cpu10_L2C PREFETCH     ACCESS:   19407474 HIT:   12877468 MISS:    6530006 MSHR_MERGE:    1516913
cpu10->cpu10_L2C WRITE        ACCESS:    1773718 HIT:    1718037 MISS:      55681 MSHR_MERGE:          0
cpu10->cpu10_L2C TRANSLATION  ACCESS:      68020 HIT:      13543 MISS:      54477 MSHR_MERGE:          0
cpu10->cpu10_L2C PREFETCH REQUESTED:   19265702 ISSUED:   19265676 USEFUL:     429987 USELESS:     434930
cpu10->cpu10_L2C AVERAGE MISS LATENCY: 44.81 cycles
cpu10_L2C FLUSH STALL CYCLES: 2829
cpu10->cpu10_L1I TOTAL        ACCESS:   75753502 HIT:   75753501 MISS:          1 MSHR_MERGE:          0
cpu10->cpu10_L1I LOAD         ACCESS:   39178020 HIT:   39178020 MISS:          0 MSHR_MERGE:          0
cpu10->cpu10_L1I RFO          ACCESS:          0 HIT:          0 MISS:          0 MSHR_MERGE:          0
cpu10->cpu10_L1I PREFETCH     ACCESS:   36575482 HIT:   36575481 MISS:          1 MSHR_MERGE:          0
cpu10->cpu10_L1I WRITE        ACCESS:          0 HIT:          0 MISS:          0 MSHR_MERGE:          0
cpu10->cpu10_L1I TRANSLATION  ACCESS:          0 HIT:          0 MISS:          0 MSHR_MERGE:          0
cpu10->cpu10_L1I PREFETCH REQUESTED:   39178020 ISSUED:   36575450 USEFUL:          0 USELESS:          0
cpu10->cpu10_L1I AVERAGE MISS LATENCY: - cycles
cpu10->cpu10_L1D TOTAL        ACCESS:   64862338 HIT:   35818024 MISS:   29044314 MSHR_MERGE:    3413738
cpu10->cpu10_L1D LOAD         ACCESS:   39489713 HIT:   12686490 MISS:   26803223 MSHR_MERGE:    3010699
cpu10->cpu10_L1D RFO          ACCESS:          0 HIT:          0 MISS:          0 MSHR_MERGE:          0
cpu10->cpu10_L1D PREFETCH     ACCESS:     205943 HIT:      42494 MISS:     163449 MSHR_MERGE:      21648
cpu10->cpu10_L1D WRITE        ACCESS:   25098313 HIT:   23088830 MISS:    2009483 MSHR_MERGE:     381252
cpu10->cpu10_L1D TRANSLATION  ACCESS:      68369 HIT:        210 MISS:      68159 MSHR_MERGE:        139
cpu10->cpu10_L1D PREFETCH REQUESTED:     205943 ISSUED:     205943 USEFUL:        423 USELESS:      43692
cpu10->cpu10_L1D AVERAGE MISS LATENCY: 23.54 cycles
cpu10->cpu10_ITLB TOTAL        ACCESS:   52924411 HIT:   52924410 MISS:          1 MSHR_MERGE:          0
cpu10->cpu10_ITLB LOAD         ACCESS:   52924411 HIT:   52924410 MISS:          1 MSHR_MERGE:          0
cpu10->cpu10_ITLB RFO          ACCESS:          0 HIT:          0 MISS:          0 MSHR_MERGE:          0
cpu10->cpu10_ITLB PREFETCH     ACCESS:          0 HIT:          0 MISS:          0 MSHR_MERGE:          0
cpu10->cpu10_ITLB WRITE        ACCESS:          0 HIT:          0 MISS:          0 MSHR_MERGE:          0
cpu10->cpu10_ITLB TRANSLATION  ACCESS:          0 HIT:          0 MISS:          0 MSHR_MERGE:          0
cpu10->cpu10_ITLB PREFETCH REQUESTED:          0 ISSUED:          0 USEFUL:          0 USELESS:          0
cpu10->cpu10_ITLB AVERAGE MISS LATENCY: 707 cycles
cpu10->cpu10_DTLB TOTAL        ACCESS:   60275774 HIT:   38275631 MISS:   22000143 MSHR_MERGE:    5435739
cpu10->cpu10_DTLB LOAD         ACCESS:   60275774 HIT:   38275631 MISS:   22000143 MSHR_MERGE:    5435739
cpu10->cpu10_DTLB RFO          ACCESS:          0 HIT:          0 MISS:          0 MSHR_MERGE:          0
cpu10->cpu10_DTLB PREFETCH     ACCESS:          0 HIT:          0 MISS:          0 MSHR_MERGE:          0
cpu10->cpu10_DTLB WRITE        ACCESS:          0 HIT:          0 MISS:          0 MSHR_MERGE:          0
cpu10->cpu10_DTLB TRANSLATION  ACCESS:          0 HIT:          0 MISS:          0 MSHR_MERGE:          0
cpu10->cpu10_DTLB PREFETCH REQUESTED:          0 ISSUED:          0 USEFUL:          0 USELESS:          0
cpu10->cpu10_DTLB AVERAGE MISS LATENCY: 6.039 cycles
cpu0->cpu0_STLB TOTAL        ACCESS:     109400 HIT:     108340 MISS:       1060 MSHR_MERGE:          0
cpu0->cpu0_STLB LOAD         ACCESS:     109400 HIT:     108340 MISS:       1060 MSHR_MERGE:          0
cpu0->cpu0_STLB RFO          ACCESS:          0 HIT:          0 MISS:          0 MSHR_MERGE:          0
cpu0->cpu0_STLB PREFETCH     ACCESS:          0 HIT:          0 MISS:          0 MSHR_MERGE:          0
cpu0->cpu0_STLB WRITE        ACCESS:          0 HIT:          0 MISS:          0 MSHR_MERGE:          0
cpu0->cpu0_STLB TRANSLATION  ACCESS:          0 HIT:          0 MISS:          0 MSHR_MERGE:          0
cpu0->cpu0_STLB PREFETCH REQUESTED:          0 ISSUED:          0 USEFUL:          0 USELESS:          0
cpu0->cpu0_STLB AVERAGE MISS LATENCY: 716.8 cycles
cpu0->cpu0_L2C TOTAL        ACCESS:    1558523 HIT:    1241198 MISS:     317325 MSHR_MERGE:      15188
cpu0->cpu0_L2C LOAD         ACCESS:     481238 HIT:     460679 MISS:      20559 MSHR_MERGE:        583
cpu0->cpu0_L2C RFO          ACCESS:      83050 HIT:      50722 MISS:      32328 MSHR_MERGE:         11
cpu0->cpu0_L2C PREFETCH     ACCESS:     850491 HIT:     598515 MISS:     251976 MSHR_MERGE:      14594
cpu0->cpu0_L2C WRITE        ACCESS:     142146 HIT:     131274 MISS:      10872 MSHR_MERGE:          0
cpu0->cpu0_L2C TRANSLATION  ACCESS:       1598 HIT:          8 MISS:       1590 MSHR_MERGE:          0
cpu0->cpu0_L2C PREFETCH REQUESTED:     712704 ISSUED:     712179 USEFUL:      14255 USELESS:        456
cpu0->cpu0_L2C AVERAGE MISS LATENCY: 134.7 cycles
cpu0_L2C FLUSH STALL CYCLES: 12255
cpu0->cpu0_L1I TOTAL        ACCESS:   69493281 HIT:   69421321 MISS:      71960 MSHR_MERGE:      39195
cpu0->cpu0_L1I LOAD         ACCESS:   34975902 HIT:   34940863 MISS:      35039 MSHR_MERGE:      16827
cpu0->cpu0_L1I RFO          ACCESS:          0 HIT:          0 MISS:          0 MSHR_MERGE:          0
cpu0->cpu0_L1I PREFETCH     ACCESS:   34517379 HIT:   34480458 MISS:      36921 MSHR_MERGE:      22368
cpu0->cpu0_L1I WRITE        ACCESS:          0 HIT:          0 MISS:          0 MSHR_MERGE:          0
cpu0->cpu0_L1I TRANSLATION  ACCESS:          0 HIT:          0 MISS:          0 MSHR_MERGE:          0
cpu0->cpu0_L1I PREFETCH REQUESTED:   34975910 ISSUED:   34517347 USEFUL:       8247 USELESS:       6289
cpu0->cpu0_L1I AVERAGE MISS LATENCY: 14.8 cycles
cpu0->cpu0_L1D TOTAL        ACCESS:   81344417 HIT:   80257865 MISS:    1086552 MSHR_MERGE:     415096
cpu0->cpu0_L1D LOAD         ACCESS:   47557226 HIT:   47041900 MISS:     515326 MSHR_MERGE:      52292
cpu0->cpu0_L1D RFO          ACCESS:          0 HIT:          0 MISS:          0 MSHR_MERGE:          0
cpu0->cpu0_L1D PREFETCH     ACCESS:    2949689 HIT:    2756467 MISS:     193222 MSHR_MERGE:      69448
cpu0->cpu0_L1D WRITE        ACCESS:   30835380 HIT:   30458977 MISS:     376403 MSHR_MERGE:     293353
cpu0->cpu0_L1D TRANSLATION  ACCESS:       2122 HIT:        521 MISS:       1601 MSHR_MERGE:          3
cpu0->cpu0_L1D PREFETCH REQUESTED:    2956268 ISSUED:    2949689 USEFUL:      94887 USELESS:      27782
cpu0->cpu0_L1D AVERAGE MISS LATENCY: 25.52 cycles
cpu0_L1D FLUSH STALL CYCLES: 124
cpu0->cpu0_ITLB TOTAL        ACCESS:   54926951 HIT:   54926873 MISS:         78 MSHR_MERGE:         30
cpu0->cpu0_ITLB LOAD         ACCESS:   54926951 HIT:   54926873 MISS:         78 MSHR_MERGE:         30
cpu0->cpu0_ITLB RFO          ACCESS:          0 HIT:          0 MISS:          0 MSHR_MERGE:          0
cpu0->cpu0_ITLB PREFETCH     ACCESS:          0 HIT:          0 MISS:          0 MSHR_MERGE:          0
cpu0->cpu0_ITLB WRITE        ACCESS:          0 HIT:          0 MISS:          0 MSHR_MERGE:          0
cpu0->cpu0_ITLB TRANSLATION  ACCESS:          0 HIT:          0 MISS:          0 MSHR_MERGE:          0
cpu0->cpu0_ITLB PREFETCH REQUESTED:          0 ISSUED:          0 USEFUL:          0 USELESS:          0
cpu0->cpu0_ITLB AVERAGE MISS LATENCY: 672.5 cycles
cpu0->cpu0_DTLB TOTAL        ACCESS:   73306226 HIT:   73178029 MISS:     128197 MSHR_MERGE:      18845
cpu0->cpu0_DTLB LOAD         ACCESS:   73306226 HIT:   73178029 MISS:     128197 MSHR_MERGE:      18845
cpu0->cpu0_DTLB RFO          ACCESS:          0 HIT:          0 MISS:          0 MSHR_MERGE:          0
cpu0->cpu0_DTLB PREFETCH     ACCESS:          0 HIT:          0 MISS:          0 MSHR_MERGE:          0
cpu0->cpu0_DTLB WRITE        ACCESS:          0 HIT:          0 MISS:          0 MSHR_MERGE:          0
cpu0->cpu0_DTLB TRANSLATION  ACCESS:          0 HIT:          0 MISS:          0 MSHR_MERGE:          0
cpu0->cpu0_DTLB PREFETCH REQUESTED:          0 ISSUED:          0 USEFUL:          0 USELESS:          0
cpu0->cpu0_DTLB AVERAGE MISS LATENCY: 11.66 cycles
cpu0->LLC TOTAL        ACCESS:     404696 HIT:     143010 MISS:     261686 MSHR_MERGE:      37728
cpu0->LLC LOAD         ACCESS:      19976 HIT:      11837 MISS:       8139 MSHR_MERGE:        732
cpu0->LLC RFO          ACCESS:      32317 HIT:        542 MISS:      31775 MSHR_MERGE:         20
cpu0->LLC PREFETCH     ACCESS:     174697 HIT:     103549 MISS:      71148 MSHR_MERGE:      36976
cpu0->LLC WRITE        ACCESS:     176116 HIT:      27078 MISS:     149038 MSHR_MERGE:          0
cpu0->LLC TRANSLATION  ACCESS:       1590 HIT:          4 MISS:       1586 MSHR_MERGE:          0
cpu0->LLC PREFETCH REQUESTED:          0 ISSUED:          0 USEFUL:          0 USELESS:          0
cpu0->LLC AVERAGE MISS LATENCY: 3300 cycles
cpu1->LLC TOTAL        ACCESS:    1077441 HIT:     600381 MISS:     477060 MSHR_MERGE:      91640
cpu1->LLC LOAD         ACCESS:     176531 HIT:      91930 MISS:      84601 MSHR_MERGE:      18920
cpu1->LLC RFO          ACCESS:      78409 HIT:       1711 MISS:      76698 MSHR_MERGE:         39
cpu1->LLC PREFETCH     ACCESS:     747142 HIT:     492822 MISS:     254320 MSHR_MERGE:      72681
cpu1->LLC WRITE        ACCESS:      67193 HIT:      13850 MISS:      53343 MSHR_MERGE:          0
cpu1->LLC TRANSLATION  ACCESS:       8166 HIT:         68 MISS:       8098 MSHR_MERGE:          0
cpu1->LLC PREFETCH REQUESTED:          0 ISSUED:          0 USEFUL:          0 USELESS:          0
cpu1->LLC AVERAGE MISS LATENCY: 2823 cycles
cpu2->LLC TOTAL        ACCESS:      28773 HIT:      15004 MISS:      13769 MSHR_MERGE:       1535
cpu2->LLC LOAD         ACCESS:       1062 HIT:         38 MISS:       1024 MSHR_MERGE:          6
cpu2->LLC RFO          ACCESS:        556 HIT:         87 MISS:        469 MSHR_MERGE:          2
cpu2->LLC PREFETCH     ACCESS:      26647 HIT:      14879 MISS:      11768 MSHR_MERGE:       1527
cpu2->LLC WRITE        ACCESS:         41 HIT:          0 MISS:         41 MSHR_MERGE:          0
cpu2->LLC TRANSLATION  ACCESS:        467 HIT:          0 MISS:        467 MSHR_MERGE:          0
cpu2->LLC PREFETCH REQUESTED:          0 ISSUED:          0 USEFUL:          0 USELESS:          0
cpu2->LLC AVERAGE MISS LATENCY: 3.143e+05 cycles
cpu3->LLC TOTAL        ACCESS:    4490620 HIT:    2653399 MISS:    1837221 MSHR_MERGE:     935223
cpu3->LLC LOAD         ACCESS:     144414 HIT:     117266 MISS:      27148 MSHR_MERGE:       6263
cpu3->LLC RFO          ACCESS:     291056 HIT:      37543 MISS:     253513 MSHR_MERGE:          0
cpu3->LLC PREFETCH     ACCESS:    3749943 HIT:    2394274 MISS:    1355669 MSHR_MERGE:     928960
cpu3->LLC WRITE        ACCESS:     287729 HIT:     104315 MISS:     183414 MSHR_MERGE:          0
cpu3->LLC TRANSLATION  ACCESS:      17478 HIT:          1 MISS:      17477 MSHR_MERGE:          0
cpu3->LLC PREFETCH REQUESTED:          0 ISSUED:          0 USEFUL:          0 USELESS:          0
cpu3->LLC AVERAGE MISS LATENCY: 1306 cycles
cpu4->LLC TOTAL        ACCESS:     288042 HIT:      30141 MISS:     257901 MSHR_MERGE:        917
cpu4->LLC LOAD         ACCESS:      69796 HIT:       3174 MISS:      66622 MSHR_MERGE:        279
cpu4->LLC RFO          ACCESS:       1318 HIT:        359 MISS:        959 MSHR_MERGE:         22
cpu4->LLC PREFETCH     ACCESS:      72242 HIT:      23746 MISS:      48496 MSHR_MERGE:        616
cpu4->LLC WRITE        ACCESS:      43401 HIT:       1993 MISS:      41408 MSHR_MERGE:          0
cpu4->LLC TRANSLATION  ACCESS:     101285 HIT:        869 MISS:     100416 MSHR_MERGE:          0
cpu4->LLC PREFETCH REQUESTED:          0 ISSUED:          0 USEFUL:          0 USELESS:          0
cpu4->LLC AVERAGE MISS LATENCY: 3003 cycles
cpu5->LLC TOTAL        ACCESS:    2733130 HIT:    2129596 MISS:     603534 MSHR_MERGE:       5365
cpu5->LLC LOAD         ACCESS:      66272 HIT:      36698 MISS:      29574 MSHR_MERGE:        509
cpu5->LLC RFO          ACCESS:     230110 HIT:      22748 MISS:     207362 MSHR_MERGE:       2181
cpu5->LLC PREFETCH     ACCESS:    2157195 HIT:    2027587 MISS:     129608 MSHR_MERGE:       2675
cpu5->LLC WRITE        ACCESS:     269578 HIT:      42420 MISS:     227158 MSHR_MERGE:          0
cpu5->LLC TRANSLATION  ACCESS:       9975 HIT:        143 MISS:       9832 MSHR_MERGE:          0
cpu5->LLC PREFETCH REQUESTED:          0 ISSUED:          0 USEFUL:          0 USELESS:          0
cpu5->LLC AVERAGE MISS LATENCY: 1327 cycles
cpu6->LLC TOTAL        ACCESS:    1684310 HIT:    1492504 MISS:     191806 MSHR_MERGE:      17518
cpu6->LLC LOAD         ACCESS:       4424 HIT:       1692 MISS:       2732 MSHR_MERGE:          9
cpu6->LLC RFO          ACCESS:          0 HIT:          0 MISS:          0 MSHR_MERGE:          0
cpu6->LLC PREFETCH     ACCESS:    1676880 HIT:    1490812 MISS:     186068 MSHR_MERGE:      17509
cpu6->LLC WRITE        ACCESS:          0 HIT:          0 MISS:          0 MSHR_MERGE:          0
cpu6->LLC TRANSLATION  ACCESS:       3006 HIT:          0 MISS:       3006 MSHR_MERGE:          0
cpu6->LLC PREFETCH REQUESTED:          0 ISSUED:          0 USEFUL:          0 USELESS:          0
cpu6->LLC AVERAGE MISS LATENCY: 1.096e+05 cycles
cpu7->LLC TOTAL        ACCESS:      22608 HIT:      10102 MISS:      12506 MSHR_MERGE:        129
cpu7->LLC LOAD         ACCESS:       2158 HIT:         29 MISS:       2129 MSHR_MERGE:          1
cpu7->LLC RFO          ACCESS:        111 HIT:         15 MISS:         96 MSHR_MERGE:          1
cpu7->LLC PREFETCH     ACCESS:      17997 HIT:      10007 MISS:       7990 MSHR_MERGE:        127
cpu7->LLC WRITE        ACCESS:       1625 HIT:         51 MISS:       1574 MSHR_MERGE:          0
cpu7->LLC TRANSLATION  ACCESS:        717 HIT:          0 MISS:        717 MSHR_MERGE:          0
cpu7->LLC PREFETCH REQUESTED:          0 ISSUED:          0 USEFUL:          0 USELESS:          0
cpu7->LLC AVERAGE MISS LATENCY: 1.392e+05 cycles
cpu8->LLC TOTAL        ACCESS:     115663 HIT:       4859 MISS:     110804 MSHR_MERGE:        229
cpu8->LLC LOAD         ACCESS:        420 HIT:        124 MISS:        296 MSHR_MERGE:          1
cpu8->LLC RFO          ACCESS:      52578 HIT:         42 MISS:      52536 MSHR_MERGE:          0
cpu8->LLC PREFETCH     ACCESS:       9169 HIT:       3112 MISS:       6057 MSHR_MERGE:        228
cpu8->LLC WRITE        ACCESS:      52443 HIT:       1573 MISS:      50870 MSHR_MERGE:          0
cpu8->LLC TRANSLATION  ACCESS:       1053 HIT:          8 MISS:       1045 MSHR_MERGE:          0
cpu8->LLC PREFETCH REQUESTED:          0 ISSUED:          0 USEFUL:          0 USELESS:          0
cpu8->LLC AVERAGE MISS LATENCY: 6004 cycles
cpu9->LLC TOTAL        ACCESS:     762421 HIT:     321844 MISS:     440577 MSHR_MERGE:      10102
cpu9->LLC LOAD         ACCESS:     247260 HIT:      76610 MISS:     170650 MSHR_MERGE:       6452
cpu9->LLC RFO          ACCESS:      12555 HIT:       1945 MISS:      10610 MSHR_MERGE:        105
cpu9->LLC PREFETCH     ACCESS:     421553 HIT:     236071 MISS:     185482 MSHR_MERGE:       3545
cpu9->LLC WRITE        ACCESS:      35454 HIT:       6730 MISS:      28724 MSHR_MERGE:          0
cpu9->LLC TRANSLATION  ACCESS:      45599 HIT:        488 MISS:      45111 MSHR_MERGE:          0
cpu9->LLC PREFETCH REQUESTED:          0 ISSUED:          0 USEFUL:          0 USELESS:          0
cpu9->LLC AVERAGE MISS LATENCY: 2465 cycles
cpu10->LLC TOTAL        ACCESS:   12643378 HIT:   10094243 MISS:    2549135 MSHR_MERGE:      21905
cpu10->LLC LOAD         ACCESS:    7125349 HIT:    6390487 MISS:     734862 MSHR_MERGE:      13554
cpu10->LLC RFO          ACCESS:     203327 HIT:     201650 MISS:       1677 MSHR_MERGE:          0
cpu10->LLC PREFETCH     ACCESS:    5012169 HIT:    3269630 MISS:    1742539 MSHR_MERGE:       8351
cpu10->LLC WRITE        ACCESS:     248056 HIT:     220186 MISS:      27870 MSHR_MERGE:          0
cpu10->LLC TRANSLATION  ACCESS:      54477 HIT:      12290 MISS:      42187 MSHR_MERGE:          0
cpu10->LLC PREFETCH REQUESTED:          0 ISSUED:          0 USEFUL:          0 USELESS:          0
cpu10->LLC AVERAGE MISS LATENCY: 779.6 cycles
cpu11->LLC TOTAL        ACCESS:     317137 HIT:     261803 MISS:      55334 MSHR_MERGE:        834
cpu11->LLC LOAD         ACCESS:      27344 HIT:      24124 MISS:       3220 MSHR_MERGE:          6
cpu11->LLC RFO          ACCESS:         31 HIT:          1 MISS:         30 MSHR_MERGE:          0
cpu11->LLC PREFETCH     ACCESS:     286663 HIT:     237658 MISS:      49005 MSHR_MERGE:        828
cpu11->LLC WRITE        ACCESS:        647 HIT:          6 MISS:        641 MSHR_MERGE:          0
cpu11->LLC TRANSLATION  ACCESS:       2452 HIT:         14 MISS:       2438 MSHR_MERGE:          0
cpu11->LLC PREFETCH REQUESTED:          0 ISSUED:          0 USEFUL:          0 USELESS:          0
cpu11->LLC AVERAGE MISS LATENCY: 9.936e+04 cycles
cpu12->LLC TOTAL        ACCESS:       5426 HIT:       2557 MISS:       2869 MSHR_MERGE:       1006
cpu12->LLC LOAD         ACCESS:        526 HIT:        159 MISS:        367 MSHR_MERGE:         63
cpu12->LLC RFO          ACCESS:         60 HIT:          0 MISS:         60 MSHR_MERGE:          0
cpu12->LLC PREFETCH     ACCESS:       4779 HIT:       2398 MISS:       2381 MSHR_MERGE:        943
cpu12->LLC WRITE        ACCESS:          0 HIT:          0 MISS:          0 MSHR_MERGE:          0
cpu12->LLC TRANSLATION  ACCESS:         61 HIT:          0 MISS:         61 MSHR_MERGE:          0
cpu12->LLC PREFETCH REQUESTED:          0 ISSUED:          0 USEFUL:          0 USELESS:          0
cpu12->LLC AVERAGE MISS LATENCY: 1.289e+06 cycles
cpu13->LLC TOTAL        ACCESS:    4760349 HIT:    4708636 MISS:      51713 MSHR_MERGE:       9308
cpu13->LLC LOAD         ACCESS:       1430 HIT:        885 MISS:        545 MSHR_MERGE:          9
cpu13->LLC RFO          ACCESS:        216 HIT:          0 MISS:        216 MSHR_MERGE:          0
cpu13->LLC PREFETCH     ACCESS:    4757876 HIT:    4707751 MISS:      50125 MSHR_MERGE:       9299
cpu13->LLC WRITE        ACCESS:         38 HIT:          0 MISS:         38 MSHR_MERGE:          0
cpu13->LLC TRANSLATION  ACCESS:        789 HIT:          0 MISS:        789 MSHR_MERGE:          0
cpu13->LLC PREFETCH REQUESTED:          0 ISSUED:          0 USEFUL:          0 USELESS:          0
cpu13->LLC AVERAGE MISS LATENCY: 3.96e+05 cycles
cpu14->LLC TOTAL        ACCESS:     216187 HIT:      29765 MISS:     186422 MSHR_MERGE:        258
cpu14->LLC LOAD         ACCESS:        699 HIT:        280 MISS:        419 MSHR_MERGE:          6
cpu14->LLC RFO          ACCESS:      98388 HIT:         87 MISS:      98301 MSHR_MERGE:          0
cpu14->LLC PREFETCH     ACCESS:      16740 HIT:       6047 MISS:      10693 MSHR_MERGE:        252
cpu14->LLC WRITE        ACCESS:      98412 HIT:      23344 MISS:      75068 MSHR_MERGE:          0
cpu14->LLC TRANSLATION  ACCESS:       1948 HIT:          7 MISS:       1941 MSHR_MERGE:          0
cpu14->LLC PREFETCH REQUESTED:          0 ISSUED:          0 USEFUL:          0 USELESS:          0
cpu14->LLC AVERAGE MISS LATENCY: 3579 cycles
cpu15->LLC TOTAL        ACCESS:    8804667 HIT:    5526865 MISS:    3277802 MSHR_MERGE:    1658261
cpu15->LLC LOAD         ACCESS:     636705 HIT:     540565 MISS:      96140 MSHR_MERGE:      50936
cpu15->LLC RFO          ACCESS:     541595 HIT:      80323 MISS:     461272 MSHR_MERGE:          4
cpu15->LLC PREFETCH     ACCESS:    6845016 HIT:    4515169 MISS:    2329847 MSHR_MERGE:    1607321
cpu15->LLC WRITE        ACCESS:     749413 HIT:     386242 MISS:     363171 MSHR_MERGE:          0
cpu15->LLC TRANSLATION  ACCESS:      31938 HIT:       4566 MISS:      27372 MSHR_MERGE:          0
cpu15->LLC PREFETCH REQUESTED:          0 ISSUED:          0 USEFUL:          0 USELESS:          0
cpu15->LLC AVERAGE MISS LATENCY: 663.4 cycles

Region of Interest Statistics

CPU 9 cumulative IPC: 1.522 instructions: 200000004 cycles: 131384161
CPU 9 Branch Prediction Accuracy: 98.12% MPKI: 3.102 Average ROB Occupancy at Mispredict: 101
Branch type MPKI
BRANCH_DIRECT_JUMP: 0.0915
BRANCH_INDIRECT: 0.4796
BRANCH_CONDITIONAL: 2.062
BRANCH_DIRECT_CALL: 0.03815
BRANCH_INDIRECT_CALL: 0.3972
BRANCH_RETURN: 0.03307


CPU 8 cumulative IPC: 3.381 instructions: 200000001 cycles: 59159722
CPU 8 Branch Prediction Accuracy: 99.53% MPKI: 0.6802 Average ROB Occupancy at Mispredict: 143.2
Branch type MPKI
BRANCH_DIRECT_JUMP: 0.05644
BRANCH_INDIRECT: 0
BRANCH_CONDITIONAL: 0.5637
BRANCH_DIRECT_CALL: 0
BRANCH_INDIRECT_CALL: 0
BRANCH_RETURN: 0.06002


CPU 7 cumulative IPC: 1.786 instructions: 200000002 cycles: 111984094
CPU 7 Branch Prediction Accuracy: 92.71% MPKI: 12.07 Average ROB Occupancy at Mispredict: 34.56
Branch type MPKI
BRANCH_DIRECT_JUMP: 0.1104
BRANCH_INDIRECT: 0.000735
BRANCH_CONDITIONAL: 11.93
BRANCH_DIRECT_CALL: 0
BRANCH_INDIRECT_CALL: 0
BRANCH_RETURN: 0.02902


CPU 6 cumulative IPC: 2.669 instructions: 200000003 cycles: 74925209
CPU 6 Branch Prediction Accuracy: 100% MPKI: 0 Average ROB Occupancy at Mispredict: -
Branch type MPKI
BRANCH_DIRECT_JUMP: 0
BRANCH_INDIRECT: 0
BRANCH_CONDITIONAL: 0
BRANCH_DIRECT_CALL: 0
BRANCH_INDIRECT_CALL: 0
BRANCH_RETURN: 0


CPU 5 cumulative IPC: 1.304 instructions: 200000000 cycles: 153384037
CPU 5 Branch Prediction Accuracy: 97.71% MPKI: 6.515 Average ROB Occupancy at Mispredict: 42.8
Branch type MPKI
BRANCH_DIRECT_JUMP: 0.1326
BRANCH_INDIRECT: 0.4073
BRANCH_CONDITIONAL: 3.786
BRANCH_DIRECT_CALL: 0.00068
BRANCH_INDIRECT_CALL: 0.4555
BRANCH_RETURN: 1.733


CPU 4 cumulative IPC: 1.59 instructions: 200000004 cycles: 125803191
CPU 4 Branch Prediction Accuracy: 95.61% MPKI: 6.461 Average ROB Occupancy at Mispredict: 64.68
Branch type MPKI
BRANCH_DIRECT_JUMP: 0.01574
BRANCH_INDIRECT: 0.00901
BRANCH_CONDITIONAL: 5.886
BRANCH_DIRECT_CALL: 0.01662
BRANCH_INDIRECT_CALL: 0
BRANCH_RETURN: 0.5333


CPU 3 cumulative IPC: 1.373 instructions: 200000000 cycles: 145644830
CPU 3 Branch Prediction Accuracy: 86.07% MPKI: 14.27 Average ROB Occupancy at Mispredict: 49.82
Branch type MPKI
BRANCH_DIRECT_JUMP: 0
BRANCH_INDIRECT: 0
BRANCH_CONDITIONAL: 7.142
BRANCH_DIRECT_CALL: 0
BRANCH_INDIRECT_CALL: 0
BRANCH_RETURN: 7.123


CPU 2 cumulative IPC: 1.814 instructions: 200000000 cycles: 110258239
CPU 2 Branch Prediction Accuracy: 92.55% MPKI: 12.27 Average ROB Occupancy at Mispredict: 34.68
Branch type MPKI
BRANCH_DIRECT_JUMP: 0.07724
BRANCH_INDIRECT: 0.000465
BRANCH_CONDITIONAL: 12.16
BRANCH_DIRECT_CALL: 1e-05
BRANCH_INDIRECT_CALL: 0
BRANCH_RETURN: 0.03105


CPU 15 cumulative IPC: 2.611 instructions: 200000001 cycles: 76586243
CPU 15 Branch Prediction Accuracy: 99.08% MPKI: 1.385 Average ROB Occupancy at Mispredict: 60.17
Branch type MPKI
BRANCH_DIRECT_JUMP: 0.02945
BRANCH_INDIRECT: 0.00081
BRANCH_CONDITIONAL: 1.323
BRANCH_DIRECT_CALL: 0.001385
BRANCH_INDIRECT_CALL: 0
BRANCH_RETURN: 0.03041


CPU 14 cumulative IPC: 3.347 instructions: 200000004 cycles: 59756935
CPU 14 Branch Prediction Accuracy: 99.44% MPKI: 0.8171 Average ROB Occupancy at Mispredict: 136
Branch type MPKI
BRANCH_DIRECT_JUMP: 0.1433
BRANCH_INDIRECT: 0
BRANCH_CONDITIONAL: 0.5867
BRANCH_DIRECT_CALL: 0
BRANCH_INDIRECT_CALL: 0
BRANCH_RETURN: 0.08714


CPU 13 cumulative IPC: 4.243 instructions: 200000004 cycles: 47135359
CPU 13 Branch Prediction Accuracy: 99.7% MPKI: 0.3129 Average ROB Occupancy at Mispredict: 329.8
Branch type MPKI
BRANCH_DIRECT_JUMP: 0
BRANCH_INDIRECT: 0
BRANCH_CONDITIONAL: 0.3129
BRANCH_DIRECT_CALL: 0
BRANCH_INDIRECT_CALL: 0
BRANCH_RETURN: 0


CPU 12 cumulative IPC: 3.366 instructions: 200000005 cycles: 59425673
CPU 12 Branch Prediction Accuracy: 98.08% MPKI: 2.725 Average ROB Occupancy at Mispredict: 46.5
Branch type MPKI
BRANCH_DIRECT_JUMP: 0.1286
BRANCH_INDIRECT: 0
BRANCH_CONDITIONAL: 2.596
BRANCH_DIRECT_CALL: 0.00042
BRANCH_INDIRECT_CALL: 0
BRANCH_RETURN: 0.00042


CPU 11 cumulative IPC: 1.468 instructions: 200000004 cycles: 136215661
CPU 11 Branch Prediction Accuracy: 88.56% MPKI: 11.07 Average ROB Occupancy at Mispredict: 66.21
Branch type MPKI
BRANCH_DIRECT_JUMP: 9e-05
BRANCH_INDIRECT: 0
BRANCH_CONDITIONAL: 5.543
BRANCH_DIRECT_CALL: 0
BRANCH_INDIRECT_CALL: 0
BRANCH_RETURN: 5.527


CPU 10 cumulative IPC: 1.442 instructions: 200000002 cycles: 138665876
CPU 10 Branch Prediction Accuracy: 99.85% MPKI: 0.001835 Average ROB Occupancy at Mispredict: 241.4
Branch type MPKI
BRANCH_DIRECT_JUMP: 5e-06
BRANCH_INDIRECT: 2.5e-05
BRANCH_CONDITIONAL: 0.001805
BRANCH_DIRECT_CALL: 0
BRANCH_INDIRECT_CALL: 0
BRANCH_RETURN: 0


CPU 1 cumulative IPC: 4.114 instructions: 200000000 cycles: 48612846
CPU 1 Branch Prediction Accuracy: 99.74% MPKI: 0.1104 Average ROB Occupancy at Mispredict: 249.6
Branch type MPKI
BRANCH_DIRECT_JUMP: 2e-05
BRANCH_INDIRECT: 0
BRANCH_CONDITIONAL: 0.07466
BRANCH_DIRECT_CALL: 3.5e-05
BRANCH_INDIRECT_CALL: 0.000995
BRANCH_RETURN: 0.0347


CPU 0 cumulative IPC: 1.77 instructions: 200000000 cycles: 112987860
CPU 0 Branch Prediction Accuracy: 92.62% MPKI: 12.08 Average ROB Occupancy at Mispredict: 35.01
Branch type MPKI
BRANCH_DIRECT_JUMP: 0.07587
BRANCH_INDIRECT: 0.001405
BRANCH_CONDITIONAL: 11.97
BRANCH_DIRECT_CALL: 0.00076
BRANCH_INDIRECT_CALL: 0.0001
BRANCH_RETURN: 0.0271

cpu9->cpu9_STLB TOTAL        ACCESS:     680235 HIT:     653709 MISS:      26526 MSHR_MERGE:          0
cpu9->cpu9_STLB LOAD         ACCESS:     680235 HIT:     653709 MISS:      26526 MSHR_MERGE:          0
cpu9->cpu9_STLB RFO          ACCESS:          0 HIT:          0 MISS:          0 MSHR_MERGE:          0
cpu9->cpu9_STLB PREFETCH     ACCESS:          0 HIT:          0 MISS:          0 MSHR_MERGE:          0
cpu9->cpu9_STLB WRITE        ACCESS:          0 HIT:          0 MISS:          0 MSHR_MERGE:          0
cpu9->cpu9_STLB TRANSLATION  ACCESS:          0 HIT:          0 MISS:          0 MSHR_MERGE:          0
cpu9->cpu9_STLB PREFETCH REQUESTED:          0 ISSUED:          0 USEFUL:          0 USELESS:          0
cpu9->cpu9_STLB AVERAGE MISS LATENCY: 464.8 cycles
cpu0->cpu9_L2C TOTAL        ACCESS:        232 HIT:        216 MISS:         16 MSHR_MERGE:          0
cpu0->cpu9_L2C LOAD         ACCESS:          0 HIT:          0 MISS:          0 MSHR_MERGE:          0
cpu0->cpu9_L2C RFO          ACCESS:          0 HIT:          0 MISS:          0 MSHR_MERGE:          0
cpu0->cpu9_L2C PREFETCH     ACCESS:          0 HIT:          0 MISS:          0 MSHR_MERGE:          0
cpu0->cpu9_L2C WRITE        ACCESS:        232 HIT:        216 MISS:         16 MSHR_MERGE:          0
cpu0->cpu9_L2C TRANSLATION  ACCESS:          0 HIT:          0 MISS:          0 MSHR_MERGE:          0
cpu0->cpu9_L2C PREFETCH REQUESTED:    2050905 ISSUED:    2050905 USEFUL:        985 USELESS:        221
cpu0->cpu9_L2C AVERAGE MISS LATENCY: 3.014e+06 cycles
cpu9->cpu9_L2C TOTAL        ACCESS:    4935045 HIT:    4096133 MISS:     838912 MSHR_MERGE:     103259
cpu9->cpu9_L2C LOAD         ACCESS:    1817315 HIT:    1569954 MISS:     247361 MSHR_MERGE:        101
cpu9->cpu9_L2C RFO          ACCESS:      54257 HIT:      41702 MISS:      12555 MSHR_MERGE:          0
cpu9->cpu9_L2C PREFETCH     ACCESS:    2835198 HIT:    2310444 MISS:     524754 MSHR_MERGE:     103158
cpu9->cpu9_L2C WRITE        ACCESS:     176241 HIT:     167598 MISS:       8643 MSHR_MERGE:          0
cpu9->cpu9_L2C TRANSLATION  ACCESS:      52034 HIT:       6435 MISS:      45599 MSHR_MERGE:          0
cpu9->cpu9_L2C PREFETCH REQUESTED:    2050905 ISSUED:    2050905 USEFUL:        985 USELESS:        221
cpu9->cpu9_L2C AVERAGE MISS LATENCY: 153.5 cycles
cpu9_L2C FLUSH STALL CYCLES: 7476
cpu9->cpu9_L1I TOTAL        ACCESS:   76342943 HIT:   72727337 MISS:    3615606 MSHR_MERGE:    1652285
cpu9->cpu9_L1I LOAD         ACCESS:   39417941 HIT:   37531767 MISS:    1886174 MSHR_MERGE:     639138
cpu9->cpu9_L1I RFO          ACCESS:          0 HIT:          0 MISS:          0 MSHR_MERGE:          0
cpu9->cpu9_L1I PREFETCH     ACCESS:   36925002 HIT:   35195570 MISS:    1729432 MSHR_MERGE:    1013147
cpu9->cpu9_L1I WRITE        ACCESS:          0 HIT:          0 MISS:          0 MSHR_MERGE:          0
cpu9->cpu9_L1I TRANSLATION  ACCESS:          0 HIT:          0 MISS:          0 MSHR_MERGE:          0
cpu9->cpu9_L1I PREFETCH REQUESTED:   39433287 ISSUED:   36924970 USEFUL:     226805 USELESS:     489457
cpu9->cpu9_L1I AVERAGE MISS LATENCY: 10.13 cycles
cpu9->cpu9_L1D TOTAL        ACCESS:   74481967 HIT:   73418637 MISS:    1063330 MSHR_MERGE:     318742
cpu9->cpu9_L1D LOAD         ACCESS:   31296178 HIT:   30534463 MISS:     761715 MSHR_MERGE:     191436
cpu9->cpu9_L1D RFO          ACCESS:          0 HIT:          0 MISS:          0 MSHR_MERGE:          0
cpu9->cpu9_L1D PREFETCH     ACCESS:     334266 HIT:     253694 MISS:      80572 MSHR_MERGE:      12564
cpu9->cpu9_L1D WRITE        ACCESS:   42794004 HIT:   42625128 MISS:     168876 MSHR_MERGE:     114609
cpu9->cpu9_L1D TRANSLATION  ACCESS:      57519 HIT:       5352 MISS:      52167 MSHR_MERGE:        133
cpu9->cpu9_L1D PREFETCH REQUESTED:     340660 ISSUED:     334250 USEFUL:      34336 USELESS:      33510
cpu9->cpu9_L1D AVERAGE MISS LATENCY: 79.55 cycles
cpu9_L1D FLUSH STALL CYCLES: 168
cpu9->cpu9_ITLB TOTAL        ACCESS:   58912192 HIT:   58737752 MISS:     174440 MSHR_MERGE:     107228
cpu9->cpu9_ITLB LOAD         ACCESS:   58912192 HIT:   58737752 MISS:     174440 MSHR_MERGE:     107228
cpu9->cpu9_ITLB RFO          ACCESS:          0 HIT:          0 MISS:          0 MSHR_MERGE:          0
cpu9->cpu9_ITLB PREFETCH     ACCESS:          0 HIT:          0 MISS:          0 MSHR_MERGE:          0
cpu9->cpu9_ITLB WRITE        ACCESS:          0 HIT:          0 MISS:          0 MSHR_MERGE:          0
cpu9->cpu9_ITLB TRANSLATION  ACCESS:          0 HIT:          0 MISS:          0 MSHR_MERGE:          0
cpu9->cpu9_ITLB PREFETCH REQUESTED:          0 ISSUED:          0 USEFUL:          0 USELESS:          0
cpu9->cpu9_ITLB AVERAGE MISS LATENCY: 11.6 cycles
cpu9->cpu9_DTLB TOTAL        ACCESS:   66872957 HIT:   66041941 MISS:     831016 MSHR_MERGE:     217993
cpu9->cpu9_DTLB LOAD         ACCESS:   66872957 HIT:   66041941 MISS:     831016 MSHR_MERGE:     217993
cpu9->cpu9_DTLB RFO          ACCESS:          0 HIT:          0 MISS:          0 MSHR_MERGE:          0
cpu9->cpu9_DTLB PREFETCH     ACCESS:          0 HIT:          0 MISS:          0 MSHR_MERGE:          0
cpu9->cpu9_DTLB WRITE        ACCESS:          0 HIT:          0 MISS:          0 MSHR_MERGE:          0
cpu9->cpu9_DTLB TRANSLATION  ACCESS:          0 HIT:          0 MISS:          0 MSHR_MERGE:          0
cpu9->cpu9_DTLB PREFETCH REQUESTED:          0 ISSUED:          0 USEFUL:          0 USELESS:          0
cpu9->cpu9_DTLB AVERAGE MISS LATENCY: 24.43 cycles
cpu8->cpu8_STLB TOTAL        ACCESS:        911 HIT:          2 MISS:        909 MSHR_MERGE:          0
cpu8->cpu8_STLB LOAD         ACCESS:        911 HIT:          2 MISS:        909 MSHR_MERGE:          0
cpu8->cpu8_STLB RFO          ACCESS:          0 HIT:          0 MISS:          0 MSHR_MERGE:          0
cpu8->cpu8_STLB PREFETCH     ACCESS:          0 HIT:          0 MISS:          0 MSHR_MERGE:          0
cpu8->cpu8_STLB WRITE        ACCESS:          0 HIT:          0 MISS:          0 MSHR_MERGE:          0
cpu8->cpu8_STLB TRANSLATION  ACCESS:          0 HIT:          0 MISS:          0 MSHR_MERGE:          0
cpu8->cpu8_STLB PREFETCH REQUESTED:          0 ISSUED:          0 USEFUL:          0 USELESS:          0
cpu8->cpu8_STLB AVERAGE MISS LATENCY: 663.7 cycles
cpu0->cpu8_L2C TOTAL        ACCESS:        648 HIT:        462 MISS:        186 MSHR_MERGE:          0
cpu0->cpu8_L2C LOAD         ACCESS:          0 HIT:          0 MISS:          0 MSHR_MERGE:          0
cpu0->cpu8_L2C RFO          ACCESS:          0 HIT:          0 MISS:          0 MSHR_MERGE:          0
cpu0->cpu8_L2C PREFETCH     ACCESS:          0 HIT:          0 MISS:          0 MSHR_MERGE:          0
cpu0->cpu8_L2C WRITE        ACCESS:        648 HIT:        462 MISS:        186 MSHR_MERGE:          0
cpu0->cpu8_L2C TRANSLATION  ACCESS:          0 HIT:          0 MISS:          0 MSHR_MERGE:          0
cpu0->cpu8_L2C PREFETCH REQUESTED:       7021 ISSUED:       7021 USEFUL:         82 USELESS:         28
cpu0->cpu8_L2C AVERAGE MISS LATENCY: 6.103e+04 cycles
cpu8->cpu8_L2C TOTAL        ACCESS:     121934 HIT:      34215 MISS:      87719 MSHR_MERGE:       1809
cpu8->cpu8_L2C LOAD         ACCESS:       1681 HIT:       1261 MISS:        420 MSHR_MERGE:          0
cpu8->cpu8_L2C RFO          ACCESS:      53279 HIT:        701 MISS:      52578 MSHR_MERGE:          0
cpu8->cpu8_L2C PREFETCH     ACCESS:      12347 HIT:       1361 MISS:      10986 MSHR_MERGE:       1809
cpu8->cpu8_L2C WRITE        ACCESS:      53530 HIT:      30848 MISS:      22682 MSHR_MERGE:          0
cpu8->cpu8_L2C TRANSLATION  ACCESS:       1097 HIT:         44 MISS:       1053 MSHR_MERGE:          0
cpu8->cpu8_L2C PREFETCH REQUESTED:       7021 ISSUED:       7021 USEFUL:         82 USELESS:         28
cpu8->cpu8_L2C AVERAGE MISS LATENCY: 147.9 cycles
cpu8_L2C FLUSH STALL CYCLES: 19597
cpu8->cpu8_L1I TOTAL        ACCESS:   41322895 HIT:   41322894 MISS:          1 MSHR_MERGE:          0
cpu8->cpu8_L1I LOAD         ACCESS:   21363626 HIT:   21363626 MISS:          0 MSHR_MERGE:          0
cpu8->cpu8_L1I RFO          ACCESS:          0 HIT:          0 MISS:          0 MSHR_MERGE:          0
cpu8->cpu8_L1I PREFETCH     ACCESS:   19959269 HIT:   19959268 MISS:          1 MSHR_MERGE:          0
cpu8->cpu8_L1I WRITE        ACCESS:          0 HIT:          0 MISS:          0 MSHR_MERGE:          0
cpu8->cpu8_L1I TRANSLATION  ACCESS:          0 HIT:          0 MISS:          0 MSHR_MERGE:          0
cpu8->cpu8_L1I PREFETCH REQUESTED:   21363626 ISSUED:   19959269 USEFUL:          0 USELESS:          0
cpu8->cpu8_L1I AVERAGE MISS LATENCY: - cycles
cpu8->cpu8_L1D TOTAL        ACCESS:  110945004 HIT:  110566426 MISS:     378578 MSHR_MERGE:     317196
cpu8->cpu8_L1D LOAD         ACCESS:   90964515 HIT:   90962215 MISS:       2300 MSHR_MERGE:        619
cpu8->cpu8_L1D RFO          ACCESS:          0 HIT:          0 MISS:          0 MSHR_MERGE:          0
cpu8->cpu8_L1D PREFETCH     ACCESS:     469361 HIT:     462670 MISS:       6691 MSHR_MERGE:       1366
cpu8->cpu8_L1D WRITE        ACCESS:   19509308 HIT:   19140818 MISS:     368490 MSHR_MERGE:     315211
cpu8->cpu8_L1D TRANSLATION  ACCESS:       1820 HIT:        723 MISS:       1097 MSHR_MERGE:          0
cpu8->cpu8_L1D PREFETCH REQUESTED:     469361 ISSUED:     469361 USEFUL:       5218 USELESS:         33
cpu8->cpu8_L1D AVERAGE MISS LATENCY: 211 cycles
cpu8_L1D FLUSH STALL CYCLES: 584
cpu8->cpu8_ITLB TOTAL        ACCESS:   30118619 HIT:   30118619 MISS:          0 MSHR_MERGE:          0
cpu8->cpu8_ITLB LOAD         ACCESS:   30118619 HIT:   30118619 MISS:          0 MSHR_MERGE:          0
cpu8->cpu8_ITLB RFO          ACCESS:          0 HIT:          0 MISS:          0 MSHR_MERGE:          0
cpu8->cpu8_ITLB PREFETCH     ACCESS:          0 HIT:          0 MISS:          0 MSHR_MERGE:          0
cpu8->cpu8_ITLB WRITE        ACCESS:          0 HIT:          0 MISS:          0 MSHR_MERGE:          0
cpu8->cpu8_ITLB TRANSLATION  ACCESS:          0 HIT:          0 MISS:          0 MSHR_MERGE:          0
cpu8->cpu8_ITLB PREFETCH REQUESTED:          0 ISSUED:          0 USEFUL:          0 USELESS:          0
cpu8->cpu8_ITLB AVERAGE MISS LATENCY: - cycles
cpu8->cpu8_DTLB TOTAL        ACCESS:  103321128 HIT:  103311010 MISS:      10118 MSHR_MERGE:       9207
cpu8->cpu8_DTLB LOAD         ACCESS:  103321128 HIT:  103311010 MISS:      10118 MSHR_MERGE:       9207
cpu8->cpu8_DTLB RFO          ACCESS:          0 HIT:          0 MISS:          0 MSHR_MERGE:          0
cpu8->cpu8_DTLB PREFETCH     ACCESS:          0 HIT:          0 MISS:          0 MSHR_MERGE:          0
cpu8->cpu8_DTLB WRITE        ACCESS:          0 HIT:          0 MISS:          0 MSHR_MERGE:          0
cpu8->cpu8_DTLB TRANSLATION  ACCESS:          0 HIT:          0 MISS:          0 MSHR_MERGE:          0
cpu8->cpu8_DTLB PREFETCH REQUESTED:          0 ISSUED:          0 USEFUL:          0 USELESS:          0
cpu8->cpu8_DTLB AVERAGE MISS LATENCY: 668.3 cycles
cpu7->cpu7_STLB TOTAL        ACCESS:     118805 HIT:     118441 MISS:        364 MSHR_MERGE:          0
cpu7->cpu7_STLB LOAD         ACCESS:     118805 HIT:     118441 MISS:        364 MSHR_MERGE:          0
cpu7->cpu7_STLB RFO          ACCESS:          0 HIT:          0 MISS:          0 MSHR_MERGE:          0
cpu7->cpu7_STLB PREFETCH     ACCESS:          0 HIT:          0 MISS:          0 MSHR_MERGE:          0
cpu7->cpu7_STLB WRITE        ACCESS:          0 HIT:          0 MISS:          0 MSHR_MERGE:          0
cpu7->cpu7_STLB TRANSLATION  ACCESS:          0 HIT:          0 MISS:          0 MSHR_MERGE:          0
cpu7->cpu7_STLB PREFETCH REQUESTED:          0 ISSUED:          0 USEFUL:          0 USELESS:          0
cpu7->cpu7_STLB AVERAGE MISS LATENCY: 833.5 cycles
cpu0->cpu7_L2C TOTAL        ACCESS:        365 HIT:        365 MISS:          0 MSHR_MERGE:          0
cpu0->cpu7_L2C LOAD         ACCESS:          0 HIT:          0 MISS:          0 MSHR_MERGE:          0
cpu0->cpu7_L2C RFO          ACCESS:          0 HIT:          0 MISS:          0 MSHR_MERGE:          0
cpu0->cpu7_L2C PREFETCH     ACCESS:          0 HIT:          0 MISS:          0 MSHR_MERGE:          0
cpu0->cpu7_L2C WRITE        ACCESS:        365 HIT:        365 MISS:          0 MSHR_MERGE:          0
cpu0->cpu7_L2C TRANSLATION  ACCESS:          0 HIT:          0 MISS:          0 MSHR_MERGE:          0
cpu0->cpu7_L2C PREFETCH REQUESTED:     254866 ISSUED:     254866 USEFUL:         15 USELESS:         13
cpu0->cpu7_L2C AVERAGE MISS LATENCY: - cycles
cpu7->cpu7_L2C TOTAL        ACCESS:     843905 HIT:     820913 MISS:      22992 MSHR_MERGE:       1985
cpu7->cpu7_L2C LOAD         ACCESS:     359231 HIT:     357073 MISS:       2158 MSHR_MERGE:          0
cpu7->cpu7_L2C RFO          ACCESS:      44137 HIT:      44026 MISS:        111 MSHR_MERGE:          0
cpu7->cpu7_L2C PREFETCH     ACCESS:     347334 HIT:     327352 MISS:      19982 MSHR_MERGE:       1985
cpu7->cpu7_L2C WRITE        ACCESS:      92478 HIT:      92454 MISS:         24 MSHR_MERGE:          0
cpu7->cpu7_L2C TRANSLATION  ACCESS:        725 HIT:          8 MISS:        717 MSHR_MERGE:          0
cpu7->cpu7_L2C PREFETCH REQUESTED:     254866 ISSUED:     254866 USEFUL:         15 USELESS:         13
cpu7->cpu7_L2C AVERAGE MISS LATENCY: 200.2 cycles
cpu7_L2C FLUSH STALL CYCLES: 13849
cpu7->cpu7_L1I TOTAL        ACCESS:   70234196 HIT:   70016266 MISS:     217930 MSHR_MERGE:     118153
cpu7->cpu7_L1I LOAD         ACCESS:   35415240 HIT:   35310583 MISS:     104657 MSHR_MERGE:      48780
cpu7->cpu7_L1I RFO          ACCESS:          0 HIT:          0 MISS:          0 MSHR_MERGE:          0
cpu7->cpu7_L1I PREFETCH     ACCESS:   34818956 HIT:   34705683 MISS:     113273 MSHR_MERGE:      69373
cpu7->cpu7_L1I WRITE        ACCESS:          0 HIT:          0 MISS:          0 MSHR_MERGE:          0
cpu7->cpu7_L1I TRANSLATION  ACCESS:          0 HIT:          0 MISS:          0 MSHR_MERGE:          0
cpu7->cpu7_L1I PREFETCH REQUESTED:   35415240 ISSUED:   34818924 USEFUL:      24853 USELESS:      19048
cpu7->cpu7_L1I AVERAGE MISS LATENCY: 9.027 cycles
cpu7->cpu7_L1D TOTAL        ACCESS:   82252715 HIT:   81746518 MISS:     506197 MSHR_MERGE:     109378
cpu7->cpu7_L1D LOAD         ACCESS:   46322773 HIT:   46003353 MISS:     319420 MSHR_MERGE:      16059
cpu7->cpu7_L1D RFO          ACCESS:          0 HIT:          0 MISS:          0 MSHR_MERGE:          0
cpu7->cpu7_L1D PREFETCH     ACCESS:    4591681 HIT:    4521808 MISS:      69873 MSHR_MERGE:      21305
cpu7->cpu7_L1D WRITE        ACCESS:   31337533 HIT:   31221354 MISS:     116179 MSHR_MERGE:      72014
cpu7->cpu7_L1D TRANSLATION  ACCESS:        728 HIT:          3 MISS:        725 MSHR_MERGE:          0
cpu7->cpu7_L1D PREFETCH REQUESTED:    4592192 ISSUED:    4591681 USEFUL:      36571 USELESS:      11965
cpu7->cpu7_L1D AVERAGE MISS LATENCY: 11.68 cycles
cpu7_L1D FLUSH STALL CYCLES: 301
cpu7->cpu7_ITLB TOTAL        ACCESS:   55754807 HIT:   55754807 MISS:          0 MSHR_MERGE:          0
cpu7->cpu7_ITLB LOAD         ACCESS:   55754807 HIT:   55754807 MISS:          0 MSHR_MERGE:          0
cpu7->cpu7_ITLB RFO          ACCESS:          0 HIT:          0 MISS:          0 MSHR_MERGE:          0
cpu7->cpu7_ITLB PREFETCH     ACCESS:          0 HIT:          0 MISS:          0 MSHR_MERGE:          0
cpu7->cpu7_ITLB WRITE        ACCESS:          0 HIT:          0 MISS:          0 MSHR_MERGE:          0
cpu7->cpu7_ITLB TRANSLATION  ACCESS:          0 HIT:          0 MISS:          0 MSHR_MERGE:          0
cpu7->cpu7_ITLB PREFETCH REQUESTED:          0 ISSUED:          0 USEFUL:          0 USELESS:          0
cpu7->cpu7_ITLB AVERAGE MISS LATENCY: - cycles
cpu7->cpu7_DTLB TOTAL        ACCESS:   72907974 HIT:   72770945 MISS:     137029 MSHR_MERGE:      18224
cpu7->cpu7_DTLB LOAD         ACCESS:   72907974 HIT:   72770945 MISS:     137029 MSHR_MERGE:      18224
cpu7->cpu7_DTLB RFO          ACCESS:          0 HIT:          0 MISS:          0 MSHR_MERGE:          0
cpu7->cpu7_DTLB PREFETCH     ACCESS:          0 HIT:          0 MISS:          0 MSHR_MERGE:          0
cpu7->cpu7_DTLB WRITE        ACCESS:          0 HIT:          0 MISS:          0 MSHR_MERGE:          0
cpu7->cpu7_DTLB TRANSLATION  ACCESS:          0 HIT:          0 MISS:          0 MSHR_MERGE:          0
cpu7->cpu7_DTLB PREFETCH REQUESTED:          0 ISSUED:          0 USEFUL:          0 USELESS:          0
cpu7->cpu7_DTLB AVERAGE MISS LATENCY: 7.557 cycles
cpu6->cpu6_STLB TOTAL        ACCESS:       2666 HIT:          0 MISS:       2666 MSHR_MERGE:          0
cpu6->cpu6_STLB LOAD         ACCESS:       2666 HIT:          0 MISS:       2666 MSHR_MERGE:          0
cpu6->cpu6_STLB RFO          ACCESS:          0 HIT:          0 MISS:          0 MSHR_MERGE:          0
cpu6->cpu6_STLB PREFETCH     ACCESS:          0 HIT:          0 MISS:          0 MSHR_MERGE:          0
cpu6->cpu6_STLB WRITE        ACCESS:          0 HIT:          0 MISS:          0 MSHR_MERGE:          0
cpu6->cpu6_STLB TRANSLATION  ACCESS:          0 HIT:          0 MISS:          0 MSHR_MERGE:          0
cpu6->cpu6_STLB PREFETCH REQUESTED:          0 ISSUED:          0 USEFUL:          0 USELESS:          0
cpu6->cpu6_STLB AVERAGE MISS LATENCY: 652.9 cycles
cpu0->cpu6_L2C TOTAL        ACCESS:         15 HIT:          0 MISS:         15 MSHR_MERGE:          0
cpu0->cpu6_L2C LOAD         ACCESS:          0 HIT:          0 MISS:          0 MSHR_MERGE:          0
cpu0->cpu6_L2C RFO          ACCESS:          0 HIT:          0 MISS:          0 MSHR_MERGE:          0
cpu0->cpu6_L2C PREFETCH     ACCESS:          0 HIT:          0 MISS:          0 MSHR_MERGE:          0
cpu0->cpu6_L2C WRITE        ACCESS:         15 HIT:          0 MISS:         15 MSHR_MERGE:          0
cpu0->cpu6_L2C TRANSLATION  ACCESS:          0 HIT:          0 MISS:          0 MSHR_MERGE:          0
cpu0->cpu6_L2C PREFETCH REQUESTED:    3393097 ISSUED:    2848928 USEFUL:      66713 USELESS:        766
cpu0->cpu6_L2C AVERAGE MISS LATENCY: 8.126e+04 cycles
cpu6->cpu6_L2C TOTAL        ACCESS:    3022589 HIT:      66705 MISS:    2955884 MSHR_MERGE:      92407
cpu6->cpu6_L2C LOAD         ACCESS:      10590 HIT:       6158 MISS:       4432 MSHR_MERGE:          8
cpu6->cpu6_L2C RFO          ACCESS:          0 HIT:          0 MISS:          0 MSHR_MERGE:          0
cpu6->cpu6_L2C PREFETCH     ACCESS:    3008993 HIT:      60547 MISS:    2948446 MSHR_MERGE:      92399
cpu6->cpu6_L2C WRITE        ACCESS:          0 HIT:          0 MISS:          0 MSHR_MERGE:          0
cpu6->cpu6_L2C TRANSLATION  ACCESS:       3006 HIT:          0 MISS:       3006 MSHR_MERGE:          0
cpu6->cpu6_L2C PREFETCH REQUESTED:    3393097 ISSUED:    2848928 USEFUL:      66713 USELESS:        766
cpu6->cpu6_L2C AVERAGE MISS LATENCY: 163.9 cycles
cpu6->cpu6_L1I TOTAL        ACCESS:  142992864 HIT:  142992863 MISS:          1 MSHR_MERGE:          0
cpu6->cpu6_L1I LOAD         ACCESS:   72765606 HIT:   72765606 MISS:          0 MSHR_MERGE:          0
cpu6->cpu6_L1I RFO          ACCESS:          0 HIT:          0 MISS:          0 MSHR_MERGE:          0
cpu6->cpu6_L1I PREFETCH     ACCESS:   70227258 HIT:   70227257 MISS:          1 MSHR_MERGE:          0
cpu6->cpu6_L1I WRITE        ACCESS:          0 HIT:          0 MISS:          0 MSHR_MERGE:          0
cpu6->cpu6_L1I TRANSLATION  ACCESS:          0 HIT:          0 MISS:          0 MSHR_MERGE:          0
cpu6->cpu6_L1I PREFETCH REQUESTED:   72765606 ISSUED:   70227258 USEFUL:          0 USELESS:          0
cpu6->cpu6_L1I AVERAGE MISS LATENCY: - cycles
cpu6->cpu6_L1D TOTAL        ACCESS:   62944919 HIT:   62604916 MISS:     340003 MSHR_MERGE:     166343
cpu6->cpu6_L1D LOAD         ACCESS:   24986294 HIT:   24876598 MISS:     109696 MSHR_MERGE:      99106
cpu6->cpu6_L1D RFO          ACCESS:          0 HIT:          0 MISS:          0 MSHR_MERGE:          0
cpu6->cpu6_L1D PREFETCH     ACCESS:   29421279 HIT:   29193978 MISS:     227301 MSHR_MERGE:      67237
cpu6->cpu6_L1D WRITE        ACCESS:    8532008 HIT:    8532008 MISS:          0 MSHR_MERGE:          0
cpu6->cpu6_L1D TRANSLATION  ACCESS:       5338 HIT:       2332 MISS:       3006 MSHR_MERGE:          0
cpu6->cpu6_L1D PREFETCH REQUESTED:   29421279 ISSUED:   29421279 USEFUL:     160050 USELESS:          6
cpu6->cpu6_L1D AVERAGE MISS LATENCY: 100.2 cycles
cpu6->cpu6_ITLB TOTAL        ACCESS:  108961183 HIT:  108961183 MISS:          0 MSHR_MERGE:          0
cpu6->cpu6_ITLB LOAD         ACCESS:  108961183 HIT:  108961183 MISS:          0 MSHR_MERGE:          0
cpu6->cpu6_ITLB RFO          ACCESS:          0 HIT:          0 MISS:          0 MSHR_MERGE:          0
cpu6->cpu6_ITLB PREFETCH     ACCESS:          0 HIT:          0 MISS:          0 MSHR_MERGE:          0
cpu6->cpu6_ITLB WRITE        ACCESS:          0 HIT:          0 MISS:          0 MSHR_MERGE:          0
cpu6->cpu6_ITLB TRANSLATION  ACCESS:          0 HIT:          0 MISS:          0 MSHR_MERGE:          0
cpu6->cpu6_ITLB PREFETCH REQUESTED:          0 ISSUED:          0 USEFUL:          0 USELESS:          0
cpu6->cpu6_ITLB AVERAGE MISS LATENCY: - cycles
cpu6->cpu6_DTLB TOTAL        ACCESS:   30306983 HIT:   30275072 MISS:      31911 MSHR_MERGE:      29245
cpu6->cpu6_DTLB LOAD         ACCESS:   30306983 HIT:   30275072 MISS:      31911 MSHR_MERGE:      29245
cpu6->cpu6_DTLB RFO          ACCESS:          0 HIT:          0 MISS:          0 MSHR_MERGE:          0
cpu6->cpu6_DTLB PREFETCH     ACCESS:          0 HIT:          0 MISS:          0 MSHR_MERGE:          0
cpu6->cpu6_DTLB WRITE        ACCESS:          0 HIT:          0 MISS:          0 MSHR_MERGE:          0
cpu6->cpu6_DTLB TRANSLATION  ACCESS:          0 HIT:          0 MISS:          0 MSHR_MERGE:          0
cpu6->cpu6_DTLB PREFETCH REQUESTED:          0 ISSUED:          0 USEFUL:          0 USELESS:          0
cpu6->cpu6_DTLB AVERAGE MISS LATENCY: 658.9 cycles
cpu5->cpu5_STLB TOTAL        ACCESS:    4414163 HIT:    4408060 MISS:       6103 MSHR_MERGE:          0
cpu5->cpu5_STLB LOAD         ACCESS:    4414163 HIT:    4408060 MISS:       6103 MSHR_MERGE:          0
cpu5->cpu5_STLB RFO          ACCESS:          0 HIT:          0 MISS:          0 MSHR_MERGE:          0
cpu5->cpu5_STLB PREFETCH     ACCESS:          0 HIT:          0 MISS:          0 MSHR_MERGE:          0
cpu5->cpu5_STLB WRITE        ACCESS:          0 HIT:          0 MISS:          0 MSHR_MERGE:          0
cpu5->cpu5_STLB TRANSLATION  ACCESS:          0 HIT:          0 MISS:          0 MSHR_MERGE:          0
cpu5->cpu5_STLB PREFETCH REQUESTED:          0 ISSUED:          0 USEFUL:          0 USELESS:          0
cpu5->cpu5_STLB AVERAGE MISS LATENCY: 409.6 cycles
cpu0->cpu5_L2C TOTAL        ACCESS:         28 HIT:         28 MISS:          0 MSHR_MERGE:          0
cpu0->cpu5_L2C LOAD         ACCESS:          0 HIT:          0 MISS:          0 MSHR_MERGE:          0
cpu0->cpu5_L2C RFO          ACCESS:          0 HIT:          0 MISS:          0 MSHR_MERGE:          0
cpu0->cpu5_L2C PREFETCH     ACCESS:          0 HIT:          0 MISS:          0 MSHR_MERGE:          0
cpu0->cpu5_L2C WRITE        ACCESS:         28 HIT:         28 MISS:          0 MSHR_MERGE:          0
cpu0->cpu5_L2C TRANSLATION  ACCESS:          0 HIT:          0 MISS:          0 MSHR_MERGE:          0
cpu0->cpu5_L2C PREFETCH REQUESTED:    9353614 ISSUED:    9353614 USEFUL:       2039 USELESS:       7137
cpu0->cpu5_L2C AVERAGE MISS LATENCY: - cycles
cpu5->cpu5_L2C TOTAL        ACCESS:   19122591 HIT:   16618647 MISS:    2503944 MSHR_MERGE:      20259
cpu5->cpu5_L2C LOAD         ACCESS:    7447643 HIT:    7381323 MISS:      66320 MSHR_MERGE:         48
cpu5->cpu5_L2C RFO          ACCESS:     315296 HIT:      85029 MISS:     230267 MSHR_MERGE:        157
cpu5->cpu5_L2C PREFETCH     ACCESS:   10823172 HIT:    8643846 MISS:    2179326 MSHR_MERGE:      20054
cpu5->cpu5_L2C WRITE        ACCESS:     525221 HIT:     507165 MISS:      18056 MSHR_MERGE:          0
cpu5->cpu5_L2C TRANSLATION  ACCESS:      11259 HIT:       1284 MISS:       9975 MSHR_MERGE:          0
cpu5->cpu5_L2C PREFETCH REQUESTED:    9353614 ISSUED:    9353614 USEFUL:       2039 USELESS:       7137
cpu5->cpu5_L2C AVERAGE MISS LATENCY: 161 cycles
cpu5_L2C FLUSH STALL CYCLES: 16171
cpu5->cpu5_L1I TOTAL        ACCESS:   75062721 HIT:   71582427 MISS:    3480294 MSHR_MERGE:    1367322
cpu5->cpu5_L1I LOAD         ACCESS:   37764609 HIT:   35975979 MISS:    1788630 MSHR_MERGE:     651324
cpu5->cpu5_L1I RFO          ACCESS:          0 HIT:          0 MISS:          0 MSHR_MERGE:          0
cpu5->cpu5_L1I PREFETCH     ACCESS:   37298112 HIT:   35606448 MISS:    1691664 MSHR_MERGE:     715998
cpu5->cpu5_L1I WRITE        ACCESS:          0 HIT:          0 MISS:          0 MSHR_MERGE:          0
cpu5->cpu5_L1I TRANSLATION  ACCESS:          0 HIT:          0 MISS:          0 MSHR_MERGE:          0
cpu5->cpu5_L1I PREFETCH REQUESTED:   37767548 ISSUED:   37298112 USEFUL:     407534 USELESS:     568123
cpu5->cpu5_L1I AVERAGE MISS LATENCY: 9.663 cycles
cpu5->cpu5_L1D TOTAL        ACCESS:   66958854 HIT:   57202757 MISS:    9756097 MSHR_MERGE:    2625266
cpu5->cpu5_L1D LOAD         ACCESS:   43060421 HIT:   35417450 MISS:    7642971 MSHR_MERGE:    1332633
cpu5->cpu5_L1D RFO          ACCESS:          0 HIT:          0 MISS:          0 MSHR_MERGE:          0
cpu5->cpu5_L1D PREFETCH     ACCESS:    7354699 HIT:    6443566 MISS:     911133 MSHR_MERGE:     417195
cpu5->cpu5_L1D WRITE        ACCESS:   16531501 HIT:   15340835 MISS:    1190666 MSHR_MERGE:     875370
cpu5->cpu5_L1D TRANSLATION  ACCESS:      12233 HIT:        906 MISS:      11327 MSHR_MERGE:         68
cpu5->cpu5_L1D PREFETCH REQUESTED:    7631530 ISSUED:    7354699 USEFUL:     426210 USELESS:      60927
cpu5->cpu5_L1D AVERAGE MISS LATENCY: 17.91 cycles
cpu5->cpu5_ITLB TOTAL        ACCESS:   59165344 HIT:   58964041 MISS:     201303 MSHR_MERGE:     103238
cpu5->cpu5_ITLB LOAD         ACCESS:   59165344 HIT:   58964041 MISS:     201303 MSHR_MERGE:     103238
cpu5->cpu5_ITLB RFO          ACCESS:          0 HIT:          0 MISS:          0 MSHR_MERGE:          0
cpu5->cpu5_ITLB PREFETCH     ACCESS:          0 HIT:          0 MISS:          0 MSHR_MERGE:          0
cpu5->cpu5_ITLB WRITE        ACCESS:          0 HIT:          0 MISS:          0 MSHR_MERGE:          0
cpu5->cpu5_ITLB TRANSLATION  ACCESS:          0 HIT:          0 MISS:          0 MSHR_MERGE:          0
cpu5->cpu5_ITLB PREFETCH REQUESTED:          0 ISSUED:          0 USEFUL:          0 USELESS:          0
cpu5->cpu5_ITLB AVERAGE MISS LATENCY: 7.747 cycles
cpu5->cpu5_DTLB TOTAL        ACCESS:   57266646 HIT:   50890998 MISS:    6375648 MSHR_MERGE:    2059550
cpu5->cpu5_DTLB LOAD         ACCESS:   57266646 HIT:   50890998 MISS:    6375648 MSHR_MERGE:    2059550
cpu5->cpu5_DTLB RFO          ACCESS:          0 HIT:          0 MISS:          0 MSHR_MERGE:          0
cpu5->cpu5_DTLB PREFETCH     ACCESS:          0 HIT:          0 MISS:          0 MSHR_MERGE:          0
cpu5->cpu5_DTLB WRITE        ACCESS:          0 HIT:          0 MISS:          0 MSHR_MERGE:          0
cpu5->cpu5_DTLB TRANSLATION  ACCESS:          0 HIT:          0 MISS:          0 MSHR_MERGE:          0
cpu5->cpu5_DTLB PREFETCH REQUESTED:          0 ISSUED:          0 USEFUL:          0 USELESS:          0
cpu5->cpu5_DTLB AVERAGE MISS LATENCY: 5.519 cycles
cpu4->cpu4_STLB TOTAL        ACCESS:      65220 HIT:      20671 MISS:      44549 MSHR_MERGE:          0
cpu4->cpu4_STLB LOAD         ACCESS:      65220 HIT:      20671 MISS:      44549 MSHR_MERGE:          0
cpu4->cpu4_STLB RFO          ACCESS:          0 HIT:          0 MISS:          0 MSHR_MERGE:          0
cpu4->cpu4_STLB PREFETCH     ACCESS:          0 HIT:          0 MISS:          0 MSHR_MERGE:          0
cpu4->cpu4_STLB WRITE        ACCESS:          0 HIT:          0 MISS:          0 MSHR_MERGE:          0
cpu4->cpu4_STLB TRANSLATION  ACCESS:          0 HIT:          0 MISS:          0 MSHR_MERGE:          0
cpu4->cpu4_STLB PREFETCH REQUESTED:          0 ISSUED:          0 USEFUL:          0 USELESS:          0
cpu4->cpu4_STLB AVERAGE MISS LATENCY: 866.5 cycles
cpu0->cpu4_L2C TOTAL        ACCESS:        237 HIT:        221 MISS:         16 MSHR_MERGE:          0
cpu0->cpu4_L2C LOAD         ACCESS:          0 HIT:          0 MISS:          0 MSHR_MERGE:          0
cpu0->cpu4_L2C RFO          ACCESS:          0 HIT:          0 MISS:          0 MSHR_MERGE:          0
cpu0->cpu4_L2C PREFETCH     ACCESS:          0 HIT:          0 MISS:          0 MSHR_MERGE:          0
cpu0->cpu4_L2C WRITE        ACCESS:        237 HIT:        221 MISS:         16 MSHR_MERGE:          0
cpu0->cpu4_L2C TRANSLATION  ACCESS:          0 HIT:          0 MISS:          0 MSHR_MERGE:          0
cpu0->cpu4_L2C PREFETCH REQUESTED:     373090 ISSUED:     373090 USEFUL:         19 USELESS:        125
cpu0->cpu4_L2C AVERAGE MISS LATENCY: 2.161e+06 cycles
cpu4->cpu4_L2C TOTAL        ACCESS:    1582960 HIT:    1301168 MISS:     281792 MSHR_MERGE:      31374
cpu4->cpu4_L2C LOAD         ACCESS:     632679 HIT:     562882 MISS:      69797 MSHR_MERGE:          1
cpu4->cpu4_L2C RFO          ACCESS:      74523 HIT:      73205 MISS:       1318 MSHR_MERGE:          0
cpu4->cpu4_L2C PREFETCH     ACCESS:     608979 HIT:     505364 MISS:     103615 MSHR_MERGE:      31373
cpu4->cpu4_L2C WRITE        ACCESS:     135841 HIT:     130064 MISS:       5777 MSHR_MERGE:          0
cpu4->cpu4_L2C TRANSLATION  ACCESS:     130938 HIT:      29653 MISS:     101285 MSHR_MERGE:          0
cpu4->cpu4_L2C PREFETCH REQUESTED:     373090 ISSUED:     373090 USEFUL:         19 USELESS:        125
cpu4->cpu4_L2C AVERAGE MISS LATENCY: 194 cycles
cpu4_L2C FLUSH STALL CYCLES: 15404
cpu4->cpu4_L1I TOTAL        ACCESS:   72343921 HIT:   71038172 MISS:    1305749 MSHR_MERGE:     620532
cpu4->cpu4_L1I LOAD         ACCESS:   36583563 HIT:   35876308 MISS:     707255 MSHR_MERGE:     228838
cpu4->cpu4_L1I RFO          ACCESS:          0 HIT:          0 MISS:          0 MSHR_MERGE:          0
cpu4->cpu4_L1I PREFETCH     ACCESS:   35760358 HIT:   35161864 MISS:     598494 MSHR_MERGE:     391694
cpu4->cpu4_L1I WRITE        ACCESS:          0 HIT:          0 MISS:          0 MSHR_MERGE:          0
cpu4->cpu4_L1I TRANSLATION  ACCESS:          0 HIT:          0 MISS:          0 MSHR_MERGE:          0
cpu4->cpu4_L1I PREFETCH REQUESTED:   36583569 ISSUED:   35760345 USEFUL:     107984 USELESS:      98812
cpu4->cpu4_L1I AVERAGE MISS LATENCY: 9.125 cycles
cpu4->cpu4_L1D TOTAL        ACCESS:   68711128 HIT:   68086279 MISS:     624849 MSHR_MERGE:     236034
cpu4->cpu4_L1D LOAD         ACCESS:   39524535 HIT:   39268622 MISS:     255913 MSHR_MERGE:     101651
cpu4->cpu4_L1D RFO          ACCESS:          0 HIT:          0 MISS:          0 MSHR_MERGE:          0
cpu4->cpu4_L1D PREFETCH     ACCESS:     707289 HIT:     677927 MISS:      29362 MSHR_MERGE:        273
cpu4->cpu4_L1D WRITE        ACCESS:   28345221 HIT:   28136873 MISS:     208348 MSHR_MERGE:     133822
cpu4->cpu4_L1D TRANSLATION  ACCESS:     134083 HIT:       2857 MISS:     131226 MSHR_MERGE:        288
cpu4->cpu4_L1D PREFETCH REQUESTED:     707423 ISSUED:     707289 USEFUL:       4510 USELESS:      24579
cpu4->cpu4_L1D AVERAGE MISS LATENCY: 106.3 cycles
cpu4_L1D FLUSH STALL CYCLES: 173
cpu4->cpu4_ITLB TOTAL        ACCESS:   53910246 HIT:   53910244 MISS:          2 MSHR_MERGE:          0
cpu4->cpu4_ITLB LOAD         ACCESS:   53910246 HIT:   53910244 MISS:          2 MSHR_MERGE:          0
cpu4->cpu4_ITLB RFO          ACCESS:          0 HIT:          0 MISS:          0 MSHR_MERGE:          0
cpu4->cpu4_ITLB PREFETCH     ACCESS:          0 HIT:          0 MISS:          0 MSHR_MERGE:          0
cpu4->cpu4_ITLB WRITE        ACCESS:          0 HIT:          0 MISS:          0 MSHR_MERGE:          0
cpu4->cpu4_ITLB TRANSLATION  ACCESS:          0 HIT:          0 MISS:          0 MSHR_MERGE:          0
cpu4->cpu4_ITLB PREFETCH REQUESTED:          0 ISSUED:          0 USEFUL:          0 USELESS:          0
cpu4->cpu4_ITLB AVERAGE MISS LATENCY: 610.5 cycles
cpu4->cpu4_DTLB TOTAL        ACCESS:   62938906 HIT:   62777086 MISS:     161820 MSHR_MERGE:      96602
cpu4->cpu4_DTLB LOAD         ACCESS:   62938906 HIT:   62777086 MISS:     161820 MSHR_MERGE:      96602
cpu4->cpu4_DTLB RFO          ACCESS:          0 HIT:          0 MISS:          0 MSHR_MERGE:          0
cpu4->cpu4_DTLB PREFETCH     ACCESS:          0 HIT:          0 MISS:          0 MSHR_MERGE:          0
cpu4->cpu4_DTLB WRITE        ACCESS:          0 HIT:          0 MISS:          0 MSHR_MERGE:          0
cpu4->cpu4_DTLB TRANSLATION  ACCESS:          0 HIT:          0 MISS:          0 MSHR_MERGE:          0
cpu4->cpu4_DTLB PREFETCH REQUESTED:          0 ISSUED:          0 USEFUL:          0 USELESS:          0
cpu4->cpu4_DTLB AVERAGE MISS LATENCY: 597.6 cycles
cpu3->cpu3_STLB TOTAL        ACCESS:      15926 HIT:       1259 MISS:      14667 MSHR_MERGE:          0
cpu3->cpu3_STLB LOAD         ACCESS:      15926 HIT:       1259 MISS:      14667 MSHR_MERGE:          0
cpu3->cpu3_STLB RFO          ACCESS:          0 HIT:          0 MISS:          0 MSHR_MERGE:          0
cpu3->cpu3_STLB PREFETCH     ACCESS:          0 HIT:          0 MISS:          0 MSHR_MERGE:          0
cpu3->cpu3_STLB WRITE        ACCESS:          0 HIT:          0 MISS:          0 MSHR_MERGE:          0
cpu3->cpu3_STLB TRANSLATION  ACCESS:          0 HIT:          0 MISS:          0 MSHR_MERGE:          0
cpu3->cpu3_STLB PREFETCH REQUESTED:          0 ISSUED:          0 USEFUL:          0 USELESS:          0
cpu3->cpu3_STLB AVERAGE MISS LATENCY: 416.7 cycles
cpu0->cpu3_L2C TOTAL        ACCESS:        439 HIT:        344 MISS:         95 MSHR_MERGE:          0
cpu0->cpu3_L2C LOAD         ACCESS:          0 HIT:          0 MISS:          0 MSHR_MERGE:          0
cpu0->cpu3_L2C RFO          ACCESS:          0 HIT:          0 MISS:          0 MSHR_MERGE:          0
cpu0->cpu3_L2C PREFETCH     ACCESS:          0 HIT:          0 MISS:          0 MSHR_MERGE:          0
cpu0->cpu3_L2C WRITE        ACCESS:        439 HIT:        344 MISS:         95 MSHR_MERGE:          0
cpu0->cpu3_L2C TRANSLATION  ACCESS:          0 HIT:          0 MISS:          0 MSHR_MERGE:          0
cpu0->cpu3_L2C PREFETCH REQUESTED:    6320263 ISSUED:    6170182 USEFUL:     259475 USELESS:       3855
cpu0->cpu3_L2C AVERAGE MISS LATENCY: 7.228e+05 cycles
cpu3->cpu3_L2C TOTAL        ACCESS:    7223246 HIT:     398131 MISS:    6825115 MSHR_MERGE:     166669
cpu3->cpu3_L2C LOAD         ACCESS:     415124 HIT:     215535 MISS:     199589 MSHR_MERGE:      55175
cpu3->cpu3_L2C RFO          ACCESS:     291056 HIT:          0 MISS:     291056 MSHR_MERGE:          0
cpu3->cpu3_L2C PREFETCH     ACCESS:    6208507 HIT:       6849 MISS:    6201658 MSHR_MERGE:     111494
cpu3->cpu3_L2C WRITE        ACCESS:     291080 HIT:     175746 MISS:     115334 MSHR_MERGE:          0
cpu3->cpu3_L2C TRANSLATION  ACCESS:      17479 HIT:          1 MISS:      17478 MSHR_MERGE:          0
cpu3->cpu3_L2C PREFETCH REQUESTED:    6320263 ISSUED:    6170182 USEFUL:     259475 USELESS:       3855
cpu3->cpu3_L2C AVERAGE MISS LATENCY: 110.1 cycles
cpu3_L2C FLUSH STALL CYCLES: 11236
cpu3->cpu3_L1I TOTAL        ACCESS:    6195736 HIT:    6195736 MISS:          0 MSHR_MERGE:          0
cpu3->cpu3_L1I LOAD         ACCESS:    3097871 HIT:    3097871 MISS:          0 MSHR_MERGE:          0
cpu3->cpu3_L1I RFO          ACCESS:          0 HIT:          0 MISS:          0 MSHR_MERGE:          0
cpu3->cpu3_L1I PREFETCH     ACCESS:    3097865 HIT:    3097865 MISS:          0 MSHR_MERGE:          0
cpu3->cpu3_L1I WRITE        ACCESS:          0 HIT:          0 MISS:          0 MSHR_MERGE:          0
cpu3->cpu3_L1I TRANSLATION  ACCESS:          0 HIT:          0 MISS:          0 MSHR_MERGE:          0
cpu3->cpu3_L1I PREFETCH REQUESTED:    3097871 ISSUED:    3097865 USEFUL:          0 USELESS:          0
cpu3->cpu3_L1I AVERAGE MISS LATENCY: - cycles
cpu3->cpu3_L1D TOTAL        ACCESS:   52756883 HIT:   50046669 MISS:    2710214 MSHR_MERGE:    1948229
cpu3->cpu3_L1D LOAD         ACCESS:   31562374 HIT:   30622220 MISS:     940154 MSHR_MERGE:     525030
cpu3->cpu3_L1D RFO          ACCESS:          0 HIT:          0 MISS:          0 MSHR_MERGE:          0
cpu3->cpu3_L1D PREFETCH     ACCESS:      43732 HIT:       3092 MISS:      40640 MSHR_MERGE:       2314
cpu3->cpu3_L1D WRITE        ACCESS:   21121429 HIT:   19409578 MISS:    1711851 MSHR_MERGE:    1420795
cpu3->cpu3_L1D TRANSLATION  ACCESS:      29348 HIT:      11779 MISS:      17569 MSHR_MERGE:         90
cpu3->cpu3_L1D PREFETCH REQUESTED:      43732 ISSUED:      43732 USEFUL:      22473 USELESS:        986
cpu3->cpu3_L1D AVERAGE MISS LATENCY: 104.1 cycles
cpu3_L1D FLUSH STALL CYCLES: 375
cpu3->cpu3_ITLB TOTAL        ACCESS:    5292505 HIT:    5292505 MISS:          0 MSHR_MERGE:          0
cpu3->cpu3_ITLB LOAD         ACCESS:    5292505 HIT:    5292505 MISS:          0 MSHR_MERGE:          0
cpu3->cpu3_ITLB RFO          ACCESS:          0 HIT:          0 MISS:          0 MSHR_MERGE:          0
cpu3->cpu3_ITLB PREFETCH     ACCESS:          0 HIT:          0 MISS:          0 MSHR_MERGE:          0
cpu3->cpu3_ITLB WRITE        ACCESS:          0 HIT:          0 MISS:          0 MSHR_MERGE:          0
cpu3->cpu3_ITLB TRANSLATION  ACCESS:          0 HIT:          0 MISS:          0 MSHR_MERGE:          0
cpu3->cpu3_ITLB PREFETCH REQUESTED:          0 ISSUED:          0 USEFUL:          0 USELESS:          0
cpu3->cpu3_ITLB AVERAGE MISS LATENCY: - cycles
cpu3->cpu3_DTLB TOTAL        ACCESS:   49571618 HIT:   49456285 MISS:     115333 MSHR_MERGE:      99407
cpu3->cpu3_DTLB LOAD         ACCESS:   49571618 HIT:   49456285 MISS:     115333 MSHR_MERGE:      99407
cpu3->cpu3_DTLB RFO          ACCESS:          0 HIT:          0 MISS:          0 MSHR_MERGE:          0
cpu3->cpu3_DTLB PREFETCH     ACCESS:          0 HIT:          0 MISS:          0 MSHR_MERGE:          0
cpu3->cpu3_DTLB WRITE        ACCESS:          0 HIT:          0 MISS:          0 MSHR_MERGE:          0
cpu3->cpu3_DTLB TRANSLATION  ACCESS:          0 HIT:          0 MISS:          0 MSHR_MERGE:          0
cpu3->cpu3_DTLB PREFETCH REQUESTED:          0 ISSUED:          0 USEFUL:          0 USELESS:          0
cpu3->cpu3_DTLB AVERAGE MISS LATENCY: 389.7 cycles
cpu2->cpu2_STLB TOTAL        ACCESS:     121799 HIT:     121556 MISS:        243 MSHR_MERGE:          0
cpu2->cpu2_STLB LOAD         ACCESS:     121799 HIT:     121556 MISS:        243 MSHR_MERGE:          0
cpu2->cpu2_STLB RFO          ACCESS:          0 HIT:          0 MISS:          0 MSHR_MERGE:          0
cpu2->cpu2_STLB PREFETCH     ACCESS:          0 HIT:          0 MISS:          0 MSHR_MERGE:          0
cpu2->cpu2_STLB WRITE        ACCESS:          0 HIT:          0 MISS:          0 MSHR_MERGE:          0
cpu2->cpu2_STLB TRANSLATION  ACCESS:          0 HIT:          0 MISS:          0 MSHR_MERGE:          0
cpu2->cpu2_STLB PREFETCH REQUESTED:          0 ISSUED:          0 USEFUL:          0 USELESS:          0
cpu2->cpu2_STLB AVERAGE MISS LATENCY: 829.5 cycles
cpu0->cpu2_L2C TOTAL        ACCESS:        240 HIT:        240 MISS:          0 MSHR_MERGE:          0
cpu0->cpu2_L2C LOAD         ACCESS:          0 HIT:          0 MISS:          0 MSHR_MERGE:          0
cpu0->cpu2_L2C RFO          ACCESS:          0 HIT:          0 MISS:          0 MSHR_MERGE:          0
cpu0->cpu2_L2C PREFETCH     ACCESS:          0 HIT:          0 MISS:          0 MSHR_MERGE:          0
cpu0->cpu2_L2C WRITE        ACCESS:        240 HIT:        240 MISS:          0 MSHR_MERGE:          0
cpu0->cpu2_L2C TRANSLATION  ACCESS:          0 HIT:          0 MISS:          0 MSHR_MERGE:          0
cpu0->cpu2_L2C PREFETCH REQUESTED:     503646 ISSUED:     503646 USEFUL:        549 USELESS:          4
cpu0->cpu2_L2C AVERAGE MISS LATENCY: - cycles
cpu2->cpu2_L2C TOTAL        ACCESS:    1263261 HIT:    1233112 MISS:      30149 MSHR_MERGE:       1395
cpu2->cpu2_L2C LOAD         ACCESS:     381522 HIT:     380454 MISS:       1068 MSHR_MERGE:          6
cpu2->cpu2_L2C RFO          ACCESS:      54707 HIT:      54151 MISS:        556 MSHR_MERGE:          0
cpu2->cpu2_L2C PREFETCH     ACCESS:     712698 HIT:     684654 MISS:      28044 MSHR_MERGE:       1389
cpu2->cpu2_L2C WRITE        ACCESS:     113862 HIT:     113848 MISS:         14 MSHR_MERGE:          0
cpu2->cpu2_L2C TRANSLATION  ACCESS:        472 HIT:          5 MISS:        467 MSHR_MERGE:          0
cpu2->cpu2_L2C PREFETCH REQUESTED:     503646 ISSUED:     503646 USEFUL:        549 USELESS:          4
cpu2->cpu2_L2C AVERAGE MISS LATENCY: 191.9 cycles
cpu2_L2C FLUSH STALL CYCLES: 3497
cpu2->cpu2_L1I TOTAL        ACCESS:   71541880 HIT:   71477745 MISS:      64135 MSHR_MERGE:      34071
cpu2->cpu2_L1I LOAD         ACCESS:   35974997 HIT:   35944527 MISS:      30470 MSHR_MERGE:      14182
cpu2->cpu2_L1I RFO          ACCESS:          0 HIT:          0 MISS:          0 MSHR_MERGE:          0
cpu2->cpu2_L1I PREFETCH     ACCESS:   35566883 HIT:   35533218 MISS:      33665 MSHR_MERGE:      19889
cpu2->cpu2_L1I WRITE        ACCESS:          0 HIT:          0 MISS:          0 MSHR_MERGE:          0
cpu2->cpu2_L1I TRANSLATION  ACCESS:          0 HIT:          0 MISS:          0 MSHR_MERGE:          0
cpu2->cpu2_L1I PREFETCH REQUESTED:   35974997 ISSUED:   35566851 USEFUL:       7573 USELESS:       6202
cpu2->cpu2_L1I AVERAGE MISS LATENCY: 9.103 cycles
cpu2->cpu2_L1D TOTAL        ACCESS:   83372336 HIT:   82460213 MISS:     912123 MSHR_MERGE:     296378
cpu2->cpu2_L1D LOAD         ACCESS:   48388946 HIT:   47966121 MISS:     422825 MSHR_MERGE:      57591
cpu2->cpu2_L1D RFO          ACCESS:          0 HIT:          0 MISS:          0 MSHR_MERGE:          0
cpu2->cpu2_L1D PREFETCH     ACCESS:    3602181 HIT:    3274556 MISS:     327625 MSHR_MERGE:     132347
cpu2->cpu2_L1D WRITE        ACCESS:   31380723 HIT:   31219523 MISS:     161200 MSHR_MERGE:     106439
cpu2->cpu2_L1D TRANSLATION  ACCESS:        486 HIT:         13 MISS:        473 MSHR_MERGE:          1
cpu2->cpu2_L1D PREFETCH REQUESTED:    3603142 ISSUED:    3602181 USEFUL:     146250 USELESS:      48270
cpu2->cpu2_L1D AVERAGE MISS LATENCY: 10.59 cycles
cpu2_L1D FLUSH STALL CYCLES: 176
cpu2->cpu2_ITLB TOTAL        ACCESS:   56476227 HIT:   56476227 MISS:          0 MSHR_MERGE:          0
cpu2->cpu2_ITLB LOAD         ACCESS:   56476227 HIT:   56476227 MISS:          0 MSHR_MERGE:          0
cpu2->cpu2_ITLB RFO          ACCESS:          0 HIT:          0 MISS:          0 MSHR_MERGE:          0
cpu2->cpu2_ITLB PREFETCH     ACCESS:          0 HIT:          0 MISS:          0 MSHR_MERGE:          0
cpu2->cpu2_ITLB WRITE        ACCESS:          0 HIT:          0 MISS:          0 MSHR_MERGE:          0
cpu2->cpu2_ITLB TRANSLATION  ACCESS:          0 HIT:          0 MISS:          0 MSHR_MERGE:          0
cpu2->cpu2_ITLB PREFETCH REQUESTED:          0 ISSUED:          0 USEFUL:          0 USELESS:          0
cpu2->cpu2_ITLB AVERAGE MISS LATENCY: - cycles
cpu2->cpu2_DTLB TOTAL        ACCESS:   74786169 HIT:   74649884 MISS:     136285 MSHR_MERGE:      14486
cpu2->cpu2_DTLB LOAD         ACCESS:   74786169 HIT:   74649884 MISS:     136285 MSHR_MERGE:      14486
cpu2->cpu2_DTLB RFO          ACCESS:          0 HIT:          0 MISS:          0 MSHR_MERGE:          0
cpu2->cpu2_DTLB PREFETCH     ACCESS:          0 HIT:          0 MISS:          0 MSHR_MERGE:          0
cpu2->cpu2_DTLB WRITE        ACCESS:          0 HIT:          0 MISS:          0 MSHR_MERGE:          0
cpu2->cpu2_DTLB TRANSLATION  ACCESS:          0 HIT:          0 MISS:          0 MSHR_MERGE:          0
cpu2->cpu2_DTLB PREFETCH REQUESTED:          0 ISSUED:          0 USEFUL:          0 USELESS:          0
cpu2->cpu2_DTLB AVERAGE MISS LATENCY: 6.657 cycles
cpu1->cpu1_STLB TOTAL        ACCESS:     282481 HIT:     277470 MISS:       5011 MSHR_MERGE:          0
cpu1->cpu1_STLB LOAD         ACCESS:     282481 HIT:     277470 MISS:       5011 MSHR_MERGE:          0
cpu1->cpu1_STLB RFO          ACCESS:          0 HIT:          0 MISS:          0 MSHR_MERGE:          0
cpu1->cpu1_STLB PREFETCH     ACCESS:          0 HIT:          0 MISS:          0 MSHR_MERGE:          0
cpu1->cpu1_STLB WRITE        ACCESS:          0 HIT:          0 MISS:          0 MSHR_MERGE:          0
cpu1->cpu1_STLB TRANSLATION  ACCESS:          0 HIT:          0 MISS:          0 MSHR_MERGE:          0
cpu1->cpu1_STLB PREFETCH REQUESTED:          0 ISSUED:          0 USEFUL:          0 USELESS:          0
cpu1->cpu1_STLB AVERAGE MISS LATENCY: 784.7 cycles
cpu0->cpu1_L2C TOTAL        ACCESS:        217 HIT:        209 MISS:          8 MSHR_MERGE:          0
cpu0->cpu1_L2C LOAD         ACCESS:          0 HIT:          0 MISS:          0 MSHR_MERGE:          0
cpu0->cpu1_L2C RFO          ACCESS:          0 HIT:          0 MISS:          0 MSHR_MERGE:          0
cpu0->cpu1_L2C PREFETCH     ACCESS:          0 HIT:          0 MISS:          0 MSHR_MERGE:          0
cpu0->cpu1_L2C WRITE        ACCESS:        217 HIT:        209 MISS:          8 MSHR_MERGE:          0
cpu0->cpu1_L2C TRANSLATION  ACCESS:          0 HIT:          0 MISS:          0 MSHR_MERGE:          0
cpu0->cpu1_L2C PREFETCH REQUESTED:    2728573 ISSUED:    2727667 USEFUL:      40503 USELESS:       2169
cpu0->cpu1_L2C AVERAGE MISS LATENCY: 4.883e+06 cycles
cpu1->cpu1_L2C TOTAL        ACCESS:    4431704 HIT:    3116901 MISS:    1314803 MSHR_MERGE:     123744
cpu1->cpu1_L2C LOAD         ACCESS:     977848 HIT:     787358 MISS:     190490 MSHR_MERGE:      13959
cpu1->cpu1_L2C RFO          ACCESS:     110765 HIT:      32349 MISS:      78416 MSHR_MERGE:          1
cpu1->cpu1_L2C PREFETCH     ACCESS:    3198071 HIT:    2184087 MISS:    1013984 MSHR_MERGE:     109784
cpu1->cpu1_L2C WRITE        ACCESS:     136650 HIT:     112903 MISS:      23747 MSHR_MERGE:          0
cpu1->cpu1_L2C TRANSLATION  ACCESS:       8370 HIT:        204 MISS:       8166 MSHR_MERGE:          0
cpu1->cpu1_L2C PREFETCH REQUESTED:    2728573 ISSUED:    2727667 USEFUL:      40503 USELESS:       2169
cpu1->cpu1_L2C AVERAGE MISS LATENCY: 129.9 cycles
cpu1_L2C FLUSH STALL CYCLES: 14256
cpu1->cpu1_L1I TOTAL        ACCESS:  137300790 HIT:  134549395 MISS:    2751395 MSHR_MERGE:    1721987
cpu1->cpu1_L1I LOAD         ACCESS:   70083832 HIT:   68718815 MISS:    1365017 MSHR_MERGE:     745106
cpu1->cpu1_L1I RFO          ACCESS:          0 HIT:          0 MISS:          0 MSHR_MERGE:          0
cpu1->cpu1_L1I PREFETCH     ACCESS:   67216958 HIT:   65830580 MISS:    1386378 MSHR_MERGE:     976881
cpu1->cpu1_L1I WRITE        ACCESS:          0 HIT:          0 MISS:          0 MSHR_MERGE:          0
cpu1->cpu1_L1I TRANSLATION  ACCESS:          0 HIT:          0 MISS:          0 MSHR_MERGE:          0
cpu1->cpu1_L1I PREFETCH REQUESTED:   70090103 ISSUED:   67216958 USEFUL:     256691 USELESS:     152762
cpu1->cpu1_L1I AVERAGE MISS LATENCY: 9.131 cycles
cpu1->cpu1_L1D TOTAL        ACCESS:  107952130 HIT:  106335644 MISS:    1616486 MSHR_MERGE:    1078479
cpu1->cpu1_L1D LOAD         ACCESS:   65520954 HIT:   64787666 MISS:     733288 MSHR_MERGE:     375349
cpu1->cpu1_L1D RFO          ACCESS:          0 HIT:          0 MISS:          0 MSHR_MERGE:          0
cpu1->cpu1_L1D PREFETCH     ACCESS:    5262535 HIT:    5161015 MISS:     101520 MSHR_MERGE:      40612
cpu1->cpu1_L1D WRITE        ACCESS:   37158597 HIT:   36385802 MISS:     772795 MSHR_MERGE:     662005
cpu1->cpu1_L1D TRANSLATION  ACCESS:      10044 HIT:       1161 MISS:       8883 MSHR_MERGE:        513
cpu1->cpu1_L1D PREFETCH REQUESTED:    5275084 ISSUED:    5262535 USEFUL:      47825 USELESS:      12777
cpu1->cpu1_L1D AVERAGE MISS LATENCY: 90.6 cycles
cpu1_L1D FLUSH STALL CYCLES: 153
cpu1->cpu1_ITLB TOTAL        ACCESS:   98139817 HIT:   98135289 MISS:       4528 MSHR_MERGE:       2964
cpu1->cpu1_ITLB LOAD         ACCESS:   98139817 HIT:   98135289 MISS:       4528 MSHR_MERGE:       2964
cpu1->cpu1_ITLB RFO          ACCESS:          0 HIT:          0 MISS:          0 MSHR_MERGE:          0
cpu1->cpu1_ITLB PREFETCH     ACCESS:          0 HIT:          0 MISS:          0 MSHR_MERGE:          0
cpu1->cpu1_ITLB WRITE        ACCESS:          0 HIT:          0 MISS:          0 MSHR_MERGE:          0
cpu1->cpu1_ITLB TRANSLATION  ACCESS:          0 HIT:          0 MISS:          0 MSHR_MERGE:          0
cpu1->cpu1_ITLB PREFETCH REQUESTED:          0 ISSUED:          0 USEFUL:          0 USELESS:          0
cpu1->cpu1_ITLB AVERAGE MISS LATENCY: 40.37 cycles
cpu1->cpu1_DTLB TOTAL        ACCESS:   96248032 HIT:   95715189 MISS:     532843 MSHR_MERGE:     251926
cpu1->cpu1_DTLB LOAD         ACCESS:   96248032 HIT:   95715189 MISS:     532843 MSHR_MERGE:     251926
cpu1->cpu1_DTLB RFO          ACCESS:          0 HIT:          0 MISS:          0 MSHR_MERGE:          0
cpu1->cpu1_DTLB PREFETCH     ACCESS:          0 HIT:          0 MISS:          0 MSHR_MERGE:          0
cpu1->cpu1_DTLB WRITE        ACCESS:          0 HIT:          0 MISS:          0 MSHR_MERGE:          0
cpu1->cpu1_DTLB TRANSLATION  ACCESS:          0 HIT:          0 MISS:          0 MSHR_MERGE:          0
cpu1->cpu1_DTLB PREFETCH REQUESTED:          0 ISSUED:          0 USEFUL:          0 USELESS:          0
cpu1->cpu1_DTLB AVERAGE MISS LATENCY: 18.82 cycles
cpu15->cpu15_STLB TOTAL        ACCESS:     186332 HIT:     167623 MISS:      18709 MSHR_MERGE:          0
cpu15->cpu15_STLB LOAD         ACCESS:     186332 HIT:     167623 MISS:      18709 MSHR_MERGE:          0
cpu15->cpu15_STLB RFO          ACCESS:          0 HIT:          0 MISS:          0 MSHR_MERGE:          0
cpu15->cpu15_STLB PREFETCH     ACCESS:          0 HIT:          0 MISS:          0 MSHR_MERGE:          0
cpu15->cpu15_STLB WRITE        ACCESS:          0 HIT:          0 MISS:          0 MSHR_MERGE:          0
cpu15->cpu15_STLB TRANSLATION  ACCESS:          0 HIT:          0 MISS:          0 MSHR_MERGE:          0
cpu15->cpu15_STLB PREFETCH REQUESTED:          0 ISSUED:          0 USEFUL:          0 USELESS:          0
cpu15->cpu15_STLB AVERAGE MISS LATENCY: 589.5 cycles
cpu0->cpu15_L2C TOTAL        ACCESS:        419 HIT:        410 MISS:          9 MSHR_MERGE:          0
cpu0->cpu15_L2C LOAD         ACCESS:          0 HIT:          0 MISS:          0 MSHR_MERGE:          0
cpu0->cpu15_L2C RFO          ACCESS:          0 HIT:          0 MISS:          0 MSHR_MERGE:          0
cpu0->cpu15_L2C PREFETCH     ACCESS:          0 HIT:          0 MISS:          0 MSHR_MERGE:          0
cpu0->cpu15_L2C WRITE        ACCESS:        419 HIT:        410 MISS:          9 MSHR_MERGE:          0
cpu0->cpu15_L2C TRANSLATION  ACCESS:          0 HIT:          0 MISS:          0 MSHR_MERGE:          0
cpu0->cpu15_L2C PREFETCH REQUESTED:   29395761 ISSUED:   26689201 USEFUL:     369845 USELESS:      20207
cpu0->cpu15_L2C AVERAGE MISS LATENCY: 1.531e+07 cycles
cpu15->cpu15_L2C TOTAL        ACCESS:   35362983 HIT:   23419220 MISS:   11943763 MSHR_MERGE:     775760
cpu15->cpu15_L2C LOAD         ACCESS:    3478471 HIT:    2696237 MISS:     782234 MSHR_MERGE:     145529
cpu15->cpu15_L2C RFO          ACCESS:    1944913 HIT:    1403317 MISS:     541596 MSHR_MERGE:          0
cpu15->cpu15_L2C PREFETCH     ACCESS:   27291660 HIT:   16917805 MISS:   10373855 MSHR_MERGE:     630231
cpu15->cpu15_L2C WRITE        ACCESS:    2613498 HIT:    2399358 MISS:     214140 MSHR_MERGE:          0
cpu15->cpu15_L2C TRANSLATION  ACCESS:      34441 HIT:       2503 MISS:      31938 MSHR_MERGE:          0
cpu15->cpu15_L2C PREFETCH REQUESTED:   29395761 ISSUED:   26689201 USEFUL:     369845 USELESS:      20207
cpu15->cpu15_L2C AVERAGE MISS LATENCY: 87.79 cycles
cpu15_L2C FLUSH STALL CYCLES: 10725
cpu15->cpu15_L1I TOTAL        ACCESS:   55849047 HIT:   55153774 MISS:     695273 MSHR_MERGE:     474821
cpu15->cpu15_L1I LOAD         ACCESS:   28877535 HIT:   28570583 MISS:     306952 MSHR_MERGE:     175440
cpu15->cpu15_L1I RFO          ACCESS:          0 HIT:          0 MISS:          0 MSHR_MERGE:          0
cpu15->cpu15_L1I PREFETCH     ACCESS:   26971512 HIT:   26583191 MISS:     388321 MSHR_MERGE:     299381
cpu15->cpu15_L1I WRITE        ACCESS:          0 HIT:          0 MISS:          0 MSHR_MERGE:          0
cpu15->cpu15_L1I TRANSLATION  ACCESS:          0 HIT:          0 MISS:          0 MSHR_MERGE:          0
cpu15->cpu15_L1I PREFETCH REQUESTED:   28881455 ISSUED:   26971512 USEFUL:      64044 USELESS:      24872
cpu15->cpu15_L1I AVERAGE MISS LATENCY: 24.96 cycles
cpu15->cpu15_L1D TOTAL        ACCESS:   87047446 HIT:   72106327 MISS:   14941119 MSHR_MERGE:    9100885
cpu15->cpu15_L1D LOAD         ACCESS:   58199861 HIT:   51397369 MISS:    6802492 MSHR_MERGE:    3455501
cpu15->cpu15_L1D RFO          ACCESS:          0 HIT:          0 MISS:          0 MSHR_MERGE:          0
cpu15->cpu15_L1D PREFETCH     ACCESS:    2502998 HIT:    1841278 MISS:     661720 MSHR_MERGE:     147881
cpu15->cpu15_L1D WRITE        ACCESS:   26304149 HIT:   18862407 MISS:    7441742 MSHR_MERGE:    5496779
cpu15->cpu15_L1D TRANSLATION  ACCESS:      40438 HIT:       5273 MISS:      35165 MSHR_MERGE:        724
cpu15->cpu15_L1D PREFETCH REQUESTED:    3166783 ISSUED:    2502998 USEFUL:     386110 USELESS:      44082
cpu15->cpu15_L1D AVERAGE MISS LATENCY: 35.43 cycles
cpu15_L1D FLUSH STALL CYCLES: 356
cpu15->cpu15_ITLB TOTAL        ACCESS:   39876619 HIT:   39856050 MISS:      20569 MSHR_MERGE:      12455
cpu15->cpu15_ITLB LOAD         ACCESS:   39876619 HIT:   39856050 MISS:      20569 MSHR_MERGE:      12455
cpu15->cpu15_ITLB RFO          ACCESS:          0 HIT:          0 MISS:          0 MSHR_MERGE:          0
cpu15->cpu15_ITLB PREFETCH     ACCESS:          0 HIT:          0 MISS:          0 MSHR_MERGE:          0
cpu15->cpu15_ITLB WRITE        ACCESS:          0 HIT:          0 MISS:          0 MSHR_MERGE:          0
cpu15->cpu15_ITLB TRANSLATION  ACCESS:          0 HIT:          0 MISS:          0 MSHR_MERGE:          0
cpu15->cpu15_ITLB PREFETCH REQUESTED:          0 ISSUED:          0 USEFUL:          0 USELESS:          0
cpu15->cpu15_ITLB AVERAGE MISS LATENCY: 20.66 cycles
cpu15->cpu15_DTLB TOTAL        ACCESS:   81046758 HIT:   80599454 MISS:     447304 MSHR_MERGE:     269086
cpu15->cpu15_DTLB LOAD         ACCESS:   81046758 HIT:   80599454 MISS:     447304 MSHR_MERGE:     269086
cpu15->cpu15_DTLB RFO          ACCESS:          0 HIT:          0 MISS:          0 MSHR_MERGE:          0
cpu15->cpu15_DTLB PREFETCH     ACCESS:          0 HIT:          0 MISS:          0 MSHR_MERGE:          0
cpu15->cpu15_DTLB WRITE        ACCESS:          0 HIT:          0 MISS:          0 MSHR_MERGE:          0
cpu15->cpu15_DTLB TRANSLATION  ACCESS:          0 HIT:          0 MISS:          0 MSHR_MERGE:          0
cpu15->cpu15_DTLB PREFETCH REQUESTED:          0 ISSUED:          0 USEFUL:          0 USELESS:          0
cpu15->cpu15_DTLB AVERAGE MISS LATENCY: 66.28 cycles
cpu14->cpu14_STLB TOTAL        ACCESS:       1725 HIT:         25 MISS:       1700 MSHR_MERGE:          0
cpu14->cpu14_STLB LOAD         ACCESS:       1725 HIT:         25 MISS:       1700 MSHR_MERGE:          0
cpu14->cpu14_STLB RFO          ACCESS:          0 HIT:          0 MISS:          0 MSHR_MERGE:          0
cpu14->cpu14_STLB PREFETCH     ACCESS:          0 HIT:          0 MISS:          0 MSHR_MERGE:          0
cpu14->cpu14_STLB WRITE        ACCESS:          0 HIT:          0 MISS:          0 MSHR_MERGE:          0
cpu14->cpu14_STLB TRANSLATION  ACCESS:          0 HIT:          0 MISS:          0 MSHR_MERGE:          0
cpu14->cpu14_STLB PREFETCH REQUESTED:          0 ISSUED:          0 USEFUL:          0 USELESS:          0
cpu14->cpu14_STLB AVERAGE MISS LATENCY: 661.9 cycles
cpu0->cpu14_L2C TOTAL        ACCESS:        641 HIT:        471 MISS:        170 MSHR_MERGE:          0
cpu0->cpu14_L2C LOAD         ACCESS:          0 HIT:          0 MISS:          0 MSHR_MERGE:          0
cpu0->cpu14_L2C RFO          ACCESS:          0 HIT:          0 MISS:          0 MSHR_MERGE:          0
cpu0->cpu14_L2C PREFETCH     ACCESS:          0 HIT:          0 MISS:          0 MSHR_MERGE:          0
cpu0->cpu14_L2C WRITE        ACCESS:        641 HIT:        471 MISS:        170 MSHR_MERGE:          0
cpu0->cpu14_L2C TRANSLATION  ACCESS:          0 HIT:          0 MISS:          0 MSHR_MERGE:          0
cpu0->cpu14_L2C PREFETCH REQUESTED:      12238 ISSUED:      12238 USEFUL:        201 USELESS:         23
cpu0->cpu14_L2C AVERAGE MISS LATENCY: 1.259e+05 cycles
cpu14->cpu14_L2C TOTAL        ACCESS:     226024 HIT:      57666 MISS:     168358 MSHR_MERGE:       3419
cpu14->cpu14_L2C LOAD         ACCESS:       1681 HIT:        982 MISS:        699 MSHR_MERGE:          0
cpu14->cpu14_L2C RFO          ACCESS:      99692 HIT:       1304 MISS:      98388 MSHR_MERGE:          0
cpu14->cpu14_L2C PREFETCH     ACCESS:      22566 HIT:       2406 MISS:      20160 MSHR_MERGE:       3419
cpu14->cpu14_L2C WRITE        ACCESS:     100110 HIT:      52947 MISS:      47163 MSHR_MERGE:          0
cpu14->cpu14_L2C TRANSLATION  ACCESS:       1975 HIT:         27 MISS:       1948 MSHR_MERGE:          0
cpu14->cpu14_L2C PREFETCH REQUESTED:      12238 ISSUED:      12238 USEFUL:        201 USELESS:         23
cpu14->cpu14_L2C AVERAGE MISS LATENCY: 144.5 cycles
cpu14_L2C FLUSH STALL CYCLES: 19615
cpu14->cpu14_L1I TOTAL        ACCESS:   39911123 HIT:   39911122 MISS:          1 MSHR_MERGE:          0
cpu14->cpu14_L1I LOAD         ACCESS:   20846711 HIT:   20846711 MISS:          0 MSHR_MERGE:          0
cpu14->cpu14_L1I RFO          ACCESS:          0 HIT:          0 MISS:          0 MSHR_MERGE:          0
cpu14->cpu14_L1I PREFETCH     ACCESS:   19064412 HIT:   19064411 MISS:          1 MSHR_MERGE:          0
cpu14->cpu14_L1I WRITE        ACCESS:          0 HIT:          0 MISS:          0 MSHR_MERGE:          0
cpu14->cpu14_L1I TRANSLATION  ACCESS:          0 HIT:          0 MISS:          0 MSHR_MERGE:          0
cpu14->cpu14_L1I PREFETCH REQUESTED:   20846711 ISSUED:   19064412 USEFUL:          0 USELESS:          0
cpu14->cpu14_L1I AVERAGE MISS LATENCY: - cycles
cpu14->cpu14_L1D TOTAL        ACCESS:  110311295 HIT:  109600867 MISS:     710428 MSHR_MERGE:     596742
cpu14->cpu14_L1D LOAD         ACCESS:   90510957 HIT:   90508468 MISS:       2489 MSHR_MERGE:        806
cpu14->cpu14_L1D RFO          ACCESS:          0 HIT:          0 MISS:          0 MSHR_MERGE:          0
cpu14->cpu14_L1D PREFETCH     ACCESS:     489823 HIT:     477319 MISS:      12504 MSHR_MERGE:       2177
cpu14->cpu14_L1D WRITE        ACCESS:   19307112 HIT:   18613652 MISS:     693460 MSHR_MERGE:     593759
cpu14->cpu14_L1D TRANSLATION  ACCESS:       3403 HIT:       1428 MISS:       1975 MSHR_MERGE:          0
cpu14->cpu14_L1D PREFETCH REQUESTED:     489823 ISSUED:     489823 USEFUL:       9747 USELESS:         75
cpu14->cpu14_L1D AVERAGE MISS LATENCY: 215.3 cycles
cpu14_L1D FLUSH STALL CYCLES: 577
cpu14->cpu14_ITLB TOTAL        ACCESS:   29045075 HIT:   29045075 MISS:          0 MSHR_MERGE:          0
cpu14->cpu14_ITLB LOAD         ACCESS:   29045075 HIT:   29045075 MISS:          0 MSHR_MERGE:          0
cpu14->cpu14_ITLB RFO          ACCESS:          0 HIT:          0 MISS:          0 MSHR_MERGE:          0
cpu14->cpu14_ITLB PREFETCH     ACCESS:          0 HIT:          0 MISS:          0 MSHR_MERGE:          0
cpu14->cpu14_ITLB WRITE        ACCESS:          0 HIT:          0 MISS:          0 MSHR_MERGE:          0
cpu14->cpu14_ITLB TRANSLATION  ACCESS:          0 HIT:          0 MISS:          0 MSHR_MERGE:          0
cpu14->cpu14_ITLB PREFETCH REQUESTED:          0 ISSUED:          0 USEFUL:          0 USELESS:          0
cpu14->cpu14_ITLB AVERAGE MISS LATENCY: - cycles
cpu14->cpu14_DTLB TOTAL        ACCESS:  103316807 HIT:  103297422 MISS:      19385 MSHR_MERGE:      17660
cpu14->cpu14_DTLB LOAD         ACCESS:  103316807 HIT:  103297422 MISS:      19385 MSHR_MERGE:      17660
cpu14->cpu14_DTLB RFO          ACCESS:          0 HIT:          0 MISS:          0 MSHR_MERGE:          0
cpu14->cpu14_DTLB PREFETCH     ACCESS:          0 HIT:          0 MISS:          0 MSHR_MERGE:          0
cpu14->cpu14_DTLB WRITE        ACCESS:          0 HIT:          0 MISS:          0 MSHR_MERGE:          0
cpu14->cpu14_DTLB TRANSLATION  ACCESS:          0 HIT:          0 MISS:          0 MSHR_MERGE:          0
cpu14->cpu14_DTLB PREFETCH REQUESTED:          0 ISSUED:          0 USEFUL:          0 USELESS:          0
cpu14->cpu14_DTLB AVERAGE MISS LATENCY: 658.3 cycles
cpu13->cpu13_STLB TOTAL        ACCESS:     301044 HIT:     300649 MISS:        395 MSHR_MERGE:          0
cpu13->cpu13_STLB LOAD         ACCESS:     301044 HIT:     300649 MISS:        395 MSHR_MERGE:          0
cpu13->cpu13_STLB RFO          ACCESS:          0 HIT:          0 MISS:          0 MSHR_MERGE:          0
cpu13->cpu13_STLB PREFETCH     ACCESS:          0 HIT:          0 MISS:          0 MSHR_MERGE:          0
cpu13->cpu13_STLB WRITE        ACCESS:          0 HIT:          0 MISS:          0 MSHR_MERGE:          0
cpu13->cpu13_STLB TRANSLATION  ACCESS:          0 HIT:          0 MISS:          0 MSHR_MERGE:          0
cpu13->cpu13_STLB PREFETCH REQUESTED:          0 ISSUED:          0 USEFUL:          0 USELESS:          0
cpu13->cpu13_STLB AVERAGE MISS LATENCY: 847.9 cycles
cpu0->cpu13_L2C TOTAL        ACCESS:          7 HIT:          5 MISS:          2 MSHR_MERGE:          0
cpu0->cpu13_L2C LOAD         ACCESS:          0 HIT:          0 MISS:          0 MSHR_MERGE:          0
cpu0->cpu13_L2C RFO          ACCESS:          0 HIT:          0 MISS:          0 MSHR_MERGE:          0
cpu0->cpu13_L2C PREFETCH     ACCESS:          0 HIT:          0 MISS:          0 MSHR_MERGE:          0
cpu0->cpu13_L2C WRITE        ACCESS:          7 HIT:          5 MISS:          2 MSHR_MERGE:          0
cpu0->cpu13_L2C TRANSLATION  ACCESS:          0 HIT:          0 MISS:          0 MSHR_MERGE:          0
cpu0->cpu13_L2C PREFETCH REQUESTED:   67969207 ISSUED:   65808536 USEFUL:      20073 USELESS:        896
cpu0->cpu13_L2C AVERAGE MISS LATENCY: 1.722e+05 cycles
cpu13->cpu13_L2C TOTAL        ACCESS:   71866152 HIT:   64502073 MISS:    7364079 MSHR_MERGE:       9294
cpu13->cpu13_L2C LOAD         ACCESS:    4224719 HIT:    4223261 MISS:       1458 MSHR_MERGE:         28
cpu13->cpu13_L2C RFO          ACCESS:       3843 HIT:       3627 MISS:        216 MSHR_MERGE:          0
cpu13->cpu13_L2C PREFETCH     ACCESS:   67627534 HIT:   60265918 MISS:    7361616 MSHR_MERGE:       9266
cpu13->cpu13_L2C WRITE        ACCESS:       9266 HIT:       9266 MISS:          0 MSHR_MERGE:          0
cpu13->cpu13_L2C TRANSLATION  ACCESS:        790 HIT:          1 MISS:        789 MSHR_MERGE:          0
cpu13->cpu13_L2C PREFETCH REQUESTED:   67969207 ISSUED:   65808536 USEFUL:      20073 USELESS:        896
cpu13->cpu13_L2C AVERAGE MISS LATENCY: 139.8 cycles
cpu13->cpu13_L1I TOTAL        ACCESS:   11180839 HIT:   11180839 MISS:          0 MSHR_MERGE:          0
cpu13->cpu13_L1I LOAD         ACCESS:    5781601 HIT:    5781601 MISS:          0 MSHR_MERGE:          0
cpu13->cpu13_L1I RFO          ACCESS:          0 HIT:          0 MISS:          0 MSHR_MERGE:          0
cpu13->cpu13_L1I PREFETCH     ACCESS:    5399238 HIT:    5399238 MISS:          0 MSHR_MERGE:          0
cpu13->cpu13_L1I WRITE        ACCESS:          0 HIT:          0 MISS:          0 MSHR_MERGE:          0
cpu13->cpu13_L1I TRANSLATION  ACCESS:          0 HIT:          0 MISS:          0 MSHR_MERGE:          0
cpu13->cpu13_L1I PREFETCH REQUESTED:    5781601 ISSUED:    5399238 USEFUL:          0 USELESS:          0
cpu13->cpu13_L1I AVERAGE MISS LATENCY: - cycles
cpu13->cpu13_L1D TOTAL        ACCESS:   67367659 HIT:   48729084 MISS:   18638575 MSHR_MERGE:   12590225
cpu13->cpu13_L1D LOAD         ACCESS:   64530933 HIT:   47822420 MISS:   16708513 MSHR_MERGE:   12483794
cpu13->cpu13_L1D RFO          ACCESS:          0 HIT:          0 MISS:          0 MSHR_MERGE:          0
cpu13->cpu13_L1D PREFETCH     ACCESS:    2805078 HIT:     883215 MISS:    1921863 MSHR_MERGE:     102865
cpu13->cpu13_L1D WRITE        ACCESS:      30858 HIT:      23449 MISS:       7409 MSHR_MERGE:       3566
cpu13->cpu13_L1D TRANSLATION  ACCESS:        790 HIT:          0 MISS:        790 MSHR_MERGE:          0
cpu13->cpu13_L1D PREFETCH REQUESTED:    2805078 ISSUED:    2805078 USEFUL:    1541242 USELESS:     277715
cpu13->cpu13_L1D AVERAGE MISS LATENCY: 10.06 cycles
cpu13->cpu13_ITLB TOTAL        ACCESS:    6159693 HIT:    6159693 MISS:          0 MSHR_MERGE:          0
cpu13->cpu13_ITLB LOAD         ACCESS:    6159693 HIT:    6159693 MISS:          0 MSHR_MERGE:          0
cpu13->cpu13_ITLB RFO          ACCESS:          0 HIT:          0 MISS:          0 MSHR_MERGE:          0
cpu13->cpu13_ITLB PREFETCH     ACCESS:          0 HIT:          0 MISS:          0 MSHR_MERGE:          0
cpu13->cpu13_ITLB WRITE        ACCESS:          0 HIT:          0 MISS:          0 MSHR_MERGE:          0
cpu13->cpu13_ITLB TRANSLATION  ACCESS:          0 HIT:          0 MISS:          0 MSHR_MERGE:          0
cpu13->cpu13_ITLB PREFETCH REQUESTED:          0 ISSUED:          0 USEFUL:          0 USELESS:          0
cpu13->cpu13_ITLB AVERAGE MISS LATENCY: - cycles
cpu13->cpu13_DTLB TOTAL        ACCESS:   64556720 HIT:   63498262 MISS:    1058458 MSHR_MERGE:     757414
cpu13->cpu13_DTLB LOAD         ACCESS:   64556720 HIT:   63498262 MISS:    1058458 MSHR_MERGE:     757414
cpu13->cpu13_DTLB RFO          ACCESS:          0 HIT:          0 MISS:          0 MSHR_MERGE:          0
cpu13->cpu13_DTLB PREFETCH     ACCESS:          0 HIT:          0 MISS:          0 MSHR_MERGE:          0
cpu13->cpu13_DTLB WRITE        ACCESS:          0 HIT:          0 MISS:          0 MSHR_MERGE:          0
cpu13->cpu13_DTLB TRANSLATION  ACCESS:          0 HIT:          0 MISS:          0 MSHR_MERGE:          0
cpu13->cpu13_DTLB PREFETCH REQUESTED:          0 ISSUED:          0 USEFUL:          0 USELESS:          0
cpu13->cpu13_DTLB AVERAGE MISS LATENCY: 6.114 cycles
cpu12->cpu12_STLB TOTAL        ACCESS:         38 HIT:          0 MISS:         38 MSHR_MERGE:          0
cpu12->cpu12_STLB LOAD         ACCESS:         38 HIT:          0 MISS:         38 MSHR_MERGE:          0
cpu12->cpu12_STLB RFO          ACCESS:          0 HIT:          0 MISS:          0 MSHR_MERGE:          0
cpu12->cpu12_STLB PREFETCH     ACCESS:          0 HIT:          0 MISS:          0 MSHR_MERGE:          0
cpu12->cpu12_STLB WRITE        ACCESS:          0 HIT:          0 MISS:          0 MSHR_MERGE:          0
cpu12->cpu12_STLB TRANSLATION  ACCESS:          0 HIT:          0 MISS:          0 MSHR_MERGE:          0
cpu12->cpu12_STLB PREFETCH REQUESTED:          0 ISSUED:          0 USEFUL:          0 USELESS:          0
cpu12->cpu12_STLB AVERAGE MISS LATENCY: 758.9 cycles
cpu0->cpu12_L2C TOTAL        ACCESS:        261 HIT:        261 MISS:          0 MSHR_MERGE:          0
cpu0->cpu12_L2C LOAD         ACCESS:          0 HIT:          0 MISS:          0 MSHR_MERGE:          0
cpu0->cpu12_L2C RFO          ACCESS:          0 HIT:          0 MISS:          0 MSHR_MERGE:          0
cpu0->cpu12_L2C PREFETCH     ACCESS:          0 HIT:          0 MISS:          0 MSHR_MERGE:          0
cpu0->cpu12_L2C WRITE        ACCESS:        261 HIT:        261 MISS:          0 MSHR_MERGE:          0
cpu0->cpu12_L2C TRANSLATION  ACCESS:          0 HIT:          0 MISS:          0 MSHR_MERGE:          0
cpu0->cpu12_L2C PREFETCH REQUESTED:      70281 ISSUED:      70221 USEFUL:        140 USELESS:          0
cpu0->cpu12_L2C AVERAGE MISS LATENCY: - cycles
cpu12->cpu12_L2C TOTAL        ACCESS:      94956 HIT:      87841 MISS:       7115 MSHR_MERGE:        807
cpu12->cpu12_L2C LOAD         ACCESS:      15070 HIT:      14528 MISS:        542 MSHR_MERGE:         16
cpu12->cpu12_L2C RFO          ACCESS:         64 HIT:          4 MISS:         60 MSHR_MERGE:          0
cpu12->cpu12_L2C PREFETCH     ACCESS:      79755 HIT:      73303 MISS:       6452 MSHR_MERGE:        791
cpu12->cpu12_L2C WRITE        ACCESS:          6 HIT:          6 MISS:          0 MSHR_MERGE:          0
cpu12->cpu12_L2C TRANSLATION  ACCESS:         61 HIT:          0 MISS:         61 MSHR_MERGE:          0
cpu12->cpu12_L2C PREFETCH REQUESTED:      70281 ISSUED:      70221 USEFUL:        140 USELESS:          0
cpu12->cpu12_L2C AVERAGE MISS LATENCY: 152.5 cycles
cpu12_L2C FLUSH STALL CYCLES: 5
cpu12->cpu12_L1I TOTAL        ACCESS:  140496102 HIT:  140415937 MISS:      80165 MSHR_MERGE:      55620
cpu12->cpu12_L1I LOAD         ACCESS:   72669244 HIT:   72633092 MISS:      36152 MSHR_MERGE:      21126
cpu12->cpu12_L1I RFO          ACCESS:          0 HIT:          0 MISS:          0 MSHR_MERGE:          0
cpu12->cpu12_L1I PREFETCH     ACCESS:   67826858 HIT:   67782845 MISS:      44013 MSHR_MERGE:      34494
cpu12->cpu12_L1I WRITE        ACCESS:          0 HIT:          0 MISS:          0 MSHR_MERGE:          0
cpu12->cpu12_L1I TRANSLATION  ACCESS:          0 HIT:          0 MISS:          0 MSHR_MERGE:          0
cpu12->cpu12_L1I PREFETCH REQUESTED:   72669244 ISSUED:   67826838 USEFUL:       8442 USELESS:       1059
cpu12->cpu12_L1I AVERAGE MISS LATENCY: 13.38 cycles
cpu12->cpu12_L1D TOTAL        ACCESS:  154913955 HIT:  154913176 MISS:        779 MSHR_MERGE:        595
cpu12->cpu12_L1D LOAD         ACCESS:   62410816 HIT:   62410730 MISS:         86 MSHR_MERGE:         42
cpu12->cpu12_L1D RFO          ACCESS:          0 HIT:          0 MISS:          0 MSHR_MERGE:          0
cpu12->cpu12_L1D PREFETCH     ACCESS:   11361006 HIT:   11360978 MISS:         28 MSHR_MERGE:         13
cpu12->cpu12_L1D WRITE        ACCESS:   81142056 HIT:   81141452 MISS:        604 MSHR_MERGE:        540
cpu12->cpu12_L1D TRANSLATION  ACCESS:         77 HIT:         16 MISS:         61 MSHR_MERGE:          0
cpu12->cpu12_L1D PREFETCH REQUESTED:   12513573 ISSUED:   11360991 USEFUL:         13 USELESS:          2
cpu12->cpu12_L1D AVERAGE MISS LATENCY: 209.7 cycles
cpu12_L1D FLUSH STALL CYCLES: 197
cpu12->cpu12_ITLB TOTAL        ACCESS:   95525017 HIT:   95524955 MISS:         62 MSHR_MERGE:         38
cpu12->cpu12_ITLB LOAD         ACCESS:   95525017 HIT:   95524955 MISS:         62 MSHR_MERGE:         38
cpu12->cpu12_ITLB RFO          ACCESS:          0 HIT:          0 MISS:          0 MSHR_MERGE:          0
cpu12->cpu12_ITLB PREFETCH     ACCESS:          0 HIT:          0 MISS:          0 MSHR_MERGE:          0
cpu12->cpu12_ITLB WRITE        ACCESS:          0 HIT:          0 MISS:          0 MSHR_MERGE:          0
cpu12->cpu12_ITLB TRANSLATION  ACCESS:          0 HIT:          0 MISS:          0 MSHR_MERGE:          0
cpu12->cpu12_ITLB PREFETCH REQUESTED:          0 ISSUED:          0 USEFUL:          0 USELESS:          0
cpu12->cpu12_ITLB AVERAGE MISS LATENCY: 763.3 cycles
cpu12->cpu12_DTLB TOTAL        ACCESS:  122258036 HIT:  122257995 MISS:         41 MSHR_MERGE:         27
cpu12->cpu12_DTLB LOAD         ACCESS:  122258036 HIT:  122257995 MISS:         41 MSHR_MERGE:         27
cpu12->cpu12_DTLB RFO          ACCESS:          0 HIT:          0 MISS:          0 MSHR_MERGE:          0
cpu12->cpu12_DTLB PREFETCH     ACCESS:          0 HIT:          0 MISS:          0 MSHR_MERGE:          0
cpu12->cpu12_DTLB WRITE        ACCESS:          0 HIT:          0 MISS:          0 MSHR_MERGE:          0
cpu12->cpu12_DTLB TRANSLATION  ACCESS:          0 HIT:          0 MISS:          0 MSHR_MERGE:          0
cpu12->cpu12_DTLB PREFETCH REQUESTED:          0 ISSUED:          0 USEFUL:          0 USELESS:          0
cpu12->cpu12_DTLB AVERAGE MISS LATENCY: 767.6 cycles
cpu11->cpu11_STLB TOTAL        ACCESS:      75814 HIT:      74255 MISS:       1559 MSHR_MERGE:          0
cpu11->cpu11_STLB LOAD         ACCESS:      75814 HIT:      74255 MISS:       1559 MSHR_MERGE:          0
cpu11->cpu11_STLB RFO          ACCESS:          0 HIT:          0 MISS:          0 MSHR_MERGE:          0
cpu11->cpu11_STLB PREFETCH     ACCESS:          0 HIT:          0 MISS:          0 MSHR_MERGE:          0
cpu11->cpu11_STLB WRITE        ACCESS:          0 HIT:          0 MISS:          0 MSHR_MERGE:          0
cpu11->cpu11_STLB TRANSLATION  ACCESS:          0 HIT:          0 MISS:          0 MSHR_MERGE:          0
cpu11->cpu11_STLB PREFETCH REQUESTED:          0 ISSUED:          0 USEFUL:          0 USELESS:          0
cpu11->cpu11_STLB AVERAGE MISS LATENCY: 757 cycles
cpu0->cpu11_L2C TOTAL        ACCESS:        183 HIT:        176 MISS:          7 MSHR_MERGE:          0
cpu0->cpu11_L2C LOAD         ACCESS:          0 HIT:          0 MISS:          0 MSHR_MERGE:          0
cpu0->cpu11_L2C RFO          ACCESS:          0 HIT:          0 MISS:          0 MSHR_MERGE:          0
cpu0->cpu11_L2C PREFETCH     ACCESS:          0 HIT:          0 MISS:          0 MSHR_MERGE:          0
cpu0->cpu11_L2C WRITE        ACCESS:        183 HIT:        176 MISS:          7 MSHR_MERGE:          0
cpu0->cpu11_L2C TRANSLATION  ACCESS:          0 HIT:          0 MISS:          0 MSHR_MERGE:          0
cpu0->cpu11_L2C PREFETCH REQUESTED:    3481446 ISSUED:    3480705 USEFUL:      15562 USELESS:        376
cpu0->cpu11_L2C AVERAGE MISS LATENCY: 2.603e+05 cycles
cpu11->cpu11_L2C TOTAL        ACCESS:    4799452 HIT:    4380035 MISS:     419417 MSHR_MERGE:       1944
cpu11->cpu11_L2C LOAD         ACCESS:     878217 HIT:     850873 MISS:      27344 MSHR_MERGE:          0
cpu11->cpu11_L2C RFO          ACCESS:       3523 HIT:       3492 MISS:         31 MSHR_MERGE:          0
cpu11->cpu11_L2C PREFETCH     ACCESS:    3583616 HIT:    3194097 MISS:     389519 MSHR_MERGE:       1944
cpu11->cpu11_L2C WRITE        ACCESS:     331239 HIT:     331168 MISS:         71 MSHR_MERGE:          0
cpu11->cpu11_L2C TRANSLATION  ACCESS:       2857 HIT:        405 MISS:       2452 MSHR_MERGE:          0
cpu11->cpu11_L2C PREFETCH REQUESTED:    3481446 ISSUED:    3480705 USEFUL:      15562 USELESS:        376
cpu11->cpu11_L2C AVERAGE MISS LATENCY: 60.93 cycles
cpu11_L2C FLUSH STALL CYCLES: 987
cpu11->cpu11_L1I TOTAL        ACCESS:     298814 HIT:     298807 MISS:          7 MSHR_MERGE:          2
cpu11->cpu11_L1I LOAD         ACCESS:     149407 HIT:     149407 MISS:          0 MSHR_MERGE:          0
cpu11->cpu11_L1I RFO          ACCESS:          0 HIT:          0 MISS:          0 MSHR_MERGE:          0
cpu11->cpu11_L1I PREFETCH     ACCESS:     149407 HIT:     149400 MISS:          7 MSHR_MERGE:          2
cpu11->cpu11_L1I WRITE        ACCESS:          0 HIT:          0 MISS:          0 MSHR_MERGE:          0
cpu11->cpu11_L1I TRANSLATION  ACCESS:          0 HIT:          0 MISS:          0 MSHR_MERGE:          0
cpu11->cpu11_L1I PREFETCH REQUESTED:     149407 ISSUED:     149407 USEFUL:          1 USELESS:          0
cpu11->cpu11_L1I AVERAGE MISS LATENCY: - cycles
cpu11->cpu11_L1D TOTAL        ACCESS:   72369940 HIT:   71242129 MISS:    1127811 MSHR_MERGE:     140307
cpu11->cpu11_L1D LOAD         ACCESS:   47301644 HIT:   46297352 MISS:    1004292 MSHR_MERGE:     126075
cpu11->cpu11_L1D RFO          ACCESS:          0 HIT:          0 MISS:          0 MSHR_MERGE:          0
cpu11->cpu11_L1D PREFETCH     ACCESS:     257794 HIT:     150391 MISS:     107403 MSHR_MERGE:       4497
cpu11->cpu11_L1D WRITE        ACCESS:   24807361 HIT:   24794102 MISS:      13259 MSHR_MERGE:       9735
cpu11->cpu11_L1D TRANSLATION  ACCESS:       3141 HIT:        284 MISS:       2857 MSHR_MERGE:          0
cpu11->cpu11_L1D PREFETCH REQUESTED:     257807 ISSUED:     257778 USEFUL:      79460 USELESS:      23437
cpu11->cpu11_L1D AVERAGE MISS LATENCY: 12.09 cycles
cpu11_L1D FLUSH STALL CYCLES: 119
cpu11->cpu11_ITLB TOTAL        ACCESS:     190750 HIT:     190750 MISS:          0 MSHR_MERGE:          0
cpu11->cpu11_ITLB LOAD         ACCESS:     190750 HIT:     190750 MISS:          0 MSHR_MERGE:          0
cpu11->cpu11_ITLB RFO          ACCESS:          0 HIT:          0 MISS:          0 MSHR_MERGE:          0
cpu11->cpu11_ITLB PREFETCH     ACCESS:          0 HIT:          0 MISS:          0 MSHR_MERGE:          0
cpu11->cpu11_ITLB WRITE        ACCESS:          0 HIT:          0 MISS:          0 MSHR_MERGE:          0
cpu11->cpu11_ITLB TRANSLATION  ACCESS:          0 HIT:          0 MISS:          0 MSHR_MERGE:          0
cpu11->cpu11_ITLB PREFETCH REQUESTED:          0 ISSUED:          0 USEFUL:          0 USELESS:          0
cpu11->cpu11_ITLB AVERAGE MISS LATENCY: - cycles
cpu11->cpu11_DTLB TOTAL        ACCESS:   67402156 HIT:   67298728 MISS:     103428 MSHR_MERGE:      27614
cpu11->cpu11_DTLB LOAD         ACCESS:   67402156 HIT:   67298728 MISS:     103428 MSHR_MERGE:      27614
cpu11->cpu11_DTLB RFO          ACCESS:          0 HIT:          0 MISS:          0 MSHR_MERGE:          0
cpu11->cpu11_DTLB PREFETCH     ACCESS:          0 HIT:          0 MISS:          0 MSHR_MERGE:          0
cpu11->cpu11_DTLB WRITE        ACCESS:          0 HIT:          0 MISS:          0 MSHR_MERGE:          0
cpu11->cpu11_DTLB TRANSLATION  ACCESS:          0 HIT:          0 MISS:          0 MSHR_MERGE:          0
cpu11->cpu11_DTLB PREFETCH REQUESTED:          0 ISSUED:          0 USEFUL:          0 USELESS:          0
cpu11->cpu11_DTLB AVERAGE MISS LATENCY: 20.59 cycles
cpu10->cpu10_STLB TOTAL        ACCESS:   16564405 HIT:   16537696 MISS:      26709 MSHR_MERGE:          0
cpu10->cpu10_STLB LOAD         ACCESS:   16564405 HIT:   16537696 MISS:      26709 MSHR_MERGE:          0
cpu10->cpu10_STLB RFO          ACCESS:          0 HIT:          0 MISS:          0 MSHR_MERGE:          0
cpu10->cpu10_STLB PREFETCH     ACCESS:          0 HIT:          0 MISS:          0 MSHR_MERGE:          0
cpu10->cpu10_STLB WRITE        ACCESS:          0 HIT:          0 MISS:          0 MSHR_MERGE:          0
cpu10->cpu10_STLB TRANSLATION  ACCESS:          0 HIT:          0 MISS:          0 MSHR_MERGE:          0
cpu10->cpu10_STLB PREFETCH REQUESTED:          0 ISSUED:          0 USEFUL:          0 USELESS:          0
cpu10->cpu10_STLB AVERAGE MISS LATENCY: 612.9 cycles
cpu0->cpu10_L2C TOTAL        ACCESS:         27 HIT:         27 MISS:          0 MSHR_MERGE:          0
cpu0->cpu10_L2C LOAD         ACCESS:          0 HIT:          0 MISS:          0 MSHR_MERGE:          0
cpu0->cpu10_L2C RFO          ACCESS:          0 HIT:          0 MISS:          0 MSHR_MERGE:          0
cpu0->cpu10_L2C PREFETCH     ACCESS:          0 HIT:          0 MISS:          0 MSHR_MERGE:          0
cpu0->cpu10_L2C WRITE        ACCESS:         27 HIT:         27 MISS:          0 MSHR_MERGE:          0
cpu0->cpu10_L2C TRANSLATION  ACCESS:          0 HIT:          0 MISS:          0 MSHR_MERGE:          0
cpu0->cpu10_L2C PREFETCH REQUESTED:   19265702 ISSUED:   19265676 USEFUL:     429987 USELESS:     434930
cpu0->cpu10_L2C AVERAGE MISS LATENCY: - cycles
cpu10->cpu10_L2C TOTAL        ACCESS:   46641663 HIT:   32661024 MISS:   13980639 MSHR_MERGE:    1528518
cpu10->cpu10_L2C LOAD         ACCESS:   23765103 HIT:   16628082 MISS:    7137021 MSHR_MERGE:      11605
cpu10->cpu10_L2C RFO          ACCESS:    1627348 HIT:    1423894 MISS:     203454 MSHR_MERGE:          0
cpu10->cpu10_L2C PREFETCH     ACCESS:   19407474 HIT:   12877468 MISS:    6530006 MSHR_MERGE:    1516913
cpu10->cpu10_L2C WRITE        ACCESS:    1773718 HIT:    1718037 MISS:      55681 MSHR_MERGE:          0
cpu10->cpu10_L2C TRANSLATION  ACCESS:      68020 HIT:      13543 MISS:      54477 MSHR_MERGE:          0
cpu10->cpu10_L2C PREFETCH REQUESTED:   19265702 ISSUED:   19265676 USEFUL:     429987 USELESS:     434930
cpu10->cpu10_L2C AVERAGE MISS LATENCY: 44.81 cycles
cpu10_L2C FLUSH STALL CYCLES: 2829
cpu10->cpu10_L1I TOTAL        ACCESS:   75753502 HIT:   75753501 MISS:          1 MSHR_MERGE:          0
cpu10->cpu10_L1I LOAD         ACCESS:   39178020 HIT:   39178020 MISS:          0 MSHR_MERGE:          0
cpu10->cpu10_L1I RFO          ACCESS:          0 HIT:          0 MISS:          0 MSHR_MERGE:          0
cpu10->cpu10_L1I PREFETCH     ACCESS:   36575482 HIT:   36575481 MISS:          1 MSHR_MERGE:          0
cpu10->cpu10_L1I WRITE        ACCESS:          0 HIT:          0 MISS:          0 MSHR_MERGE:          0
cpu10->cpu10_L1I TRANSLATION  ACCESS:          0 HIT:          0 MISS:          0 MSHR_MERGE:          0
cpu10->cpu10_L1I PREFETCH REQUESTED:   39178020 ISSUED:   36575450 USEFUL:          0 USELESS:          0
cpu10->cpu10_L1I AVERAGE MISS LATENCY: - cycles
cpu10->cpu10_L1D TOTAL        ACCESS:   64862338 HIT:   35818024 MISS:   29044314 MSHR_MERGE:    3413738
cpu10->cpu10_L1D LOAD         ACCESS:   39489713 HIT:   12686490 MISS:   26803223 MSHR_MERGE:    3010699
cpu10->cpu10_L1D RFO          ACCESS:          0 HIT:          0 MISS:          0 MSHR_MERGE:          0
cpu10->cpu10_L1D PREFETCH     ACCESS:     205943 HIT:      42494 MISS:     163449 MSHR_MERGE:      21648
cpu10->cpu10_L1D WRITE        ACCESS:   25098313 HIT:   23088830 MISS:    2009483 MSHR_MERGE:     381252
cpu10->cpu10_L1D TRANSLATION  ACCESS:      68369 HIT:        210 MISS:      68159 MSHR_MERGE:        139
cpu10->cpu10_L1D PREFETCH REQUESTED:     205943 ISSUED:     205943 USEFUL:        423 USELESS:      43692
cpu10->cpu10_L1D AVERAGE MISS LATENCY: 23.54 cycles
cpu10->cpu10_ITLB TOTAL        ACCESS:   52924411 HIT:   52924410 MISS:          1 MSHR_MERGE:          0
cpu10->cpu10_ITLB LOAD         ACCESS:   52924411 HIT:   52924410 MISS:          1 MSHR_MERGE:          0
cpu10->cpu10_ITLB RFO          ACCESS:          0 HIT:          0 MISS:          0 MSHR_MERGE:          0
cpu10->cpu10_ITLB PREFETCH     ACCESS:          0 HIT:          0 MISS:          0 MSHR_MERGE:          0
cpu10->cpu10_ITLB WRITE        ACCESS:          0 HIT:          0 MISS:          0 MSHR_MERGE:          0
cpu10->cpu10_ITLB TRANSLATION  ACCESS:          0 HIT:          0 MISS:          0 MSHR_MERGE:          0
cpu10->cpu10_ITLB PREFETCH REQUESTED:          0 ISSUED:          0 USEFUL:          0 USELESS:          0
cpu10->cpu10_ITLB AVERAGE MISS LATENCY: 707 cycles
cpu10->cpu10_DTLB TOTAL        ACCESS:   60275774 HIT:   38275631 MISS:   22000143 MSHR_MERGE:    5435739
cpu10->cpu10_DTLB LOAD         ACCESS:   60275774 HIT:   38275631 MISS:   22000143 MSHR_MERGE:    5435739
cpu10->cpu10_DTLB RFO          ACCESS:          0 HIT:          0 MISS:          0 MSHR_MERGE:          0
cpu10->cpu10_DTLB PREFETCH     ACCESS:          0 HIT:          0 MISS:          0 MSHR_MERGE:          0
cpu10->cpu10_DTLB WRITE        ACCESS:          0 HIT:          0 MISS:          0 MSHR_MERGE:          0
cpu10->cpu10_DTLB TRANSLATION  ACCESS:          0 HIT:          0 MISS:          0 MSHR_MERGE:          0
cpu10->cpu10_DTLB PREFETCH REQUESTED:          0 ISSUED:          0 USEFUL:          0 USELESS:          0
cpu10->cpu10_DTLB AVERAGE MISS LATENCY: 6.039 cycles
cpu0->cpu0_STLB TOTAL        ACCESS:     109400 HIT:     108340 MISS:       1060 MSHR_MERGE:          0
cpu0->cpu0_STLB LOAD         ACCESS:     109400 HIT:     108340 MISS:       1060 MSHR_MERGE:          0
cpu0->cpu0_STLB RFO          ACCESS:          0 HIT:          0 MISS:          0 MSHR_MERGE:          0
cpu0->cpu0_STLB PREFETCH     ACCESS:          0 HIT:          0 MISS:          0 MSHR_MERGE:          0
cpu0->cpu0_STLB WRITE        ACCESS:          0 HIT:          0 MISS:          0 MSHR_MERGE:          0
cpu0->cpu0_STLB TRANSLATION  ACCESS:          0 HIT:          0 MISS:          0 MSHR_MERGE:          0
cpu0->cpu0_STLB PREFETCH REQUESTED:          0 ISSUED:          0 USEFUL:          0 USELESS:          0
cpu0->cpu0_STLB AVERAGE MISS LATENCY: 716.8 cycles
cpu0->cpu0_L2C TOTAL        ACCESS:    1558523 HIT:    1241198 MISS:     317325 MSHR_MERGE:      15188
cpu0->cpu0_L2C LOAD         ACCESS:     481238 HIT:     460679 MISS:      20559 MSHR_MERGE:        583
cpu0->cpu0_L2C RFO          ACCESS:      83050 HIT:      50722 MISS:      32328 MSHR_MERGE:         11
cpu0->cpu0_L2C PREFETCH     ACCESS:     850491 HIT:     598515 MISS:     251976 MSHR_MERGE:      14594
cpu0->cpu0_L2C WRITE        ACCESS:     142146 HIT:     131274 MISS:      10872 MSHR_MERGE:          0
cpu0->cpu0_L2C TRANSLATION  ACCESS:       1598 HIT:          8 MISS:       1590 MSHR_MERGE:          0
cpu0->cpu0_L2C PREFETCH REQUESTED:     712704 ISSUED:     712179 USEFUL:      14255 USELESS:        456
cpu0->cpu0_L2C AVERAGE MISS LATENCY: 134.7 cycles
cpu0_L2C FLUSH STALL CYCLES: 12255
cpu0->cpu0_L1I TOTAL        ACCESS:   69493281 HIT:   69421321 MISS:      71960 MSHR_MERGE:      39195
cpu0->cpu0_L1I LOAD         ACCESS:   34975902 HIT:   34940863 MISS:      35039 MSHR_MERGE:      16827
cpu0->cpu0_L1I RFO          ACCESS:          0 HIT:          0 MISS:          0 MSHR_MERGE:          0
cpu0->cpu0_L1I PREFETCH     ACCESS:   34517379 HIT:   34480458 MISS:      36921 MSHR_MERGE:      22368
cpu0->cpu0_L1I WRITE        ACCESS:          0 HIT:          0 MISS:          0 MSHR_MERGE:          0
cpu0->cpu0_L1I TRANSLATION  ACCESS:          0 HIT:          0 MISS:          0 MSHR_MERGE:          0
cpu0->cpu0_L1I PREFETCH REQUESTED:   34975910 ISSUED:   34517347 USEFUL:       8247 USELESS:       6289
cpu0->cpu0_L1I AVERAGE MISS LATENCY: 14.8 cycles
cpu0->cpu0_L1D TOTAL        ACCESS:   81344417 HIT:   80257865 MISS:    1086552 MSHR_MERGE:     415096
cpu0->cpu0_L1D LOAD         ACCESS:   47557226 HIT:   47041900 MISS:     515326 MSHR_MERGE:      52292
cpu0->cpu0_L1D RFO          ACCESS:          0 HIT:          0 MISS:          0 MSHR_MERGE:          0
cpu0->cpu0_L1D PREFETCH     ACCESS:    2949689 HIT:    2756467 MISS:     193222 MSHR_MERGE:      69448
cpu0->cpu0_L1D WRITE        ACCESS:   30835380 HIT:   30458977 MISS:     376403 MSHR_MERGE:     293353
cpu0->cpu0_L1D TRANSLATION  ACCESS:       2122 HIT:        521 MISS:       1601 MSHR_MERGE:          3
cpu0->cpu0_L1D PREFETCH REQUESTED:    2956268 ISSUED:    2949689 USEFUL:      94887 USELESS:      27782
cpu0->cpu0_L1D AVERAGE MISS LATENCY: 25.52 cycles
cpu0_L1D FLUSH STALL CYCLES: 124
cpu0->cpu0_ITLB TOTAL        ACCESS:   54926951 HIT:   54926873 MISS:         78 MSHR_MERGE:         30
cpu0->cpu0_ITLB LOAD         ACCESS:   54926951 HIT:   54926873 MISS:         78 MSHR_MERGE:         30
cpu0->cpu0_ITLB RFO          ACCESS:          0 HIT:          0 MISS:          0 MSHR_MERGE:          0
cpu0->cpu0_ITLB PREFETCH     ACCESS:          0 HIT:          0 MISS:          0 MSHR_MERGE:          0
cpu0->cpu0_ITLB WRITE        ACCESS:          0 HIT:          0 MISS:          0 MSHR_MERGE:          0
cpu0->cpu0_ITLB TRANSLATION  ACCESS:          0 HIT:          0 MISS:          0 MSHR_MERGE:          0
cpu0->cpu0_ITLB PREFETCH REQUESTED:          0 ISSUED:          0 USEFUL:          0 USELESS:          0
cpu0->cpu0_ITLB AVERAGE MISS LATENCY: 672.5 cycles
cpu0->cpu0_DTLB TOTAL        ACCESS:   73306226 HIT:   73178029 MISS:     128197 MSHR_MERGE:      18845
cpu0->cpu0_DTLB LOAD         ACCESS:   73306226 HIT:   73178029 MISS:     128197 MSHR_MERGE:      18845
cpu0->cpu0_DTLB RFO          ACCESS:          0 HIT:          0 MISS:          0 MSHR_MERGE:          0
cpu0->cpu0_DTLB PREFETCH     ACCESS:          0 HIT:          0 MISS:          0 MSHR_MERGE:          0
cpu0->cpu0_DTLB WRITE        ACCESS:          0 HIT:          0 MISS:          0 MSHR_MERGE:          0
cpu0->cpu0_DTLB TRANSLATION  ACCESS:          0 HIT:          0 MISS:          0 MSHR_MERGE:          0
cpu0->cpu0_DTLB PREFETCH REQUESTED:          0 ISSUED:          0 USEFUL:          0 USELESS:          0
cpu0->cpu0_DTLB AVERAGE MISS LATENCY: 11.66 cycles
cpu0->LLC TOTAL        ACCESS:     404696 HIT:     143010 MISS:     261686 MSHR_MERGE:      37728
cpu0->LLC LOAD         ACCESS:      19976 HIT:      11837 MISS:       8139 MSHR_MERGE:        732
cpu0->LLC RFO          ACCESS:      32317 HIT:        542 MISS:      31775 MSHR_MERGE:         20
cpu0->LLC PREFETCH     ACCESS:     174697 HIT:     103549 MISS:      71148 MSHR_MERGE:      36976
cpu0->LLC WRITE        ACCESS:     176116 HIT:      27078 MISS:     149038 MSHR_MERGE:          0
cpu0->LLC TRANSLATION  ACCESS:       1590 HIT:          4 MISS:       1586 MSHR_MERGE:          0
cpu0->LLC PREFETCH REQUESTED:          0 ISSUED:          0 USEFUL:          0 USELESS:          0
cpu0->LLC AVERAGE MISS LATENCY: 3300 cycles
cpu1->LLC TOTAL        ACCESS:    1077441 HIT:     600381 MISS:     477060 MSHR_MERGE:      91640
cpu1->LLC LOAD         ACCESS:     176531 HIT:      91930 MISS:      84601 MSHR_MERGE:      18920
cpu1->LLC RFO          ACCESS:      78409 HIT:       1711 MISS:      76698 MSHR_MERGE:         39
cpu1->LLC PREFETCH     ACCESS:     747142 HIT:     492822 MISS:     254320 MSHR_MERGE:      72681
cpu1->LLC WRITE        ACCESS:      67193 HIT:      13850 MISS:      53343 MSHR_MERGE:          0
cpu1->LLC TRANSLATION  ACCESS:       8166 HIT:         68 MISS:       8098 MSHR_MERGE:          0
cpu1->LLC PREFETCH REQUESTED:          0 ISSUED:          0 USEFUL:          0 USELESS:          0
cpu1->LLC AVERAGE MISS LATENCY: 2823 cycles
cpu2->LLC TOTAL        ACCESS:      28773 HIT:      15004 MISS:      13769 MSHR_MERGE:       1535
cpu2->LLC LOAD         ACCESS:       1062 HIT:         38 MISS:       1024 MSHR_MERGE:          6
cpu2->LLC RFO          ACCESS:        556 HIT:         87 MISS:        469 MSHR_MERGE:          2
cpu2->LLC PREFETCH     ACCESS:      26647 HIT:      14879 MISS:      11768 MSHR_MERGE:       1527
cpu2->LLC WRITE        ACCESS:         41 HIT:          0 MISS:         41 MSHR_MERGE:          0
cpu2->LLC TRANSLATION  ACCESS:        467 HIT:          0 MISS:        467 MSHR_MERGE:          0
cpu2->LLC PREFETCH REQUESTED:          0 ISSUED:          0 USEFUL:          0 USELESS:          0
cpu2->LLC AVERAGE MISS LATENCY: 3.143e+05 cycles
cpu3->LLC TOTAL        ACCESS:    4490620 HIT:    2653399 MISS:    1837221 MSHR_MERGE:     935223
cpu3->LLC LOAD         ACCESS:     144414 HIT:     117266 MISS:      27148 MSHR_MERGE:       6263
cpu3->LLC RFO          ACCESS:     291056 HIT:      37543 MISS:     253513 MSHR_MERGE:          0
cpu3->LLC PREFETCH     ACCESS:    3749943 HIT:    2394274 MISS:    1355669 MSHR_MERGE:     928960
cpu3->LLC WRITE        ACCESS:     287729 HIT:     104315 MISS:     183414 MSHR_MERGE:          0
cpu3->LLC TRANSLATION  ACCESS:      17478 HIT:          1 MISS:      17477 MSHR_MERGE:          0
cpu3->LLC PREFETCH REQUESTED:          0 ISSUED:          0 USEFUL:          0 USELESS:          0
cpu3->LLC AVERAGE MISS LATENCY: 1306 cycles
cpu4->LLC TOTAL        ACCESS:     288042 HIT:      30141 MISS:     257901 MSHR_MERGE:        917
cpu4->LLC LOAD         ACCESS:      69796 HIT:       3174 MISS:      66622 MSHR_MERGE:        279
cpu4->LLC RFO          ACCESS:       1318 HIT:        359 MISS:        959 MSHR_MERGE:         22
cpu4->LLC PREFETCH     ACCESS:      72242 HIT:      23746 MISS:      48496 MSHR_MERGE:        616
cpu4->LLC WRITE        ACCESS:      43401 HIT:       1993 MISS:      41408 MSHR_MERGE:          0
cpu4->LLC TRANSLATION  ACCESS:     101285 HIT:        869 MISS:     100416 MSHR_MERGE:          0
cpu4->LLC PREFETCH REQUESTED:          0 ISSUED:          0 USEFUL:          0 USELESS:          0
cpu4->LLC AVERAGE MISS LATENCY: 3003 cycles
cpu5->LLC TOTAL        ACCESS:    2733130 HIT:    2129596 MISS:     603534 MSHR_MERGE:       5365
cpu5->LLC LOAD         ACCESS:      66272 HIT:      36698 MISS:      29574 MSHR_MERGE:        509
cpu5->LLC RFO          ACCESS:     230110 HIT:      22748 MISS:     207362 MSHR_MERGE:       2181
cpu5->LLC PREFETCH     ACCESS:    2157195 HIT:    2027587 MISS:     129608 MSHR_MERGE:       2675
cpu5->LLC WRITE        ACCESS:     269578 HIT:      42420 MISS:     227158 MSHR_MERGE:          0
cpu5->LLC TRANSLATION  ACCESS:       9975 HIT:        143 MISS:       9832 MSHR_MERGE:          0
cpu5->LLC PREFETCH REQUESTED:          0 ISSUED:          0 USEFUL:          0 USELESS:          0
cpu5->LLC AVERAGE MISS LATENCY: 1327 cycles
cpu6->LLC TOTAL        ACCESS:    1684310 HIT:    1492504 MISS:     191806 MSHR_MERGE:      17518
cpu6->LLC LOAD         ACCESS:       4424 HIT:       1692 MISS:       2732 MSHR_MERGE:          9
cpu6->LLC RFO          ACCESS:          0 HIT:          0 MISS:          0 MSHR_MERGE:          0
cpu6->LLC PREFETCH     ACCESS:    1676880 HIT:    1490812 MISS:     186068 MSHR_MERGE:      17509
cpu6->LLC WRITE        ACCESS:          0 HIT:          0 MISS:          0 MSHR_MERGE:          0
cpu6->LLC TRANSLATION  ACCESS:       3006 HIT:          0 MISS:       3006 MSHR_MERGE:          0
cpu6->LLC PREFETCH REQUESTED:          0 ISSUED:          0 USEFUL:          0 USELESS:          0
cpu6->LLC AVERAGE MISS LATENCY: 1.096e+05 cycles
cpu7->LLC TOTAL        ACCESS:      22608 HIT:      10102 MISS:      12506 MSHR_MERGE:        129
cpu7->LLC LOAD         ACCESS:       2158 HIT:         29 MISS:       2129 MSHR_MERGE:          1
cpu7->LLC RFO          ACCESS:        111 HIT:         15 MISS:         96 MSHR_MERGE:          1
cpu7->LLC PREFETCH     ACCESS:      17997 HIT:      10007 MISS:       7990 MSHR_MERGE:        127
cpu7->LLC WRITE        ACCESS:       1625 HIT:         51 MISS:       1574 MSHR_MERGE:          0
cpu7->LLC TRANSLATION  ACCESS:        717 HIT:          0 MISS:        717 MSHR_MERGE:          0
cpu7->LLC PREFETCH REQUESTED:          0 ISSUED:          0 USEFUL:          0 USELESS:          0
cpu7->LLC AVERAGE MISS LATENCY: 1.392e+05 cycles
cpu8->LLC TOTAL        ACCESS:     115663 HIT:       4859 MISS:     110804 MSHR_MERGE:        229
cpu8->LLC LOAD         ACCESS:        420 HIT:        124 MISS:        296 MSHR_MERGE:          1
cpu8->LLC RFO          ACCESS:      52578 HIT:         42 MISS:      52536 MSHR_MERGE:          0
cpu8->LLC PREFETCH     ACCESS:       9169 HIT:       3112 MISS:       6057 MSHR_MERGE:        228
cpu8->LLC WRITE        ACCESS:      52443 HIT:       1573 MISS:      50870 MSHR_MERGE:          0
cpu8->LLC TRANSLATION  ACCESS:       1053 HIT:          8 MISS:       1045 MSHR_MERGE:          0
cpu8->LLC PREFETCH REQUESTED:          0 ISSUED:          0 USEFUL:          0 USELESS:          0
cpu8->LLC AVERAGE MISS LATENCY: 6004 cycles
cpu9->LLC TOTAL        ACCESS:     762421 HIT:     321844 MISS:     440577 MSHR_MERGE:      10102
cpu9->LLC LOAD         ACCESS:     247260 HIT:      76610 MISS:     170650 MSHR_MERGE:       6452
cpu9->LLC RFO          ACCESS:      12555 HIT:       1945 MISS:      10610 MSHR_MERGE:        105
cpu9->LLC PREFETCH     ACCESS:     421553 HIT:     236071 MISS:     185482 MSHR_MERGE:       3545
cpu9->LLC WRITE        ACCESS:      35454 HIT:       6730 MISS:      28724 MSHR_MERGE:          0
cpu9->LLC TRANSLATION  ACCESS:      45599 HIT:        488 MISS:      45111 MSHR_MERGE:          0
cpu9->LLC PREFETCH REQUESTED:          0 ISSUED:          0 USEFUL:          0 USELESS:          0
cpu9->LLC AVERAGE MISS LATENCY: 2465 cycles
cpu10->LLC TOTAL        ACCESS:   12643378 HIT:   10094243 MISS:    2549135 MSHR_MERGE:      21905
cpu10->LLC LOAD         ACCESS:    7125349 HIT:    6390487 MISS:     734862 MSHR_MERGE:      13554
cpu10->LLC RFO          ACCESS:     203327 HIT:     201650 MISS:       1677 MSHR_MERGE:          0
cpu10->LLC PREFETCH     ACCESS:    5012169 HIT:    3269630 MISS:    1742539 MSHR_MERGE:       8351
cpu10->LLC WRITE        ACCESS:     248056 HIT:     220186 MISS:      27870 MSHR_MERGE:          0
cpu10->LLC TRANSLATION  ACCESS:      54477 HIT:      12290 MISS:      42187 MSHR_MERGE:          0
cpu10->LLC PREFETCH REQUESTED:          0 ISSUED:          0 USEFUL:          0 USELESS:          0
cpu10->LLC AVERAGE MISS LATENCY: 779.6 cycles
cpu11->LLC TOTAL        ACCESS:     317137 HIT:     261803 MISS:      55334 MSHR_MERGE:        834
cpu11->LLC LOAD         ACCESS:      27344 HIT:      24124 MISS:       3220 MSHR_MERGE:          6
cpu11->LLC RFO          ACCESS:         31 HIT:          1 MISS:         30 MSHR_MERGE:          0
cpu11->LLC PREFETCH     ACCESS:     286663 HIT:     237658 MISS:      49005 MSHR_MERGE:        828
cpu11->LLC WRITE        ACCESS:        647 HIT:          6 MISS:        641 MSHR_MERGE:          0
cpu11->LLC TRANSLATION  ACCESS:       2452 HIT:         14 MISS:       2438 MSHR_MERGE:          0
cpu11->LLC PREFETCH REQUESTED:          0 ISSUED:          0 USEFUL:          0 USELESS:          0
cpu11->LLC AVERAGE MISS LATENCY: 9.936e+04 cycles
cpu12->LLC TOTAL        ACCESS:       5426 HIT:       2557 MISS:       2869 MSHR_MERGE:       1006
cpu12->LLC LOAD         ACCESS:        526 HIT:        159 MISS:        367 MSHR_MERGE:         63
cpu12->LLC RFO          ACCESS:         60 HIT:          0 MISS:         60 MSHR_MERGE:          0
cpu12->LLC PREFETCH     ACCESS:       4779 HIT:       2398 MISS:       2381 MSHR_MERGE:        943
cpu12->LLC WRITE        ACCESS:          0 HIT:          0 MISS:          0 MSHR_MERGE:          0
cpu12->LLC TRANSLATION  ACCESS:         61 HIT:          0 MISS:         61 MSHR_MERGE:          0
cpu12->LLC PREFETCH REQUESTED:          0 ISSUED:          0 USEFUL:          0 USELESS:          0
cpu12->LLC AVERAGE MISS LATENCY: 1.289e+06 cycles
cpu13->LLC TOTAL        ACCESS:    4760349 HIT:    4708636 MISS:      51713 MSHR_MERGE:       9308
cpu13->LLC LOAD         ACCESS:       1430 HIT:        885 MISS:        545 MSHR_MERGE:          9
cpu13->LLC RFO          ACCESS:        216 HIT:          0 MISS:        216 MSHR_MERGE:          0
cpu13->LLC PREFETCH     ACCESS:    4757876 HIT:    4707751 MISS:      50125 MSHR_MERGE:       9299
cpu13->LLC WRITE        ACCESS:         38 HIT:          0 MISS:         38 MSHR_MERGE:          0
cpu13->LLC TRANSLATION  ACCESS:        789 HIT:          0 MISS:        789 MSHR_MERGE:          0
cpu13->LLC PREFETCH REQUESTED:          0 ISSUED:          0 USEFUL:          0 USELESS:          0
cpu13->LLC AVERAGE MISS LATENCY: 3.96e+05 cycles
cpu14->LLC TOTAL        ACCESS:     216187 HIT:      29765 MISS:     186422 MSHR_MERGE:        258
cpu14->LLC LOAD         ACCESS:        699 HIT:        280 MISS:        419 MSHR_MERGE:          6
cpu14->LLC RFO          ACCESS:      98388 HIT:         87 MISS:      98301 MSHR_MERGE:          0
cpu14->LLC PREFETCH     ACCESS:      16740 HIT:       6047 MISS:      10693 MSHR_MERGE:        252
cpu14->LLC WRITE        ACCESS:      98412 HIT:      23344 MISS:      75068 MSHR_MERGE:          0
cpu14->LLC TRANSLATION  ACCESS:       1948 HIT:          7 MISS:       1941 MSHR_MERGE:          0
cpu14->LLC PREFETCH REQUESTED:          0 ISSUED:          0 USEFUL:          0 USELESS:          0
cpu14->LLC AVERAGE MISS LATENCY: 3579 cycles
cpu15->LLC TOTAL        ACCESS:    8804667 HIT:    5526865 MISS:    3277802 MSHR_MERGE:    1658261
cpu15->LLC LOAD         ACCESS:     636705 HIT:     540565 MISS:      96140 MSHR_MERGE:      50936
cpu15->LLC RFO          ACCESS:     541595 HIT:      80323 MISS:     461272 MSHR_MERGE:          4
cpu15->LLC PREFETCH     ACCESS:    6845016 HIT:    4515169 MISS:    2329847 MSHR_MERGE:    1607321
cpu15->LLC WRITE        ACCESS:     749413 HIT:     386242 MISS:     363171 MSHR_MERGE:          0
cpu15->LLC TRANSLATION  ACCESS:      31938 HIT:       4566 MISS:      27372 MSHR_MERGE:          0
cpu15->LLC PREFETCH REQUESTED:          0 ISSUED:          0 USEFUL:          0 USELESS:          0
cpu15->LLC AVERAGE MISS LATENCY: 663.4 cycles

L1D MAX FLUSH STALL CYCLES: 584
L2C MAX FLUSH STALL CYCLES: 19615
LLC FLUSH STALL CYCLES: 0
TOTAL WRITEBACK FLUSH TIME: 20199 cycles

DRAM Statistics

Channel 0 RQ ROW_BUFFER_HIT:      32479
  ROW_BUFFER_MISS:    1552764
  AVG DBUS CONGESTED CYCLE: 15.38
Channel 0 WQ ROW_BUFFER_HIT:      59355
  ROW_BUFFER_MISS:     430184
  FULL:      50280
Channel 0 REFRESHES ISSUED:       6442

Channel 1 RQ ROW_BUFFER_HIT:      32474
  ROW_BUFFER_MISS:    1550262
  AVG DBUS CONGESTED CYCLE: 15.44
Channel 1 WQ ROW_BUFFER_HIT:      59600
  ROW_BUFFER_MISS:     429719
  FULL:     149066
Channel 1 REFRESHES ISSUED:       6442

Channel 2 RQ ROW_BUFFER_HIT:      30586
  ROW_BUFFER_MISS:    1552661
  AVG DBUS CONGESTED CYCLE: 15.18
Channel 2 WQ ROW_BUFFER_HIT:      59926
  ROW_BUFFER_MISS:     429487
  FULL:      27657
Channel 2 REFRESHES ISSUED:       6442

Channel 3 RQ ROW_BUFFER_HIT:      30345
  ROW_BUFFER_MISS:    1553696
  AVG DBUS CONGESTED CYCLE: 15.22
Channel 3 WQ ROW_BUFFER_HIT:      59895
  ROW_BUFFER_MISS:     429299
  FULL:      50328
Channel 3 REFRESHES ISSUED:       6442
