[VMEM] WARNING: physical memory size is smaller than virtual memory size.

*** ChampSim Multicore Out-of-Order Simulator ***
Warmup Instructions: 50000000
Simulation Instructions: 200000000
Number of CPUs: 16
Page size: 4096

Initialize SIGNATURE TABLE
ST_SET: 1
ST_WAY: 256
ST_TAG_BIT: 16

Initialize PATTERN TABLE
PT_SET: 512
PT_WAY: 4
SIG_DELTA_BIT: 7
C_SIG_BIT: 4
C_DELTA_BIT: 4

Initialize PREFETCH FILTER
FILTER_SET: 1024
Initialize SIGNATURE TABLE
ST_SET: 1
ST_WAY: 256
ST_TAG_BIT: 16

Initialize PATTERN TABLE
PT_SET: 512
PT_WAY: 4
SIG_DELTA_BIT: 7
C_SIG_BIT: 4
C_DELTA_BIT: 4

Initialize PREFETCH FILTER
FILTER_SET: 1024
Initialize SIGNATURE TABLE
ST_SET: 1
ST_WAY: 256
ST_TAG_BIT: 16

Initialize PATTERN TABLE
PT_SET: 512
PT_WAY: 4
SIG_DELTA_BIT: 7
C_SIG_BIT: 4
C_DELTA_BIT: 4

Initialize PREFETCH FILTER
FILTER_SET: 1024
Initialize SIGNATURE TABLE
ST_SET: 1
ST_WAY: 256
ST_TAG_BIT: 16

Initialize PATTERN TABLE
PT_SET: 512
PT_WAY: 4
SIG_DELTA_BIT: 7
C_SIG_BIT: 4
C_DELTA_BIT: 4

Initialize PREFETCH FILTER
FILTER_SET: 1024
Initialize SIGNATURE TABLE
ST_SET: 1
ST_WAY: 256
ST_TAG_BIT: 16

Initialize PATTERN TABLE
PT_SET: 512
PT_WAY: 4
SIG_DELTA_BIT: 7
C_SIG_BIT: 4
C_DELTA_BIT: 4

Initialize PREFETCH FILTER
FILTER_SET: 1024
Initialize SIGNATURE TABLE
ST_SET: 1
ST_WAY: 256
ST_TAG_BIT: 16

Initialize PATTERN TABLE
PT_SET: 512
PT_WAY: 4
SIG_DELTA_BIT: 7
C_SIG_BIT: 4
C_DELTA_BIT: 4

Initialize PREFETCH FILTER
FILTER_SET: 1024
Initialize SIGNATURE TABLE
ST_SET: 1
ST_WAY: 256
ST_TAG_BIT: 16

Initialize PATTERN TABLE
PT_SET: 512
PT_WAY: 4
SIG_DELTA_BIT: 7
C_SIG_BIT: 4
C_DELTA_BIT: 4

Initialize PREFETCH FILTER
FILTER_SET: 1024
Initialize SIGNATURE TABLE
ST_SET: 1
ST_WAY: 256
ST_TAG_BIT: 16

Initialize PATTERN TABLE
PT_SET: 512
PT_WAY: 4
SIG_DELTA_BIT: 7
C_SIG_BIT: 4
C_DELTA_BIT: 4

Initialize PREFETCH FILTER
FILTER_SET: 1024
Initialize SIGNATURE TABLE
ST_SET: 1
ST_WAY: 256
ST_TAG_BIT: 16

Initialize PATTERN TABLE
PT_SET: 512
PT_WAY: 4
SIG_DELTA_BIT: 7
C_SIG_BIT: 4
C_DELTA_BIT: 4

Initialize PREFETCH FILTER
FILTER_SET: 1024
Initialize SIGNATURE TABLE
ST_SET: 1
ST_WAY: 256
ST_TAG_BIT: 16

Initialize PATTERN TABLE
PT_SET: 512
PT_WAY: 4
SIG_DELTA_BIT: 7
C_SIG_BIT: 4
C_DELTA_BIT: 4

Initialize PREFETCH FILTER
FILTER_SET: 1024
Initialize SIGNATURE TABLE
ST_SET: 1
ST_WAY: 256
ST_TAG_BIT: 16

Initialize PATTERN TABLE
PT_SET: 512
PT_WAY: 4
SIG_DELTA_BIT: 7
C_SIG_BIT: 4
C_DELTA_BIT: 4

Initialize PREFETCH FILTER
FILTER_SET: 1024
Initialize SIGNATURE TABLE
ST_SET: 1
ST_WAY: 256
ST_TAG_BIT: 16

Initialize PATTERN TABLE
PT_SET: 512
PT_WAY: 4
SIG_DELTA_BIT: 7
C_SIG_BIT: 4
C_DELTA_BIT: 4

Initialize PREFETCH FILTER
FILTER_SET: 1024
Initialize SIGNATURE TABLE
ST_SET: 1
ST_WAY: 256
ST_TAG_BIT: 16

Initialize PATTERN TABLE
PT_SET: 512
PT_WAY: 4
SIG_DELTA_BIT: 7
C_SIG_BIT: 4
C_DELTA_BIT: 4

Initialize PREFETCH FILTER
FILTER_SET: 1024
Initialize SIGNATURE TABLE
ST_SET: 1
ST_WAY: 256
ST_TAG_BIT: 16

Initialize PATTERN TABLE
PT_SET: 512
PT_WAY: 4
SIG_DELTA_BIT: 7
C_SIG_BIT: 4
C_DELTA_BIT: 4

Initialize PREFETCH FILTER
FILTER_SET: 1024
Initialize SIGNATURE TABLE
ST_SET: 1
ST_WAY: 256
ST_TAG_BIT: 16

Initialize PATTERN TABLE
PT_SET: 512
PT_WAY: 4
SIG_DELTA_BIT: 7
C_SIG_BIT: 4
C_DELTA_BIT: 4

Initialize PREFETCH FILTER
FILTER_SET: 1024
Initialize SIGNATURE TABLE
ST_SET: 1
ST_WAY: 256
ST_TAG_BIT: 16

Initialize PATTERN TABLE
PT_SET: 512
PT_WAY: 4
SIG_DELTA_BIT: 7
C_SIG_BIT: 4
C_DELTA_BIT: 4

Initialize PREFETCH FILTER
FILTER_SET: 1024
Off-chip DRAM Size: 32 GiB Channels: 4 Width: 64-bit Data Rate: 3205 MT/s
Heartbeat CPU 0 instructions: 10000005 cycles: 2060079 heartbeat IPC: 4.854 cumulative IPC: 4.854 (Simulation time: 00 hr 09 min 26 sec)
Heartbeat CPU 8 instructions: 10000003 cycles: 2119373 heartbeat IPC: 4.718 cumulative IPC: 4.718 (Simulation time: 00 hr 09 min 42 sec)
Heartbeat CPU 15 instructions: 10000003 cycles: 2119386 heartbeat IPC: 4.718 cumulative IPC: 4.718 (Simulation time: 00 hr 09 min 42 sec)
Heartbeat CPU 12 instructions: 10000005 cycles: 2284833 heartbeat IPC: 4.377 cumulative IPC: 4.377 (Simulation time: 00 hr 10 min 28 sec)
Heartbeat CPU 14 instructions: 10000004 cycles: 2354801 heartbeat IPC: 4.247 cumulative IPC: 4.247 (Simulation time: 00 hr 10 min 48 sec)
Heartbeat CPU 9 instructions: 10000005 cycles: 2357911 heartbeat IPC: 4.241 cumulative IPC: 4.241 (Simulation time: 00 hr 10 min 49 sec)
Heartbeat CPU 2 instructions: 10000000 cycles: 2369838 heartbeat IPC: 4.22 cumulative IPC: 4.22 (Simulation time: 00 hr 10 min 52 sec)
Heartbeat CPU 5 instructions: 10000003 cycles: 2409745 heartbeat IPC: 4.15 cumulative IPC: 4.15 (Simulation time: 00 hr 11 min 03 sec)
Heartbeat CPU 11 instructions: 10000002 cycles: 2419870 heartbeat IPC: 4.132 cumulative IPC: 4.132 (Simulation time: 00 hr 11 min 06 sec)
Heartbeat CPU 6 instructions: 10000004 cycles: 2469019 heartbeat IPC: 4.05 cumulative IPC: 4.05 (Simulation time: 00 hr 11 min 20 sec)
Heartbeat CPU 7 instructions: 10000003 cycles: 2610627 heartbeat IPC: 3.83 cumulative IPC: 3.83 (Simulation time: 00 hr 12 min 00 sec)
Heartbeat CPU 1 instructions: 10000002 cycles: 2641552 heartbeat IPC: 3.786 cumulative IPC: 3.786 (Simulation time: 00 hr 12 min 09 sec)
Heartbeat CPU 3 instructions: 10000002 cycles: 2679266 heartbeat IPC: 3.732 cumulative IPC: 3.732 (Simulation time: 00 hr 12 min 19 sec)
Heartbeat CPU 10 instructions: 10000003 cycles: 2690766 heartbeat IPC: 3.716 cumulative IPC: 3.716 (Simulation time: 00 hr 12 min 23 sec)
Heartbeat CPU 4 instructions: 10000000 cycles: 2833174 heartbeat IPC: 3.53 cumulative IPC: 3.53 (Simulation time: 00 hr 13 min 03 sec)
Heartbeat CPU 13 instructions: 10000000 cycles: 3033059 heartbeat IPC: 3.297 cumulative IPC: 3.297 (Simulation time: 00 hr 13 min 59 sec)
Heartbeat CPU 0 instructions: 20000009 cycles: 4116859 heartbeat IPC: 4.862 cumulative IPC: 4.858 (Simulation time: 00 hr 19 min 08 sec)
Heartbeat CPU 8 instructions: 20000003 cycles: 4258998 heartbeat IPC: 4.674 cumulative IPC: 4.696 (Simulation time: 00 hr 19 min 48 sec)
Heartbeat CPU 15 instructions: 20000003 cycles: 4259013 heartbeat IPC: 4.674 cumulative IPC: 4.696 (Simulation time: 00 hr 19 min 48 sec)
Heartbeat CPU 12 instructions: 20000007 cycles: 4565709 heartbeat IPC: 4.384 cumulative IPC: 4.38 (Simulation time: 00 hr 21 min 16 sec)
Heartbeat CPU 9 instructions: 20000009 cycles: 4688858 heartbeat IPC: 4.29 cumulative IPC: 4.265 (Simulation time: 00 hr 21 min 51 sec)
Heartbeat CPU 14 instructions: 20000006 cycles: 4718206 heartbeat IPC: 4.231 cumulative IPC: 4.239 (Simulation time: 00 hr 21 min 59 sec)
Heartbeat CPU 2 instructions: 20000004 cycles: 4719833 heartbeat IPC: 4.255 cumulative IPC: 4.237 (Simulation time: 00 hr 22 min 00 sec)
Heartbeat CPU 5 instructions: 20000005 cycles: 4827243 heartbeat IPC: 4.137 cumulative IPC: 4.143 (Simulation time: 00 hr 22 min 30 sec)
Heartbeat CPU 11 instructions: 20000003 cycles: 4828344 heartbeat IPC: 4.152 cumulative IPC: 4.142 (Simulation time: 00 hr 22 min 31 sec)
Heartbeat CPU 6 instructions: 20000008 cycles: 4931370 heartbeat IPC: 4.061 cumulative IPC: 4.056 (Simulation time: 00 hr 23 min 00 sec)
Heartbeat CPU 7 instructions: 20000004 cycles: 5147470 heartbeat IPC: 3.942 cumulative IPC: 3.885 (Simulation time: 00 hr 24 min 01 sec)
Heartbeat CPU 1 instructions: 20000002 cycles: 5221128 heartbeat IPC: 3.877 cumulative IPC: 3.831 (Simulation time: 00 hr 24 min 22 sec)
Heartbeat CPU 3 instructions: 20000004 cycles: 5351392 heartbeat IPC: 3.742 cumulative IPC: 3.737 (Simulation time: 00 hr 25 min 00 sec)
Heartbeat CPU 10 instructions: 20000006 cycles: 5368082 heartbeat IPC: 3.735 cumulative IPC: 3.726 (Simulation time: 00 hr 25 min 05 sec)
Heartbeat CPU 13 instructions: 20000001 cycles: 5487583 heartbeat IPC: 4.074 cumulative IPC: 3.645 (Simulation time: 00 hr 25 min 39 sec)
Heartbeat CPU 4 instructions: 20000000 cycles: 5624615 heartbeat IPC: 3.582 cumulative IPC: 3.556 (Simulation time: 00 hr 26 min 19 sec)
Heartbeat CPU 0 instructions: 30000014 cycles: 6173977 heartbeat IPC: 4.861 cumulative IPC: 4.859 (Simulation time: 00 hr 28 min 59 sec)
Heartbeat CPU 8 instructions: 30000007 cycles: 6400149 heartbeat IPC: 4.67 cumulative IPC: 4.687 (Simulation time: 00 hr 30 min 04 sec)
Heartbeat CPU 15 instructions: 30000007 cycles: 6400183 heartbeat IPC: 4.67 cumulative IPC: 4.687 (Simulation time: 00 hr 30 min 04 sec)
Heartbeat CPU 12 instructions: 30000011 cycles: 6846758 heartbeat IPC: 4.384 cumulative IPC: 4.382 (Simulation time: 00 hr 32 min 14 sec)
Heartbeat CPU 9 instructions: 30000012 cycles: 7019596 heartbeat IPC: 4.29 cumulative IPC: 4.274 (Simulation time: 00 hr 33 min 04 sec)
Heartbeat CPU 2 instructions: 30000006 cycles: 7071559 heartbeat IPC: 4.252 cumulative IPC: 4.242 (Simulation time: 00 hr 33 min 19 sec)
Heartbeat CPU 14 instructions: 30000009 cycles: 7077734 heartbeat IPC: 4.238 cumulative IPC: 4.239 (Simulation time: 00 hr 33 min 21 sec)
Heartbeat CPU 11 instructions: 30000003 cycles: 7237235 heartbeat IPC: 4.151 cumulative IPC: 4.145 (Simulation time: 00 hr 34 min 07 sec)
Heartbeat CPU 5 instructions: 30000005 cycles: 7256946 heartbeat IPC: 4.116 cumulative IPC: 4.134 (Simulation time: 00 hr 34 min 13 sec)
Heartbeat CPU 6 instructions: 30000012 cycles: 7382357 heartbeat IPC: 4.08 cumulative IPC: 4.064 (Simulation time: 00 hr 34 min 49 sec)
Heartbeat CPU 7 instructions: 30000004 cycles: 7678188 heartbeat IPC: 3.951 cumulative IPC: 3.907 (Simulation time: 00 hr 36 min 15 sec)
Heartbeat CPU 1 instructions: 30000002 cycles: 7793552 heartbeat IPC: 3.887 cumulative IPC: 3.849 (Simulation time: 00 hr 36 min 49 sec)
Heartbeat CPU 13 instructions: 30000005 cycles: 8015568 heartbeat IPC: 3.956 cumulative IPC: 3.743 (Simulation time: 00 hr 37 min 53 sec)
Heartbeat CPU 3 instructions: 30000007 cycles: 8023520 heartbeat IPC: 3.742 cumulative IPC: 3.739 (Simulation time: 00 hr 37 min 55 sec)
Heartbeat CPU 10 instructions: 30000009 cycles: 8040377 heartbeat IPC: 3.742 cumulative IPC: 3.731 (Simulation time: 00 hr 38 min 00 sec)
Heartbeat CPU 0 instructions: 40000018 cycles: 8230757 heartbeat IPC: 4.862 cumulative IPC: 4.86 (Simulation time: 00 hr 38 min 55 sec)
Heartbeat CPU 4 instructions: 30000002 cycles: 8462213 heartbeat IPC: 3.524 cumulative IPC: 3.545 (Simulation time: 00 hr 40 min 03 sec)
Heartbeat CPU 8 instructions: 40000009 cycles: 8541336 heartbeat IPC: 4.67 cumulative IPC: 4.683 (Simulation time: 00 hr 40 min 26 sec)
Heartbeat CPU 15 instructions: 40000009 cycles: 8541356 heartbeat IPC: 4.67 cumulative IPC: 4.683 (Simulation time: 00 hr 40 min 26 sec)
Heartbeat CPU 12 instructions: 40000013 cycles: 9127589 heartbeat IPC: 4.384 cumulative IPC: 4.382 (Simulation time: 00 hr 43 min 15 sec)
Heartbeat CPU 9 instructions: 40000013 cycles: 9347856 heartbeat IPC: 4.295 cumulative IPC: 4.279 (Simulation time: 00 hr 44 min 18 sec)
Heartbeat CPU 2 instructions: 40000008 cycles: 9428363 heartbeat IPC: 4.243 cumulative IPC: 4.243 (Simulation time: 00 hr 44 min 41 sec)
Heartbeat CPU 14 instructions: 40000012 cycles: 9430618 heartbeat IPC: 4.25 cumulative IPC: 4.242 (Simulation time: 00 hr 44 min 42 sec)
Heartbeat CPU 11 instructions: 40000006 cycles: 9646837 heartbeat IPC: 4.15 cumulative IPC: 4.146 (Simulation time: 00 hr 45 min 44 sec)
Heartbeat CPU 5 instructions: 40000008 cycles: 9686135 heartbeat IPC: 4.117 cumulative IPC: 4.13 (Simulation time: 00 hr 45 min 56 sec)
Heartbeat CPU 6 instructions: 40000013 cycles: 9847117 heartbeat IPC: 4.057 cumulative IPC: 4.062 (Simulation time: 00 hr 46 min 42 sec)
Heartbeat CPU 7 instructions: 40000006 cycles: 10209766 heartbeat IPC: 3.95 cumulative IPC: 3.918 (Simulation time: 00 hr 48 min 28 sec)
Warmup finished CPU 0 instructions: 50000003 cycles: 10287868 cumulative IPC: 4.86 (Simulation time: 00 hr 48 min 50 sec)
Heartbeat CPU 0 instructions: 50000020 cycles: 10287871 heartbeat IPC: 4.861 cumulative IPC: 4.86 (Simulation time: 00 hr 48 min 50 sec)
Heartbeat CPU 1 instructions: 40000004 cycles: 10368124 heartbeat IPC: 3.884 cumulative IPC: 3.858 (Simulation time: 00 hr 49 min 14 sec)
Heartbeat CPU 13 instructions: 40000007 cycles: 10506704 heartbeat IPC: 4.014 cumulative IPC: 3.807 (Simulation time: 00 hr 49 min 54 sec)
Warmup finished CPU 8 instructions: 50000004 cycles: 10683431 cumulative IPC: 4.68 (Simulation time: 00 hr 50 min 44 sec)
Heartbeat CPU 8 instructions: 50000010 cycles: 10683432 heartbeat IPC: 4.668 cumulative IPC: 4.68 (Simulation time: 00 hr 50 min 44 sec)
Warmup finished CPU 15 instructions: 50000004 cycles: 10683463 cumulative IPC: 4.68 (Simulation time: 00 hr 50 min 44 sec)
Heartbeat CPU 15 instructions: 50000010 cycles: 10683464 heartbeat IPC: 4.668 cumulative IPC: 4.68 (Simulation time: 00 hr 50 min 44 sec)
Heartbeat CPU 3 instructions: 40000012 cycles: 10695647 heartbeat IPC: 3.742 cumulative IPC: 3.74 (Simulation time: 00 hr 50 min 48 sec)
Heartbeat CPU 10 instructions: 40000010 cycles: 10714947 heartbeat IPC: 3.739 cumulative IPC: 3.733 (Simulation time: 00 hr 50 min 54 sec)
Heartbeat CPU 4 instructions: 40000003 cycles: 11236906 heartbeat IPC: 3.604 cumulative IPC: 3.56 (Simulation time: 00 hr 53 min 27 sec)
Warmup finished CPU 12 instructions: 50000000 cycles: 11409098 cumulative IPC: 4.382 (Simulation time: 00 hr 54 min 17 sec)
Heartbeat CPU 12 instructions: 50000018 cycles: 11409101 heartbeat IPC: 4.383 cumulative IPC: 4.382 (Simulation time: 00 hr 54 min 17 sec)
Warmup finished CPU 9 instructions: 50000002 cycles: 11675928 cumulative IPC: 4.282 (Simulation time: 00 hr 55 min 37 sec)
Heartbeat CPU 9 instructions: 50000014 cycles: 11675930 heartbeat IPC: 4.295 cumulative IPC: 4.282 (Simulation time: 00 hr 55 min 37 sec)
Warmup finished CPU 2 instructions: 50000005 cycles: 11778144 cumulative IPC: 4.245 (Simulation time: 00 hr 56 min 07 sec)
Heartbeat CPU 2 instructions: 50000011 cycles: 11778145 heartbeat IPC: 4.256 cumulative IPC: 4.245 (Simulation time: 00 hr 56 min 07 sec)
Warmup finished CPU 11 instructions: 50000001 cycles: 12056698 cumulative IPC: 4.147 (Simulation time: 00 hr 57 min 30 sec)
Heartbeat CPU 11 instructions: 50000007 cycles: 12056701 heartbeat IPC: 4.15 cumulative IPC: 4.147 (Simulation time: 00 hr 57 min 30 sec)
Warmup finished CPU 5 instructions: 50000004 cycles: 12112401 cumulative IPC: 4.128 (Simulation time: 00 hr 57 min 46 sec)
Heartbeat CPU 5 instructions: 50000010 cycles: 12112402 heartbeat IPC: 4.122 cumulative IPC: 4.128 (Simulation time: 00 hr 57 min 46 sec)
Warmup finished CPU 6 instructions: 50000002 cycles: 12285481 cumulative IPC: 4.07 (Simulation time: 00 hr 58 min 38 sec)
Heartbeat CPU 6 instructions: 50000014 cycles: 12285483 heartbeat IPC: 4.101 cumulative IPC: 4.07 (Simulation time: 00 hr 58 min 38 sec)
Heartbeat CPU 0 instructions: 60000022 cycles: 12344668 heartbeat IPC: 4.862 cumulative IPC: 4.86 (Simulation time: 00 hr 58 min 55 sec)
Warmup finished CPU 14 instructions: 50000004 cycles: 12736717 cumulative IPC: 3.926 (Simulation time: 01 hr 00 min 52 sec)
Heartbeat CPU 14 instructions: 50000016 cycles: 12736719 heartbeat IPC: 3.025 cumulative IPC: 3.926 (Simulation time: 01 hr 00 min 52 sec)
Warmup finished CPU 7 instructions: 50000002 cycles: 12739369 cumulative IPC: 3.925 (Simulation time: 01 hr 00 min 53 sec)
Heartbeat CPU 7 instructions: 50000008 cycles: 12739370 heartbeat IPC: 3.953 cumulative IPC: 3.925 (Simulation time: 01 hr 00 min 53 sec)
Heartbeat CPU 15 instructions: 60000013 cycles: 12825420 heartbeat IPC: 4.669 cumulative IPC: 4.678 (Simulation time: 01 hr 01 min 19 sec)
Heartbeat CPU 8 instructions: 60000013 cycles: 12825442 heartbeat IPC: 4.669 cumulative IPC: 4.678 (Simulation time: 01 hr 01 min 19 sec)
Warmup finished CPU 13 instructions: 50000003 cycles: 12915151 cumulative IPC: 3.871 (Simulation time: 01 hr 01 min 45 sec)
Heartbeat CPU 13 instructions: 50000009 cycles: 12915152 heartbeat IPC: 4.152 cumulative IPC: 3.871 (Simulation time: 01 hr 01 min 45 sec)
Warmup finished CPU 1 instructions: 50000001 cycles: 12947410 cumulative IPC: 3.862 (Simulation time: 01 hr 01 min 55 sec)
Heartbeat CPU 1 instructions: 50000007 cycles: 12947411 heartbeat IPC: 3.877 cumulative IPC: 3.862 (Simulation time: 01 hr 01 min 55 sec)
Warmup finished CPU 3 instructions: 50000000 cycles: 13367766 cumulative IPC: 3.74 (Simulation time: 01 hr 03 min 59 sec)
Heartbeat CPU 3 instructions: 50000012 cycles: 13367768 heartbeat IPC: 3.742 cumulative IPC: 3.74 (Simulation time: 01 hr 03 min 59 sec)
Warmup finished CPU 10 instructions: 50000005 cycles: 13389153 cumulative IPC: 3.734 (Simulation time: 01 hr 04 min 05 sec)
Heartbeat CPU 10 instructions: 50000011 cycles: 13389154 heartbeat IPC: 3.739 cumulative IPC: 3.734 (Simulation time: 01 hr 04 min 05 sec)
Heartbeat CPU 12 instructions: 60000023 cycles: 13690002 heartbeat IPC: 4.384 cumulative IPC: 4.383 (Simulation time: 01 hr 05 min 34 sec)
Heartbeat CPU 9 instructions: 60000019 cycles: 14002240 heartbeat IPC: 4.299 cumulative IPC: 4.285 (Simulation time: 01 hr 07 min 04 sec)
Heartbeat CPU 4 instructions: 50000003 cycles: 14028260 heartbeat IPC: 3.582 cumulative IPC: 3.564 (Simulation time: 01 hr 07 min 12 sec)
Warmup finished CPU 4 instructions: 50000003 cycles: 14028260 cumulative IPC: 3.564 (Simulation time: 01 hr 07 min 12 sec)
Warmup complete CPU 9 instructions: 60111577 cycles: 14028260 cumulative IPC: 4.285 (Simulation time: 01 hr 07 min 12 sec)
Warmup complete CPU 8 instructions: 65614922 cycles: 14028260 cumulative IPC: 4.677 (Simulation time: 01 hr 07 min 12 sec)
Warmup complete CPU 7 instructions: 55104159 cycles: 14028260 cumulative IPC: 3.928 (Simulation time: 01 hr 07 min 12 sec)
Warmup complete CPU 6 instructions: 57067041 cycles: 14028260 cumulative IPC: 4.068 (Simulation time: 01 hr 07 min 12 sec)
Warmup complete CPU 5 instructions: 57902881 cycles: 14028260 cumulative IPC: 4.128 (Simulation time: 01 hr 07 min 12 sec)
Warmup complete CPU 4 instructions: 50000003 cycles: 14028260 cumulative IPC: 3.564 (Simulation time: 01 hr 07 min 12 sec)
Warmup complete CPU 3 instructions: 52471794 cycles: 14028260 cumulative IPC: 3.74 (Simulation time: 01 hr 07 min 12 sec)
Warmup complete CPU 2 instructions: 59551356 cycles: 14028260 cumulative IPC: 4.245 (Simulation time: 01 hr 07 min 12 sec)
Warmup complete CPU 15 instructions: 65614945 cycles: 14028260 cumulative IPC: 4.677 (Simulation time: 01 hr 07 min 12 sec)
Warmup complete CPU 14 instructions: 53135376 cycles: 14028260 cumulative IPC: 3.788 (Simulation time: 01 hr 07 min 12 sec)
Warmup complete CPU 13 instructions: 54669486 cycles: 14028260 cumulative IPC: 3.897 (Simulation time: 01 hr 07 min 12 sec)
Warmup complete CPU 12 instructions: 61483080 cycles: 14028260 cumulative IPC: 4.383 (Simulation time: 01 hr 07 min 12 sec)
Warmup complete CPU 11 instructions: 58188036 cycles: 14028260 cumulative IPC: 4.148 (Simulation time: 01 hr 07 min 12 sec)
Warmup complete CPU 10 instructions: 52258208 cycles: 14028260 cumulative IPC: 3.725 (Simulation time: 01 hr 07 min 12 sec)
Warmup complete CPU 1 instructions: 54203393 cycles: 14028260 cumulative IPC: 3.864 (Simulation time: 01 hr 07 min 12 sec)
Warmup complete CPU 0 instructions: 68185956 cycles: 14028260 cumulative IPC: 4.861 (Simulation time: 01 hr 07 min 12 sec)
Heartbeat CPU 2 instructions: 60000013 cycles: 14249779 heartbeat IPC: 4.046 cumulative IPC: 2.025 (Simulation time: 01 hr 08 min 13 sec)
Heartbeat CPU 11 instructions: 60000007 cycles: 14510130 heartbeat IPC: 4.076 cumulative IPC: 3.76 (Simulation time: 01 hr 09 min 27 sec)
Heartbeat CPU 5 instructions: 60000010 cycles: 14649749 heartbeat IPC: 3.941 cumulative IPC: 3.374 (Simulation time: 01 hr 10 min 06 sec)
Heartbeat CPU 0 instructions: 70000022 cycles: 14707756 heartbeat IPC: 4.232 cumulative IPC: 2.67 (Simulation time: 01 hr 10 min 21 sec)
Heartbeat CPU 6 instructions: 60000017 cycles: 14980464 heartbeat IPC: 3.711 cumulative IPC: 3.08 (Simulation time: 01 hr 11 min 37 sec)
Heartbeat CPU 15 instructions: 70000016 cycles: 15094385 heartbeat IPC: 4.407 cumulative IPC: 4.113 (Simulation time: 01 hr 12 min 08 sec)
Heartbeat CPU 8 instructions: 70000014 cycles: 15105256 heartbeat IPC: 4.386 cumulative IPC: 4.072 (Simulation time: 01 hr 12 min 11 sec)
Heartbeat CPU 3 instructions: 60000012 cycles: 16633406 heartbeat IPC: 3.062 cumulative IPC: 2.89 (Simulation time: 01 hr 19 min 14 sec)
Heartbeat CPU 7 instructions: 60000008 cycles: 16847623 heartbeat IPC: 2.434 cumulative IPC: 1.737 (Simulation time: 01 hr 20 min 14 sec)
Heartbeat CPU 11 instructions: 70000009 cycles: 17162964 heartbeat IPC: 3.77 cumulative IPC: 3.768 (Simulation time: 01 hr 21 min 41 sec)
Heartbeat CPU 1 instructions: 60000007 cycles: 17271694 heartbeat IPC: 2.313 cumulative IPC: 1.787 (Simulation time: 01 hr 22 min 12 sec)
Heartbeat CPU 15 instructions: 80000021 cycles: 17479095 heartbeat IPC: 4.193 cumulative IPC: 4.169 (Simulation time: 01 hr 23 min 09 sec)
Heartbeat CPU 8 instructions: 80000014 cycles: 17495884 heartbeat IPC: 4.183 cumulative IPC: 4.148 (Simulation time: 01 hr 23 min 14 sec)
Heartbeat CPU 13 instructions: 60000012 cycles: 17601224 heartbeat IPC: 2.134 cumulative IPC: 1.492 (Simulation time: 01 hr 23 min 43 sec)
Heartbeat CPU 4 instructions: 60000006 cycles: 17731146 heartbeat IPC: 2.701 cumulative IPC: 2.701 (Simulation time: 01 hr 24 min 19 sec)
Heartbeat CPU 5 instructions: 70000015 cycles: 17746148 heartbeat IPC: 3.23 cumulative IPC: 3.254 (Simulation time: 01 hr 24 min 24 sec)
Heartbeat CPU 6 instructions: 70000017 cycles: 18025535 heartbeat IPC: 3.284 cumulative IPC: 3.235 (Simulation time: 01 hr 25 min 42 sec)
Heartbeat CPU 0 instructions: 80000023 cycles: 18452131 heartbeat IPC: 2.671 cumulative IPC: 2.671 (Simulation time: 01 hr 27 min 40 sec)
Heartbeat CPU 12 instructions: 70000026 cycles: 18733544 heartbeat IPC: 1.983 cumulative IPC: 1.81 (Simulation time: 01 hr 28 min 58 sec)
Heartbeat CPU 9 instructions: 70000019 cycles: 18838517 heartbeat IPC: 2.068 cumulative IPC: 2.056 (Simulation time: 01 hr 29 min 27 sec)
Heartbeat CPU 10 instructions: 60000015 cycles: 19238652 heartbeat IPC: 1.71 cumulative IPC: 1.486 (Simulation time: 01 hr 31 min 17 sec)
Heartbeat CPU 2 instructions: 70000013 cycles: 19380132 heartbeat IPC: 1.949 cumulative IPC: 1.952 (Simulation time: 01 hr 31 min 55 sec)
Heartbeat CPU 11 instructions: 80000010 cycles: 19816014 heartbeat IPC: 3.769 cumulative IPC: 3.769 (Simulation time: 01 hr 33 min 51 sec)
Heartbeat CPU 15 instructions: 90000023 cycles: 19856781 heartbeat IPC: 4.206 cumulative IPC: 4.184 (Simulation time: 01 hr 34 min 02 sec)
Heartbeat CPU 8 instructions: 90000017 cycles: 19886689 heartbeat IPC: 4.183 cumulative IPC: 4.162 (Simulation time: 01 hr 34 min 10 sec)
Heartbeat CPU 3 instructions: 70000017 cycles: 20093838 heartbeat IPC: 2.89 cumulative IPC: 2.89 (Simulation time: 01 hr 35 min 06 sec)
Heartbeat CPU 14 instructions: 60000017 cycles: 20454093 heartbeat IPC: 1.296 cumulative IPC: 1.068 (Simulation time: 01 hr 36 min 44 sec)
Heartbeat CPU 6 instructions: 80000020 cycles: 20996496 heartbeat IPC: 3.366 cumulative IPC: 3.291 (Simulation time: 01 hr 39 min 12 sec)
Heartbeat CPU 5 instructions: 80000015 cycles: 21090488 heartbeat IPC: 2.99 cumulative IPC: 3.129 (Simulation time: 01 hr 39 min 38 sec)
Heartbeat CPU 4 instructions: 70000006 cycles: 21577721 heartbeat IPC: 2.6 cumulative IPC: 2.649 (Simulation time: 01 hr 41 min 53 sec)
Heartbeat CPU 0 instructions: 90000024 cycles: 22195423 heartbeat IPC: 2.671 cumulative IPC: 2.671 (Simulation time: 01 hr 44 min 46 sec)
Heartbeat CPU 15 instructions: 100000023 cycles: 22254118 heartbeat IPC: 4.171 cumulative IPC: 4.18 (Simulation time: 01 hr 45 min 03 sec)
Heartbeat CPU 8 instructions: 100000017 cycles: 22271894 heartbeat IPC: 4.193 cumulative IPC: 4.171 (Simulation time: 01 hr 45 min 08 sec)
Heartbeat CPU 11 instructions: 90000010 cycles: 22467632 heartbeat IPC: 3.771 cumulative IPC: 3.769 (Simulation time: 01 hr 46 min 01 sec)
Heartbeat CPU 7 instructions: 70000008 cycles: 22548953 heartbeat IPC: 1.754 cumulative IPC: 1.748 (Simulation time: 01 hr 46 min 23 sec)
Heartbeat CPU 1 instructions: 70000009 cycles: 22814866 heartbeat IPC: 1.804 cumulative IPC: 1.798 (Simulation time: 01 hr 47 min 37 sec)
Heartbeat CPU 13 instructions: 70000013 cycles: 23461265 heartbeat IPC: 1.706 cumulative IPC: 1.625 (Simulation time: 01 hr 50 min 34 sec)
Heartbeat CPU 3 instructions: 80000017 cycles: 23554262 heartbeat IPC: 2.89 cumulative IPC: 2.89 (Simulation time: 01 hr 51 min 00 sec)
Heartbeat CPU 9 instructions: 80000021 cycles: 23734044 heartbeat IPC: 2.043 cumulative IPC: 2.049 (Simulation time: 01 hr 51 min 50 sec)
Heartbeat CPU 6 instructions: 90000022 cycles: 23944089 heartbeat IPC: 3.393 cumulative IPC: 3.321 (Simulation time: 01 hr 52 min 48 sec)
Heartbeat CPU 5 instructions: 90000019 cycles: 24079337 heartbeat IPC: 3.346 cumulative IPC: 3.193 (Simulation time: 01 hr 53 min 25 sec)
Heartbeat CPU 12 instructions: 80000026 cycles: 24300533 heartbeat IPC: 1.796 cumulative IPC: 1.803 (Simulation time: 01 hr 54 min 27 sec)
Heartbeat CPU 2 instructions: 80000016 cycles: 24544598 heartbeat IPC: 1.936 cumulative IPC: 1.944 (Simulation time: 01 hr 55 min 35 sec)
Heartbeat CPU 15 instructions: 110000024 cycles: 24639886 heartbeat IPC: 4.192 cumulative IPC: 4.183 (Simulation time: 01 hr 56 min 01 sec)
Heartbeat CPU 8 instructions: 110000017 cycles: 24664007 heartbeat IPC: 4.18 cumulative IPC: 4.173 (Simulation time: 01 hr 56 min 08 sec)
Heartbeat CPU 11 instructions: 100000012 cycles: 25117915 heartbeat IPC: 3.773 cumulative IPC: 3.77 (Simulation time: 01 hr 58 min 14 sec)
Heartbeat CPU 4 instructions: 80000006 cycles: 25396127 heartbeat IPC: 2.619 cumulative IPC: 2.639 (Simulation time: 01 hr 59 min 32 sec)
Heartbeat CPU 0 instructions: 100000024 cycles: 25938130 heartbeat IPC: 2.672 cumulative IPC: 2.671 (Simulation time: 02 hr 02 min 02 sec)
Heartbeat CPU 10 instructions: 70000018 cycles: 26252644 heartbeat IPC: 1.426 cumulative IPC: 1.451 (Simulation time: 02 hr 03 min 30 sec)
Heartbeat CPU 6 instructions: 100000023 cycles: 26927069 heartbeat IPC: 3.352 cumulative IPC: 3.328 (Simulation time: 02 hr 06 min 37 sec)
Heartbeat CPU 5 instructions: 100000019 cycles: 26966895 heartbeat IPC: 3.463 cumulative IPC: 3.254 (Simulation time: 02 hr 06 min 49 sec)
Heartbeat CPU 3 instructions: 90000019 cycles: 27022224 heartbeat IPC: 2.884 cumulative IPC: 2.888 (Simulation time: 02 hr 07 min 04 sec)
Heartbeat CPU 15 instructions: 120000029 cycles: 27024238 heartbeat IPC: 4.194 cumulative IPC: 4.185 (Simulation time: 02 hr 07 min 04 sec)
Heartbeat CPU 8 instructions: 120000017 cycles: 27051355 heartbeat IPC: 4.189 cumulative IPC: 4.176 (Simulation time: 02 hr 07 min 12 sec)
Heartbeat CPU 11 instructions: 110000013 cycles: 27770344 heartbeat IPC: 3.77 cumulative IPC: 3.77 (Simulation time: 02 hr 10 min 34 sec)
Heartbeat CPU 7 instructions: 80000010 cycles: 28276171 heartbeat IPC: 1.746 cumulative IPC: 1.747 (Simulation time: 02 hr 12 min 53 sec)
Heartbeat CPU 1 instructions: 80000011 cycles: 28346141 heartbeat IPC: 1.808 cumulative IPC: 1.802 (Simulation time: 02 hr 13 min 12 sec)
Heartbeat CPU 14 instructions: 70000017 cycles: 28600308 heartbeat IPC: 1.228 cumulative IPC: 1.157 (Simulation time: 02 hr 14 min 22 sec)
Heartbeat CPU 9 instructions: 90000026 cycles: 28695598 heartbeat IPC: 2.015 cumulative IPC: 2.038 (Simulation time: 02 hr 14 min 49 sec)
Heartbeat CPU 4 instructions: 90000007 cycles: 29092627 heartbeat IPC: 2.705 cumulative IPC: 2.655 (Simulation time: 02 hr 16 min 38 sec)
Heartbeat CPU 15 instructions: 130000030 cycles: 29409131 heartbeat IPC: 4.193 cumulative IPC: 4.186 (Simulation time: 02 hr 18 min 04 sec)
Heartbeat CPU 8 instructions: 130000018 cycles: 29439704 heartbeat IPC: 4.187 cumulative IPC: 4.178 (Simulation time: 02 hr 18 min 12 sec)
Heartbeat CPU 13 instructions: 80000016 cycles: 29580932 heartbeat IPC: 1.634 cumulative IPC: 1.629 (Simulation time: 02 hr 18 min 51 sec)
Heartbeat CPU 0 instructions: 110000024 cycles: 29682481 heartbeat IPC: 2.671 cumulative IPC: 2.671 (Simulation time: 02 hr 19 min 20 sec)
Heartbeat CPU 12 instructions: 90000030 cycles: 29825601 heartbeat IPC: 1.81 cumulative IPC: 1.805 (Simulation time: 02 hr 20 min 00 sec)
Heartbeat CPU 5 instructions: 110000021 cycles: 29838528 heartbeat IPC: 3.482 cumulative IPC: 3.295 (Simulation time: 02 hr 20 min 03 sec)
Heartbeat CPU 2 instructions: 90000016 cycles: 29847090 heartbeat IPC: 1.886 cumulative IPC: 1.925 (Simulation time: 02 hr 20 min 06 sec)
Heartbeat CPU 6 instructions: 110000027 cycles: 29868812 heartbeat IPC: 3.399 cumulative IPC: 3.342 (Simulation time: 02 hr 20 min 12 sec)
Heartbeat CPU 11 instructions: 120000015 cycles: 30423014 heartbeat IPC: 3.77 cumulative IPC: 3.77 (Simulation time: 02 hr 22 min 48 sec)
Heartbeat CPU 3 instructions: 100000023 cycles: 30500638 heartbeat IPC: 2.875 cumulative IPC: 2.885 (Simulation time: 02 hr 23 min 09 sec)
Heartbeat CPU 15 instructions: 140000031 cycles: 31801674 heartbeat IPC: 4.18 cumulative IPC: 4.185 (Simulation time: 02 hr 29 min 12 sec)
Heartbeat CPU 8 instructions: 140000019 cycles: 31836529 heartbeat IPC: 4.172 cumulative IPC: 4.177 (Simulation time: 02 hr 29 min 21 sec)
Heartbeat CPU 10 instructions: 80000018 cycles: 32481235 heartbeat IPC: 1.605 cumulative IPC: 1.503 (Simulation time: 02 hr 32 min 21 sec)
Heartbeat CPU 5 instructions: 120000024 cycles: 32686199 heartbeat IPC: 3.512 cumulative IPC: 3.328 (Simulation time: 02 hr 33 min 20 sec)
Heartbeat CPU 6 instructions: 120000027 cycles: 32891759 heartbeat IPC: 3.308 cumulative IPC: 3.336 (Simulation time: 02 hr 34 min 18 sec)
Heartbeat CPU 4 instructions: 100000007 cycles: 33031269 heartbeat IPC: 2.539 cumulative IPC: 2.631 (Simulation time: 02 hr 34 min 56 sec)
Heartbeat CPU 11 instructions: 130000016 cycles: 33072891 heartbeat IPC: 3.774 cumulative IPC: 3.771 (Simulation time: 02 hr 35 min 07 sec)
Heartbeat CPU 0 instructions: 120000024 cycles: 33425199 heartbeat IPC: 2.672 cumulative IPC: 2.671 (Simulation time: 02 hr 36 min 47 sec)
Heartbeat CPU 9 instructions: 100000031 cycles: 33829438 heartbeat IPC: 1.948 cumulative IPC: 2.014 (Simulation time: 02 hr 38 min 40 sec)
Heartbeat CPU 1 instructions: 90000015 cycles: 33934021 heartbeat IPC: 1.79 cumulative IPC: 1.798 (Simulation time: 02 hr 39 min 10 sec)
Heartbeat CPU 7 instructions: 90000012 cycles: 33944061 heartbeat IPC: 1.764 cumulative IPC: 1.752 (Simulation time: 02 hr 39 min 12 sec)
Heartbeat CPU 3 instructions: 110000023 cycles: 33962901 heartbeat IPC: 2.888 cumulative IPC: 2.886 (Simulation time: 02 hr 39 min 18 sec)
Heartbeat CPU 15 instructions: 150000033 cycles: 34196950 heartbeat IPC: 4.175 cumulative IPC: 4.184 (Simulation time: 02 hr 40 min 23 sec)
Heartbeat CPU 8 instructions: 150000021 cycles: 34238715 heartbeat IPC: 4.163 cumulative IPC: 4.175 (Simulation time: 02 hr 40 min 35 sec)
Heartbeat CPU 13 instructions: 90000019 cycles: 34561835 heartbeat IPC: 2.008 cumulative IPC: 1.721 (Simulation time: 02 hr 42 min 06 sec)
Heartbeat CPU 2 instructions: 100000017 cycles: 35042007 heartbeat IPC: 1.925 cumulative IPC: 1.925 (Simulation time: 02 hr 44 min 21 sec)
Heartbeat CPU 5 instructions: 130000027 cycles: 35372968 heartbeat IPC: 3.722 cumulative IPC: 3.378 (Simulation time: 02 hr 45 min 54 sec)
Heartbeat CPU 12 instructions: 100000035 cycles: 35383575 heartbeat IPC: 1.799 cumulative IPC: 1.804 (Simulation time: 02 hr 45 min 57 sec)
Heartbeat CPU 11 instructions: 140000017 cycles: 35726240 heartbeat IPC: 3.769 cumulative IPC: 3.77 (Simulation time: 02 hr 47 min 34 sec)
Heartbeat CPU 6 instructions: 130000027 cycles: 35867474 heartbeat IPC: 3.361 cumulative IPC: 3.34 (Simulation time: 02 hr 48 min 14 sec)
Heartbeat CPU 15 instructions: 160000033 cycles: 36604542 heartbeat IPC: 4.154 cumulative IPC: 4.181 (Simulation time: 02 hr 51 min 41 sec)
Heartbeat CPU 8 instructions: 160000021 cycles: 36642523 heartbeat IPC: 4.16 cumulative IPC: 4.174 (Simulation time: 02 hr 51 min 51 sec)
Heartbeat CPU 14 instructions: 80000019 cycles: 36708016 heartbeat IPC: 1.233 cumulative IPC: 1.185 (Simulation time: 02 hr 52 min 09 sec)
Heartbeat CPU 4 instructions: 110000009 cycles: 36897311 heartbeat IPC: 2.587 cumulative IPC: 2.624 (Simulation time: 02 hr 53 min 02 sec)
Heartbeat CPU 0 instructions: 130000027 cycles: 37169268 heartbeat IPC: 2.671 cumulative IPC: 2.671 (Simulation time: 02 hr 54 min 18 sec)
Heartbeat CPU 3 instructions: 120000024 cycles: 37423290 heartbeat IPC: 2.89 cumulative IPC: 2.886 (Simulation time: 02 hr 55 min 30 sec)
Heartbeat CPU 5 instructions: 140000032 cycles: 38160115 heartbeat IPC: 3.588 cumulative IPC: 3.402 (Simulation time: 02 hr 58 min 56 sec)
Heartbeat CPU 11 instructions: 150000021 cycles: 38380132 heartbeat IPC: 3.768 cumulative IPC: 3.77 (Simulation time: 02 hr 59 min 58 sec)
Heartbeat CPU 9 instructions: 110000033 cycles: 38775238 heartbeat IPC: 2.022 cumulative IPC: 2.016 (Simulation time: 03 hr 01 min 50 sec)
Heartbeat CPU 6 instructions: 140000030 cycles: 38809472 heartbeat IPC: 3.399 cumulative IPC: 3.347 (Simulation time: 03 hr 01 min 59 sec)
Heartbeat CPU 10 instructions: 90000018 cycles: 38864058 heartbeat IPC: 1.567 cumulative IPC: 1.52 (Simulation time: 03 hr 02 min 15 sec)
Heartbeat CPU 15 instructions: 170000034 cycles: 39015506 heartbeat IPC: 4.148 cumulative IPC: 4.178 (Simulation time: 03 hr 02 min 58 sec)
Heartbeat CPU 8 instructions: 170000024 cycles: 39045102 heartbeat IPC: 4.162 cumulative IPC: 4.173 (Simulation time: 03 hr 03 min 06 sec)
Heartbeat CPU 1 instructions: 100000018 cycles: 39444161 heartbeat IPC: 1.815 cumulative IPC: 1.802 (Simulation time: 03 hr 04 min 56 sec)
Heartbeat CPU 7 instructions: 100000013 cycles: 39621053 heartbeat IPC: 1.761 cumulative IPC: 1.754 (Simulation time: 03 hr 05 min 45 sec)
Heartbeat CPU 2 instructions: 110000019 cycles: 40250144 heartbeat IPC: 1.92 cumulative IPC: 1.924 (Simulation time: 03 hr 08 min 39 sec)
Heartbeat CPU 13 instructions: 100000023 cycles: 40604274 heartbeat IPC: 1.655 cumulative IPC: 1.706 (Simulation time: 03 hr 10 min 18 sec)
Heartbeat CPU 4 instructions: 120000009 cycles: 40761845 heartbeat IPC: 2.588 cumulative IPC: 2.618 (Simulation time: 03 hr 11 min 03 sec)
Heartbeat CPU 3 instructions: 130000026 cycles: 40886141 heartbeat IPC: 2.888 cumulative IPC: 2.887 (Simulation time: 03 hr 11 min 37 sec)
Heartbeat CPU 12 instructions: 110000035 cycles: 40908429 heartbeat IPC: 1.81 cumulative IPC: 1.805 (Simulation time: 03 hr 11 min 43 sec)
Heartbeat CPU 0 instructions: 140000029 cycles: 40912252 heartbeat IPC: 2.672 cumulative IPC: 2.671 (Simulation time: 03 hr 11 min 45 sec)
Heartbeat CPU 11 instructions: 160000025 cycles: 41035540 heartbeat IPC: 3.766 cumulative IPC: 3.77 (Simulation time: 03 hr 12 min 19 sec)
Heartbeat CPU 5 instructions: 150000032 cycles: 41170685 heartbeat IPC: 3.322 cumulative IPC: 3.393 (Simulation time: 03 hr 12 min 57 sec)
Heartbeat CPU 15 instructions: 180000034 cycles: 41425972 heartbeat IPC: 4.149 cumulative IPC: 4.175 (Simulation time: 03 hr 14 min 08 sec)
Heartbeat CPU 8 instructions: 180000028 cycles: 41452122 heartbeat IPC: 4.155 cumulative IPC: 4.171 (Simulation time: 03 hr 14 min 16 sec)
Heartbeat CPU 6 instructions: 150000032 cycles: 41873003 heartbeat IPC: 3.264 cumulative IPC: 3.338 (Simulation time: 03 hr 16 min 14 sec)
Heartbeat CPU 11 instructions: 170000027 cycles: 43686564 heartbeat IPC: 3.772 cumulative IPC: 3.77 (Simulation time: 03 hr 24 min 39 sec)
Heartbeat CPU 9 instructions: 120000038 cycles: 43718402 heartbeat IPC: 2.023 cumulative IPC: 2.017 (Simulation time: 03 hr 24 min 47 sec)
Heartbeat CPU 5 instructions: 160000036 cycles: 43820004 heartbeat IPC: 3.775 cumulative IPC: 3.427 (Simulation time: 03 hr 25 min 16 sec)
Heartbeat CPU 15 instructions: 190000036 cycles: 44057113 heartbeat IPC: 3.801 cumulative IPC: 4.142 (Simulation time: 03 hr 26 min 23 sec)
Heartbeat CPU 8 instructions: 190000030 cycles: 44090933 heartbeat IPC: 3.79 cumulative IPC: 4.138 (Simulation time: 03 hr 26 min 33 sec)
Heartbeat CPU 3 instructions: 140000026 cycles: 44346617 heartbeat IPC: 2.89 cumulative IPC: 2.887 (Simulation time: 03 hr 27 min 45 sec)
Heartbeat CPU 4 instructions: 130000012 cycles: 44578727 heartbeat IPC: 2.62 cumulative IPC: 2.619 (Simulation time: 03 hr 28 min 50 sec)
Heartbeat CPU 0 instructions: 150000029 cycles: 44656114 heartbeat IPC: 2.671 cumulative IPC: 2.671 (Simulation time: 03 hr 29 min 11 sec)
Heartbeat CPU 14 instructions: 90000023 cycles: 44807026 heartbeat IPC: 1.235 cumulative IPC: 1.198 (Simulation time: 03 hr 29 min 53 sec)
Heartbeat CPU 1 instructions: 110000021 cycles: 44871220 heartbeat IPC: 1.843 cumulative IPC: 1.809 (Simulation time: 03 hr 30 min 11 sec)
Heartbeat CPU 6 instructions: 160000032 cycles: 45194677 heartbeat IPC: 3.011 cumulative IPC: 3.303 (Simulation time: 03 hr 31 min 41 sec)
Heartbeat CPU 7 instructions: 110000013 cycles: 45231848 heartbeat IPC: 1.782 cumulative IPC: 1.759 (Simulation time: 03 hr 31 min 52 sec)
Heartbeat CPU 2 instructions: 120000020 cycles: 45528165 heartbeat IPC: 1.895 cumulative IPC: 1.919 (Simulation time: 03 hr 33 min 15 sec)
Heartbeat CPU 10 instructions: 100000018 cycles: 45683964 heartbeat IPC: 1.466 cumulative IPC: 1.508 (Simulation time: 03 hr 33 min 58 sec)
Heartbeat CPU 11 instructions: 180000028 cycles: 46341667 heartbeat IPC: 3.766 cumulative IPC: 3.77 (Simulation time: 03 hr 37 min 03 sec)
Heartbeat CPU 15 instructions: 200000038 cycles: 46446439 heartbeat IPC: 4.185 cumulative IPC: 4.145 (Simulation time: 03 hr 37 min 33 sec)
Heartbeat CPU 12 instructions: 120000040 cycles: 46465590 heartbeat IPC: 1.799 cumulative IPC: 1.804 (Simulation time: 03 hr 37 min 38 sec)
Heartbeat CPU 8 instructions: 200000032 cycles: 46488321 heartbeat IPC: 4.171 cumulative IPC: 4.14 (Simulation time: 03 hr 37 min 44 sec)
Heartbeat CPU 13 instructions: 110000027 cycles: 46493323 heartbeat IPC: 1.698 cumulative IPC: 1.704 (Simulation time: 03 hr 37 min 45 sec)
Heartbeat CPU 5 instructions: 170000037 cycles: 46554616 heartbeat IPC: 3.657 cumulative IPC: 3.446 (Simulation time: 03 hr 38 min 03 sec)
Heartbeat CPU 3 instructions: 150000026 cycles: 47807033 heartbeat IPC: 2.89 cumulative IPC: 2.887 (Simulation time: 03 hr 43 min 56 sec)
Heartbeat CPU 4 instructions: 140000014 cycles: 48373751 heartbeat IPC: 2.635 cumulative IPC: 2.62 (Simulation time: 03 hr 46 min 38 sec)
Heartbeat CPU 0 instructions: 160000029 cycles: 48400259 heartbeat IPC: 2.671 cumulative IPC: 2.671 (Simulation time: 03 hr 46 min 46 sec)
Heartbeat CPU 6 instructions: 170000034 cycles: 48439493 heartbeat IPC: 3.082 cumulative IPC: 3.282 (Simulation time: 03 hr 46 min 57 sec)
Heartbeat CPU 9 instructions: 130000038 cycles: 48620068 heartbeat IPC: 2.04 cumulative IPC: 2.02 (Simulation time: 03 hr 47 min 50 sec)
Heartbeat CPU 15 instructions: 210000040 cycles: 48831597 heartbeat IPC: 4.193 cumulative IPC: 4.149 (Simulation time: 03 hr 48 min 52 sec)
Heartbeat CPU 8 instructions: 210000034 cycles: 48879099 heartbeat IPC: 4.183 cumulative IPC: 4.143 (Simulation time: 03 hr 49 min 06 sec)
Heartbeat CPU 11 instructions: 190000029 cycles: 48992516 heartbeat IPC: 3.772 cumulative IPC: 3.77 (Simulation time: 03 hr 49 min 39 sec)
Heartbeat CPU 5 instructions: 180000042 cycles: 49272448 heartbeat IPC: 3.679 cumulative IPC: 3.464 (Simulation time: 03 hr 51 min 00 sec)
Heartbeat CPU 1 instructions: 120000025 cycles: 50382763 heartbeat IPC: 1.814 cumulative IPC: 1.81 (Simulation time: 03 hr 56 min 22 sec)
Heartbeat CPU 7 instructions: 120000016 cycles: 50897488 heartbeat IPC: 1.765 cumulative IPC: 1.76 (Simulation time: 03 hr 58 min 50 sec)
Heartbeat CPU 6 instructions: 180000039 cycles: 51147807 heartbeat IPC: 3.692 cumulative IPC: 3.312 (Simulation time: 04 hr 00 min 02 sec)
Heartbeat CPU 15 instructions: 220000042 cycles: 51224164 heartbeat IPC: 4.18 cumulative IPC: 4.151 (Simulation time: 04 hr 00 min 24 sec)
Heartbeat CPU 3 instructions: 160000030 cycles: 51267398 heartbeat IPC: 2.89 cumulative IPC: 2.888 (Simulation time: 04 hr 00 min 37 sec)
Heartbeat CPU 8 instructions: 220000036 cycles: 51276247 heartbeat IPC: 4.172 cumulative IPC: 4.145 (Simulation time: 04 hr 00 min 39 sec)
Heartbeat CPU 2 instructions: 130000020 cycles: 51391476 heartbeat IPC: 1.706 cumulative IPC: 1.886 (Simulation time: 04 hr 01 min 13 sec)
Heartbeat CPU 13 instructions: 120000032 cycles: 51421018 heartbeat IPC: 2.029 cumulative IPC: 1.747 (Simulation time: 04 hr 01 min 22 sec)
Heartbeat CPU 11 instructions: 200000030 cycles: 51648433 heartbeat IPC: 3.765 cumulative IPC: 3.77 (Simulation time: 04 hr 02 min 28 sec)
Heartbeat CPU 5 instructions: 190000046 cycles: 51967541 heartbeat IPC: 3.71 cumulative IPC: 3.482 (Simulation time: 04 hr 04 min 01 sec)
Heartbeat CPU 12 instructions: 130000045 cycles: 52007921 heartbeat IPC: 1.804 cumulative IPC: 1.804 (Simulation time: 04 hr 04 min 13 sec)
Heartbeat CPU 4 instructions: 150000014 cycles: 52097159 heartbeat IPC: 2.686 cumulative IPC: 2.627 (Simulation time: 04 hr 04 min 39 sec)
Heartbeat CPU 0 instructions: 170000033 cycles: 52143733 heartbeat IPC: 2.671 cumulative IPC: 2.671 (Simulation time: 04 hr 04 min 53 sec)
Heartbeat CPU 10 instructions: 110000020 cycles: 52160833 heartbeat IPC: 1.544 cumulative IPC: 1.514 (Simulation time: 04 hr 04 min 57 sec)
Heartbeat CPU 14 instructions: 100000023 cycles: 52896577 heartbeat IPC: 1.236 cumulative IPC: 1.206 (Simulation time: 04 hr 08 min 29 sec)
Heartbeat CPU 9 instructions: 140000042 cycles: 53555030 heartbeat IPC: 2.026 cumulative IPC: 2.021 (Simulation time: 04 hr 11 min 41 sec)
Heartbeat CPU 15 instructions: 230000043 cycles: 53610954 heartbeat IPC: 4.19 cumulative IPC: 4.153 (Simulation time: 04 hr 11 min 58 sec)
Heartbeat CPU 8 instructions: 230000041 cycles: 53665852 heartbeat IPC: 4.185 cumulative IPC: 4.147 (Simulation time: 04 hr 12 min 14 sec)
Heartbeat CPU 6 instructions: 190000040 cycles: 53761865 heartbeat IPC: 3.825 cumulative IPC: 3.346 (Simulation time: 04 hr 12 min 42 sec)
Heartbeat CPU 11 instructions: 210000030 cycles: 54300098 heartbeat IPC: 3.771 cumulative IPC: 3.77 (Simulation time: 04 hr 15 min 19 sec)
Heartbeat CPU 5 instructions: 200000048 cycles: 54706743 heartbeat IPC: 3.651 cumulative IPC: 3.493 (Simulation time: 04 hr 17 min 17 sec)
Heartbeat CPU 3 instructions: 170000031 cycles: 54727863 heartbeat IPC: 2.89 cumulative IPC: 2.888 (Simulation time: 04 hr 17 min 23 sec)
Heartbeat CPU 13 instructions: 130000032 cycles: 55182015 heartbeat IPC: 2.659 cumulative IPC: 1.83 (Simulation time: 04 hr 19 min 33 sec)
Heartbeat CPU 1 instructions: 130000030 cycles: 55828040 heartbeat IPC: 1.836 cumulative IPC: 1.813 (Simulation time: 04 hr 22 min 37 sec)
Heartbeat CPU 4 instructions: 160000014 cycles: 55865349 heartbeat IPC: 2.654 cumulative IPC: 2.629 (Simulation time: 04 hr 22 min 47 sec)
Heartbeat CPU 0 instructions: 180000035 cycles: 55887200 heartbeat IPC: 2.671 cumulative IPC: 2.671 (Simulation time: 04 hr 22 min 53 sec)
Heartbeat CPU 15 instructions: 240000043 cycles: 56277861 heartbeat IPC: 3.75 cumulative IPC: 4.127 (Simulation time: 04 hr 24 min 46 sec)
Heartbeat CPU 8 instructions: 240000043 cycles: 56347582 heartbeat IPC: 3.729 cumulative IPC: 4.121 (Simulation time: 04 hr 25 min 06 sec)
Heartbeat CPU 6 instructions: 200000040 cycles: 56363710 heartbeat IPC: 3.843 cumulative IPC: 3.376 (Simulation time: 04 hr 25 min 11 sec)
Heartbeat CPU 7 instructions: 130000021 cycles: 56599235 heartbeat IPC: 1.754 cumulative IPC: 1.759 (Simulation time: 04 hr 26 min 18 sec)
Heartbeat CPU 2 instructions: 140000025 cycles: 56773550 heartbeat IPC: 1.858 cumulative IPC: 1.882 (Simulation time: 04 hr 27 min 08 sec)
Heartbeat CPU 11 instructions: 220000032 cycles: 56955070 heartbeat IPC: 3.767 cumulative IPC: 3.769 (Simulation time: 04 hr 28 min 00 sec)
Heartbeat CPU 5 instructions: 210000053 cycles: 57416805 heartbeat IPC: 3.69 cumulative IPC: 3.505 (Simulation time: 04 hr 30 min 10 sec)
Heartbeat CPU 12 instructions: 140000045 cycles: 57547390 heartbeat IPC: 1.805 cumulative IPC: 1.804 (Simulation time: 04 hr 30 min 47 sec)
Heartbeat CPU 3 instructions: 180000036 cycles: 58188391 heartbeat IPC: 2.89 cumulative IPC: 2.888 (Simulation time: 04 hr 33 min 49 sec)
Heartbeat CPU 10 instructions: 120000020 cycles: 58233852 heartbeat IPC: 1.647 cumulative IPC: 1.532 (Simulation time: 04 hr 34 min 01 sec)
Heartbeat CPU 9 instructions: 150000044 cycles: 58501165 heartbeat IPC: 2.022 cumulative IPC: 2.021 (Simulation time: 04 hr 35 min 17 sec)
Heartbeat CPU 15 instructions: 250000045 cycles: 58704430 heartbeat IPC: 4.121 cumulative IPC: 4.127 (Simulation time: 04 hr 36 min 15 sec)
Heartbeat CPU 8 instructions: 250000045 cycles: 58780208 heartbeat IPC: 4.111 cumulative IPC: 4.12 (Simulation time: 04 hr 36 min 36 sec)
Heartbeat CPU 6 instructions: 210000041 cycles: 59131493 heartbeat IPC: 3.613 cumulative IPC: 3.391 (Simulation time: 04 hr 38 min 16 sec)
Heartbeat CPU 4 instructions: 170000016 cycles: 59597248 heartbeat IPC: 2.68 cumulative IPC: 2.633 (Simulation time: 04 hr 40 min 23 sec)
Heartbeat CPU 11 instructions: 230000033 cycles: 59608012 heartbeat IPC: 3.769 cumulative IPC: 3.769 (Simulation time: 04 hr 40 min 26 sec)
Heartbeat CPU 0 instructions: 190000035 cycles: 59630975 heartbeat IPC: 2.671 cumulative IPC: 2.671 (Simulation time: 04 hr 40 min 32 sec)
Heartbeat CPU 5 instructions: 220000058 cycles: 60264566 heartbeat IPC: 3.512 cumulative IPC: 3.506 (Simulation time: 04 hr 43 min 30 sec)
Heartbeat CPU 13 instructions: 140000034 cycles: 60353314 heartbeat IPC: 1.934 cumulative IPC: 1.842 (Simulation time: 04 hr 43 min 55 sec)
Heartbeat CPU 14 instructions: 110000026 cycles: 60994904 heartbeat IPC: 1.235 cumulative IPC: 1.211 (Simulation time: 04 hr 46 min 56 sec)
Heartbeat CPU 15 instructions: 260000045 cycles: 61140765 heartbeat IPC: 4.105 cumulative IPC: 4.126 (Simulation time: 04 hr 47 min 37 sec)
Heartbeat CPU 8 instructions: 260000045 cycles: 61224724 heartbeat IPC: 4.091 cumulative IPC: 4.119 (Simulation time: 04 hr 48 min 01 sec)
Heartbeat CPU 1 instructions: 140000030 cycles: 61227587 heartbeat IPC: 1.852 cumulative IPC: 1.818 (Simulation time: 04 hr 48 min 02 sec)
Heartbeat CPU 3 instructions: 190000036 cycles: 61648762 heartbeat IPC: 2.89 cumulative IPC: 2.888 (Simulation time: 04 hr 50 min 02 sec)
Heartbeat CPU 11 instructions: 240000036 cycles: 62263117 heartbeat IPC: 3.766 cumulative IPC: 3.769 (Simulation time: 04 hr 52 min 54 sec)
Heartbeat CPU 7 instructions: 140000023 cycles: 62362380 heartbeat IPC: 1.735 cumulative IPC: 1.756 (Simulation time: 04 hr 53 min 22 sec)
Heartbeat CPU 6 instructions: 220000043 cycles: 62455256 heartbeat IPC: 3.009 cumulative IPC: 3.365 (Simulation time: 04 hr 53 min 48 sec)
Heartbeat CPU 2 instructions: 150000028 cycles: 62507799 heartbeat IPC: 1.744 cumulative IPC: 1.866 (Simulation time: 04 hr 54 min 03 sec)
Simulation finished CPU 15 instructions: 200000002 cycles: 48496702 cumulative IPC: 4.124 (Simulation time: 04 hr 54 min 08 sec)
Simulation finished CPU 8 instructions: 200000000 cycles: 48584336 cumulative IPC: 4.117 (Simulation time: 04 hr 54 min 33 sec)
Heartbeat CPU 5 instructions: 230000059 cycles: 62908161 heartbeat IPC: 3.783 cumulative IPC: 3.521 (Simulation time: 04 hr 55 min 57 sec)
Heartbeat CPU 12 instructions: 150000047 cycles: 63110248 heartbeat IPC: 1.798 cumulative IPC: 1.803 (Simulation time: 04 hr 56 min 55 sec)
Heartbeat CPU 0 instructions: 200000040 cycles: 63373409 heartbeat IPC: 2.672 cumulative IPC: 2.671 (Simulation time: 04 hr 58 min 10 sec)
Heartbeat CPU 9 instructions: 160000044 cycles: 63402368 heartbeat IPC: 2.04 cumulative IPC: 2.023 (Simulation time: 04 hr 58 min 18 sec)
Heartbeat CPU 4 instructions: 180000020 cycles: 63507336 heartbeat IPC: 2.557 cumulative IPC: 2.627 (Simulation time: 04 hr 58 min 49 sec)
Heartbeat CPU 15 instructions: 270000047 cycles: 63602319 heartbeat IPC: 4.062 cumulative IPC: 4.123 (Simulation time: 04 hr 59 min 16 sec)
Heartbeat CPU 8 instructions: 270000047 cycles: 63690988 heartbeat IPC: 4.055 cumulative IPC: 4.115 (Simulation time: 04 hr 59 min 41 sec)
Heartbeat CPU 13 instructions: 150000037 cycles: 64224486 heartbeat IPC: 2.583 cumulative IPC: 1.899 (Simulation time: 05 hr 02 min 12 sec)
Heartbeat CPU 10 instructions: 130000020 cycles: 64533529 heartbeat IPC: 1.587 cumulative IPC: 1.539 (Simulation time: 05 hr 03 min 40 sec)
Heartbeat CPU 11 instructions: 250000037 cycles: 64914986 heartbeat IPC: 3.771 cumulative IPC: 3.769 (Simulation time: 05 hr 05 min 27 sec)
Heartbeat CPU 3 instructions: 200000040 cycles: 65109217 heartbeat IPC: 2.89 cumulative IPC: 2.888 (Simulation time: 05 hr 06 min 22 sec)
Heartbeat CPU 5 instructions: 240000059 cycles: 65606882 heartbeat IPC: 3.705 cumulative IPC: 3.53 (Simulation time: 05 hr 08 min 44 sec)
Heartbeat CPU 6 instructions: 230000046 cycles: 65697644 heartbeat IPC: 3.084 cumulative IPC: 3.347 (Simulation time: 05 hr 09 min 10 sec)
Heartbeat CPU 15 instructions: 280000048 cycles: 66048533 heartbeat IPC: 4.088 cumulative IPC: 4.121 (Simulation time: 05 hr 10 min 51 sec)
Heartbeat CPU 8 instructions: 280000048 cycles: 66145071 heartbeat IPC: 4.075 cumulative IPC: 4.114 (Simulation time: 05 hr 11 min 18 sec)
Heartbeat CPU 1 instructions: 150000031 cycles: 66593120 heartbeat IPC: 1.864 cumulative IPC: 1.822 (Simulation time: 05 hr 13 min 26 sec)
Simulation finished CPU 11 instructions: 200000005 cycles: 53059566 cumulative IPC: 3.769 (Simulation time: 05 hr 15 min 48 sec)
Heartbeat CPU 0 instructions: 210000043 cycles: 67116649 heartbeat IPC: 2.671 cumulative IPC: 2.671 (Simulation time: 05 hr 15 min 56 sec)
Heartbeat CPU 4 instructions: 190000024 cycles: 67430483 heartbeat IPC: 2.549 cumulative IPC: 2.622 (Simulation time: 05 hr 17 min 30 sec)
Heartbeat CPU 11 instructions: 260000038 cycles: 67568018 heartbeat IPC: 3.769 cumulative IPC: 3.769 (Simulation time: 05 hr 18 min 11 sec)
Heartbeat CPU 13 instructions: 160000037 cycles: 67791947 heartbeat IPC: 2.803 cumulative IPC: 1.959 (Simulation time: 05 hr 19 min 19 sec)
Heartbeat CPU 2 instructions: 160000028 cycles: 67870840 heartbeat IPC: 1.865 cumulative IPC: 1.866 (Simulation time: 05 hr 19 min 42 sec)
Heartbeat CPU 7 instructions: 150000026 cycles: 68078879 heartbeat IPC: 1.749 cumulative IPC: 1.756 (Simulation time: 05 hr 20 min 42 sec)
Heartbeat CPU 9 instructions: 170000046 cycles: 68306735 heartbeat IPC: 2.039 cumulative IPC: 2.025 (Simulation time: 05 hr 21 min 49 sec)
Heartbeat CPU 5 instructions: 250000060 cycles: 68320241 heartbeat IPC: 3.685 cumulative IPC: 3.538 (Simulation time: 05 hr 21 min 53 sec)
Heartbeat CPU 3 instructions: 210000045 cycles: 68569640 heartbeat IPC: 2.89 cumulative IPC: 2.888 (Simulation time: 05 hr 23 min 07 sec)
Heartbeat CPU 15 instructions: 290000048 cycles: 68585355 heartbeat IPC: 3.942 cumulative IPC: 4.113 (Simulation time: 05 hr 23 min 11 sec)
Heartbeat CPU 12 instructions: 160000047 cycles: 68628166 heartbeat IPC: 1.812 cumulative IPC: 1.804 (Simulation time: 05 hr 23 min 24 sec)
Heartbeat CPU 8 instructions: 290000048 cycles: 68685218 heartbeat IPC: 3.937 cumulative IPC: 4.105 (Simulation time: 05 hr 23 min 41 sec)
Heartbeat CPU 6 instructions: 240000048 cycles: 68826082 heartbeat IPC: 3.196 cumulative IPC: 3.338 (Simulation time: 05 hr 24 min 22 sec)
Heartbeat CPU 14 instructions: 120000030 cycles: 68880383 heartbeat IPC: 1.268 cumulative IPC: 1.219 (Simulation time: 05 hr 24 min 38 sec)
Heartbeat CPU 11 instructions: 270000041 cycles: 70221799 heartbeat IPC: 3.768 cumulative IPC: 3.769 (Simulation time: 05 hr 31 min 05 sec)
Simulation finished CPU 5 instructions: 200000002 cycles: 56585846 cumulative IPC: 3.534 (Simulation time: 05 hr 33 min 00 sec)
Heartbeat CPU 0 instructions: 220000048 cycles: 70861569 heartbeat IPC: 2.67 cumulative IPC: 2.671 (Simulation time: 05 hr 34 min 12 sec)
Heartbeat CPU 15 instructions: 300000053 cycles: 71139390 heartbeat IPC: 3.915 cumulative IPC: 4.104 (Simulation time: 05 hr 35 min 32 sec)
Heartbeat CPU 5 instructions: 260000065 cycles: 71194758 heartbeat IPC: 3.479 cumulative IPC: 3.535 (Simulation time: 05 hr 35 min 48 sec)
Heartbeat CPU 10 instructions: 140000022 cycles: 71207896 heartbeat IPC: 1.498 cumulative IPC: 1.534 (Simulation time: 05 hr 35 min 52 sec)
Heartbeat CPU 8 instructions: 300000053 cycles: 71230517 heartbeat IPC: 3.929 cumulative IPC: 4.097 (Simulation time: 05 hr 35 min 58 sec)
Heartbeat CPU 4 instructions: 200000028 cycles: 71238941 heartbeat IPC: 2.626 cumulative IPC: 2.622 (Simulation time: 05 hr 36 min 00 sec)
Heartbeat CPU 1 instructions: 160000032 cycles: 71899849 heartbeat IPC: 1.884 cumulative IPC: 1.828 (Simulation time: 05 hr 39 min 11 sec)
Heartbeat CPU 6 instructions: 250000053 cycles: 71917025 heartbeat IPC: 3.235 cumulative IPC: 3.333 (Simulation time: 05 hr 39 min 16 sec)
Heartbeat CPU 3 instructions: 220000046 cycles: 72029978 heartbeat IPC: 2.89 cumulative IPC: 2.888 (Simulation time: 05 hr 39 min 49 sec)
Heartbeat CPU 11 instructions: 280000046 cycles: 72876689 heartbeat IPC: 3.767 cumulative IPC: 3.769 (Simulation time: 05 hr 43 min 52 sec)
Heartbeat CPU 9 instructions: 180000048 cycles: 73219406 heartbeat IPC: 2.036 cumulative IPC: 2.025 (Simulation time: 05 hr 45 min 32 sec)
Heartbeat CPU 15 instructions: 310000054 cycles: 73709627 heartbeat IPC: 3.891 cumulative IPC: 4.095 (Simulation time: 05 hr 47 min 50 sec)
Heartbeat CPU 8 instructions: 310000054 cycles: 73779815 heartbeat IPC: 3.923 cumulative IPC: 4.09 (Simulation time: 05 hr 48 min 09 sec)
Heartbeat CPU 2 instructions: 170000028 cycles: 73793311 heartbeat IPC: 1.688 cumulative IPC: 1.848 (Simulation time: 05 hr 48 min 13 sec)
Heartbeat CPU 7 instructions: 160000027 cycles: 73820962 heartbeat IPC: 1.742 cumulative IPC: 1.754 (Simulation time: 05 hr 48 min 20 sec)
Heartbeat CPU 5 instructions: 270000070 cycles: 73980686 heartbeat IPC: 3.589 cumulative IPC: 3.538 (Simulation time: 05 hr 49 min 03 sec)
Heartbeat CPU 13 instructions: 170000040 cycles: 74074760 heartbeat IPC: 1.592 cumulative IPC: 1.921 (Simulation time: 05 hr 49 min 29 sec)
Simulation finished CPU 6 instructions: 200000001 cycles: 60071738 cumulative IPC: 3.329 (Simulation time: 05 hr 49 min 36 sec)
Heartbeat CPU 12 instructions: 170000047 cycles: 74193353 heartbeat IPC: 1.797 cumulative IPC: 1.804 (Simulation time: 05 hr 50 min 02 sec)
Heartbeat CPU 0 instructions: 230000051 cycles: 74606278 heartbeat IPC: 2.67 cumulative IPC: 2.671 (Simulation time: 05 hr 51 min 58 sec)
Heartbeat CPU 6 instructions: 260000053 cycles: 74988876 heartbeat IPC: 3.255 cumulative IPC: 3.329 (Simulation time: 05 hr 53 min 45 sec)
Heartbeat CPU 4 instructions: 210000033 cycles: 75026077 heartbeat IPC: 2.641 cumulative IPC: 2.623 (Simulation time: 05 hr 53 min 56 sec)
Heartbeat CPU 3 instructions: 230000047 cycles: 75490425 heartbeat IPC: 2.89 cumulative IPC: 2.888 (Simulation time: 05 hr 56 min 08 sec)
Heartbeat CPU 11 instructions: 290000046 cycles: 75530229 heartbeat IPC: 3.769 cumulative IPC: 3.769 (Simulation time: 05 hr 56 min 19 sec)
Heartbeat CPU 15 instructions: 320000058 cycles: 76267777 heartbeat IPC: 3.909 cumulative IPC: 4.087 (Simulation time: 05 hr 59 min 46 sec)
Heartbeat CPU 8 instructions: 320000058 cycles: 76342469 heartbeat IPC: 3.902 cumulative IPC: 4.082 (Simulation time: 06 hr 00 min 07 sec)
Heartbeat CPU 5 instructions: 280000072 cycles: 76741710 heartbeat IPC: 3.622 cumulative IPC: 3.541 (Simulation time: 06 hr 01 min 58 sec)
Heartbeat CPU 1 instructions: 170000036 cycles: 77119947 heartbeat IPC: 1.916 cumulative IPC: 1.835 (Simulation time: 06 hr 03 min 41 sec)
Heartbeat CPU 14 instructions: 130000032 cycles: 77356114 heartbeat IPC: 1.18 cumulative IPC: 1.214 (Simulation time: 06 hr 04 min 46 sec)
Heartbeat CPU 6 instructions: 270000057 cycles: 77892981 heartbeat IPC: 3.443 cumulative IPC: 3.334 (Simulation time: 06 hr 07 min 16 sec)
Heartbeat CPU 9 instructions: 190000048 cycles: 78143519 heartbeat IPC: 2.031 cumulative IPC: 2.026 (Simulation time: 06 hr 08 min 25 sec)
Heartbeat CPU 11 instructions: 300000049 cycles: 78183207 heartbeat IPC: 3.769 cumulative IPC: 3.769 (Simulation time: 06 hr 08 min 36 sec)
Heartbeat CPU 10 instructions: 150000024 cycles: 78317096 heartbeat IPC: 1.407 cumulative IPC: 1.52 (Simulation time: 06 hr 09 min 12 sec)
Heartbeat CPU 0 instructions: 240000055 cycles: 78350564 heartbeat IPC: 2.671 cumulative IPC: 2.671 (Simulation time: 06 hr 09 min 21 sec)
Heartbeat CPU 15 instructions: 330000058 cycles: 78813961 heartbeat IPC: 3.927 cumulative IPC: 4.081 (Simulation time: 06 hr 11 min 31 sec)
Heartbeat CPU 4 instructions: 220000037 cycles: 78868058 heartbeat IPC: 2.603 cumulative IPC: 2.622 (Simulation time: 06 hr 11 min 47 sec)
Heartbeat CPU 8 instructions: 330000058 cycles: 78883496 heartbeat IPC: 3.935 cumulative IPC: 4.077 (Simulation time: 06 hr 11 min 51 sec)
Heartbeat CPU 3 instructions: 240000049 cycles: 78950900 heartbeat IPC: 2.89 cumulative IPC: 2.888 (Simulation time: 06 hr 12 min 10 sec)
Heartbeat CPU 7 instructions: 170000029 cycles: 79556168 heartbeat IPC: 1.744 cumulative IPC: 1.753 (Simulation time: 06 hr 15 min 00 sec)
Heartbeat CPU 5 instructions: 290000076 cycles: 79695542 heartbeat IPC: 3.385 cumulative IPC: 3.534 (Simulation time: 06 hr 15 min 40 sec)
Heartbeat CPU 12 instructions: 180000048 cycles: 79707444 heartbeat IPC: 1.814 cumulative IPC: 1.804 (Simulation time: 06 hr 15 min 43 sec)
Heartbeat CPU 2 instructions: 180000028 cycles: 79891296 heartbeat IPC: 1.64 cumulative IPC: 1.829 (Simulation time: 06 hr 16 min 36 sec)
Heartbeat CPU 11 instructions: 310000050 cycles: 80835851 heartbeat IPC: 3.77 cumulative IPC: 3.769 (Simulation time: 06 hr 21 min 04 sec)
Heartbeat CPU 6 instructions: 280000057 cycles: 80879889 heartbeat IPC: 3.348 cumulative IPC: 3.335 (Simulation time: 06 hr 21 min 16 sec)
Heartbeat CPU 15 instructions: 340000059 cycles: 81356282 heartbeat IPC: 3.933 cumulative IPC: 4.075 (Simulation time: 06 hr 23 min 28 sec)
Heartbeat CPU 8 instructions: 340000059 cycles: 81430236 heartbeat IPC: 3.927 cumulative IPC: 4.071 (Simulation time: 06 hr 23 min 49 sec)
Heartbeat CPU 0 instructions: 250000059 cycles: 82094238 heartbeat IPC: 2.671 cumulative IPC: 2.671 (Simulation time: 06 hr 26 min 51 sec)
Heartbeat CPU 1 instructions: 180000037 cycles: 82375185 heartbeat IPC: 1.903 cumulative IPC: 1.841 (Simulation time: 06 hr 28 min 09 sec)
Heartbeat CPU 3 instructions: 250000052 cycles: 82411296 heartbeat IPC: 2.89 cumulative IPC: 2.889 (Simulation time: 06 hr 28 min 19 sec)
Heartbeat CPU 5 instructions: 300000077 cycles: 82425642 heartbeat IPC: 3.663 cumulative IPC: 3.54 (Simulation time: 06 hr 28 min 23 sec)
Heartbeat CPU 4 instructions: 230000042 cycles: 82587700 heartbeat IPC: 2.688 cumulative IPC: 2.625 (Simulation time: 06 hr 29 min 07 sec)
Heartbeat CPU 13 instructions: 180000041 cycles: 82963843 heartbeat IPC: 1.125 cumulative IPC: 1.818 (Simulation time: 06 hr 30 min 49 sec)
Heartbeat CPU 9 instructions: 200000051 cycles: 83132972 heartbeat IPC: 2.004 cumulative IPC: 2.024 (Simulation time: 06 hr 31 min 36 sec)
Simulation finished CPU 3 instructions: 200000001 cycles: 69238370 cumulative IPC: 2.889 (Simulation time: 06 hr 32 min 12 sec)
Heartbeat CPU 11 instructions: 320000050 cycles: 83488130 heartbeat IPC: 3.77 cumulative IPC: 3.769 (Simulation time: 06 hr 33 min 11 sec)
Heartbeat CPU 15 instructions: 350000063 cycles: 83877242 heartbeat IPC: 3.967 cumulative IPC: 4.071 (Simulation time: 06 hr 34 min 56 sec)
Heartbeat CPU 8 instructions: 350000063 cycles: 83955743 heartbeat IPC: 3.96 cumulative IPC: 4.067 (Simulation time: 06 hr 35 min 18 sec)
Heartbeat CPU 6 instructions: 290000058 cycles: 83977909 heartbeat IPC: 3.228 cumulative IPC: 3.33 (Simulation time: 06 hr 35 min 24 sec)
Heartbeat CPU 10 instructions: 160000029 cycles: 84757737 heartbeat IPC: 1.553 cumulative IPC: 1.523 (Simulation time: 06 hr 39 min 00 sec)
Heartbeat CPU 7 instructions: 180000029 cycles: 85269263 heartbeat IPC: 1.75 cumulative IPC: 1.753 (Simulation time: 06 hr 41 min 23 sec)
Heartbeat CPU 12 instructions: 190000052 cycles: 85270966 heartbeat IPC: 1.797 cumulative IPC: 1.804 (Simulation time: 06 hr 41 min 23 sec)
Heartbeat CPU 5 instructions: 310000079 cycles: 85367074 heartbeat IPC: 3.4 cumulative IPC: 3.534 (Simulation time: 06 hr 41 min 49 sec)
Heartbeat CPU 14 instructions: 140000036 cycles: 85471265 heartbeat IPC: 1.232 cumulative IPC: 1.216 (Simulation time: 06 hr 42 min 18 sec)
Heartbeat CPU 0 instructions: 260000061 cycles: 85837765 heartbeat IPC: 2.671 cumulative IPC: 2.671 (Simulation time: 06 hr 43 min 59 sec)
Heartbeat CPU 3 instructions: 260000052 cycles: 85871723 heartbeat IPC: 2.89 cumulative IPC: 2.889 (Simulation time: 06 hr 44 min 08 sec)
Heartbeat CPU 11 instructions: 330000051 cycles: 86140140 heartbeat IPC: 3.771 cumulative IPC: 3.769 (Simulation time: 06 hr 45 min 21 sec)
Heartbeat CPU 2 instructions: 190000029 cycles: 86242380 heartbeat IPC: 1.575 cumulative IPC: 1.806 (Simulation time: 06 hr 45 min 49 sec)
Heartbeat CPU 15 instructions: 360000065 cycles: 86418156 heartbeat IPC: 3.936 cumulative IPC: 4.067 (Simulation time: 06 hr 46 min 38 sec)
Heartbeat CPU 8 instructions: 360000065 cycles: 86498308 heartbeat IPC: 3.933 cumulative IPC: 4.062 (Simulation time: 06 hr 46 min 59 sec)
Heartbeat CPU 4 instructions: 240000045 cycles: 86498716 heartbeat IPC: 2.557 cumulative IPC: 2.622 (Simulation time: 06 hr 47 min 00 sec)
Heartbeat CPU 6 instructions: 300000060 cycles: 87061273 heartbeat IPC: 3.243 cumulative IPC: 3.326 (Simulation time: 06 hr 49 min 34 sec)
Heartbeat CPU 1 instructions: 190000040 cycles: 87789624 heartbeat IPC: 1.847 cumulative IPC: 1.841 (Simulation time: 06 hr 52 min 53 sec)
Heartbeat CPU 9 instructions: 210000051 cycles: 88090004 heartbeat IPC: 2.017 cumulative IPC: 2.024 (Simulation time: 06 hr 54 min 14 sec)
Heartbeat CPU 5 instructions: 320000080 cycles: 88166385 heartbeat IPC: 3.572 cumulative IPC: 3.535 (Simulation time: 06 hr 54 min 35 sec)
Heartbeat CPU 11 instructions: 340000053 cycles: 88792372 heartbeat IPC: 3.77 cumulative IPC: 3.769 (Simulation time: 06 hr 57 min 25 sec)
Simulation finished CPU 0 instructions: 200000001 cycles: 74874393 cumulative IPC: 2.671 (Simulation time: 06 hr 57 min 56 sec)
Heartbeat CPU 15 instructions: 370000065 cycles: 88953319 heartbeat IPC: 3.945 cumulative IPC: 4.063 (Simulation time: 06 hr 58 min 09 sec)
Heartbeat CPU 8 instructions: 370000065 cycles: 89029631 heartbeat IPC: 3.951 cumulative IPC: 4.058 (Simulation time: 06 hr 58 min 30 sec)
Heartbeat CPU 3 instructions: 270000054 cycles: 89332161 heartbeat IPC: 2.89 cumulative IPC: 2.889 (Simulation time: 06 hr 59 min 52 sec)
Heartbeat CPU 0 instructions: 270000062 cycles: 89581688 heartbeat IPC: 2.671 cumulative IPC: 2.671 (Simulation time: 07 hr 01 min 00 sec)
Heartbeat CPU 6 instructions: 310000060 cycles: 90201179 heartbeat IPC: 3.185 cumulative IPC: 3.321 (Simulation time: 07 hr 03 min 51 sec)
Simulation finished CPU 4 instructions: 200000003 cycles: 76182431 cumulative IPC: 2.625 (Simulation time: 07 hr 03 min 54 sec)
Heartbeat CPU 4 instructions: 250000046 cycles: 90210718 heartbeat IPC: 2.694 cumulative IPC: 2.625 (Simulation time: 07 hr 03 min 54 sec)
Heartbeat CPU 12 instructions: 200000053 cycles: 90792269 heartbeat IPC: 1.811 cumulative IPC: 1.804 (Simulation time: 07 hr 06 min 35 sec)
Heartbeat CPU 5 instructions: 330000083 cycles: 91209529 heartbeat IPC: 3.286 cumulative IPC: 3.525 (Simulation time: 07 hr 08 min 28 sec)
Heartbeat CPU 10 instructions: 170000029 cycles: 91265906 heartbeat IPC: 1.537 cumulative IPC: 1.524 (Simulation time: 07 hr 08 min 43 sec)
Heartbeat CPU 11 instructions: 350000055 cycles: 91445660 heartbeat IPC: 3.769 cumulative IPC: 3.769 (Simulation time: 07 hr 09 min 31 sec)
Heartbeat CPU 15 instructions: 380000070 cycles: 91454403 heartbeat IPC: 3.998 cumulative IPC: 4.06 (Simulation time: 07 hr 09 min 33 sec)
Heartbeat CPU 8 instructions: 380000070 cycles: 91535011 heartbeat IPC: 3.991 cumulative IPC: 4.056 (Simulation time: 07 hr 09 min 55 sec)
Heartbeat CPU 2 instructions: 200000029 cycles: 92085067 heartbeat IPC: 1.712 cumulative IPC: 1.799 (Simulation time: 07 hr 12 min 27 sec)
Heartbeat CPU 3 instructions: 280000059 cycles: 92792570 heartbeat IPC: 2.89 cumulative IPC: 2.889 (Simulation time: 07 hr 15 min 42 sec)
Heartbeat CPU 9 instructions: 220000053 cycles: 92997929 heartbeat IPC: 2.038 cumulative IPC: 2.025 (Simulation time: 07 hr 16 min 40 sec)
Heartbeat CPU 6 instructions: 320000061 cycles: 93292423 heartbeat IPC: 3.235 cumulative IPC: 3.317 (Simulation time: 07 hr 18 min 02 sec)
Heartbeat CPU 0 instructions: 280000064 cycles: 93325054 heartbeat IPC: 2.671 cumulative IPC: 2.671 (Simulation time: 07 hr 18 min 11 sec)
Heartbeat CPU 14 instructions: 150000040 cycles: 93560834 heartbeat IPC: 1.236 cumulative IPC: 1.218 (Simulation time: 07 hr 19 min 18 sec)
Heartbeat CPU 13 instructions: 190000042 cycles: 93580407 heartbeat IPC: 0.9419 cumulative IPC: 1.701 (Simulation time: 07 hr 19 min 23 sec)
Heartbeat CPU 1 instructions: 200000040 cycles: 93794830 heartbeat IPC: 1.665 cumulative IPC: 1.828 (Simulation time: 07 hr 20 min 22 sec)
Heartbeat CPU 15 instructions: 390000070 cycles: 93989753 heartbeat IPC: 3.944 cumulative IPC: 4.057 (Simulation time: 07 hr 21 min 15 sec)
Heartbeat CPU 4 instructions: 260000048 cycles: 93995941 heartbeat IPC: 2.642 cumulative IPC: 2.626 (Simulation time: 07 hr 21 min 16 sec)
Heartbeat CPU 5 instructions: 340000084 cycles: 94047007 heartbeat IPC: 3.524 cumulative IPC: 3.525 (Simulation time: 07 hr 21 min 30 sec)
Heartbeat CPU 8 instructions: 390000070 cycles: 94065383 heartbeat IPC: 3.952 cumulative IPC: 4.053 (Simulation time: 07 hr 21 min 35 sec)
Heartbeat CPU 11 instructions: 360000056 cycles: 94099875 heartbeat IPC: 3.768 cumulative IPC: 3.769 (Simulation time: 07 hr 21 min 44 sec)
Heartbeat CPU 7 instructions: 190000029 cycles: 96231375 heartbeat IPC: 0.9122 cumulative IPC: 1.641 (Simulation time: 07 hr 31 min 32 sec)
Heartbeat CPU 3 instructions: 290000064 cycles: 96252961 heartbeat IPC: 2.89 cumulative IPC: 2.889 (Simulation time: 07 hr 31 min 38 sec)
Heartbeat CPU 6 instructions: 330000061 cycles: 96350493 heartbeat IPC: 3.27 cumulative IPC: 3.315 (Simulation time: 07 hr 32 min 05 sec)
Heartbeat CPU 12 instructions: 210000053 cycles: 96352443 heartbeat IPC: 1.799 cumulative IPC: 1.804 (Simulation time: 07 hr 32 min 06 sec)
Heartbeat CPU 15 instructions: 400000072 cycles: 96523228 heartbeat IPC: 3.947 cumulative IPC: 4.053 (Simulation time: 07 hr 32 min 54 sec)
Heartbeat CPU 8 instructions: 400000071 cycles: 96606999 heartbeat IPC: 3.935 cumulative IPC: 4.049 (Simulation time: 07 hr 33 min 17 sec)
Heartbeat CPU 5 instructions: 350000084 cycles: 96748686 heartbeat IPC: 3.701 cumulative IPC: 3.531 (Simulation time: 07 hr 33 min 57 sec)
Heartbeat CPU 11 instructions: 370000057 cycles: 96754206 heartbeat IPC: 3.767 cumulative IPC: 3.769 (Simulation time: 07 hr 33 min 58 sec)
Heartbeat CPU 0 instructions: 290000064 cycles: 97070127 heartbeat IPC: 2.67 cumulative IPC: 2.671 (Simulation time: 07 hr 35 min 26 sec)
Heartbeat CPU 4 instructions: 270000050 cycles: 97806038 heartbeat IPC: 2.625 cumulative IPC: 2.626 (Simulation time: 07 hr 38 min 54 sec)
Heartbeat CPU 10 instructions: 180000032 cycles: 97840417 heartbeat IPC: 1.521 cumulative IPC: 1.524 (Simulation time: 07 hr 39 min 03 sec)
Heartbeat CPU 9 instructions: 230000055 cycles: 97887247 heartbeat IPC: 2.045 cumulative IPC: 2.026 (Simulation time: 07 hr 39 min 16 sec)
Heartbeat CPU 2 instructions: 210000029 cycles: 98055645 heartbeat IPC: 1.675 cumulative IPC: 1.79 (Simulation time: 07 hr 40 min 02 sec)
Heartbeat CPU 15 instructions: 410000075 cycles: 99060389 heartbeat IPC: 3.941 cumulative IPC: 4.05 (Simulation time: 07 hr 44 min 36 sec)
Heartbeat CPU 8 instructions: 410000073 cycles: 99141276 heartbeat IPC: 3.946 cumulative IPC: 4.046 (Simulation time: 07 hr 44 min 58 sec)
Heartbeat CPU 11 instructions: 380000058 cycles: 99409970 heartbeat IPC: 3.765 cumulative IPC: 3.769 (Simulation time: 07 hr 46 min 13 sec)
Heartbeat CPU 6 instructions: 340000062 cycles: 99518273 heartbeat IPC: 3.157 cumulative IPC: 3.31 (Simulation time: 07 hr 46 min 43 sec)
Heartbeat CPU 3 instructions: 300000065 cycles: 99723158 heartbeat IPC: 2.882 cumulative IPC: 2.888 (Simulation time: 07 hr 47 min 40 sec)
Heartbeat CPU 5 instructions: 360000085 cycles: 99734879 heartbeat IPC: 3.349 cumulative IPC: 3.525 (Simulation time: 07 hr 47 min 43 sec)
Heartbeat CPU 1 instructions: 210000040 cycles: 100388254 heartbeat IPC: 1.517 cumulative IPC: 1.804 (Simulation time: 07 hr 50 min 43 sec)
Heartbeat CPU 0 instructions: 300000065 cycles: 100813533 heartbeat IPC: 2.671 cumulative IPC: 2.671 (Simulation time: 07 hr 52 min 41 sec)
Heartbeat CPU 15 instructions: 420000080 cycles: 101592341 heartbeat IPC: 3.95 cumulative IPC: 4.047 (Simulation time: 07 hr 56 min 17 sec)
Heartbeat CPU 8 instructions: 420000074 cycles: 101662097 heartbeat IPC: 3.967 cumulative IPC: 4.044 (Simulation time: 07 hr 56 min 37 sec)
Heartbeat CPU 14 instructions: 160000042 cycles: 101677542 heartbeat IPC: 1.232 cumulative IPC: 1.219 (Simulation time: 07 hr 56 min 41 sec)
Heartbeat CPU 4 instructions: 280000050 cycles: 101698485 heartbeat IPC: 2.569 cumulative IPC: 2.623 (Simulation time: 07 hr 56 min 47 sec)
Heartbeat CPU 12 instructions: 220000053 cycles: 101874788 heartbeat IPC: 1.811 cumulative IPC: 1.804 (Simulation time: 07 hr 57 min 36 sec)
Heartbeat CPU 11 instructions: 390000060 cycles: 102063181 heartbeat IPC: 3.769 cumulative IPC: 3.769 (Simulation time: 07 hr 58 min 28 sec)
Heartbeat CPU 7 instructions: 200000029 cycles: 102516501 heartbeat IPC: 1.591 cumulative IPC: 1.637 (Simulation time: 08 hr 00 min 31 sec)
Heartbeat CPU 5 instructions: 370000087 cycles: 102526385 heartbeat IPC: 3.582 cumulative IPC: 3.527 (Simulation time: 08 hr 00 min 34 sec)
Heartbeat CPU 6 instructions: 350000064 cycles: 102671476 heartbeat IPC: 3.171 cumulative IPC: 3.305 (Simulation time: 08 hr 01 min 12 sec)
Heartbeat CPU 9 instructions: 240000056 cycles: 102788067 heartbeat IPC: 2.04 cumulative IPC: 2.027 (Simulation time: 08 hr 01 min 43 sec)
Heartbeat CPU 2 instructions: 220000031 cycles: 102881718 heartbeat IPC: 2.072 cumulative IPC: 1.806 (Simulation time: 08 hr 02 min 07 sec)
Heartbeat CPU 13 instructions: 200000047 cycles: 103057391 heartbeat IPC: 1.055 cumulative IPC: 1.632 (Simulation time: 08 hr 02 min 54 sec)
Heartbeat CPU 3 instructions: 310000067 cycles: 103207870 heartbeat IPC: 2.87 cumulative IPC: 2.888 (Simulation time: 08 hr 03 min 34 sec)
Heartbeat CPU 15 instructions: 430000082 cycles: 104139766 heartbeat IPC: 3.926 cumulative IPC: 4.044 (Simulation time: 08 hr 07 min 44 sec)
Heartbeat CPU 10 instructions: 190000034 cycles: 104181763 heartbeat IPC: 1.577 cumulative IPC: 1.528 (Simulation time: 08 hr 07 min 55 sec)
Heartbeat CPU 8 instructions: 430000076 cycles: 104198998 heartbeat IPC: 3.942 cumulative IPC: 4.041 (Simulation time: 08 hr 08 min 00 sec)
Heartbeat CPU 0 instructions: 310000065 cycles: 104556765 heartbeat IPC: 2.671 cumulative IPC: 2.671 (Simulation time: 08 hr 09 min 37 sec)
Heartbeat CPU 11 instructions: 400000061 cycles: 104718968 heartbeat IPC: 3.765 cumulative IPC: 3.769 (Simulation time: 08 hr 10 min 21 sec)
Heartbeat CPU 5 instructions: 380000087 cycles: 105284644 heartbeat IPC: 3.625 cumulative IPC: 3.53 (Simulation time: 08 hr 12 min 54 sec)
Heartbeat CPU 6 instructions: 360000065 cycles: 105589494 heartbeat IPC: 3.427 cumulative IPC: 3.309 (Simulation time: 08 hr 14 min 17 sec)
Heartbeat CPU 1 instructions: 220000042 cycles: 105995685 heartbeat IPC: 1.783 cumulative IPC: 1.803 (Simulation time: 08 hr 16 min 10 sec)
Heartbeat CPU 3 instructions: 320000067 cycles: 106671119 heartbeat IPC: 2.887 cumulative IPC: 2.888 (Simulation time: 08 hr 19 min 16 sec)
Heartbeat CPU 15 instructions: 440000082 cycles: 106790125 heartbeat IPC: 3.773 cumulative IPC: 4.036 (Simulation time: 08 hr 19 min 46 sec)
Heartbeat CPU 8 instructions: 440000081 cycles: 106846914 heartbeat IPC: 3.777 cumulative IPC: 4.034 (Simulation time: 08 hr 20 min 01 sec)
Heartbeat CPU 11 instructions: 410000061 cycles: 107369242 heartbeat IPC: 3.773 cumulative IPC: 3.769 (Simulation time: 08 hr 22 min 15 sec)
Heartbeat CPU 12 instructions: 230000054 cycles: 107430504 heartbeat IPC: 1.8 cumulative IPC: 1.804 (Simulation time: 08 hr 22 min 30 sec)
Heartbeat CPU 9 instructions: 250000061 cycles: 107652057 heartbeat IPC: 2.056 cumulative IPC: 2.028 (Simulation time: 08 hr 23 min 29 sec)
Heartbeat CPU 5 instructions: 390000090 cycles: 108002699 heartbeat IPC: 3.679 cumulative IPC: 3.534 (Simulation time: 08 hr 25 min 00 sec)
Heartbeat CPU 2 instructions: 230000034 cycles: 108012399 heartbeat IPC: 1.949 cumulative IPC: 1.814 (Simulation time: 08 hr 25 min 03 sec)
Heartbeat CPU 7 instructions: 210000031 cycles: 108223806 heartbeat IPC: 1.752 cumulative IPC: 1.644 (Simulation time: 08 hr 25 min 55 sec)
Heartbeat CPU 0 instructions: 320000065 cycles: 108301797 heartbeat IPC: 2.67 cumulative IPC: 2.671 (Simulation time: 08 hr 26 min 15 sec)
Heartbeat CPU 4 instructions: 290000051 cycles: 108526899 heartbeat IPC: 1.464 cumulative IPC: 2.54 (Simulation time: 08 hr 27 min 13 sec)
Heartbeat CPU 6 instructions: 370000067 cycles: 108647482 heartbeat IPC: 3.27 cumulative IPC: 3.307 (Simulation time: 08 hr 27 min 43 sec)
Heartbeat CPU 14 instructions: 170000042 cycles: 109761895 heartbeat IPC: 1.237 cumulative IPC: 1.221 (Simulation time: 08 hr 32 min 20 sec)
Heartbeat CPU 11 instructions: 420000062 cycles: 110024952 heartbeat IPC: 3.765 cumulative IPC: 3.769 (Simulation time: 08 hr 33 min 26 sec)
Heartbeat CPU 3 instructions: 330000069 cycles: 110131586 heartbeat IPC: 2.89 cumulative IPC: 2.888 (Simulation time: 08 hr 33 min 52 sec)
Heartbeat CPU 5 instructions: 400000092 cycles: 110881174 heartbeat IPC: 3.474 cumulative IPC: 3.532 (Simulation time: 08 hr 36 min 58 sec)
Heartbeat CPU 15 instructions: 450000085 cycles: 111034063 heartbeat IPC: 2.356 cumulative IPC: 3.962 (Simulation time: 08 hr 37 min 36 sec)
Heartbeat CPU 8 instructions: 450000085 cycles: 111086088 heartbeat IPC: 2.359 cumulative IPC: 3.96 (Simulation time: 08 hr 37 min 48 sec)
Heartbeat CPU 10 instructions: 200000036 cycles: 111086455 heartbeat IPC: 1.448 cumulative IPC: 1.522 (Simulation time: 08 hr 37 min 48 sec)
Heartbeat CPU 1 instructions: 230000042 cycles: 111552016 heartbeat IPC: 1.8 cumulative IPC: 1.803 (Simulation time: 08 hr 39 min 45 sec)
Heartbeat CPU 6 instructions: 380000067 cycles: 111862026 heartbeat IPC: 3.111 cumulative IPC: 3.301 (Simulation time: 08 hr 41 min 02 sec)
Heartbeat CPU 0 instructions: 330000065 cycles: 112044846 heartbeat IPC: 2.672 cumulative IPC: 2.671 (Simulation time: 08 hr 41 min 46 sec)
Heartbeat CPU 13 instructions: 210000048 cycles: 112181063 heartbeat IPC: 1.096 cumulative IPC: 1.583 (Simulation time: 08 hr 42 min 20 sec)
Heartbeat CPU 9 instructions: 260000061 cycles: 112591325 heartbeat IPC: 2.025 cumulative IPC: 2.028 (Simulation time: 08 hr 44 min 02 sec)
Simulation finished CPU 9 instructions: 200000000 cycles: 98621597 cumulative IPC: 2.028 (Simulation time: 08 hr 44 min 17 sec)
Heartbeat CPU 11 instructions: 430000065 cycles: 112676206 heartbeat IPC: 3.772 cumulative IPC: 3.769 (Simulation time: 08 hr 44 min 24 sec)
Heartbeat CPU 12 instructions: 240000054 cycles: 112963158 heartbeat IPC: 1.807 cumulative IPC: 1.804 (Simulation time: 08 hr 45 min 40 sec)
Heartbeat CPU 3 instructions: 340000071 cycles: 113592851 heartbeat IPC: 2.889 cumulative IPC: 2.888 (Simulation time: 08 hr 48 min 26 sec)
Heartbeat CPU 7 instructions: 220000031 cycles: 113825044 heartbeat IPC: 1.785 cumulative IPC: 1.652 (Simulation time: 08 hr 49 min 28 sec)
Heartbeat CPU 5 instructions: 410000095 cycles: 113838679 heartbeat IPC: 3.381 cumulative IPC: 3.528 (Simulation time: 08 hr 49 min 31 sec)
Heartbeat CPU 2 instructions: 240000034 cycles: 113846272 heartbeat IPC: 1.714 cumulative IPC: 1.808 (Simulation time: 08 hr 49 min 33 sec)
Heartbeat CPU 15 instructions: 460000088 cycles: 114377924 heartbeat IPC: 2.991 cumulative IPC: 3.93 (Simulation time: 08 hr 51 min 57 sec)
Heartbeat CPU 8 instructions: 460000088 cycles: 114440973 heartbeat IPC: 2.981 cumulative IPC: 3.928 (Simulation time: 08 hr 52 min 14 sec)
Heartbeat CPU 6 instructions: 390000068 cycles: 114855859 heartbeat IPC: 3.34 cumulative IPC: 3.302 (Simulation time: 08 hr 54 min 07 sec)
Heartbeat CPU 11 instructions: 440000066 cycles: 115330921 heartbeat IPC: 3.767 cumulative IPC: 3.769 (Simulation time: 08 hr 56 min 15 sec)
Heartbeat CPU 0 instructions: 340000067 cycles: 115788965 heartbeat IPC: 2.671 cumulative IPC: 2.671 (Simulation time: 08 hr 58 min 20 sec)
Heartbeat CPU 5 instructions: 420000096 cycles: 116653498 heartbeat IPC: 3.553 cumulative IPC: 3.528 (Simulation time: 09 hr 02 min 17 sec)
Heartbeat CPU 15 instructions: 470000092 cycles: 116705620 heartbeat IPC: 4.296 cumulative IPC: 3.938 (Simulation time: 09 hr 02 min 31 sec)
Heartbeat CPU 8 instructions: 470000092 cycles: 116791843 heartbeat IPC: 4.254 cumulative IPC: 3.935 (Simulation time: 09 hr 02 min 55 sec)
Heartbeat CPU 1 instructions: 240000045 cycles: 116989207 heartbeat IPC: 1.839 cumulative IPC: 1.805 (Simulation time: 09 hr 03 min 49 sec)
Heartbeat CPU 3 instructions: 350000075 cycles: 117053281 heartbeat IPC: 2.89 cumulative IPC: 2.888 (Simulation time: 09 hr 04 min 07 sec)
Heartbeat CPU 10 instructions: 210000036 cycles: 117256755 heartbeat IPC: 1.621 cumulative IPC: 1.528 (Simulation time: 09 hr 05 min 03 sec)
Heartbeat CPU 9 instructions: 270000061 cycles: 117544282 heartbeat IPC: 2.019 cumulative IPC: 2.028 (Simulation time: 09 hr 06 min 21 sec)
Heartbeat CPU 14 instructions: 180000047 cycles: 117885235 heartbeat IPC: 1.231 cumulative IPC: 1.222 (Simulation time: 09 hr 07 min 55 sec)
Heartbeat CPU 11 instructions: 450000067 cycles: 117977309 heartbeat IPC: 3.779 cumulative IPC: 3.769 (Simulation time: 09 hr 08 min 20 sec)
Heartbeat CPU 6 instructions: 400000068 cycles: 117993003 heartbeat IPC: 3.188 cumulative IPC: 3.299 (Simulation time: 09 hr 08 min 24 sec)
Heartbeat CPU 4 instructions: 300000051 cycles: 118276615 heartbeat IPC: 1.026 cumulative IPC: 2.398 (Simulation time: 09 hr 09 min 43 sec)
Heartbeat CPU 12 instructions: 250000058 cycles: 118504666 heartbeat IPC: 1.805 cumulative IPC: 1.804 (Simulation time: 09 hr 10 min 45 sec)
Heartbeat CPU 2 instructions: 250000038 cycles: 119231777 heartbeat IPC: 1.857 cumulative IPC: 1.81 (Simulation time: 09 hr 13 min 52 sec)
Heartbeat CPU 15 instructions: 480000095 cycles: 119340686 heartbeat IPC: 3.795 cumulative IPC: 3.935 (Simulation time: 09 hr 14 min 22 sec)
Heartbeat CPU 7 instructions: 230000033 cycles: 119382597 heartbeat IPC: 1.799 cumulative IPC: 1.66 (Simulation time: 09 hr 14 min 33 sec)
Heartbeat CPU 8 instructions: 480000095 cycles: 119449000 heartbeat IPC: 3.763 cumulative IPC: 3.931 (Simulation time: 09 hr 14 min 51 sec)
Heartbeat CPU 5 instructions: 430000098 cycles: 119475290 heartbeat IPC: 3.544 cumulative IPC: 3.529 (Simulation time: 09 hr 14 min 58 sec)
Heartbeat CPU 0 instructions: 350000068 cycles: 119533185 heartbeat IPC: 2.671 cumulative IPC: 2.671 (Simulation time: 09 hr 15 min 13 sec)
Heartbeat CPU 13 instructions: 220000049 cycles: 119756676 heartbeat IPC: 1.32 cumulative IPC: 1.564 (Simulation time: 09 hr 16 min 09 sec)
Heartbeat CPU 3 instructions: 360000076 cycles: 120513753 heartbeat IPC: 2.89 cumulative IPC: 2.888 (Simulation time: 09 hr 19 min 24 sec)
Heartbeat CPU 11 instructions: 460000067 cycles: 120656058 heartbeat IPC: 3.733 cumulative IPC: 3.768 (Simulation time: 09 hr 20 min 02 sec)
Heartbeat CPU 6 instructions: 410000068 cycles: 121071665 heartbeat IPC: 3.248 cumulative IPC: 3.297 (Simulation time: 09 hr 21 min 50 sec)
Heartbeat CPU 5 instructions: 440000102 cycles: 122348618 heartbeat IPC: 3.48 cumulative IPC: 3.527 (Simulation time: 09 hr 27 min 19 sec)
Heartbeat CPU 1 instructions: 250000049 cycles: 122510645 heartbeat IPC: 1.811 cumulative IPC: 1.805 (Simulation time: 09 hr 28 min 01 sec)
Heartbeat CPU 9 instructions: 280000061 cycles: 122532112 heartbeat IPC: 2.005 cumulative IPC: 2.027 (Simulation time: 09 hr 28 min 06 sec)
Heartbeat CPU 15 instructions: 490000099 cycles: 122614435 heartbeat IPC: 3.055 cumulative IPC: 3.908 (Simulation time: 09 hr 28 min 27 sec)
Heartbeat CPU 8 instructions: 490000099 cycles: 122719461 heartbeat IPC: 3.058 cumulative IPC: 3.905 (Simulation time: 09 hr 28 min 54 sec)
Heartbeat CPU 0 instructions: 360000070 cycles: 123276763 heartbeat IPC: 2.671 cumulative IPC: 2.671 (Simulation time: 09 hr 31 min 17 sec)
Heartbeat CPU 11 instructions: 470000072 cycles: 123293372 heartbeat IPC: 3.792 cumulative IPC: 3.769 (Simulation time: 09 hr 31 min 22 sec)
Heartbeat CPU 10 instructions: 220000036 cycles: 123768272 heartbeat IPC: 1.536 cumulative IPC: 1.529 (Simulation time: 09 hr 33 min 25 sec)
Heartbeat CPU 3 instructions: 370000078 cycles: 123974158 heartbeat IPC: 2.89 cumulative IPC: 2.888 (Simulation time: 09 hr 34 min 18 sec)
Heartbeat CPU 12 instructions: 260000059 cycles: 124048671 heartbeat IPC: 1.804 cumulative IPC: 1.804 (Simulation time: 09 hr 34 min 37 sec)
Heartbeat CPU 6 instructions: 420000071 cycles: 124222890 heartbeat IPC: 3.173 cumulative IPC: 3.294 (Simulation time: 09 hr 35 min 22 sec)
Simulation finished CPU 1 instructions: 200000001 cycles: 110822013 cumulative IPC: 1.805 (Simulation time: 09 hr 38 min 09 sec)
Simulation finished CPU 12 instructions: 200000002 cycles: 110845820 cumulative IPC: 1.804 (Simulation time: 09 hr 38 min 16 sec)
Heartbeat CPU 7 instructions: 240000035 cycles: 124904971 heartbeat IPC: 1.811 cumulative IPC: 1.668 (Simulation time: 09 hr 38 min 24 sec)
Heartbeat CPU 5 instructions: 450000104 cycles: 125147055 heartbeat IPC: 3.573 cumulative IPC: 3.529 (Simulation time: 09 hr 39 min 27 sec)
Simulation finished CPU 2 instructions: 200000000 cycles: 111149439 cumulative IPC: 1.799 (Simulation time: 09 hr 39 min 35 sec)
Heartbeat CPU 2 instructions: 260000043 cycles: 125440826 heartbeat IPC: 1.611 cumulative IPC: 1.799 (Simulation time: 09 hr 40 min 43 sec)
Heartbeat CPU 15 instructions: 500000103 cycles: 125593735 heartbeat IPC: 3.356 cumulative IPC: 3.894 (Simulation time: 09 hr 41 min 22 sec)
Heartbeat CPU 8 instructions: 500000103 cycles: 125703848 heartbeat IPC: 3.351 cumulative IPC: 3.89 (Simulation time: 09 hr 41 min 50 sec)
Heartbeat CPU 11 instructions: 480000073 cycles: 125928525 heartbeat IPC: 3.795 cumulative IPC: 3.77 (Simulation time: 09 hr 42 min 50 sec)
Heartbeat CPU 14 instructions: 190000047 cycles: 125972482 heartbeat IPC: 1.237 cumulative IPC: 1.223 (Simulation time: 09 hr 43 min 02 sec)
Heartbeat CPU 13 instructions: 230000054 cycles: 126210053 heartbeat IPC: 1.55 cumulative IPC: 1.563 (Simulation time: 09 hr 44 min 05 sec)
Heartbeat CPU 4 instructions: 310000054 cycles: 126407172 heartbeat IPC: 1.23 cumulative IPC: 2.314 (Simulation time: 09 hr 44 min 57 sec)
Heartbeat CPU 0 instructions: 370000070 cycles: 127021362 heartbeat IPC: 2.671 cumulative IPC: 2.671 (Simulation time: 09 hr 47 min 40 sec)
Heartbeat CPU 6 instructions: 430000072 cycles: 127424100 heartbeat IPC: 3.124 cumulative IPC: 3.289 (Simulation time: 09 hr 49 min 33 sec)
Heartbeat CPU 3 instructions: 380000083 cycles: 127434544 heartbeat IPC: 2.89 cumulative IPC: 2.888 (Simulation time: 09 hr 49 min 36 sec)
Heartbeat CPU 9 instructions: 290000061 cycles: 127485444 heartbeat IPC: 2.019 cumulative IPC: 2.026 (Simulation time: 09 hr 49 min 49 sec)
Heartbeat CPU 5 instructions: 460000108 cycles: 127987007 heartbeat IPC: 3.521 cumulative IPC: 3.528 (Simulation time: 09 hr 52 min 03 sec)
Heartbeat CPU 1 instructions: 260000049 cycles: 128054966 heartbeat IPC: 1.804 cumulative IPC: 1.805 (Simulation time: 09 hr 52 min 21 sec)
Heartbeat CPU 15 instructions: 510000105 cycles: 128494673 heartbeat IPC: 3.447 cumulative IPC: 3.882 (Simulation time: 09 hr 54 min 22 sec)
Heartbeat CPU 11 instructions: 490000073 cycles: 128565673 heartbeat IPC: 3.792 cumulative IPC: 3.77 (Simulation time: 09 hr 54 min 43 sec)
Heartbeat CPU 8 instructions: 510000105 cycles: 128625841 heartbeat IPC: 3.422 cumulative IPC: 3.878 (Simulation time: 09 hr 54 min 59 sec)
Heartbeat CPU 12 instructions: 270000059 cycles: 129578526 heartbeat IPC: 1.808 cumulative IPC: 1.805 (Simulation time: 09 hr 59 min 18 sec)
Heartbeat CPU 10 instructions: 230000038 cycles: 130231660 heartbeat IPC: 1.547 cumulative IPC: 1.53 (Simulation time: 10 hr 02 min 19 sec)
Heartbeat CPU 7 instructions: 250000037 cycles: 130438158 heartbeat IPC: 1.807 cumulative IPC: 1.674 (Simulation time: 10 hr 03 min 13 sec)
Heartbeat CPU 6 instructions: 440000075 cycles: 130662876 heartbeat IPC: 3.088 cumulative IPC: 3.283 (Simulation time: 10 hr 04 min 15 sec)
Heartbeat CPU 5 instructions: 470000111 cycles: 130724262 heartbeat IPC: 3.653 cumulative IPC: 3.531 (Simulation time: 10 hr 04 min 32 sec)
Heartbeat CPU 0 instructions: 380000070 cycles: 130768059 heartbeat IPC: 2.669 cumulative IPC: 2.671 (Simulation time: 10 hr 04 min 44 sec)
Heartbeat CPU 3 instructions: 390000088 cycles: 130894997 heartbeat IPC: 2.89 cumulative IPC: 2.888 (Simulation time: 10 hr 05 min 18 sec)
Heartbeat CPU 11 instructions: 500000075 cycles: 131206155 heartbeat IPC: 3.787 cumulative IPC: 3.77 (Simulation time: 10 hr 06 min 45 sec)
Heartbeat CPU 15 instructions: 520000108 cycles: 131494070 heartbeat IPC: 3.334 cumulative IPC: 3.868 (Simulation time: 10 hr 08 min 02 sec)
Heartbeat CPU 8 instructions: 520000108 cycles: 131625136 heartbeat IPC: 3.334 cumulative IPC: 3.864 (Simulation time: 10 hr 08 min 37 sec)
Heartbeat CPU 2 instructions: 270000045 cycles: 131643983 heartbeat IPC: 1.612 cumulative IPC: 1.789 (Simulation time: 10 hr 08 min 42 sec)
Heartbeat CPU 9 instructions: 300000063 cycles: 132435117 heartbeat IPC: 2.02 cumulative IPC: 2.026 (Simulation time: 10 hr 12 min 19 sec)
Heartbeat CPU 13 instructions: 240000054 cycles: 133000919 heartbeat IPC: 1.473 cumulative IPC: 1.558 (Simulation time: 10 hr 14 min 54 sec)
Simulation finished CPU 7 instructions: 200000005 cycles: 119258484 cumulative IPC: 1.677 (Simulation time: 10 hr 16 min 14 sec)
Heartbeat CPU 5 instructions: 480000114 cycles: 133468790 heartbeat IPC: 3.644 cumulative IPC: 3.534 (Simulation time: 10 hr 17 min 05 sec)
Heartbeat CPU 14 instructions: 200000050 cycles: 133560974 heartbeat IPC: 1.318 cumulative IPC: 1.229 (Simulation time: 10 hr 17 min 30 sec)
Heartbeat CPU 1 instructions: 270000053 cycles: 133574264 heartbeat IPC: 1.812 cumulative IPC: 1.805 (Simulation time: 10 hr 17 min 34 sec)
Heartbeat CPU 11 instructions: 510000076 cycles: 133845166 heartbeat IPC: 3.789 cumulative IPC: 3.771 (Simulation time: 10 hr 18 min 50 sec)
Heartbeat CPU 6 instructions: 450000078 cycles: 134161992 heartbeat IPC: 2.858 cumulative IPC: 3.271 (Simulation time: 10 hr 20 min 17 sec)
Heartbeat CPU 3 instructions: 400000089 cycles: 134355392 heartbeat IPC: 2.89 cumulative IPC: 2.888 (Simulation time: 10 hr 21 min 10 sec)
Heartbeat CPU 15 instructions: 530000111 cycles: 134476852 heartbeat IPC: 3.353 cumulative IPC: 3.855 (Simulation time: 10 hr 21 min 42 sec)
Heartbeat CPU 0 instructions: 390000073 cycles: 134515418 heartbeat IPC: 2.669 cumulative IPC: 2.671 (Simulation time: 10 hr 21 min 53 sec)
Heartbeat CPU 8 instructions: 530000111 cycles: 134623721 heartbeat IPC: 3.335 cumulative IPC: 3.851 (Simulation time: 10 hr 22 min 22 sec)
Heartbeat CPU 12 instructions: 280000061 cycles: 135135353 heartbeat IPC: 1.8 cumulative IPC: 1.804 (Simulation time: 10 hr 24 min 44 sec)
Heartbeat CPU 4 instructions: 320000059 cycles: 135168566 heartbeat IPC: 1.141 cumulative IPC: 2.229 (Simulation time: 10 hr 24 min 53 sec)
Heartbeat CPU 7 instructions: 260000037 cycles: 136023006 heartbeat IPC: 1.791 cumulative IPC: 1.68 (Simulation time: 10 hr 28 min 48 sec)
Heartbeat CPU 5 instructions: 490000117 cycles: 136228148 heartbeat IPC: 3.624 cumulative IPC: 3.536 (Simulation time: 10 hr 29 min 45 sec)
Heartbeat CPU 11 instructions: 520000076 cycles: 136481715 heartbeat IPC: 3.793 cumulative IPC: 3.771 (Simulation time: 10 hr 30 min 54 sec)
Heartbeat CPU 6 instructions: 460000083 cycles: 137051019 heartbeat IPC: 3.461 cumulative IPC: 3.275 (Simulation time: 10 hr 33 min 26 sec)
Heartbeat CPU 10 instructions: 240000043 cycles: 137277003 heartbeat IPC: 1.419 cumulative IPC: 1.523 (Simulation time: 10 hr 34 min 27 sec)
Heartbeat CPU 9 instructions: 310000067 cycles: 137331313 heartbeat IPC: 2.042 cumulative IPC: 2.027 (Simulation time: 10 hr 34 min 42 sec)
Heartbeat CPU 15 instructions: 540000111 cycles: 137429662 heartbeat IPC: 3.387 cumulative IPC: 3.844 (Simulation time: 10 hr 35 min 09 sec)
Heartbeat CPU 8 instructions: 540000111 cycles: 137589689 heartbeat IPC: 3.372 cumulative IPC: 3.839 (Simulation time: 10 hr 35 min 53 sec)
Heartbeat CPU 2 instructions: 280000045 cycles: 137779501 heartbeat IPC: 1.63 cumulative IPC: 1.781 (Simulation time: 10 hr 36 min 45 sec)
Heartbeat CPU 3 instructions: 410000090 cycles: 137815867 heartbeat IPC: 2.89 cumulative IPC: 2.888 (Simulation time: 10 hr 36 min 55 sec)
Heartbeat CPU 0 instructions: 400000076 cycles: 138260036 heartbeat IPC: 2.671 cumulative IPC: 2.671 (Simulation time: 10 hr 38 min 53 sec)
Heartbeat CPU 13 instructions: 250000054 cycles: 138558290 heartbeat IPC: 1.799 cumulative IPC: 1.569 (Simulation time: 10 hr 40 min 13 sec)
Heartbeat CPU 5 instructions: 500000119 cycles: 138974324 heartbeat IPC: 3.641 cumulative IPC: 3.538 (Simulation time: 10 hr 42 min 05 sec)
Heartbeat CPU 1 instructions: 280000057 cycles: 139064677 heartbeat IPC: 1.821 cumulative IPC: 1.806 (Simulation time: 10 hr 42 min 30 sec)
Heartbeat CPU 11 instructions: 530000077 cycles: 139118647 heartbeat IPC: 3.792 cumulative IPC: 3.772 (Simulation time: 10 hr 42 min 44 sec)
Heartbeat CPU 4 instructions: 330000059 cycles: 139820801 heartbeat IPC: 2.15 cumulative IPC: 2.226 (Simulation time: 10 hr 45 min 54 sec)
Heartbeat CPU 6 instructions: 470000087 cycles: 140082563 heartbeat IPC: 3.299 cumulative IPC: 3.276 (Simulation time: 10 hr 47 min 04 sec)
Heartbeat CPU 15 instructions: 550000112 cycles: 140292556 heartbeat IPC: 3.493 cumulative IPC: 3.836 (Simulation time: 10 hr 48 min 01 sec)
Heartbeat CPU 8 instructions: 550000112 cycles: 140468368 heartbeat IPC: 3.474 cumulative IPC: 3.831 (Simulation time: 10 hr 48 min 49 sec)
Heartbeat CPU 12 instructions: 290000062 cycles: 140649554 heartbeat IPC: 1.813 cumulative IPC: 1.805 (Simulation time: 10 hr 49 min 38 sec)
Simulation finished CPU 13 instructions: 200000004 cycles: 126779405 cumulative IPC: 1.578 (Simulation time: 10 hr 50 min 21 sec)
Heartbeat CPU 3 instructions: 420000090 cycles: 141276336 heartbeat IPC: 2.89 cumulative IPC: 2.888 (Simulation time: 10 hr 52 min 28 sec)
Heartbeat CPU 7 instructions: 270000037 cycles: 141601633 heartbeat IPC: 1.793 cumulative IPC: 1.684 (Simulation time: 10 hr 53 min 57 sec)
Heartbeat CPU 5 instructions: 510000123 cycles: 141749540 heartbeat IPC: 3.603 cumulative IPC: 3.54 (Simulation time: 10 hr 54 min 38 sec)
Heartbeat CPU 11 instructions: 540000080 cycles: 141754150 heartbeat IPC: 3.794 cumulative IPC: 3.772 (Simulation time: 10 hr 54 min 40 sec)
Heartbeat CPU 0 instructions: 410000080 cycles: 142003964 heartbeat IPC: 2.671 cumulative IPC: 2.671 (Simulation time: 10 hr 55 min 46 sec)
Heartbeat CPU 9 instructions: 320000072 cycles: 142199789 heartbeat IPC: 2.054 cumulative IPC: 2.028 (Simulation time: 10 hr 56 min 37 sec)
Heartbeat CPU 14 instructions: 210000050 cycles: 142492009 heartbeat IPC: 1.12 cumulative IPC: 1.221 (Simulation time: 10 hr 57 min 56 sec)
Heartbeat CPU 13 instructions: 260000055 cycles: 142908474 heartbeat IPC: 2.299 cumulative IPC: 1.593 (Simulation time: 10 hr 59 min 50 sec)
Heartbeat CPU 15 instructions: 560000115 cycles: 143226709 heartbeat IPC: 3.408 cumulative IPC: 3.827 (Simulation time: 11 hr 01 min 16 sec)
Heartbeat CPU 6 instructions: 480000089 cycles: 143250126 heartbeat IPC: 3.157 cumulative IPC: 3.273 (Simulation time: 11 hr 01 min 23 sec)
Heartbeat CPU 8 instructions: 560000115 cycles: 143415730 heartbeat IPC: 3.393 cumulative IPC: 3.821 (Simulation time: 11 hr 02 min 08 sec)
Heartbeat CPU 2 instructions: 290000045 cycles: 143950581 heartbeat IPC: 1.62 cumulative IPC: 1.774 (Simulation time: 11 hr 04 min 32 sec)
Heartbeat CPU 10 instructions: 250000047 cycles: 144158139 heartbeat IPC: 1.453 cumulative IPC: 1.52 (Simulation time: 11 hr 05 min 29 sec)
Heartbeat CPU 11 instructions: 550000081 cycles: 144392098 heartbeat IPC: 3.791 cumulative IPC: 3.773 (Simulation time: 11 hr 06 min 34 sec)
Heartbeat CPU 5 instructions: 520000125 cycles: 144510258 heartbeat IPC: 3.622 cumulative IPC: 3.541 (Simulation time: 11 hr 07 min 06 sec)
Heartbeat CPU 1 instructions: 290000057 cycles: 144644149 heartbeat IPC: 1.792 cumulative IPC: 1.805 (Simulation time: 11 hr 07 min 43 sec)
Heartbeat CPU 3 instructions: 430000094 cycles: 144736649 heartbeat IPC: 2.89 cumulative IPC: 2.888 (Simulation time: 11 hr 08 min 08 sec)
Heartbeat CPU 4 instructions: 340000059 cycles: 144756308 heartbeat IPC: 2.026 cumulative IPC: 2.218 (Simulation time: 11 hr 08 min 13 sec)
Simulation finished CPU 10 instructions: 200000001 cycles: 131674430 cumulative IPC: 1.519 (Simulation time: 11 hr 12 min 33 sec)
Heartbeat CPU 0 instructions: 420000083 cycles: 145748336 heartbeat IPC: 2.671 cumulative IPC: 2.671 (Simulation time: 11 hr 12 min 45 sec)
Heartbeat CPU 6 instructions: 490000089 cycles: 146130476 heartbeat IPC: 3.472 cumulative IPC: 3.277 (Simulation time: 11 hr 14 min 27 sec)
Heartbeat CPU 15 instructions: 570000117 cycles: 146159890 heartbeat IPC: 3.409 cumulative IPC: 3.817 (Simulation time: 11 hr 14 min 35 sec)
Heartbeat CPU 12 instructions: 300000067 cycles: 146205547 heartbeat IPC: 1.8 cumulative IPC: 1.805 (Simulation time: 11 hr 14 min 48 sec)
Heartbeat CPU 8 instructions: 570000117 cycles: 146352740 heartbeat IPC: 3.405 cumulative IPC: 3.812 (Simulation time: 11 hr 15 min 29 sec)
Heartbeat CPU 13 instructions: 270000056 cycles: 146814519 heartbeat IPC: 2.56 cumulative IPC: 1.622 (Simulation time: 11 hr 17 min 36 sec)
Heartbeat CPU 11 instructions: 560000082 cycles: 147030015 heartbeat IPC: 3.791 cumulative IPC: 3.773 (Simulation time: 11 hr 18 min 34 sec)
Heartbeat CPU 9 instructions: 330000074 cycles: 147060221 heartbeat IPC: 2.057 cumulative IPC: 2.029 (Simulation time: 11 hr 18 min 42 sec)
Heartbeat CPU 7 instructions: 280000038 cycles: 147144884 heartbeat IPC: 1.804 cumulative IPC: 1.689 (Simulation time: 11 hr 19 min 06 sec)
Heartbeat CPU 5 instructions: 530000126 cycles: 147246607 heartbeat IPC: 3.655 cumulative IPC: 3.544 (Simulation time: 11 hr 19 min 34 sec)
Heartbeat CPU 3 instructions: 440000098 cycles: 148197081 heartbeat IPC: 2.89 cumulative IPC: 2.888 (Simulation time: 11 hr 23 min 52 sec)
Heartbeat CPU 15 instructions: 580000117 cycles: 149110920 heartbeat IPC: 3.389 cumulative IPC: 3.808 (Simulation time: 11 hr 27 min 47 sec)
Heartbeat CPU 8 instructions: 580000117 cycles: 149306699 heartbeat IPC: 3.385 cumulative IPC: 3.802 (Simulation time: 11 hr 28 min 36 sec)
Heartbeat CPU 6 instructions: 500000091 cycles: 149350580 heartbeat IPC: 3.105 cumulative IPC: 3.273 (Simulation time: 11 hr 28 min 47 sec)
Heartbeat CPU 0 instructions: 430000088 cycles: 149491507 heartbeat IPC: 2.672 cumulative IPC: 2.671 (Simulation time: 11 hr 29 min 22 sec)
Heartbeat CPU 11 instructions: 570000082 cycles: 149667199 heartbeat IPC: 3.792 cumulative IPC: 3.773 (Simulation time: 11 hr 30 min 08 sec)
Heartbeat CPU 2 instructions: 300000045 cycles: 149879589 heartbeat IPC: 1.687 cumulative IPC: 1.77 (Simulation time: 11 hr 31 min 05 sec)
Heartbeat CPU 5 instructions: 540000126 cycles: 150035486 heartbeat IPC: 3.586 cumulative IPC: 3.545 (Simulation time: 11 hr 31 min 47 sec)
Heartbeat CPU 1 instructions: 300000062 cycles: 150253884 heartbeat IPC: 1.783 cumulative IPC: 1.804 (Simulation time: 11 hr 32 min 44 sec)
Heartbeat CPU 14 instructions: 220000052 cycles: 150581511 heartbeat IPC: 1.236 cumulative IPC: 1.222 (Simulation time: 11 hr 34 min 10 sec)
Heartbeat CPU 10 instructions: 260000050 cycles: 150826396 heartbeat IPC: 1.5 cumulative IPC: 1.519 (Simulation time: 11 hr 35 min 14 sec)
Heartbeat CPU 4 instructions: 350000060 cycles: 151392492 heartbeat IPC: 1.507 cumulative IPC: 2.184 (Simulation time: 11 hr 37 min 43 sec)
Heartbeat CPU 3 instructions: 450000098 cycles: 151657509 heartbeat IPC: 2.89 cumulative IPC: 2.888 (Simulation time: 11 hr 38 min 53 sec)
Heartbeat CPU 12 instructions: 310000067 cycles: 151713940 heartbeat IPC: 1.815 cumulative IPC: 1.805 (Simulation time: 11 hr 39 min 08 sec)
Heartbeat CPU 9 instructions: 340000076 cycles: 151903404 heartbeat IPC: 2.065 cumulative IPC: 2.03 (Simulation time: 11 hr 39 min 57 sec)
Heartbeat CPU 15 instructions: 590000120 cycles: 152091268 heartbeat IPC: 3.355 cumulative IPC: 3.798 (Simulation time: 11 hr 40 min 44 sec)
Heartbeat CPU 8 instructions: 590000120 cycles: 152284048 heartbeat IPC: 3.359 cumulative IPC: 3.793 (Simulation time: 11 hr 41 min 32 sec)
Heartbeat CPU 11 instructions: 580000087 cycles: 152303813 heartbeat IPC: 3.793 cumulative IPC: 3.774 (Simulation time: 11 hr 41 min 37 sec)
Heartbeat CPU 6 instructions: 510000093 cycles: 152427904 heartbeat IPC: 3.25 cumulative IPC: 3.273 (Simulation time: 11 hr 42 min 08 sec)
Heartbeat CPU 7 instructions: 290000040 cycles: 152721275 heartbeat IPC: 1.793 cumulative IPC: 1.694 (Simulation time: 11 hr 43 min 24 sec)
Heartbeat CPU 5 instructions: 550000130 cycles: 152817840 heartbeat IPC: 3.594 cumulative IPC: 3.546 (Simulation time: 11 hr 43 min 50 sec)
Heartbeat CPU 0 instructions: 440000090 cycles: 153234930 heartbeat IPC: 2.671 cumulative IPC: 2.671 (Simulation time: 11 hr 45 min 37 sec)
Heartbeat CPU 2 instructions: 310000046 cycles: 154776421 heartbeat IPC: 2.042 cumulative IPC: 1.779 (Simulation time: 11 hr 52 min 20 sec)
Heartbeat CPU 11 instructions: 590000092 cycles: 154941654 heartbeat IPC: 3.791 cumulative IPC: 3.774 (Simulation time: 11 hr 53 min 03 sec)
Heartbeat CPU 15 instructions: 600000121 cycles: 154988359 heartbeat IPC: 3.452 cumulative IPC: 3.791 (Simulation time: 11 hr 53 min 15 sec)
Heartbeat CPU 3 instructions: 460000098 cycles: 155117863 heartbeat IPC: 2.89 cumulative IPC: 2.888 (Simulation time: 11 hr 53 min 50 sec)
Heartbeat CPU 8 instructions: 600000121 cycles: 155186449 heartbeat IPC: 3.445 cumulative IPC: 3.786 (Simulation time: 11 hr 54 min 09 sec)
Heartbeat CPU 6 instructions: 520000098 cycles: 155288311 heartbeat IPC: 3.496 cumulative IPC: 3.277 (Simulation time: 11 hr 54 min 36 sec)
Heartbeat CPU 13 instructions: 280000061 cycles: 155331252 heartbeat IPC: 1.174 cumulative IPC: 1.595 (Simulation time: 11 hr 54 min 47 sec)
Heartbeat CPU 5 instructions: 560000131 cycles: 155744262 heartbeat IPC: 3.417 cumulative IPC: 3.543 (Simulation time: 11 hr 56 min 34 sec)
Heartbeat CPU 1 instructions: 310000062 cycles: 155806234 heartbeat IPC: 1.801 cumulative IPC: 1.804 (Simulation time: 11 hr 56 min 49 sec)
Heartbeat CPU 9 instructions: 350000079 cycles: 156756452 heartbeat IPC: 2.061 cumulative IPC: 2.031 (Simulation time: 12 hr 00 min 55 sec)
Heartbeat CPU 0 instructions: 450000095 cycles: 156979507 heartbeat IPC: 2.671 cumulative IPC: 2.671 (Simulation time: 12 hr 01 min 53 sec)
Heartbeat CPU 12 instructions: 320000068 cycles: 157270234 heartbeat IPC: 1.8 cumulative IPC: 1.805 (Simulation time: 12 hr 03 min 09 sec)
Heartbeat CPU 10 instructions: 270000054 cycles: 157453931 heartbeat IPC: 1.509 cumulative IPC: 1.518 (Simulation time: 12 hr 03 min 57 sec)
Heartbeat CPU 11 instructions: 600000093 cycles: 157578130 heartbeat IPC: 3.793 cumulative IPC: 3.774 (Simulation time: 12 hr 04 min 29 sec)
Heartbeat CPU 15 instructions: 610000124 cycles: 157898268 heartbeat IPC: 3.437 cumulative IPC: 3.784 (Simulation time: 12 hr 05 min 52 sec)
Heartbeat CPU 8 instructions: 610000124 cycles: 158105388 heartbeat IPC: 3.426 cumulative IPC: 3.778 (Simulation time: 12 hr 06 min 48 sec)
Heartbeat CPU 7 instructions: 300000044 cycles: 158220571 heartbeat IPC: 1.818 cumulative IPC: 1.698 (Simulation time: 12 hr 07 min 19 sec)
Heartbeat CPU 3 instructions: 470000099 cycles: 158578307 heartbeat IPC: 2.89 cumulative IPC: 2.888 (Simulation time: 12 hr 08 min 52 sec)
Heartbeat CPU 6 instructions: 530000100 cycles: 158621918 heartbeat IPC: 3 cumulative IPC: 3.271 (Simulation time: 12 hr 09 min 04 sec)
Heartbeat CPU 5 instructions: 570000131 cycles: 158635106 heartbeat IPC: 3.459 cumulative IPC: 3.541 (Simulation time: 12 hr 09 min 07 sec)
Heartbeat CPU 14 instructions: 230000052 cycles: 158694661 heartbeat IPC: 1.233 cumulative IPC: 1.223 (Simulation time: 12 hr 09 min 23 sec)
Heartbeat CPU 11 instructions: 610000095 cycles: 160215462 heartbeat IPC: 3.792 cumulative IPC: 3.775 (Simulation time: 12 hr 16 min 01 sec)
Heartbeat CPU 0 instructions: 460000097 cycles: 160723897 heartbeat IPC: 2.671 cumulative IPC: 2.671 (Simulation time: 12 hr 18 min 17 sec)
Heartbeat CPU 15 instructions: 620000126 cycles: 160851517 heartbeat IPC: 3.386 cumulative IPC: 3.776 (Simulation time: 12 hr 18 min 51 sec)
Heartbeat CPU 8 instructions: 620000127 cycles: 161072064 heartbeat IPC: 3.371 cumulative IPC: 3.77 (Simulation time: 12 hr 19 min 48 sec)
Heartbeat CPU 1 instructions: 320000063 cycles: 161385502 heartbeat IPC: 1.792 cumulative IPC: 1.804 (Simulation time: 12 hr 21 min 11 sec)
Heartbeat CPU 4 instructions: 360000063 cycles: 161493113 heartbeat IPC: 0.99 cumulative IPC: 2.102 (Simulation time: 12 hr 21 min 40 sec)
Heartbeat CPU 9 instructions: 360000079 cycles: 161596834 heartbeat IPC: 2.066 cumulative IPC: 2.032 (Simulation time: 12 hr 22 min 07 sec)
Heartbeat CPU 5 instructions: 580000133 cycles: 161623970 heartbeat IPC: 3.346 cumulative IPC: 3.537 (Simulation time: 12 hr 22 min 14 sec)
Heartbeat CPU 13 instructions: 290000063 cycles: 161919170 heartbeat IPC: 1.518 cumulative IPC: 1.591 (Simulation time: 12 hr 23 min 31 sec)
Heartbeat CPU 6 instructions: 540000102 cycles: 161943062 heartbeat IPC: 3.011 cumulative IPC: 3.265 (Simulation time: 12 hr 23 min 37 sec)
Heartbeat CPU 3 instructions: 480000103 cycles: 162038729 heartbeat IPC: 2.89 cumulative IPC: 2.889 (Simulation time: 12 hr 24 min 03 sec)
Heartbeat CPU 12 instructions: 330000072 cycles: 162785548 heartbeat IPC: 1.813 cumulative IPC: 1.805 (Simulation time: 12 hr 27 min 21 sec)
Heartbeat CPU 11 instructions: 620000096 cycles: 162852966 heartbeat IPC: 3.791 cumulative IPC: 3.775 (Simulation time: 12 hr 27 min 39 sec)
Heartbeat CPU 2 instructions: 320000049 cycles: 162954237 heartbeat IPC: 1.223 cumulative IPC: 1.749 (Simulation time: 12 hr 28 min 06 sec)
Heartbeat CPU 15 instructions: 630000127 cycles: 163743185 heartbeat IPC: 3.458 cumulative IPC: 3.77 (Simulation time: 12 hr 31 min 39 sec)
Heartbeat CPU 7 instructions: 310000048 cycles: 163769854 heartbeat IPC: 1.802 cumulative IPC: 1.702 (Simulation time: 12 hr 31 min 46 sec)
Heartbeat CPU 10 instructions: 280000054 cycles: 163840376 heartbeat IPC: 1.566 cumulative IPC: 1.52 (Simulation time: 12 hr 32 min 05 sec)
Heartbeat CPU 8 instructions: 630000127 cycles: 163976734 heartbeat IPC: 3.443 cumulative IPC: 3.764 (Simulation time: 12 hr 32 min 41 sec)
Heartbeat CPU 5 instructions: 590000138 cycles: 164414649 heartbeat IPC: 3.583 cumulative IPC: 3.538 (Simulation time: 12 hr 34 min 39 sec)
Heartbeat CPU 0 instructions: 470000098 cycles: 164467794 heartbeat IPC: 2.671 cumulative IPC: 2.671 (Simulation time: 12 hr 34 min 54 sec)
Heartbeat CPU 6 instructions: 550000106 cycles: 164933120 heartbeat IPC: 3.344 cumulative IPC: 3.267 (Simulation time: 12 hr 37 min 01 sec)
Heartbeat CPU 11 instructions: 630000097 cycles: 165489123 heartbeat IPC: 3.793 cumulative IPC: 3.775 (Simulation time: 12 hr 39 min 29 sec)
Heartbeat CPU 3 instructions: 490000107 cycles: 165499122 heartbeat IPC: 2.89 cumulative IPC: 2.889 (Simulation time: 12 hr 39 min 32 sec)
Heartbeat CPU 9 instructions: 370000080 cycles: 166427407 heartbeat IPC: 2.07 cumulative IPC: 2.033 (Simulation time: 12 hr 43 min 40 sec)
Heartbeat CPU 13 instructions: 300000064 cycles: 166638105 heartbeat IPC: 2.119 cumulative IPC: 1.608 (Simulation time: 12 hr 44 min 37 sec)
Heartbeat CPU 15 instructions: 640000131 cycles: 166682965 heartbeat IPC: 3.402 cumulative IPC: 3.763 (Simulation time: 12 hr 44 min 49 sec)
Heartbeat CPU 14 instructions: 240000052 cycles: 166792404 heartbeat IPC: 1.235 cumulative IPC: 1.223 (Simulation time: 12 hr 45 min 19 sec)
Heartbeat CPU 1 instructions: 330000063 cycles: 166887865 heartbeat IPC: 1.817 cumulative IPC: 1.804 (Simulation time: 12 hr 45 min 44 sec)
Heartbeat CPU 8 instructions: 640000130 cycles: 166932802 heartbeat IPC: 3.383 cumulative IPC: 3.756 (Simulation time: 12 hr 45 min 57 sec)
Heartbeat CPU 5 instructions: 600000138 cycles: 167143699 heartbeat IPC: 3.664 cumulative IPC: 3.54 (Simulation time: 12 hr 46 min 52 sec)
Heartbeat CPU 6 instructions: 560000108 cycles: 167570278 heartbeat IPC: 3.792 cumulative IPC: 3.276 (Simulation time: 12 hr 48 min 46 sec)
Heartbeat CPU 11 instructions: 640000098 cycles: 168127989 heartbeat IPC: 3.79 cumulative IPC: 3.776 (Simulation time: 12 hr 51 min 14 sec)
Heartbeat CPU 0 instructions: 480000103 cycles: 168212896 heartbeat IPC: 2.67 cumulative IPC: 2.671 (Simulation time: 12 hr 51 min 37 sec)
Heartbeat CPU 12 instructions: 340000076 cycles: 168335273 heartbeat IPC: 1.802 cumulative IPC: 1.805 (Simulation time: 12 hr 52 min 09 sec)
Heartbeat CPU 3 instructions: 500000108 cycles: 168959588 heartbeat IPC: 2.89 cumulative IPC: 2.889 (Simulation time: 12 hr 54 min 56 sec)
Heartbeat CPU 7 instructions: 320000051 cycles: 169341069 heartbeat IPC: 1.795 cumulative IPC: 1.706 (Simulation time: 12 hr 56 min 39 sec)
Heartbeat CPU 15 instructions: 650000136 cycles: 169615727 heartbeat IPC: 3.41 cumulative IPC: 3.756 (Simulation time: 12 hr 57 min 52 sec)
Heartbeat CPU 5 instructions: 610000139 cycles: 169821542 heartbeat IPC: 3.734 cumulative IPC: 3.544 (Simulation time: 12 hr 58 min 48 sec)
Heartbeat CPU 8 instructions: 650000130 cycles: 169868354 heartbeat IPC: 3.407 cumulative IPC: 3.75 (Simulation time: 12 hr 59 min 00 sec)
Heartbeat CPU 6 instructions: 570000110 cycles: 170208201 heartbeat IPC: 3.791 cumulative IPC: 3.284 (Simulation time: 13 hr 00 min 31 sec)
Heartbeat CPU 11 instructions: 650000100 cycles: 170765993 heartbeat IPC: 3.791 cumulative IPC: 3.776 (Simulation time: 13 hr 02 min 58 sec)
Heartbeat CPU 10 instructions: 290000057 cycles: 170803071 heartbeat IPC: 1.436 cumulative IPC: 1.516 (Simulation time: 13 hr 03 min 08 sec)
Heartbeat CPU 4 instructions: 370000063 cycles: 171079965 heartbeat IPC: 1.043 cumulative IPC: 2.038 (Simulation time: 13 hr 04 min 22 sec)
Heartbeat CPU 9 instructions: 380000081 cycles: 171256120 heartbeat IPC: 2.071 cumulative IPC: 2.035 (Simulation time: 13 hr 05 min 09 sec)
Heartbeat CPU 13 instructions: 310000064 cycles: 171533169 heartbeat IPC: 2.043 cumulative IPC: 1.621 (Simulation time: 13 hr 06 min 23 sec)
Heartbeat CPU 0 instructions: 490000105 cycles: 171956830 heartbeat IPC: 2.671 cumulative IPC: 2.671 (Simulation time: 13 hr 08 min 14 sec)
Heartbeat CPU 2 instructions: 330000051 cycles: 172368175 heartbeat IPC: 1.062 cumulative IPC: 1.708 (Simulation time: 13 hr 10 min 03 sec)
Heartbeat CPU 3 instructions: 510000108 cycles: 172427198 heartbeat IPC: 2.884 cumulative IPC: 2.888 (Simulation time: 13 hr 10 min 19 sec)
Heartbeat CPU 1 instructions: 340000065 cycles: 172446873 heartbeat IPC: 1.799 cumulative IPC: 1.804 (Simulation time: 13 hr 10 min 25 sec)
Heartbeat CPU 5 instructions: 620000140 cycles: 172476352 heartbeat IPC: 3.767 cumulative IPC: 3.548 (Simulation time: 13 hr 10 min 32 sec)
Heartbeat CPU 15 instructions: 660000139 cycles: 172492835 heartbeat IPC: 3.476 cumulative IPC: 3.751 (Simulation time: 13 hr 10 min 37 sec)
Heartbeat CPU 8 instructions: 660000135 cycles: 172750334 heartbeat IPC: 3.47 cumulative IPC: 3.745 (Simulation time: 13 hr 11 min 45 sec)
Heartbeat CPU 6 instructions: 580000114 cycles: 172825324 heartbeat IPC: 3.821 cumulative IPC: 3.293 (Simulation time: 13 hr 12 min 04 sec)
Heartbeat CPU 11 instructions: 660000101 cycles: 173405444 heartbeat IPC: 3.789 cumulative IPC: 3.776 (Simulation time: 13 hr 14 min 38 sec)
Heartbeat CPU 12 instructions: 350000079 cycles: 173849696 heartbeat IPC: 1.813 cumulative IPC: 1.805 (Simulation time: 13 hr 16 min 34 sec)
Heartbeat CPU 7 instructions: 330000056 cycles: 174894567 heartbeat IPC: 1.801 cumulative IPC: 1.709 (Simulation time: 13 hr 21 min 13 sec)
Heartbeat CPU 14 instructions: 250000056 cycles: 174899430 heartbeat IPC: 1.233 cumulative IPC: 1.224 (Simulation time: 13 hr 21 min 14 sec)
Heartbeat CPU 5 instructions: 630000145 cycles: 175397621 heartbeat IPC: 3.423 cumulative IPC: 3.545 (Simulation time: 13 hr 23 min 29 sec)
Heartbeat CPU 0 instructions: 500000106 cycles: 175702735 heartbeat IPC: 2.67 cumulative IPC: 2.671 (Simulation time: 13 hr 24 min 47 sec)
Heartbeat CPU 3 instructions: 520000108 cycles: 175910788 heartbeat IPC: 2.871 cumulative IPC: 2.888 (Simulation time: 13 hr 25 min 40 sec)
Heartbeat CPU 11 instructions: 670000101 cycles: 176044550 heartbeat IPC: 3.789 cumulative IPC: 3.776 (Simulation time: 13 hr 26 min 15 sec)
Heartbeat CPU 9 instructions: 390000082 cycles: 176110786 heartbeat IPC: 2.06 cumulative IPC: 2.035 (Simulation time: 13 hr 26 min 32 sec)
Heartbeat CPU 6 instructions: 590000115 cycles: 176154851 heartbeat IPC: 3.003 cumulative IPC: 3.287 (Simulation time: 13 hr 26 min 43 sec)
Heartbeat CPU 4 instructions: 380000067 cycles: 176662185 heartbeat IPC: 1.791 cumulative IPC: 2.029 (Simulation time: 13 hr 28 min 54 sec)
Flushing L1 caches...
cpu9_L1D: Flushed 235 dirty blocks.
cpu8_L1D: Flushed 377 dirty blocks.
cpu7_L1D: Flushed 332 dirty blocks.
cpu6_L1D: Flushed 316 dirty blocks.
cpu5_L1D: Flushed 261 dirty blocks.
cpu4_L1D: Flushed 170 dirty blocks.
cpu3_L1D: Flushed 582 dirty blocks.
cpu2_L1D: Flushed 352 dirty blocks.
cpu1_L1D: Flushed 398 dirty blocks.
cpu15_L1D: Flushed 143 dirty blocks.
cpu14_L1D: Flushed 426 dirty blocks.
cpu13_L1D: Flushed 440 dirty blocks.
cpu12_L1D: Flushed 731 dirty blocks.
cpu11_L1D: Flushed 172 dirty blocks.
cpu10_L1D: Flushed 28 dirty blocks.
cpu0_L1D: Flushed 15 dirty blocks.
Flushing L2 caches...
cpu9_L2C: Flushed 1969 dirty blocks.
cpu8_L2C: Flushed 12363 dirty blocks.
cpu7_L2C: Flushed 13546 dirty blocks.
cpu6_L2C: Flushed 317 dirty blocks.
cpu5_L2C: Flushed 261 dirty blocks.
cpu4_L2C: Flushed 8548 dirty blocks.
cpu3_L2C: Flushed 19716 dirty blocks.
cpu2_L2C: Flushed 18092 dirty blocks.
cpu1_L2C: Flushed 14632 dirty blocks.
cpu15_L2C: Flushed 13025 dirty blocks.
cpu14_L2C: Flushed 8490 dirty blocks.
cpu13_L2C: Flushed 17607 dirty blocks.
cpu12_L2C: Flushed 20440 dirty blocks.
cpu11_L2C: Flushed 1295 dirty blocks.
cpu10_L2C: Flushed 3120 dirty blocks.
cpu0_L2C: Flushed 15 dirty blocks.
Flushing LLC...
LLC: Flushed 137215 dirty blocks.
Rigorous flush pipeline fully complete!
Simulation finished CPU 14 instructions: 200000000 cycles: 164056122 cumulative IPC: 1.219 (Simulation time: 13 hr 33 min 40 sec)
Simulation complete CPU 9 instructions: 332670000 cycles: 164056122 cumulative IPC: 2.028 (Simulation time: 13 hr 33 min 40 sec)
Simulation complete CPU 8 instructions: 603829546 cycles: 164056122 cumulative IPC: 3.681 (Simulation time: 13 hr 33 min 40 sec)
Simulation complete CPU 7 instructions: 279486535 cycles: 164056122 cumulative IPC: 1.704 (Simulation time: 13 hr 33 min 40 sec)
Simulation complete CPU 6 instructions: 537256075 cycles: 164056122 cumulative IPC: 3.275 (Simulation time: 13 hr 33 min 40 sec)
Simulation complete CPU 5 instructions: 579444915 cycles: 164056122 cumulative IPC: 3.532 (Simulation time: 13 hr 33 min 40 sec)
Simulation complete CPU 4 instructions: 332011496 cycles: 164056122 cumulative IPC: 2.024 (Simulation time: 13 hr 33 min 40 sec)
Simulation complete CPU 3 instructions: 471974975 cycles: 164056122 cumulative IPC: 2.877 (Simulation time: 13 hr 33 min 40 sec)
Simulation complete CPU 2 instructions: 276550015 cycles: 164056122 cumulative IPC: 1.686 (Simulation time: 13 hr 33 min 40 sec)
Simulation complete CPU 15 instructions: 604159035 cycles: 164056122 cumulative IPC: 3.683 (Simulation time: 13 hr 33 min 40 sec)
Simulation complete CPU 14 instructions: 200000000 cycles: 164056122 cumulative IPC: 1.219 (Simulation time: 13 hr 33 min 40 sec)
Simulation complete CPU 13 instructions: 264351303 cycles: 164056122 cumulative IPC: 1.611 (Simulation time: 13 hr 33 min 40 sec)
Simulation complete CPU 12 instructions: 295031242 cycles: 164056122 cumulative IPC: 1.798 (Simulation time: 13 hr 33 min 40 sec)
Simulation complete CPU 11 instructions: 617148279 cycles: 164056122 cumulative IPC: 3.762 (Simulation time: 13 hr 33 min 40 sec)
Simulation complete CPU 10 instructions: 247723640 cycles: 164056122 cumulative IPC: 1.51 (Simulation time: 13 hr 33 min 40 sec)
Simulation complete CPU 1 instructions: 295006179 cycles: 164056122 cumulative IPC: 1.798 (Simulation time: 13 hr 33 min 40 sec)
Simulation complete CPU 0 instructions: 436487610 cycles: 164056122 cumulative IPC: 2.661 (Simulation time: 13 hr 33 min 40 sec)

ChampSim completed all CPUs

=== Simulation ===
CPU 0 runs /home/tandonmitul27/workspace/SPEC17/657.xz_s-56B.champsimtrace.xz
CPU 1 runs /home/tandonmitul27/workspace/SPEC17/641.leela_s-334B.champsimtrace.xz
CPU 2 runs /home/tandonmitul27/workspace/SPEC17/657.xz_s-4994B.champsimtrace.xz
CPU 3 runs /home/tandonmitul27/workspace/SPEC17/649.fotonik3d_s-1B.champsimtrace.xz
CPU 4 runs /home/tandonmitul27/workspace/SPEC17/600.perlbench_s-1273B.champsimtrace.xz
CPU 5 runs /home/tandonmitul27/workspace/SPEC17/648.exchange2_s-1511B.champsimtrace.xz
CPU 6 runs /home/tandonmitul27/workspace/SPEC17/648.exchange2_s-1227B.champsimtrace.xz
CPU 7 runs /home/tandonmitul27/workspace/SPEC17/641.leela_s-602B.champsimtrace.xz
CPU 8 runs /home/tandonmitul27/workspace/SPEC17/625.x264_s-12B.champsimtrace.xz
CPU 9 runs /home/tandonmitul27/workspace/SPEC17/644.nab_s-7928B.champsimtrace.xz
CPU 10 runs /home/tandonmitul27/workspace/SPEC17/607.cactuBSSN_s-2421B.champsimtrace.xz
CPU 11 runs /home/tandonmitul27/workspace/SPEC17/638.imagick_s-4128B.champsimtrace.xz
CPU 12 runs /home/tandonmitul27/workspace/SPEC17/638.imagick_s-824B.champsimtrace.xz
CPU 13 runs /home/tandonmitul27/workspace/SPEC17/657.xz_s-3167B.champsimtrace.xz
CPU 14 runs /home/tandonmitul27/workspace/SPEC17/654.roms_s-1007B.champsimtrace.xz
CPU 15 runs /home/tandonmitul27/workspace/SPEC17/625.x264_s-12B.champsimtrace.xz

Total Simulation Statistics (not including warmup)

CPU 9 cumulative IPC: 2.028 instructions: 332670000 cycles: 164056122
CPU 9 Branch Prediction Accuracy: 97.27% MPKI: 2.618 Average ROB Occupancy at Mispredict: 116.4
Branch type MPKI
BRANCH_DIRECT_JUMP: 6.012e-06
BRANCH_INDIRECT: 0
BRANCH_CONDITIONAL: 2.618
BRANCH_DIRECT_CALL: 0
BRANCH_INDIRECT_CALL: 0
BRANCH_RETURN: 0


CPU 8 cumulative IPC: 3.681 instructions: 603829546 cycles: 164056122
CPU 8 Branch Prediction Accuracy: 98.55% MPKI: 0.6314 Average ROB Occupancy at Mispredict: 108.7
Branch type MPKI
BRANCH_DIRECT_JUMP: 0.0007452
BRANCH_INDIRECT: 0.0009224
BRANCH_CONDITIONAL: 0.5372
BRANCH_DIRECT_CALL: 0.0006045
BRANCH_INDIRECT_CALL: 0.01922
BRANCH_RETURN: 0.07269


CPU 7 cumulative IPC: 1.704 instructions: 279486535 cycles: 164056122
CPU 7 Branch Prediction Accuracy: 93.14% MPKI: 11.63 Average ROB Occupancy at Mispredict: 36.68
Branch type MPKI
BRANCH_DIRECT_JUMP: 0.1339
BRANCH_INDIRECT: 0.004068
BRANCH_CONDITIONAL: 11.45
BRANCH_DIRECT_CALL: 0.00107
BRANCH_INDIRECT_CALL: 0.000644
BRANCH_RETURN: 0.03942


CPU 6 cumulative IPC: 3.275 instructions: 537256075 cycles: 164056122
CPU 6 Branch Prediction Accuracy: 97.98% MPKI: 2.918 Average ROB Occupancy at Mispredict: 49.76
Branch type MPKI
BRANCH_DIRECT_JUMP: 0.1665
BRANCH_INDIRECT: 2.606e-05
BRANCH_CONDITIONAL: 2.751
BRANCH_DIRECT_CALL: 0.0001024
BRANCH_INDIRECT_CALL: 5.584e-06
BRANCH_RETURN: 0.0001005


CPU 5 cumulative IPC: 3.532 instructions: 579444915 cycles: 164056122
CPU 5 Branch Prediction Accuracy: 98.62% MPKI: 1.902 Average ROB Occupancy at Mispredict: 52.67
Branch type MPKI
BRANCH_DIRECT_JUMP: 0.06172
BRANCH_INDIRECT: 0
BRANCH_CONDITIONAL: 1.84
BRANCH_DIRECT_CALL: 0.0001432
BRANCH_INDIRECT_CALL: 0
BRANCH_RETURN: 0.0001432


CPU 4 cumulative IPC: 2.024 instructions: 332011496 cycles: 164056122
CPU 4 Branch Prediction Accuracy: 98.56% MPKI: 2.168 Average ROB Occupancy at Mispredict: 118.4
Branch type MPKI
BRANCH_DIRECT_JUMP: 0.06525
BRANCH_INDIRECT: 0.2774
BRANCH_CONDITIONAL: 1.627
BRANCH_DIRECT_CALL: 0.01666
BRANCH_INDIRECT_CALL: 0.1671
BRANCH_RETURN: 0.01522


CPU 3 cumulative IPC: 2.877 instructions: 471974975 cycles: 164056122
CPU 3 Branch Prediction Accuracy: 98.95% MPKI: 2.499 Average ROB Occupancy at Mispredict: 109.8
Branch type MPKI
BRANCH_DIRECT_JUMP: 2.119e-06
BRANCH_INDIRECT: 0.2732
BRANCH_CONDITIONAL: 2.225
BRANCH_DIRECT_CALL: 2.119e-06
BRANCH_INDIRECT_CALL: 0
BRANCH_RETURN: 2.119e-06


CPU 2 cumulative IPC: 1.686 instructions: 276550015 cycles: 164056122
CPU 2 Branch Prediction Accuracy: 88.76% MPKI: 12.09 Average ROB Occupancy at Mispredict: 30.1
Branch type MPKI
BRANCH_DIRECT_JUMP: 7.955e-05
BRANCH_INDIRECT: 0.05074
BRANCH_CONDITIONAL: 12.04
BRANCH_DIRECT_CALL: 7.232e-06
BRANCH_INDIRECT_CALL: 5.424e-05
BRANCH_RETURN: 0.0002567


CPU 15 cumulative IPC: 3.683 instructions: 604159035 cycles: 164056122
CPU 15 Branch Prediction Accuracy: 98.55% MPKI: 0.6312 Average ROB Occupancy at Mispredict: 108.9
Branch type MPKI
BRANCH_DIRECT_JUMP: 0.0007465
BRANCH_INDIRECT: 0.0009219
BRANCH_CONDITIONAL: 0.537
BRANCH_DIRECT_CALL: 0.0006058
BRANCH_INDIRECT_CALL: 0.01922
BRANCH_RETURN: 0.07266


CPU 14 cumulative IPC: 1.219 instructions: 200000000 cycles: 164056122
CPU 14 Branch Prediction Accuracy: 86.49% MPKI: 14.78 Average ROB Occupancy at Mispredict: 43.2
Branch type MPKI
BRANCH_DIRECT_JUMP: 1e-05
BRANCH_INDIRECT: 0
BRANCH_CONDITIONAL: 7.403
BRANCH_DIRECT_CALL: 2.5e-05
BRANCH_INDIRECT_CALL: 0
BRANCH_RETURN: 7.377


CPU 13 cumulative IPC: 1.611 instructions: 264351303 cycles: 164056122
CPU 13 Branch Prediction Accuracy: 95.75% MPKI: 6.331 Average ROB Occupancy at Mispredict: 43.8
Branch type MPKI
BRANCH_DIRECT_JUMP: 0.07913
BRANCH_INDIRECT: 0.8072
BRANCH_CONDITIONAL: 5.442
BRANCH_DIRECT_CALL: 1.513e-05
BRANCH_INDIRECT_CALL: 0.002466
BRANCH_RETURN: 1.513e-05


CPU 12 cumulative IPC: 1.798 instructions: 295031242 cycles: 164056122
CPU 12 Branch Prediction Accuracy: 99.95% MPKI: 0.08819 Average ROB Occupancy at Mispredict: 323.1
Branch type MPKI
BRANCH_DIRECT_JUMP: 0
BRANCH_INDIRECT: 6.779e-06
BRANCH_CONDITIONAL: 0.08818
BRANCH_DIRECT_CALL: 0
BRANCH_INDIRECT_CALL: 0
BRANCH_RETURN: 0


CPU 11 cumulative IPC: 3.762 instructions: 617148279 cycles: 164056122
CPU 11 Branch Prediction Accuracy: 99.11% MPKI: 1.731 Average ROB Occupancy at Mispredict: 93.52
Branch type MPKI
BRANCH_DIRECT_JUMP: 0.02333
BRANCH_INDIRECT: 3.241e-05
BRANCH_CONDITIONAL: 1.707
BRANCH_DIRECT_CALL: 3.565e-05
BRANCH_INDIRECT_CALL: 0
BRANCH_RETURN: 3.727e-05


CPU 10 cumulative IPC: 1.51 instructions: 247723640 cycles: 164056122
CPU 10 Branch Prediction Accuracy: 99.84% MPKI: 0.001861 Average ROB Occupancy at Mispredict: 240.1
Branch type MPKI
BRANCH_DIRECT_JUMP: 8.074e-06
BRANCH_INDIRECT: 4.037e-05
BRANCH_CONDITIONAL: 0.001813
BRANCH_DIRECT_CALL: 0
BRANCH_INDIRECT_CALL: 0
BRANCH_RETURN: 0


CPU 1 cumulative IPC: 1.798 instructions: 295006179 cycles: 164056122
CPU 1 Branch Prediction Accuracy: 94.18% MPKI: 10.15 Average ROB Occupancy at Mispredict: 41.05
Branch type MPKI
BRANCH_DIRECT_JUMP: 0.2042
BRANCH_INDIRECT: 0.0022
BRANCH_CONDITIONAL: 9.921
BRANCH_DIRECT_CALL: 0.0005051
BRANCH_INDIRECT_CALL: 5.424e-05
BRANCH_RETURN: 0.02563


CPU 0 cumulative IPC: 2.661 instructions: 436487610 cycles: 164056122
CPU 0 Branch Prediction Accuracy: 100% MPKI: 0 Average ROB Occupancy at Mispredict: -
Branch type MPKI
BRANCH_DIRECT_JUMP: 0
BRANCH_INDIRECT: 0
BRANCH_CONDITIONAL: 0
BRANCH_DIRECT_CALL: 0
BRANCH_INDIRECT_CALL: 0
BRANCH_RETURN: 0

cpu9->cpu9_STLB TOTAL        ACCESS:     127112 HIT:     123926 MISS:       3186 MSHR_MERGE:          0
cpu9->cpu9_STLB LOAD         ACCESS:     127112 HIT:     123926 MISS:       3186 MSHR_MERGE:          0
cpu9->cpu9_STLB RFO          ACCESS:          0 HIT:          0 MISS:          0 MSHR_MERGE:          0
cpu9->cpu9_STLB PREFETCH     ACCESS:          0 HIT:          0 MISS:          0 MSHR_MERGE:          0
cpu9->cpu9_STLB WRITE        ACCESS:          0 HIT:          0 MISS:          0 MSHR_MERGE:          0
cpu9->cpu9_STLB TRANSLATION  ACCESS:          0 HIT:          0 MISS:          0 MSHR_MERGE:          0
cpu9->cpu9_STLB PREFETCH REQUESTED:          0 ISSUED:          0 USEFUL:          0 USELESS:          0
cpu9->cpu9_STLB AVERAGE MISS LATENCY: 744.1 cycles
cpu0->cpu9_L2C TOTAL        ACCESS:        235 HIT:        229 MISS:          6 MSHR_MERGE:          0
cpu0->cpu9_L2C LOAD         ACCESS:          0 HIT:          0 MISS:          0 MSHR_MERGE:          0
cpu0->cpu9_L2C RFO          ACCESS:          0 HIT:          0 MISS:          0 MSHR_MERGE:          0
cpu0->cpu9_L2C PREFETCH     ACCESS:          0 HIT:          0 MISS:          0 MSHR_MERGE:          0
cpu0->cpu9_L2C WRITE        ACCESS:        235 HIT:        229 MISS:          6 MSHR_MERGE:          0
cpu0->cpu9_L2C TRANSLATION  ACCESS:          0 HIT:          0 MISS:          0 MSHR_MERGE:          0
cpu0->cpu9_L2C PREFETCH REQUESTED:   21068333 ISSUED:   20933735 USEFUL:      73583 USELESS:        962
cpu0->cpu9_L2C AVERAGE MISS LATENCY: 8.906e+05 cycles
cpu9->cpu9_L2C TOTAL        ACCESS:   25226886 HIT:   23250150 MISS:    1976736 MSHR_MERGE:      12828
cpu9->cpu9_L2C LOAD         ACCESS:    1711038 HIT:    1616867 MISS:      94171 MSHR_MERGE:          4
cpu9->cpu9_L2C RFO          ACCESS:       4803 HIT:       4803 MISS:          0 MSHR_MERGE:          0
cpu9->cpu9_L2C PREFETCH     ACCESS:   22499288 HIT:   20622437 MISS:    1876851 MSHR_MERGE:      12824
cpu9->cpu9_L2C WRITE        ACCESS:    1005604 HIT:    1004815 MISS:        789 MSHR_MERGE:          0
cpu9->cpu9_L2C TRANSLATION  ACCESS:       6153 HIT:       1228 MISS:       4925 MSHR_MERGE:          0
cpu9->cpu9_L2C PREFETCH REQUESTED:   21068333 ISSUED:   20933735 USEFUL:      73583 USELESS:        962
cpu9->cpu9_L2C AVERAGE MISS LATENCY: 53.5 cycles
cpu9_L2C FLUSH STALL CYCLES: 1713
cpu9->cpu9_L1I TOTAL        ACCESS:   79566349 HIT:   79566348 MISS:          1 MSHR_MERGE:          0
cpu9->cpu9_L1I LOAD         ACCESS:   39783503 HIT:   39783503 MISS:          0 MSHR_MERGE:          0
cpu9->cpu9_L1I RFO          ACCESS:          0 HIT:          0 MISS:          0 MSHR_MERGE:          0
cpu9->cpu9_L1I PREFETCH     ACCESS:   39782846 HIT:   39782845 MISS:          1 MSHR_MERGE:          0
cpu9->cpu9_L1I WRITE        ACCESS:          0 HIT:          0 MISS:          0 MSHR_MERGE:          0
cpu9->cpu9_L1I TRANSLATION  ACCESS:          0 HIT:          0 MISS:          0 MSHR_MERGE:          0
cpu9->cpu9_L1I PREFETCH REQUESTED:   39783503 ISSUED:   39782846 USEFUL:          0 USELESS:          0
cpu9->cpu9_L1I AVERAGE MISS LATENCY: - cycles
cpu9->cpu9_L1D TOTAL        ACCESS:   99961555 HIT:   96084969 MISS:    3876586 MSHR_MERGE:     589035
cpu9->cpu9_L1D LOAD         ACCESS:   74121174 HIT:   71887782 MISS:    2233392 MSHR_MERGE:     522354
cpu9->cpu9_L1D RFO          ACCESS:          0 HIT:          0 MISS:          0 MSHR_MERGE:          0
cpu9->cpu9_L1D PREFETCH     ACCESS:    3244781 HIT:    1612802 MISS:    1631979 MSHR_MERGE:      66427
cpu9->cpu9_L1D WRITE        ACCESS:   22589127 HIT:   22584065 MISS:       5062 MSHR_MERGE:        254
cpu9->cpu9_L1D TRANSLATION  ACCESS:       6473 HIT:        320 MISS:       6153 MSHR_MERGE:          0
cpu9->cpu9_L1D PREFETCH REQUESTED:    3244773 ISSUED:    3244765 USEFUL:    1377204 USELESS:     188340
cpu9->cpu9_L1D AVERAGE MISS LATENCY: 13.16 cycles
cpu9_L1D FLUSH STALL CYCLES: 171
cpu9->cpu9_ITLB TOTAL        ACCESS:   62740991 HIT:   62740990 MISS:          1 MSHR_MERGE:          0
cpu9->cpu9_ITLB LOAD         ACCESS:   62740991 HIT:   62740990 MISS:          1 MSHR_MERGE:          0
cpu9->cpu9_ITLB RFO          ACCESS:          0 HIT:          0 MISS:          0 MSHR_MERGE:          0
cpu9->cpu9_ITLB PREFETCH     ACCESS:          0 HIT:          0 MISS:          0 MSHR_MERGE:          0
cpu9->cpu9_ITLB WRITE        ACCESS:          0 HIT:          0 MISS:          0 MSHR_MERGE:          0
cpu9->cpu9_ITLB TRANSLATION  ACCESS:          0 HIT:          0 MISS:          0 MSHR_MERGE:          0
cpu9->cpu9_ITLB PREFETCH REQUESTED:          0 ISSUED:          0 USEFUL:          0 USELESS:          0
cpu9->cpu9_ITLB AVERAGE MISS LATENCY: 835 cycles
cpu9->cpu9_DTLB TOTAL        ACCESS:   92663977 HIT:   92467160 MISS:     196817 MSHR_MERGE:      69706
cpu9->cpu9_DTLB LOAD         ACCESS:   92663977 HIT:   92467160 MISS:     196817 MSHR_MERGE:      69706
cpu9->cpu9_DTLB RFO          ACCESS:          0 HIT:          0 MISS:          0 MSHR_MERGE:          0
cpu9->cpu9_DTLB PREFETCH     ACCESS:          0 HIT:          0 MISS:          0 MSHR_MERGE:          0
cpu9->cpu9_DTLB WRITE        ACCESS:          0 HIT:          0 MISS:          0 MSHR_MERGE:          0
cpu9->cpu9_DTLB TRANSLATION  ACCESS:          0 HIT:          0 MISS:          0 MSHR_MERGE:          0
cpu9->cpu9_DTLB PREFETCH REQUESTED:          0 ISSUED:          0 USEFUL:          0 USELESS:          0
cpu9->cpu9_DTLB AVERAGE MISS LATENCY: 23.67 cycles
cpu8->cpu8_STLB TOTAL        ACCESS:     307605 HIT:     301326 MISS:       6279 MSHR_MERGE:          0
cpu8->cpu8_STLB LOAD         ACCESS:     307605 HIT:     301326 MISS:       6279 MSHR_MERGE:          0
cpu8->cpu8_STLB RFO          ACCESS:          0 HIT:          0 MISS:          0 MSHR_MERGE:          0
cpu8->cpu8_STLB PREFETCH     ACCESS:          0 HIT:          0 MISS:          0 MSHR_MERGE:          0
cpu8->cpu8_STLB WRITE        ACCESS:          0 HIT:          0 MISS:          0 MSHR_MERGE:          0
cpu8->cpu8_STLB TRANSLATION  ACCESS:          0 HIT:          0 MISS:          0 MSHR_MERGE:          0
cpu8->cpu8_STLB PREFETCH REQUESTED:          0 ISSUED:          0 USEFUL:          0 USELESS:          0
cpu8->cpu8_STLB AVERAGE MISS LATENCY: 771.1 cycles
cpu0->cpu8_L2C TOTAL        ACCESS:        377 HIT:        341 MISS:         36 MSHR_MERGE:          0
cpu0->cpu8_L2C LOAD         ACCESS:          0 HIT:          0 MISS:          0 MSHR_MERGE:          0
cpu0->cpu8_L2C RFO          ACCESS:          0 HIT:          0 MISS:          0 MSHR_MERGE:          0
cpu0->cpu8_L2C PREFETCH     ACCESS:          0 HIT:          0 MISS:          0 MSHR_MERGE:          0
cpu0->cpu8_L2C WRITE        ACCESS:        377 HIT:        341 MISS:         36 MSHR_MERGE:          0
cpu0->cpu8_L2C TRANSLATION  ACCESS:          0 HIT:          0 MISS:          0 MSHR_MERGE:          0
cpu0->cpu8_L2C PREFETCH REQUESTED:    3349593 ISSUED:    3337953 USEFUL:      51643 USELESS:       2338
cpu0->cpu8_L2C AVERAGE MISS LATENCY: 1.471e+06 cycles
cpu8->cpu8_L2C TOTAL        ACCESS:    5350952 HIT:    3473301 MISS:    1877651 MSHR_MERGE:     244875
cpu8->cpu8_L2C LOAD         ACCESS:    1129051 HIT:     886512 MISS:     242539 MSHR_MERGE:      22896
cpu8->cpu8_L2C RFO          ACCESS:     143228 HIT:      36479 MISS:     106749 MSHR_MERGE:          1
cpu8->cpu8_L2C PREFETCH     ACCESS:    3876004 HIT:    2398095 MISS:    1477909 MSHR_MERGE:     221978
cpu8->cpu8_L2C WRITE        ACCESS:     192636 HIT:     152014 MISS:      40622 MSHR_MERGE:          0
cpu8->cpu8_L2C TRANSLATION  ACCESS:      10033 HIT:        201 MISS:       9832 MSHR_MERGE:          0
cpu8->cpu8_L2C PREFETCH REQUESTED:    3349593 ISSUED:    3337953 USEFUL:      51643 USELESS:       2338
cpu8->cpu8_L2C AVERAGE MISS LATENCY: 132.5 cycles
cpu8_L2C FLUSH STALL CYCLES: 12108
cpu8->cpu8_L1I TOTAL        ACCESS:  144900643 HIT:  141845130 MISS:    3055513 MSHR_MERGE:    1905747
cpu8->cpu8_L1I LOAD         ACCESS:   73982912 HIT:   72460579 MISS:    1522333 MSHR_MERGE:     825769
cpu8->cpu8_L1I RFO          ACCESS:          0 HIT:          0 MISS:          0 MSHR_MERGE:          0
cpu8->cpu8_L1I PREFETCH     ACCESS:   70917731 HIT:   69384551 MISS:    1533180 MSHR_MERGE:    1079978
cpu8->cpu8_L1I WRITE        ACCESS:          0 HIT:          0 MISS:          0 MSHR_MERGE:          0
cpu8->cpu8_L1I TRANSLATION  ACCESS:          0 HIT:          0 MISS:          0 MSHR_MERGE:          0
cpu8->cpu8_L1I PREFETCH REQUESTED:   73987559 ISSUED:   70917714 USEFUL:     282796 USELESS:     170336
cpu8->cpu8_L1I AVERAGE MISS LATENCY: 9.342 cycles
cpu8->cpu8_L1D TOTAL        ACCESS:  113988494 HIT:  111962556 MISS:    2025938 MSHR_MERGE:    1355024
cpu8->cpu8_L1D LOAD         ACCESS:   69051730 HIT:   68226629 MISS:     825101 MSHR_MERGE:     392611
cpu8->cpu8_L1D RFO          ACCESS:          0 HIT:          0 MISS:          0 MSHR_MERGE:          0
cpu8->cpu8_L1D PREFETCH     ACCESS:    5544165 HIT:    5396006 MISS:     148159 MSHR_MERGE:      63025
cpu8->cpu8_L1D WRITE        ACCESS:   39380010 HIT:   38337899 MISS:    1042111 MSHR_MERGE:     898854
cpu8->cpu8_L1D TRANSLATION  ACCESS:      12589 HIT:       2022 MISS:      10567 MSHR_MERGE:        534
cpu8->cpu8_L1D PREFETCH REQUESTED:    5608749 ISSUED:    5544165 USEFUL:      53397 USELESS:      13458
cpu8->cpu8_L1D AVERAGE MISS LATENCY: 98.88 cycles
cpu8_L1D FLUSH STALL CYCLES: 313
cpu8->cpu8_ITLB TOTAL        ACCESS:  103304747 HIT:  103300053 MISS:       4694 MSHR_MERGE:       2990
cpu8->cpu8_ITLB LOAD         ACCESS:  103304747 HIT:  103300053 MISS:       4694 MSHR_MERGE:       2990
cpu8->cpu8_ITLB RFO          ACCESS:          0 HIT:          0 MISS:          0 MSHR_MERGE:          0
cpu8->cpu8_ITLB PREFETCH     ACCESS:          0 HIT:          0 MISS:          0 MSHR_MERGE:          0
cpu8->cpu8_ITLB WRITE        ACCESS:          0 HIT:          0 MISS:          0 MSHR_MERGE:          0
cpu8->cpu8_ITLB TRANSLATION  ACCESS:          0 HIT:          0 MISS:          0 MSHR_MERGE:          0
cpu8->cpu8_ITLB PREFETCH REQUESTED:          0 ISSUED:          0 USEFUL:          0 USELESS:          0
cpu8->cpu8_ITLB AVERAGE MISS LATENCY: 53.02 cycles
cpu8->cpu8_DTLB TOTAL        ACCESS:  101673282 HIT:  101083575 MISS:     589707 MSHR_MERGE:     283806
cpu8->cpu8_DTLB LOAD         ACCESS:  101673282 HIT:  101083575 MISS:     589707 MSHR_MERGE:     283806
cpu8->cpu8_DTLB RFO          ACCESS:          0 HIT:          0 MISS:          0 MSHR_MERGE:          0
cpu8->cpu8_DTLB PREFETCH     ACCESS:          0 HIT:          0 MISS:          0 MSHR_MERGE:          0
cpu8->cpu8_DTLB WRITE        ACCESS:          0 HIT:          0 MISS:          0 MSHR_MERGE:          0
cpu8->cpu8_DTLB TRANSLATION  ACCESS:          0 HIT:          0 MISS:          0 MSHR_MERGE:          0
cpu8->cpu8_DTLB PREFETCH REQUESTED:          0 ISSUED:          0 USEFUL:          0 USELESS:          0
cpu8->cpu8_DTLB AVERAGE MISS LATENCY: 20.58 cycles
cpu7->cpu7_STLB TOTAL        ACCESS:     177986 HIT:     177054 MISS:        932 MSHR_MERGE:          0
cpu7->cpu7_STLB LOAD         ACCESS:     177986 HIT:     177054 MISS:        932 MSHR_MERGE:          0
cpu7->cpu7_STLB RFO          ACCESS:          0 HIT:          0 MISS:          0 MSHR_MERGE:          0
cpu7->cpu7_STLB PREFETCH     ACCESS:          0 HIT:          0 MISS:          0 MSHR_MERGE:          0
cpu7->cpu7_STLB WRITE        ACCESS:          0 HIT:          0 MISS:          0 MSHR_MERGE:          0
cpu7->cpu7_STLB TRANSLATION  ACCESS:          0 HIT:          0 MISS:          0 MSHR_MERGE:          0
cpu7->cpu7_STLB PREFETCH REQUESTED:          0 ISSUED:          0 USEFUL:          0 USELESS:          0
cpu7->cpu7_STLB AVERAGE MISS LATENCY: 796.9 cycles
cpu0->cpu7_L2C TOTAL        ACCESS:        332 HIT:        313 MISS:         19 MSHR_MERGE:          0
cpu0->cpu7_L2C LOAD         ACCESS:          0 HIT:          0 MISS:          0 MSHR_MERGE:          0
cpu0->cpu7_L2C RFO          ACCESS:          0 HIT:          0 MISS:          0 MSHR_MERGE:          0
cpu0->cpu7_L2C PREFETCH     ACCESS:          0 HIT:          0 MISS:          0 MSHR_MERGE:          0
cpu0->cpu7_L2C WRITE        ACCESS:        332 HIT:        313 MISS:         19 MSHR_MERGE:          0
cpu0->cpu7_L2C TRANSLATION  ACCESS:          0 HIT:          0 MISS:          0 MSHR_MERGE:          0
cpu0->cpu7_L2C PREFETCH REQUESTED:    1456527 ISSUED:    1456245 USEFUL:      13588 USELESS:        639
cpu0->cpu7_L2C AVERAGE MISS LATENCY: 3.489e+05 cycles
cpu7->cpu7_L2C TOTAL        ACCESS:    2722277 HIT:    2353580 MISS:     368697 MSHR_MERGE:      16720
cpu7->cpu7_L2C LOAD         ACCESS:     569531 HIT:     543375 MISS:      26156 MSHR_MERGE:        804
cpu7->cpu7_L2C RFO          ACCESS:     195497 HIT:     162150 MISS:      33347 MSHR_MERGE:         12
cpu7->cpu7_L2C PREFETCH     ACCESS:    1641549 HIT:    1354179 MISS:     287370 MSHR_MERGE:      15904
cpu7->cpu7_L2C WRITE        ACCESS:     313979 HIT:     293855 MISS:      20124 MSHR_MERGE:          0
cpu7->cpu7_L2C TRANSLATION  ACCESS:       1721 HIT:         21 MISS:       1700 MSHR_MERGE:          0
cpu7->cpu7_L2C PREFETCH REQUESTED:    1456527 ISSUED:    1456245 USEFUL:      13588 USELESS:        639
cpu7->cpu7_L2C AVERAGE MISS LATENCY: 81.51 cycles
cpu7_L2C FLUSH STALL CYCLES: 13292
cpu7->cpu7_L1I TOTAL        ACCESS:   74706553 HIT:   74360458 MISS:     346095 MSHR_MERGE:     178187
cpu7->cpu7_L1I LOAD         ACCESS:   37723749 HIT:   37544900 MISS:     178849 MSHR_MERGE:      81722
cpu7->cpu7_L1I RFO          ACCESS:          0 HIT:          0 MISS:          0 MSHR_MERGE:          0
cpu7->cpu7_L1I PREFETCH     ACCESS:   36982804 HIT:   36815558 MISS:     167246 MSHR_MERGE:      96465
cpu7->cpu7_L1I WRITE        ACCESS:          0 HIT:          0 MISS:          0 MSHR_MERGE:          0
cpu7->cpu7_L1I TRANSLATION  ACCESS:          0 HIT:          0 MISS:          0 MSHR_MERGE:          0
cpu7->cpu7_L1I PREFETCH REQUESTED:   37723874 ISSUED:   36982772 USEFUL:      38825 USELESS:      31941
cpu7->cpu7_L1I AVERAGE MISS LATENCY: 11.18 cycles
cpu7->cpu7_L1D TOTAL        ACCESS:   86213131 HIT:   84820445 MISS:    1392686 MSHR_MERGE:     608512
cpu7->cpu7_L1D LOAD         ACCESS:   47463422 HIT:   46930526 MISS:     532896 MSHR_MERGE:      60472
cpu7->cpu7_L1D RFO          ACCESS:          0 HIT:          0 MISS:          0 MSHR_MERGE:          0
cpu7->cpu7_L1D PREFETCH     ACCESS:    5486769 HIT:    5310916 MISS:     175853 MSHR_MERGE:      61329
cpu7->cpu7_L1D WRITE        ACCESS:   33261076 HIT:   32578862 MISS:     682214 MSHR_MERGE:     486709
cpu7->cpu7_L1D TRANSLATION  ACCESS:       1864 HIT:        141 MISS:       1723 MSHR_MERGE:          2
cpu7->cpu7_L1D PREFETCH REQUESTED:    5495001 ISSUED:    5486769 USEFUL:      83549 USELESS:      30782
cpu7->cpu7_L1D AVERAGE MISS LATENCY: 19.68 cycles
cpu7_L1D FLUSH STALL CYCLES: 268
cpu7->cpu7_ITLB TOTAL        ACCESS:   59647128 HIT:   59646465 MISS:        663 MSHR_MERGE:        354
cpu7->cpu7_ITLB LOAD         ACCESS:   59647128 HIT:   59646465 MISS:        663 MSHR_MERGE:        354
cpu7->cpu7_ITLB RFO          ACCESS:          0 HIT:          0 MISS:          0 MSHR_MERGE:          0
cpu7->cpu7_ITLB PREFETCH     ACCESS:          0 HIT:          0 MISS:          0 MSHR_MERGE:          0
cpu7->cpu7_ITLB WRITE        ACCESS:          0 HIT:          0 MISS:          0 MSHR_MERGE:          0
cpu7->cpu7_ITLB TRANSLATION  ACCESS:          0 HIT:          0 MISS:          0 MSHR_MERGE:          0
cpu7->cpu7_ITLB PREFETCH REQUESTED:          0 ISSUED:          0 USEFUL:          0 USELESS:          0
cpu7->cpu7_ITLB AVERAGE MISS LATENCY: 118.1 cycles
cpu7->cpu7_DTLB TOTAL        ACCESS:   76277795 HIT:   76058554 MISS:     219241 MSHR_MERGE:      41564
cpu7->cpu7_DTLB LOAD         ACCESS:   76277795 HIT:   76058554 MISS:     219241 MSHR_MERGE:      41564
cpu7->cpu7_DTLB RFO          ACCESS:          0 HIT:          0 MISS:          0 MSHR_MERGE:          0
cpu7->cpu7_DTLB PREFETCH     ACCESS:          0 HIT:          0 MISS:          0 MSHR_MERGE:          0
cpu7->cpu7_DTLB WRITE        ACCESS:          0 HIT:          0 MISS:          0 MSHR_MERGE:          0
cpu7->cpu7_DTLB TRANSLATION  ACCESS:          0 HIT:          0 MISS:          0 MSHR_MERGE:          0
cpu7->cpu7_DTLB PREFETCH REQUESTED:          0 ISSUED:          0 USEFUL:          0 USELESS:          0
cpu7->cpu7_DTLB AVERAGE MISS LATENCY: 8.989 cycles
cpu6->cpu6_STLB TOTAL        ACCESS:         29 HIT:          1 MISS:         28 MSHR_MERGE:          0
cpu6->cpu6_STLB LOAD         ACCESS:         29 HIT:          1 MISS:         28 MSHR_MERGE:          0
cpu6->cpu6_STLB RFO          ACCESS:          0 HIT:          0 MISS:          0 MSHR_MERGE:          0
cpu6->cpu6_STLB PREFETCH     ACCESS:          0 HIT:          0 MISS:          0 MSHR_MERGE:          0
cpu6->cpu6_STLB WRITE        ACCESS:          0 HIT:          0 MISS:          0 MSHR_MERGE:          0
cpu6->cpu6_STLB TRANSLATION  ACCESS:          0 HIT:          0 MISS:          0 MSHR_MERGE:          0
cpu6->cpu6_STLB PREFETCH REQUESTED:          0 ISSUED:          0 USEFUL:          0 USELESS:          0
cpu6->cpu6_STLB AVERAGE MISS LATENCY: 778.7 cycles
cpu0->cpu6_L2C TOTAL        ACCESS:        316 HIT:        316 MISS:          0 MSHR_MERGE:          0
cpu0->cpu6_L2C LOAD         ACCESS:          0 HIT:          0 MISS:          0 MSHR_MERGE:          0
cpu0->cpu6_L2C RFO          ACCESS:          0 HIT:          0 MISS:          0 MSHR_MERGE:          0
cpu0->cpu6_L2C PREFETCH     ACCESS:          0 HIT:          0 MISS:          0 MSHR_MERGE:          0
cpu0->cpu6_L2C WRITE        ACCESS:        316 HIT:        316 MISS:          0 MSHR_MERGE:          0
cpu0->cpu6_L2C TRANSLATION  ACCESS:          0 HIT:          0 MISS:          0 MSHR_MERGE:          0
cpu0->cpu6_L2C PREFETCH REQUESTED:     405640 ISSUED:     402108 USEFUL:         34 USELESS:          0
cpu0->cpu6_L2C AVERAGE MISS LATENCY: - cycles
cpu6->cpu6_L2C TOTAL        ACCESS:     504490 HIT:     479817 MISS:      24673 MSHR_MERGE:        282
cpu6->cpu6_L2C LOAD         ACCESS:      65286 HIT:      65097 MISS:        189 MSHR_MERGE:          3
cpu6->cpu6_L2C RFO          ACCESS:         43 HIT:          9 MISS:         34 MSHR_MERGE:          0
cpu6->cpu6_L2C PREFETCH     ACCESS:     439103 HIT:     414701 MISS:      24402 MSHR_MERGE:        279
cpu6->cpu6_L2C WRITE        ACCESS:         10 HIT:         10 MISS:          0 MSHR_MERGE:          0
cpu6->cpu6_L2C TRANSLATION  ACCESS:         48 HIT:          0 MISS:         48 MSHR_MERGE:          0
cpu6->cpu6_L2C PREFETCH REQUESTED:     405640 ISSUED:     402108 USEFUL:         34 USELESS:          0
cpu6->cpu6_L2C AVERAGE MISS LATENCY: 152.8 cycles
cpu6_L2C FLUSH STALL CYCLES: 62
cpu6->cpu6_L1I TOTAL        ACCESS:  126097798 HIT:  125750732 MISS:     347066 MSHR_MERGE:     244856
cpu6->cpu6_L1I LOAD         ACCESS:   64568875 HIT:   64405540 MISS:     163335 MSHR_MERGE:      98098
cpu6->cpu6_L1I RFO          ACCESS:          0 HIT:          0 MISS:          0 MSHR_MERGE:          0
cpu6->cpu6_L1I PREFETCH     ACCESS:   61528923 HIT:   61345192 MISS:     183731 MSHR_MERGE:     146758
cpu6->cpu6_L1I WRITE        ACCESS:          0 HIT:          0 MISS:          0 MSHR_MERGE:          0
cpu6->cpu6_L1I TRANSLATION  ACCESS:          0 HIT:          0 MISS:          0 MSHR_MERGE:          0
cpu6->cpu6_L1I PREFETCH REQUESTED:   64568875 ISSUED:   61528903 USEFUL:      32667 USELESS:       4306
cpu6->cpu6_L1I AVERAGE MISS LATENCY: 8.887 cycles
cpu6->cpu6_L1D TOTAL        ACCESS:  155279457 HIT:  155279072 MISS:        385 MSHR_MERGE:        222
cpu6->cpu6_L1D LOAD         ACCESS:   67123612 HIT:   67123526 MISS:         86 MSHR_MERGE:         37
cpu6->cpu6_L1D RFO          ACCESS:          0 HIT:          0 MISS:          0 MSHR_MERGE:          0
cpu6->cpu6_L1D PREFETCH     ACCESS:   11011916 HIT:   11011888 MISS:         28 MSHR_MERGE:          6
cpu6->cpu6_L1D WRITE        ACCESS:   77143873 HIT:   77143650 MISS:        223 MSHR_MERGE:        179
cpu6->cpu6_L1D TRANSLATION  ACCESS:         56 HIT:          8 MISS:         48 MSHR_MERGE:          0
cpu6->cpu6_L1D PREFETCH REQUESTED:   12676518 ISSUED:   11011902 USEFUL:         10 USELESS:          0
cpu6->cpu6_L1D AVERAGE MISS LATENCY: 187.9 cycles
cpu6_L1D FLUSH STALL CYCLES: 252
cpu6->cpu6_ITLB TOTAL        ACCESS:   87040922 HIT:   87040887 MISS:         35 MSHR_MERGE:         15
cpu6->cpu6_ITLB LOAD         ACCESS:   87040922 HIT:   87040887 MISS:         35 MSHR_MERGE:         15
cpu6->cpu6_ITLB RFO          ACCESS:          0 HIT:          0 MISS:          0 MSHR_MERGE:          0
cpu6->cpu6_ITLB PREFETCH     ACCESS:          0 HIT:          0 MISS:          0 MSHR_MERGE:          0
cpu6->cpu6_ITLB WRITE        ACCESS:          0 HIT:          0 MISS:          0 MSHR_MERGE:          0
cpu6->cpu6_ITLB TRANSLATION  ACCESS:          0 HIT:          0 MISS:          0 MSHR_MERGE:          0
cpu6->cpu6_ITLB PREFETCH REQUESTED:          0 ISSUED:          0 USEFUL:          0 USELESS:          0
cpu6->cpu6_ITLB AVERAGE MISS LATENCY: 740 cycles
cpu6->cpu6_DTLB TOTAL        ACCESS:  124230535 HIT:  124230523 MISS:         12 MSHR_MERGE:          3
cpu6->cpu6_DTLB LOAD         ACCESS:  124230535 HIT:  124230523 MISS:         12 MSHR_MERGE:          3
cpu6->cpu6_DTLB RFO          ACCESS:          0 HIT:          0 MISS:          0 MSHR_MERGE:          0
cpu6->cpu6_DTLB PREFETCH     ACCESS:          0 HIT:          0 MISS:          0 MSHR_MERGE:          0
cpu6->cpu6_DTLB WRITE        ACCESS:          0 HIT:          0 MISS:          0 MSHR_MERGE:          0
cpu6->cpu6_DTLB TRANSLATION  ACCESS:          0 HIT:          0 MISS:          0 MSHR_MERGE:          0
cpu6->cpu6_DTLB PREFETCH REQUESTED:          0 ISSUED:          0 USEFUL:          0 USELESS:          0
cpu6->cpu6_DTLB AVERAGE MISS LATENCY: 797.6 cycles
cpu5->cpu5_STLB TOTAL        ACCESS:         39 HIT:          0 MISS:         39 MSHR_MERGE:          0
cpu5->cpu5_STLB LOAD         ACCESS:         39 HIT:          0 MISS:         39 MSHR_MERGE:          0
cpu5->cpu5_STLB RFO          ACCESS:          0 HIT:          0 MISS:          0 MSHR_MERGE:          0
cpu5->cpu5_STLB PREFETCH     ACCESS:          0 HIT:          0 MISS:          0 MSHR_MERGE:          0
cpu5->cpu5_STLB WRITE        ACCESS:          0 HIT:          0 MISS:          0 MSHR_MERGE:          0
cpu5->cpu5_STLB TRANSLATION  ACCESS:          0 HIT:          0 MISS:          0 MSHR_MERGE:          0
cpu5->cpu5_STLB PREFETCH REQUESTED:          0 ISSUED:          0 USEFUL:          0 USELESS:          0
cpu5->cpu5_STLB AVERAGE MISS LATENCY: 744.9 cycles
cpu0->cpu5_L2C TOTAL        ACCESS:        261 HIT:        261 MISS:          0 MSHR_MERGE:          0
cpu0->cpu5_L2C LOAD         ACCESS:          0 HIT:          0 MISS:          0 MSHR_MERGE:          0
cpu0->cpu5_L2C RFO          ACCESS:          0 HIT:          0 MISS:          0 MSHR_MERGE:          0
cpu0->cpu5_L2C PREFETCH     ACCESS:          0 HIT:          0 MISS:          0 MSHR_MERGE:          0
cpu0->cpu5_L2C WRITE        ACCESS:        261 HIT:        261 MISS:          0 MSHR_MERGE:          0
cpu0->cpu5_L2C TRANSLATION  ACCESS:          0 HIT:          0 MISS:          0 MSHR_MERGE:          0
cpu0->cpu5_L2C PREFETCH REQUESTED:      49948 ISSUED:      49924 USEFUL:        121 USELESS:          0
cpu0->cpu5_L2C AVERAGE MISS LATENCY: - cycles
cpu5->cpu5_L2C TOTAL        ACCESS:      70218 HIT:      64664 MISS:       5554 MSHR_MERGE:        693
cpu5->cpu5_L2C LOAD         ACCESS:      12568 HIT:      12007 MISS:        561 MSHR_MERGE:         16
cpu5->cpu5_L2C RFO          ACCESS:         58 HIT:          4 MISS:         54 MSHR_MERGE:          0
cpu5->cpu5_L2C PREFETCH     ACCESS:      57530 HIT:      52650 MISS:       4880 MSHR_MERGE:        677
cpu5->cpu5_L2C WRITE        ACCESS:          3 HIT:          3 MISS:          0 MSHR_MERGE:          0
cpu5->cpu5_L2C TRANSLATION  ACCESS:         59 HIT:          0 MISS:         59 MSHR_MERGE:          0
cpu5->cpu5_L2C PREFETCH REQUESTED:      49948 ISSUED:      49924 USEFUL:        121 USELESS:          0
cpu5->cpu5_L2C AVERAGE MISS LATENCY: 165.9 cycles
cpu5_L2C FLUSH STALL CYCLES: 5
cpu5->cpu5_L1I TOTAL        ACCESS:  161858982 HIT:  161793633 MISS:      65349 MSHR_MERGE:      45257
cpu5->cpu5_L1I LOAD         ACCESS:   83403701 HIT:   83373717 MISS:      29984 MSHR_MERGE:      17484
cpu5->cpu5_L1I RFO          ACCESS:          0 HIT:          0 MISS:          0 MSHR_MERGE:          0
cpu5->cpu5_L1I PREFETCH     ACCESS:   78455281 HIT:   78419916 MISS:      35365 MSHR_MERGE:      27773
cpu5->cpu5_L1I WRITE        ACCESS:          0 HIT:          0 MISS:          0 MSHR_MERGE:          0
cpu5->cpu5_L1I TRANSLATION  ACCESS:          0 HIT:          0 MISS:          0 MSHR_MERGE:          0
cpu5->cpu5_L1I PREFETCH REQUESTED:   83403701 ISSUED:   78455249 USEFUL:       6726 USELESS:        849
cpu5->cpu5_L1I AVERAGE MISS LATENCY: 14.79 cycles
cpu5->cpu5_L1D TOTAL        ACCESS:  164155381 HIT:  164154609 MISS:        772 MSHR_MERGE:        571
cpu5->cpu5_L1D LOAD         ACCESS:   67506002 HIT:   67505885 MISS:        117 MSHR_MERGE:         47
cpu5->cpu5_L1D RFO          ACCESS:          0 HIT:          0 MISS:          0 MSHR_MERGE:          0
cpu5->cpu5_L1D PREFETCH     ACCESS:   10844166 HIT:   10844147 MISS:         19 MSHR_MERGE:          5
cpu5->cpu5_L1D WRITE        ACCESS:   85805134 HIT:   85804557 MISS:        577 MSHR_MERGE:        519
cpu5->cpu5_L1D TRANSLATION  ACCESS:         79 HIT:         20 MISS:         59 MSHR_MERGE:          0
cpu5->cpu5_L1D PREFETCH REQUESTED:   11392408 ISSUED:   10844162 USEFUL:         21 USELESS:          2
cpu5->cpu5_L1D AVERAGE MISS LATENCY: 209.2 cycles
cpu5_L1D FLUSH STALL CYCLES: 197
cpu5->cpu5_ITLB TOTAL        ACCESS:  111068910 HIT:  111068856 MISS:         54 MSHR_MERGE:         30
cpu5->cpu5_ITLB LOAD         ACCESS:  111068910 HIT:  111068856 MISS:         54 MSHR_MERGE:         30
cpu5->cpu5_ITLB RFO          ACCESS:          0 HIT:          0 MISS:          0 MSHR_MERGE:          0
cpu5->cpu5_ITLB PREFETCH     ACCESS:          0 HIT:          0 MISS:          0 MSHR_MERGE:          0
cpu5->cpu5_ITLB WRITE        ACCESS:          0 HIT:          0 MISS:          0 MSHR_MERGE:          0
cpu5->cpu5_ITLB TRANSLATION  ACCESS:          0 HIT:          0 MISS:          0 MSHR_MERGE:          0
cpu5->cpu5_ITLB PREFETCH REQUESTED:          0 ISSUED:          0 USEFUL:          0 USELESS:          0
cpu5->cpu5_ITLB AVERAGE MISS LATENCY: 750 cycles
cpu5->cpu5_DTLB TOTAL        ACCESS:  130328184 HIT:  130328140 MISS:         44 MSHR_MERGE:         29
cpu5->cpu5_DTLB LOAD         ACCESS:  130328184 HIT:  130328140 MISS:         44 MSHR_MERGE:         29
cpu5->cpu5_DTLB RFO          ACCESS:          0 HIT:          0 MISS:          0 MSHR_MERGE:          0
cpu5->cpu5_DTLB PREFETCH     ACCESS:          0 HIT:          0 MISS:          0 MSHR_MERGE:          0
cpu5->cpu5_DTLB WRITE        ACCESS:          0 HIT:          0 MISS:          0 MSHR_MERGE:          0
cpu5->cpu5_DTLB TRANSLATION  ACCESS:          0 HIT:          0 MISS:          0 MSHR_MERGE:          0
cpu5->cpu5_DTLB PREFETCH REQUESTED:          0 ISSUED:          0 USEFUL:          0 USELESS:          0
cpu5->cpu5_DTLB AVERAGE MISS LATENCY: 752.4 cycles
cpu4->cpu4_STLB TOTAL        ACCESS:     404858 HIT:     388522 MISS:      16336 MSHR_MERGE:          0
cpu4->cpu4_STLB LOAD         ACCESS:     404858 HIT:     388522 MISS:      16336 MSHR_MERGE:          0
cpu4->cpu4_STLB RFO          ACCESS:          0 HIT:          0 MISS:          0 MSHR_MERGE:          0
cpu4->cpu4_STLB PREFETCH     ACCESS:          0 HIT:          0 MISS:          0 MSHR_MERGE:          0
cpu4->cpu4_STLB WRITE        ACCESS:          0 HIT:          0 MISS:          0 MSHR_MERGE:          0
cpu4->cpu4_STLB TRANSLATION  ACCESS:          0 HIT:          0 MISS:          0 MSHR_MERGE:          0
cpu4->cpu4_STLB PREFETCH REQUESTED:          0 ISSUED:          0 USEFUL:          0 USELESS:          0
cpu4->cpu4_STLB AVERAGE MISS LATENCY: 532.9 cycles
cpu0->cpu4_L2C TOTAL        ACCESS:        170 HIT:        163 MISS:          7 MSHR_MERGE:          0
cpu0->cpu4_L2C LOAD         ACCESS:          0 HIT:          0 MISS:          0 MSHR_MERGE:          0
cpu0->cpu4_L2C RFO          ACCESS:          0 HIT:          0 MISS:          0 MSHR_MERGE:          0
cpu0->cpu4_L2C PREFETCH     ACCESS:          0 HIT:          0 MISS:          0 MSHR_MERGE:          0
cpu0->cpu4_L2C WRITE        ACCESS:        170 HIT:        163 MISS:          7 MSHR_MERGE:          0
cpu0->cpu4_L2C TRANSLATION  ACCESS:          0 HIT:          0 MISS:          0 MSHR_MERGE:          0
cpu0->cpu4_L2C PREFETCH REQUESTED:    1254057 ISSUED:    1254057 USEFUL:        544 USELESS:        175
cpu0->cpu4_L2C AVERAGE MISS LATENCY: 4.452e+06 cycles
cpu4->cpu4_L2C TOTAL        ACCESS:    3033748 HIT:    2496727 MISS:     537021 MSHR_MERGE:      65709
cpu4->cpu4_L2C LOAD         ACCESS:    1108148 HIT:     951900 MISS:     156248 MSHR_MERGE:         53
cpu4->cpu4_L2C RFO          ACCESS:      39346 HIT:      28864 MISS:      10482 MSHR_MERGE:          0
cpu4->cpu4_L2C PREFETCH     ACCESS:    1737713 HIT:    1403209 MISS:     334504 MSHR_MERGE:      65656
cpu4->cpu4_L2C WRITE        ACCESS:     116745 HIT:     110251 MISS:       6494 MSHR_MERGE:          0
cpu4->cpu4_L2C TRANSLATION  ACCESS:      31796 HIT:       2503 MISS:      29293 MSHR_MERGE:          0
cpu4->cpu4_L2C PREFETCH REQUESTED:    1254057 ISSUED:    1254057 USEFUL:        544 USELESS:        175
cpu4->cpu4_L2C AVERAGE MISS LATENCY: 153.9 cycles
cpu4_L2C FLUSH STALL CYCLES: 8293
cpu4->cpu4_L1I TOTAL        ACCESS:  106322328 HIT:  104104078 MISS:    2218250 MSHR_MERGE:    1016877
cpu4->cpu4_L1I LOAD         ACCESS:   55213163 HIT:   54063638 MISS:    1149525 MSHR_MERGE:     390824
cpu4->cpu4_L1I RFO          ACCESS:          0 HIT:          0 MISS:          0 MSHR_MERGE:          0
cpu4->cpu4_L1I PREFETCH     ACCESS:   51109165 HIT:   50040440 MISS:    1068725 MSHR_MERGE:     626053
cpu4->cpu4_L1I WRITE        ACCESS:          0 HIT:          0 MISS:          0 MSHR_MERGE:          0
cpu4->cpu4_L1I TRANSLATION  ACCESS:          0 HIT:          0 MISS:          0 MSHR_MERGE:          0
cpu4->cpu4_L1I PREFETCH REQUESTED:   55222975 ISSUED:   51109137 USEFUL:     144239 USELESS:     298431
cpu4->cpu4_L1I AVERAGE MISS LATENCY: 10.55 cycles
cpu4->cpu4_L1D TOTAL        ACCESS:  100747571 HIT:  100076537 MISS:     671034 MSHR_MERGE:     209459
cpu4->cpu4_L1D LOAD         ACCESS:   40209970 HIT:   39744957 MISS:     465013 MSHR_MERGE:     115566
cpu4->cpu4_L1D RFO          ACCESS:          0 HIT:          0 MISS:          0 MSHR_MERGE:          0
cpu4->cpu4_L1D PREFETCH     ACCESS:     282364 HIT:     234661 MISS:      47703 MSHR_MERGE:       6719
cpu4->cpu4_L1D WRITE        ACCESS:   60220075 HIT:   60093643 MISS:     126432 MSHR_MERGE:      87084
cpu4->cpu4_L1D TRANSLATION  ACCESS:      35162 HIT:       3276 MISS:      31886 MSHR_MERGE:         90
cpu4->cpu4_L1D PREFETCH REQUESTED:     297381 ISSUED:     282353 USEFUL:      20166 USELESS:      20617
cpu4->cpu4_L1D AVERAGE MISS LATENCY: 81.71 cycles
cpu4_L1D FLUSH STALL CYCLES: 107
cpu4->cpu4_ITLB TOTAL        ACCESS:   81095724 HIT:   80989901 MISS:     105823 MSHR_MERGE:      64851
cpu4->cpu4_ITLB LOAD         ACCESS:   81095724 HIT:   80989901 MISS:     105823 MSHR_MERGE:      64851
cpu4->cpu4_ITLB RFO          ACCESS:          0 HIT:          0 MISS:          0 MSHR_MERGE:          0
cpu4->cpu4_ITLB PREFETCH     ACCESS:          0 HIT:          0 MISS:          0 MSHR_MERGE:          0
cpu4->cpu4_ITLB WRITE        ACCESS:          0 HIT:          0 MISS:          0 MSHR_MERGE:          0
cpu4->cpu4_ITLB TRANSLATION  ACCESS:          0 HIT:          0 MISS:          0 MSHR_MERGE:          0
cpu4->cpu4_ITLB PREFETCH REQUESTED:          0 ISSUED:          0 USEFUL:          0 USELESS:          0
cpu4->cpu4_ITLB AVERAGE MISS LATENCY: 12.98 cycles
cpu4->cpu4_DTLB TOTAL        ACCESS:   89248690 HIT:   88755899 MISS:     492791 MSHR_MERGE:     128905
cpu4->cpu4_DTLB LOAD         ACCESS:   89248690 HIT:   88755899 MISS:     492791 MSHR_MERGE:     128905
cpu4->cpu4_DTLB RFO          ACCESS:          0 HIT:          0 MISS:          0 MSHR_MERGE:          0
cpu4->cpu4_DTLB PREFETCH     ACCESS:          0 HIT:          0 MISS:          0 MSHR_MERGE:          0
cpu4->cpu4_DTLB WRITE        ACCESS:          0 HIT:          0 MISS:          0 MSHR_MERGE:          0
cpu4->cpu4_DTLB TRANSLATION  ACCESS:          0 HIT:          0 MISS:          0 MSHR_MERGE:          0
cpu4->cpu4_DTLB PREFETCH REQUESTED:          0 ISSUED:          0 USEFUL:          0 USELESS:          0
cpu4->cpu4_DTLB AVERAGE MISS LATENCY: 28.07 cycles
cpu3->cpu3_STLB TOTAL        ACCESS:       1979 HIT:       1080 MISS:        899 MSHR_MERGE:          0
cpu3->cpu3_STLB LOAD         ACCESS:       1979 HIT:       1080 MISS:        899 MSHR_MERGE:          0
cpu3->cpu3_STLB RFO          ACCESS:          0 HIT:          0 MISS:          0 MSHR_MERGE:          0
cpu3->cpu3_STLB PREFETCH     ACCESS:          0 HIT:          0 MISS:          0 MSHR_MERGE:          0
cpu3->cpu3_STLB WRITE        ACCESS:          0 HIT:          0 MISS:          0 MSHR_MERGE:          0
cpu3->cpu3_STLB TRANSLATION  ACCESS:          0 HIT:          0 MISS:          0 MSHR_MERGE:          0
cpu3->cpu3_STLB PREFETCH REQUESTED:          0 ISSUED:          0 USEFUL:          0 USELESS:          0
cpu3->cpu3_STLB AVERAGE MISS LATENCY: 923.4 cycles
cpu0->cpu3_L2C TOTAL        ACCESS:        582 HIT:        447 MISS:        135 MSHR_MERGE:          0
cpu0->cpu3_L2C LOAD         ACCESS:          0 HIT:          0 MISS:          0 MSHR_MERGE:          0
cpu0->cpu3_L2C RFO          ACCESS:          0 HIT:          0 MISS:          0 MSHR_MERGE:          0
cpu0->cpu3_L2C PREFETCH     ACCESS:          0 HIT:          0 MISS:          0 MSHR_MERGE:          0
cpu0->cpu3_L2C WRITE        ACCESS:        582 HIT:        447 MISS:        135 MSHR_MERGE:          0
cpu0->cpu3_L2C TRANSLATION  ACCESS:          0 HIT:          0 MISS:          0 MSHR_MERGE:          0
cpu0->cpu3_L2C PREFETCH REQUESTED:         12 ISSUED:         12 USEFUL:          0 USELESS:          0
cpu0->cpu3_L2C AVERAGE MISS LATENCY: 4.069e+04 cycles
cpu3->cpu3_L2C TOTAL        ACCESS:     102584 HIT:      71965 MISS:      30619 MSHR_MERGE:          7
cpu3->cpu3_L2C LOAD         ACCESS:      16104 HIT:      16094 MISS:         10 MSHR_MERGE:          0
cpu3->cpu3_L2C RFO          ACCESS:      26062 HIT:       1261 MISS:      24801 MSHR_MERGE:          0
cpu3->cpu3_L2C PREFETCH     ACCESS:      32297 HIT:      32278 MISS:         19 MSHR_MERGE:          7
cpu3->cpu3_L2C WRITE        ACCESS:      26007 HIT:      22094 MISS:       3913 MSHR_MERGE:          0
cpu3->cpu3_L2C TRANSLATION  ACCESS:       2114 HIT:        238 MISS:       1876 MSHR_MERGE:          0
cpu3->cpu3_L2C PREFETCH REQUESTED:         12 ISSUED:         12 USEFUL:          0 USELESS:          0
cpu3->cpu3_L2C AVERAGE MISS LATENCY: 179.5 cycles
cpu3_L2C FLUSH STALL CYCLES: 19461
cpu3->cpu3_L1I TOTAL        ACCESS:  163430700 HIT:  163318037 MISS:     112663 MSHR_MERGE:      64294
cpu3->cpu3_L1I LOAD         ACCESS:   85910241 HIT:   85894150 MISS:      16091 MSHR_MERGE:          1
cpu3->cpu3_L1I RFO          ACCESS:          0 HIT:          0 MISS:          0 MSHR_MERGE:          0
cpu3->cpu3_L1I PREFETCH     ACCESS:   77520459 HIT:   77423887 MISS:      96572 MSHR_MERGE:      64293
cpu3->cpu3_L1I WRITE        ACCESS:          0 HIT:          0 MISS:          0 MSHR_MERGE:          0
cpu3->cpu3_L1I TRANSLATION  ACCESS:          0 HIT:          0 MISS:          0 MSHR_MERGE:          0
cpu3->cpu3_L1I PREFETCH REQUESTED:   85910241 ISSUED:   77520427 USEFUL:         33 USELESS:      32239
cpu3->cpu3_L1I AVERAGE MISS LATENCY: 9.071 cycles
cpu3->cpu3_L1D TOTAL        ACCESS:  125808357 HIT:  125779257 MISS:      29100 MSHR_MERGE:        904
cpu3->cpu3_L1D LOAD         ACCESS:   51494003 HIT:   51493987 MISS:         16 MSHR_MERGE:          2
cpu3->cpu3_L1D RFO          ACCESS:          0 HIT:          0 MISS:          0 MSHR_MERGE:          0
cpu3->cpu3_L1D PREFETCH     ACCESS:     105212 HIT:     105206 MISS:          6 MSHR_MERGE:          0
cpu3->cpu3_L1D WRITE        ACCESS:   74206884 HIT:   74179920 MISS:      26964 MSHR_MERGE:        902
cpu3->cpu3_L1D TRANSLATION  ACCESS:       2258 HIT:        144 MISS:       2114 MSHR_MERGE:          0
cpu3->cpu3_L1D PREFETCH REQUESTED:     105212 ISSUED:     105212 USEFUL:          6 USELESS:          0
cpu3->cpu3_L1D AVERAGE MISS LATENCY: 204.9 cycles
cpu3_L1D FLUSH STALL CYCLES: 518
cpu3->cpu3_ITLB TOTAL        ACCESS:  126596470 HIT:  126596470 MISS:          0 MSHR_MERGE:          0
cpu3->cpu3_ITLB LOAD         ACCESS:  126596470 HIT:  126596470 MISS:          0 MSHR_MERGE:          0
cpu3->cpu3_ITLB RFO          ACCESS:          0 HIT:          0 MISS:          0 MSHR_MERGE:          0
cpu3->cpu3_ITLB PREFETCH     ACCESS:          0 HIT:          0 MISS:          0 MSHR_MERGE:          0
cpu3->cpu3_ITLB WRITE        ACCESS:          0 HIT:          0 MISS:          0 MSHR_MERGE:          0
cpu3->cpu3_ITLB TRANSLATION  ACCESS:          0 HIT:          0 MISS:          0 MSHR_MERGE:          0
cpu3->cpu3_ITLB PREFETCH REQUESTED:          0 ISSUED:          0 USEFUL:          0 USELESS:          0
cpu3->cpu3_ITLB AVERAGE MISS LATENCY: - cycles
cpu3->cpu3_DTLB TOTAL        ACCESS:  115815871 HIT:  115813823 MISS:       2048 MSHR_MERGE:         69
cpu3->cpu3_DTLB LOAD         ACCESS:  115815871 HIT:  115813823 MISS:       2048 MSHR_MERGE:         69
cpu3->cpu3_DTLB RFO          ACCESS:          0 HIT:          0 MISS:          0 MSHR_MERGE:          0
cpu3->cpu3_DTLB PREFETCH     ACCESS:          0 HIT:          0 MISS:          0 MSHR_MERGE:          0
cpu3->cpu3_DTLB WRITE        ACCESS:          0 HIT:          0 MISS:          0 MSHR_MERGE:          0
cpu3->cpu3_DTLB TRANSLATION  ACCESS:          0 HIT:          0 MISS:          0 MSHR_MERGE:          0
cpu3->cpu3_DTLB PREFETCH REQUESTED:          0 ISSUED:          0 USEFUL:          0 USELESS:          0
cpu3->cpu3_DTLB AVERAGE MISS LATENCY: 424.9 cycles
cpu2->cpu2_STLB TOTAL        ACCESS:      39414 HIT:      36908 MISS:       2506 MSHR_MERGE:          0
cpu2->cpu2_STLB LOAD         ACCESS:      39414 HIT:      36908 MISS:       2506 MSHR_MERGE:          0
cpu2->cpu2_STLB RFO          ACCESS:          0 HIT:          0 MISS:          0 MSHR_MERGE:          0
cpu2->cpu2_STLB PREFETCH     ACCESS:          0 HIT:          0 MISS:          0 MSHR_MERGE:          0
cpu2->cpu2_STLB WRITE        ACCESS:          0 HIT:          0 MISS:          0 MSHR_MERGE:          0
cpu2->cpu2_STLB TRANSLATION  ACCESS:          0 HIT:          0 MISS:          0 MSHR_MERGE:          0
cpu2->cpu2_STLB PREFETCH REQUESTED:          0 ISSUED:          0 USEFUL:          0 USELESS:          0
cpu2->cpu2_STLB AVERAGE MISS LATENCY: 669.9 cycles
cpu0->cpu2_L2C TOTAL        ACCESS:        352 HIT:        339 MISS:         13 MSHR_MERGE:          0
cpu0->cpu2_L2C LOAD         ACCESS:          0 HIT:          0 MISS:          0 MSHR_MERGE:          0
cpu0->cpu2_L2C RFO          ACCESS:          0 HIT:          0 MISS:          0 MSHR_MERGE:          0
cpu0->cpu2_L2C PREFETCH     ACCESS:          0 HIT:          0 MISS:          0 MSHR_MERGE:          0
cpu0->cpu2_L2C WRITE        ACCESS:        352 HIT:        339 MISS:         13 MSHR_MERGE:          0
cpu0->cpu2_L2C TRANSLATION  ACCESS:          0 HIT:          0 MISS:          0 MSHR_MERGE:          0
cpu0->cpu2_L2C PREFETCH REQUESTED:     223008 ISSUED:     223008 USEFUL:       9261 USELESS:        441
cpu0->cpu2_L2C AVERAGE MISS LATENCY: 2.884e+06 cycles
cpu2->cpu2_L2C TOTAL        ACCESS:     871712 HIT:     512820 MISS:     358892 MSHR_MERGE:      62177
cpu2->cpu2_L2C LOAD         ACCESS:     196288 HIT:     142002 MISS:      54286 MSHR_MERGE:       7023
cpu2->cpu2_L2C RFO          ACCESS:     170162 HIT:      29744 MISS:     140418 MSHR_MERGE:          0
cpu2->cpu2_L2C PREFETCH     ACCESS:     282171 HIT:     158837 MISS:     123334 MSHR_MERGE:      55154
cpu2->cpu2_L2C WRITE        ACCESS:     219242 HIT:     181728 MISS:      37514 MSHR_MERGE:          0
cpu2->cpu2_L2C TRANSLATION  ACCESS:       3849 HIT:        509 MISS:       3340 MSHR_MERGE:          0
cpu2->cpu2_L2C PREFETCH REQUESTED:     223008 ISSUED:     223008 USEFUL:       9261 USELESS:        441
cpu2->cpu2_L2C AVERAGE MISS LATENCY: 159.2 cycles
cpu2_L2C FLUSH STALL CYCLES: 17837
cpu2->cpu2_L1I TOTAL        ACCESS:   69356802 HIT:   69354367 MISS:       2435 MSHR_MERGE:       1559
cpu2->cpu2_L1I LOAD         ACCESS:   34691267 HIT:   34690118 MISS:       1149 MSHR_MERGE:        649
cpu2->cpu2_L1I RFO          ACCESS:          0 HIT:          0 MISS:          0 MSHR_MERGE:          0
cpu2->cpu2_L1I PREFETCH     ACCESS:   34665535 HIT:   34664249 MISS:       1286 MSHR_MERGE:        910
cpu2->cpu2_L1I WRITE        ACCESS:          0 HIT:          0 MISS:          0 MSHR_MERGE:          0
cpu2->cpu2_L1I TRANSLATION  ACCESS:          0 HIT:          0 MISS:          0 MSHR_MERGE:          0
cpu2->cpu2_L1I PREFETCH REQUESTED:   34691267 ISSUED:   34665535 USEFUL:        217 USELESS:        152
cpu2->cpu2_L1I AVERAGE MISS LATENCY: 92.96 cycles
cpu2->cpu2_L1D TOTAL        ACCESS:   47480852 HIT:   46017888 MISS:    1462964 MSHR_MERGE:    1034338
cpu2->cpu2_L1D LOAD         ACCESS:   28078886 HIT:   27763601 MISS:     315285 MSHR_MERGE:     119495
cpu2->cpu2_L1D RFO          ACCESS:          0 HIT:          0 MISS:          0 MSHR_MERGE:          0
cpu2->cpu2_L1D PREFETCH     ACCESS:     403431 HIT:     315107 MISS:      88324 MSHR_MERGE:      29500
cpu2->cpu2_L1D WRITE        ACCESS:   18993520 HIT:   17938015 MISS:    1055505 MSHR_MERGE:     885342
cpu2->cpu2_L1D TRANSLATION  ACCESS:       5015 HIT:       1165 MISS:       3850 MSHR_MERGE:          1
cpu2->cpu2_L1D PREFETCH REQUESTED:     404382 ISSUED:     403431 USEFUL:      37225 USELESS:      16437
cpu2->cpu2_L1D AVERAGE MISS LATENCY: 110.9 cycles
cpu2_L1D FLUSH STALL CYCLES: 288
cpu2->cpu2_ITLB TOTAL        ACCESS:   52339717 HIT:   52339717 MISS:          0 MSHR_MERGE:          0
cpu2->cpu2_ITLB LOAD         ACCESS:   52339717 HIT:   52339717 MISS:          0 MSHR_MERGE:          0
cpu2->cpu2_ITLB RFO          ACCESS:          0 HIT:          0 MISS:          0 MSHR_MERGE:          0
cpu2->cpu2_ITLB PREFETCH     ACCESS:          0 HIT:          0 MISS:          0 MSHR_MERGE:          0
cpu2->cpu2_ITLB WRITE        ACCESS:          0 HIT:          0 MISS:          0 MSHR_MERGE:          0
cpu2->cpu2_ITLB TRANSLATION  ACCESS:          0 HIT:          0 MISS:          0 MSHR_MERGE:          0
cpu2->cpu2_ITLB PREFETCH REQUESTED:          0 ISSUED:          0 USEFUL:          0 USELESS:          0
cpu2->cpu2_ITLB AVERAGE MISS LATENCY: - cycles
cpu2->cpu2_DTLB TOTAL        ACCESS:   44387067 HIT:   44317617 MISS:      69450 MSHR_MERGE:      30036
cpu2->cpu2_DTLB LOAD         ACCESS:   44387067 HIT:   44317617 MISS:      69450 MSHR_MERGE:      30036
cpu2->cpu2_DTLB RFO          ACCESS:          0 HIT:          0 MISS:          0 MSHR_MERGE:          0
cpu2->cpu2_DTLB PREFETCH     ACCESS:          0 HIT:          0 MISS:          0 MSHR_MERGE:          0
cpu2->cpu2_DTLB WRITE        ACCESS:          0 HIT:          0 MISS:          0 MSHR_MERGE:          0
cpu2->cpu2_DTLB TRANSLATION  ACCESS:          0 HIT:          0 MISS:          0 MSHR_MERGE:          0
cpu2->cpu2_DTLB PREFETCH REQUESTED:          0 ISSUED:          0 USEFUL:          0 USELESS:          0
cpu2->cpu2_DTLB AVERAGE MISS LATENCY: 47.66 cycles
cpu1->cpu1_STLB TOTAL        ACCESS:     191810 HIT:     190762 MISS:       1048 MSHR_MERGE:          0
cpu1->cpu1_STLB LOAD         ACCESS:     191810 HIT:     190762 MISS:       1048 MSHR_MERGE:          0
cpu1->cpu1_STLB RFO          ACCESS:          0 HIT:          0 MISS:          0 MSHR_MERGE:          0
cpu1->cpu1_STLB PREFETCH     ACCESS:          0 HIT:          0 MISS:          0 MSHR_MERGE:          0
cpu1->cpu1_STLB WRITE        ACCESS:          0 HIT:          0 MISS:          0 MSHR_MERGE:          0
cpu1->cpu1_STLB TRANSLATION  ACCESS:          0 HIT:          0 MISS:          0 MSHR_MERGE:          0
cpu1->cpu1_STLB PREFETCH REQUESTED:          0 ISSUED:          0 USEFUL:          0 USELESS:          0
cpu1->cpu1_STLB AVERAGE MISS LATENCY: 781.4 cycles
cpu0->cpu1_L2C TOTAL        ACCESS:        398 HIT:        392 MISS:          6 MSHR_MERGE:          0
cpu0->cpu1_L2C LOAD         ACCESS:          0 HIT:          0 MISS:          0 MSHR_MERGE:          0
cpu0->cpu1_L2C RFO          ACCESS:          0 HIT:          0 MISS:          0 MSHR_MERGE:          0
cpu0->cpu1_L2C PREFETCH     ACCESS:          0 HIT:          0 MISS:          0 MSHR_MERGE:          0
cpu0->cpu1_L2C WRITE        ACCESS:        398 HIT:        392 MISS:          6 MSHR_MERGE:          0
cpu0->cpu1_L2C TRANSLATION  ACCESS:          0 HIT:          0 MISS:          0 MSHR_MERGE:          0
cpu0->cpu1_L2C PREFETCH REQUESTED:     668482 ISSUED:     668411 USEFUL:       7519 USELESS:        162
cpu0->cpu1_L2C AVERAGE MISS LATENCY: 1.002e+06 cycles
cpu1->cpu1_L2C TOTAL        ACCESS:    1827660 HIT:    1580815 MISS:     246845 MSHR_MERGE:      10058
cpu1->cpu1_L2C LOAD         ACCESS:     542932 HIT:     529973 MISS:      12959 MSHR_MERGE:        303
cpu1->cpu1_L2C RFO          ACCESS:     134490 HIT:     112801 MISS:      21689 MSHR_MERGE:         20
cpu1->cpu1_L2C PREFETCH     ACCESS:     892053 HIT:     686816 MISS:     205237 MSHR_MERGE:       9735
cpu1->cpu1_L2C WRITE        ACCESS:     256252 HIT:     251217 MISS:       5035 MSHR_MERGE:          0
cpu1->cpu1_L2C TRANSLATION  ACCESS:       1933 HIT:          8 MISS:       1925 MSHR_MERGE:          0
cpu1->cpu1_L2C PREFETCH REQUESTED:     668482 ISSUED:     668411 USEFUL:       7519 USELESS:        162
cpu1->cpu1_L2C AVERAGE MISS LATENCY: 144.4 cycles
cpu1_L2C FLUSH STALL CYCLES: 14377
cpu1->cpu1_L1I TOTAL        ACCESS:   76156504 HIT:   75669818 MISS:     486686 MSHR_MERGE:     249107
cpu1->cpu1_L1I LOAD         ACCESS:   38792712 HIT:   38540821 MISS:     251891 MSHR_MERGE:     110451
cpu1->cpu1_L1I RFO          ACCESS:          0 HIT:          0 MISS:          0 MSHR_MERGE:          0
cpu1->cpu1_L1I PREFETCH     ACCESS:   37363792 HIT:   37128997 MISS:     234795 MSHR_MERGE:     138656
cpu1->cpu1_L1I WRITE        ACCESS:          0 HIT:          0 MISS:          0 MSHR_MERGE:          0
cpu1->cpu1_L1I TRANSLATION  ACCESS:          0 HIT:          0 MISS:          0 MSHR_MERGE:          0
cpu1->cpu1_L1I PREFETCH REQUESTED:   38792730 ISSUED:   37363766 USEFUL:      54031 USELESS:      42094
cpu1->cpu1_L1I AVERAGE MISS LATENCY: 9.984 cycles
cpu1->cpu1_L1D TOTAL        ACCESS:   91017466 HIT:   89882339 MISS:    1135127 MSHR_MERGE:     469681
cpu1->cpu1_L1D LOAD         ACCESS:   49573454 HIT:   49120756 MISS:     452698 MSHR_MERGE:      51203
cpu1->cpu1_L1D RFO          ACCESS:          0 HIT:          0 MISS:          0 MSHR_MERGE:          0
cpu1->cpu1_L1D PREFETCH     ACCESS:    6243804 HIT:    6068659 MISS:     175145 MSHR_MERGE:      47637
cpu1->cpu1_L1D WRITE        ACCESS:   35198111 HIT:   34692761 MISS:     505350 MSHR_MERGE:     370840
cpu1->cpu1_L1D TRANSLATION  ACCESS:       2097 HIT:        163 MISS:       1934 MSHR_MERGE:          1
cpu1->cpu1_L1D PREFETCH REQUESTED:    6244777 ISSUED:    6243801 USEFUL:      81921 USELESS:      45039
cpu1->cpu1_L1D AVERAGE MISS LATENCY: 20.88 cycles
cpu1_L1D FLUSH STALL CYCLES: 334
cpu1->cpu1_ITLB TOTAL        ACCESS:   60735756 HIT:   60735672 MISS:         84 MSHR_MERGE:         41
cpu1->cpu1_ITLB LOAD         ACCESS:   60735756 HIT:   60735672 MISS:         84 MSHR_MERGE:         41
cpu1->cpu1_ITLB RFO          ACCESS:          0 HIT:          0 MISS:          0 MSHR_MERGE:          0
cpu1->cpu1_ITLB PREFETCH     ACCESS:          0 HIT:          0 MISS:          0 MSHR_MERGE:          0
cpu1->cpu1_ITLB WRITE        ACCESS:          0 HIT:          0 MISS:          0 MSHR_MERGE:          0
cpu1->cpu1_ITLB TRANSLATION  ACCESS:          0 HIT:          0 MISS:          0 MSHR_MERGE:          0
cpu1->cpu1_ITLB PREFETCH REQUESTED:          0 ISSUED:          0 USEFUL:          0 USELESS:          0
cpu1->cpu1_ITLB AVERAGE MISS LATENCY: 773.9 cycles
cpu1->cpu1_DTLB TOTAL        ACCESS:   79833987 HIT:   79591324 MISS:     242663 MSHR_MERGE:      50896
cpu1->cpu1_DTLB LOAD         ACCESS:   79833987 HIT:   79591324 MISS:     242663 MSHR_MERGE:      50896
cpu1->cpu1_DTLB RFO          ACCESS:          0 HIT:          0 MISS:          0 MSHR_MERGE:          0
cpu1->cpu1_DTLB PREFETCH     ACCESS:          0 HIT:          0 MISS:          0 MSHR_MERGE:          0
cpu1->cpu1_DTLB WRITE        ACCESS:          0 HIT:          0 MISS:          0 MSHR_MERGE:          0
cpu1->cpu1_DTLB TRANSLATION  ACCESS:          0 HIT:          0 MISS:          0 MSHR_MERGE:          0
cpu1->cpu1_DTLB PREFETCH REQUESTED:          0 ISSUED:          0 USEFUL:          0 USELESS:          0
cpu1->cpu1_DTLB AVERAGE MISS LATENCY: 9.104 cycles
cpu15->cpu15_STLB TOTAL        ACCESS:     307900 HIT:     301499 MISS:       6401 MSHR_MERGE:          0
cpu15->cpu15_STLB LOAD         ACCESS:     307900 HIT:     301499 MISS:       6401 MSHR_MERGE:          0
cpu15->cpu15_STLB RFO          ACCESS:          0 HIT:          0 MISS:          0 MSHR_MERGE:          0
cpu15->cpu15_STLB PREFETCH     ACCESS:          0 HIT:          0 MISS:          0 MSHR_MERGE:          0
cpu15->cpu15_STLB WRITE        ACCESS:          0 HIT:          0 MISS:          0 MSHR_MERGE:          0
cpu15->cpu15_STLB TRANSLATION  ACCESS:          0 HIT:          0 MISS:          0 MSHR_MERGE:          0
cpu15->cpu15_STLB PREFETCH REQUESTED:          0 ISSUED:          0 USEFUL:          0 USELESS:          0
cpu15->cpu15_STLB AVERAGE MISS LATENCY: 768.9 cycles
cpu0->cpu15_L2C TOTAL        ACCESS:        143 HIT:        112 MISS:         31 MSHR_MERGE:          0
cpu0->cpu15_L2C LOAD         ACCESS:          0 HIT:          0 MISS:          0 MSHR_MERGE:          0
cpu0->cpu15_L2C RFO          ACCESS:          0 HIT:          0 MISS:          0 MSHR_MERGE:          0
cpu0->cpu15_L2C PREFETCH     ACCESS:          0 HIT:          0 MISS:          0 MSHR_MERGE:          0
cpu0->cpu15_L2C WRITE        ACCESS:        143 HIT:        112 MISS:         31 MSHR_MERGE:          0
cpu0->cpu15_L2C TRANSLATION  ACCESS:          0 HIT:          0 MISS:          0 MSHR_MERGE:          0
cpu0->cpu15_L2C PREFETCH REQUESTED:    3551167 ISSUED:    3537693 USEFUL:      52242 USELESS:       2373
cpu0->cpu15_L2C AVERAGE MISS LATENCY: 1.757e+06 cycles
cpu15->cpu15_L2C TOTAL        ACCESS:    5579470 HIT:    3572367 MISS:    2007103 MSHR_MERGE:     259743
cpu15->cpu15_L2C LOAD         ACCESS:    1135877 HIT:     890869 MISS:     245008 MSHR_MERGE:      25216
cpu15->cpu15_L2C RFO          ACCESS:     150832 HIT:      36407 MISS:     114425 MSHR_MERGE:          1
cpu15->cpu15_L2C PREFETCH     ACCESS:    4082051 HIT:    2486607 MISS:    1595444 MSHR_MERGE:     234526
cpu15->cpu15_L2C WRITE        ACCESS:     200534 HIT:     158284 MISS:      42250 MSHR_MERGE:          0
cpu15->cpu15_L2C TRANSLATION  ACCESS:      10176 HIT:        200 MISS:       9976 MSHR_MERGE:          0
cpu15->cpu15_L2C PREFETCH REQUESTED:    3551167 ISSUED:    3537693 USEFUL:      52242 USELESS:       2373
cpu15->cpu15_L2C AVERAGE MISS LATENCY: 132.3 cycles
cpu15_L2C FLUSH STALL CYCLES: 12770
cpu15->cpu15_L1I TOTAL        ACCESS:  144927201 HIT:  141853003 MISS:    3074198 MSHR_MERGE:    1923941
cpu15->cpu15_L1I LOAD         ACCESS:   73987531 HIT:   72456281 MISS:    1531250 MSHR_MERGE:     835338
cpu15->cpu15_L1I RFO          ACCESS:          0 HIT:          0 MISS:          0 MSHR_MERGE:          0
cpu15->cpu15_L1I PREFETCH     ACCESS:   70939670 HIT:   69396722 MISS:    1542948 MSHR_MERGE:    1088603
cpu15->cpu15_L1I WRITE        ACCESS:          0 HIT:          0 MISS:          0 MSHR_MERGE:          0
cpu15->cpu15_L1I TRANSLATION  ACCESS:          0 HIT:          0 MISS:          0 MSHR_MERGE:          0
cpu15->cpu15_L1I PREFETCH REQUESTED:   73992567 ISSUED:   70939649 USEFUL:     283733 USELESS:     170540
cpu15->cpu15_L1I AVERAGE MISS LATENCY: 9.239 cycles
cpu15->cpu15_L1D TOTAL        ACCESS:  114192349 HIT:  112079137 MISS:    2113212 MSHR_MERGE:    1421805
cpu15->cpu15_L1D LOAD         ACCESS:   69154532 HIT:   68308933 MISS:     845599 MSHR_MERGE:     405633
cpu15->cpu15_L1D RFO          ACCESS:          0 HIT:          0 MISS:          0 MSHR_MERGE:          0
cpu15->cpu15_L1D PREFETCH     ACCESS:    5587943 HIT:    5428901 MISS:     159042 MSHR_MERGE:      68641
cpu15->cpu15_L1D WRITE        ACCESS:   39437044 HIT:   38339193 MISS:    1097851 MSHR_MERGE:     946987
cpu15->cpu15_L1D TRANSLATION  ACCESS:      12830 HIT:       2110 MISS:      10720 MSHR_MERGE:        544
cpu15->cpu15_L1D PREFETCH REQUESTED:    5668970 ISSUED:    5587943 USEFUL:      53813 USELESS:      13289
cpu15->cpu15_L1D AVERAGE MISS LATENCY: 99.23 cycles
cpu15_L1D FLUSH STALL CYCLES: 79
cpu15->cpu15_ITLB TOTAL        ACCESS:  103724984 HIT:  103720180 MISS:       4804 MSHR_MERGE:       3098
cpu15->cpu15_ITLB LOAD         ACCESS:  103724984 HIT:  103720180 MISS:       4804 MSHR_MERGE:       3098
cpu15->cpu15_ITLB RFO          ACCESS:          0 HIT:          0 MISS:          0 MSHR_MERGE:          0
cpu15->cpu15_ITLB PREFETCH     ACCESS:          0 HIT:          0 MISS:          0 MSHR_MERGE:          0
cpu15->cpu15_ITLB WRITE        ACCESS:          0 HIT:          0 MISS:          0 MSHR_MERGE:          0
cpu15->cpu15_ITLB TRANSLATION  ACCESS:          0 HIT:          0 MISS:          0 MSHR_MERGE:          0
cpu15->cpu15_ITLB PREFETCH REQUESTED:          0 ISSUED:          0 USEFUL:          0 USELESS:          0
cpu15->cpu15_ITLB AVERAGE MISS LATENCY: 51.63 cycles
cpu15->cpu15_DTLB TOTAL        ACCESS:  101861303 HIT:  101269035 MISS:     592268 MSHR_MERGE:     286074
cpu15->cpu15_DTLB LOAD         ACCESS:  101861303 HIT:  101269035 MISS:     592268 MSHR_MERGE:     286074
cpu15->cpu15_DTLB RFO          ACCESS:          0 HIT:          0 MISS:          0 MSHR_MERGE:          0
cpu15->cpu15_DTLB PREFETCH     ACCESS:          0 HIT:          0 MISS:          0 MSHR_MERGE:          0
cpu15->cpu15_DTLB WRITE        ACCESS:          0 HIT:          0 MISS:          0 MSHR_MERGE:          0
cpu15->cpu15_DTLB TRANSLATION  ACCESS:          0 HIT:          0 MISS:          0 MSHR_MERGE:          0
cpu15->cpu15_DTLB PREFETCH REQUESTED:          0 ISSUED:          0 USEFUL:          0 USELESS:          0
cpu15->cpu15_DTLB AVERAGE MISS LATENCY: 20.84 cycles
cpu14->cpu14_STLB TOTAL        ACCESS:      27064 HIT:        724 MISS:      26340 MSHR_MERGE:          0
cpu14->cpu14_STLB LOAD         ACCESS:      27064 HIT:        724 MISS:      26340 MSHR_MERGE:          0
cpu14->cpu14_STLB RFO          ACCESS:          0 HIT:          0 MISS:          0 MSHR_MERGE:          0
cpu14->cpu14_STLB PREFETCH     ACCESS:          0 HIT:          0 MISS:          0 MSHR_MERGE:          0
cpu14->cpu14_STLB WRITE        ACCESS:          0 HIT:          0 MISS:          0 MSHR_MERGE:          0
cpu14->cpu14_STLB TRANSLATION  ACCESS:          0 HIT:          0 MISS:          0 MSHR_MERGE:          0
cpu14->cpu14_STLB PREFETCH REQUESTED:          0 ISSUED:          0 USEFUL:          0 USELESS:          0
cpu14->cpu14_STLB AVERAGE MISS LATENCY: 421.7 cycles
cpu0->cpu14_L2C TOTAL        ACCESS:        426 HIT:        176 MISS:        250 MSHR_MERGE:          0
cpu0->cpu14_L2C LOAD         ACCESS:          0 HIT:          0 MISS:          0 MSHR_MERGE:          0
cpu0->cpu14_L2C RFO          ACCESS:          0 HIT:          0 MISS:          0 MSHR_MERGE:          0
cpu0->cpu14_L2C PREFETCH     ACCESS:          0 HIT:          0 MISS:          0 MSHR_MERGE:          0
cpu0->cpu14_L2C WRITE        ACCESS:        426 HIT:        176 MISS:        250 MSHR_MERGE:          0
cpu0->cpu14_L2C TRANSLATION  ACCESS:          0 HIT:          0 MISS:          0 MSHR_MERGE:          0
cpu0->cpu14_L2C PREFETCH REQUESTED:   10880114 ISSUED:    9569653 USEFUL:     462516 USELESS:       6417
cpu0->cpu14_L2C AVERAGE MISS LATENCY: 3.972e+05 cycles
cpu14->cpu14_L2C TOTAL        ACCESS:   11097237 HIT:     674609 MISS:   10422628 MSHR_MERGE:     144694
cpu14->cpu14_L2C LOAD         ACCESS:     700357 HIT:     426098 MISS:     274259 MSHR_MERGE:      50165
cpu14->cpu14_L2C RFO          ACCESS:     381145 HIT:        395 MISS:     380750 MSHR_MERGE:          0
cpu14->cpu14_L2C PREFETCH     ACCESS:    9602444 HIT:       9793 MISS:    9592651 MSHR_MERGE:      94529
cpu14->cpu14_L2C WRITE        ACCESS:     381227 HIT:     238206 MISS:     143021 MSHR_MERGE:          0
cpu14->cpu14_L2C TRANSLATION  ACCESS:      32064 HIT:        117 MISS:      31947 MSHR_MERGE:          0
cpu14->cpu14_L2C PREFETCH REQUESTED:   10880114 ISSUED:    9569653 USEFUL:     462516 USELESS:       6417
cpu14->cpu14_L2C AVERAGE MISS LATENCY: 119.6 cycles
cpu14_L2C FLUSH STALL CYCLES: 8234
cpu14->cpu14_L1I TOTAL        ACCESS:   10392532 HIT:   10392467 MISS:         65 MSHR_MERGE:         30
cpu14->cpu14_L1I LOAD         ACCESS:    5196266 HIT:    5196238 MISS:         28 MSHR_MERGE:          9
cpu14->cpu14_L1I RFO          ACCESS:          0 HIT:          0 MISS:          0 MSHR_MERGE:          0
cpu14->cpu14_L1I PREFETCH     ACCESS:    5196266 HIT:    5196229 MISS:         37 MSHR_MERGE:         21
cpu14->cpu14_L1I WRITE        ACCESS:          0 HIT:          0 MISS:          0 MSHR_MERGE:          0
cpu14->cpu14_L1I TRANSLATION  ACCESS:          0 HIT:          0 MISS:          0 MSHR_MERGE:          0
cpu14->cpu14_L1I PREFETCH REQUESTED:    5196266 ISSUED:    5196266 USEFUL:         10 USELESS:          0
cpu14->cpu14_L1I AVERAGE MISS LATENCY: 120.5 cycles
cpu14->cpu14_L1D TOTAL        ACCESS:   57507207 HIT:   53582071 MISS:    3925136 MSHR_MERGE:    2778725
cpu14->cpu14_L1D LOAD         ACCESS:   33748154 HIT:   32216204 MISS:    1531950 MSHR_MERGE:     831612
cpu14->cpu14_L1D RFO          ACCESS:          0 HIT:          0 MISS:          0 MSHR_MERGE:          0
cpu14->cpu14_L1D PREFETCH     ACCESS:      35822 HIT:       1715 MISS:      34107 MSHR_MERGE:       1332
cpu14->cpu14_L1D WRITE        ACCESS:   23670445 HIT:   21343535 MISS:    2326910 MSHR_MERGE:    1945676
cpu14->cpu14_L1D TRANSLATION  ACCESS:      52786 HIT:      20617 MISS:      32169 MSHR_MERGE:        105
cpu14->cpu14_L1D PREFETCH REQUESTED:      35822 ISSUED:      35822 USEFUL:      15389 USELESS:        641
cpu14->cpu14_L1D AVERAGE MISS LATENCY: 98.79 cycles
cpu14_L1D FLUSH STALL CYCLES: 362
cpu14->cpu14_ITLB TOTAL        ACCESS:    7885665 HIT:    7885662 MISS:          3 MSHR_MERGE:          1
cpu14->cpu14_ITLB LOAD         ACCESS:    7885665 HIT:    7885662 MISS:          3 MSHR_MERGE:          1
cpu14->cpu14_ITLB RFO          ACCESS:          0 HIT:          0 MISS:          0 MSHR_MERGE:          0
cpu14->cpu14_ITLB PREFETCH     ACCESS:          0 HIT:          0 MISS:          0 MSHR_MERGE:          0
cpu14->cpu14_ITLB WRITE        ACCESS:          0 HIT:          0 MISS:          0 MSHR_MERGE:          0
cpu14->cpu14_ITLB TRANSLATION  ACCESS:          0 HIT:          0 MISS:          0 MSHR_MERGE:          0
cpu14->cpu14_ITLB PREFETCH REQUESTED:          0 ISSUED:          0 USEFUL:          0 USELESS:          0
cpu14->cpu14_ITLB AVERAGE MISS LATENCY: 837 cycles
cpu14->cpu14_DTLB TOTAL        ACCESS:   54309054 HIT:   54118315 MISS:     190739 MSHR_MERGE:     163677
cpu14->cpu14_DTLB LOAD         ACCESS:   54309054 HIT:   54118315 MISS:     190739 MSHR_MERGE:     163677
cpu14->cpu14_DTLB RFO          ACCESS:          0 HIT:          0 MISS:          0 MSHR_MERGE:          0
cpu14->cpu14_DTLB PREFETCH     ACCESS:          0 HIT:          0 MISS:          0 MSHR_MERGE:          0
cpu14->cpu14_DTLB WRITE        ACCESS:          0 HIT:          0 MISS:          0 MSHR_MERGE:          0
cpu14->cpu14_DTLB TRANSLATION  ACCESS:          0 HIT:          0 MISS:          0 MSHR_MERGE:          0
cpu14->cpu14_DTLB PREFETCH REQUESTED:          0 ISSUED:          0 USEFUL:          0 USELESS:          0
cpu14->cpu14_DTLB AVERAGE MISS LATENCY: 416.4 cycles
cpu13->cpu13_STLB TOTAL        ACCESS:    1289497 HIT:    1165950 MISS:     123547 MSHR_MERGE:          0
cpu13->cpu13_STLB LOAD         ACCESS:    1289497 HIT:    1165950 MISS:     123547 MSHR_MERGE:          0
cpu13->cpu13_STLB RFO          ACCESS:          0 HIT:          0 MISS:          0 MSHR_MERGE:          0
cpu13->cpu13_STLB PREFETCH     ACCESS:          0 HIT:          0 MISS:          0 MSHR_MERGE:          0
cpu13->cpu13_STLB WRITE        ACCESS:          0 HIT:          0 MISS:          0 MSHR_MERGE:          0
cpu13->cpu13_STLB TRANSLATION  ACCESS:          0 HIT:          0 MISS:          0 MSHR_MERGE:          0
cpu13->cpu13_STLB PREFETCH REQUESTED:          0 ISSUED:          0 USEFUL:          0 USELESS:          0
cpu13->cpu13_STLB AVERAGE MISS LATENCY: 358.1 cycles
cpu0->cpu13_L2C TOTAL        ACCESS:        440 HIT:        423 MISS:         17 MSHR_MERGE:          0
cpu0->cpu13_L2C LOAD         ACCESS:          0 HIT:          0 MISS:          0 MSHR_MERGE:          0
cpu0->cpu13_L2C RFO          ACCESS:          0 HIT:          0 MISS:          0 MSHR_MERGE:          0
cpu0->cpu13_L2C PREFETCH     ACCESS:          0 HIT:          0 MISS:          0 MSHR_MERGE:          0
cpu0->cpu13_L2C WRITE        ACCESS:        440 HIT:        423 MISS:         17 MSHR_MERGE:          0
cpu0->cpu13_L2C TRANSLATION  ACCESS:          0 HIT:          0 MISS:          0 MSHR_MERGE:          0
cpu0->cpu13_L2C PREFETCH REQUESTED:     881079 ISSUED:     881079 USEFUL:       6836 USELESS:        119
cpu0->cpu13_L2C AVERAGE MISS LATENCY: 5.837e+06 cycles
cpu13->cpu13_L2C TOTAL        ACCESS:    3559787 HIT:    2657236 MISS:     902551 MSHR_MERGE:     225863
cpu13->cpu13_L2C LOAD         ACCESS:     968803 HIT:     715088 MISS:     253715 MSHR_MERGE:       5751
cpu13->cpu13_L2C RFO          ACCESS:     363003 HIT:     280997 MISS:      82006 MSHR_MERGE:          0
cpu13->cpu13_L2C PREFETCH     ACCESS:     974479 HIT:     668584 MISS:     305895 MSHR_MERGE:     220112
cpu13->cpu13_L2C WRITE        ACCESS:    1012588 HIT:     971973 MISS:      40615 MSHR_MERGE:          0
cpu13->cpu13_L2C TRANSLATION  ACCESS:     240914 HIT:      20594 MISS:     220320 MSHR_MERGE:          0
cpu13->cpu13_L2C PREFETCH REQUESTED:     881079 ISSUED:     881079 USEFUL:       6836 USELESS:        119
cpu13->cpu13_L2C AVERAGE MISS LATENCY: 166.3 cycles
cpu13_L2C FLUSH STALL CYCLES: 17351
cpu13->cpu13_L1I TOTAL        ACCESS:   25851623 HIT:   25845772 MISS:       5851 MSHR_MERGE:       4016
cpu13->cpu13_L1I LOAD         ACCESS:   12938901 HIT:   12936497 MISS:       2404 MSHR_MERGE:       1370
cpu13->cpu13_L1I RFO          ACCESS:          0 HIT:          0 MISS:          0 MSHR_MERGE:          0
cpu13->cpu13_L1I PREFETCH     ACCESS:   12912722 HIT:   12909275 MISS:       3447 MSHR_MERGE:       2646
cpu13->cpu13_L1I WRITE        ACCESS:          0 HIT:          0 MISS:          0 MSHR_MERGE:          0
cpu13->cpu13_L1I TRANSLATION  ACCESS:          0 HIT:          0 MISS:          0 MSHR_MERGE:          0
cpu13->cpu13_L1I PREFETCH REQUESTED:   12938901 ISSUED:   12912722 USEFUL:        529 USELESS:        273
cpu13->cpu13_L1I AVERAGE MISS LATENCY: 51.9 cycles
cpu13->cpu13_L1D TOTAL        ACCESS:   63797214 HIT:   61410028 MISS:    2387186 MSHR_MERGE:     722886
cpu13->cpu13_L1D LOAD         ACCESS:   44864387 HIT:   43560340 MISS:    1304047 MSHR_MERGE:     336266
cpu13->cpu13_L1D RFO          ACCESS:          0 HIT:          0 MISS:          0 MSHR_MERGE:          0
cpu13->cpu13_L1D PREFETCH     ACCESS:    1047671 HIT:     946835 MISS:     100836 MSHR_MERGE:       8237
cpu13->cpu13_L1D WRITE        ACCESS:   17638059 HIT:   16897839 MISS:     740220 MSHR_MERGE:     377214
cpu13->cpu13_L1D TRANSLATION  ACCESS:     247097 HIT:       5014 MISS:     242083 MSHR_MERGE:       1169
cpu13->cpu13_L1D PREFETCH REQUESTED:    1048641 ISSUED:    1047671 USEFUL:      33666 USELESS:      58909
cpu13->cpu13_L1D AVERAGE MISS LATENCY: 73.18 cycles
cpu13_L1D FLUSH STALL CYCLES: 376
cpu13->cpu13_ITLB TOTAL        ACCESS:   18856004 HIT:   18856004 MISS:          0 MSHR_MERGE:          0
cpu13->cpu13_ITLB LOAD         ACCESS:   18856004 HIT:   18856004 MISS:          0 MSHR_MERGE:          0
cpu13->cpu13_ITLB RFO          ACCESS:          0 HIT:          0 MISS:          0 MSHR_MERGE:          0
cpu13->cpu13_ITLB PREFETCH     ACCESS:          0 HIT:          0 MISS:          0 MSHR_MERGE:          0
cpu13->cpu13_ITLB WRITE        ACCESS:          0 HIT:          0 MISS:          0 MSHR_MERGE:          0
cpu13->cpu13_ITLB TRANSLATION  ACCESS:          0 HIT:          0 MISS:          0 MSHR_MERGE:          0
cpu13->cpu13_ITLB PREFETCH REQUESTED:          0 ISSUED:          0 USEFUL:          0 USELESS:          0
cpu13->cpu13_ITLB AVERAGE MISS LATENCY: - cycles
cpu13->cpu13_DTLB TOTAL        ACCESS:   59722518 HIT:   58240240 MISS:    1482278 MSHR_MERGE:     192781
cpu13->cpu13_DTLB LOAD         ACCESS:   59722518 HIT:   58240240 MISS:    1482278 MSHR_MERGE:     192781
cpu13->cpu13_DTLB RFO          ACCESS:          0 HIT:          0 MISS:          0 MSHR_MERGE:          0
cpu13->cpu13_DTLB PREFETCH     ACCESS:          0 HIT:          0 MISS:          0 MSHR_MERGE:          0
cpu13->cpu13_DTLB WRITE        ACCESS:          0 HIT:          0 MISS:          0 MSHR_MERGE:          0
cpu13->cpu13_DTLB TRANSLATION  ACCESS:          0 HIT:          0 MISS:          0 MSHR_MERGE:          0
cpu13->cpu13_DTLB PREFETCH REQUESTED:          0 ISSUED:          0 USEFUL:          0 USELESS:          0
cpu13->cpu13_DTLB AVERAGE MISS LATENCY: 39.4 cycles
cpu12->cpu12_STLB TOTAL        ACCESS:        977 HIT:          0 MISS:        977 MSHR_MERGE:          0
cpu12->cpu12_STLB LOAD         ACCESS:        977 HIT:          0 MISS:        977 MSHR_MERGE:          0
cpu12->cpu12_STLB RFO          ACCESS:          0 HIT:          0 MISS:          0 MSHR_MERGE:          0
cpu12->cpu12_STLB PREFETCH     ACCESS:          0 HIT:          0 MISS:          0 MSHR_MERGE:          0
cpu12->cpu12_STLB WRITE        ACCESS:          0 HIT:          0 MISS:          0 MSHR_MERGE:          0
cpu12->cpu12_STLB TRANSLATION  ACCESS:          0 HIT:          0 MISS:          0 MSHR_MERGE:          0
cpu12->cpu12_STLB PREFETCH REQUESTED:          0 ISSUED:          0 USEFUL:          0 USELESS:          0
cpu12->cpu12_STLB AVERAGE MISS LATENCY: 652.4 cycles
cpu0->cpu12_L2C TOTAL        ACCESS:        731 HIT:        673 MISS:         58 MSHR_MERGE:          0
cpu0->cpu12_L2C LOAD         ACCESS:          0 HIT:          0 MISS:          0 MSHR_MERGE:          0
cpu0->cpu12_L2C RFO          ACCESS:          0 HIT:          0 MISS:          0 MSHR_MERGE:          0
cpu0->cpu12_L2C PREFETCH     ACCESS:          0 HIT:          0 MISS:          0 MSHR_MERGE:          0
cpu0->cpu12_L2C WRITE        ACCESS:        731 HIT:        673 MISS:         58 MSHR_MERGE:          0
cpu0->cpu12_L2C TRANSLATION  ACCESS:          0 HIT:          0 MISS:          0 MSHR_MERGE:          0
cpu0->cpu12_L2C PREFETCH REQUESTED:    1234395 ISSUED:    1217142 USEFUL:      44646 USELESS:         22
cpu0->cpu12_L2C AVERAGE MISS LATENCY: 1.638e+04 cycles
cpu12->cpu12_L2C TOTAL        ACCESS:    1344323 HIT:     103911 MISS:    1240412 MSHR_MERGE:       2489
cpu12->cpu12_L2C LOAD         ACCESS:      61180 HIT:      44784 MISS:      16396 MSHR_MERGE:          0
cpu12->cpu12_L2C RFO          ACCESS:        210 HIT:        208 MISS:          2 MSHR_MERGE:          0
cpu12->cpu12_L2C PREFETCH     ACCESS:    1218994 HIT:       1839 MISS:    1217155 MSHR_MERGE:       2489
cpu12->cpu12_L2C WRITE        ACCESS:      62838 HIT:      57079 MISS:       5759 MSHR_MERGE:          0
cpu12->cpu12_L2C TRANSLATION  ACCESS:       1101 HIT:          1 MISS:       1100 MSHR_MERGE:          0
cpu12->cpu12_L2C PREFETCH REQUESTED:    1234395 ISSUED:    1217142 USEFUL:      44646 USELESS:         22
cpu12->cpu12_L2C AVERAGE MISS LATENCY: 40.84 cycles
cpu12_L2C FLUSH STALL CYCLES: 20184
cpu12->cpu12_L1I TOTAL        ACCESS:  143414355 HIT:  143414355 MISS:          0 MSHR_MERGE:          0
cpu12->cpu12_L1I LOAD         ACCESS:   71774391 HIT:   71774391 MISS:          0 MSHR_MERGE:          0
cpu12->cpu12_L1I RFO          ACCESS:          0 HIT:          0 MISS:          0 MSHR_MERGE:          0
cpu12->cpu12_L1I PREFETCH     ACCESS:   71639964 HIT:   71639964 MISS:          0 MSHR_MERGE:          0
cpu12->cpu12_L1I WRITE        ACCESS:          0 HIT:          0 MISS:          0 MSHR_MERGE:          0
cpu12->cpu12_L1I TRANSLATION  ACCESS:          0 HIT:          0 MISS:          0 MSHR_MERGE:          0
cpu12->cpu12_L1I PREFETCH REQUESTED:   71774391 ISSUED:   71639934 USEFUL:          0 USELESS:          0
cpu12->cpu12_L1I AVERAGE MISS LATENCY: - cycles
cpu12->cpu12_L1D TOTAL        ACCESS:   57424312 HIT:   57296791 MISS:     127521 MSHR_MERGE:      63178
cpu12->cpu12_L1D LOAD         ACCESS:   42658951 HIT:   42535210 MISS:     123741 MSHR_MERGE:      62561
cpu12->cpu12_L1D RFO          ACCESS:          0 HIT:          0 MISS:          0 MSHR_MERGE:          0
cpu12->cpu12_L1D PREFETCH     ACCESS:       2054 HIT:        200 MISS:       1854 MSHR_MERGE:          2
cpu12->cpu12_L1D WRITE        ACCESS:   14761351 HIT:   14760526 MISS:        825 MSHR_MERGE:        615
cpu12->cpu12_L1D TRANSLATION  ACCESS:       1956 HIT:        855 MISS:       1101 MSHR_MERGE:          0
cpu12->cpu12_L1D PREFETCH REQUESTED:       2054 ISSUED:       2054 USEFUL:       1852 USELESS:          0
cpu12->cpu12_L1D AVERAGE MISS LATENCY: 24.92 cycles
cpu12_L1D FLUSH STALL CYCLES: 667
cpu12->cpu12_ITLB TOTAL        ACCESS:  116654457 HIT:  116654457 MISS:          0 MSHR_MERGE:          0
cpu12->cpu12_ITLB LOAD         ACCESS:  116654457 HIT:  116654457 MISS:          0 MSHR_MERGE:          0
cpu12->cpu12_ITLB RFO          ACCESS:          0 HIT:          0 MISS:          0 MSHR_MERGE:          0
cpu12->cpu12_ITLB PREFETCH     ACCESS:          0 HIT:          0 MISS:          0 MSHR_MERGE:          0
cpu12->cpu12_ITLB WRITE        ACCESS:          0 HIT:          0 MISS:          0 MSHR_MERGE:          0
cpu12->cpu12_ITLB TRANSLATION  ACCESS:          0 HIT:          0 MISS:          0 MSHR_MERGE:          0
cpu12->cpu12_ITLB PREFETCH REQUESTED:          0 ISSUED:          0 USEFUL:          0 USELESS:          0
cpu12->cpu12_ITLB AVERAGE MISS LATENCY: - cycles
cpu12->cpu12_DTLB TOTAL        ACCESS:   56749118 HIT:   56747120 MISS:       1998 MSHR_MERGE:       1021
cpu12->cpu12_DTLB LOAD         ACCESS:   56749118 HIT:   56747120 MISS:       1998 MSHR_MERGE:       1021
cpu12->cpu12_DTLB RFO          ACCESS:          0 HIT:          0 MISS:          0 MSHR_MERGE:          0
cpu12->cpu12_DTLB PREFETCH     ACCESS:          0 HIT:          0 MISS:          0 MSHR_MERGE:          0
cpu12->cpu12_DTLB WRITE        ACCESS:          0 HIT:          0 MISS:          0 MSHR_MERGE:          0
cpu12->cpu12_DTLB TRANSLATION  ACCESS:          0 HIT:          0 MISS:          0 MSHR_MERGE:          0
cpu12->cpu12_DTLB PREFETCH REQUESTED:          0 ISSUED:          0 USEFUL:          0 USELESS:          0
cpu12->cpu12_DTLB AVERAGE MISS LATENCY: 658.4 cycles
cpu11->cpu11_STLB TOTAL        ACCESS:     225782 HIT:     225076 MISS:        706 MSHR_MERGE:          0
cpu11->cpu11_STLB LOAD         ACCESS:     225782 HIT:     225076 MISS:        706 MSHR_MERGE:          0
cpu11->cpu11_STLB RFO          ACCESS:          0 HIT:          0 MISS:          0 MSHR_MERGE:          0
cpu11->cpu11_STLB PREFETCH     ACCESS:          0 HIT:          0 MISS:          0 MSHR_MERGE:          0
cpu11->cpu11_STLB WRITE        ACCESS:          0 HIT:          0 MISS:          0 MSHR_MERGE:          0
cpu11->cpu11_STLB TRANSLATION  ACCESS:          0 HIT:          0 MISS:          0 MSHR_MERGE:          0
cpu11->cpu11_STLB PREFETCH REQUESTED:          0 ISSUED:          0 USEFUL:          0 USELESS:          0
cpu11->cpu11_STLB AVERAGE MISS LATENCY: 836 cycles
cpu0->cpu11_L2C TOTAL        ACCESS:        172 HIT:         87 MISS:         85 MSHR_MERGE:          0
cpu0->cpu11_L2C LOAD         ACCESS:          0 HIT:          0 MISS:          0 MSHR_MERGE:          0
cpu0->cpu11_L2C RFO          ACCESS:          0 HIT:          0 MISS:          0 MSHR_MERGE:          0
cpu0->cpu11_L2C PREFETCH     ACCESS:          0 HIT:          0 MISS:          0 MSHR_MERGE:          0
cpu0->cpu11_L2C WRITE        ACCESS:        172 HIT:         87 MISS:         85 MSHR_MERGE:          0
cpu0->cpu11_L2C TRANSLATION  ACCESS:          0 HIT:          0 MISS:          0 MSHR_MERGE:          0
cpu0->cpu11_L2C PREFETCH REQUESTED:     447522 ISSUED:     447443 USEFUL:      17280 USELESS:        281
cpu0->cpu11_L2C AVERAGE MISS LATENCY: 1.121e+04 cycles
cpu11->cpu11_L2C TOTAL        ACCESS:     749304 HIT:     371443 MISS:     377861 MSHR_MERGE:       8524
cpu11->cpu11_L2C LOAD         ACCESS:     118993 HIT:     115060 MISS:       3933 MSHR_MERGE:          0
cpu11->cpu11_L2C RFO          ACCESS:       6301 HIT:       4490 MISS:       1811 MSHR_MERGE:          0
cpu11->cpu11_L2C PREFETCH     ACCESS:     572128 HIT:     201608 MISS:     370520 MSHR_MERGE:       8524
cpu11->cpu11_L2C WRITE        ACCESS:      50476 HIT:      50259 MISS:        217 MSHR_MERGE:          0
cpu11->cpu11_L2C TRANSLATION  ACCESS:       1406 HIT:         26 MISS:       1380 MSHR_MERGE:          0
cpu11->cpu11_L2C PREFETCH REQUESTED:     447522 ISSUED:     447443 USEFUL:      17280 USELESS:        281
cpu11->cpu11_L2C AVERAGE MISS LATENCY: 129.8 cycles
cpu11_L2C FLUSH STALL CYCLES: 1039
cpu11->cpu11_L1I TOTAL        ACCESS:    7304018 HIT:    7303849 MISS:        169 MSHR_MERGE:         72
cpu11->cpu11_L1I LOAD         ACCESS:    3652054 HIT:    3651990 MISS:         64 MSHR_MERGE:         26
cpu11->cpu11_L1I RFO          ACCESS:          0 HIT:          0 MISS:          0 MSHR_MERGE:          0
cpu11->cpu11_L1I PREFETCH     ACCESS:    3651964 HIT:    3651859 MISS:        105 MSHR_MERGE:         46
cpu11->cpu11_L1I WRITE        ACCESS:          0 HIT:          0 MISS:          0 MSHR_MERGE:          0
cpu11->cpu11_L1I TRANSLATION  ACCESS:          0 HIT:          0 MISS:          0 MSHR_MERGE:          0
cpu11->cpu11_L1I PREFETCH REQUESTED:    3652054 ISSUED:    3651964 USEFUL:         38 USELESS:          0
cpu11->cpu11_L1I AVERAGE MISS LATENCY: 170.4 cycles
cpu11->cpu11_L1D TOTAL        ACCESS:  153580247 HIT:  153120205 MISS:     460042 MSHR_MERGE:     208754
cpu11->cpu11_L1D LOAD         ACCESS:  130587021 HIT:  130286013 MISS:     301008 MSHR_MERGE:     182053
cpu11->cpu11_L1D RFO          ACCESS:          0 HIT:          0 MISS:          0 MSHR_MERGE:          0
cpu11->cpu11_L1D PREFETCH     ACCESS:    3382453 HIT:    3242241 MISS:     140212 MSHR_MERGE:      15586
cpu11->cpu11_L1D WRITE        ACCESS:   19609361 HIT:   19591945 MISS:      17416 MSHR_MERGE:      11115
cpu11->cpu11_L1D TRANSLATION  ACCESS:       1412 HIT:          6 MISS:       1406 MSHR_MERGE:          0
cpu11->cpu11_L1D PREFETCH REQUESTED:    3435391 ISSUED:    3382437 USEFUL:      95444 USELESS:      29150
cpu11->cpu11_L1D AVERAGE MISS LATENCY: 17.48 cycles
cpu11_L1D FLUSH STALL CYCLES: 108
cpu11->cpu11_ITLB TOTAL        ACCESS:    5485187 HIT:    5485166 MISS:         21 MSHR_MERGE:         11
cpu11->cpu11_ITLB LOAD         ACCESS:    5485187 HIT:    5485166 MISS:         21 MSHR_MERGE:         11
cpu11->cpu11_ITLB RFO          ACCESS:          0 HIT:          0 MISS:          0 MSHR_MERGE:          0
cpu11->cpu11_ITLB PREFETCH     ACCESS:          0 HIT:          0 MISS:          0 MSHR_MERGE:          0
cpu11->cpu11_ITLB WRITE        ACCESS:          0 HIT:          0 MISS:          0 MSHR_MERGE:          0
cpu11->cpu11_ITLB TRANSLATION  ACCESS:          0 HIT:          0 MISS:          0 MSHR_MERGE:          0
cpu11->cpu11_ITLB PREFETCH REQUESTED:          0 ISSUED:          0 USEFUL:          0 USELESS:          0
cpu11->cpu11_ITLB AVERAGE MISS LATENCY: 772.3 cycles
cpu11->cpu11_DTLB TOTAL        ACCESS:  146889247 HIT:  146412376 MISS:     476871 MSHR_MERGE:     251099
cpu11->cpu11_DTLB LOAD         ACCESS:  146889247 HIT:  146412376 MISS:     476871 MSHR_MERGE:     251099
cpu11->cpu11_DTLB RFO          ACCESS:          0 HIT:          0 MISS:          0 MSHR_MERGE:          0
cpu11->cpu11_DTLB PREFETCH     ACCESS:          0 HIT:          0 MISS:          0 MSHR_MERGE:          0
cpu11->cpu11_DTLB WRITE        ACCESS:          0 HIT:          0 MISS:          0 MSHR_MERGE:          0
cpu11->cpu11_DTLB TRANSLATION  ACCESS:          0 HIT:          0 MISS:          0 MSHR_MERGE:          0
cpu11->cpu11_DTLB PREFETCH REQUESTED:          0 ISSUED:          0 USEFUL:          0 USELESS:          0
cpu11->cpu11_DTLB AVERAGE MISS LATENCY: 7.583 cycles
cpu10->cpu10_STLB TOTAL        ACCESS:   18679276 HIT:   18649216 MISS:      30060 MSHR_MERGE:          0
cpu10->cpu10_STLB LOAD         ACCESS:   18679276 HIT:   18649216 MISS:      30060 MSHR_MERGE:          0
cpu10->cpu10_STLB RFO          ACCESS:          0 HIT:          0 MISS:          0 MSHR_MERGE:          0
cpu10->cpu10_STLB PREFETCH     ACCESS:          0 HIT:          0 MISS:          0 MSHR_MERGE:          0
cpu10->cpu10_STLB WRITE        ACCESS:          0 HIT:          0 MISS:          0 MSHR_MERGE:          0
cpu10->cpu10_STLB TRANSLATION  ACCESS:          0 HIT:          0 MISS:          0 MSHR_MERGE:          0
cpu10->cpu10_STLB PREFETCH REQUESTED:          0 ISSUED:          0 USEFUL:          0 USELESS:          0
cpu10->cpu10_STLB AVERAGE MISS LATENCY: 606.2 cycles
cpu0->cpu10_L2C TOTAL        ACCESS:         28 HIT:         28 MISS:          0 MSHR_MERGE:          0
cpu0->cpu10_L2C LOAD         ACCESS:          0 HIT:          0 MISS:          0 MSHR_MERGE:          0
cpu0->cpu10_L2C RFO          ACCESS:          0 HIT:          0 MISS:          0 MSHR_MERGE:          0
cpu0->cpu10_L2C PREFETCH     ACCESS:          0 HIT:          0 MISS:          0 MSHR_MERGE:          0
cpu0->cpu10_L2C WRITE        ACCESS:         28 HIT:         28 MISS:          0 MSHR_MERGE:          0
cpu0->cpu10_L2C TRANSLATION  ACCESS:          0 HIT:          0 MISS:          0 MSHR_MERGE:          0
cpu0->cpu10_L2C PREFETCH REQUESTED:   21542419 ISSUED:   21542103 USEFUL:     488404 USELESS:     484677
cpu0->cpu10_L2C AVERAGE MISS LATENCY: - cycles
cpu10->cpu10_L2C TOTAL        ACCESS:   52427080 HIT:   36832884 MISS:   15594196 MSHR_MERGE:    1786958
cpu10->cpu10_L2C LOAD         ACCESS:   26810222 HIT:   18844353 MISS:    7965869 MSHR_MERGE:      12788
cpu10->cpu10_L2C RFO          ACCESS:    1833448 HIT:    1620040 MISS:     213408 MSHR_MERGE:          0
cpu10->cpu10_L2C PREFETCH     ACCESS:   21699974 HIT:   14402190 MISS:    7297784 MSHR_MERGE:    1774170
cpu10->cpu10_L2C WRITE        ACCESS:    2006786 HIT:    1952311 MISS:      54475 MSHR_MERGE:          0
cpu10->cpu10_L2C TRANSLATION  ACCESS:      76650 HIT:      13990 MISS:      62660 MSHR_MERGE:          0
cpu10->cpu10_L2C PREFETCH REQUESTED:   21542419 ISSUED:   21542103 USEFUL:     488404 USELESS:     484677
cpu10->cpu10_L2C AVERAGE MISS LATENCY: 42.73 cycles
cpu10_L2C FLUSH STALL CYCLES: 2864
cpu10->cpu10_L1I TOTAL        ACCESS:   85633043 HIT:   85633032 MISS:         11 MSHR_MERGE:          6
cpu10->cpu10_L1I LOAD         ACCESS:   44268766 HIT:   44268761 MISS:          5 MSHR_MERGE:          1
cpu10->cpu10_L1I RFO          ACCESS:          0 HIT:          0 MISS:          0 MSHR_MERGE:          0
cpu10->cpu10_L1I PREFETCH     ACCESS:   41364277 HIT:   41364271 MISS:          6 MSHR_MERGE:          5
cpu10->cpu10_L1I WRITE        ACCESS:          0 HIT:          0 MISS:          0 MSHR_MERGE:          0
cpu10->cpu10_L1I TRANSLATION  ACCESS:          0 HIT:          0 MISS:          0 MSHR_MERGE:          0
cpu10->cpu10_L1I PREFETCH REQUESTED:   44268766 ISSUED:   41364247 USEFUL:          1 USELESS:          1
cpu10->cpu10_L1I AVERAGE MISS LATENCY: 81 cycles
cpu10->cpu10_L1D TOTAL        ACCESS:   73152194 HIT:   40381694 MISS:   32770500 MSHR_MERGE:    3860216
cpu10->cpu10_L1D LOAD         ACCESS:   44544970 HIT:   14288007 MISS:   30256963 MSHR_MERGE:    3415699
cpu10->cpu10_L1D RFO          ACCESS:          0 HIT:          0 MISS:          0 MSHR_MERGE:          0
cpu10->cpu10_L1D PREFETCH     ACCESS:     227422 HIT:      45679 MISS:     181743 MSHR_MERGE:      23863
cpu10->cpu10_L1D WRITE        ACCESS:   28302825 HIT:   26047767 MISS:    2255058 MSHR_MERGE:     420568
cpu10->cpu10_L1D TRANSLATION  ACCESS:      76977 HIT:        241 MISS:      76736 MSHR_MERGE:         86
cpu10->cpu10_L1D PREFETCH REQUESTED:     227419 ISSUED:     227419 USEFUL:        460 USELESS:      47806
cpu10->cpu10_L1D AVERAGE MISS LATENCY: 22.77 cycles
cpu10->cpu10_ITLB TOTAL        ACCESS:   59841908 HIT:   59841907 MISS:          1 MSHR_MERGE:          0
cpu10->cpu10_ITLB LOAD         ACCESS:   59841908 HIT:   59841907 MISS:          1 MSHR_MERGE:          0
cpu10->cpu10_ITLB RFO          ACCESS:          0 HIT:          0 MISS:          0 MSHR_MERGE:          0
cpu10->cpu10_ITLB PREFETCH     ACCESS:          0 HIT:          0 MISS:          0 MSHR_MERGE:          0
cpu10->cpu10_ITLB WRITE        ACCESS:          0 HIT:          0 MISS:          0 MSHR_MERGE:          0
cpu10->cpu10_ITLB TRANSLATION  ACCESS:          0 HIT:          0 MISS:          0 MSHR_MERGE:          0
cpu10->cpu10_ITLB PREFETCH REQUESTED:          0 ISSUED:          0 USEFUL:          0 USELESS:          0
cpu10->cpu10_ITLB AVERAGE MISS LATENCY: 919 cycles
cpu10->cpu10_DTLB TOTAL        ACCESS:   68005348 HIT:   43192823 MISS:   24812525 MSHR_MERGE:    6133250
cpu10->cpu10_DTLB LOAD         ACCESS:   68005348 HIT:   43192823 MISS:   24812525 MSHR_MERGE:    6133250
cpu10->cpu10_DTLB RFO          ACCESS:          0 HIT:          0 MISS:          0 MSHR_MERGE:          0
cpu10->cpu10_DTLB PREFETCH     ACCESS:          0 HIT:          0 MISS:          0 MSHR_MERGE:          0
cpu10->cpu10_DTLB WRITE        ACCESS:          0 HIT:          0 MISS:          0 MSHR_MERGE:          0
cpu10->cpu10_DTLB TRANSLATION  ACCESS:          0 HIT:          0 MISS:          0 MSHR_MERGE:          0
cpu10->cpu10_DTLB PREFETCH REQUESTED:          0 ISSUED:          0 USEFUL:          0 USELESS:          0
cpu10->cpu10_DTLB AVERAGE MISS LATENCY: 6.026 cycles
cpu0->cpu0_STLB TOTAL        ACCESS:       2854 HIT:          0 MISS:       2854 MSHR_MERGE:          0
cpu0->cpu0_STLB LOAD         ACCESS:       2854 HIT:          0 MISS:       2854 MSHR_MERGE:          0
cpu0->cpu0_STLB RFO          ACCESS:          0 HIT:          0 MISS:          0 MSHR_MERGE:          0
cpu0->cpu0_STLB PREFETCH     ACCESS:          0 HIT:          0 MISS:          0 MSHR_MERGE:          0
cpu0->cpu0_STLB WRITE        ACCESS:          0 HIT:          0 MISS:          0 MSHR_MERGE:          0
cpu0->cpu0_STLB TRANSLATION  ACCESS:          0 HIT:          0 MISS:          0 MSHR_MERGE:          0
cpu0->cpu0_STLB PREFETCH REQUESTED:          0 ISSUED:          0 USEFUL:          0 USELESS:          0
cpu0->cpu0_STLB AVERAGE MISS LATENCY: 654.7 cycles
cpu0->cpu0_L2C TOTAL        ACCESS:    3244379 HIT:      70539 MISS:    3173840 MSHR_MERGE:      95700
cpu0->cpu0_L2C LOAD         ACCESS:      10077 HIT:       5675 MISS:       4402 MSHR_MERGE:          6
cpu0->cpu0_L2C RFO          ACCESS:          0 HIT:          0 MISS:          0 MSHR_MERGE:          0
cpu0->cpu0_L2C PREFETCH     ACCESS:    3231070 HIT:      64864 MISS:    3166206 MSHR_MERGE:      95694
cpu0->cpu0_L2C WRITE        ACCESS:         15 HIT:          0 MISS:         15 MSHR_MERGE:          0
cpu0->cpu0_L2C TRANSLATION  ACCESS:       3217 HIT:          0 MISS:       3217 MSHR_MERGE:          0
cpu0->cpu0_L2C PREFETCH REQUESTED:    3634272 ISSUED:    3058494 USEFUL:      70541 USELESS:          9
cpu0->cpu0_L2C AVERAGE MISS LATENCY: 169.8 cycles
cpu0->cpu0_L1I TOTAL        ACCESS:  153225642 HIT:  153225641 MISS:          1 MSHR_MERGE:          0
cpu0->cpu0_L1I LOAD         ACCESS:   77881547 HIT:   77881547 MISS:          0 MSHR_MERGE:          0
cpu0->cpu0_L1I RFO          ACCESS:          0 HIT:          0 MISS:          0 MSHR_MERGE:          0
cpu0->cpu0_L1I PREFETCH     ACCESS:   75344095 HIT:   75344094 MISS:          1 MSHR_MERGE:          0
cpu0->cpu0_L1I WRITE        ACCESS:          0 HIT:          0 MISS:          0 MSHR_MERGE:          0
cpu0->cpu0_L1I TRANSLATION  ACCESS:          0 HIT:          0 MISS:          0 MSHR_MERGE:          0
cpu0->cpu0_L1I PREFETCH REQUESTED:   77881547 ISSUED:   75344095 USEFUL:          0 USELESS:          0
cpu0->cpu0_L1I AVERAGE MISS LATENCY: - cycles
cpu0->cpu0_L1D TOTAL        ACCESS:   68044726 HIT:   67684757 MISS:     359969 MSHR_MERGE:     174100
cpu0->cpu0_L1D LOAD         ACCESS:   26810146 HIT:   26705129 MISS:     105017 MSHR_MERGE:      94940
cpu0->cpu0_L1D RFO          ACCESS:          0 HIT:          0 MISS:          0 MSHR_MERGE:          0
cpu0->cpu0_L1D PREFETCH     ACCESS:   32097278 HIT:   31845543 MISS:     251735 MSHR_MERGE:      79160
cpu0->cpu0_L1D WRITE        ACCESS:    9131588 HIT:    9131588 MISS:          0 MSHR_MERGE:          0
cpu0->cpu0_L1D TRANSLATION  ACCESS:       5714 HIT:       2497 MISS:       3217 MSHR_MERGE:          0
cpu0->cpu0_L1D PREFETCH REQUESTED:   32097276 ISSUED:   32097276 USEFUL:     172555 USELESS:         11
cpu0->cpu0_L1D AVERAGE MISS LATENCY: 108 cycles
cpu0->cpu0_ITLB TOTAL        ACCESS:  118046421 HIT:  118046421 MISS:          0 MSHR_MERGE:          0
cpu0->cpu0_ITLB LOAD         ACCESS:  118046421 HIT:  118046421 MISS:          0 MSHR_MERGE:          0
cpu0->cpu0_ITLB RFO          ACCESS:          0 HIT:          0 MISS:          0 MSHR_MERGE:          0
cpu0->cpu0_ITLB PREFETCH     ACCESS:          0 HIT:          0 MISS:          0 MSHR_MERGE:          0
cpu0->cpu0_ITLB WRITE        ACCESS:          0 HIT:          0 MISS:          0 MSHR_MERGE:          0
cpu0->cpu0_ITLB TRANSLATION  ACCESS:          0 HIT:          0 MISS:          0 MSHR_MERGE:          0
cpu0->cpu0_ITLB PREFETCH REQUESTED:          0 ISSUED:          0 USEFUL:          0 USELESS:          0
cpu0->cpu0_ITLB AVERAGE MISS LATENCY: - cycles
cpu0->cpu0_DTLB TOTAL        ACCESS:   32424646 HIT:   32390398 MISS:      34248 MSHR_MERGE:      31394
cpu0->cpu0_DTLB LOAD         ACCESS:   32424646 HIT:   32390398 MISS:      34248 MSHR_MERGE:      31394
cpu0->cpu0_DTLB RFO          ACCESS:          0 HIT:          0 MISS:          0 MSHR_MERGE:          0
cpu0->cpu0_DTLB PREFETCH     ACCESS:          0 HIT:          0 MISS:          0 MSHR_MERGE:          0
cpu0->cpu0_DTLB WRITE        ACCESS:          0 HIT:          0 MISS:          0 MSHR_MERGE:          0
cpu0->cpu0_DTLB TRANSLATION  ACCESS:          0 HIT:          0 MISS:          0 MSHR_MERGE:          0
cpu0->cpu0_DTLB PREFETCH REQUESTED:          0 ISSUED:          0 USEFUL:          0 USELESS:          0
cpu0->cpu0_DTLB AVERAGE MISS LATENCY: 660.7 cycles
cpu0->LLC TOTAL        ACCESS:    1961258 HIT:    1623170 MISS:     338088 MSHR_MERGE:      15009
cpu0->LLC LOAD         ACCESS:       4396 HIT:       1492 MISS:       2904 MSHR_MERGE:          4
cpu0->LLC RFO          ACCESS:          0 HIT:          0 MISS:          0 MSHR_MERGE:          0
cpu0->LLC PREFETCH     ACCESS:    1799833 HIT:    1604456 MISS:     195377 MSHR_MERGE:      15005
cpu0->LLC WRITE        ACCESS:     153812 HIT:      17222 MISS:     136590 MSHR_MERGE:          0
cpu0->LLC TRANSLATION  ACCESS:       3217 HIT:          0 MISS:       3217 MSHR_MERGE:          0
cpu0->LLC PREFETCH REQUESTED:          0 ISSUED:          0 USEFUL:          0 USELESS:          0
cpu0->LLC AVERAGE MISS LATENCY: 4232 cycles
cpu1->LLC TOTAL        ACCESS:     208375 HIT:     121818 MISS:      86557 MSHR_MERGE:      22471
cpu1->LLC LOAD         ACCESS:      12656 HIT:       7595 MISS:       5061 MSHR_MERGE:        334
cpu1->LLC RFO          ACCESS:      21669 HIT:        321 MISS:      21348 MSHR_MERGE:         20
cpu1->LLC PREFETCH     ACCESS:     160139 HIT:     109309 MISS:      50830 MSHR_MERGE:      22117
cpu1->LLC WRITE        ACCESS:      11986 HIT:       4593 MISS:       7393 MSHR_MERGE:          0
cpu1->LLC TRANSLATION  ACCESS:       1925 HIT:          0 MISS:       1925 MSHR_MERGE:          0
cpu1->LLC PREFETCH REQUESTED:          0 ISSUED:          0 USEFUL:          0 USELESS:          0
cpu1->LLC AVERAGE MISS LATENCY: 1.69e+04 cycles
cpu2->LLC TOTAL        ACCESS:     401694 HIT:      40320 MISS:     361374 MSHR_MERGE:      12916
cpu2->LLC LOAD         ACCESS:      47263 HIT:      11164 MISS:      36099 MSHR_MERGE:       4000
cpu2->LLC RFO          ACCESS:     140418 HIT:       2657 MISS:     137761 MSHR_MERGE:          1
cpu2->LLC PREFETCH     ACCESS:      67966 HIT:       7215 MISS:      60751 MSHR_MERGE:       8915
cpu2->LLC WRITE        ACCESS:     142707 HIT:      19194 MISS:     123513 MSHR_MERGE:          0
cpu2->LLC TRANSLATION  ACCESS:       3340 HIT:         90 MISS:       3250 MSHR_MERGE:          0
cpu2->LLC PREFETCH REQUESTED:          0 ISSUED:          0 USEFUL:          0 USELESS:          0
cpu2->LLC AVERAGE MISS LATENCY: 2009 cycles
cpu3->LLC TOTAL        ACCESS:      34571 HIT:         20 MISS:      34551 MSHR_MERGE:          0
cpu3->LLC LOAD         ACCESS:         10 HIT:          0 MISS:         10 MSHR_MERGE:          0
cpu3->LLC RFO          ACCESS:      24801 HIT:          2 MISS:      24799 MSHR_MERGE:          0
cpu3->LLC PREFETCH     ACCESS:         12 HIT:          0 MISS:         12 MSHR_MERGE:          0
cpu3->LLC WRITE        ACCESS:       7872 HIT:         18 MISS:       7854 MSHR_MERGE:          0
cpu3->LLC TRANSLATION  ACCESS:       1876 HIT:          0 MISS:       1876 MSHR_MERGE:          0
cpu3->LLC PREFETCH REQUESTED:          0 ISSUED:          0 USEFUL:          0 USELESS:          0
cpu3->LLC AVERAGE MISS LATENCY: 1.748e+04 cycles
cpu4->LLC TOTAL        ACCESS:     486714 HIT:     207529 MISS:     279185 MSHR_MERGE:       6466
cpu4->LLC LOAD         ACCESS:     156195 HIT:      48073 MISS:     108122 MSHR_MERGE:       3970
cpu4->LLC RFO          ACCESS:      10482 HIT:       1703 MISS:       8779 MSHR_MERGE:         60
cpu4->LLC PREFETCH     ACCESS:     268814 HIT:     152361 MISS:     116453 MSHR_MERGE:       2436
cpu4->LLC WRITE        ACCESS:      21930 HIT:       4981 MISS:      16949 MSHR_MERGE:          0
cpu4->LLC TRANSLATION  ACCESS:      29293 HIT:        411 MISS:      28882 MSHR_MERGE:          0
cpu4->LLC PREFETCH REQUESTED:          0 ISSUED:          0 USEFUL:          0 USELESS:          0
cpu4->LLC AVERAGE MISS LATENCY: 3711 cycles
cpu5->LLC TOTAL        ACCESS:       4300 HIT:       1712 MISS:       2588 MSHR_MERGE:        726
cpu5->LLC LOAD         ACCESS:        545 HIT:        111 MISS:        434 MSHR_MERGE:         51
cpu5->LLC RFO          ACCESS:         54 HIT:          0 MISS:         54 MSHR_MERGE:          0
cpu5->LLC PREFETCH     ACCESS:       3642 HIT:       1601 MISS:       2041 MSHR_MERGE:        675
cpu5->LLC WRITE        ACCESS:          0 HIT:          0 MISS:          0 MSHR_MERGE:          0
cpu5->LLC TRANSLATION  ACCESS:         59 HIT:          0 MISS:         59 MSHR_MERGE:          0
cpu5->LLC PREFETCH REQUESTED:          0 ISSUED:          0 USEFUL:          0 USELESS:          0
cpu5->LLC AVERAGE MISS LATENCY: 1.104e+06 cycles
cpu6->LLC TOTAL        ACCESS:      18096 HIT:      15528 MISS:       2568 MSHR_MERGE:        806
cpu6->LLC LOAD         ACCESS:        186 HIT:         74 MISS:        112 MSHR_MERGE:          6
cpu6->LLC RFO          ACCESS:         34 HIT:          1 MISS:         33 MSHR_MERGE:          0
cpu6->LLC PREFETCH     ACCESS:      17828 HIT:      15453 MISS:       2375 MSHR_MERGE:        800
cpu6->LLC WRITE        ACCESS:          0 HIT:          0 MISS:          0 MSHR_MERGE:          0
cpu6->LLC TRANSLATION  ACCESS:         48 HIT:          0 MISS:         48 MSHR_MERGE:          0
cpu6->LLC PREFETCH REQUESTED:          0 ISSUED:          0 USEFUL:          0 USELESS:          0
cpu6->LLC AVERAGE MISS LATENCY: 3.129e+06 cycles
cpu7->LLC TOTAL        ACCESS:     313682 HIT:     222373 MISS:      91309 MSHR_MERGE:      18323
cpu7->LLC LOAD         ACCESS:      25352 HIT:      16103 MISS:       9249 MSHR_MERGE:        830
cpu7->LLC RFO          ACCESS:      33335 HIT:      16267 MISS:      17068 MSHR_MERGE:          5
cpu7->LLC PREFETCH     ACCESS:     215280 HIT:     165528 MISS:      49752 MSHR_MERGE:      17488
cpu7->LLC WRITE        ACCESS:      38015 HIT:      24472 MISS:      13543 MSHR_MERGE:          0
cpu7->LLC TRANSLATION  ACCESS:       1700 HIT:          3 MISS:       1697 MSHR_MERGE:          0
cpu7->LLC PREFETCH REQUESTED:          0 ISSUED:          0 USEFUL:          0 USELESS:          0
cpu7->LLC AVERAGE MISS LATENCY: 1.453e+04 cycles
cpu8->LLC TOTAL        ACCESS:    1447064 HIT:     779464 MISS:     667600 MSHR_MERGE:     157276
cpu8->LLC LOAD         ACCESS:     219643 HIT:     109290 MISS:     110353 MSHR_MERGE:      30115
cpu8->LLC RFO          ACCESS:     106748 HIT:       1723 MISS:     105025 MSHR_MERGE:         45
cpu8->LLC PREFETCH     ACCESS:     991880 HIT:     639740 MISS:     352140 MSHR_MERGE:     127116
cpu8->LLC WRITE        ACCESS:     118961 HIT:      28630 MISS:      90331 MSHR_MERGE:          0
cpu8->LLC TRANSLATION  ACCESS:       9832 HIT:         81 MISS:       9751 MSHR_MERGE:          0
cpu8->LLC PREFETCH REQUESTED:          0 ISSUED:          0 USEFUL:          0 USELESS:          0
cpu8->LLC AVERAGE MISS LATENCY: 1914 cycles
cpu9->LLC TOTAL        ACCESS:    1377739 HIT:    1171176 MISS:     206563 MSHR_MERGE:      11610
cpu9->LLC LOAD         ACCESS:      94167 HIT:      83894 MISS:      10273 MSHR_MERGE:        171
cpu9->LLC RFO          ACCESS:          0 HIT:          0 MISS:          0 MSHR_MERGE:          0
cpu9->LLC PREFETCH     ACCESS:    1271911 HIT:    1086099 MISS:     185812 MSHR_MERGE:      11439
cpu9->LLC WRITE        ACCESS:       6736 HIT:       1131 MISS:       5605 MSHR_MERGE:          0
cpu9->LLC TRANSLATION  ACCESS:       4925 HIT:         52 MISS:       4873 MSHR_MERGE:          0
cpu9->LLC PREFETCH REQUESTED:          0 ISSUED:          0 USEFUL:          0 USELESS:          0
cpu9->LLC AVERAGE MISS LATENCY: 2.91e+04 cycles
cpu10->LLC TOTAL        ACCESS:   14024587 HIT:   11303650 MISS:    2720937 MSHR_MERGE:      23864
cpu10->LLC LOAD         ACCESS:    7953040 HIT:    7225761 MISS:     727279 MSHR_MERGE:      14820
cpu10->LLC RFO          ACCESS:     213335 HIT:     211835 MISS:       1500 MSHR_MERGE:          0
cpu10->LLC PREFETCH     ACCESS:    5522466 HIT:    3608769 MISS:    1913697 MSHR_MERGE:       9044
cpu10->LLC WRITE        ACCESS:     273086 HIT:     242061 MISS:      31025 MSHR_MERGE:          0
cpu10->LLC TRANSLATION  ACCESS:      62660 HIT:      15224 MISS:      47436 MSHR_MERGE:          0
cpu10->LLC PREFETCH REQUESTED:          0 ISSUED:          0 USEFUL:          0 USELESS:          0
cpu10->LLC AVERAGE MISS LATENCY: 748.1 cycles
cpu11->LLC TOTAL        ACCESS:     299948 HIT:     219926 MISS:      80022 MSHR_MERGE:       5530
cpu11->LLC LOAD         ACCESS:       3933 HIT:       2859 MISS:       1074 MSHR_MERGE:          5
cpu11->LLC RFO          ACCESS:       1811 HIT:          2 MISS:       1809 MSHR_MERGE:          0
cpu11->LLC PREFETCH     ACCESS:     291859 HIT:     217045 MISS:      74814 MSHR_MERGE:       5525
cpu11->LLC WRITE        ACCESS:        965 HIT:         20 MISS:        945 MSHR_MERGE:          0
cpu11->LLC TRANSLATION  ACCESS:       1380 HIT:          0 MISS:       1380 MSHR_MERGE:          0
cpu11->LLC PREFETCH REQUESTED:          0 ISSUED:          0 USEFUL:          0 USELESS:          0
cpu11->LLC AVERAGE MISS LATENCY: 1.16e+05 cycles
cpu12->LLC TOTAL        ACCESS:     807729 HIT:     689543 MISS:     118186 MSHR_MERGE:       4947
cpu12->LLC LOAD         ACCESS:      16396 HIT:      14985 MISS:       1411 MSHR_MERGE:          7
cpu12->LLC RFO          ACCESS:          2 HIT:          1 MISS:          1 MSHR_MERGE:          0
cpu12->LLC PREFETCH     ACCESS:     735559 HIT:     669003 MISS:      66556 MSHR_MERGE:       4940
cpu12->LLC WRITE        ACCESS:      54672 HIT:       5554 MISS:      49118 MSHR_MERGE:          0
cpu12->LLC TRANSLATION  ACCESS:       1100 HIT:          0 MISS:       1100 MSHR_MERGE:          0
cpu12->LLC PREFETCH REQUESTED:          0 ISSUED:          0 USEFUL:          0 USELESS:          0
cpu12->LLC AVERAGE MISS LATENCY: 1.17e+04 cycles
cpu13->LLC TOTAL        ACCESS:     865257 HIT:     156258 MISS:     708999 MSHR_MERGE:       2319
cpu13->LLC LOAD         ACCESS:     247964 HIT:      42077 MISS:     205887 MSHR_MERGE:       1718
cpu13->LLC RFO          ACCESS:      82006 HIT:       1954 MISS:      80052 MSHR_MERGE:          2
cpu13->LLC PREFETCH     ACCESS:      85782 HIT:      39297 MISS:      46485 MSHR_MERGE:        599
cpu13->LLC WRITE        ACCESS:     229185 HIT:      37806 MISS:     191379 MSHR_MERGE:          0
cpu13->LLC TRANSLATION  ACCESS:     220320 HIT:      35124 MISS:     185196 MSHR_MERGE:          0
cpu13->LLC PREFETCH REQUESTED:          0 ISSUED:          0 USEFUL:          0 USELESS:          0
cpu13->LLC AVERAGE MISS LATENCY: 911.5 cycles
cpu14->LLC TOTAL        ACCESS:    6919138 HIT:    4554996 MISS:    2364142 MSHR_MERGE:     967670
cpu14->LLC LOAD         ACCESS:     224094 HIT:     189664 MISS:      34430 MSHR_MERGE:       3364
cpu14->LLC RFO          ACCESS:     380750 HIT:      15953 MISS:     364797 MSHR_MERGE:          0
cpu14->LLC PREFETCH     ACCESS:    5903107 HIT:    4211270 MISS:    1691837 MSHR_MERGE:     964306
cpu14->LLC WRITE        ACCESS:     379240 HIT:     137995 MISS:     241245 MSHR_MERGE:          0
cpu14->LLC TRANSLATION  ACCESS:      31947 HIT:        114 MISS:      31833 MSHR_MERGE:          0
cpu14->LLC PREFETCH REQUESTED:          0 ISSUED:          0 USEFUL:          0 USELESS:          0
cpu14->LLC AVERAGE MISS LATENCY: 898.2 cycles
cpu15->LLC TOTAL        ACCESS:    1543071 HIT:     845513 MISS:     697558 MSHR_MERGE:     171530
cpu15->LLC LOAD         ACCESS:     219792 HIT:     110680 MISS:     109112 MSHR_MERGE:      30323
cpu15->LLC RFO          ACCESS:     114424 HIT:       1895 MISS:     112529 MSHR_MERGE:         43
cpu15->LLC PREFETCH     ACCESS:    1073123 HIT:     702555 MISS:     370568 MSHR_MERGE:     141164
cpu15->LLC WRITE        ACCESS:     125756 HIT:      30308 MISS:      95448 MSHR_MERGE:          0
cpu15->LLC TRANSLATION  ACCESS:       9976 HIT:         75 MISS:       9901 MSHR_MERGE:          0
cpu15->LLC PREFETCH REQUESTED:          0 ISSUED:          0 USEFUL:          0 USELESS:          0
cpu15->LLC AVERAGE MISS LATENCY: 1847 cycles

Region of Interest Statistics

CPU 9 cumulative IPC: 2.028 instructions: 200000000 cycles: 98621597
CPU 9 Branch Prediction Accuracy: 97.22% MPKI: 2.666 Average ROB Occupancy at Mispredict: 116.2
Branch type MPKI
BRANCH_DIRECT_JUMP: 1e-05
BRANCH_INDIRECT: 0
BRANCH_CONDITIONAL: 2.666
BRANCH_DIRECT_CALL: 0
BRANCH_INDIRECT_CALL: 0
BRANCH_RETURN: 0


CPU 8 cumulative IPC: 4.117 instructions: 200000000 cycles: 48584336
CPU 8 Branch Prediction Accuracy: 99.73% MPKI: 0.114 Average ROB Occupancy at Mispredict: 248.2
Branch type MPKI
BRANCH_DIRECT_JUMP: 4e-05
BRANCH_INDIRECT: 0
BRANCH_CONDITIONAL: 0.07651
BRANCH_DIRECT_CALL: 4e-05
BRANCH_INDIRECT_CALL: 0.001305
BRANCH_RETURN: 0.0361


CPU 7 cumulative IPC: 1.677 instructions: 200000005 cycles: 119258484
CPU 7 Branch Prediction Accuracy: 93.1% MPKI: 11.74 Average ROB Occupancy at Mispredict: 36.44
Branch type MPKI
BRANCH_DIRECT_JUMP: 0.1325
BRANCH_INDIRECT: 0.00537
BRANCH_CONDITIONAL: 11.56
BRANCH_DIRECT_CALL: 0.001495
BRANCH_INDIRECT_CALL: 0.0009
BRANCH_RETURN: 0.04224


CPU 6 cumulative IPC: 3.329 instructions: 200000001 cycles: 60071738
CPU 6 Branch Prediction Accuracy: 98.07% MPKI: 2.753 Average ROB Occupancy at Mispredict: 50.7
Branch type MPKI
BRANCH_DIRECT_JUMP: 0.1388
BRANCH_INDIRECT: 0
BRANCH_CONDITIONAL: 2.615
BRANCH_DIRECT_CALL: 0
BRANCH_INDIRECT_CALL: 0
BRANCH_RETURN: 0


CPU 5 cumulative IPC: 3.534 instructions: 200000002 cycles: 56585846
CPU 5 Branch Prediction Accuracy: 98.6% MPKI: 1.953 Average ROB Occupancy at Mispredict: 53.4
Branch type MPKI
BRANCH_DIRECT_JUMP: 0.08177
BRANCH_INDIRECT: 0
BRANCH_CONDITIONAL: 1.871
BRANCH_DIRECT_CALL: 0.000415
BRANCH_INDIRECT_CALL: 0
BRANCH_RETURN: 0.000415


CPU 4 cumulative IPC: 2.625 instructions: 200000003 cycles: 76182431
CPU 4 Branch Prediction Accuracy: 98.98% MPKI: 1.435 Average ROB Occupancy at Mispredict: 154.1
Branch type MPKI
BRANCH_DIRECT_JUMP: 0.04021
BRANCH_INDIRECT: 0.1606
BRANCH_CONDITIONAL: 1.232
BRANCH_DIRECT_CALL: 0.00103
BRANCH_INDIRECT_CALL: 0.000485
BRANCH_RETURN: 0.00104


CPU 3 cumulative IPC: 2.889 instructions: 200000001 cycles: 69238370
CPU 3 Branch Prediction Accuracy: 98.95% MPKI: 2.497 Average ROB Occupancy at Mispredict: 109.9
Branch type MPKI
BRANCH_DIRECT_JUMP: 5e-06
BRANCH_INDIRECT: 0.2733
BRANCH_CONDITIONAL: 2.224
BRANCH_DIRECT_CALL: 5e-06
BRANCH_INDIRECT_CALL: 0
BRANCH_RETURN: 5e-06


CPU 2 cumulative IPC: 1.799 instructions: 200000000 cycles: 111149439
CPU 2 Branch Prediction Accuracy: 88.24% MPKI: 12.71 Average ROB Occupancy at Mispredict: 29.73
Branch type MPKI
BRANCH_DIRECT_JUMP: 0.000105
BRANCH_INDIRECT: 0.03632
BRANCH_CONDITIONAL: 12.67
BRANCH_DIRECT_CALL: 1e-05
BRANCH_INDIRECT_CALL: 2.5e-05
BRANCH_RETURN: 0.00033


CPU 15 cumulative IPC: 4.124 instructions: 200000002 cycles: 48496702
CPU 15 Branch Prediction Accuracy: 99.73% MPKI: 0.114 Average ROB Occupancy at Mispredict: 248
Branch type MPKI
BRANCH_DIRECT_JUMP: 4e-05
BRANCH_INDIRECT: 0
BRANCH_CONDITIONAL: 0.07651
BRANCH_DIRECT_CALL: 4e-05
BRANCH_INDIRECT_CALL: 0.001305
BRANCH_RETURN: 0.0361


CPU 14 cumulative IPC: 1.219 instructions: 200000000 cycles: 164056122
CPU 14 Branch Prediction Accuracy: 86.49% MPKI: 14.78 Average ROB Occupancy at Mispredict: 43.2
Branch type MPKI
BRANCH_DIRECT_JUMP: 1e-05
BRANCH_INDIRECT: 0
BRANCH_CONDITIONAL: 7.403
BRANCH_DIRECT_CALL: 2.5e-05
BRANCH_INDIRECT_CALL: 0
BRANCH_RETURN: 7.377


CPU 13 cumulative IPC: 1.578 instructions: 200000004 cycles: 126779405
CPU 13 Branch Prediction Accuracy: 95.71% MPKI: 6.377 Average ROB Occupancy at Mispredict: 43.27
Branch type MPKI
BRANCH_DIRECT_JUMP: 0.0783
BRANCH_INDIRECT: 0.8315
BRANCH_CONDITIONAL: 5.464
BRANCH_DIRECT_CALL: 0
BRANCH_INDIRECT_CALL: 0.00252
BRANCH_RETURN: 0


CPU 12 cumulative IPC: 1.804 instructions: 200000002 cycles: 110845820
CPU 12 Branch Prediction Accuracy: 99.94% MPKI: 0.08996 Average ROB Occupancy at Mispredict: 323.5
Branch type MPKI
BRANCH_DIRECT_JUMP: 0
BRANCH_INDIRECT: 1e-05
BRANCH_CONDITIONAL: 0.08995
BRANCH_DIRECT_CALL: 0
BRANCH_INDIRECT_CALL: 0
BRANCH_RETURN: 0


CPU 11 cumulative IPC: 3.769 instructions: 200000005 cycles: 53059566
CPU 11 Branch Prediction Accuracy: 99.11% MPKI: 1.73 Average ROB Occupancy at Mispredict: 93.53
Branch type MPKI
BRANCH_DIRECT_JUMP: 0.02338
BRANCH_INDIRECT: 0
BRANCH_CONDITIONAL: 1.707
BRANCH_DIRECT_CALL: 0
BRANCH_INDIRECT_CALL: 0
BRANCH_RETURN: 0


CPU 10 cumulative IPC: 1.519 instructions: 200000001 cycles: 131674430
CPU 10 Branch Prediction Accuracy: 99.84% MPKI: 0.001885 Average ROB Occupancy at Mispredict: 239.3
Branch type MPKI
BRANCH_DIRECT_JUMP: 1e-05
BRANCH_INDIRECT: 5e-05
BRANCH_CONDITIONAL: 0.001825
BRANCH_DIRECT_CALL: 0
BRANCH_INDIRECT_CALL: 0
BRANCH_RETURN: 0


CPU 1 cumulative IPC: 1.805 instructions: 200000001 cycles: 110822013
CPU 1 Branch Prediction Accuracy: 94.22% MPKI: 10.05 Average ROB Occupancy at Mispredict: 41.28
Branch type MPKI
BRANCH_DIRECT_JUMP: 0.2053
BRANCH_INDIRECT: 0.00251
BRANCH_CONDITIONAL: 9.819
BRANCH_DIRECT_CALL: 0.000745
BRANCH_INDIRECT_CALL: 8e-05
BRANCH_RETURN: 0.02476


CPU 0 cumulative IPC: 2.671 instructions: 200000001 cycles: 74874393
CPU 0 Branch Prediction Accuracy: 100% MPKI: 0 Average ROB Occupancy at Mispredict: -
Branch type MPKI
BRANCH_DIRECT_JUMP: 0
BRANCH_INDIRECT: 0
BRANCH_CONDITIONAL: 0
BRANCH_DIRECT_CALL: 0
BRANCH_INDIRECT_CALL: 0
BRANCH_RETURN: 0

cpu9->cpu9_STLB TOTAL        ACCESS:     127112 HIT:     123926 MISS:       3186 MSHR_MERGE:          0
cpu9->cpu9_STLB LOAD         ACCESS:     127112 HIT:     123926 MISS:       3186 MSHR_MERGE:          0
cpu9->cpu9_STLB RFO          ACCESS:          0 HIT:          0 MISS:          0 MSHR_MERGE:          0
cpu9->cpu9_STLB PREFETCH     ACCESS:          0 HIT:          0 MISS:          0 MSHR_MERGE:          0
cpu9->cpu9_STLB WRITE        ACCESS:          0 HIT:          0 MISS:          0 MSHR_MERGE:          0
cpu9->cpu9_STLB TRANSLATION  ACCESS:          0 HIT:          0 MISS:          0 MSHR_MERGE:          0
cpu9->cpu9_STLB PREFETCH REQUESTED:          0 ISSUED:          0 USEFUL:          0 USELESS:          0
cpu9->cpu9_STLB AVERAGE MISS LATENCY: 744.1 cycles
cpu0->cpu9_L2C TOTAL        ACCESS:        235 HIT:        229 MISS:          6 MSHR_MERGE:          0
cpu0->cpu9_L2C LOAD         ACCESS:          0 HIT:          0 MISS:          0 MSHR_MERGE:          0
cpu0->cpu9_L2C RFO          ACCESS:          0 HIT:          0 MISS:          0 MSHR_MERGE:          0
cpu0->cpu9_L2C PREFETCH     ACCESS:          0 HIT:          0 MISS:          0 MSHR_MERGE:          0
cpu0->cpu9_L2C WRITE        ACCESS:        235 HIT:        229 MISS:          6 MSHR_MERGE:          0
cpu0->cpu9_L2C TRANSLATION  ACCESS:          0 HIT:          0 MISS:          0 MSHR_MERGE:          0
cpu0->cpu9_L2C PREFETCH REQUESTED:   21068333 ISSUED:   20933735 USEFUL:      73583 USELESS:        962
cpu0->cpu9_L2C AVERAGE MISS LATENCY: 8.906e+05 cycles
cpu9->cpu9_L2C TOTAL        ACCESS:   25226886 HIT:   23250150 MISS:    1976736 MSHR_MERGE:      12828
cpu9->cpu9_L2C LOAD         ACCESS:    1711038 HIT:    1616867 MISS:      94171 MSHR_MERGE:          4
cpu9->cpu9_L2C RFO          ACCESS:       4803 HIT:       4803 MISS:          0 MSHR_MERGE:          0
cpu9->cpu9_L2C PREFETCH     ACCESS:   22499288 HIT:   20622437 MISS:    1876851 MSHR_MERGE:      12824
cpu9->cpu9_L2C WRITE        ACCESS:    1005604 HIT:    1004815 MISS:        789 MSHR_MERGE:          0
cpu9->cpu9_L2C TRANSLATION  ACCESS:       6153 HIT:       1228 MISS:       4925 MSHR_MERGE:          0
cpu9->cpu9_L2C PREFETCH REQUESTED:   21068333 ISSUED:   20933735 USEFUL:      73583 USELESS:        962
cpu9->cpu9_L2C AVERAGE MISS LATENCY: 53.5 cycles
cpu9_L2C FLUSH STALL CYCLES: 1713
cpu9->cpu9_L1I TOTAL        ACCESS:   79566349 HIT:   79566348 MISS:          1 MSHR_MERGE:          0
cpu9->cpu9_L1I LOAD         ACCESS:   39783503 HIT:   39783503 MISS:          0 MSHR_MERGE:          0
cpu9->cpu9_L1I RFO          ACCESS:          0 HIT:          0 MISS:          0 MSHR_MERGE:          0
cpu9->cpu9_L1I PREFETCH     ACCESS:   39782846 HIT:   39782845 MISS:          1 MSHR_MERGE:          0
cpu9->cpu9_L1I WRITE        ACCESS:          0 HIT:          0 MISS:          0 MSHR_MERGE:          0
cpu9->cpu9_L1I TRANSLATION  ACCESS:          0 HIT:          0 MISS:          0 MSHR_MERGE:          0
cpu9->cpu9_L1I PREFETCH REQUESTED:   39783503 ISSUED:   39782846 USEFUL:          0 USELESS:          0
cpu9->cpu9_L1I AVERAGE MISS LATENCY: - cycles
cpu9->cpu9_L1D TOTAL        ACCESS:   99961555 HIT:   96084969 MISS:    3876586 MSHR_MERGE:     589035
cpu9->cpu9_L1D LOAD         ACCESS:   74121174 HIT:   71887782 MISS:    2233392 MSHR_MERGE:     522354
cpu9->cpu9_L1D RFO          ACCESS:          0 HIT:          0 MISS:          0 MSHR_MERGE:          0
cpu9->cpu9_L1D PREFETCH     ACCESS:    3244781 HIT:    1612802 MISS:    1631979 MSHR_MERGE:      66427
cpu9->cpu9_L1D WRITE        ACCESS:   22589127 HIT:   22584065 MISS:       5062 MSHR_MERGE:        254
cpu9->cpu9_L1D TRANSLATION  ACCESS:       6473 HIT:        320 MISS:       6153 MSHR_MERGE:          0
cpu9->cpu9_L1D PREFETCH REQUESTED:    3244773 ISSUED:    3244765 USEFUL:    1377204 USELESS:     188340
cpu9->cpu9_L1D AVERAGE MISS LATENCY: 13.16 cycles
cpu9_L1D FLUSH STALL CYCLES: 171
cpu9->cpu9_ITLB TOTAL        ACCESS:   62740991 HIT:   62740990 MISS:          1 MSHR_MERGE:          0
cpu9->cpu9_ITLB LOAD         ACCESS:   62740991 HIT:   62740990 MISS:          1 MSHR_MERGE:          0
cpu9->cpu9_ITLB RFO          ACCESS:          0 HIT:          0 MISS:          0 MSHR_MERGE:          0
cpu9->cpu9_ITLB PREFETCH     ACCESS:          0 HIT:          0 MISS:          0 MSHR_MERGE:          0
cpu9->cpu9_ITLB WRITE        ACCESS:          0 HIT:          0 MISS:          0 MSHR_MERGE:          0
cpu9->cpu9_ITLB TRANSLATION  ACCESS:          0 HIT:          0 MISS:          0 MSHR_MERGE:          0
cpu9->cpu9_ITLB PREFETCH REQUESTED:          0 ISSUED:          0 USEFUL:          0 USELESS:          0
cpu9->cpu9_ITLB AVERAGE MISS LATENCY: 835 cycles
cpu9->cpu9_DTLB TOTAL        ACCESS:   92663977 HIT:   92467160 MISS:     196817 MSHR_MERGE:      69706
cpu9->cpu9_DTLB LOAD         ACCESS:   92663977 HIT:   92467160 MISS:     196817 MSHR_MERGE:      69706
cpu9->cpu9_DTLB RFO          ACCESS:          0 HIT:          0 MISS:          0 MSHR_MERGE:          0
cpu9->cpu9_DTLB PREFETCH     ACCESS:          0 HIT:          0 MISS:          0 MSHR_MERGE:          0
cpu9->cpu9_DTLB WRITE        ACCESS:          0 HIT:          0 MISS:          0 MSHR_MERGE:          0
cpu9->cpu9_DTLB TRANSLATION  ACCESS:          0 HIT:          0 MISS:          0 MSHR_MERGE:          0
cpu9->cpu9_DTLB PREFETCH REQUESTED:          0 ISSUED:          0 USEFUL:          0 USELESS:          0
cpu9->cpu9_DTLB AVERAGE MISS LATENCY: 23.67 cycles
cpu8->cpu8_STLB TOTAL        ACCESS:     307605 HIT:     301326 MISS:       6279 MSHR_MERGE:          0
cpu8->cpu8_STLB LOAD         ACCESS:     307605 HIT:     301326 MISS:       6279 MSHR_MERGE:          0
cpu8->cpu8_STLB RFO          ACCESS:          0 HIT:          0 MISS:          0 MSHR_MERGE:          0
cpu8->cpu8_STLB PREFETCH     ACCESS:          0 HIT:          0 MISS:          0 MSHR_MERGE:          0
cpu8->cpu8_STLB WRITE        ACCESS:          0 HIT:          0 MISS:          0 MSHR_MERGE:          0
cpu8->cpu8_STLB TRANSLATION  ACCESS:          0 HIT:          0 MISS:          0 MSHR_MERGE:          0
cpu8->cpu8_STLB PREFETCH REQUESTED:          0 ISSUED:          0 USEFUL:          0 USELESS:          0
cpu8->cpu8_STLB AVERAGE MISS LATENCY: 771.1 cycles
cpu0->cpu8_L2C TOTAL        ACCESS:        377 HIT:        341 MISS:         36 MSHR_MERGE:          0
cpu0->cpu8_L2C LOAD         ACCESS:          0 HIT:          0 MISS:          0 MSHR_MERGE:          0
cpu0->cpu8_L2C RFO          ACCESS:          0 HIT:          0 MISS:          0 MSHR_MERGE:          0
cpu0->cpu8_L2C PREFETCH     ACCESS:          0 HIT:          0 MISS:          0 MSHR_MERGE:          0
cpu0->cpu8_L2C WRITE        ACCESS:        377 HIT:        341 MISS:         36 MSHR_MERGE:          0
cpu0->cpu8_L2C TRANSLATION  ACCESS:          0 HIT:          0 MISS:          0 MSHR_MERGE:          0
cpu0->cpu8_L2C PREFETCH REQUESTED:    3349593 ISSUED:    3337953 USEFUL:      51643 USELESS:       2338
cpu0->cpu8_L2C AVERAGE MISS LATENCY: 1.471e+06 cycles
cpu8->cpu8_L2C TOTAL        ACCESS:    5350952 HIT:    3473301 MISS:    1877651 MSHR_MERGE:     244875
cpu8->cpu8_L2C LOAD         ACCESS:    1129051 HIT:     886512 MISS:     242539 MSHR_MERGE:      22896
cpu8->cpu8_L2C RFO          ACCESS:     143228 HIT:      36479 MISS:     106749 MSHR_MERGE:          1
cpu8->cpu8_L2C PREFETCH     ACCESS:    3876004 HIT:    2398095 MISS:    1477909 MSHR_MERGE:     221978
cpu8->cpu8_L2C WRITE        ACCESS:     192636 HIT:     152014 MISS:      40622 MSHR_MERGE:          0
cpu8->cpu8_L2C TRANSLATION  ACCESS:      10033 HIT:        201 MISS:       9832 MSHR_MERGE:          0
cpu8->cpu8_L2C PREFETCH REQUESTED:    3349593 ISSUED:    3337953 USEFUL:      51643 USELESS:       2338
cpu8->cpu8_L2C AVERAGE MISS LATENCY: 132.5 cycles
cpu8_L2C FLUSH STALL CYCLES: 12108
cpu8->cpu8_L1I TOTAL        ACCESS:  144900643 HIT:  141845130 MISS:    3055513 MSHR_MERGE:    1905747
cpu8->cpu8_L1I LOAD         ACCESS:   73982912 HIT:   72460579 MISS:    1522333 MSHR_MERGE:     825769
cpu8->cpu8_L1I RFO          ACCESS:          0 HIT:          0 MISS:          0 MSHR_MERGE:          0
cpu8->cpu8_L1I PREFETCH     ACCESS:   70917731 HIT:   69384551 MISS:    1533180 MSHR_MERGE:    1079978
cpu8->cpu8_L1I WRITE        ACCESS:          0 HIT:          0 MISS:          0 MSHR_MERGE:          0
cpu8->cpu8_L1I TRANSLATION  ACCESS:          0 HIT:          0 MISS:          0 MSHR_MERGE:          0
cpu8->cpu8_L1I PREFETCH REQUESTED:   73987559 ISSUED:   70917714 USEFUL:     282796 USELESS:     170336
cpu8->cpu8_L1I AVERAGE MISS LATENCY: 9.342 cycles
cpu8->cpu8_L1D TOTAL        ACCESS:  113988494 HIT:  111962556 MISS:    2025938 MSHR_MERGE:    1355024
cpu8->cpu8_L1D LOAD         ACCESS:   69051730 HIT:   68226629 MISS:     825101 MSHR_MERGE:     392611
cpu8->cpu8_L1D RFO          ACCESS:          0 HIT:          0 MISS:          0 MSHR_MERGE:          0
cpu8->cpu8_L1D PREFETCH     ACCESS:    5544165 HIT:    5396006 MISS:     148159 MSHR_MERGE:      63025
cpu8->cpu8_L1D WRITE        ACCESS:   39380010 HIT:   38337899 MISS:    1042111 MSHR_MERGE:     898854
cpu8->cpu8_L1D TRANSLATION  ACCESS:      12589 HIT:       2022 MISS:      10567 MSHR_MERGE:        534
cpu8->cpu8_L1D PREFETCH REQUESTED:    5608749 ISSUED:    5544165 USEFUL:      53397 USELESS:      13458
cpu8->cpu8_L1D AVERAGE MISS LATENCY: 98.88 cycles
cpu8_L1D FLUSH STALL CYCLES: 313
cpu8->cpu8_ITLB TOTAL        ACCESS:  103304747 HIT:  103300053 MISS:       4694 MSHR_MERGE:       2990
cpu8->cpu8_ITLB LOAD         ACCESS:  103304747 HIT:  103300053 MISS:       4694 MSHR_MERGE:       2990
cpu8->cpu8_ITLB RFO          ACCESS:          0 HIT:          0 MISS:          0 MSHR_MERGE:          0
cpu8->cpu8_ITLB PREFETCH     ACCESS:          0 HIT:          0 MISS:          0 MSHR_MERGE:          0
cpu8->cpu8_ITLB WRITE        ACCESS:          0 HIT:          0 MISS:          0 MSHR_MERGE:          0
cpu8->cpu8_ITLB TRANSLATION  ACCESS:          0 HIT:          0 MISS:          0 MSHR_MERGE:          0
cpu8->cpu8_ITLB PREFETCH REQUESTED:          0 ISSUED:          0 USEFUL:          0 USELESS:          0
cpu8->cpu8_ITLB AVERAGE MISS LATENCY: 53.02 cycles
cpu8->cpu8_DTLB TOTAL        ACCESS:  101673282 HIT:  101083575 MISS:     589707 MSHR_MERGE:     283806
cpu8->cpu8_DTLB LOAD         ACCESS:  101673282 HIT:  101083575 MISS:     589707 MSHR_MERGE:     283806
cpu8->cpu8_DTLB RFO          ACCESS:          0 HIT:          0 MISS:          0 MSHR_MERGE:          0
cpu8->cpu8_DTLB PREFETCH     ACCESS:          0 HIT:          0 MISS:          0 MSHR_MERGE:          0
cpu8->cpu8_DTLB WRITE        ACCESS:          0 HIT:          0 MISS:          0 MSHR_MERGE:          0
cpu8->cpu8_DTLB TRANSLATION  ACCESS:          0 HIT:          0 MISS:          0 MSHR_MERGE:          0
cpu8->cpu8_DTLB PREFETCH REQUESTED:          0 ISSUED:          0 USEFUL:          0 USELESS:          0
cpu8->cpu8_DTLB AVERAGE MISS LATENCY: 20.58 cycles
cpu7->cpu7_STLB TOTAL        ACCESS:     177986 HIT:     177054 MISS:        932 MSHR_MERGE:          0
cpu7->cpu7_STLB LOAD         ACCESS:     177986 HIT:     177054 MISS:        932 MSHR_MERGE:          0
cpu7->cpu7_STLB RFO          ACCESS:          0 HIT:          0 MISS:          0 MSHR_MERGE:          0
cpu7->cpu7_STLB PREFETCH     ACCESS:          0 HIT:          0 MISS:          0 MSHR_MERGE:          0
cpu7->cpu7_STLB WRITE        ACCESS:          0 HIT:          0 MISS:          0 MSHR_MERGE:          0
cpu7->cpu7_STLB TRANSLATION  ACCESS:          0 HIT:          0 MISS:          0 MSHR_MERGE:          0
cpu7->cpu7_STLB PREFETCH REQUESTED:          0 ISSUED:          0 USEFUL:          0 USELESS:          0
cpu7->cpu7_STLB AVERAGE MISS LATENCY: 796.9 cycles
cpu0->cpu7_L2C TOTAL        ACCESS:        332 HIT:        313 MISS:         19 MSHR_MERGE:          0
cpu0->cpu7_L2C LOAD         ACCESS:          0 HIT:          0 MISS:          0 MSHR_MERGE:          0
cpu0->cpu7_L2C RFO          ACCESS:          0 HIT:          0 MISS:          0 MSHR_MERGE:          0
cpu0->cpu7_L2C PREFETCH     ACCESS:          0 HIT:          0 MISS:          0 MSHR_MERGE:          0
cpu0->cpu7_L2C WRITE        ACCESS:        332 HIT:        313 MISS:         19 MSHR_MERGE:          0
cpu0->cpu7_L2C TRANSLATION  ACCESS:          0 HIT:          0 MISS:          0 MSHR_MERGE:          0
cpu0->cpu7_L2C PREFETCH REQUESTED:    1456527 ISSUED:    1456245 USEFUL:      13588 USELESS:        639
cpu0->cpu7_L2C AVERAGE MISS LATENCY: 3.489e+05 cycles
cpu7->cpu7_L2C TOTAL        ACCESS:    2722277 HIT:    2353580 MISS:     368697 MSHR_MERGE:      16720
cpu7->cpu7_L2C LOAD         ACCESS:     569531 HIT:     543375 MISS:      26156 MSHR_MERGE:        804
cpu7->cpu7_L2C RFO          ACCESS:     195497 HIT:     162150 MISS:      33347 MSHR_MERGE:         12
cpu7->cpu7_L2C PREFETCH     ACCESS:    1641549 HIT:    1354179 MISS:     287370 MSHR_MERGE:      15904
cpu7->cpu7_L2C WRITE        ACCESS:     313979 HIT:     293855 MISS:      20124 MSHR_MERGE:          0
cpu7->cpu7_L2C TRANSLATION  ACCESS:       1721 HIT:         21 MISS:       1700 MSHR_MERGE:          0
cpu7->cpu7_L2C PREFETCH REQUESTED:    1456527 ISSUED:    1456245 USEFUL:      13588 USELESS:        639
cpu7->cpu7_L2C AVERAGE MISS LATENCY: 81.51 cycles
cpu7_L2C FLUSH STALL CYCLES: 13292
cpu7->cpu7_L1I TOTAL        ACCESS:   74706553 HIT:   74360458 MISS:     346095 MSHR_MERGE:     178187
cpu7->cpu7_L1I LOAD         ACCESS:   37723749 HIT:   37544900 MISS:     178849 MSHR_MERGE:      81722
cpu7->cpu7_L1I RFO          ACCESS:          0 HIT:          0 MISS:          0 MSHR_MERGE:          0
cpu7->cpu7_L1I PREFETCH     ACCESS:   36982804 HIT:   36815558 MISS:     167246 MSHR_MERGE:      96465
cpu7->cpu7_L1I WRITE        ACCESS:          0 HIT:          0 MISS:          0 MSHR_MERGE:          0
cpu7->cpu7_L1I TRANSLATION  ACCESS:          0 HIT:          0 MISS:          0 MSHR_MERGE:          0
cpu7->cpu7_L1I PREFETCH REQUESTED:   37723874 ISSUED:   36982772 USEFUL:      38825 USELESS:      31941
cpu7->cpu7_L1I AVERAGE MISS LATENCY: 11.18 cycles
cpu7->cpu7_L1D TOTAL        ACCESS:   86213131 HIT:   84820445 MISS:    1392686 MSHR_MERGE:     608512
cpu7->cpu7_L1D LOAD         ACCESS:   47463422 HIT:   46930526 MISS:     532896 MSHR_MERGE:      60472
cpu7->cpu7_L1D RFO          ACCESS:          0 HIT:          0 MISS:          0 MSHR_MERGE:          0
cpu7->cpu7_L1D PREFETCH     ACCESS:    5486769 HIT:    5310916 MISS:     175853 MSHR_MERGE:      61329
cpu7->cpu7_L1D WRITE        ACCESS:   33261076 HIT:   32578862 MISS:     682214 MSHR_MERGE:     486709
cpu7->cpu7_L1D TRANSLATION  ACCESS:       1864 HIT:        141 MISS:       1723 MSHR_MERGE:          2
cpu7->cpu7_L1D PREFETCH REQUESTED:    5495001 ISSUED:    5486769 USEFUL:      83549 USELESS:      30782
cpu7->cpu7_L1D AVERAGE MISS LATENCY: 19.68 cycles
cpu7_L1D FLUSH STALL CYCLES: 268
cpu7->cpu7_ITLB TOTAL        ACCESS:   59647128 HIT:   59646465 MISS:        663 MSHR_MERGE:        354
cpu7->cpu7_ITLB LOAD         ACCESS:   59647128 HIT:   59646465 MISS:        663 MSHR_MERGE:        354
cpu7->cpu7_ITLB RFO          ACCESS:          0 HIT:          0 MISS:          0 MSHR_MERGE:          0
cpu7->cpu7_ITLB PREFETCH     ACCESS:          0 HIT:          0 MISS:          0 MSHR_MERGE:          0
cpu7->cpu7_ITLB WRITE        ACCESS:          0 HIT:          0 MISS:          0 MSHR_MERGE:          0
cpu7->cpu7_ITLB TRANSLATION  ACCESS:          0 HIT:          0 MISS:          0 MSHR_MERGE:          0
cpu7->cpu7_ITLB PREFETCH REQUESTED:          0 ISSUED:          0 USEFUL:          0 USELESS:          0
cpu7->cpu7_ITLB AVERAGE MISS LATENCY: 118.1 cycles
cpu7->cpu7_DTLB TOTAL        ACCESS:   76277795 HIT:   76058554 MISS:     219241 MSHR_MERGE:      41564
cpu7->cpu7_DTLB LOAD         ACCESS:   76277795 HIT:   76058554 MISS:     219241 MSHR_MERGE:      41564
cpu7->cpu7_DTLB RFO          ACCESS:          0 HIT:          0 MISS:          0 MSHR_MERGE:          0
cpu7->cpu7_DTLB PREFETCH     ACCESS:          0 HIT:          0 MISS:          0 MSHR_MERGE:          0
cpu7->cpu7_DTLB WRITE        ACCESS:          0 HIT:          0 MISS:          0 MSHR_MERGE:          0
cpu7->cpu7_DTLB TRANSLATION  ACCESS:          0 HIT:          0 MISS:          0 MSHR_MERGE:          0
cpu7->cpu7_DTLB PREFETCH REQUESTED:          0 ISSUED:          0 USEFUL:          0 USELESS:          0
cpu7->cpu7_DTLB AVERAGE MISS LATENCY: 8.989 cycles
cpu6->cpu6_STLB TOTAL        ACCESS:         29 HIT:          1 MISS:         28 MSHR_MERGE:          0
cpu6->cpu6_STLB LOAD         ACCESS:         29 HIT:          1 MISS:         28 MSHR_MERGE:          0
cpu6->cpu6_STLB RFO          ACCESS:          0 HIT:          0 MISS:          0 MSHR_MERGE:          0
cpu6->cpu6_STLB PREFETCH     ACCESS:          0 HIT:          0 MISS:          0 MSHR_MERGE:          0
cpu6->cpu6_STLB WRITE        ACCESS:          0 HIT:          0 MISS:          0 MSHR_MERGE:          0
cpu6->cpu6_STLB TRANSLATION  ACCESS:          0 HIT:          0 MISS:          0 MSHR_MERGE:          0
cpu6->cpu6_STLB PREFETCH REQUESTED:          0 ISSUED:          0 USEFUL:          0 USELESS:          0
cpu6->cpu6_STLB AVERAGE MISS LATENCY: 778.7 cycles
cpu0->cpu6_L2C TOTAL        ACCESS:        316 HIT:        316 MISS:          0 MSHR_MERGE:          0
cpu0->cpu6_L2C LOAD         ACCESS:          0 HIT:          0 MISS:          0 MSHR_MERGE:          0
cpu0->cpu6_L2C RFO          ACCESS:          0 HIT:          0 MISS:          0 MSHR_MERGE:          0
cpu0->cpu6_L2C PREFETCH     ACCESS:          0 HIT:          0 MISS:          0 MSHR_MERGE:          0
cpu0->cpu6_L2C WRITE        ACCESS:        316 HIT:        316 MISS:          0 MSHR_MERGE:          0
cpu0->cpu6_L2C TRANSLATION  ACCESS:          0 HIT:          0 MISS:          0 MSHR_MERGE:          0
cpu0->cpu6_L2C PREFETCH REQUESTED:     405640 ISSUED:     402108 USEFUL:         34 USELESS:          0
cpu0->cpu6_L2C AVERAGE MISS LATENCY: - cycles
cpu6->cpu6_L2C TOTAL        ACCESS:     504490 HIT:     479817 MISS:      24673 MSHR_MERGE:        282
cpu6->cpu6_L2C LOAD         ACCESS:      65286 HIT:      65097 MISS:        189 MSHR_MERGE:          3
cpu6->cpu6_L2C RFO          ACCESS:         43 HIT:          9 MISS:         34 MSHR_MERGE:          0
cpu6->cpu6_L2C PREFETCH     ACCESS:     439103 HIT:     414701 MISS:      24402 MSHR_MERGE:        279
cpu6->cpu6_L2C WRITE        ACCESS:         10 HIT:         10 MISS:          0 MSHR_MERGE:          0
cpu6->cpu6_L2C TRANSLATION  ACCESS:         48 HIT:          0 MISS:         48 MSHR_MERGE:          0
cpu6->cpu6_L2C PREFETCH REQUESTED:     405640 ISSUED:     402108 USEFUL:         34 USELESS:          0
cpu6->cpu6_L2C AVERAGE MISS LATENCY: 152.8 cycles
cpu6_L2C FLUSH STALL CYCLES: 62
cpu6->cpu6_L1I TOTAL        ACCESS:  126097798 HIT:  125750732 MISS:     347066 MSHR_MERGE:     244856
cpu6->cpu6_L1I LOAD         ACCESS:   64568875 HIT:   64405540 MISS:     163335 MSHR_MERGE:      98098
cpu6->cpu6_L1I RFO          ACCESS:          0 HIT:          0 MISS:          0 MSHR_MERGE:          0
cpu6->cpu6_L1I PREFETCH     ACCESS:   61528923 HIT:   61345192 MISS:     183731 MSHR_MERGE:     146758
cpu6->cpu6_L1I WRITE        ACCESS:          0 HIT:          0 MISS:          0 MSHR_MERGE:          0
cpu6->cpu6_L1I TRANSLATION  ACCESS:          0 HIT:          0 MISS:          0 MSHR_MERGE:          0
cpu6->cpu6_L1I PREFETCH REQUESTED:   64568875 ISSUED:   61528903 USEFUL:      32667 USELESS:       4306
cpu6->cpu6_L1I AVERAGE MISS LATENCY: 8.887 cycles
cpu6->cpu6_L1D TOTAL        ACCESS:  155279457 HIT:  155279072 MISS:        385 MSHR_MERGE:        222
cpu6->cpu6_L1D LOAD         ACCESS:   67123612 HIT:   67123526 MISS:         86 MSHR_MERGE:         37
cpu6->cpu6_L1D RFO          ACCESS:          0 HIT:          0 MISS:          0 MSHR_MERGE:          0
cpu6->cpu6_L1D PREFETCH     ACCESS:   11011916 HIT:   11011888 MISS:         28 MSHR_MERGE:          6
cpu6->cpu6_L1D WRITE        ACCESS:   77143873 HIT:   77143650 MISS:        223 MSHR_MERGE:        179
cpu6->cpu6_L1D TRANSLATION  ACCESS:         56 HIT:          8 MISS:         48 MSHR_MERGE:          0
cpu6->cpu6_L1D PREFETCH REQUESTED:   12676518 ISSUED:   11011902 USEFUL:         10 USELESS:          0
cpu6->cpu6_L1D AVERAGE MISS LATENCY: 187.9 cycles
cpu6_L1D FLUSH STALL CYCLES: 252
cpu6->cpu6_ITLB TOTAL        ACCESS:   87040922 HIT:   87040887 MISS:         35 MSHR_MERGE:         15
cpu6->cpu6_ITLB LOAD         ACCESS:   87040922 HIT:   87040887 MISS:         35 MSHR_MERGE:         15
cpu6->cpu6_ITLB RFO          ACCESS:          0 HIT:          0 MISS:          0 MSHR_MERGE:          0
cpu6->cpu6_ITLB PREFETCH     ACCESS:          0 HIT:          0 MISS:          0 MSHR_MERGE:          0
cpu6->cpu6_ITLB WRITE        ACCESS:          0 HIT:          0 MISS:          0 MSHR_MERGE:          0
cpu6->cpu6_ITLB TRANSLATION  ACCESS:          0 HIT:          0 MISS:          0 MSHR_MERGE:          0
cpu6->cpu6_ITLB PREFETCH REQUESTED:          0 ISSUED:          0 USEFUL:          0 USELESS:          0
cpu6->cpu6_ITLB AVERAGE MISS LATENCY: 740 cycles
cpu6->cpu6_DTLB TOTAL        ACCESS:  124230535 HIT:  124230523 MISS:         12 MSHR_MERGE:          3
cpu6->cpu6_DTLB LOAD         ACCESS:  124230535 HIT:  124230523 MISS:         12 MSHR_MERGE:          3
cpu6->cpu6_DTLB RFO          ACCESS:          0 HIT:          0 MISS:          0 MSHR_MERGE:          0
cpu6->cpu6_DTLB PREFETCH     ACCESS:          0 HIT:          0 MISS:          0 MSHR_MERGE:          0
cpu6->cpu6_DTLB WRITE        ACCESS:          0 HIT:          0 MISS:          0 MSHR_MERGE:          0
cpu6->cpu6_DTLB TRANSLATION  ACCESS:          0 HIT:          0 MISS:          0 MSHR_MERGE:          0
cpu6->cpu6_DTLB PREFETCH REQUESTED:          0 ISSUED:          0 USEFUL:          0 USELESS:          0
cpu6->cpu6_DTLB AVERAGE MISS LATENCY: 797.6 cycles
cpu5->cpu5_STLB TOTAL        ACCESS:         39 HIT:          0 MISS:         39 MSHR_MERGE:          0
cpu5->cpu5_STLB LOAD         ACCESS:         39 HIT:          0 MISS:         39 MSHR_MERGE:          0
cpu5->cpu5_STLB RFO          ACCESS:          0 HIT:          0 MISS:          0 MSHR_MERGE:          0
cpu5->cpu5_STLB PREFETCH     ACCESS:          0 HIT:          0 MISS:          0 MSHR_MERGE:          0
cpu5->cpu5_STLB WRITE        ACCESS:          0 HIT:          0 MISS:          0 MSHR_MERGE:          0
cpu5->cpu5_STLB TRANSLATION  ACCESS:          0 HIT:          0 MISS:          0 MSHR_MERGE:          0
cpu5->cpu5_STLB PREFETCH REQUESTED:          0 ISSUED:          0 USEFUL:          0 USELESS:          0
cpu5->cpu5_STLB AVERAGE MISS LATENCY: 744.9 cycles
cpu0->cpu5_L2C TOTAL        ACCESS:        261 HIT:        261 MISS:          0 MSHR_MERGE:          0
cpu0->cpu5_L2C LOAD         ACCESS:          0 HIT:          0 MISS:          0 MSHR_MERGE:          0
cpu0->cpu5_L2C RFO          ACCESS:          0 HIT:          0 MISS:          0 MSHR_MERGE:          0
cpu0->cpu5_L2C PREFETCH     ACCESS:          0 HIT:          0 MISS:          0 MSHR_MERGE:          0
cpu0->cpu5_L2C WRITE        ACCESS:        261 HIT:        261 MISS:          0 MSHR_MERGE:          0
cpu0->cpu5_L2C TRANSLATION  ACCESS:          0 HIT:          0 MISS:          0 MSHR_MERGE:          0
cpu0->cpu5_L2C PREFETCH REQUESTED:      49948 ISSUED:      49924 USEFUL:        121 USELESS:          0
cpu0->cpu5_L2C AVERAGE MISS LATENCY: - cycles
cpu5->cpu5_L2C TOTAL        ACCESS:      70218 HIT:      64664 MISS:       5554 MSHR_MERGE:        693
cpu5->cpu5_L2C LOAD         ACCESS:      12568 HIT:      12007 MISS:        561 MSHR_MERGE:         16
cpu5->cpu5_L2C RFO          ACCESS:         58 HIT:          4 MISS:         54 MSHR_MERGE:          0
cpu5->cpu5_L2C PREFETCH     ACCESS:      57530 HIT:      52650 MISS:       4880 MSHR_MERGE:        677
cpu5->cpu5_L2C WRITE        ACCESS:          3 HIT:          3 MISS:          0 MSHR_MERGE:          0
cpu5->cpu5_L2C TRANSLATION  ACCESS:         59 HIT:          0 MISS:         59 MSHR_MERGE:          0
cpu5->cpu5_L2C PREFETCH REQUESTED:      49948 ISSUED:      49924 USEFUL:        121 USELESS:          0
cpu5->cpu5_L2C AVERAGE MISS LATENCY: 165.9 cycles
cpu5_L2C FLUSH STALL CYCLES: 5
cpu5->cpu5_L1I TOTAL        ACCESS:  161858982 HIT:  161793633 MISS:      65349 MSHR_MERGE:      45257
cpu5->cpu5_L1I LOAD         ACCESS:   83403701 HIT:   83373717 MISS:      29984 MSHR_MERGE:      17484
cpu5->cpu5_L1I RFO          ACCESS:          0 HIT:          0 MISS:          0 MSHR_MERGE:          0
cpu5->cpu5_L1I PREFETCH     ACCESS:   78455281 HIT:   78419916 MISS:      35365 MSHR_MERGE:      27773
cpu5->cpu5_L1I WRITE        ACCESS:          0 HIT:          0 MISS:          0 MSHR_MERGE:          0
cpu5->cpu5_L1I TRANSLATION  ACCESS:          0 HIT:          0 MISS:          0 MSHR_MERGE:          0
cpu5->cpu5_L1I PREFETCH REQUESTED:   83403701 ISSUED:   78455249 USEFUL:       6726 USELESS:        849
cpu5->cpu5_L1I AVERAGE MISS LATENCY: 14.79 cycles
cpu5->cpu5_L1D TOTAL        ACCESS:  164155381 HIT:  164154609 MISS:        772 MSHR_MERGE:        571
cpu5->cpu5_L1D LOAD         ACCESS:   67506002 HIT:   67505885 MISS:        117 MSHR_MERGE:         47
cpu5->cpu5_L1D RFO          ACCESS:          0 HIT:          0 MISS:          0 MSHR_MERGE:          0
cpu5->cpu5_L1D PREFETCH     ACCESS:   10844166 HIT:   10844147 MISS:         19 MSHR_MERGE:          5
cpu5->cpu5_L1D WRITE        ACCESS:   85805134 HIT:   85804557 MISS:        577 MSHR_MERGE:        519
cpu5->cpu5_L1D TRANSLATION  ACCESS:         79 HIT:         20 MISS:         59 MSHR_MERGE:          0
cpu5->cpu5_L1D PREFETCH REQUESTED:   11392408 ISSUED:   10844162 USEFUL:         21 USELESS:          2
cpu5->cpu5_L1D AVERAGE MISS LATENCY: 209.2 cycles
cpu5_L1D FLUSH STALL CYCLES: 197
cpu5->cpu5_ITLB TOTAL        ACCESS:  111068910 HIT:  111068856 MISS:         54 MSHR_MERGE:         30
cpu5->cpu5_ITLB LOAD         ACCESS:  111068910 HIT:  111068856 MISS:         54 MSHR_MERGE:         30
cpu5->cpu5_ITLB RFO          ACCESS:          0 HIT:          0 MISS:          0 MSHR_MERGE:          0
cpu5->cpu5_ITLB PREFETCH     ACCESS:          0 HIT:          0 MISS:          0 MSHR_MERGE:          0
cpu5->cpu5_ITLB WRITE        ACCESS:          0 HIT:          0 MISS:          0 MSHR_MERGE:          0
cpu5->cpu5_ITLB TRANSLATION  ACCESS:          0 HIT:          0 MISS:          0 MSHR_MERGE:          0
cpu5->cpu5_ITLB PREFETCH REQUESTED:          0 ISSUED:          0 USEFUL:          0 USELESS:          0
cpu5->cpu5_ITLB AVERAGE MISS LATENCY: 750 cycles
cpu5->cpu5_DTLB TOTAL        ACCESS:  130328184 HIT:  130328140 MISS:         44 MSHR_MERGE:         29
cpu5->cpu5_DTLB LOAD         ACCESS:  130328184 HIT:  130328140 MISS:         44 MSHR_MERGE:         29
cpu5->cpu5_DTLB RFO          ACCESS:          0 HIT:          0 MISS:          0 MSHR_MERGE:          0
cpu5->cpu5_DTLB PREFETCH     ACCESS:          0 HIT:          0 MISS:          0 MSHR_MERGE:          0
cpu5->cpu5_DTLB WRITE        ACCESS:          0 HIT:          0 MISS:          0 MSHR_MERGE:          0
cpu5->cpu5_DTLB TRANSLATION  ACCESS:          0 HIT:          0 MISS:          0 MSHR_MERGE:          0
cpu5->cpu5_DTLB PREFETCH REQUESTED:          0 ISSUED:          0 USEFUL:          0 USELESS:          0
cpu5->cpu5_DTLB AVERAGE MISS LATENCY: 752.4 cycles
cpu4->cpu4_STLB TOTAL        ACCESS:     404858 HIT:     388522 MISS:      16336 MSHR_MERGE:          0
cpu4->cpu4_STLB LOAD         ACCESS:     404858 HIT:     388522 MISS:      16336 MSHR_MERGE:          0
cpu4->cpu4_STLB RFO          ACCESS:          0 HIT:          0 MISS:          0 MSHR_MERGE:          0
cpu4->cpu4_STLB PREFETCH     ACCESS:          0 HIT:          0 MISS:          0 MSHR_MERGE:          0
cpu4->cpu4_STLB WRITE        ACCESS:          0 HIT:          0 MISS:          0 MSHR_MERGE:          0
cpu4->cpu4_STLB TRANSLATION  ACCESS:          0 HIT:          0 MISS:          0 MSHR_MERGE:          0
cpu4->cpu4_STLB PREFETCH REQUESTED:          0 ISSUED:          0 USEFUL:          0 USELESS:          0
cpu4->cpu4_STLB AVERAGE MISS LATENCY: 532.9 cycles
cpu0->cpu4_L2C TOTAL        ACCESS:        170 HIT:        163 MISS:          7 MSHR_MERGE:          0
cpu0->cpu4_L2C LOAD         ACCESS:          0 HIT:          0 MISS:          0 MSHR_MERGE:          0
cpu0->cpu4_L2C RFO          ACCESS:          0 HIT:          0 MISS:          0 MSHR_MERGE:          0
cpu0->cpu4_L2C PREFETCH     ACCESS:          0 HIT:          0 MISS:          0 MSHR_MERGE:          0
cpu0->cpu4_L2C WRITE        ACCESS:        170 HIT:        163 MISS:          7 MSHR_MERGE:          0
cpu0->cpu4_L2C TRANSLATION  ACCESS:          0 HIT:          0 MISS:          0 MSHR_MERGE:          0
cpu0->cpu4_L2C PREFETCH REQUESTED:    1254057 ISSUED:    1254057 USEFUL:        544 USELESS:        175
cpu0->cpu4_L2C AVERAGE MISS LATENCY: 4.452e+06 cycles
cpu4->cpu4_L2C TOTAL        ACCESS:    3033748 HIT:    2496727 MISS:     537021 MSHR_MERGE:      65709
cpu4->cpu4_L2C LOAD         ACCESS:    1108148 HIT:     951900 MISS:     156248 MSHR_MERGE:         53
cpu4->cpu4_L2C RFO          ACCESS:      39346 HIT:      28864 MISS:      10482 MSHR_MERGE:          0
cpu4->cpu4_L2C PREFETCH     ACCESS:    1737713 HIT:    1403209 MISS:     334504 MSHR_MERGE:      65656
cpu4->cpu4_L2C WRITE        ACCESS:     116745 HIT:     110251 MISS:       6494 MSHR_MERGE:          0
cpu4->cpu4_L2C TRANSLATION  ACCESS:      31796 HIT:       2503 MISS:      29293 MSHR_MERGE:          0
cpu4->cpu4_L2C PREFETCH REQUESTED:    1254057 ISSUED:    1254057 USEFUL:        544 USELESS:        175
cpu4->cpu4_L2C AVERAGE MISS LATENCY: 153.9 cycles
cpu4_L2C FLUSH STALL CYCLES: 8293
cpu4->cpu4_L1I TOTAL        ACCESS:  106322328 HIT:  104104078 MISS:    2218250 MSHR_MERGE:    1016877
cpu4->cpu4_L1I LOAD         ACCESS:   55213163 HIT:   54063638 MISS:    1149525 MSHR_MERGE:     390824
cpu4->cpu4_L1I RFO          ACCESS:          0 HIT:          0 MISS:          0 MSHR_MERGE:          0
cpu4->cpu4_L1I PREFETCH     ACCESS:   51109165 HIT:   50040440 MISS:    1068725 MSHR_MERGE:     626053
cpu4->cpu4_L1I WRITE        ACCESS:          0 HIT:          0 MISS:          0 MSHR_MERGE:          0
cpu4->cpu4_L1I TRANSLATION  ACCESS:          0 HIT:          0 MISS:          0 MSHR_MERGE:          0
cpu4->cpu4_L1I PREFETCH REQUESTED:   55222975 ISSUED:   51109137 USEFUL:     144239 USELESS:     298431
cpu4->cpu4_L1I AVERAGE MISS LATENCY: 10.55 cycles
cpu4->cpu4_L1D TOTAL        ACCESS:  100747571 HIT:  100076537 MISS:     671034 MSHR_MERGE:     209459
cpu4->cpu4_L1D LOAD         ACCESS:   40209970 HIT:   39744957 MISS:     465013 MSHR_MERGE:     115566
cpu4->cpu4_L1D RFO          ACCESS:          0 HIT:          0 MISS:          0 MSHR_MERGE:          0
cpu4->cpu4_L1D PREFETCH     ACCESS:     282364 HIT:     234661 MISS:      47703 MSHR_MERGE:       6719
cpu4->cpu4_L1D WRITE        ACCESS:   60220075 HIT:   60093643 MISS:     126432 MSHR_MERGE:      87084
cpu4->cpu4_L1D TRANSLATION  ACCESS:      35162 HIT:       3276 MISS:      31886 MSHR_MERGE:         90
cpu4->cpu4_L1D PREFETCH REQUESTED:     297381 ISSUED:     282353 USEFUL:      20166 USELESS:      20617
cpu4->cpu4_L1D AVERAGE MISS LATENCY: 81.71 cycles
cpu4_L1D FLUSH STALL CYCLES: 107
cpu4->cpu4_ITLB TOTAL        ACCESS:   81095724 HIT:   80989901 MISS:     105823 MSHR_MERGE:      64851
cpu4->cpu4_ITLB LOAD         ACCESS:   81095724 HIT:   80989901 MISS:     105823 MSHR_MERGE:      64851
cpu4->cpu4_ITLB RFO          ACCESS:          0 HIT:          0 MISS:          0 MSHR_MERGE:          0
cpu4->cpu4_ITLB PREFETCH     ACCESS:          0 HIT:          0 MISS:          0 MSHR_MERGE:          0
cpu4->cpu4_ITLB WRITE        ACCESS:          0 HIT:          0 MISS:          0 MSHR_MERGE:          0
cpu4->cpu4_ITLB TRANSLATION  ACCESS:          0 HIT:          0 MISS:          0 MSHR_MERGE:          0
cpu4->cpu4_ITLB PREFETCH REQUESTED:          0 ISSUED:          0 USEFUL:          0 USELESS:          0
cpu4->cpu4_ITLB AVERAGE MISS LATENCY: 12.98 cycles
cpu4->cpu4_DTLB TOTAL        ACCESS:   89248690 HIT:   88755899 MISS:     492791 MSHR_MERGE:     128905
cpu4->cpu4_DTLB LOAD         ACCESS:   89248690 HIT:   88755899 MISS:     492791 MSHR_MERGE:     128905
cpu4->cpu4_DTLB RFO          ACCESS:          0 HIT:          0 MISS:          0 MSHR_MERGE:          0
cpu4->cpu4_DTLB PREFETCH     ACCESS:          0 HIT:          0 MISS:          0 MSHR_MERGE:          0
cpu4->cpu4_DTLB WRITE        ACCESS:          0 HIT:          0 MISS:          0 MSHR_MERGE:          0
cpu4->cpu4_DTLB TRANSLATION  ACCESS:          0 HIT:          0 MISS:          0 MSHR_MERGE:          0
cpu4->cpu4_DTLB PREFETCH REQUESTED:          0 ISSUED:          0 USEFUL:          0 USELESS:          0
cpu4->cpu4_DTLB AVERAGE MISS LATENCY: 28.07 cycles
cpu3->cpu3_STLB TOTAL        ACCESS:       1979 HIT:       1080 MISS:        899 MSHR_MERGE:          0
cpu3->cpu3_STLB LOAD         ACCESS:       1979 HIT:       1080 MISS:        899 MSHR_MERGE:          0
cpu3->cpu3_STLB RFO          ACCESS:          0 HIT:          0 MISS:          0 MSHR_MERGE:          0
cpu3->cpu3_STLB PREFETCH     ACCESS:          0 HIT:          0 MISS:          0 MSHR_MERGE:          0
cpu3->cpu3_STLB WRITE        ACCESS:          0 HIT:          0 MISS:          0 MSHR_MERGE:          0
cpu3->cpu3_STLB TRANSLATION  ACCESS:          0 HIT:          0 MISS:          0 MSHR_MERGE:          0
cpu3->cpu3_STLB PREFETCH REQUESTED:          0 ISSUED:          0 USEFUL:          0 USELESS:          0
cpu3->cpu3_STLB AVERAGE MISS LATENCY: 923.4 cycles
cpu0->cpu3_L2C TOTAL        ACCESS:        582 HIT:        447 MISS:        135 MSHR_MERGE:          0
cpu0->cpu3_L2C LOAD         ACCESS:          0 HIT:          0 MISS:          0 MSHR_MERGE:          0
cpu0->cpu3_L2C RFO          ACCESS:          0 HIT:          0 MISS:          0 MSHR_MERGE:          0
cpu0->cpu3_L2C PREFETCH     ACCESS:          0 HIT:          0 MISS:          0 MSHR_MERGE:          0
cpu0->cpu3_L2C WRITE        ACCESS:        582 HIT:        447 MISS:        135 MSHR_MERGE:          0
cpu0->cpu3_L2C TRANSLATION  ACCESS:          0 HIT:          0 MISS:          0 MSHR_MERGE:          0
cpu0->cpu3_L2C PREFETCH REQUESTED:         12 ISSUED:         12 USEFUL:          0 USELESS:          0
cpu0->cpu3_L2C AVERAGE MISS LATENCY: 4.069e+04 cycles
cpu3->cpu3_L2C TOTAL        ACCESS:     102584 HIT:      71965 MISS:      30619 MSHR_MERGE:          7
cpu3->cpu3_L2C LOAD         ACCESS:      16104 HIT:      16094 MISS:         10 MSHR_MERGE:          0
cpu3->cpu3_L2C RFO          ACCESS:      26062 HIT:       1261 MISS:      24801 MSHR_MERGE:          0
cpu3->cpu3_L2C PREFETCH     ACCESS:      32297 HIT:      32278 MISS:         19 MSHR_MERGE:          7
cpu3->cpu3_L2C WRITE        ACCESS:      26007 HIT:      22094 MISS:       3913 MSHR_MERGE:          0
cpu3->cpu3_L2C TRANSLATION  ACCESS:       2114 HIT:        238 MISS:       1876 MSHR_MERGE:          0
cpu3->cpu3_L2C PREFETCH REQUESTED:         12 ISSUED:         12 USEFUL:          0 USELESS:          0
cpu3->cpu3_L2C AVERAGE MISS LATENCY: 179.5 cycles
cpu3_L2C FLUSH STALL CYCLES: 19461
cpu3->cpu3_L1I TOTAL        ACCESS:  163430700 HIT:  163318037 MISS:     112663 MSHR_MERGE:      64294
cpu3->cpu3_L1I LOAD         ACCESS:   85910241 HIT:   85894150 MISS:      16091 MSHR_MERGE:          1
cpu3->cpu3_L1I RFO          ACCESS:          0 HIT:          0 MISS:          0 MSHR_MERGE:          0
cpu3->cpu3_L1I PREFETCH     ACCESS:   77520459 HIT:   77423887 MISS:      96572 MSHR_MERGE:      64293
cpu3->cpu3_L1I WRITE        ACCESS:          0 HIT:          0 MISS:          0 MSHR_MERGE:          0
cpu3->cpu3_L1I TRANSLATION  ACCESS:          0 HIT:          0 MISS:          0 MSHR_MERGE:          0
cpu3->cpu3_L1I PREFETCH REQUESTED:   85910241 ISSUED:   77520427 USEFUL:         33 USELESS:      32239
cpu3->cpu3_L1I AVERAGE MISS LATENCY: 9.071 cycles
cpu3->cpu3_L1D TOTAL        ACCESS:  125808357 HIT:  125779257 MISS:      29100 MSHR_MERGE:        904
cpu3->cpu3_L1D LOAD         ACCESS:   51494003 HIT:   51493987 MISS:         16 MSHR_MERGE:          2
cpu3->cpu3_L1D RFO          ACCESS:          0 HIT:          0 MISS:          0 MSHR_MERGE:          0
cpu3->cpu3_L1D PREFETCH     ACCESS:     105212 HIT:     105206 MISS:          6 MSHR_MERGE:          0
cpu3->cpu3_L1D WRITE        ACCESS:   74206884 HIT:   74179920 MISS:      26964 MSHR_MERGE:        902
cpu3->cpu3_L1D TRANSLATION  ACCESS:       2258 HIT:        144 MISS:       2114 MSHR_MERGE:          0
cpu3->cpu3_L1D PREFETCH REQUESTED:     105212 ISSUED:     105212 USEFUL:          6 USELESS:          0
cpu3->cpu3_L1D AVERAGE MISS LATENCY: 204.9 cycles
cpu3_L1D FLUSH STALL CYCLES: 518
cpu3->cpu3_ITLB TOTAL        ACCESS:  126596470 HIT:  126596470 MISS:          0 MSHR_MERGE:          0
cpu3->cpu3_ITLB LOAD         ACCESS:  126596470 HIT:  126596470 MISS:          0 MSHR_MERGE:          0
cpu3->cpu3_ITLB RFO          ACCESS:          0 HIT:          0 MISS:          0 MSHR_MERGE:          0
cpu3->cpu3_ITLB PREFETCH     ACCESS:          0 HIT:          0 MISS:          0 MSHR_MERGE:          0
cpu3->cpu3_ITLB WRITE        ACCESS:          0 HIT:          0 MISS:          0 MSHR_MERGE:          0
cpu3->cpu3_ITLB TRANSLATION  ACCESS:          0 HIT:          0 MISS:          0 MSHR_MERGE:          0
cpu3->cpu3_ITLB PREFETCH REQUESTED:          0 ISSUED:          0 USEFUL:          0 USELESS:          0
cpu3->cpu3_ITLB AVERAGE MISS LATENCY: - cycles
cpu3->cpu3_DTLB TOTAL        ACCESS:  115815871 HIT:  115813823 MISS:       2048 MSHR_MERGE:         69
cpu3->cpu3_DTLB LOAD         ACCESS:  115815871 HIT:  115813823 MISS:       2048 MSHR_MERGE:         69
cpu3->cpu3_DTLB RFO          ACCESS:          0 HIT:          0 MISS:          0 MSHR_MERGE:          0
cpu3->cpu3_DTLB PREFETCH     ACCESS:          0 HIT:          0 MISS:          0 MSHR_MERGE:          0
cpu3->cpu3_DTLB WRITE        ACCESS:          0 HIT:          0 MISS:          0 MSHR_MERGE:          0
cpu3->cpu3_DTLB TRANSLATION  ACCESS:          0 HIT:          0 MISS:          0 MSHR_MERGE:          0
cpu3->cpu3_DTLB PREFETCH REQUESTED:          0 ISSUED:          0 USEFUL:          0 USELESS:          0
cpu3->cpu3_DTLB AVERAGE MISS LATENCY: 424.9 cycles
cpu2->cpu2_STLB TOTAL        ACCESS:      39414 HIT:      36908 MISS:       2506 MSHR_MERGE:          0
cpu2->cpu2_STLB LOAD         ACCESS:      39414 HIT:      36908 MISS:       2506 MSHR_MERGE:          0
cpu2->cpu2_STLB RFO          ACCESS:          0 HIT:          0 MISS:          0 MSHR_MERGE:          0
cpu2->cpu2_STLB PREFETCH     ACCESS:          0 HIT:          0 MISS:          0 MSHR_MERGE:          0
cpu2->cpu2_STLB WRITE        ACCESS:          0 HIT:          0 MISS:          0 MSHR_MERGE:          0
cpu2->cpu2_STLB TRANSLATION  ACCESS:          0 HIT:          0 MISS:          0 MSHR_MERGE:          0
cpu2->cpu2_STLB PREFETCH REQUESTED:          0 ISSUED:          0 USEFUL:          0 USELESS:          0
cpu2->cpu2_STLB AVERAGE MISS LATENCY: 669.9 cycles
cpu0->cpu2_L2C TOTAL        ACCESS:        352 HIT:        339 MISS:         13 MSHR_MERGE:          0
cpu0->cpu2_L2C LOAD         ACCESS:          0 HIT:          0 MISS:          0 MSHR_MERGE:          0
cpu0->cpu2_L2C RFO          ACCESS:          0 HIT:          0 MISS:          0 MSHR_MERGE:          0
cpu0->cpu2_L2C PREFETCH     ACCESS:          0 HIT:          0 MISS:          0 MSHR_MERGE:          0
cpu0->cpu2_L2C WRITE        ACCESS:        352 HIT:        339 MISS:         13 MSHR_MERGE:          0
cpu0->cpu2_L2C TRANSLATION  ACCESS:          0 HIT:          0 MISS:          0 MSHR_MERGE:          0
cpu0->cpu2_L2C PREFETCH REQUESTED:     223008 ISSUED:     223008 USEFUL:       9261 USELESS:        441
cpu0->cpu2_L2C AVERAGE MISS LATENCY: 2.884e+06 cycles
cpu2->cpu2_L2C TOTAL        ACCESS:     871712 HIT:     512820 MISS:     358892 MSHR_MERGE:      62177
cpu2->cpu2_L2C LOAD         ACCESS:     196288 HIT:     142002 MISS:      54286 MSHR_MERGE:       7023
cpu2->cpu2_L2C RFO          ACCESS:     170162 HIT:      29744 MISS:     140418 MSHR_MERGE:          0
cpu2->cpu2_L2C PREFETCH     ACCESS:     282171 HIT:     158837 MISS:     123334 MSHR_MERGE:      55154
cpu2->cpu2_L2C WRITE        ACCESS:     219242 HIT:     181728 MISS:      37514 MSHR_MERGE:          0
cpu2->cpu2_L2C TRANSLATION  ACCESS:       3849 HIT:        509 MISS:       3340 MSHR_MERGE:          0
cpu2->cpu2_L2C PREFETCH REQUESTED:     223008 ISSUED:     223008 USEFUL:       9261 USELESS:        441
cpu2->cpu2_L2C AVERAGE MISS LATENCY: 159.2 cycles
cpu2_L2C FLUSH STALL CYCLES: 17837
cpu2->cpu2_L1I TOTAL        ACCESS:   69356802 HIT:   69354367 MISS:       2435 MSHR_MERGE:       1559
cpu2->cpu2_L1I LOAD         ACCESS:   34691267 HIT:   34690118 MISS:       1149 MSHR_MERGE:        649
cpu2->cpu2_L1I RFO          ACCESS:          0 HIT:          0 MISS:          0 MSHR_MERGE:          0
cpu2->cpu2_L1I PREFETCH     ACCESS:   34665535 HIT:   34664249 MISS:       1286 MSHR_MERGE:        910
cpu2->cpu2_L1I WRITE        ACCESS:          0 HIT:          0 MISS:          0 MSHR_MERGE:          0
cpu2->cpu2_L1I TRANSLATION  ACCESS:          0 HIT:          0 MISS:          0 MSHR_MERGE:          0
cpu2->cpu2_L1I PREFETCH REQUESTED:   34691267 ISSUED:   34665535 USEFUL:        217 USELESS:        152
cpu2->cpu2_L1I AVERAGE MISS LATENCY: 92.96 cycles
cpu2->cpu2_L1D TOTAL        ACCESS:   47480852 HIT:   46017888 MISS:    1462964 MSHR_MERGE:    1034338
cpu2->cpu2_L1D LOAD         ACCESS:   28078886 HIT:   27763601 MISS:     315285 MSHR_MERGE:     119495
cpu2->cpu2_L1D RFO          ACCESS:          0 HIT:          0 MISS:          0 MSHR_MERGE:          0
cpu2->cpu2_L1D PREFETCH     ACCESS:     403431 HIT:     315107 MISS:      88324 MSHR_MERGE:      29500
cpu2->cpu2_L1D WRITE        ACCESS:   18993520 HIT:   17938015 MISS:    1055505 MSHR_MERGE:     885342
cpu2->cpu2_L1D TRANSLATION  ACCESS:       5015 HIT:       1165 MISS:       3850 MSHR_MERGE:          1
cpu2->cpu2_L1D PREFETCH REQUESTED:     404382 ISSUED:     403431 USEFUL:      37225 USELESS:      16437
cpu2->cpu2_L1D AVERAGE MISS LATENCY: 110.9 cycles
cpu2_L1D FLUSH STALL CYCLES: 288
cpu2->cpu2_ITLB TOTAL        ACCESS:   52339717 HIT:   52339717 MISS:          0 MSHR_MERGE:          0
cpu2->cpu2_ITLB LOAD         ACCESS:   52339717 HIT:   52339717 MISS:          0 MSHR_MERGE:          0
cpu2->cpu2_ITLB RFO          ACCESS:          0 HIT:          0 MISS:          0 MSHR_MERGE:          0
cpu2->cpu2_ITLB PREFETCH     ACCESS:          0 HIT:          0 MISS:          0 MSHR_MERGE:          0
cpu2->cpu2_ITLB WRITE        ACCESS:          0 HIT:          0 MISS:          0 MSHR_MERGE:          0
cpu2->cpu2_ITLB TRANSLATION  ACCESS:          0 HIT:          0 MISS:          0 MSHR_MERGE:          0
cpu2->cpu2_ITLB PREFETCH REQUESTED:          0 ISSUED:          0 USEFUL:          0 USELESS:          0
cpu2->cpu2_ITLB AVERAGE MISS LATENCY: - cycles
cpu2->cpu2_DTLB TOTAL        ACCESS:   44387067 HIT:   44317617 MISS:      69450 MSHR_MERGE:      30036
cpu2->cpu2_DTLB LOAD         ACCESS:   44387067 HIT:   44317617 MISS:      69450 MSHR_MERGE:      30036
cpu2->cpu2_DTLB RFO          ACCESS:          0 HIT:          0 MISS:          0 MSHR_MERGE:          0
cpu2->cpu2_DTLB PREFETCH     ACCESS:          0 HIT:          0 MISS:          0 MSHR_MERGE:          0
cpu2->cpu2_DTLB WRITE        ACCESS:          0 HIT:          0 MISS:          0 MSHR_MERGE:          0
cpu2->cpu2_DTLB TRANSLATION  ACCESS:          0 HIT:          0 MISS:          0 MSHR_MERGE:          0
cpu2->cpu2_DTLB PREFETCH REQUESTED:          0 ISSUED:          0 USEFUL:          0 USELESS:          0
cpu2->cpu2_DTLB AVERAGE MISS LATENCY: 47.66 cycles
cpu1->cpu1_STLB TOTAL        ACCESS:     191810 HIT:     190762 MISS:       1048 MSHR_MERGE:          0
cpu1->cpu1_STLB LOAD         ACCESS:     191810 HIT:     190762 MISS:       1048 MSHR_MERGE:          0
cpu1->cpu1_STLB RFO          ACCESS:          0 HIT:          0 MISS:          0 MSHR_MERGE:          0
cpu1->cpu1_STLB PREFETCH     ACCESS:          0 HIT:          0 MISS:          0 MSHR_MERGE:          0
cpu1->cpu1_STLB WRITE        ACCESS:          0 HIT:          0 MISS:          0 MSHR_MERGE:          0
cpu1->cpu1_STLB TRANSLATION  ACCESS:          0 HIT:          0 MISS:          0 MSHR_MERGE:          0
cpu1->cpu1_STLB PREFETCH REQUESTED:          0 ISSUED:          0 USEFUL:          0 USELESS:          0
cpu1->cpu1_STLB AVERAGE MISS LATENCY: 781.4 cycles
cpu0->cpu1_L2C TOTAL        ACCESS:        398 HIT:        392 MISS:          6 MSHR_MERGE:          0
cpu0->cpu1_L2C LOAD         ACCESS:          0 HIT:          0 MISS:          0 MSHR_MERGE:          0
cpu0->cpu1_L2C RFO          ACCESS:          0 HIT:          0 MISS:          0 MSHR_MERGE:          0
cpu0->cpu1_L2C PREFETCH     ACCESS:          0 HIT:          0 MISS:          0 MSHR_MERGE:          0
cpu0->cpu1_L2C WRITE        ACCESS:        398 HIT:        392 MISS:          6 MSHR_MERGE:          0
cpu0->cpu1_L2C TRANSLATION  ACCESS:          0 HIT:          0 MISS:          0 MSHR_MERGE:          0
cpu0->cpu1_L2C PREFETCH REQUESTED:     668482 ISSUED:     668411 USEFUL:       7519 USELESS:        162
cpu0->cpu1_L2C AVERAGE MISS LATENCY: 1.002e+06 cycles
cpu1->cpu1_L2C TOTAL        ACCESS:    1827660 HIT:    1580815 MISS:     246845 MSHR_MERGE:      10058
cpu1->cpu1_L2C LOAD         ACCESS:     542932 HIT:     529973 MISS:      12959 MSHR_MERGE:        303
cpu1->cpu1_L2C RFO          ACCESS:     134490 HIT:     112801 MISS:      21689 MSHR_MERGE:         20
cpu1->cpu1_L2C PREFETCH     ACCESS:     892053 HIT:     686816 MISS:     205237 MSHR_MERGE:       9735
cpu1->cpu1_L2C WRITE        ACCESS:     256252 HIT:     251217 MISS:       5035 MSHR_MERGE:          0
cpu1->cpu1_L2C TRANSLATION  ACCESS:       1933 HIT:          8 MISS:       1925 MSHR_MERGE:          0
cpu1->cpu1_L2C PREFETCH REQUESTED:     668482 ISSUED:     668411 USEFUL:       7519 USELESS:        162
cpu1->cpu1_L2C AVERAGE MISS LATENCY: 144.4 cycles
cpu1_L2C FLUSH STALL CYCLES: 14377
cpu1->cpu1_L1I TOTAL        ACCESS:   76156504 HIT:   75669818 MISS:     486686 MSHR_MERGE:     249107
cpu1->cpu1_L1I LOAD         ACCESS:   38792712 HIT:   38540821 MISS:     251891 MSHR_MERGE:     110451
cpu1->cpu1_L1I RFO          ACCESS:          0 HIT:          0 MISS:          0 MSHR_MERGE:          0
cpu1->cpu1_L1I PREFETCH     ACCESS:   37363792 HIT:   37128997 MISS:     234795 MSHR_MERGE:     138656
cpu1->cpu1_L1I WRITE        ACCESS:          0 HIT:          0 MISS:          0 MSHR_MERGE:          0
cpu1->cpu1_L1I TRANSLATION  ACCESS:          0 HIT:          0 MISS:          0 MSHR_MERGE:          0
cpu1->cpu1_L1I PREFETCH REQUESTED:   38792730 ISSUED:   37363766 USEFUL:      54031 USELESS:      42094
cpu1->cpu1_L1I AVERAGE MISS LATENCY: 9.984 cycles
cpu1->cpu1_L1D TOTAL        ACCESS:   91017466 HIT:   89882339 MISS:    1135127 MSHR_MERGE:     469681
cpu1->cpu1_L1D LOAD         ACCESS:   49573454 HIT:   49120756 MISS:     452698 MSHR_MERGE:      51203
cpu1->cpu1_L1D RFO          ACCESS:          0 HIT:          0 MISS:          0 MSHR_MERGE:          0
cpu1->cpu1_L1D PREFETCH     ACCESS:    6243804 HIT:    6068659 MISS:     175145 MSHR_MERGE:      47637
cpu1->cpu1_L1D WRITE        ACCESS:   35198111 HIT:   34692761 MISS:     505350 MSHR_MERGE:     370840
cpu1->cpu1_L1D TRANSLATION  ACCESS:       2097 HIT:        163 MISS:       1934 MSHR_MERGE:          1
cpu1->cpu1_L1D PREFETCH REQUESTED:    6244777 ISSUED:    6243801 USEFUL:      81921 USELESS:      45039
cpu1->cpu1_L1D AVERAGE MISS LATENCY: 20.88 cycles
cpu1_L1D FLUSH STALL CYCLES: 334
cpu1->cpu1_ITLB TOTAL        ACCESS:   60735756 HIT:   60735672 MISS:         84 MSHR_MERGE:         41
cpu1->cpu1_ITLB LOAD         ACCESS:   60735756 HIT:   60735672 MISS:         84 MSHR_MERGE:         41
cpu1->cpu1_ITLB RFO          ACCESS:          0 HIT:          0 MISS:          0 MSHR_MERGE:          0
cpu1->cpu1_ITLB PREFETCH     ACCESS:          0 HIT:          0 MISS:          0 MSHR_MERGE:          0
cpu1->cpu1_ITLB WRITE        ACCESS:          0 HIT:          0 MISS:          0 MSHR_MERGE:          0
cpu1->cpu1_ITLB TRANSLATION  ACCESS:          0 HIT:          0 MISS:          0 MSHR_MERGE:          0
cpu1->cpu1_ITLB PREFETCH REQUESTED:          0 ISSUED:          0 USEFUL:          0 USELESS:          0
cpu1->cpu1_ITLB AVERAGE MISS LATENCY: 773.9 cycles
cpu1->cpu1_DTLB TOTAL        ACCESS:   79833987 HIT:   79591324 MISS:     242663 MSHR_MERGE:      50896
cpu1->cpu1_DTLB LOAD         ACCESS:   79833987 HIT:   79591324 MISS:     242663 MSHR_MERGE:      50896
cpu1->cpu1_DTLB RFO          ACCESS:          0 HIT:          0 MISS:          0 MSHR_MERGE:          0
cpu1->cpu1_DTLB PREFETCH     ACCESS:          0 HIT:          0 MISS:          0 MSHR_MERGE:          0
cpu1->cpu1_DTLB WRITE        ACCESS:          0 HIT:          0 MISS:          0 MSHR_MERGE:          0
cpu1->cpu1_DTLB TRANSLATION  ACCESS:          0 HIT:          0 MISS:          0 MSHR_MERGE:          0
cpu1->cpu1_DTLB PREFETCH REQUESTED:          0 ISSUED:          0 USEFUL:          0 USELESS:          0
cpu1->cpu1_DTLB AVERAGE MISS LATENCY: 9.104 cycles
cpu15->cpu15_STLB TOTAL        ACCESS:     307900 HIT:     301499 MISS:       6401 MSHR_MERGE:          0
cpu15->cpu15_STLB LOAD         ACCESS:     307900 HIT:     301499 MISS:       6401 MSHR_MERGE:          0
cpu15->cpu15_STLB RFO          ACCESS:          0 HIT:          0 MISS:          0 MSHR_MERGE:          0
cpu15->cpu15_STLB PREFETCH     ACCESS:          0 HIT:          0 MISS:          0 MSHR_MERGE:          0
cpu15->cpu15_STLB WRITE        ACCESS:          0 HIT:          0 MISS:          0 MSHR_MERGE:          0
cpu15->cpu15_STLB TRANSLATION  ACCESS:          0 HIT:          0 MISS:          0 MSHR_MERGE:          0
cpu15->cpu15_STLB PREFETCH REQUESTED:          0 ISSUED:          0 USEFUL:          0 USELESS:          0
cpu15->cpu15_STLB AVERAGE MISS LATENCY: 768.9 cycles
cpu0->cpu15_L2C TOTAL        ACCESS:        143 HIT:        112 MISS:         31 MSHR_MERGE:          0
cpu0->cpu15_L2C LOAD         ACCESS:          0 HIT:          0 MISS:          0 MSHR_MERGE:          0
cpu0->cpu15_L2C RFO          ACCESS:          0 HIT:          0 MISS:          0 MSHR_MERGE:          0
cpu0->cpu15_L2C PREFETCH     ACCESS:          0 HIT:          0 MISS:          0 MSHR_MERGE:          0
cpu0->cpu15_L2C WRITE        ACCESS:        143 HIT:        112 MISS:         31 MSHR_MERGE:          0
cpu0->cpu15_L2C TRANSLATION  ACCESS:          0 HIT:          0 MISS:          0 MSHR_MERGE:          0
cpu0->cpu15_L2C PREFETCH REQUESTED:    3551167 ISSUED:    3537693 USEFUL:      52242 USELESS:       2373
cpu0->cpu15_L2C AVERAGE MISS LATENCY: 1.757e+06 cycles
cpu15->cpu15_L2C TOTAL        ACCESS:    5579470 HIT:    3572367 MISS:    2007103 MSHR_MERGE:     259743
cpu15->cpu15_L2C LOAD         ACCESS:    1135877 HIT:     890869 MISS:     245008 MSHR_MERGE:      25216
cpu15->cpu15_L2C RFO          ACCESS:     150832 HIT:      36407 MISS:     114425 MSHR_MERGE:          1
cpu15->cpu15_L2C PREFETCH     ACCESS:    4082051 HIT:    2486607 MISS:    1595444 MSHR_MERGE:     234526
cpu15->cpu15_L2C WRITE        ACCESS:     200534 HIT:     158284 MISS:      42250 MSHR_MERGE:          0
cpu15->cpu15_L2C TRANSLATION  ACCESS:      10176 HIT:        200 MISS:       9976 MSHR_MERGE:          0
cpu15->cpu15_L2C PREFETCH REQUESTED:    3551167 ISSUED:    3537693 USEFUL:      52242 USELESS:       2373
cpu15->cpu15_L2C AVERAGE MISS LATENCY: 132.3 cycles
cpu15_L2C FLUSH STALL CYCLES: 12770
cpu15->cpu15_L1I TOTAL        ACCESS:  144927201 HIT:  141853003 MISS:    3074198 MSHR_MERGE:    1923941
cpu15->cpu15_L1I LOAD         ACCESS:   73987531 HIT:   72456281 MISS:    1531250 MSHR_MERGE:     835338
cpu15->cpu15_L1I RFO          ACCESS:          0 HIT:          0 MISS:          0 MSHR_MERGE:          0
cpu15->cpu15_L1I PREFETCH     ACCESS:   70939670 HIT:   69396722 MISS:    1542948 MSHR_MERGE:    1088603
cpu15->cpu15_L1I WRITE        ACCESS:          0 HIT:          0 MISS:          0 MSHR_MERGE:          0
cpu15->cpu15_L1I TRANSLATION  ACCESS:          0 HIT:          0 MISS:          0 MSHR_MERGE:          0
cpu15->cpu15_L1I PREFETCH REQUESTED:   73992567 ISSUED:   70939649 USEFUL:     283733 USELESS:     170540
cpu15->cpu15_L1I AVERAGE MISS LATENCY: 9.239 cycles
cpu15->cpu15_L1D TOTAL        ACCESS:  114192349 HIT:  112079137 MISS:    2113212 MSHR_MERGE:    1421805
cpu15->cpu15_L1D LOAD         ACCESS:   69154532 HIT:   68308933 MISS:     845599 MSHR_MERGE:     405633
cpu15->cpu15_L1D RFO          ACCESS:          0 HIT:          0 MISS:          0 MSHR_MERGE:          0
cpu15->cpu15_L1D PREFETCH     ACCESS:    5587943 HIT:    5428901 MISS:     159042 MSHR_MERGE:      68641
cpu15->cpu15_L1D WRITE        ACCESS:   39437044 HIT:   38339193 MISS:    1097851 MSHR_MERGE:     946987
cpu15->cpu15_L1D TRANSLATION  ACCESS:      12830 HIT:       2110 MISS:      10720 MSHR_MERGE:        544
cpu15->cpu15_L1D PREFETCH REQUESTED:    5668970 ISSUED:    5587943 USEFUL:      53813 USELESS:      13289
cpu15->cpu15_L1D AVERAGE MISS LATENCY: 99.23 cycles
cpu15_L1D FLUSH STALL CYCLES: 79
cpu15->cpu15_ITLB TOTAL        ACCESS:  103724984 HIT:  103720180 MISS:       4804 MSHR_MERGE:       3098
cpu15->cpu15_ITLB LOAD         ACCESS:  103724984 HIT:  103720180 MISS:       4804 MSHR_MERGE:       3098
cpu15->cpu15_ITLB RFO          ACCESS:          0 HIT:          0 MISS:          0 MSHR_MERGE:          0
cpu15->cpu15_ITLB PREFETCH     ACCESS:          0 HIT:          0 MISS:          0 MSHR_MERGE:          0
cpu15->cpu15_ITLB WRITE        ACCESS:          0 HIT:          0 MISS:          0 MSHR_MERGE:          0
cpu15->cpu15_ITLB TRANSLATION  ACCESS:          0 HIT:          0 MISS:          0 MSHR_MERGE:          0
cpu15->cpu15_ITLB PREFETCH REQUESTED:          0 ISSUED:          0 USEFUL:          0 USELESS:          0
cpu15->cpu15_ITLB AVERAGE MISS LATENCY: 51.63 cycles
cpu15->cpu15_DTLB TOTAL        ACCESS:  101861303 HIT:  101269035 MISS:     592268 MSHR_MERGE:     286074
cpu15->cpu15_DTLB LOAD         ACCESS:  101861303 HIT:  101269035 MISS:     592268 MSHR_MERGE:     286074
cpu15->cpu15_DTLB RFO          ACCESS:          0 HIT:          0 MISS:          0 MSHR_MERGE:          0
cpu15->cpu15_DTLB PREFETCH     ACCESS:          0 HIT:          0 MISS:          0 MSHR_MERGE:          0
cpu15->cpu15_DTLB WRITE        ACCESS:          0 HIT:          0 MISS:          0 MSHR_MERGE:          0
cpu15->cpu15_DTLB TRANSLATION  ACCESS:          0 HIT:          0 MISS:          0 MSHR_MERGE:          0
cpu15->cpu15_DTLB PREFETCH REQUESTED:          0 ISSUED:          0 USEFUL:          0 USELESS:          0
cpu15->cpu15_DTLB AVERAGE MISS LATENCY: 20.84 cycles
cpu14->cpu14_STLB TOTAL        ACCESS:      27064 HIT:        724 MISS:      26340 MSHR_MERGE:          0
cpu14->cpu14_STLB LOAD         ACCESS:      27064 HIT:        724 MISS:      26340 MSHR_MERGE:          0
cpu14->cpu14_STLB RFO          ACCESS:          0 HIT:          0 MISS:          0 MSHR_MERGE:          0
cpu14->cpu14_STLB PREFETCH     ACCESS:          0 HIT:          0 MISS:          0 MSHR_MERGE:          0
cpu14->cpu14_STLB WRITE        ACCESS:          0 HIT:          0 MISS:          0 MSHR_MERGE:          0
cpu14->cpu14_STLB TRANSLATION  ACCESS:          0 HIT:          0 MISS:          0 MSHR_MERGE:          0
cpu14->cpu14_STLB PREFETCH REQUESTED:          0 ISSUED:          0 USEFUL:          0 USELESS:          0
cpu14->cpu14_STLB AVERAGE MISS LATENCY: 421.7 cycles
cpu0->cpu14_L2C TOTAL        ACCESS:        426 HIT:        176 MISS:        250 MSHR_MERGE:          0
cpu0->cpu14_L2C LOAD         ACCESS:          0 HIT:          0 MISS:          0 MSHR_MERGE:          0
cpu0->cpu14_L2C RFO          ACCESS:          0 HIT:          0 MISS:          0 MSHR_MERGE:          0
cpu0->cpu14_L2C PREFETCH     ACCESS:          0 HIT:          0 MISS:          0 MSHR_MERGE:          0
cpu0->cpu14_L2C WRITE        ACCESS:        426 HIT:        176 MISS:        250 MSHR_MERGE:          0
cpu0->cpu14_L2C TRANSLATION  ACCESS:          0 HIT:          0 MISS:          0 MSHR_MERGE:          0
cpu0->cpu14_L2C PREFETCH REQUESTED:   10880114 ISSUED:    9569653 USEFUL:     462516 USELESS:       6417
cpu0->cpu14_L2C AVERAGE MISS LATENCY: 3.972e+05 cycles
cpu14->cpu14_L2C TOTAL        ACCESS:   11097237 HIT:     674609 MISS:   10422628 MSHR_MERGE:     144694
cpu14->cpu14_L2C LOAD         ACCESS:     700357 HIT:     426098 MISS:     274259 MSHR_MERGE:      50165
cpu14->cpu14_L2C RFO          ACCESS:     381145 HIT:        395 MISS:     380750 MSHR_MERGE:          0
cpu14->cpu14_L2C PREFETCH     ACCESS:    9602444 HIT:       9793 MISS:    9592651 MSHR_MERGE:      94529
cpu14->cpu14_L2C WRITE        ACCESS:     381227 HIT:     238206 MISS:     143021 MSHR_MERGE:          0
cpu14->cpu14_L2C TRANSLATION  ACCESS:      32064 HIT:        117 MISS:      31947 MSHR_MERGE:          0
cpu14->cpu14_L2C PREFETCH REQUESTED:   10880114 ISSUED:    9569653 USEFUL:     462516 USELESS:       6417
cpu14->cpu14_L2C AVERAGE MISS LATENCY: 119.6 cycles
cpu14_L2C FLUSH STALL CYCLES: 8234
cpu14->cpu14_L1I TOTAL        ACCESS:   10392532 HIT:   10392467 MISS:         65 MSHR_MERGE:         30
cpu14->cpu14_L1I LOAD         ACCESS:    5196266 HIT:    5196238 MISS:         28 MSHR_MERGE:          9
cpu14->cpu14_L1I RFO          ACCESS:          0 HIT:          0 MISS:          0 MSHR_MERGE:          0
cpu14->cpu14_L1I PREFETCH     ACCESS:    5196266 HIT:    5196229 MISS:         37 MSHR_MERGE:         21
cpu14->cpu14_L1I WRITE        ACCESS:          0 HIT:          0 MISS:          0 MSHR_MERGE:          0
cpu14->cpu14_L1I TRANSLATION  ACCESS:          0 HIT:          0 MISS:          0 MSHR_MERGE:          0
cpu14->cpu14_L1I PREFETCH REQUESTED:    5196266 ISSUED:    5196266 USEFUL:         10 USELESS:          0
cpu14->cpu14_L1I AVERAGE MISS LATENCY: 120.5 cycles
cpu14->cpu14_L1D TOTAL        ACCESS:   57507207 HIT:   53582071 MISS:    3925136 MSHR_MERGE:    2778725
cpu14->cpu14_L1D LOAD         ACCESS:   33748154 HIT:   32216204 MISS:    1531950 MSHR_MERGE:     831612
cpu14->cpu14_L1D RFO          ACCESS:          0 HIT:          0 MISS:          0 MSHR_MERGE:          0
cpu14->cpu14_L1D PREFETCH     ACCESS:      35822 HIT:       1715 MISS:      34107 MSHR_MERGE:       1332
cpu14->cpu14_L1D WRITE        ACCESS:   23670445 HIT:   21343535 MISS:    2326910 MSHR_MERGE:    1945676
cpu14->cpu14_L1D TRANSLATION  ACCESS:      52786 HIT:      20617 MISS:      32169 MSHR_MERGE:        105
cpu14->cpu14_L1D PREFETCH REQUESTED:      35822 ISSUED:      35822 USEFUL:      15389 USELESS:        641
cpu14->cpu14_L1D AVERAGE MISS LATENCY: 98.79 cycles
cpu14_L1D FLUSH STALL CYCLES: 362
cpu14->cpu14_ITLB TOTAL        ACCESS:    7885665 HIT:    7885662 MISS:          3 MSHR_MERGE:          1
cpu14->cpu14_ITLB LOAD         ACCESS:    7885665 HIT:    7885662 MISS:          3 MSHR_MERGE:          1
cpu14->cpu14_ITLB RFO          ACCESS:          0 HIT:          0 MISS:          0 MSHR_MERGE:          0
cpu14->cpu14_ITLB PREFETCH     ACCESS:          0 HIT:          0 MISS:          0 MSHR_MERGE:          0
cpu14->cpu14_ITLB WRITE        ACCESS:          0 HIT:          0 MISS:          0 MSHR_MERGE:          0
cpu14->cpu14_ITLB TRANSLATION  ACCESS:          0 HIT:          0 MISS:          0 MSHR_MERGE:          0
cpu14->cpu14_ITLB PREFETCH REQUESTED:          0 ISSUED:          0 USEFUL:          0 USELESS:          0
cpu14->cpu14_ITLB AVERAGE MISS LATENCY: 837 cycles
cpu14->cpu14_DTLB TOTAL        ACCESS:   54309054 HIT:   54118315 MISS:     190739 MSHR_MERGE:     163677
cpu14->cpu14_DTLB LOAD         ACCESS:   54309054 HIT:   54118315 MISS:     190739 MSHR_MERGE:     163677
cpu14->cpu14_DTLB RFO          ACCESS:          0 HIT:          0 MISS:          0 MSHR_MERGE:          0
cpu14->cpu14_DTLB PREFETCH     ACCESS:          0 HIT:          0 MISS:          0 MSHR_MERGE:          0
cpu14->cpu14_DTLB WRITE        ACCESS:          0 HIT:          0 MISS:          0 MSHR_MERGE:          0
cpu14->cpu14_DTLB TRANSLATION  ACCESS:          0 HIT:          0 MISS:          0 MSHR_MERGE:          0
cpu14->cpu14_DTLB PREFETCH REQUESTED:          0 ISSUED:          0 USEFUL:          0 USELESS:          0
cpu14->cpu14_DTLB AVERAGE MISS LATENCY: 416.4 cycles
cpu13->cpu13_STLB TOTAL        ACCESS:    1289497 HIT:    1165950 MISS:     123547 MSHR_MERGE:          0
cpu13->cpu13_STLB LOAD         ACCESS:    1289497 HIT:    1165950 MISS:     123547 MSHR_MERGE:          0
cpu13->cpu13_STLB RFO          ACCESS:          0 HIT:          0 MISS:          0 MSHR_MERGE:          0
cpu13->cpu13_STLB PREFETCH     ACCESS:          0 HIT:          0 MISS:          0 MSHR_MERGE:          0
cpu13->cpu13_STLB WRITE        ACCESS:          0 HIT:          0 MISS:          0 MSHR_MERGE:          0
cpu13->cpu13_STLB TRANSLATION  ACCESS:          0 HIT:          0 MISS:          0 MSHR_MERGE:          0
cpu13->cpu13_STLB PREFETCH REQUESTED:          0 ISSUED:          0 USEFUL:          0 USELESS:          0
cpu13->cpu13_STLB AVERAGE MISS LATENCY: 358.1 cycles
cpu0->cpu13_L2C TOTAL        ACCESS:        440 HIT:        423 MISS:         17 MSHR_MERGE:          0
cpu0->cpu13_L2C LOAD         ACCESS:          0 HIT:          0 MISS:          0 MSHR_MERGE:          0
cpu0->cpu13_L2C RFO          ACCESS:          0 HIT:          0 MISS:          0 MSHR_MERGE:          0
cpu0->cpu13_L2C PREFETCH     ACCESS:          0 HIT:          0 MISS:          0 MSHR_MERGE:          0
cpu0->cpu13_L2C WRITE        ACCESS:        440 HIT:        423 MISS:         17 MSHR_MERGE:          0
cpu0->cpu13_L2C TRANSLATION  ACCESS:          0 HIT:          0 MISS:          0 MSHR_MERGE:          0
cpu0->cpu13_L2C PREFETCH REQUESTED:     881079 ISSUED:     881079 USEFUL:       6836 USELESS:        119
cpu0->cpu13_L2C AVERAGE MISS LATENCY: 5.837e+06 cycles
cpu13->cpu13_L2C TOTAL        ACCESS:    3559787 HIT:    2657236 MISS:     902551 MSHR_MERGE:     225863
cpu13->cpu13_L2C LOAD         ACCESS:     968803 HIT:     715088 MISS:     253715 MSHR_MERGE:       5751
cpu13->cpu13_L2C RFO          ACCESS:     363003 HIT:     280997 MISS:      82006 MSHR_MERGE:          0
cpu13->cpu13_L2C PREFETCH     ACCESS:     974479 HIT:     668584 MISS:     305895 MSHR_MERGE:     220112
cpu13->cpu13_L2C WRITE        ACCESS:    1012588 HIT:     971973 MISS:      40615 MSHR_MERGE:          0
cpu13->cpu13_L2C TRANSLATION  ACCESS:     240914 HIT:      20594 MISS:     220320 MSHR_MERGE:          0
cpu13->cpu13_L2C PREFETCH REQUESTED:     881079 ISSUED:     881079 USEFUL:       6836 USELESS:        119
cpu13->cpu13_L2C AVERAGE MISS LATENCY: 166.3 cycles
cpu13_L2C FLUSH STALL CYCLES: 17351
cpu13->cpu13_L1I TOTAL        ACCESS:   25851623 HIT:   25845772 MISS:       5851 MSHR_MERGE:       4016
cpu13->cpu13_L1I LOAD         ACCESS:   12938901 HIT:   12936497 MISS:       2404 MSHR_MERGE:       1370
cpu13->cpu13_L1I RFO          ACCESS:          0 HIT:          0 MISS:          0 MSHR_MERGE:          0
cpu13->cpu13_L1I PREFETCH     ACCESS:   12912722 HIT:   12909275 MISS:       3447 MSHR_MERGE:       2646
cpu13->cpu13_L1I WRITE        ACCESS:          0 HIT:          0 MISS:          0 MSHR_MERGE:          0
cpu13->cpu13_L1I TRANSLATION  ACCESS:          0 HIT:          0 MISS:          0 MSHR_MERGE:          0
cpu13->cpu13_L1I PREFETCH REQUESTED:   12938901 ISSUED:   12912722 USEFUL:        529 USELESS:        273
cpu13->cpu13_L1I AVERAGE MISS LATENCY: 51.9 cycles
cpu13->cpu13_L1D TOTAL        ACCESS:   63797214 HIT:   61410028 MISS:    2387186 MSHR_MERGE:     722886
cpu13->cpu13_L1D LOAD         ACCESS:   44864387 HIT:   43560340 MISS:    1304047 MSHR_MERGE:     336266
cpu13->cpu13_L1D RFO          ACCESS:          0 HIT:          0 MISS:          0 MSHR_MERGE:          0
cpu13->cpu13_L1D PREFETCH     ACCESS:    1047671 HIT:     946835 MISS:     100836 MSHR_MERGE:       8237
cpu13->cpu13_L1D WRITE        ACCESS:   17638059 HIT:   16897839 MISS:     740220 MSHR_MERGE:     377214
cpu13->cpu13_L1D TRANSLATION  ACCESS:     247097 HIT:       5014 MISS:     242083 MSHR_MERGE:       1169
cpu13->cpu13_L1D PREFETCH REQUESTED:    1048641 ISSUED:    1047671 USEFUL:      33666 USELESS:      58909
cpu13->cpu13_L1D AVERAGE MISS LATENCY: 73.18 cycles
cpu13_L1D FLUSH STALL CYCLES: 376
cpu13->cpu13_ITLB TOTAL        ACCESS:   18856004 HIT:   18856004 MISS:          0 MSHR_MERGE:          0
cpu13->cpu13_ITLB LOAD         ACCESS:   18856004 HIT:   18856004 MISS:          0 MSHR_MERGE:          0
cpu13->cpu13_ITLB RFO          ACCESS:          0 HIT:          0 MISS:          0 MSHR_MERGE:          0
cpu13->cpu13_ITLB PREFETCH     ACCESS:          0 HIT:          0 MISS:          0 MSHR_MERGE:          0
cpu13->cpu13_ITLB WRITE        ACCESS:          0 HIT:          0 MISS:          0 MSHR_MERGE:          0
cpu13->cpu13_ITLB TRANSLATION  ACCESS:          0 HIT:          0 MISS:          0 MSHR_MERGE:          0
cpu13->cpu13_ITLB PREFETCH REQUESTED:          0 ISSUED:          0 USEFUL:          0 USELESS:          0
cpu13->cpu13_ITLB AVERAGE MISS LATENCY: - cycles
cpu13->cpu13_DTLB TOTAL        ACCESS:   59722518 HIT:   58240240 MISS:    1482278 MSHR_MERGE:     192781
cpu13->cpu13_DTLB LOAD         ACCESS:   59722518 HIT:   58240240 MISS:    1482278 MSHR_MERGE:     192781
cpu13->cpu13_DTLB RFO          ACCESS:          0 HIT:          0 MISS:          0 MSHR_MERGE:          0
cpu13->cpu13_DTLB PREFETCH     ACCESS:          0 HIT:          0 MISS:          0 MSHR_MERGE:          0
cpu13->cpu13_DTLB WRITE        ACCESS:          0 HIT:          0 MISS:          0 MSHR_MERGE:          0
cpu13->cpu13_DTLB TRANSLATION  ACCESS:          0 HIT:          0 MISS:          0 MSHR_MERGE:          0
cpu13->cpu13_DTLB PREFETCH REQUESTED:          0 ISSUED:          0 USEFUL:          0 USELESS:          0
cpu13->cpu13_DTLB AVERAGE MISS LATENCY: 39.4 cycles
cpu12->cpu12_STLB TOTAL        ACCESS:        977 HIT:          0 MISS:        977 MSHR_MERGE:          0
cpu12->cpu12_STLB LOAD         ACCESS:        977 HIT:          0 MISS:        977 MSHR_MERGE:          0
cpu12->cpu12_STLB RFO          ACCESS:          0 HIT:          0 MISS:          0 MSHR_MERGE:          0
cpu12->cpu12_STLB PREFETCH     ACCESS:          0 HIT:          0 MISS:          0 MSHR_MERGE:          0
cpu12->cpu12_STLB WRITE        ACCESS:          0 HIT:          0 MISS:          0 MSHR_MERGE:          0
cpu12->cpu12_STLB TRANSLATION  ACCESS:          0 HIT:          0 MISS:          0 MSHR_MERGE:          0
cpu12->cpu12_STLB PREFETCH REQUESTED:          0 ISSUED:          0 USEFUL:          0 USELESS:          0
cpu12->cpu12_STLB AVERAGE MISS LATENCY: 652.4 cycles
cpu0->cpu12_L2C TOTAL        ACCESS:        731 HIT:        673 MISS:         58 MSHR_MERGE:          0
cpu0->cpu12_L2C LOAD         ACCESS:          0 HIT:          0 MISS:          0 MSHR_MERGE:          0
cpu0->cpu12_L2C RFO          ACCESS:          0 HIT:          0 MISS:          0 MSHR_MERGE:          0
cpu0->cpu12_L2C PREFETCH     ACCESS:          0 HIT:          0 MISS:          0 MSHR_MERGE:          0
cpu0->cpu12_L2C WRITE        ACCESS:        731 HIT:        673 MISS:         58 MSHR_MERGE:          0
cpu0->cpu12_L2C TRANSLATION  ACCESS:          0 HIT:          0 MISS:          0 MSHR_MERGE:          0
cpu0->cpu12_L2C PREFETCH REQUESTED:    1234395 ISSUED:    1217142 USEFUL:      44646 USELESS:         22
cpu0->cpu12_L2C AVERAGE MISS LATENCY: 1.638e+04 cycles
cpu12->cpu12_L2C TOTAL        ACCESS:    1344323 HIT:     103911 MISS:    1240412 MSHR_MERGE:       2489
cpu12->cpu12_L2C LOAD         ACCESS:      61180 HIT:      44784 MISS:      16396 MSHR_MERGE:          0
cpu12->cpu12_L2C RFO          ACCESS:        210 HIT:        208 MISS:          2 MSHR_MERGE:          0
cpu12->cpu12_L2C PREFETCH     ACCESS:    1218994 HIT:       1839 MISS:    1217155 MSHR_MERGE:       2489
cpu12->cpu12_L2C WRITE        ACCESS:      62838 HIT:      57079 MISS:       5759 MSHR_MERGE:          0
cpu12->cpu12_L2C TRANSLATION  ACCESS:       1101 HIT:          1 MISS:       1100 MSHR_MERGE:          0
cpu12->cpu12_L2C PREFETCH REQUESTED:    1234395 ISSUED:    1217142 USEFUL:      44646 USELESS:         22
cpu12->cpu12_L2C AVERAGE MISS LATENCY: 40.84 cycles
cpu12_L2C FLUSH STALL CYCLES: 20184
cpu12->cpu12_L1I TOTAL        ACCESS:  143414355 HIT:  143414355 MISS:          0 MSHR_MERGE:          0
cpu12->cpu12_L1I LOAD         ACCESS:   71774391 HIT:   71774391 MISS:          0 MSHR_MERGE:          0
cpu12->cpu12_L1I RFO          ACCESS:          0 HIT:          0 MISS:          0 MSHR_MERGE:          0
cpu12->cpu12_L1I PREFETCH     ACCESS:   71639964 HIT:   71639964 MISS:          0 MSHR_MERGE:          0
cpu12->cpu12_L1I WRITE        ACCESS:          0 HIT:          0 MISS:          0 MSHR_MERGE:          0
cpu12->cpu12_L1I TRANSLATION  ACCESS:          0 HIT:          0 MISS:          0 MSHR_MERGE:          0
cpu12->cpu12_L1I PREFETCH REQUESTED:   71774391 ISSUED:   71639934 USEFUL:          0 USELESS:          0
cpu12->cpu12_L1I AVERAGE MISS LATENCY: - cycles
cpu12->cpu12_L1D TOTAL        ACCESS:   57424312 HIT:   57296791 MISS:     127521 MSHR_MERGE:      63178
cpu12->cpu12_L1D LOAD         ACCESS:   42658951 HIT:   42535210 MISS:     123741 MSHR_MERGE:      62561
cpu12->cpu12_L1D RFO          ACCESS:          0 HIT:          0 MISS:          0 MSHR_MERGE:          0
cpu12->cpu12_L1D PREFETCH     ACCESS:       2054 HIT:        200 MISS:       1854 MSHR_MERGE:          2
cpu12->cpu12_L1D WRITE        ACCESS:   14761351 HIT:   14760526 MISS:        825 MSHR_MERGE:        615
cpu12->cpu12_L1D TRANSLATION  ACCESS:       1956 HIT:        855 MISS:       1101 MSHR_MERGE:          0
cpu12->cpu12_L1D PREFETCH REQUESTED:       2054 ISSUED:       2054 USEFUL:       1852 USELESS:          0
cpu12->cpu12_L1D AVERAGE MISS LATENCY: 24.92 cycles
cpu12_L1D FLUSH STALL CYCLES: 667
cpu12->cpu12_ITLB TOTAL        ACCESS:  116654457 HIT:  116654457 MISS:          0 MSHR_MERGE:          0
cpu12->cpu12_ITLB LOAD         ACCESS:  116654457 HIT:  116654457 MISS:          0 MSHR_MERGE:          0
cpu12->cpu12_ITLB RFO          ACCESS:          0 HIT:          0 MISS:          0 MSHR_MERGE:          0
cpu12->cpu12_ITLB PREFETCH     ACCESS:          0 HIT:          0 MISS:          0 MSHR_MERGE:          0
cpu12->cpu12_ITLB WRITE        ACCESS:          0 HIT:          0 MISS:          0 MSHR_MERGE:          0
cpu12->cpu12_ITLB TRANSLATION  ACCESS:          0 HIT:          0 MISS:          0 MSHR_MERGE:          0
cpu12->cpu12_ITLB PREFETCH REQUESTED:          0 ISSUED:          0 USEFUL:          0 USELESS:          0
cpu12->cpu12_ITLB AVERAGE MISS LATENCY: - cycles
cpu12->cpu12_DTLB TOTAL        ACCESS:   56749118 HIT:   56747120 MISS:       1998 MSHR_MERGE:       1021
cpu12->cpu12_DTLB LOAD         ACCESS:   56749118 HIT:   56747120 MISS:       1998 MSHR_MERGE:       1021
cpu12->cpu12_DTLB RFO          ACCESS:          0 HIT:          0 MISS:          0 MSHR_MERGE:          0
cpu12->cpu12_DTLB PREFETCH     ACCESS:          0 HIT:          0 MISS:          0 MSHR_MERGE:          0
cpu12->cpu12_DTLB WRITE        ACCESS:          0 HIT:          0 MISS:          0 MSHR_MERGE:          0
cpu12->cpu12_DTLB TRANSLATION  ACCESS:          0 HIT:          0 MISS:          0 MSHR_MERGE:          0
cpu12->cpu12_DTLB PREFETCH REQUESTED:          0 ISSUED:          0 USEFUL:          0 USELESS:          0
cpu12->cpu12_DTLB AVERAGE MISS LATENCY: 658.4 cycles
cpu11->cpu11_STLB TOTAL        ACCESS:     225782 HIT:     225076 MISS:        706 MSHR_MERGE:          0
cpu11->cpu11_STLB LOAD         ACCESS:     225782 HIT:     225076 MISS:        706 MSHR_MERGE:          0
cpu11->cpu11_STLB RFO          ACCESS:          0 HIT:          0 MISS:          0 MSHR_MERGE:          0
cpu11->cpu11_STLB PREFETCH     ACCESS:          0 HIT:          0 MISS:          0 MSHR_MERGE:          0
cpu11->cpu11_STLB WRITE        ACCESS:          0 HIT:          0 MISS:          0 MSHR_MERGE:          0
cpu11->cpu11_STLB TRANSLATION  ACCESS:          0 HIT:          0 MISS:          0 MSHR_MERGE:          0
cpu11->cpu11_STLB PREFETCH REQUESTED:          0 ISSUED:          0 USEFUL:          0 USELESS:          0
cpu11->cpu11_STLB AVERAGE MISS LATENCY: 836 cycles
cpu0->cpu11_L2C TOTAL        ACCESS:        172 HIT:         87 MISS:         85 MSHR_MERGE:          0
cpu0->cpu11_L2C LOAD         ACCESS:          0 HIT:          0 MISS:          0 MSHR_MERGE:          0
cpu0->cpu11_L2C RFO          ACCESS:          0 HIT:          0 MISS:          0 MSHR_MERGE:          0
cpu0->cpu11_L2C PREFETCH     ACCESS:          0 HIT:          0 MISS:          0 MSHR_MERGE:          0
cpu0->cpu11_L2C WRITE        ACCESS:        172 HIT:         87 MISS:         85 MSHR_MERGE:          0
cpu0->cpu11_L2C TRANSLATION  ACCESS:          0 HIT:          0 MISS:          0 MSHR_MERGE:          0
cpu0->cpu11_L2C PREFETCH REQUESTED:     447522 ISSUED:     447443 USEFUL:      17280 USELESS:        281
cpu0->cpu11_L2C AVERAGE MISS LATENCY: 1.121e+04 cycles
cpu11->cpu11_L2C TOTAL        ACCESS:     749304 HIT:     371443 MISS:     377861 MSHR_MERGE:       8524
cpu11->cpu11_L2C LOAD         ACCESS:     118993 HIT:     115060 MISS:       3933 MSHR_MERGE:          0
cpu11->cpu11_L2C RFO          ACCESS:       6301 HIT:       4490 MISS:       1811 MSHR_MERGE:          0
cpu11->cpu11_L2C PREFETCH     ACCESS:     572128 HIT:     201608 MISS:     370520 MSHR_MERGE:       8524
cpu11->cpu11_L2C WRITE        ACCESS:      50476 HIT:      50259 MISS:        217 MSHR_MERGE:          0
cpu11->cpu11_L2C TRANSLATION  ACCESS:       1406 HIT:         26 MISS:       1380 MSHR_MERGE:          0
cpu11->cpu11_L2C PREFETCH REQUESTED:     447522 ISSUED:     447443 USEFUL:      17280 USELESS:        281
cpu11->cpu11_L2C AVERAGE MISS LATENCY: 129.8 cycles
cpu11_L2C FLUSH STALL CYCLES: 1039
cpu11->cpu11_L1I TOTAL        ACCESS:    7304018 HIT:    7303849 MISS:        169 MSHR_MERGE:         72
cpu11->cpu11_L1I LOAD         ACCESS:    3652054 HIT:    3651990 MISS:         64 MSHR_MERGE:         26
cpu11->cpu11_L1I RFO          ACCESS:          0 HIT:          0 MISS:          0 MSHR_MERGE:          0
cpu11->cpu11_L1I PREFETCH     ACCESS:    3651964 HIT:    3651859 MISS:        105 MSHR_MERGE:         46
cpu11->cpu11_L1I WRITE        ACCESS:          0 HIT:          0 MISS:          0 MSHR_MERGE:          0
cpu11->cpu11_L1I TRANSLATION  ACCESS:          0 HIT:          0 MISS:          0 MSHR_MERGE:          0
cpu11->cpu11_L1I PREFETCH REQUESTED:    3652054 ISSUED:    3651964 USEFUL:         38 USELESS:          0
cpu11->cpu11_L1I AVERAGE MISS LATENCY: 170.4 cycles
cpu11->cpu11_L1D TOTAL        ACCESS:  153580247 HIT:  153120205 MISS:     460042 MSHR_MERGE:     208754
cpu11->cpu11_L1D LOAD         ACCESS:  130587021 HIT:  130286013 MISS:     301008 MSHR_MERGE:     182053
cpu11->cpu11_L1D RFO          ACCESS:          0 HIT:          0 MISS:          0 MSHR_MERGE:          0
cpu11->cpu11_L1D PREFETCH     ACCESS:    3382453 HIT:    3242241 MISS:     140212 MSHR_MERGE:      15586
cpu11->cpu11_L1D WRITE        ACCESS:   19609361 HIT:   19591945 MISS:      17416 MSHR_MERGE:      11115
cpu11->cpu11_L1D TRANSLATION  ACCESS:       1412 HIT:          6 MISS:       1406 MSHR_MERGE:          0
cpu11->cpu11_L1D PREFETCH REQUESTED:    3435391 ISSUED:    3382437 USEFUL:      95444 USELESS:      29150
cpu11->cpu11_L1D AVERAGE MISS LATENCY: 17.48 cycles
cpu11_L1D FLUSH STALL CYCLES: 108
cpu11->cpu11_ITLB TOTAL        ACCESS:    5485187 HIT:    5485166 MISS:         21 MSHR_MERGE:         11
cpu11->cpu11_ITLB LOAD         ACCESS:    5485187 HIT:    5485166 MISS:         21 MSHR_MERGE:         11
cpu11->cpu11_ITLB RFO          ACCESS:          0 HIT:          0 MISS:          0 MSHR_MERGE:          0
cpu11->cpu11_ITLB PREFETCH     ACCESS:          0 HIT:          0 MISS:          0 MSHR_MERGE:          0
cpu11->cpu11_ITLB WRITE        ACCESS:          0 HIT:          0 MISS:          0 MSHR_MERGE:          0
cpu11->cpu11_ITLB TRANSLATION  ACCESS:          0 HIT:          0 MISS:          0 MSHR_MERGE:          0
cpu11->cpu11_ITLB PREFETCH REQUESTED:          0 ISSUED:          0 USEFUL:          0 USELESS:          0
cpu11->cpu11_ITLB AVERAGE MISS LATENCY: 772.3 cycles
cpu11->cpu11_DTLB TOTAL        ACCESS:  146889247 HIT:  146412376 MISS:     476871 MSHR_MERGE:     251099
cpu11->cpu11_DTLB LOAD         ACCESS:  146889247 HIT:  146412376 MISS:     476871 MSHR_MERGE:     251099
cpu11->cpu11_DTLB RFO          ACCESS:          0 HIT:          0 MISS:          0 MSHR_MERGE:          0
cpu11->cpu11_DTLB PREFETCH     ACCESS:          0 HIT:          0 MISS:          0 MSHR_MERGE:          0
cpu11->cpu11_DTLB WRITE        ACCESS:          0 HIT:          0 MISS:          0 MSHR_MERGE:          0
cpu11->cpu11_DTLB TRANSLATION  ACCESS:          0 HIT:          0 MISS:          0 MSHR_MERGE:          0
cpu11->cpu11_DTLB PREFETCH REQUESTED:          0 ISSUED:          0 USEFUL:          0 USELESS:          0
cpu11->cpu11_DTLB AVERAGE MISS LATENCY: 7.583 cycles
cpu10->cpu10_STLB TOTAL        ACCESS:   18679276 HIT:   18649216 MISS:      30060 MSHR_MERGE:          0
cpu10->cpu10_STLB LOAD         ACCESS:   18679276 HIT:   18649216 MISS:      30060 MSHR_MERGE:          0
cpu10->cpu10_STLB RFO          ACCESS:          0 HIT:          0 MISS:          0 MSHR_MERGE:          0
cpu10->cpu10_STLB PREFETCH     ACCESS:          0 HIT:          0 MISS:          0 MSHR_MERGE:          0
cpu10->cpu10_STLB WRITE        ACCESS:          0 HIT:          0 MISS:          0 MSHR_MERGE:          0
cpu10->cpu10_STLB TRANSLATION  ACCESS:          0 HIT:          0 MISS:          0 MSHR_MERGE:          0
cpu10->cpu10_STLB PREFETCH REQUESTED:          0 ISSUED:          0 USEFUL:          0 USELESS:          0
cpu10->cpu10_STLB AVERAGE MISS LATENCY: 606.2 cycles
cpu0->cpu10_L2C TOTAL        ACCESS:         28 HIT:         28 MISS:          0 MSHR_MERGE:          0
cpu0->cpu10_L2C LOAD         ACCESS:          0 HIT:          0 MISS:          0 MSHR_MERGE:          0
cpu0->cpu10_L2C RFO          ACCESS:          0 HIT:          0 MISS:          0 MSHR_MERGE:          0
cpu0->cpu10_L2C PREFETCH     ACCESS:          0 HIT:          0 MISS:          0 MSHR_MERGE:          0
cpu0->cpu10_L2C WRITE        ACCESS:         28 HIT:         28 MISS:          0 MSHR_MERGE:          0
cpu0->cpu10_L2C TRANSLATION  ACCESS:          0 HIT:          0 MISS:          0 MSHR_MERGE:          0
cpu0->cpu10_L2C PREFETCH REQUESTED:   21542419 ISSUED:   21542103 USEFUL:     488404 USELESS:     484677
cpu0->cpu10_L2C AVERAGE MISS LATENCY: - cycles
cpu10->cpu10_L2C TOTAL        ACCESS:   52427080 HIT:   36832884 MISS:   15594196 MSHR_MERGE:    1786958
cpu10->cpu10_L2C LOAD         ACCESS:   26810222 HIT:   18844353 MISS:    7965869 MSHR_MERGE:      12788
cpu10->cpu10_L2C RFO          ACCESS:    1833448 HIT:    1620040 MISS:     213408 MSHR_MERGE:          0
cpu10->cpu10_L2C PREFETCH     ACCESS:   21699974 HIT:   14402190 MISS:    7297784 MSHR_MERGE:    1774170
cpu10->cpu10_L2C WRITE        ACCESS:    2006786 HIT:    1952311 MISS:      54475 MSHR_MERGE:          0
cpu10->cpu10_L2C TRANSLATION  ACCESS:      76650 HIT:      13990 MISS:      62660 MSHR_MERGE:          0
cpu10->cpu10_L2C PREFETCH REQUESTED:   21542419 ISSUED:   21542103 USEFUL:     488404 USELESS:     484677
cpu10->cpu10_L2C AVERAGE MISS LATENCY: 42.73 cycles
cpu10_L2C FLUSH STALL CYCLES: 2864
cpu10->cpu10_L1I TOTAL        ACCESS:   85633043 HIT:   85633032 MISS:         11 MSHR_MERGE:          6
cpu10->cpu10_L1I LOAD         ACCESS:   44268766 HIT:   44268761 MISS:          5 MSHR_MERGE:          1
cpu10->cpu10_L1I RFO          ACCESS:          0 HIT:          0 MISS:          0 MSHR_MERGE:          0
cpu10->cpu10_L1I PREFETCH     ACCESS:   41364277 HIT:   41364271 MISS:          6 MSHR_MERGE:          5
cpu10->cpu10_L1I WRITE        ACCESS:          0 HIT:          0 MISS:          0 MSHR_MERGE:          0
cpu10->cpu10_L1I TRANSLATION  ACCESS:          0 HIT:          0 MISS:          0 MSHR_MERGE:          0
cpu10->cpu10_L1I PREFETCH REQUESTED:   44268766 ISSUED:   41364247 USEFUL:          1 USELESS:          1
cpu10->cpu10_L1I AVERAGE MISS LATENCY: 81 cycles
cpu10->cpu10_L1D TOTAL        ACCESS:   73152194 HIT:   40381694 MISS:   32770500 MSHR_MERGE:    3860216
cpu10->cpu10_L1D LOAD         ACCESS:   44544970 HIT:   14288007 MISS:   30256963 MSHR_MERGE:    3415699
cpu10->cpu10_L1D RFO          ACCESS:          0 HIT:          0 MISS:          0 MSHR_MERGE:          0
cpu10->cpu10_L1D PREFETCH     ACCESS:     227422 HIT:      45679 MISS:     181743 MSHR_MERGE:      23863
cpu10->cpu10_L1D WRITE        ACCESS:   28302825 HIT:   26047767 MISS:    2255058 MSHR_MERGE:     420568
cpu10->cpu10_L1D TRANSLATION  ACCESS:      76977 HIT:        241 MISS:      76736 MSHR_MERGE:         86
cpu10->cpu10_L1D PREFETCH REQUESTED:     227419 ISSUED:     227419 USEFUL:        460 USELESS:      47806
cpu10->cpu10_L1D AVERAGE MISS LATENCY: 22.77 cycles
cpu10->cpu10_ITLB TOTAL        ACCESS:   59841908 HIT:   59841907 MISS:          1 MSHR_MERGE:          0
cpu10->cpu10_ITLB LOAD         ACCESS:   59841908 HIT:   59841907 MISS:          1 MSHR_MERGE:          0
cpu10->cpu10_ITLB RFO          ACCESS:          0 HIT:          0 MISS:          0 MSHR_MERGE:          0
cpu10->cpu10_ITLB PREFETCH     ACCESS:          0 HIT:          0 MISS:          0 MSHR_MERGE:          0
cpu10->cpu10_ITLB WRITE        ACCESS:          0 HIT:          0 MISS:          0 MSHR_MERGE:          0
cpu10->cpu10_ITLB TRANSLATION  ACCESS:          0 HIT:          0 MISS:          0 MSHR_MERGE:          0
cpu10->cpu10_ITLB PREFETCH REQUESTED:          0 ISSUED:          0 USEFUL:          0 USELESS:          0
cpu10->cpu10_ITLB AVERAGE MISS LATENCY: 919 cycles
cpu10->cpu10_DTLB TOTAL        ACCESS:   68005348 HIT:   43192823 MISS:   24812525 MSHR_MERGE:    6133250
cpu10->cpu10_DTLB LOAD         ACCESS:   68005348 HIT:   43192823 MISS:   24812525 MSHR_MERGE:    6133250
cpu10->cpu10_DTLB RFO          ACCESS:          0 HIT:          0 MISS:          0 MSHR_MERGE:          0
cpu10->cpu10_DTLB PREFETCH     ACCESS:          0 HIT:          0 MISS:          0 MSHR_MERGE:          0
cpu10->cpu10_DTLB WRITE        ACCESS:          0 HIT:          0 MISS:          0 MSHR_MERGE:          0
cpu10->cpu10_DTLB TRANSLATION  ACCESS:          0 HIT:          0 MISS:          0 MSHR_MERGE:          0
cpu10->cpu10_DTLB PREFETCH REQUESTED:          0 ISSUED:          0 USEFUL:          0 USELESS:          0
cpu10->cpu10_DTLB AVERAGE MISS LATENCY: 6.026 cycles
cpu0->cpu0_STLB TOTAL        ACCESS:       2854 HIT:          0 MISS:       2854 MSHR_MERGE:          0
cpu0->cpu0_STLB LOAD         ACCESS:       2854 HIT:          0 MISS:       2854 MSHR_MERGE:          0
cpu0->cpu0_STLB RFO          ACCESS:          0 HIT:          0 MISS:          0 MSHR_MERGE:          0
cpu0->cpu0_STLB PREFETCH     ACCESS:          0 HIT:          0 MISS:          0 MSHR_MERGE:          0
cpu0->cpu0_STLB WRITE        ACCESS:          0 HIT:          0 MISS:          0 MSHR_MERGE:          0
cpu0->cpu0_STLB TRANSLATION  ACCESS:          0 HIT:          0 MISS:          0 MSHR_MERGE:          0
cpu0->cpu0_STLB PREFETCH REQUESTED:          0 ISSUED:          0 USEFUL:          0 USELESS:          0
cpu0->cpu0_STLB AVERAGE MISS LATENCY: 654.7 cycles
cpu0->cpu0_L2C TOTAL        ACCESS:    3244379 HIT:      70539 MISS:    3173840 MSHR_MERGE:      95700
cpu0->cpu0_L2C LOAD         ACCESS:      10077 HIT:       5675 MISS:       4402 MSHR_MERGE:          6
cpu0->cpu0_L2C RFO          ACCESS:          0 HIT:          0 MISS:          0 MSHR_MERGE:          0
cpu0->cpu0_L2C PREFETCH     ACCESS:    3231070 HIT:      64864 MISS:    3166206 MSHR_MERGE:      95694
cpu0->cpu0_L2C WRITE        ACCESS:         15 HIT:          0 MISS:         15 MSHR_MERGE:          0
cpu0->cpu0_L2C TRANSLATION  ACCESS:       3217 HIT:          0 MISS:       3217 MSHR_MERGE:          0
cpu0->cpu0_L2C PREFETCH REQUESTED:    3634272 ISSUED:    3058494 USEFUL:      70541 USELESS:          9
cpu0->cpu0_L2C AVERAGE MISS LATENCY: 169.8 cycles
cpu0->cpu0_L1I TOTAL        ACCESS:  153225642 HIT:  153225641 MISS:          1 MSHR_MERGE:          0
cpu0->cpu0_L1I LOAD         ACCESS:   77881547 HIT:   77881547 MISS:          0 MSHR_MERGE:          0
cpu0->cpu0_L1I RFO          ACCESS:          0 HIT:          0 MISS:          0 MSHR_MERGE:          0
cpu0->cpu0_L1I PREFETCH     ACCESS:   75344095 HIT:   75344094 MISS:          1 MSHR_MERGE:          0
cpu0->cpu0_L1I WRITE        ACCESS:          0 HIT:          0 MISS:          0 MSHR_MERGE:          0
cpu0->cpu0_L1I TRANSLATION  ACCESS:          0 HIT:          0 MISS:          0 MSHR_MERGE:          0
cpu0->cpu0_L1I PREFETCH REQUESTED:   77881547 ISSUED:   75344095 USEFUL:          0 USELESS:          0
cpu0->cpu0_L1I AVERAGE MISS LATENCY: - cycles
cpu0->cpu0_L1D TOTAL        ACCESS:   68044726 HIT:   67684757 MISS:     359969 MSHR_MERGE:     174100
cpu0->cpu0_L1D LOAD         ACCESS:   26810146 HIT:   26705129 MISS:     105017 MSHR_MERGE:      94940
cpu0->cpu0_L1D RFO          ACCESS:          0 HIT:          0 MISS:          0 MSHR_MERGE:          0
cpu0->cpu0_L1D PREFETCH     ACCESS:   32097278 HIT:   31845543 MISS:     251735 MSHR_MERGE:      79160
cpu0->cpu0_L1D WRITE        ACCESS:    9131588 HIT:    9131588 MISS:          0 MSHR_MERGE:          0
cpu0->cpu0_L1D TRANSLATION  ACCESS:       5714 HIT:       2497 MISS:       3217 MSHR_MERGE:          0
cpu0->cpu0_L1D PREFETCH REQUESTED:   32097276 ISSUED:   32097276 USEFUL:     172555 USELESS:         11
cpu0->cpu0_L1D AVERAGE MISS LATENCY: 108 cycles
cpu0->cpu0_ITLB TOTAL        ACCESS:  118046421 HIT:  118046421 MISS:          0 MSHR_MERGE:          0
cpu0->cpu0_ITLB LOAD         ACCESS:  118046421 HIT:  118046421 MISS:          0 MSHR_MERGE:          0
cpu0->cpu0_ITLB RFO          ACCESS:          0 HIT:          0 MISS:          0 MSHR_MERGE:          0
cpu0->cpu0_ITLB PREFETCH     ACCESS:          0 HIT:          0 MISS:          0 MSHR_MERGE:          0
cpu0->cpu0_ITLB WRITE        ACCESS:          0 HIT:          0 MISS:          0 MSHR_MERGE:          0
cpu0->cpu0_ITLB TRANSLATION  ACCESS:          0 HIT:          0 MISS:          0 MSHR_MERGE:          0
cpu0->cpu0_ITLB PREFETCH REQUESTED:          0 ISSUED:          0 USEFUL:          0 USELESS:          0
cpu0->cpu0_ITLB AVERAGE MISS LATENCY: - cycles
cpu0->cpu0_DTLB TOTAL        ACCESS:   32424646 HIT:   32390398 MISS:      34248 MSHR_MERGE:      31394
cpu0->cpu0_DTLB LOAD         ACCESS:   32424646 HIT:   32390398 MISS:      34248 MSHR_MERGE:      31394
cpu0->cpu0_DTLB RFO          ACCESS:          0 HIT:          0 MISS:          0 MSHR_MERGE:          0
cpu0->cpu0_DTLB PREFETCH     ACCESS:          0 HIT:          0 MISS:          0 MSHR_MERGE:          0
cpu0->cpu0_DTLB WRITE        ACCESS:          0 HIT:          0 MISS:          0 MSHR_MERGE:          0
cpu0->cpu0_DTLB TRANSLATION  ACCESS:          0 HIT:          0 MISS:          0 MSHR_MERGE:          0
cpu0->cpu0_DTLB PREFETCH REQUESTED:          0 ISSUED:          0 USEFUL:          0 USELESS:          0
cpu0->cpu0_DTLB AVERAGE MISS LATENCY: 660.7 cycles
cpu0->LLC TOTAL        ACCESS:    1961258 HIT:    1623170 MISS:     338088 MSHR_MERGE:      15009
cpu0->LLC LOAD         ACCESS:       4396 HIT:       1492 MISS:       2904 MSHR_MERGE:          4
cpu0->LLC RFO          ACCESS:          0 HIT:          0 MISS:          0 MSHR_MERGE:          0
cpu0->LLC PREFETCH     ACCESS:    1799833 HIT:    1604456 MISS:     195377 MSHR_MERGE:      15005
cpu0->LLC WRITE        ACCESS:     153812 HIT:      17222 MISS:     136590 MSHR_MERGE:          0
cpu0->LLC TRANSLATION  ACCESS:       3217 HIT:          0 MISS:       3217 MSHR_MERGE:          0
cpu0->LLC PREFETCH REQUESTED:          0 ISSUED:          0 USEFUL:          0 USELESS:          0
cpu0->LLC AVERAGE MISS LATENCY: 4232 cycles
cpu1->LLC TOTAL        ACCESS:     208375 HIT:     121818 MISS:      86557 MSHR_MERGE:      22471
cpu1->LLC LOAD         ACCESS:      12656 HIT:       7595 MISS:       5061 MSHR_MERGE:        334
cpu1->LLC RFO          ACCESS:      21669 HIT:        321 MISS:      21348 MSHR_MERGE:         20
cpu1->LLC PREFETCH     ACCESS:     160139 HIT:     109309 MISS:      50830 MSHR_MERGE:      22117
cpu1->LLC WRITE        ACCESS:      11986 HIT:       4593 MISS:       7393 MSHR_MERGE:          0
cpu1->LLC TRANSLATION  ACCESS:       1925 HIT:          0 MISS:       1925 MSHR_MERGE:          0
cpu1->LLC PREFETCH REQUESTED:          0 ISSUED:          0 USEFUL:          0 USELESS:          0
cpu1->LLC AVERAGE MISS LATENCY: 1.69e+04 cycles
cpu2->LLC TOTAL        ACCESS:     401694 HIT:      40320 MISS:     361374 MSHR_MERGE:      12916
cpu2->LLC LOAD         ACCESS:      47263 HIT:      11164 MISS:      36099 MSHR_MERGE:       4000
cpu2->LLC RFO          ACCESS:     140418 HIT:       2657 MISS:     137761 MSHR_MERGE:          1
cpu2->LLC PREFETCH     ACCESS:      67966 HIT:       7215 MISS:      60751 MSHR_MERGE:       8915
cpu2->LLC WRITE        ACCESS:     142707 HIT:      19194 MISS:     123513 MSHR_MERGE:          0
cpu2->LLC TRANSLATION  ACCESS:       3340 HIT:         90 MISS:       3250 MSHR_MERGE:          0
cpu2->LLC PREFETCH REQUESTED:          0 ISSUED:          0 USEFUL:          0 USELESS:          0
cpu2->LLC AVERAGE MISS LATENCY: 2009 cycles
cpu3->LLC TOTAL        ACCESS:      34571 HIT:         20 MISS:      34551 MSHR_MERGE:          0
cpu3->LLC LOAD         ACCESS:         10 HIT:          0 MISS:         10 MSHR_MERGE:          0
cpu3->LLC RFO          ACCESS:      24801 HIT:          2 MISS:      24799 MSHR_MERGE:          0
cpu3->LLC PREFETCH     ACCESS:         12 HIT:          0 MISS:         12 MSHR_MERGE:          0
cpu3->LLC WRITE        ACCESS:       7872 HIT:         18 MISS:       7854 MSHR_MERGE:          0
cpu3->LLC TRANSLATION  ACCESS:       1876 HIT:          0 MISS:       1876 MSHR_MERGE:          0
cpu3->LLC PREFETCH REQUESTED:          0 ISSUED:          0 USEFUL:          0 USELESS:          0
cpu3->LLC AVERAGE MISS LATENCY: 1.748e+04 cycles
cpu4->LLC TOTAL        ACCESS:     486714 HIT:     207529 MISS:     279185 MSHR_MERGE:       6466
cpu4->LLC LOAD         ACCESS:     156195 HIT:      48073 MISS:     108122 MSHR_MERGE:       3970
cpu4->LLC RFO          ACCESS:      10482 HIT:       1703 MISS:       8779 MSHR_MERGE:         60
cpu4->LLC PREFETCH     ACCESS:     268814 HIT:     152361 MISS:     116453 MSHR_MERGE:       2436
cpu4->LLC WRITE        ACCESS:      21930 HIT:       4981 MISS:      16949 MSHR_MERGE:          0
cpu4->LLC TRANSLATION  ACCESS:      29293 HIT:        411 MISS:      28882 MSHR_MERGE:          0
cpu4->LLC PREFETCH REQUESTED:          0 ISSUED:          0 USEFUL:          0 USELESS:          0
cpu4->LLC AVERAGE MISS LATENCY: 3711 cycles
cpu5->LLC TOTAL        ACCESS:       4300 HIT:       1712 MISS:       2588 MSHR_MERGE:        726
cpu5->LLC LOAD         ACCESS:        545 HIT:        111 MISS:        434 MSHR_MERGE:         51
cpu5->LLC RFO          ACCESS:         54 HIT:          0 MISS:         54 MSHR_MERGE:          0
cpu5->LLC PREFETCH     ACCESS:       3642 HIT:       1601 MISS:       2041 MSHR_MERGE:        675
cpu5->LLC WRITE        ACCESS:          0 HIT:          0 MISS:          0 MSHR_MERGE:          0
cpu5->LLC TRANSLATION  ACCESS:         59 HIT:          0 MISS:         59 MSHR_MERGE:          0
cpu5->LLC PREFETCH REQUESTED:          0 ISSUED:          0 USEFUL:          0 USELESS:          0
cpu5->LLC AVERAGE MISS LATENCY: 1.104e+06 cycles
cpu6->LLC TOTAL        ACCESS:      18096 HIT:      15528 MISS:       2568 MSHR_MERGE:        806
cpu6->LLC LOAD         ACCESS:        186 HIT:         74 MISS:        112 MSHR_MERGE:          6
cpu6->LLC RFO          ACCESS:         34 HIT:          1 MISS:         33 MSHR_MERGE:          0
cpu6->LLC PREFETCH     ACCESS:      17828 HIT:      15453 MISS:       2375 MSHR_MERGE:        800
cpu6->LLC WRITE        ACCESS:          0 HIT:          0 MISS:          0 MSHR_MERGE:          0
cpu6->LLC TRANSLATION  ACCESS:         48 HIT:          0 MISS:         48 MSHR_MERGE:          0
cpu6->LLC PREFETCH REQUESTED:          0 ISSUED:          0 USEFUL:          0 USELESS:          0
cpu6->LLC AVERAGE MISS LATENCY: 3.129e+06 cycles
cpu7->LLC TOTAL        ACCESS:     313682 HIT:     222373 MISS:      91309 MSHR_MERGE:      18323
cpu7->LLC LOAD         ACCESS:      25352 HIT:      16103 MISS:       9249 MSHR_MERGE:        830
cpu7->LLC RFO          ACCESS:      33335 HIT:      16267 MISS:      17068 MSHR_MERGE:          5
cpu7->LLC PREFETCH     ACCESS:     215280 HIT:     165528 MISS:      49752 MSHR_MERGE:      17488
cpu7->LLC WRITE        ACCESS:      38015 HIT:      24472 MISS:      13543 MSHR_MERGE:          0
cpu7->LLC TRANSLATION  ACCESS:       1700 HIT:          3 MISS:       1697 MSHR_MERGE:          0
cpu7->LLC PREFETCH REQUESTED:          0 ISSUED:          0 USEFUL:          0 USELESS:          0
cpu7->LLC AVERAGE MISS LATENCY: 1.453e+04 cycles
cpu8->LLC TOTAL        ACCESS:    1447064 HIT:     779464 MISS:     667600 MSHR_MERGE:     157276
cpu8->LLC LOAD         ACCESS:     219643 HIT:     109290 MISS:     110353 MSHR_MERGE:      30115
cpu8->LLC RFO          ACCESS:     106748 HIT:       1723 MISS:     105025 MSHR_MERGE:         45
cpu8->LLC PREFETCH     ACCESS:     991880 HIT:     639740 MISS:     352140 MSHR_MERGE:     127116
cpu8->LLC WRITE        ACCESS:     118961 HIT:      28630 MISS:      90331 MSHR_MERGE:          0
cpu8->LLC TRANSLATION  ACCESS:       9832 HIT:         81 MISS:       9751 MSHR_MERGE:          0
cpu8->LLC PREFETCH REQUESTED:          0 ISSUED:          0 USEFUL:          0 USELESS:          0
cpu8->LLC AVERAGE MISS LATENCY: 1914 cycles
cpu9->LLC TOTAL        ACCESS:    1377739 HIT:    1171176 MISS:     206563 MSHR_MERGE:      11610
cpu9->LLC LOAD         ACCESS:      94167 HIT:      83894 MISS:      10273 MSHR_MERGE:        171
cpu9->LLC RFO          ACCESS:          0 HIT:          0 MISS:          0 MSHR_MERGE:          0
cpu9->LLC PREFETCH     ACCESS:    1271911 HIT:    1086099 MISS:     185812 MSHR_MERGE:      11439
cpu9->LLC WRITE        ACCESS:       6736 HIT:       1131 MISS:       5605 MSHR_MERGE:          0
cpu9->LLC TRANSLATION  ACCESS:       4925 HIT:         52 MISS:       4873 MSHR_MERGE:          0
cpu9->LLC PREFETCH REQUESTED:          0 ISSUED:          0 USEFUL:          0 USELESS:          0
cpu9->LLC AVERAGE MISS LATENCY: 2.91e+04 cycles
cpu10->LLC TOTAL        ACCESS:   14024587 HIT:   11303650 MISS:    2720937 MSHR_MERGE:      23864
cpu10->LLC LOAD         ACCESS:    7953040 HIT:    7225761 MISS:     727279 MSHR_MERGE:      14820
cpu10->LLC RFO          ACCESS:     213335 HIT:     211835 MISS:       1500 MSHR_MERGE:          0
cpu10->LLC PREFETCH     ACCESS:    5522466 HIT:    3608769 MISS:    1913697 MSHR_MERGE:       9044
cpu10->LLC WRITE        ACCESS:     273086 HIT:     242061 MISS:      31025 MSHR_MERGE:          0
cpu10->LLC TRANSLATION  ACCESS:      62660 HIT:      15224 MISS:      47436 MSHR_MERGE:          0
cpu10->LLC PREFETCH REQUESTED:          0 ISSUED:          0 USEFUL:          0 USELESS:          0
cpu10->LLC AVERAGE MISS LATENCY: 748.1 cycles
cpu11->LLC TOTAL        ACCESS:     299948 HIT:     219926 MISS:      80022 MSHR_MERGE:       5530
cpu11->LLC LOAD         ACCESS:       3933 HIT:       2859 MISS:       1074 MSHR_MERGE:          5
cpu11->LLC RFO          ACCESS:       1811 HIT:          2 MISS:       1809 MSHR_MERGE:          0
cpu11->LLC PREFETCH     ACCESS:     291859 HIT:     217045 MISS:      74814 MSHR_MERGE:       5525
cpu11->LLC WRITE        ACCESS:        965 HIT:         20 MISS:        945 MSHR_MERGE:          0
cpu11->LLC TRANSLATION  ACCESS:       1380 HIT:          0 MISS:       1380 MSHR_MERGE:          0
cpu11->LLC PREFETCH REQUESTED:          0 ISSUED:          0 USEFUL:          0 USELESS:          0
cpu11->LLC AVERAGE MISS LATENCY: 1.16e+05 cycles
cpu12->LLC TOTAL        ACCESS:     807729 HIT:     689543 MISS:     118186 MSHR_MERGE:       4947
cpu12->LLC LOAD         ACCESS:      16396 HIT:      14985 MISS:       1411 MSHR_MERGE:          7
cpu12->LLC RFO          ACCESS:          2 HIT:          1 MISS:          1 MSHR_MERGE:          0
cpu12->LLC PREFETCH     ACCESS:     735559 HIT:     669003 MISS:      66556 MSHR_MERGE:       4940
cpu12->LLC WRITE        ACCESS:      54672 HIT:       5554 MISS:      49118 MSHR_MERGE:          0
cpu12->LLC TRANSLATION  ACCESS:       1100 HIT:          0 MISS:       1100 MSHR_MERGE:          0
cpu12->LLC PREFETCH REQUESTED:          0 ISSUED:          0 USEFUL:          0 USELESS:          0
cpu12->LLC AVERAGE MISS LATENCY: 1.17e+04 cycles
cpu13->LLC TOTAL        ACCESS:     865257 HIT:     156258 MISS:     708999 MSHR_MERGE:       2319
cpu13->LLC LOAD         ACCESS:     247964 HIT:      42077 MISS:     205887 MSHR_MERGE:       1718
cpu13->LLC RFO          ACCESS:      82006 HIT:       1954 MISS:      80052 MSHR_MERGE:          2
cpu13->LLC PREFETCH     ACCESS:      85782 HIT:      39297 MISS:      46485 MSHR_MERGE:        599
cpu13->LLC WRITE        ACCESS:     229185 HIT:      37806 MISS:     191379 MSHR_MERGE:          0
cpu13->LLC TRANSLATION  ACCESS:     220320 HIT:      35124 MISS:     185196 MSHR_MERGE:          0
cpu13->LLC PREFETCH REQUESTED:          0 ISSUED:          0 USEFUL:          0 USELESS:          0
cpu13->LLC AVERAGE MISS LATENCY: 911.5 cycles
cpu14->LLC TOTAL        ACCESS:    6919138 HIT:    4554996 MISS:    2364142 MSHR_MERGE:     967670
cpu14->LLC LOAD         ACCESS:     224094 HIT:     189664 MISS:      34430 MSHR_MERGE:       3364
cpu14->LLC RFO          ACCESS:     380750 HIT:      15953 MISS:     364797 MSHR_MERGE:          0
cpu14->LLC PREFETCH     ACCESS:    5903107 HIT:    4211270 MISS:    1691837 MSHR_MERGE:     964306
cpu14->LLC WRITE        ACCESS:     379240 HIT:     137995 MISS:     241245 MSHR_MERGE:          0
cpu14->LLC TRANSLATION  ACCESS:      31947 HIT:        114 MISS:      31833 MSHR_MERGE:          0
cpu14->LLC PREFETCH REQUESTED:          0 ISSUED:          0 USEFUL:          0 USELESS:          0
cpu14->LLC AVERAGE MISS LATENCY: 898.2 cycles
cpu15->LLC TOTAL        ACCESS:    1543071 HIT:     845513 MISS:     697558 MSHR_MERGE:     171530
cpu15->LLC LOAD         ACCESS:     219792 HIT:     110680 MISS:     109112 MSHR_MERGE:      30323
cpu15->LLC RFO          ACCESS:     114424 HIT:       1895 MISS:     112529 MSHR_MERGE:         43
cpu15->LLC PREFETCH     ACCESS:    1073123 HIT:     702555 MISS:     370568 MSHR_MERGE:     141164
cpu15->LLC WRITE        ACCESS:     125756 HIT:      30308 MISS:      95448 MSHR_MERGE:          0
cpu15->LLC TRANSLATION  ACCESS:       9976 HIT:         75 MISS:       9901 MSHR_MERGE:          0
cpu15->LLC PREFETCH REQUESTED:          0 ISSUED:          0 USEFUL:          0 USELESS:          0
cpu15->LLC AVERAGE MISS LATENCY: 1847 cycles

L1D MAX FLUSH STALL CYCLES: 667
L2C MAX FLUSH STALL CYCLES: 20184
LLC FLUSH STALL CYCLES: 0
TOTAL WRITEBACK FLUSH TIME: 20851 cycles

DRAM Statistics

Channel 0 RQ ROW_BUFFER_HIT:      41203
  ROW_BUFFER_MISS:    1541067
  AVG DBUS CONGESTED CYCLE: 15.99
Channel 0 WQ ROW_BUFFER_HIT:      48564
  ROW_BUFFER_MISS:     344427
  FULL:     101606
Channel 0 REFRESHES ISSUED:       6890

Channel 1 RQ ROW_BUFFER_HIT:      41178
  ROW_BUFFER_MISS:    1540963
  AVG DBUS CONGESTED CYCLE: 16.06
Channel 1 WQ ROW_BUFFER_HIT:      49563
  ROW_BUFFER_MISS:     343045
  FULL:     100675
Channel 1 REFRESHES ISSUED:       6890

Channel 2 RQ ROW_BUFFER_HIT:      39253
  ROW_BUFFER_MISS:    1541436
  AVG DBUS CONGESTED CYCLE: 15.81
Channel 2 WQ ROW_BUFFER_HIT:      49229
  ROW_BUFFER_MISS:     343712
  FULL:      67023
Channel 2 REFRESHES ISSUED:       6890

Channel 3 RQ ROW_BUFFER_HIT:      40019
  ROW_BUFFER_MISS:    1542239
  AVG DBUS CONGESTED CYCLE: 15.76
Channel 3 WQ ROW_BUFFER_HIT:      48613
  ROW_BUFFER_MISS:     343600
  FULL:      24753
Channel 3 REFRESHES ISSUED:       6890
