[VMEM] WARNING: physical memory size is smaller than virtual memory size.

*** ChampSim Multicore Out-of-Order Simulator ***
Warmup Instructions: 50000000
Simulation Instructions: 200000000
Number of CPUs: 16
Page size: 4096

Initialize SIGNATURE TABLE
ST_SET: 1
ST_WAY: 256
ST_TAG_BIT: 16

Initialize PATTERN TABLE
PT_SET: 512
PT_WAY: 4
SIG_DELTA_BIT: 7
C_SIG_BIT: 4
C_DELTA_BIT: 4

Initialize PREFETCH FILTER
FILTER_SET: 1024
Initialize SIGNATURE TABLE
ST_SET: 1
ST_WAY: 256
ST_TAG_BIT: 16

Initialize PATTERN TABLE
PT_SET: 512
PT_WAY: 4
SIG_DELTA_BIT: 7
C_SIG_BIT: 4
C_DELTA_BIT: 4

Initialize PREFETCH FILTER
FILTER_SET: 1024
Initialize SIGNATURE TABLE
ST_SET: 1
ST_WAY: 256
ST_TAG_BIT: 16

Initialize PATTERN TABLE
PT_SET: 512
PT_WAY: 4
SIG_DELTA_BIT: 7
C_SIG_BIT: 4
C_DELTA_BIT: 4

Initialize PREFETCH FILTER
FILTER_SET: 1024
Initialize SIGNATURE TABLE
ST_SET: 1
ST_WAY: 256
ST_TAG_BIT: 16

Initialize PATTERN TABLE
PT_SET: 512
PT_WAY: 4
SIG_DELTA_BIT: 7
C_SIG_BIT: 4
C_DELTA_BIT: 4

Initialize PREFETCH FILTER
FILTER_SET: 1024
Initialize SIGNATURE TABLE
ST_SET: 1
ST_WAY: 256
ST_TAG_BIT: 16

Initialize PATTERN TABLE
PT_SET: 512
PT_WAY: 4
SIG_DELTA_BIT: 7
C_SIG_BIT: 4
C_DELTA_BIT: 4

Initialize PREFETCH FILTER
FILTER_SET: 1024
Initialize SIGNATURE TABLE
ST_SET: 1
ST_WAY: 256
ST_TAG_BIT: 16

Initialize PATTERN TABLE
PT_SET: 512
PT_WAY: 4
SIG_DELTA_BIT: 7
C_SIG_BIT: 4
C_DELTA_BIT: 4

Initialize PREFETCH FILTER
FILTER_SET: 1024
Initialize SIGNATURE TABLE
ST_SET: 1
ST_WAY: 256
ST_TAG_BIT: 16

Initialize PATTERN TABLE
PT_SET: 512
PT_WAY: 4
SIG_DELTA_BIT: 7
C_SIG_BIT: 4
C_DELTA_BIT: 4

Initialize PREFETCH FILTER
FILTER_SET: 1024
Initialize SIGNATURE TABLE
ST_SET: 1
ST_WAY: 256
ST_TAG_BIT: 16

Initialize PATTERN TABLE
PT_SET: 512
PT_WAY: 4
SIG_DELTA_BIT: 7
C_SIG_BIT: 4
C_DELTA_BIT: 4

Initialize PREFETCH FILTER
FILTER_SET: 1024
Initialize SIGNATURE TABLE
ST_SET: 1
ST_WAY: 256
ST_TAG_BIT: 16

Initialize PATTERN TABLE
PT_SET: 512
PT_WAY: 4
SIG_DELTA_BIT: 7
C_SIG_BIT: 4
C_DELTA_BIT: 4

Initialize PREFETCH FILTER
FILTER_SET: 1024
Initialize SIGNATURE TABLE
ST_SET: 1
ST_WAY: 256
ST_TAG_BIT: 16

Initialize PATTERN TABLE
PT_SET: 512
PT_WAY: 4
SIG_DELTA_BIT: 7
C_SIG_BIT: 4
C_DELTA_BIT: 4

Initialize PREFETCH FILTER
FILTER_SET: 1024
Initialize SIGNATURE TABLE
ST_SET: 1
ST_WAY: 256
ST_TAG_BIT: 16

Initialize PATTERN TABLE
PT_SET: 512
PT_WAY: 4
SIG_DELTA_BIT: 7
C_SIG_BIT: 4
C_DELTA_BIT: 4

Initialize PREFETCH FILTER
FILTER_SET: 1024
Initialize SIGNATURE TABLE
ST_SET: 1
ST_WAY: 256
ST_TAG_BIT: 16

Initialize PATTERN TABLE
PT_SET: 512
PT_WAY: 4
SIG_DELTA_BIT: 7
C_SIG_BIT: 4
C_DELTA_BIT: 4

Initialize PREFETCH FILTER
FILTER_SET: 1024
Initialize SIGNATURE TABLE
ST_SET: 1
ST_WAY: 256
ST_TAG_BIT: 16

Initialize PATTERN TABLE
PT_SET: 512
PT_WAY: 4
SIG_DELTA_BIT: 7
C_SIG_BIT: 4
C_DELTA_BIT: 4

Initialize PREFETCH FILTER
FILTER_SET: 1024
Initialize SIGNATURE TABLE
ST_SET: 1
ST_WAY: 256
ST_TAG_BIT: 16

Initialize PATTERN TABLE
PT_SET: 512
PT_WAY: 4
SIG_DELTA_BIT: 7
C_SIG_BIT: 4
C_DELTA_BIT: 4

Initialize PREFETCH FILTER
FILTER_SET: 1024
Initialize SIGNATURE TABLE
ST_SET: 1
ST_WAY: 256
ST_TAG_BIT: 16

Initialize PATTERN TABLE
PT_SET: 512
PT_WAY: 4
SIG_DELTA_BIT: 7
C_SIG_BIT: 4
C_DELTA_BIT: 4

Initialize PREFETCH FILTER
FILTER_SET: 1024
Initialize SIGNATURE TABLE
ST_SET: 1
ST_WAY: 256
ST_TAG_BIT: 16

Initialize PATTERN TABLE
PT_SET: 512
PT_WAY: 4
SIG_DELTA_BIT: 7
C_SIG_BIT: 4
C_DELTA_BIT: 4

Initialize PREFETCH FILTER
FILTER_SET: 1024
Off-chip DRAM Size: 32 GiB Channels: 4 Width: 64-bit Data Rate: 3205 MT/s
Heartbeat CPU 12 instructions: 10000005 cycles: 2060079 heartbeat IPC: 4.854 cumulative IPC: 4.854 (Simulation time: 00 hr 08 min 53 sec)
Heartbeat CPU 4 instructions: 10000003 cycles: 2119407 heartbeat IPC: 4.718 cumulative IPC: 4.718 (Simulation time: 00 hr 09 min 08 sec)
Heartbeat CPU 7 instructions: 10000002 cycles: 2290341 heartbeat IPC: 4.366 cumulative IPC: 4.366 (Simulation time: 00 hr 09 min 54 sec)
Heartbeat CPU 0 instructions: 10000002 cycles: 2296732 heartbeat IPC: 4.354 cumulative IPC: 4.354 (Simulation time: 00 hr 09 min 56 sec)
Heartbeat CPU 10 instructions: 10000004 cycles: 2326734 heartbeat IPC: 4.298 cumulative IPC: 4.298 (Simulation time: 00 hr 10 min 04 sec)
Heartbeat CPU 8 instructions: 10000004 cycles: 2326735 heartbeat IPC: 4.298 cumulative IPC: 4.298 (Simulation time: 00 hr 10 min 04 sec)
Heartbeat CPU 6 instructions: 10000005 cycles: 2358081 heartbeat IPC: 4.241 cumulative IPC: 4.241 (Simulation time: 00 hr 10 min 12 sec)
Heartbeat CPU 13 instructions: 10000005 cycles: 2358106 heartbeat IPC: 4.241 cumulative IPC: 4.241 (Simulation time: 00 hr 10 min 12 sec)
Heartbeat CPU 5 instructions: 10000004 cycles: 2388956 heartbeat IPC: 4.186 cumulative IPC: 4.186 (Simulation time: 00 hr 10 min 21 sec)
Heartbeat CPU 9 instructions: 10000000 cycles: 2436643 heartbeat IPC: 4.104 cumulative IPC: 4.104 (Simulation time: 00 hr 10 min 34 sec)
Heartbeat CPU 15 instructions: 10000004 cycles: 2471552 heartbeat IPC: 4.046 cumulative IPC: 4.046 (Simulation time: 00 hr 10 min 43 sec)
Heartbeat CPU 14 instructions: 10000001 cycles: 2554965 heartbeat IPC: 3.914 cumulative IPC: 3.914 (Simulation time: 00 hr 11 min 05 sec)
Heartbeat CPU 3 instructions: 10000005 cycles: 2618553 heartbeat IPC: 3.819 cumulative IPC: 3.819 (Simulation time: 00 hr 11 min 22 sec)
Heartbeat CPU 11 instructions: 10000001 cycles: 2673138 heartbeat IPC: 3.741 cumulative IPC: 3.741 (Simulation time: 00 hr 11 min 36 sec)
Heartbeat CPU 1 instructions: 10000000 cycles: 3246633 heartbeat IPC: 3.08 cumulative IPC: 3.08 (Simulation time: 00 hr 14 min 09 sec)
Heartbeat CPU 2 instructions: 10000000 cycles: 3247094 heartbeat IPC: 3.08 cumulative IPC: 3.08 (Simulation time: 00 hr 14 min 09 sec)
Heartbeat CPU 12 instructions: 20000009 cycles: 4116859 heartbeat IPC: 4.862 cumulative IPC: 4.858 (Simulation time: 00 hr 18 min 07 sec)
Heartbeat CPU 4 instructions: 20000003 cycles: 4259011 heartbeat IPC: 4.674 cumulative IPC: 4.696 (Simulation time: 00 hr 18 min 46 sec)
Heartbeat CPU 7 instructions: 20000004 cycles: 4579754 heartbeat IPC: 4.368 cumulative IPC: 4.367 (Simulation time: 00 hr 20 min 14 sec)
Heartbeat CPU 0 instructions: 20000002 cycles: 4588629 heartbeat IPC: 4.363 cumulative IPC: 4.359 (Simulation time: 00 hr 20 min 16 sec)
Heartbeat CPU 10 instructions: 20000004 cycles: 4651386 heartbeat IPC: 4.302 cumulative IPC: 4.3 (Simulation time: 00 hr 20 min 33 sec)
Heartbeat CPU 8 instructions: 20000004 cycles: 4651387 heartbeat IPC: 4.302 cumulative IPC: 4.3 (Simulation time: 00 hr 20 min 33 sec)
Heartbeat CPU 6 instructions: 20000008 cycles: 4689133 heartbeat IPC: 4.29 cumulative IPC: 4.265 (Simulation time: 00 hr 20 min 43 sec)
Heartbeat CPU 13 instructions: 20000008 cycles: 4689178 heartbeat IPC: 4.29 cumulative IPC: 4.265 (Simulation time: 00 hr 20 min 43 sec)
Heartbeat CPU 5 instructions: 20000004 cycles: 4770749 heartbeat IPC: 4.199 cumulative IPC: 4.192 (Simulation time: 00 hr 21 min 06 sec)
Heartbeat CPU 9 instructions: 20000002 cycles: 4869133 heartbeat IPC: 4.111 cumulative IPC: 4.108 (Simulation time: 00 hr 21 min 32 sec)
Heartbeat CPU 15 instructions: 20000008 cycles: 4936046 heartbeat IPC: 4.058 cumulative IPC: 4.052 (Simulation time: 00 hr 21 min 50 sec)
Heartbeat CPU 14 instructions: 20000005 cycles: 5036999 heartbeat IPC: 4.029 cumulative IPC: 3.971 (Simulation time: 00 hr 22 min 17 sec)
Heartbeat CPU 11 instructions: 20000002 cycles: 5241683 heartbeat IPC: 3.893 cumulative IPC: 3.816 (Simulation time: 00 hr 23 min 13 sec)
Heartbeat CPU 3 instructions: 20000009 cycles: 5255346 heartbeat IPC: 3.792 cumulative IPC: 3.806 (Simulation time: 00 hr 23 min 16 sec)
Heartbeat CPU 1 instructions: 20000001 cycles: 5448559 heartbeat IPC: 4.541 cumulative IPC: 3.671 (Simulation time: 00 hr 24 min 10 sec)
Heartbeat CPU 2 instructions: 20000001 cycles: 5448984 heartbeat IPC: 4.542 cumulative IPC: 3.67 (Simulation time: 00 hr 24 min 10 sec)
Heartbeat CPU 12 instructions: 30000014 cycles: 6173977 heartbeat IPC: 4.861 cumulative IPC: 4.859 (Simulation time: 00 hr 27 min 29 sec)
Heartbeat CPU 4 instructions: 30000007 cycles: 6400200 heartbeat IPC: 4.67 cumulative IPC: 4.687 (Simulation time: 00 hr 28 min 31 sec)
Heartbeat CPU 7 instructions: 30000005 cycles: 6863615 heartbeat IPC: 4.379 cumulative IPC: 4.371 (Simulation time: 00 hr 30 min 39 sec)
Heartbeat CPU 0 instructions: 30000005 cycles: 6884181 heartbeat IPC: 4.356 cumulative IPC: 4.358 (Simulation time: 00 hr 30 min 44 sec)
Heartbeat CPU 10 instructions: 30000004 cycles: 6976143 heartbeat IPC: 4.302 cumulative IPC: 4.3 (Simulation time: 00 hr 31 min 09 sec)
Heartbeat CPU 8 instructions: 30000005 cycles: 6976145 heartbeat IPC: 4.302 cumulative IPC: 4.3 (Simulation time: 00 hr 31 min 09 sec)
Heartbeat CPU 6 instructions: 30000012 cycles: 7019971 heartbeat IPC: 4.29 cumulative IPC: 4.274 (Simulation time: 00 hr 31 min 21 sec)
Heartbeat CPU 13 instructions: 30000012 cycles: 7020022 heartbeat IPC: 4.29 cumulative IPC: 4.273 (Simulation time: 00 hr 31 min 21 sec)
Heartbeat CPU 5 instructions: 30000004 cycles: 7154045 heartbeat IPC: 4.196 cumulative IPC: 4.193 (Simulation time: 00 hr 31 min 58 sec)
Heartbeat CPU 9 instructions: 30000004 cycles: 7299490 heartbeat IPC: 4.115 cumulative IPC: 4.11 (Simulation time: 00 hr 32 min 38 sec)
Heartbeat CPU 15 instructions: 30000012 cycles: 7392854 heartbeat IPC: 4.07 cumulative IPC: 4.058 (Simulation time: 00 hr 33 min 04 sec)
Heartbeat CPU 14 instructions: 30000008 cycles: 7511915 heartbeat IPC: 4.041 cumulative IPC: 3.994 (Simulation time: 00 hr 33 min 36 sec)
Heartbeat CPU 1 instructions: 30000005 cycles: 7648473 heartbeat IPC: 4.546 cumulative IPC: 3.922 (Simulation time: 00 hr 34 min 14 sec)
Heartbeat CPU 2 instructions: 30000005 cycles: 7648960 heartbeat IPC: 4.546 cumulative IPC: 3.922 (Simulation time: 00 hr 34 min 14 sec)
Heartbeat CPU 11 instructions: 30000007 cycles: 7808849 heartbeat IPC: 3.895 cumulative IPC: 3.842 (Simulation time: 00 hr 34 min 58 sec)
Heartbeat CPU 3 instructions: 30000013 cycles: 7843479 heartbeat IPC: 3.864 cumulative IPC: 3.825 (Simulation time: 00 hr 35 min 07 sec)
Heartbeat CPU 12 instructions: 40000018 cycles: 8230757 heartbeat IPC: 4.862 cumulative IPC: 4.86 (Simulation time: 00 hr 36 min 54 sec)
Heartbeat CPU 4 instructions: 40000009 cycles: 8541373 heartbeat IPC: 4.67 cumulative IPC: 4.683 (Simulation time: 00 hr 38 min 20 sec)
Heartbeat CPU 7 instructions: 40000009 cycles: 9163560 heartbeat IPC: 4.348 cumulative IPC: 4.365 (Simulation time: 00 hr 41 min 10 sec)
Heartbeat CPU 0 instructions: 40000006 cycles: 9186417 heartbeat IPC: 4.344 cumulative IPC: 4.354 (Simulation time: 00 hr 41 min 16 sec)
Heartbeat CPU 10 instructions: 40000004 cycles: 9300584 heartbeat IPC: 4.302 cumulative IPC: 4.301 (Simulation time: 00 hr 41 min 47 sec)
Heartbeat CPU 8 instructions: 40000010 cycles: 9300586 heartbeat IPC: 4.302 cumulative IPC: 4.301 (Simulation time: 00 hr 41 min 47 sec)
Heartbeat CPU 6 instructions: 40000013 cycles: 9348302 heartbeat IPC: 4.295 cumulative IPC: 4.279 (Simulation time: 00 hr 42 min 00 sec)
Heartbeat CPU 13 instructions: 40000013 cycles: 9348353 heartbeat IPC: 4.295 cumulative IPC: 4.279 (Simulation time: 00 hr 42 min 00 sec)
Heartbeat CPU 5 instructions: 40000004 cycles: 9534161 heartbeat IPC: 4.201 cumulative IPC: 4.195 (Simulation time: 00 hr 42 min 50 sec)
Heartbeat CPU 9 instructions: 40000009 cycles: 9763184 heartbeat IPC: 4.059 cumulative IPC: 4.097 (Simulation time: 00 hr 43 min 54 sec)
Heartbeat CPU 1 instructions: 40000005 cycles: 9827960 heartbeat IPC: 4.588 cumulative IPC: 4.07 (Simulation time: 00 hr 44 min 11 sec)
Heartbeat CPU 2 instructions: 40000005 cycles: 9828420 heartbeat IPC: 4.588 cumulative IPC: 4.07 (Simulation time: 00 hr 44 min 11 sec)
Heartbeat CPU 15 instructions: 40000013 cycles: 9861500 heartbeat IPC: 4.051 cumulative IPC: 4.056 (Simulation time: 00 hr 44 min 20 sec)
Heartbeat CPU 14 instructions: 40000011 cycles: 9983596 heartbeat IPC: 4.046 cumulative IPC: 4.007 (Simulation time: 00 hr 44 min 53 sec)
Warmup finished CPU 12 instructions: 50000003 cycles: 10287868 cumulative IPC: 4.86 (Simulation time: 00 hr 46 min 16 sec)
Heartbeat CPU 12 instructions: 50000020 cycles: 10287871 heartbeat IPC: 4.861 cumulative IPC: 4.86 (Simulation time: 00 hr 46 min 16 sec)
Heartbeat CPU 11 instructions: 40000008 cycles: 10381018 heartbeat IPC: 3.888 cumulative IPC: 3.853 (Simulation time: 00 hr 46 min 41 sec)
Heartbeat CPU 3 instructions: 40000015 cycles: 10405188 heartbeat IPC: 3.904 cumulative IPC: 3.844 (Simulation time: 00 hr 46 min 48 sec)
Warmup finished CPU 4 instructions: 50000004 cycles: 10683480 cumulative IPC: 4.68 (Simulation time: 00 hr 48 min 03 sec)
Heartbeat CPU 4 instructions: 50000010 cycles: 10683481 heartbeat IPC: 4.668 cumulative IPC: 4.68 (Simulation time: 00 hr 48 min 03 sec)
Warmup finished CPU 7 instructions: 50000005 cycles: 11439315 cumulative IPC: 4.371 (Simulation time: 00 hr 51 min 28 sec)
Heartbeat CPU 7 instructions: 50000011 cycles: 11439316 heartbeat IPC: 4.394 cumulative IPC: 4.371 (Simulation time: 00 hr 51 min 28 sec)
Warmup finished CPU 0 instructions: 50000002 cycles: 11488803 cumulative IPC: 4.352 (Simulation time: 00 hr 51 min 41 sec)
Heartbeat CPU 0 instructions: 50000008 cycles: 11488804 heartbeat IPC: 4.343 cumulative IPC: 4.352 (Simulation time: 00 hr 51 min 41 sec)
Heartbeat CPU 10 instructions: 50000004 cycles: 11625336 heartbeat IPC: 4.302 cumulative IPC: 4.301 (Simulation time: 00 hr 52 min 18 sec)
Warmup finished CPU 10 instructions: 50000004 cycles: 11625336 cumulative IPC: 4.301 (Simulation time: 00 hr 52 min 18 sec)
Warmup finished CPU 8 instructions: 50000004 cycles: 11625337 cumulative IPC: 4.301 (Simulation time: 00 hr 52 min 18 sec)
Heartbeat CPU 8 instructions: 50000010 cycles: 11625338 heartbeat IPC: 4.302 cumulative IPC: 4.301 (Simulation time: 00 hr 52 min 18 sec)
Warmup finished CPU 6 instructions: 50000002 cycles: 11676442 cumulative IPC: 4.282 (Simulation time: 00 hr 52 min 32 sec)
Heartbeat CPU 6 instructions: 50000014 cycles: 11676444 heartbeat IPC: 4.295 cumulative IPC: 4.282 (Simulation time: 00 hr 52 min 32 sec)
Warmup finished CPU 13 instructions: 50000002 cycles: 11676497 cumulative IPC: 4.282 (Simulation time: 00 hr 52 min 32 sec)
Heartbeat CPU 13 instructions: 50000014 cycles: 11676499 heartbeat IPC: 4.295 cumulative IPC: 4.282 (Simulation time: 00 hr 52 min 32 sec)
Warmup finished CPU 5 instructions: 50000000 cycles: 11900221 cumulative IPC: 4.202 (Simulation time: 00 hr 53 min 33 sec)
Heartbeat CPU 5 instructions: 50000006 cycles: 11900222 heartbeat IPC: 4.226 cumulative IPC: 4.202 (Simulation time: 00 hr 53 min 33 sec)
Warmup finished CPU 1 instructions: 50000001 cycles: 12104359 cumulative IPC: 4.131 (Simulation time: 00 hr 54 min 28 sec)
Heartbeat CPU 1 instructions: 50000007 cycles: 12104360 heartbeat IPC: 4.393 cumulative IPC: 4.131 (Simulation time: 00 hr 54 min 28 sec)
Warmup finished CPU 2 instructions: 50000001 cycles: 12104839 cumulative IPC: 4.131 (Simulation time: 00 hr 54 min 28 sec)
Heartbeat CPU 2 instructions: 50000007 cycles: 12104840 heartbeat IPC: 4.393 cumulative IPC: 4.131 (Simulation time: 00 hr 54 min 28 sec)
Warmup finished CPU 9 instructions: 50000000 cycles: 12161329 cumulative IPC: 4.111 (Simulation time: 00 hr 54 min 43 sec)
Heartbeat CPU 9 instructions: 50000012 cycles: 12161331 heartbeat IPC: 4.17 cumulative IPC: 4.111 (Simulation time: 00 hr 54 min 43 sec)
Warmup finished CPU 15 instructions: 50000002 cycles: 12302234 cumulative IPC: 4.064 (Simulation time: 00 hr 55 min 21 sec)
Heartbeat CPU 15 instructions: 50000014 cycles: 12302236 heartbeat IPC: 4.097 cumulative IPC: 4.064 (Simulation time: 00 hr 55 min 21 sec)
Heartbeat CPU 12 instructions: 60000022 cycles: 12344668 heartbeat IPC: 4.862 cumulative IPC: 4.86 (Simulation time: 00 hr 55 min 33 sec)
Warmup finished CPU 14 instructions: 50000003 cycles: 12462064 cumulative IPC: 4.012 (Simulation time: 00 hr 56 min 05 sec)
Heartbeat CPU 14 instructions: 50000015 cycles: 12462066 heartbeat IPC: 4.035 cumulative IPC: 4.012 (Simulation time: 00 hr 56 min 05 sec)
Warmup finished CPU 3 instructions: 50000003 cycles: 12793673 cumulative IPC: 3.908 (Simulation time: 00 hr 57 min 34 sec)
Heartbeat CPU 3 instructions: 50000015 cycles: 12793675 heartbeat IPC: 4.187 cumulative IPC: 3.908 (Simulation time: 00 hr 57 min 34 sec)
Heartbeat CPU 4 instructions: 60000013 cycles: 12825442 heartbeat IPC: 4.669 cumulative IPC: 4.678 (Simulation time: 00 hr 57 min 43 sec)
Warmup finished CPU 11 instructions: 50000000 cycles: 12955554 cumulative IPC: 3.859 (Simulation time: 00 hr 58 min 17 sec)
Warmup complete CPU 9 instructions: 53306367 cycles: 12955554 cumulative IPC: 4.115 (Simulation time: 00 hr 58 min 17 sec)
Warmup complete CPU 8 instructions: 55621501 cycles: 12955554 cumulative IPC: 4.293 (Simulation time: 00 hr 58 min 17 sec)
Warmup complete CPU 7 instructions: 56547256 cycles: 12955554 cumulative IPC: 4.365 (Simulation time: 00 hr 58 min 17 sec)
Warmup complete CPU 6 instructions: 55495200 cycles: 12955554 cumulative IPC: 4.284 (Simulation time: 00 hr 58 min 17 sec)
Warmup complete CPU 5 instructions: 54432419 cycles: 12955554 cumulative IPC: 4.201 (Simulation time: 00 hr 58 min 17 sec)
Warmup complete CPU 4 instructions: 60605665 cycles: 12955554 cumulative IPC: 4.678 (Simulation time: 00 hr 58 min 17 sec)
Warmup complete CPU 3 instructions: 50685401 cycles: 12955554 cumulative IPC: 3.912 (Simulation time: 00 hr 58 min 17 sec)
Warmup complete CPU 2 instructions: 53708036 cycles: 12955554 cumulative IPC: 4.146 (Simulation time: 00 hr 58 min 17 sec)
Warmup complete CPU 15 instructions: 52671112 cycles: 12955554 cumulative IPC: 4.066 (Simulation time: 00 hr 58 min 17 sec)
Warmup complete CPU 14 instructions: 51996307 cycles: 12955554 cumulative IPC: 4.013 (Simulation time: 00 hr 58 min 17 sec)
Warmup complete CPU 13 instructions: 55494983 cycles: 12955554 cumulative IPC: 4.283 (Simulation time: 00 hr 58 min 17 sec)
Warmup complete CPU 12 instructions: 62970654 cycles: 12955554 cumulative IPC: 4.861 (Simulation time: 00 hr 58 min 17 sec)
Warmup complete CPU 11 instructions: 50000000 cycles: 12955554 cumulative IPC: 3.859 (Simulation time: 00 hr 58 min 17 sec)
Warmup complete CPU 10 instructions: 55621471 cycles: 12955554 cumulative IPC: 4.293 (Simulation time: 00 hr 58 min 17 sec)
Warmup complete CPU 1 instructions: 53710233 cycles: 12955554 cumulative IPC: 4.146 (Simulation time: 00 hr 58 min 17 sec)
Warmup complete CPU 0 instructions: 56355490 cycles: 12955554 cumulative IPC: 4.35 (Simulation time: 00 hr 58 min 17 sec)
Heartbeat CPU 11 instructions: 50000012 cycles: 12955556 heartbeat IPC: 3.884 cumulative IPC: 6 (Simulation time: 00 hr 58 min 17 sec)
Heartbeat CPU 8 instructions: 60000012 cycles: 14039882 heartbeat IPC: 4.142 cumulative IPC: 4.038 (Simulation time: 01 hr 03 min 18 sec)
Heartbeat CPU 10 instructions: 60000006 cycles: 14041978 heartbeat IPC: 4.138 cumulative IPC: 4.03 (Simulation time: 01 hr 03 min 19 sec)
Heartbeat CPU 7 instructions: 60000011 cycles: 14301583 heartbeat IPC: 3.494 cumulative IPC: 2.565 (Simulation time: 01 hr 04 min 31 sec)
Heartbeat CPU 9 instructions: 60000016 cycles: 14939784 heartbeat IPC: 3.599 cumulative IPC: 3.373 (Simulation time: 01 hr 07 min 27 sec)
Heartbeat CPU 1 instructions: 60000011 cycles: 15047395 heartbeat IPC: 3.398 cumulative IPC: 3.007 (Simulation time: 01 hr 07 min 57 sec)
Heartbeat CPU 2 instructions: 60000011 cycles: 15050796 heartbeat IPC: 3.394 cumulative IPC: 3.003 (Simulation time: 01 hr 07 min 57 sec)
Heartbeat CPU 6 instructions: 60000014 cycles: 15137342 heartbeat IPC: 2.889 cumulative IPC: 2.065 (Simulation time: 01 hr 08 min 21 sec)
Heartbeat CPU 13 instructions: 60000014 cycles: 15138902 heartbeat IPC: 2.888 cumulative IPC: 2.063 (Simulation time: 01 hr 08 min 21 sec)
Heartbeat CPU 4 instructions: 70000016 cycles: 15226878 heartbeat IPC: 4.164 cumulative IPC: 4.136 (Simulation time: 01 hr 08 min 45 sec)
Heartbeat CPU 5 instructions: 60000011 cycles: 15230906 heartbeat IPC: 3.002 cumulative IPC: 2.447 (Simulation time: 01 hr 08 min 46 sec)
Heartbeat CPU 15 instructions: 60000017 cycles: 15358121 heartbeat IPC: 3.272 cumulative IPC: 3.05 (Simulation time: 01 hr 09 min 21 sec)
Heartbeat CPU 0 instructions: 60000013 cycles: 15446326 heartbeat IPC: 2.527 cumulative IPC: 1.463 (Simulation time: 01 hr 09 min 46 sec)
Heartbeat CPU 12 instructions: 70000022 cycles: 15587123 heartbeat IPC: 3.084 cumulative IPC: 2.671 (Simulation time: 01 hr 10 min 24 sec)
Heartbeat CPU 8 instructions: 70000017 cycles: 16521626 heartbeat IPC: 4.029 cumulative IPC: 4.032 (Simulation time: 01 hr 14 min 45 sec)
Heartbeat CPU 10 instructions: 70000011 cycles: 16522996 heartbeat IPC: 4.031 cumulative IPC: 4.03 (Simulation time: 01 hr 14 min 45 sec)
Heartbeat CPU 11 instructions: 60000013 cycles: 16733530 heartbeat IPC: 2.647 cumulative IPC: 2.647 (Simulation time: 01 hr 15 min 44 sec)
Heartbeat CPU 14 instructions: 60000015 cycles: 17393653 heartbeat IPC: 2.028 cumulative IPC: 1.803 (Simulation time: 01 hr 18 min 43 sec)
Heartbeat CPU 4 instructions: 80000020 cycles: 17605247 heartbeat IPC: 4.205 cumulative IPC: 4.171 (Simulation time: 01 hr 19 min 40 sec)
Heartbeat CPU 9 instructions: 70000021 cycles: 18007704 heartbeat IPC: 3.26 cumulative IPC: 3.304 (Simulation time: 01 hr 21 min 30 sec)
Heartbeat CPU 7 instructions: 70000011 cycles: 18202617 heartbeat IPC: 2.563 cumulative IPC: 2.564 (Simulation time: 01 hr 22 min 24 sec)
Heartbeat CPU 15 instructions: 70000017 cycles: 18401503 heartbeat IPC: 3.286 cumulative IPC: 3.182 (Simulation time: 01 hr 23 min 18 sec)
Heartbeat CPU 2 instructions: 70000012 cycles: 18800228 heartbeat IPC: 2.667 cumulative IPC: 2.787 (Simulation time: 01 hr 25 min 08 sec)
Heartbeat CPU 1 instructions: 70000012 cycles: 18812571 heartbeat IPC: 2.656 cumulative IPC: 2.781 (Simulation time: 01 hr 25 min 11 sec)
Heartbeat CPU 5 instructions: 70000011 cycles: 18954484 heartbeat IPC: 2.686 cumulative IPC: 2.595 (Simulation time: 01 hr 25 min 50 sec)
Heartbeat CPU 10 instructions: 80000015 cycles: 18998586 heartbeat IPC: 4.039 cumulative IPC: 4.034 (Simulation time: 01 hr 26 min 02 sec)
Heartbeat CPU 8 instructions: 80000021 cycles: 19000095 heartbeat IPC: 4.035 cumulative IPC: 4.033 (Simulation time: 01 hr 26 min 02 sec)
Heartbeat CPU 12 instructions: 80000023 cycles: 19330887 heartbeat IPC: 2.671 cumulative IPC: 2.671 (Simulation time: 01 hr 27 min 33 sec)
Heartbeat CPU 3 instructions: 60000016 cycles: 19938412 heartbeat IPC: 1.4 cumulative IPC: 1.334 (Simulation time: 01 hr 30 min 20 sec)
Heartbeat CPU 4 instructions: 90000021 cycles: 19974958 heartbeat IPC: 4.22 cumulative IPC: 4.188 (Simulation time: 01 hr 30 min 30 sec)
Heartbeat CPU 6 instructions: 70000019 cycles: 20000029 heartbeat IPC: 2.056 cumulative IPC: 2.059 (Simulation time: 01 hr 30 min 37 sec)
Heartbeat CPU 13 instructions: 70000019 cycles: 20003298 heartbeat IPC: 2.056 cumulative IPC: 2.058 (Simulation time: 01 hr 30 min 37 sec)
Heartbeat CPU 11 instructions: 70000017 cycles: 20412474 heartbeat IPC: 2.718 cumulative IPC: 2.682 (Simulation time: 01 hr 32 min 28 sec)
Heartbeat CPU 9 instructions: 80000025 cycles: 20861824 heartbeat IPC: 3.504 cumulative IPC: 3.376 (Simulation time: 01 hr 34 min 27 sec)
Heartbeat CPU 15 instructions: 80000018 cycles: 21370943 heartbeat IPC: 3.368 cumulative IPC: 3.247 (Simulation time: 01 hr 36 min 43 sec)
Heartbeat CPU 10 instructions: 90000020 cycles: 21474957 heartbeat IPC: 4.038 cumulative IPC: 4.035 (Simulation time: 01 hr 37 min 11 sec)
Heartbeat CPU 8 instructions: 90000021 cycles: 21477164 heartbeat IPC: 4.037 cumulative IPC: 4.034 (Simulation time: 01 hr 37 min 12 sec)
Heartbeat CPU 7 instructions: 80000013 cycles: 22095360 heartbeat IPC: 2.569 cumulative IPC: 2.566 (Simulation time: 01 hr 39 min 57 sec)
Heartbeat CPU 0 instructions: 70000013 cycles: 22261235 heartbeat IPC: 1.467 cumulative IPC: 1.466 (Simulation time: 01 hr 40 min 41 sec)
Heartbeat CPU 4 instructions: 100000023 cycles: 22362856 heartbeat IPC: 4.188 cumulative IPC: 4.188 (Simulation time: 01 hr 41 min 09 sec)
Heartbeat CPU 5 instructions: 80000013 cycles: 22785688 heartbeat IPC: 2.61 cumulative IPC: 2.601 (Simulation time: 01 hr 43 min 01 sec)
Heartbeat CPU 14 instructions: 70000016 cycles: 22917643 heartbeat IPC: 1.81 cumulative IPC: 1.807 (Simulation time: 01 hr 43 min 36 sec)
Heartbeat CPU 12 instructions: 90000024 cycles: 23075347 heartbeat IPC: 2.671 cumulative IPC: 2.671 (Simulation time: 01 hr 44 min 20 sec)
Heartbeat CPU 2 instructions: 80000012 cycles: 23335358 heartbeat IPC: 2.205 cumulative IPC: 2.533 (Simulation time: 01 hr 45 min 30 sec)
Heartbeat CPU 1 instructions: 80000012 cycles: 23362306 heartbeat IPC: 2.198 cumulative IPC: 2.526 (Simulation time: 01 hr 45 min 37 sec)
Heartbeat CPU 11 instructions: 80000021 cycles: 23831395 heartbeat IPC: 2.925 cumulative IPC: 2.758 (Simulation time: 01 hr 47 min 44 sec)
Heartbeat CPU 9 instructions: 90000028 cycles: 23872004 heartbeat IPC: 3.322 cumulative IPC: 3.361 (Simulation time: 01 hr 47 min 55 sec)
Heartbeat CPU 10 instructions: 100000022 cycles: 23952963 heartbeat IPC: 4.036 cumulative IPC: 4.035 (Simulation time: 01 hr 48 min 17 sec)
Heartbeat CPU 8 instructions: 100000022 cycles: 23956110 heartbeat IPC: 4.034 cumulative IPC: 4.034 (Simulation time: 01 hr 48 min 17 sec)
Heartbeat CPU 15 instructions: 90000022 cycles: 24316617 heartbeat IPC: 3.395 cumulative IPC: 3.286 (Simulation time: 01 hr 49 min 54 sec)
Heartbeat CPU 4 instructions: 110000024 cycles: 24748586 heartbeat IPC: 4.192 cumulative IPC: 4.188 (Simulation time: 01 hr 51 min 49 sec)
Heartbeat CPU 6 instructions: 80000021 cycles: 24895158 heartbeat IPC: 2.043 cumulative IPC: 2.052 (Simulation time: 01 hr 52 min 29 sec)
Heartbeat CPU 13 instructions: 80000021 cycles: 24898476 heartbeat IPC: 2.043 cumulative IPC: 2.052 (Simulation time: 01 hr 52 min 30 sec)
Heartbeat CPU 7 instructions: 90000015 cycles: 26032217 heartbeat IPC: 2.54 cumulative IPC: 2.558 (Simulation time: 01 hr 57 min 34 sec)
Heartbeat CPU 10 instructions: 110000022 cycles: 26427558 heartbeat IPC: 4.041 cumulative IPC: 4.036 (Simulation time: 01 hr 59 min 18 sec)
Heartbeat CPU 8 instructions: 110000022 cycles: 26430462 heartbeat IPC: 4.041 cumulative IPC: 4.036 (Simulation time: 01 hr 59 min 19 sec)
Heartbeat CPU 5 instructions: 90000013 cycles: 26754202 heartbeat IPC: 2.52 cumulative IPC: 2.578 (Simulation time: 02 hr 00 min 45 sec)
Heartbeat CPU 9 instructions: 100000028 cycles: 26812316 heartbeat IPC: 3.401 cumulative IPC: 3.37 (Simulation time: 02 hr 01 min 00 sec)
Heartbeat CPU 12 instructions: 100000024 cycles: 26818610 heartbeat IPC: 2.671 cumulative IPC: 2.671 (Simulation time: 02 hr 01 min 02 sec)
Heartbeat CPU 4 instructions: 120000029 cycles: 27129980 heartbeat IPC: 4.199 cumulative IPC: 4.19 (Simulation time: 02 hr 02 min 27 sec)
Heartbeat CPU 15 instructions: 100000027 cycles: 27296195 heartbeat IPC: 3.356 cumulative IPC: 3.3 (Simulation time: 02 hr 03 min 13 sec)
Heartbeat CPU 11 instructions: 90000021 cycles: 27968926 heartbeat IPC: 2.417 cumulative IPC: 2.664 (Simulation time: 02 hr 06 min 21 sec)
Heartbeat CPU 2 instructions: 90000016 cycles: 28095642 heartbeat IPC: 2.101 cumulative IPC: 2.397 (Simulation time: 02 hr 06 min 57 sec)
Heartbeat CPU 1 instructions: 90000017 cycles: 28134539 heartbeat IPC: 2.095 cumulative IPC: 2.391 (Simulation time: 02 hr 07 min 09 sec)
Heartbeat CPU 14 instructions: 80000016 cycles: 28425497 heartbeat IPC: 1.816 cumulative IPC: 1.81 (Simulation time: 02 hr 08 min 29 sec)
Heartbeat CPU 10 instructions: 120000026 cycles: 28904199 heartbeat IPC: 4.038 cumulative IPC: 4.037 (Simulation time: 02 hr 10 min 42 sec)
Heartbeat CPU 8 instructions: 120000026 cycles: 28908738 heartbeat IPC: 4.035 cumulative IPC: 4.035 (Simulation time: 02 hr 10 min 43 sec)
Heartbeat CPU 0 instructions: 80000016 cycles: 29086372 heartbeat IPC: 1.465 cumulative IPC: 1.466 (Simulation time: 02 hr 11 min 32 sec)
Heartbeat CPU 3 instructions: 70000020 cycles: 29400640 heartbeat IPC: 1.057 cumulative IPC: 1.174 (Simulation time: 02 hr 12 min 55 sec)
Heartbeat CPU 4 instructions: 130000032 cycles: 29514603 heartbeat IPC: 4.194 cumulative IPC: 4.191 (Simulation time: 02 hr 13 min 25 sec)
Heartbeat CPU 9 instructions: 110000028 cycles: 29716512 heartbeat IPC: 3.443 cumulative IPC: 3.382 (Simulation time: 02 hr 14 min 18 sec)
Heartbeat CPU 6 instructions: 90000026 cycles: 29860785 heartbeat IPC: 2.014 cumulative IPC: 2.041 (Simulation time: 02 hr 14 min 55 sec)
Heartbeat CPU 13 instructions: 90000026 cycles: 29862550 heartbeat IPC: 2.014 cumulative IPC: 2.041 (Simulation time: 02 hr 14 min 56 sec)
Heartbeat CPU 7 instructions: 100000016 cycles: 30091748 heartbeat IPC: 2.463 cumulative IPC: 2.536 (Simulation time: 02 hr 15 min 57 sec)
Heartbeat CPU 15 instructions: 110000027 cycles: 30234273 heartbeat IPC: 3.404 cumulative IPC: 3.318 (Simulation time: 02 hr 16 min 36 sec)
Heartbeat CPU 5 instructions: 100000017 cycles: 30254184 heartbeat IPC: 2.857 cumulative IPC: 2.634 (Simulation time: 02 hr 16 min 41 sec)
Heartbeat CPU 12 instructions: 110000024 cycles: 30561785 heartbeat IPC: 2.672 cumulative IPC: 2.671 (Simulation time: 02 hr 18 min 03 sec)
Heartbeat CPU 10 instructions: 130000029 cycles: 31382012 heartbeat IPC: 4.036 cumulative IPC: 4.037 (Simulation time: 02 hr 21 min 42 sec)
Heartbeat CPU 8 instructions: 130000029 cycles: 31389003 heartbeat IPC: 4.032 cumulative IPC: 4.035 (Simulation time: 02 hr 21 min 44 sec)
Heartbeat CPU 11 instructions: 100000022 cycles: 31747121 heartbeat IPC: 2.647 cumulative IPC: 2.661 (Simulation time: 02 hr 23 min 18 sec)
Heartbeat CPU 4 instructions: 140000037 cycles: 31910416 heartbeat IPC: 4.174 cumulative IPC: 4.189 (Simulation time: 02 hr 24 min 02 sec)
Heartbeat CPU 9 instructions: 120000028 cycles: 32694959 heartbeat IPC: 3.357 cumulative IPC: 3.379 (Simulation time: 02 hr 27 min 35 sec)
Heartbeat CPU 15 instructions: 120000027 cycles: 33254377 heartbeat IPC: 3.311 cumulative IPC: 3.317 (Simulation time: 02 hr 30 min 04 sec)
Heartbeat CPU 10 instructions: 140000029 cycles: 33864224 heartbeat IPC: 4.029 cumulative IPC: 4.036 (Simulation time: 02 hr 32 min 46 sec)
Heartbeat CPU 8 instructions: 140000030 cycles: 33872440 heartbeat IPC: 4.027 cumulative IPC: 4.034 (Simulation time: 02 hr 32 min 48 sec)
Heartbeat CPU 14 instructions: 90000019 cycles: 33876554 heartbeat IPC: 1.835 cumulative IPC: 1.817 (Simulation time: 02 hr 32 min 49 sec)
Heartbeat CPU 7 instructions: 110000021 cycles: 33997768 heartbeat IPC: 2.56 cumulative IPC: 2.54 (Simulation time: 02 hr 33 min 23 sec)
Heartbeat CPU 12 instructions: 120000024 cycles: 34306673 heartbeat IPC: 2.67 cumulative IPC: 2.671 (Simulation time: 02 hr 34 min 46 sec)
Heartbeat CPU 4 instructions: 150000039 cycles: 34317480 heartbeat IPC: 4.154 cumulative IPC: 4.185 (Simulation time: 02 hr 34 min 49 sec)
Heartbeat CPU 5 instructions: 110000020 cycles: 34424310 heartbeat IPC: 2.398 cumulative IPC: 2.588 (Simulation time: 02 hr 35 min 17 sec)
Heartbeat CPU 2 instructions: 100000017 cycles: 34859187 heartbeat IPC: 1.479 cumulative IPC: 2.113 (Simulation time: 02 hr 37 min 14 sec)
Heartbeat CPU 1 instructions: 100000017 cycles: 34898070 heartbeat IPC: 1.479 cumulative IPC: 2.11 (Simulation time: 02 hr 37 min 25 sec)
Heartbeat CPU 6 instructions: 100000031 cycles: 35019658 heartbeat IPC: 1.938 cumulative IPC: 2.017 (Simulation time: 02 hr 37 min 57 sec)
Heartbeat CPU 13 instructions: 100000031 cycles: 35042616 heartbeat IPC: 1.93 cumulative IPC: 2.015 (Simulation time: 02 hr 38 min 04 sec)
Heartbeat CPU 9 instructions: 130000029 cycles: 35672788 heartbeat IPC: 3.358 cumulative IPC: 3.376 (Simulation time: 02 hr 40 min 55 sec)
Heartbeat CPU 11 instructions: 110000023 cycles: 35885221 heartbeat IPC: 2.417 cumulative IPC: 2.617 (Simulation time: 02 hr 41 min 53 sec)
Heartbeat CPU 0 instructions: 90000021 cycles: 35931002 heartbeat IPC: 1.461 cumulative IPC: 1.464 (Simulation time: 02 hr 42 min 06 sec)
Heartbeat CPU 15 instructions: 130000027 cycles: 36227257 heartbeat IPC: 3.364 cumulative IPC: 3.323 (Simulation time: 02 hr 43 min 27 sec)
Heartbeat CPU 10 instructions: 150000033 cycles: 36369349 heartbeat IPC: 3.992 cumulative IPC: 4.031 (Simulation time: 02 hr 44 min 05 sec)
Heartbeat CPU 8 instructions: 150000033 cycles: 36379222 heartbeat IPC: 3.989 cumulative IPC: 4.029 (Simulation time: 02 hr 44 min 08 sec)
Heartbeat CPU 4 instructions: 160000039 cycles: 36804103 heartbeat IPC: 4.022 cumulative IPC: 4.168 (Simulation time: 02 hr 46 min 05 sec)
Heartbeat CPU 7 instructions: 120000025 cycles: 37848884 heartbeat IPC: 2.597 cumulative IPC: 2.549 (Simulation time: 02 hr 50 min 49 sec)
Heartbeat CPU 5 instructions: 120000020 cycles: 38024714 heartbeat IPC: 2.777 cumulative IPC: 2.615 (Simulation time: 02 hr 51 min 37 sec)
Heartbeat CPU 12 instructions: 130000027 cycles: 38065202 heartbeat IPC: 2.661 cumulative IPC: 2.669 (Simulation time: 02 hr 51 min 48 sec)
Heartbeat CPU 9 instructions: 140000032 cycles: 38358017 heartbeat IPC: 3.724 cumulative IPC: 3.413 (Simulation time: 02 hr 53 min 08 sec)
Heartbeat CPU 3 instructions: 80000020 cycles: 38395342 heartbeat IPC: 1.112 cumulative IPC: 1.152 (Simulation time: 02 hr 53 min 19 sec)
Heartbeat CPU 10 instructions: 160000033 cycles: 38905032 heartbeat IPC: 3.944 cumulative IPC: 4.022 (Simulation time: 02 hr 55 min 38 sec)
Heartbeat CPU 8 instructions: 160000033 cycles: 38912239 heartbeat IPC: 3.948 cumulative IPC: 4.021 (Simulation time: 02 hr 55 min 40 sec)
Heartbeat CPU 15 instructions: 140000030 cycles: 39168104 heartbeat IPC: 3.4 cumulative IPC: 3.332 (Simulation time: 02 hr 56 min 49 sec)
Heartbeat CPU 4 instructions: 170000040 cycles: 39316241 heartbeat IPC: 3.981 cumulative IPC: 4.15 (Simulation time: 02 hr 57 min 29 sec)
Heartbeat CPU 14 instructions: 100000023 cycles: 39410286 heartbeat IPC: 1.807 cumulative IPC: 1.815 (Simulation time: 02 hr 57 min 54 sec)
Heartbeat CPU 6 instructions: 110000033 cycles: 40039047 heartbeat IPC: 1.992 cumulative IPC: 2.012 (Simulation time: 03 hr 00 min 46 sec)
Heartbeat CPU 13 instructions: 110000033 cycles: 40085485 heartbeat IPC: 1.983 cumulative IPC: 2.009 (Simulation time: 03 hr 00 min 58 sec)
Heartbeat CPU 11 instructions: 120000023 cycles: 40460284 heartbeat IPC: 2.186 cumulative IPC: 2.545 (Simulation time: 03 hr 02 min 40 sec)
Heartbeat CPU 9 instructions: 150000032 cycles: 41152086 heartbeat IPC: 3.579 cumulative IPC: 3.429 (Simulation time: 03 hr 05 min 47 sec)
Heartbeat CPU 5 instructions: 130000022 cycles: 41423095 heartbeat IPC: 2.943 cumulative IPC: 2.655 (Simulation time: 03 hr 06 min 58 sec)
Heartbeat CPU 10 instructions: 170000037 cycles: 41432891 heartbeat IPC: 3.956 cumulative IPC: 4.016 (Simulation time: 03 hr 07 min 00 sec)
Heartbeat CPU 8 instructions: 170000037 cycles: 41447377 heartbeat IPC: 3.945 cumulative IPC: 4.014 (Simulation time: 03 hr 07 min 04 sec)
Heartbeat CPU 7 instructions: 130000028 cycles: 41790630 heartbeat IPC: 2.537 cumulative IPC: 2.547 (Simulation time: 03 hr 08 min 38 sec)
Heartbeat CPU 4 instructions: 180000040 cycles: 41822505 heartbeat IPC: 3.99 cumulative IPC: 4.136 (Simulation time: 03 hr 08 min 47 sec)
Heartbeat CPU 12 instructions: 140000029 cycles: 41829020 heartbeat IPC: 2.657 cumulative IPC: 2.668 (Simulation time: 03 hr 08 min 49 sec)
Heartbeat CPU 15 instructions: 150000032 cycles: 42228503 heartbeat IPC: 3.268 cumulative IPC: 3.325 (Simulation time: 03 hr 10 min 40 sec)
Heartbeat CPU 0 instructions: 100000021 cycles: 42788096 heartbeat IPC: 1.458 cumulative IPC: 1.463 (Simulation time: 03 hr 13 min 17 sec)
Heartbeat CPU 9 instructions: 160000037 cycles: 43865442 heartbeat IPC: 3.685 cumulative IPC: 3.452 (Simulation time: 03 hr 18 min 12 sec)
Heartbeat CPU 10 instructions: 180000039 cycles: 43971149 heartbeat IPC: 3.94 cumulative IPC: 4.01 (Simulation time: 03 hr 18 min 40 sec)
Heartbeat CPU 8 instructions: 180000039 cycles: 43981766 heartbeat IPC: 3.946 cumulative IPC: 4.009 (Simulation time: 03 hr 18 min 43 sec)
Heartbeat CPU 4 instructions: 190000042 cycles: 44681883 heartbeat IPC: 3.497 cumulative IPC: 4.078 (Simulation time: 03 hr 21 min 53 sec)
Heartbeat CPU 14 instructions: 110000023 cycles: 44919071 heartbeat IPC: 1.815 cumulative IPC: 1.815 (Simulation time: 03 hr 22 min 56 sec)
Heartbeat CPU 6 instructions: 120000038 cycles: 45072462 heartbeat IPC: 1.987 cumulative IPC: 2.008 (Simulation time: 03 hr 23 min 39 sec)
Heartbeat CPU 11 instructions: 130000023 cycles: 45091295 heartbeat IPC: 2.159 cumulative IPC: 2.489 (Simulation time: 03 hr 23 min 44 sec)
Heartbeat CPU 13 instructions: 120000038 cycles: 45114289 heartbeat IPC: 1.989 cumulative IPC: 2.006 (Simulation time: 03 hr 23 min 50 sec)
Heartbeat CPU 5 instructions: 140000023 cycles: 45438473 heartbeat IPC: 2.49 cumulative IPC: 2.634 (Simulation time: 03 hr 25 min 21 sec)
Heartbeat CPU 15 instructions: 160000032 cycles: 45547784 heartbeat IPC: 3.013 cumulative IPC: 3.293 (Simulation time: 03 hr 25 min 50 sec)
Heartbeat CPU 12 instructions: 150000029 cycles: 45593736 heartbeat IPC: 2.656 cumulative IPC: 2.666 (Simulation time: 03 hr 26 min 02 sec)
Heartbeat CPU 7 instructions: 140000031 cycles: 45694493 heartbeat IPC: 2.562 cumulative IPC: 2.549 (Simulation time: 03 hr 26 min 31 sec)
Heartbeat CPU 3 instructions: 90000020 cycles: 46461061 heartbeat IPC: 1.24 cumulative IPC: 1.173 (Simulation time: 03 hr 30 min 07 sec)
Heartbeat CPU 10 instructions: 190000043 cycles: 46486276 heartbeat IPC: 3.976 cumulative IPC: 4.008 (Simulation time: 03 hr 30 min 14 sec)
Heartbeat CPU 8 instructions: 190000043 cycles: 46495156 heartbeat IPC: 3.979 cumulative IPC: 4.007 (Simulation time: 03 hr 30 min 17 sec)
Heartbeat CPU 9 instructions: 170000037 cycles: 46601791 heartbeat IPC: 3.655 cumulative IPC: 3.468 (Simulation time: 03 hr 30 min 48 sec)
Heartbeat CPU 4 instructions: 200000044 cycles: 47114967 heartbeat IPC: 4.11 cumulative IPC: 4.081 (Simulation time: 03 hr 33 min 10 sec)
Heartbeat CPU 2 instructions: 110000021 cycles: 47550898 heartbeat IPC: 0.7879 cumulative IPC: 1.627 (Simulation time: 03 hr 35 min 12 sec)
Heartbeat CPU 1 instructions: 110000021 cycles: 47569011 heartbeat IPC: 0.7892 cumulative IPC: 1.626 (Simulation time: 03 hr 35 min 16 sec)
Heartbeat CPU 15 instructions: 170000032 cycles: 48791236 heartbeat IPC: 3.083 cumulative IPC: 3.274 (Simulation time: 03 hr 40 min 48 sec)
Heartbeat CPU 10 instructions: 200000047 cycles: 48961799 heartbeat IPC: 4.04 cumulative IPC: 4.01 (Simulation time: 03 hr 41 min 35 sec)
Heartbeat CPU 8 instructions: 200000047 cycles: 48972218 heartbeat IPC: 4.037 cumulative IPC: 4.009 (Simulation time: 03 hr 41 min 38 sec)
Heartbeat CPU 9 instructions: 180000040 cycles: 49285022 heartbeat IPC: 3.727 cumulative IPC: 3.487 (Simulation time: 03 hr 43 min 05 sec)
Heartbeat CPU 11 instructions: 140000023 cycles: 49325390 heartbeat IPC: 2.362 cumulative IPC: 2.475 (Simulation time: 03 hr 43 min 16 sec)
Heartbeat CPU 12 instructions: 160000029 cycles: 49340633 heartbeat IPC: 2.669 cumulative IPC: 2.667 (Simulation time: 03 hr 43 min 21 sec)
Heartbeat CPU 5 instructions: 150000027 cycles: 49441641 heartbeat IPC: 2.498 cumulative IPC: 2.619 (Simulation time: 03 hr 43 min 49 sec)
Heartbeat CPU 4 instructions: 210000046 cycles: 49503751 heartbeat IPC: 4.186 cumulative IPC: 4.088 (Simulation time: 03 hr 44 min 07 sec)
Heartbeat CPU 7 instructions: 150000035 cycles: 49504806 heartbeat IPC: 2.624 cumulative IPC: 2.557 (Simulation time: 03 hr 44 min 07 sec)
Heartbeat CPU 0 instructions: 110000026 cycles: 49620061 heartbeat IPC: 1.464 cumulative IPC: 1.463 (Simulation time: 03 hr 44 min 40 sec)
Heartbeat CPU 6 instructions: 130000038 cycles: 49985540 heartbeat IPC: 2.035 cumulative IPC: 2.012 (Simulation time: 03 hr 46 min 23 sec)
Heartbeat CPU 13 instructions: 130000038 cycles: 50020313 heartbeat IPC: 2.038 cumulative IPC: 2.01 (Simulation time: 03 hr 46 min 33 sec)
Heartbeat CPU 10 instructions: 210000051 cycles: 51437508 heartbeat IPC: 4.039 cumulative IPC: 4.012 (Simulation time: 03 hr 53 min 19 sec)
Heartbeat CPU 8 instructions: 210000051 cycles: 51450960 heartbeat IPC: 4.034 cumulative IPC: 4.01 (Simulation time: 03 hr 53 min 23 sec)
Heartbeat CPU 15 instructions: 180000033 cycles: 51495942 heartbeat IPC: 3.697 cumulative IPC: 3.304 (Simulation time: 03 hr 53 min 36 sec)
Heartbeat CPU 2 instructions: 120000023 cycles: 51684160 heartbeat IPC: 2.419 cumulative IPC: 1.712 (Simulation time: 03 hr 54 min 28 sec)
Heartbeat CPU 1 instructions: 120000023 cycles: 51727477 heartbeat IPC: 2.405 cumulative IPC: 1.71 (Simulation time: 03 hr 54 min 41 sec)
Heartbeat CPU 4 instructions: 220000048 cycles: 51911577 heartbeat IPC: 4.153 cumulative IPC: 4.092 (Simulation time: 03 hr 55 min 34 sec)
Heartbeat CPU 9 instructions: 190000044 cycles: 52016335 heartbeat IPC: 3.661 cumulative IPC: 3.5 (Simulation time: 03 hr 56 min 05 sec)
Heartbeat CPU 11 instructions: 150000027 cycles: 52889590 heartbeat IPC: 2.806 cumulative IPC: 2.504 (Simulation time: 04 hr 00 min 13 sec)
Heartbeat CPU 14 instructions: 120000023 cycles: 52905963 heartbeat IPC: 1.252 cumulative IPC: 1.702 (Simulation time: 04 hr 00 min 18 sec)
Heartbeat CPU 5 instructions: 160000027 cycles: 53023012 heartbeat IPC: 2.792 cumulative IPC: 2.635 (Simulation time: 04 hr 00 min 51 sec)
Heartbeat CPU 12 instructions: 170000033 cycles: 53084968 heartbeat IPC: 2.671 cumulative IPC: 2.667 (Simulation time: 04 hr 01 min 09 sec)
Heartbeat CPU 7 instructions: 160000035 cycles: 53539005 heartbeat IPC: 2.479 cumulative IPC: 2.549 (Simulation time: 04 hr 03 min 19 sec)
Heartbeat CPU 3 instructions: 100000021 cycles: 53701881 heartbeat IPC: 1.381 cumulative IPC: 1.21 (Simulation time: 04 hr 04 min 05 sec)
Heartbeat CPU 10 instructions: 220000055 cycles: 53916339 heartbeat IPC: 4.034 cumulative IPC: 4.013 (Simulation time: 04 hr 05 min 05 sec)
Heartbeat CPU 8 instructions: 220000052 cycles: 53926877 heartbeat IPC: 4.039 cumulative IPC: 4.012 (Simulation time: 04 hr 05 min 08 sec)
Heartbeat CPU 15 instructions: 190000034 cycles: 54109294 heartbeat IPC: 3.827 cumulative IPC: 3.337 (Simulation time: 04 hr 06 min 01 sec)
Heartbeat CPU 4 instructions: 230000049 cycles: 54300481 heartbeat IPC: 4.186 cumulative IPC: 4.097 (Simulation time: 04 hr 06 min 57 sec)
Heartbeat CPU 9 instructions: 200000047 cycles: 54618900 heartbeat IPC: 3.842 cumulative IPC: 3.521 (Simulation time: 04 hr 08 min 31 sec)
Heartbeat CPU 6 instructions: 140000042 cycles: 54922504 heartbeat IPC: 2.026 cumulative IPC: 2.014 (Simulation time: 04 hr 10 min 00 sec)
Heartbeat CPU 13 instructions: 140000042 cycles: 54955542 heartbeat IPC: 2.026 cumulative IPC: 2.012 (Simulation time: 04 hr 10 min 09 sec)
Heartbeat CPU 2 instructions: 130000023 cycles: 55266312 heartbeat IPC: 2.792 cumulative IPC: 1.803 (Simulation time: 04 hr 11 min 42 sec)
Heartbeat CPU 1 instructions: 130000023 cycles: 55331778 heartbeat IPC: 2.774 cumulative IPC: 1.8 (Simulation time: 04 hr 12 min 01 sec)
Heartbeat CPU 10 instructions: 230000055 cycles: 56398359 heartbeat IPC: 4.029 cumulative IPC: 4.014 (Simulation time: 04 hr 17 min 01 sec)
Heartbeat CPU 8 instructions: 230000055 cycles: 56409547 heartbeat IPC: 4.028 cumulative IPC: 4.013 (Simulation time: 04 hr 17 min 04 sec)
Heartbeat CPU 0 instructions: 120000031 cycles: 56442431 heartbeat IPC: 1.466 cumulative IPC: 1.464 (Simulation time: 04 hr 17 min 14 sec)
Heartbeat CPU 15 instructions: 200000036 cycles: 56708074 heartbeat IPC: 3.848 cumulative IPC: 3.367 (Simulation time: 04 hr 18 min 32 sec)
Heartbeat CPU 12 instructions: 180000035 cycles: 56829066 heartbeat IPC: 2.671 cumulative IPC: 2.667 (Simulation time: 04 hr 19 min 07 sec)
Heartbeat CPU 5 instructions: 170000029 cycles: 56845293 heartbeat IPC: 2.616 cumulative IPC: 2.633 (Simulation time: 04 hr 19 min 12 sec)
Heartbeat CPU 4 instructions: 240000049 cycles: 56975929 heartbeat IPC: 3.738 cumulative IPC: 4.075 (Simulation time: 04 hr 19 min 50 sec)
Heartbeat CPU 11 instructions: 160000027 cycles: 57010119 heartbeat IPC: 2.427 cumulative IPC: 2.497 (Simulation time: 04 hr 20 min 00 sec)
Heartbeat CPU 9 instructions: 210000052 cycles: 57340876 heartbeat IPC: 3.674 cumulative IPC: 3.53 (Simulation time: 04 hr 21 min 36 sec)
Heartbeat CPU 7 instructions: 170000037 cycles: 57504419 heartbeat IPC: 2.522 cumulative IPC: 2.547 (Simulation time: 04 hr 22 min 24 sec)
Heartbeat CPU 14 instructions: 130000024 cycles: 58652102 heartbeat IPC: 1.74 cumulative IPC: 1.707 (Simulation time: 04 hr 27 min 59 sec)
Heartbeat CPU 2 instructions: 140000024 cycles: 58762792 heartbeat IPC: 2.86 cumulative IPC: 1.884 (Simulation time: 04 hr 28 min 32 sec)
Heartbeat CPU 1 instructions: 140000024 cycles: 58833281 heartbeat IPC: 2.856 cumulative IPC: 1.881 (Simulation time: 04 hr 28 min 52 sec)
Heartbeat CPU 10 instructions: 240000055 cycles: 58876641 heartbeat IPC: 4.035 cumulative IPC: 4.015 (Simulation time: 04 hr 29 min 05 sec)
Heartbeat CPU 8 instructions: 240000055 cycles: 58884396 heartbeat IPC: 4.041 cumulative IPC: 4.014 (Simulation time: 04 hr 29 min 07 sec)
Heartbeat CPU 4 instructions: 250000051 cycles: 59397777 heartbeat IPC: 4.129 cumulative IPC: 4.078 (Simulation time: 04 hr 31 min 39 sec)
Heartbeat CPU 15 instructions: 210000041 cycles: 59474499 heartbeat IPC: 3.615 cumulative IPC: 3.382 (Simulation time: 04 hr 32 min 01 sec)
Heartbeat CPU 6 instructions: 150000044 cycles: 59869481 heartbeat IPC: 2.021 cumulative IPC: 2.014 (Simulation time: 04 hr 33 min 53 sec)
Heartbeat CPU 13 instructions: 150000044 cycles: 59904771 heartbeat IPC: 2.021 cumulative IPC: 2.013 (Simulation time: 04 hr 34 min 03 sec)
Heartbeat CPU 9 instructions: 220000052 cycles: 60009912 heartbeat IPC: 3.747 cumulative IPC: 3.543 (Simulation time: 04 hr 34 min 33 sec)
Heartbeat CPU 3 instructions: 110000022 cycles: 60501450 heartbeat IPC: 1.471 cumulative IPC: 1.248 (Simulation time: 04 hr 36 min 55 sec)
Heartbeat CPU 12 instructions: 190000035 cycles: 60573108 heartbeat IPC: 2.671 cumulative IPC: 2.668 (Simulation time: 04 hr 37 min 15 sec)
Heartbeat CPU 11 instructions: 170000027 cycles: 60603308 heartbeat IPC: 2.783 cumulative IPC: 2.518 (Simulation time: 04 hr 37 min 24 sec)
Heartbeat CPU 5 instructions: 180000030 cycles: 61091578 heartbeat IPC: 2.355 cumulative IPC: 2.609 (Simulation time: 04 hr 39 min 45 sec)
Heartbeat CPU 7 instructions: 180000039 cycles: 61305614 heartbeat IPC: 2.631 cumulative IPC: 2.553 (Simulation time: 04 hr 40 min 46 sec)
Heartbeat CPU 10 instructions: 250000056 cycles: 61353106 heartbeat IPC: 4.038 cumulative IPC: 4.016 (Simulation time: 04 hr 41 min 00 sec)
Heartbeat CPU 8 instructions: 250000056 cycles: 61360318 heartbeat IPC: 4.039 cumulative IPC: 4.016 (Simulation time: 04 hr 41 min 02 sec)
Heartbeat CPU 4 instructions: 260000051 cycles: 61833762 heartbeat IPC: 4.105 cumulative IPC: 4.079 (Simulation time: 04 hr 43 min 21 sec)
Simulation finished CPU 4 instructions: 200000004 cycles: 49029672 cumulative IPC: 4.079 (Simulation time: 04 hr 44 min 05 sec)
Heartbeat CPU 2 instructions: 150000025 cycles: 62229406 heartbeat IPC: 2.885 cumulative IPC: 1.954 (Simulation time: 04 hr 45 min 16 sec)
Heartbeat CPU 1 instructions: 150000026 cycles: 62306595 heartbeat IPC: 2.879 cumulative IPC: 1.951 (Simulation time: 04 hr 45 min 39 sec)
Simulation finished CPU 10 instructions: 200000004 cycles: 49790559 cumulative IPC: 4.017 (Simulation time: 04 hr 47 min 46 sec)
Heartbeat CPU 9 instructions: 230000054 cycles: 62746880 heartbeat IPC: 3.654 cumulative IPC: 3.549 (Simulation time: 04 hr 47 min 47 sec)
Simulation finished CPU 8 instructions: 200000004 cycles: 49797293 cumulative IPC: 4.016 (Simulation time: 04 hr 47 min 48 sec)
Heartbeat CPU 15 instructions: 220000043 cycles: 62796601 heartbeat IPC: 3.01 cumulative IPC: 3.357 (Simulation time: 04 hr 48 min 01 sec)
Heartbeat CPU 0 instructions: 130000031 cycles: 63235379 heartbeat IPC: 1.472 cumulative IPC: 1.465 (Simulation time: 04 hr 50 min 09 sec)
Heartbeat CPU 10 instructions: 260000061 cycles: 63830863 heartbeat IPC: 4.036 cumulative IPC: 4.017 (Simulation time: 04 hr 53 min 02 sec)
Heartbeat CPU 8 instructions: 260000061 cycles: 63837222 heartbeat IPC: 4.037 cumulative IPC: 4.017 (Simulation time: 04 hr 53 min 04 sec)
Heartbeat CPU 14 instructions: 140000025 cycles: 64251988 heartbeat IPC: 1.786 cumulative IPC: 1.716 (Simulation time: 04 hr 55 min 02 sec)
Heartbeat CPU 4 instructions: 270000056 cycles: 64291760 heartbeat IPC: 4.068 cumulative IPC: 4.079 (Simulation time: 04 hr 55 min 13 sec)
Heartbeat CPU 12 instructions: 200000040 cycles: 64315293 heartbeat IPC: 2.672 cumulative IPC: 2.668 (Simulation time: 04 hr 55 min 20 sec)
Heartbeat CPU 11 instructions: 180000030 cycles: 64673068 heartbeat IPC: 2.457 cumulative IPC: 2.514 (Simulation time: 04 hr 57 min 04 sec)
Heartbeat CPU 6 instructions: 160000044 cycles: 64766388 heartbeat IPC: 2.042 cumulative IPC: 2.017 (Simulation time: 04 hr 57 min 31 sec)
Heartbeat CPU 13 instructions: 160000044 cycles: 64797918 heartbeat IPC: 2.044 cumulative IPC: 2.016 (Simulation time: 04 hr 57 min 40 sec)
Heartbeat CPU 7 instructions: 190000040 cycles: 65107753 heartbeat IPC: 2.63 cumulative IPC: 2.559 (Simulation time: 04 hr 59 min 11 sec)
Heartbeat CPU 5 instructions: 190000033 cycles: 65123606 heartbeat IPC: 2.48 cumulative IPC: 2.599 (Simulation time: 04 hr 59 min 15 sec)
Heartbeat CPU 9 instructions: 240000059 cycles: 65598394 heartbeat IPC: 3.507 cumulative IPC: 3.546 (Simulation time: 05 hr 01 min 33 sec)
Heartbeat CPU 2 instructions: 160000028 cycles: 65685525 heartbeat IPC: 2.893 cumulative IPC: 2.016 (Simulation time: 05 hr 01 min 58 sec)
Heartbeat CPU 1 instructions: 160000028 cycles: 65766510 heartbeat IPC: 2.89 cumulative IPC: 2.013 (Simulation time: 05 hr 02 min 22 sec)
Heartbeat CPU 15 instructions: 230000046 cycles: 66036410 heartbeat IPC: 3.087 cumulative IPC: 3.341 (Simulation time: 05 hr 03 min 39 sec)
Heartbeat CPU 10 instructions: 270000066 cycles: 66307300 heartbeat IPC: 4.038 cumulative IPC: 4.018 (Simulation time: 05 hr 05 min 00 sec)
Heartbeat CPU 8 instructions: 270000066 cycles: 66314570 heartbeat IPC: 4.037 cumulative IPC: 4.018 (Simulation time: 05 hr 05 min 02 sec)
Heartbeat CPU 3 instructions: 120000022 cycles: 66575617 heartbeat IPC: 1.646 cumulative IPC: 1.293 (Simulation time: 05 hr 06 min 20 sec)
Heartbeat CPU 4 instructions: 280000060 cycles: 66740130 heartbeat IPC: 4.084 cumulative IPC: 4.079 (Simulation time: 05 hr 07 min 08 sec)
Heartbeat CPU 12 instructions: 210000044 cycles: 68058851 heartbeat IPC: 2.671 cumulative IPC: 2.668 (Simulation time: 05 hr 13 min 40 sec)
Heartbeat CPU 9 instructions: 250000061 cycles: 68242262 heartbeat IPC: 3.782 cumulative IPC: 3.558 (Simulation time: 05 hr 14 min 35 sec)
Heartbeat CPU 11 instructions: 190000030 cycles: 68454310 heartbeat IPC: 2.645 cumulative IPC: 2.523 (Simulation time: 05 hr 15 min 38 sec)
Heartbeat CPU 10 instructions: 280000066 cycles: 68782834 heartbeat IPC: 4.04 cumulative IPC: 4.019 (Simulation time: 05 hr 17 min 12 sec)
Heartbeat CPU 8 instructions: 280000071 cycles: 68789373 heartbeat IPC: 4.041 cumulative IPC: 4.019 (Simulation time: 05 hr 17 min 14 sec)
Heartbeat CPU 5 instructions: 200000035 cycles: 68933801 heartbeat IPC: 2.625 cumulative IPC: 2.6 (Simulation time: 05 hr 17 min 55 sec)
Heartbeat CPU 7 instructions: 200000040 cycles: 68939462 heartbeat IPC: 2.61 cumulative IPC: 2.562 (Simulation time: 05 hr 17 min 56 sec)
Simulation finished CPU 9 instructions: 200000002 cycles: 56163981 cumulative IPC: 3.561 (Simulation time: 05 hr 18 min 48 sec)
Heartbeat CPU 15 instructions: 240000048 cycles: 69162645 heartbeat IPC: 3.199 cumulative IPC: 3.333 (Simulation time: 05 hr 19 min 00 sec)
Heartbeat CPU 4 instructions: 290000060 cycles: 69249663 heartbeat IPC: 3.985 cumulative IPC: 4.075 (Simulation time: 05 hr 19 min 25 sec)
Heartbeat CPU 2 instructions: 170000031 cycles: 69330644 heartbeat IPC: 2.743 cumulative IPC: 2.063 (Simulation time: 05 hr 19 min 48 sec)
Heartbeat CPU 1 instructions: 170000031 cycles: 69429221 heartbeat IPC: 2.73 cumulative IPC: 2.059 (Simulation time: 05 hr 20 min 16 sec)
Heartbeat CPU 6 instructions: 170000046 cycles: 69668908 heartbeat IPC: 2.04 cumulative IPC: 2.019 (Simulation time: 05 hr 21 min 23 sec)
Heartbeat CPU 13 instructions: 170000046 cycles: 69696329 heartbeat IPC: 2.041 cumulative IPC: 2.018 (Simulation time: 05 hr 21 min 31 sec)
Heartbeat CPU 14 instructions: 150000029 cycles: 69786740 heartbeat IPC: 1.807 cumulative IPC: 1.724 (Simulation time: 05 hr 21 min 56 sec)
Heartbeat CPU 0 instructions: 140000033 cycles: 70025884 heartbeat IPC: 1.473 cumulative IPC: 1.466 (Simulation time: 05 hr 23 min 04 sec)
Heartbeat CPU 9 instructions: 260000063 cycles: 71022370 heartbeat IPC: 3.597 cumulative IPC: 3.56 (Simulation time: 05 hr 27 min 50 sec)
Heartbeat CPU 10 instructions: 290000068 cycles: 71262039 heartbeat IPC: 4.034 cumulative IPC: 4.02 (Simulation time: 05 hr 28 min 58 sec)
Heartbeat CPU 8 instructions: 290000074 cycles: 71263783 heartbeat IPC: 4.041 cumulative IPC: 4.02 (Simulation time: 05 hr 28 min 59 sec)
Heartbeat CPU 4 instructions: 300000065 cycles: 71750617 heartbeat IPC: 3.998 cumulative IPC: 4.072 (Simulation time: 05 hr 31 min 17 sec)
Heartbeat CPU 12 instructions: 220000048 cycles: 71801065 heartbeat IPC: 2.672 cumulative IPC: 2.669 (Simulation time: 05 hr 31 min 31 sec)
Heartbeat CPU 11 instructions: 200000034 cycles: 72188834 heartbeat IPC: 2.678 cumulative IPC: 2.532 (Simulation time: 05 hr 33 min 20 sec)
Heartbeat CPU 15 instructions: 250000053 cycles: 72250631 heartbeat IPC: 3.238 cumulative IPC: 3.328 (Simulation time: 05 hr 33 min 36 sec)
Heartbeat CPU 5 instructions: 210000037 cycles: 72395435 heartbeat IPC: 2.889 cumulative IPC: 2.617 (Simulation time: 05 hr 34 min 17 sec)
Heartbeat CPU 7 instructions: 210000044 cycles: 72774064 heartbeat IPC: 2.608 cumulative IPC: 2.565 (Simulation time: 05 hr 36 min 00 sec)
Simulation finished CPU 15 instructions: 200000003 cycles: 60144507 cumulative IPC: 3.325 (Simulation time: 05 hr 37 min 31 sec)
Heartbeat CPU 9 instructions: 270000066 cycles: 73671801 heartbeat IPC: 3.774 cumulative IPC: 3.569 (Simulation time: 05 hr 40 min 12 sec)
Heartbeat CPU 10 instructions: 300000073 cycles: 73736676 heartbeat IPC: 4.041 cumulative IPC: 4.021 (Simulation time: 05 hr 40 min 30 sec)
Heartbeat CPU 8 instructions: 300000079 cycles: 73740413 heartbeat IPC: 4.038 cumulative IPC: 4.02 (Simulation time: 05 hr 40 min 31 sec)
Heartbeat CPU 2 instructions: 180000032 cycles: 73859295 heartbeat IPC: 2.208 cumulative IPC: 2.074 (Simulation time: 05 hr 41 min 05 sec)
Heartbeat CPU 1 instructions: 180000035 cycles: 73977684 heartbeat IPC: 2.199 cumulative IPC: 2.07 (Simulation time: 05 hr 41 min 39 sec)
Heartbeat CPU 4 instructions: 310000066 cycles: 74262580 heartbeat IPC: 3.981 cumulative IPC: 4.068 (Simulation time: 05 hr 42 min 59 sec)
Heartbeat CPU 6 instructions: 180000048 cycles: 74577380 heartbeat IPC: 2.037 cumulative IPC: 2.02 (Simulation time: 05 hr 44 min 28 sec)
Heartbeat CPU 13 instructions: 180000048 cycles: 74602835 heartbeat IPC: 2.038 cumulative IPC: 2.02 (Simulation time: 05 hr 44 min 35 sec)
Heartbeat CPU 14 instructions: 160000031 cycles: 75307006 heartbeat IPC: 1.812 cumulative IPC: 1.732 (Simulation time: 05 hr 47 min 55 sec)
Heartbeat CPU 15 instructions: 260000053 cycles: 75319586 heartbeat IPC: 3.258 cumulative IPC: 3.324 (Simulation time: 05 hr 47 min 58 sec)
Heartbeat CPU 12 instructions: 230000048 cycles: 75544547 heartbeat IPC: 2.671 cumulative IPC: 2.669 (Simulation time: 05 hr 49 min 02 sec)
Heartbeat CPU 3 instructions: 130000026 cycles: 75605585 heartbeat IPC: 1.107 cumulative IPC: 1.266 (Simulation time: 05 hr 49 min 19 sec)
Heartbeat CPU 11 instructions: 210000035 cycles: 75890629 heartbeat IPC: 2.701 cumulative IPC: 2.542 (Simulation time: 05 hr 50 min 39 sec)
Heartbeat CPU 10 instructions: 310000077 cycles: 76211857 heartbeat IPC: 4.04 cumulative IPC: 4.021 (Simulation time: 05 hr 52 min 10 sec)
Heartbeat CPU 8 instructions: 310000079 cycles: 76221373 heartbeat IPC: 4.031 cumulative IPC: 4.021 (Simulation time: 05 hr 52 min 13 sec)
Heartbeat CPU 5 instructions: 220000040 cycles: 76409717 heartbeat IPC: 2.491 cumulative IPC: 2.609 (Simulation time: 05 hr 53 min 08 sec)
Heartbeat CPU 9 instructions: 280000070 cycles: 76438457 heartbeat IPC: 3.614 cumulative IPC: 3.571 (Simulation time: 05 hr 53 min 16 sec)
Heartbeat CPU 7 instructions: 220000049 cycles: 76613910 heartbeat IPC: 2.604 cumulative IPC: 2.568 (Simulation time: 05 hr 54 min 08 sec)
Heartbeat CPU 4 instructions: 320000071 cycles: 76802547 heartbeat IPC: 3.937 cumulative IPC: 4.063 (Simulation time: 05 hr 55 min 03 sec)
Heartbeat CPU 0 instructions: 150000035 cycles: 76823432 heartbeat IPC: 1.471 cumulative IPC: 1.466 (Simulation time: 05 hr 55 min 09 sec)
Heartbeat CPU 15 instructions: 270000053 cycles: 78220261 heartbeat IPC: 3.447 cumulative IPC: 3.33 (Simulation time: 06 hr 01 min 57 sec)
Heartbeat CPU 2 instructions: 190000032 cycles: 78628403 heartbeat IPC: 2.097 cumulative IPC: 2.075 (Simulation time: 06 hr 03 min 57 sec)
Heartbeat CPU 10 instructions: 320000077 cycles: 78688271 heartbeat IPC: 4.038 cumulative IPC: 4.022 (Simulation time: 06 hr 04 min 14 sec)
Heartbeat CPU 8 instructions: 320000082 cycles: 78698484 heartbeat IPC: 4.037 cumulative IPC: 4.021 (Simulation time: 06 hr 04 min 17 sec)
Heartbeat CPU 1 instructions: 190000038 cycles: 78758459 heartbeat IPC: 2.092 cumulative IPC: 2.071 (Simulation time: 06 hr 04 min 35 sec)
Heartbeat CPU 9 instructions: 290000071 cycles: 79057733 heartbeat IPC: 3.818 cumulative IPC: 3.581 (Simulation time: 06 hr 06 min 03 sec)
Heartbeat CPU 12 instructions: 240000048 cycles: 79288020 heartbeat IPC: 2.671 cumulative IPC: 2.669 (Simulation time: 06 hr 07 min 10 sec)
Heartbeat CPU 4 instructions: 330000076 cycles: 79337960 heartbeat IPC: 3.944 cumulative IPC: 4.058 (Simulation time: 06 hr 07 min 24 sec)
Heartbeat CPU 6 instructions: 190000048 cycles: 79501337 heartbeat IPC: 2.031 cumulative IPC: 2.021 (Simulation time: 06 hr 08 min 12 sec)
Heartbeat CPU 13 instructions: 190000048 cycles: 79524209 heartbeat IPC: 2.032 cumulative IPC: 2.021 (Simulation time: 06 hr 08 min 19 sec)
Heartbeat CPU 11 instructions: 220000036 cycles: 79617258 heartbeat IPC: 2.683 cumulative IPC: 2.55 (Simulation time: 06 hr 08 min 46 sec)
Heartbeat CPU 5 instructions: 230000044 cycles: 79809361 heartbeat IPC: 2.941 cumulative IPC: 2.626 (Simulation time: 06 hr 09 min 43 sec)
Heartbeat CPU 7 instructions: 230000052 cycles: 80470941 heartbeat IPC: 2.593 cumulative IPC: 2.569 (Simulation time: 06 hr 12 min 55 sec)
Heartbeat CPU 14 instructions: 170000031 cycles: 80831302 heartbeat IPC: 1.81 cumulative IPC: 1.739 (Simulation time: 06 hr 14 min 39 sec)
Heartbeat CPU 10 instructions: 330000078 cycles: 81166118 heartbeat IPC: 4.036 cumulative IPC: 4.023 (Simulation time: 06 hr 16 min 13 sec)
Heartbeat CPU 8 instructions: 330000084 cycles: 81176076 heartbeat IPC: 4.036 cumulative IPC: 4.022 (Simulation time: 06 hr 16 min 16 sec)
Heartbeat CPU 15 instructions: 280000054 cycles: 81204925 heartbeat IPC: 3.35 cumulative IPC: 3.331 (Simulation time: 06 hr 16 min 24 sec)
Heartbeat CPU 9 instructions: 300000076 cycles: 81785220 heartbeat IPC: 3.666 cumulative IPC: 3.584 (Simulation time: 06 hr 19 min 06 sec)
Heartbeat CPU 4 instructions: 340000079 cycles: 81893725 heartbeat IPC: 3.913 cumulative IPC: 4.053 (Simulation time: 06 hr 19 min 36 sec)
Heartbeat CPU 12 instructions: 250000052 cycles: 83031540 heartbeat IPC: 2.671 cumulative IPC: 2.669 (Simulation time: 06 hr 24 min 49 sec)
Heartbeat CPU 11 instructions: 230000040 cycles: 83466666 heartbeat IPC: 2.598 cumulative IPC: 2.553 (Simulation time: 06 hr 26 min 51 sec)
Heartbeat CPU 3 instructions: 140000026 cycles: 83494159 heartbeat IPC: 1.268 cumulative IPC: 1.266 (Simulation time: 06 hr 27 min 00 sec)
Heartbeat CPU 0 instructions: 160000036 cycles: 83628822 heartbeat IPC: 1.469 cumulative IPC: 1.467 (Simulation time: 06 hr 27 min 39 sec)
Heartbeat CPU 10 instructions: 340000079 cycles: 83646486 heartbeat IPC: 4.032 cumulative IPC: 4.023 (Simulation time: 06 hr 27 min 44 sec)
Heartbeat CPU 8 instructions: 340000085 cycles: 83655236 heartbeat IPC: 4.034 cumulative IPC: 4.022 (Simulation time: 06 hr 27 min 46 sec)
Heartbeat CPU 5 instructions: 240000046 cycles: 83762046 heartbeat IPC: 2.53 cumulative IPC: 2.621 (Simulation time: 06 hr 28 min 17 sec)
Heartbeat CPU 2 instructions: 200000033 cycles: 84297619 heartbeat IPC: 1.764 cumulative IPC: 2.051 (Simulation time: 06 hr 30 min 52 sec)
Heartbeat CPU 15 instructions: 290000058 cycles: 84301709 heartbeat IPC: 3.229 cumulative IPC: 3.326 (Simulation time: 06 hr 30 min 53 sec)
Heartbeat CPU 7 instructions: 240000052 cycles: 84378031 heartbeat IPC: 2.559 cumulative IPC: 2.569 (Simulation time: 06 hr 31 min 15 sec)
Heartbeat CPU 1 instructions: 200000038 cycles: 84423181 heartbeat IPC: 1.765 cumulative IPC: 2.047 (Simulation time: 06 hr 31 min 28 sec)
Heartbeat CPU 4 instructions: 350000083 cycles: 84428074 heartbeat IPC: 3.946 cumulative IPC: 4.049 (Simulation time: 06 hr 31 min 30 sec)
Heartbeat CPU 9 instructions: 310000077 cycles: 84491396 heartbeat IPC: 3.695 cumulative IPC: 3.588 (Simulation time: 06 hr 31 min 49 sec)
Heartbeat CPU 6 instructions: 200000051 cycles: 84498928 heartbeat IPC: 2.001 cumulative IPC: 2.02 (Simulation time: 06 hr 31 min 51 sec)
Heartbeat CPU 13 instructions: 200000051 cycles: 84516744 heartbeat IPC: 2.003 cumulative IPC: 2.019 (Simulation time: 06 hr 31 min 56 sec)
Heartbeat CPU 10 instructions: 350000084 cycles: 86132805 heartbeat IPC: 4.022 cumulative IPC: 4.023 (Simulation time: 06 hr 39 min 41 sec)
Heartbeat CPU 8 instructions: 350000088 cycles: 86143671 heartbeat IPC: 4.019 cumulative IPC: 4.022 (Simulation time: 06 hr 39 min 44 sec)
Heartbeat CPU 14 instructions: 180000036 cycles: 86378221 heartbeat IPC: 1.803 cumulative IPC: 1.743 (Simulation time: 06 hr 40 min 49 sec)
Heartbeat CPU 12 instructions: 260000053 cycles: 86779053 heartbeat IPC: 2.668 cumulative IPC: 2.669 (Simulation time: 06 hr 42 min 40 sec)
Heartbeat CPU 4 instructions: 360000083 cycles: 87059556 heartbeat IPC: 3.8 cumulative IPC: 4.04 (Simulation time: 06 hr 43 min 57 sec)
Heartbeat CPU 9 instructions: 320000080 cycles: 87067057 heartbeat IPC: 3.882 cumulative IPC: 3.599 (Simulation time: 06 hr 43 min 59 sec)
Heartbeat CPU 15 instructions: 300000060 cycles: 87383752 heartbeat IPC: 3.245 cumulative IPC: 3.323 (Simulation time: 06 hr 45 min 28 sec)
Heartbeat CPU 11 instructions: 240000045 cycles: 87610612 heartbeat IPC: 2.413 cumulative IPC: 2.545 (Simulation time: 06 hr 46 min 33 sec)
Heartbeat CPU 5 instructions: 250000051 cycles: 87665303 heartbeat IPC: 2.562 cumulative IPC: 2.618 (Simulation time: 06 hr 46 min 49 sec)
Simulation finished CPU 12 instructions: 200000000 cycles: 74942402 cumulative IPC: 2.669 (Simulation time: 06 hr 47 min 55 sec)
Heartbeat CPU 7 instructions: 250000056 cycles: 88294993 heartbeat IPC: 2.553 cumulative IPC: 2.568 (Simulation time: 06 hr 49 min 47 sec)
Heartbeat CPU 10 instructions: 360000088 cycles: 88666464 heartbeat IPC: 3.947 cumulative IPC: 4.02 (Simulation time: 06 hr 51 min 32 sec)
Heartbeat CPU 8 instructions: 360000088 cycles: 88673088 heartbeat IPC: 3.953 cumulative IPC: 4.02 (Simulation time: 06 hr 51 min 34 sec)
Simulation finished CPU 5 instructions: 200000003 cycles: 76188123 cumulative IPC: 2.625 (Simulation time: 06 hr 53 min 48 sec)
Heartbeat CPU 6 instructions: 210000051 cycles: 89509711 heartbeat IPC: 1.996 cumulative IPC: 2.018 (Simulation time: 06 hr 55 min 30 sec)
Heartbeat CPU 13 instructions: 210000051 cycles: 89518631 heartbeat IPC: 1.999 cumulative IPC: 2.018 (Simulation time: 06 hr 55 min 33 sec)
Heartbeat CPU 9 instructions: 330000083 cycles: 89730920 heartbeat IPC: 3.754 cumulative IPC: 3.604 (Simulation time: 06 hr 56 min 34 sec)
Heartbeat CPU 4 instructions: 370000083 cycles: 89779834 heartbeat IPC: 3.676 cumulative IPC: 4.027 (Simulation time: 06 hr 56 min 48 sec)
Heartbeat CPU 0 instructions: 170000037 cycles: 90474075 heartbeat IPC: 1.461 cumulative IPC: 1.466 (Simulation time: 07 hr 00 min 03 sec)
Heartbeat CPU 15 instructions: 310000060 cycles: 90521185 heartbeat IPC: 3.187 cumulative IPC: 3.318 (Simulation time: 07 hr 00 min 17 sec)
Heartbeat CPU 12 instructions: 270000053 cycles: 90541949 heartbeat IPC: 2.658 cumulative IPC: 2.668 (Simulation time: 07 hr 00 min 23 sec)
Simulation finished CPU 7 instructions: 200000001 cycles: 77877967 cumulative IPC: 2.568 (Simulation time: 07 hr 01 min 46 sec)
Heartbeat CPU 3 instructions: 150000029 cycles: 90889445 heartbeat IPC: 1.352 cumulative IPC: 1.274 (Simulation time: 07 hr 02 min 02 sec)
Heartbeat CPU 10 instructions: 370000090 cycles: 91209146 heartbeat IPC: 3.933 cumulative IPC: 4.017 (Simulation time: 07 hr 03 min 34 sec)
Heartbeat CPU 8 instructions: 370000091 cycles: 91211752 heartbeat IPC: 3.939 cumulative IPC: 4.017 (Simulation time: 07 hr 03 min 34 sec)
Heartbeat CPU 5 instructions: 260000054 cycles: 91253670 heartbeat IPC: 2.787 cumulative IPC: 2.625 (Simulation time: 07 hr 03 min 46 sec)
Heartbeat CPU 14 instructions: 190000037 cycles: 91945503 heartbeat IPC: 1.796 cumulative IPC: 1.747 (Simulation time: 07 hr 07 min 05 sec)
Simulation finished CPU 11 instructions: 200000005 cycles: 79206602 cumulative IPC: 2.525 (Simulation time: 07 hr 08 min 07 sec)
Heartbeat CPU 11 instructions: 250000045 cycles: 92162164 heartbeat IPC: 2.197 cumulative IPC: 2.525 (Simulation time: 07 hr 08 min 07 sec)
Heartbeat CPU 7 instructions: 260000058 cycles: 92192718 heartbeat IPC: 2.566 cumulative IPC: 2.568 (Simulation time: 07 hr 08 min 16 sec)
Heartbeat CPU 9 instructions: 340000083 cycles: 92344314 heartbeat IPC: 3.826 cumulative IPC: 3.611 (Simulation time: 07 hr 09 min 00 sec)
Heartbeat CPU 4 instructions: 380000084 cycles: 92470672 heartbeat IPC: 3.716 cumulative IPC: 4.017 (Simulation time: 07 hr 09 min 37 sec)
Heartbeat CPU 15 instructions: 320000061 cycles: 93608530 heartbeat IPC: 3.239 cumulative IPC: 3.315 (Simulation time: 07 hr 15 min 12 sec)
Heartbeat CPU 10 instructions: 380000095 cycles: 93738847 heartbeat IPC: 3.953 cumulative IPC: 4.015 (Simulation time: 07 hr 15 min 50 sec)
Heartbeat CPU 8 instructions: 380000095 cycles: 93748164 heartbeat IPC: 3.943 cumulative IPC: 4.015 (Simulation time: 07 hr 15 min 53 sec)
Heartbeat CPU 12 instructions: 280000053 cycles: 94307068 heartbeat IPC: 2.656 cumulative IPC: 2.668 (Simulation time: 07 hr 18 min 34 sec)
Heartbeat CPU 6 instructions: 220000053 cycles: 94478537 heartbeat IPC: 2.013 cumulative IPC: 2.018 (Simulation time: 07 hr 19 min 22 sec)
Heartbeat CPU 13 instructions: 220000053 cycles: 94494677 heartbeat IPC: 2.01 cumulative IPC: 2.017 (Simulation time: 07 hr 19 min 27 sec)
Heartbeat CPU 9 instructions: 350000083 cycles: 94908542 heartbeat IPC: 3.9 cumulative IPC: 3.62 (Simulation time: 07 hr 21 min 26 sec)
Heartbeat CPU 5 instructions: 270000054 cycles: 95158817 heartbeat IPC: 2.561 cumulative IPC: 2.622 (Simulation time: 07 hr 22 min 38 sec)
Heartbeat CPU 4 instructions: 390000088 cycles: 95213845 heartbeat IPC: 3.645 cumulative IPC: 4.004 (Simulation time: 07 hr 22 min 54 sec)
Heartbeat CPU 10 instructions: 390000100 cycles: 96258808 heartbeat IPC: 3.968 cumulative IPC: 4.014 (Simulation time: 07 hr 28 min 00 sec)
Heartbeat CPU 8 instructions: 390000100 cycles: 96270924 heartbeat IPC: 3.964 cumulative IPC: 4.013 (Simulation time: 07 hr 28 min 04 sec)
Heartbeat CPU 7 instructions: 270000061 cycles: 96309269 heartbeat IPC: 2.429 cumulative IPC: 2.561 (Simulation time: 07 hr 28 min 15 sec)
Heartbeat CPU 11 instructions: 260000049 cycles: 96374520 heartbeat IPC: 2.374 cumulative IPC: 2.517 (Simulation time: 07 hr 28 min 34 sec)
Heartbeat CPU 2 instructions: 210000035 cycles: 96495455 heartbeat IPC: 0.8198 cumulative IPC: 1.871 (Simulation time: 07 hr 29 min 10 sec)
Heartbeat CPU 15 instructions: 330000061 cycles: 96663554 heartbeat IPC: 3.273 cumulative IPC: 3.313 (Simulation time: 07 hr 30 min 00 sec)
Heartbeat CPU 1 instructions: 210000039 cycles: 96683711 heartbeat IPC: 0.8156 cumulative IPC: 1.867 (Simulation time: 07 hr 30 min 05 sec)
Heartbeat CPU 0 instructions: 180000037 cycles: 97301511 heartbeat IPC: 1.465 cumulative IPC: 1.466 (Simulation time: 07 hr 33 min 09 sec)
Heartbeat CPU 3 instructions: 160000029 cycles: 97490042 heartbeat IPC: 1.515 cumulative IPC: 1.293 (Simulation time: 07 hr 34 min 05 sec)
Heartbeat CPU 14 instructions: 200000038 cycles: 97526026 heartbeat IPC: 1.792 cumulative IPC: 1.75 (Simulation time: 07 hr 34 min 15 sec)
Heartbeat CPU 9 instructions: 360000084 cycles: 97668057 heartbeat IPC: 3.624 cumulative IPC: 3.62 (Simulation time: 07 hr 34 min 56 sec)
Heartbeat CPU 4 instructions: 400000090 cycles: 97794199 heartbeat IPC: 3.875 cumulative IPC: 4 (Simulation time: 07 hr 35 min 31 sec)
Heartbeat CPU 12 instructions: 290000058 cycles: 98058138 heartbeat IPC: 2.666 cumulative IPC: 2.668 (Simulation time: 07 hr 36 min 47 sec)
Heartbeat CPU 10 instructions: 400000105 cycles: 98736390 heartbeat IPC: 4.036 cumulative IPC: 4.015 (Simulation time: 07 hr 40 min 02 sec)
Heartbeat CPU 8 instructions: 400000105 cycles: 98748518 heartbeat IPC: 4.036 cumulative IPC: 4.014 (Simulation time: 07 hr 40 min 05 sec)
Heartbeat CPU 5 instructions: 280000055 cycles: 98865548 heartbeat IPC: 2.698 cumulative IPC: 2.626 (Simulation time: 07 hr 40 min 38 sec)
Heartbeat CPU 6 instructions: 230000055 cycles: 99383464 heartbeat IPC: 2.039 cumulative IPC: 2.019 (Simulation time: 07 hr 43 min 08 sec)
Heartbeat CPU 13 instructions: 230000055 cycles: 99398343 heartbeat IPC: 2.039 cumulative IPC: 2.019 (Simulation time: 07 hr 43 min 13 sec)
Heartbeat CPU 15 instructions: 340000062 cycles: 99828492 heartbeat IPC: 3.16 cumulative IPC: 3.307 (Simulation time: 07 hr 45 min 18 sec)
Heartbeat CPU 7 instructions: 280000062 cycles: 100301915 heartbeat IPC: 2.505 cumulative IPC: 2.558 (Simulation time: 07 hr 47 min 37 sec)
Heartbeat CPU 4 instructions: 410000091 cycles: 100341953 heartbeat IPC: 3.925 cumulative IPC: 3.998 (Simulation time: 07 hr 47 min 49 sec)
Heartbeat CPU 9 instructions: 370000086 cycles: 100387755 heartbeat IPC: 3.677 cumulative IPC: 3.622 (Simulation time: 07 hr 48 min 02 sec)
Heartbeat CPU 11 instructions: 270000051 cycles: 100815359 heartbeat IPC: 2.252 cumulative IPC: 2.504 (Simulation time: 07 hr 50 min 09 sec)
Heartbeat CPU 2 instructions: 220000038 cycles: 100837710 heartbeat IPC: 2.303 cumulative IPC: 1.892 (Simulation time: 07 hr 50 min 16 sec)
Heartbeat CPU 1 instructions: 220000044 cycles: 101050401 heartbeat IPC: 2.29 cumulative IPC: 1.888 (Simulation time: 07 hr 51 min 19 sec)
Heartbeat CPU 10 instructions: 410000105 cycles: 101212588 heartbeat IPC: 4.038 cumulative IPC: 4.015 (Simulation time: 07 hr 52 min 07 sec)
Heartbeat CPU 8 instructions: 410000105 cycles: 101225368 heartbeat IPC: 4.037 cumulative IPC: 4.015 (Simulation time: 07 hr 52 min 11 sec)
Heartbeat CPU 12 instructions: 300000059 cycles: 101801174 heartbeat IPC: 2.672 cumulative IPC: 2.668 (Simulation time: 07 hr 54 min 58 sec)
Heartbeat CPU 5 instructions: 290000059 cycles: 102266173 heartbeat IPC: 2.941 cumulative IPC: 2.638 (Simulation time: 07 hr 57 min 14 sec)
Heartbeat CPU 4 instructions: 420000092 cycles: 102875286 heartbeat IPC: 3.947 cumulative IPC: 3.997 (Simulation time: 08 hr 00 min 09 sec)
Heartbeat CPU 15 instructions: 350000064 cycles: 102979792 heartbeat IPC: 3.173 cumulative IPC: 3.303 (Simulation time: 08 hr 00 min 39 sec)
Heartbeat CPU 14 instructions: 210000038 cycles: 103018417 heartbeat IPC: 1.821 cumulative IPC: 1.754 (Simulation time: 08 hr 00 min 51 sec)
Heartbeat CPU 9 instructions: 380000090 cycles: 103398584 heartbeat IPC: 3.321 cumulative IPC: 3.612 (Simulation time: 08 hr 02 min 42 sec)
Heartbeat CPU 10 instructions: 420000107 cycles: 103689226 heartbeat IPC: 4.038 cumulative IPC: 4.016 (Simulation time: 08 hr 04 min 09 sec)
Heartbeat CPU 8 instructions: 420000107 cycles: 103704443 heartbeat IPC: 4.034 cumulative IPC: 4.015 (Simulation time: 08 hr 04 min 14 sec)
Heartbeat CPU 0 instructions: 190000038 cycles: 104110455 heartbeat IPC: 1.469 cumulative IPC: 1.466 (Simulation time: 08 hr 06 min 12 sec)
Heartbeat CPU 7 instructions: 290000065 cycles: 104249954 heartbeat IPC: 2.533 cumulative IPC: 2.557 (Simulation time: 08 hr 06 min 53 sec)
Heartbeat CPU 6 instructions: 240000056 cycles: 104285290 heartbeat IPC: 2.04 cumulative IPC: 2.02 (Simulation time: 08 hr 07 min 03 sec)
Heartbeat CPU 13 instructions: 240000056 cycles: 104299717 heartbeat IPC: 2.04 cumulative IPC: 2.02 (Simulation time: 08 hr 07 min 07 sec)
Heartbeat CPU 2 instructions: 230000042 cycles: 104510134 heartbeat IPC: 2.723 cumulative IPC: 1.926 (Simulation time: 08 hr 08 min 09 sec)
Heartbeat CPU 11 instructions: 280000051 cycles: 104701360 heartbeat IPC: 2.573 cumulative IPC: 2.507 (Simulation time: 08 hr 09 min 06 sec)
Heartbeat CPU 1 instructions: 230000048 cycles: 104738530 heartbeat IPC: 2.711 cumulative IPC: 1.921 (Simulation time: 08 hr 09 min 17 sec)
Heartbeat CPU 4 instructions: 430000096 cycles: 105432286 heartbeat IPC: 3.911 cumulative IPC: 3.994 (Simulation time: 08 hr 12 min 42 sec)
Heartbeat CPU 12 instructions: 310000060 cycles: 105544618 heartbeat IPC: 2.671 cumulative IPC: 2.668 (Simulation time: 08 hr 13 min 15 sec)
Heartbeat CPU 5 instructions: 300000062 cycles: 105847889 heartbeat IPC: 2.792 cumulative IPC: 2.644 (Simulation time: 08 hr 14 min 44 sec)
Heartbeat CPU 15 instructions: 360000065 cycles: 105899475 heartbeat IPC: 3.425 cumulative IPC: 3.307 (Simulation time: 08 hr 15 min 00 sec)
Heartbeat CPU 10 instructions: 430000108 cycles: 106167369 heartbeat IPC: 4.035 cumulative IPC: 4.016 (Simulation time: 08 hr 16 min 20 sec)
Heartbeat CPU 8 instructions: 430000108 cycles: 106180851 heartbeat IPC: 4.038 cumulative IPC: 4.016 (Simulation time: 08 hr 16 min 24 sec)
Heartbeat CPU 9 instructions: 390000092 cycles: 106261924 heartbeat IPC: 3.492 cumulative IPC: 3.608 (Simulation time: 08 hr 16 min 49 sec)
Heartbeat CPU 3 instructions: 170000030 cycles: 106467693 heartbeat IPC: 1.114 cumulative IPC: 1.276 (Simulation time: 08 hr 17 min 50 sec)
Heartbeat CPU 2 instructions: 240000047 cycles: 108010891 heartbeat IPC: 2.857 cumulative IPC: 1.96 (Simulation time: 08 hr 25 min 39 sec)
Heartbeat CPU 4 instructions: 440000099 cycles: 108096456 heartbeat IPC: 3.754 cumulative IPC: 3.988 (Simulation time: 08 hr 26 min 04 sec)
Heartbeat CPU 7 instructions: 300000066 cycles: 108221802 heartbeat IPC: 2.518 cumulative IPC: 2.555 (Simulation time: 08 hr 26 min 41 sec)
Heartbeat CPU 1 instructions: 240000053 cycles: 108240805 heartbeat IPC: 2.855 cumulative IPC: 1.955 (Simulation time: 08 hr 26 min 46 sec)
Heartbeat CPU 14 instructions: 220000038 cycles: 108521970 heartbeat IPC: 1.817 cumulative IPC: 1.758 (Simulation time: 08 hr 28 min 08 sec)
Heartbeat CPU 10 instructions: 440000110 cycles: 108646001 heartbeat IPC: 4.034 cumulative IPC: 4.017 (Simulation time: 08 hr 28 min 45 sec)
Heartbeat CPU 11 instructions: 290000051 cycles: 108659811 heartbeat IPC: 2.526 cumulative IPC: 2.508 (Simulation time: 08 hr 28 min 49 sec)
Heartbeat CPU 8 instructions: 440000111 cycles: 108660562 heartbeat IPC: 4.033 cumulative IPC: 4.016 (Simulation time: 08 hr 28 min 49 sec)
Heartbeat CPU 15 instructions: 370000067 cycles: 108955925 heartbeat IPC: 3.272 cumulative IPC: 3.305 (Simulation time: 08 hr 30 min 16 sec)
Heartbeat CPU 9 instructions: 400000095 cycles: 109040186 heartbeat IPC: 3.599 cumulative IPC: 3.608 (Simulation time: 08 hr 30 min 41 sec)
Heartbeat CPU 6 instructions: 250000061 cycles: 109155894 heartbeat IPC: 2.053 cumulative IPC: 2.022 (Simulation time: 08 hr 31 min 15 sec)
Heartbeat CPU 13 instructions: 250000061 cycles: 109164954 heartbeat IPC: 2.055 cumulative IPC: 2.022 (Simulation time: 08 hr 31 min 18 sec)
Heartbeat CPU 5 instructions: 310000063 cycles: 109185622 heartbeat IPC: 2.996 cumulative IPC: 2.656 (Simulation time: 08 hr 31 min 24 sec)
Heartbeat CPU 12 instructions: 320000060 cycles: 109288397 heartbeat IPC: 2.671 cumulative IPC: 2.668 (Simulation time: 08 hr 31 min 54 sec)
Heartbeat CPU 0 instructions: 200000041 cycles: 110908009 heartbeat IPC: 1.471 cumulative IPC: 1.466 (Simulation time: 08 hr 39 min 53 sec)
Heartbeat CPU 10 instructions: 450000111 cycles: 111126881 heartbeat IPC: 4.031 cumulative IPC: 4.017 (Simulation time: 08 hr 40 min 56 sec)
Heartbeat CPU 8 instructions: 450000111 cycles: 111141895 heartbeat IPC: 4.03 cumulative IPC: 4.017 (Simulation time: 08 hr 41 min 00 sec)
Heartbeat CPU 2 instructions: 250000052 cycles: 111490351 heartbeat IPC: 2.874 cumulative IPC: 1.992 (Simulation time: 08 hr 42 min 40 sec)
Heartbeat CPU 1 instructions: 250000058 cycles: 111735083 heartbeat IPC: 2.862 cumulative IPC: 1.987 (Simulation time: 08 hr 43 min 49 sec)
Heartbeat CPU 9 instructions: 410000099 cycles: 111819649 heartbeat IPC: 3.598 cumulative IPC: 3.608 (Simulation time: 08 hr 44 min 13 sec)
Simulation finished CPU 6 instructions: 200000002 cycles: 98901023 cumulative IPC: 2.022 (Simulation time: 08 hr 44 min 24 sec)
Simulation finished CPU 13 instructions: 200000005 cycles: 98906272 cumulative IPC: 2.022 (Simulation time: 08 hr 44 min 25 sec)
Heartbeat CPU 7 instructions: 310000067 cycles: 112095130 heartbeat IPC: 2.582 cumulative IPC: 2.557 (Simulation time: 08 hr 45 min 31 sec)
Heartbeat CPU 15 instructions: 380000067 cycles: 112167927 heartbeat IPC: 3.113 cumulative IPC: 3.299 (Simulation time: 08 hr 45 min 51 sec)
Heartbeat CPU 4 instructions: 450000102 cycles: 112336606 heartbeat IPC: 2.358 cumulative IPC: 3.918 (Simulation time: 08 hr 46 min 39 sec)
Heartbeat CPU 5 instructions: 320000068 cycles: 112523502 heartbeat IPC: 2.996 cumulative IPC: 2.667 (Simulation time: 08 hr 47 min 31 sec)
Heartbeat CPU 11 instructions: 300000052 cycles: 112771965 heartbeat IPC: 2.432 cumulative IPC: 2.505 (Simulation time: 08 hr 48 min 41 sec)
Simulation finished CPU 2 instructions: 200000001 cycles: 99818937 cumulative IPC: 2.004 (Simulation time: 08 hr 48 min 42 sec)
Simulation finished CPU 1 instructions: 200000001 cycles: 100067484 cumulative IPC: 1.999 (Simulation time: 08 hr 49 min 53 sec)
Heartbeat CPU 12 instructions: 330000060 cycles: 113032453 heartbeat IPC: 2.671 cumulative IPC: 2.668 (Simulation time: 08 hr 49 min 56 sec)
Heartbeat CPU 10 instructions: 460000111 cycles: 113603454 heartbeat IPC: 4.038 cumulative IPC: 4.018 (Simulation time: 08 hr 52 min 38 sec)
Heartbeat CPU 8 instructions: 460000111 cycles: 113616518 heartbeat IPC: 4.041 cumulative IPC: 4.017 (Simulation time: 08 hr 52 min 42 sec)
Heartbeat CPU 14 instructions: 230000038 cycles: 113993373 heartbeat IPC: 1.828 cumulative IPC: 1.762 (Simulation time: 08 hr 54 min 34 sec)
Heartbeat CPU 3 instructions: 180000030 cycles: 114067887 heartbeat IPC: 1.316 cumulative IPC: 1.279 (Simulation time: 08 hr 54 min 56 sec)
Heartbeat CPU 6 instructions: 260000061 cycles: 114095889 heartbeat IPC: 2.024 cumulative IPC: 2.022 (Simulation time: 08 hr 55 min 05 sec)
Heartbeat CPU 13 instructions: 260000061 cycles: 114098597 heartbeat IPC: 2.027 cumulative IPC: 2.022 (Simulation time: 08 hr 55 min 05 sec)
Heartbeat CPU 9 instructions: 420000100 cycles: 114577964 heartbeat IPC: 3.625 cumulative IPC: 3.608 (Simulation time: 08 hr 57 min 29 sec)
Heartbeat CPU 2 instructions: 260000057 cycles: 114907994 heartbeat IPC: 2.926 cumulative IPC: 2.023 (Simulation time: 08 hr 59 min 09 sec)
Heartbeat CPU 1 instructions: 260000063 cycles: 115158543 heartbeat IPC: 2.921 cumulative IPC: 2.018 (Simulation time: 09 hr 00 min 24 sec)
Heartbeat CPU 15 instructions: 390000068 cycles: 115160076 heartbeat IPC: 3.342 cumulative IPC: 3.301 (Simulation time: 09 hr 00 min 25 sec)
Heartbeat CPU 4 instructions: 460000103 cycles: 115665010 heartbeat IPC: 3.004 cumulative IPC: 3.889 (Simulation time: 09 hr 02 min 54 sec)
Heartbeat CPU 5 instructions: 330000072 cycles: 115862193 heartbeat IPC: 2.995 cumulative IPC: 2.678 (Simulation time: 09 hr 03 min 51 sec)
Heartbeat CPU 7 instructions: 320000072 cycles: 115922487 heartbeat IPC: 2.613 cumulative IPC: 2.559 (Simulation time: 09 hr 04 min 10 sec)
Heartbeat CPU 10 instructions: 470000111 cycles: 116077634 heartbeat IPC: 4.042 cumulative IPC: 4.018 (Simulation time: 09 hr 04 min 56 sec)
Heartbeat CPU 8 instructions: 470000111 cycles: 116091875 heartbeat IPC: 4.04 cumulative IPC: 4.018 (Simulation time: 09 hr 05 min 00 sec)
Heartbeat CPU 12 instructions: 340000060 cycles: 116776165 heartbeat IPC: 2.671 cumulative IPC: 2.668 (Simulation time: 09 hr 08 min 24 sec)
Heartbeat CPU 11 instructions: 310000056 cycles: 117016586 heartbeat IPC: 2.356 cumulative IPC: 2.499 (Simulation time: 09 hr 09 min 36 sec)
Heartbeat CPU 9 instructions: 430000102 cycles: 117294932 heartbeat IPC: 3.681 cumulative IPC: 3.61 (Simulation time: 09 hr 11 min 00 sec)
Heartbeat CPU 0 instructions: 210000044 cycles: 117703364 heartbeat IPC: 1.472 cumulative IPC: 1.467 (Simulation time: 09 hr 13 min 02 sec)
Heartbeat CPU 4 instructions: 470000104 cycles: 117987774 heartbeat IPC: 4.305 cumulative IPC: 3.898 (Simulation time: 09 hr 14 min 27 sec)
Heartbeat CPU 15 instructions: 400000068 cycles: 118294354 heartbeat IPC: 3.191 cumulative IPC: 3.297 (Simulation time: 09 hr 15 min 58 sec)
Heartbeat CPU 2 instructions: 270000058 cycles: 118401441 heartbeat IPC: 2.863 cumulative IPC: 2.051 (Simulation time: 09 hr 16 min 30 sec)
Heartbeat CPU 10 instructions: 480000115 cycles: 118557481 heartbeat IPC: 4.033 cumulative IPC: 4.019 (Simulation time: 09 hr 17 min 16 sec)
Heartbeat CPU 8 instructions: 480000115 cycles: 118571762 heartbeat IPC: 4.032 cumulative IPC: 4.018 (Simulation time: 09 hr 17 min 20 sec)
Heartbeat CPU 1 instructions: 270000064 cycles: 118662968 heartbeat IPC: 2.854 cumulative IPC: 2.046 (Simulation time: 09 hr 17 min 48 sec)
Heartbeat CPU 6 instructions: 270000061 cycles: 119053658 heartbeat IPC: 2.017 cumulative IPC: 2.022 (Simulation time: 09 hr 19 min 42 sec)
Heartbeat CPU 13 instructions: 270000061 cycles: 119059135 heartbeat IPC: 2.016 cumulative IPC: 2.022 (Simulation time: 09 hr 19 min 43 sec)
Heartbeat CPU 5 instructions: 340000072 cycles: 119442203 heartbeat IPC: 2.793 cumulative IPC: 2.682 (Simulation time: 09 hr 21 min 31 sec)
Heartbeat CPU 14 instructions: 240000040 cycles: 119474038 heartbeat IPC: 1.825 cumulative IPC: 1.765 (Simulation time: 09 hr 21 min 40 sec)
Heartbeat CPU 7 instructions: 330000073 cycles: 119823586 heartbeat IPC: 2.563 cumulative IPC: 2.559 (Simulation time: 09 hr 23 min 19 sec)
Heartbeat CPU 9 instructions: 440000105 cycles: 119939775 heartbeat IPC: 3.781 cumulative IPC: 3.614 (Simulation time: 09 hr 23 min 52 sec)
Heartbeat CPU 12 instructions: 350000063 cycles: 120519785 heartbeat IPC: 2.671 cumulative IPC: 2.668 (Simulation time: 09 hr 26 min 31 sec)
Heartbeat CPU 4 instructions: 480000104 cycles: 120612569 heartbeat IPC: 3.81 cumulative IPC: 3.896 (Simulation time: 09 hr 26 min 56 sec)
Heartbeat CPU 10 instructions: 490000118 cycles: 121031502 heartbeat IPC: 4.042 cumulative IPC: 4.019 (Simulation time: 09 hr 28 min 50 sec)
Heartbeat CPU 8 instructions: 490000117 cycles: 121049647 heartbeat IPC: 4.036 cumulative IPC: 4.019 (Simulation time: 09 hr 28 min 56 sec)
Heartbeat CPU 11 instructions: 320000060 cycles: 121262775 heartbeat IPC: 2.355 cumulative IPC: 2.493 (Simulation time: 09 hr 29 min 55 sec)
Heartbeat CPU 15 instructions: 410000068 cycles: 121371389 heartbeat IPC: 3.25 cumulative IPC: 3.296 (Simulation time: 09 hr 30 min 25 sec)
Heartbeat CPU 3 instructions: 190000032 cycles: 122242333 heartbeat IPC: 1.223 cumulative IPC: 1.275 (Simulation time: 09 hr 34 min 26 sec)
Heartbeat CPU 9 instructions: 450000106 cycles: 122641155 heartbeat IPC: 3.702 cumulative IPC: 3.617 (Simulation time: 09 hr 36 min 15 sec)
Heartbeat CPU 2 instructions: 280000059 cycles: 122773433 heartbeat IPC: 2.287 cumulative IPC: 2.061 (Simulation time: 09 hr 36 min 50 sec)
Heartbeat CPU 5 instructions: 350000073 cycles: 122841037 heartbeat IPC: 2.942 cumulative IPC: 2.69 (Simulation time: 09 hr 37 min 08 sec)
Heartbeat CPU 1 instructions: 280000067 cycles: 123043110 heartbeat IPC: 2.283 cumulative IPC: 2.056 (Simulation time: 09 hr 38 min 03 sec)
Heartbeat CPU 10 instructions: 500000123 cycles: 123508381 heartbeat IPC: 4.037 cumulative IPC: 4.02 (Simulation time: 09 hr 40 min 16 sec)
Heartbeat CPU 8 instructions: 500000122 cycles: 123527570 heartbeat IPC: 4.036 cumulative IPC: 4.019 (Simulation time: 09 hr 40 min 22 sec)
Heartbeat CPU 4 instructions: 490000105 cycles: 123873882 heartbeat IPC: 3.066 cumulative IPC: 3.871 (Simulation time: 09 hr 42 min 00 sec)
Heartbeat CPU 7 instructions: 340000073 cycles: 123968809 heartbeat IPC: 2.412 cumulative IPC: 2.553 (Simulation time: 09 hr 42 min 27 sec)
Heartbeat CPU 6 instructions: 280000061 cycles: 124035283 heartbeat IPC: 2.007 cumulative IPC: 2.021 (Simulation time: 09 hr 42 min 45 sec)
Heartbeat CPU 13 instructions: 280000061 cycles: 124037881 heartbeat IPC: 2.009 cumulative IPC: 2.021 (Simulation time: 09 hr 42 min 46 sec)
Heartbeat CPU 12 instructions: 360000065 cycles: 124262531 heartbeat IPC: 2.672 cumulative IPC: 2.669 (Simulation time: 09 hr 43 min 49 sec)
Heartbeat CPU 0 instructions: 220000045 cycles: 124509084 heartbeat IPC: 1.469 cumulative IPC: 1.467 (Simulation time: 09 hr 44 min 59 sec)
Heartbeat CPU 15 instructions: 420000071 cycles: 124521529 heartbeat IPC: 3.174 cumulative IPC: 3.292 (Simulation time: 09 hr 45 min 03 sec)
Heartbeat CPU 11 instructions: 330000063 cycles: 124807962 heartbeat IPC: 2.821 cumulative IPC: 2.503 (Simulation time: 09 hr 46 min 26 sec)
Heartbeat CPU 14 instructions: 250000044 cycles: 124979635 heartbeat IPC: 1.816 cumulative IPC: 1.768 (Simulation time: 09 hr 47 min 15 sec)
Heartbeat CPU 9 instructions: 460000109 cycles: 125335419 heartbeat IPC: 3.712 cumulative IPC: 3.619 (Simulation time: 09 hr 48 min 56 sec)
Heartbeat CPU 10 instructions: 510000124 cycles: 125986699 heartbeat IPC: 4.035 cumulative IPC: 4.02 (Simulation time: 09 hr 51 min 57 sec)
Heartbeat CPU 8 instructions: 510000122 cycles: 126007217 heartbeat IPC: 4.033 cumulative IPC: 4.019 (Simulation time: 09 hr 52 min 03 sec)
Simulation finished CPU 14 instructions: 200000000 cycles: 113134993 cumulative IPC: 1.768 (Simulation time: 09 hr 52 min 26 sec)
Heartbeat CPU 5 instructions: 360000075 cycles: 126299260 heartbeat IPC: 2.892 cumulative IPC: 2.696 (Simulation time: 09 hr 53 min 25 sec)
Heartbeat CPU 4 instructions: 500000105 cycles: 126855533 heartbeat IPC: 3.354 cumulative IPC: 3.858 (Simulation time: 09 hr 56 min 03 sec)
Heartbeat CPU 2 instructions: 290000059 cycles: 127400034 heartbeat IPC: 2.161 cumulative IPC: 2.065 (Simulation time: 09 hr 58 min 38 sec)
Heartbeat CPU 1 instructions: 290000069 cycles: 127686673 heartbeat IPC: 2.154 cumulative IPC: 2.06 (Simulation time: 09 hr 59 min 58 sec)
Heartbeat CPU 15 instructions: 430000072 cycles: 127720695 heartbeat IPC: 3.126 cumulative IPC: 3.288 (Simulation time: 10 hr 00 min 08 sec)
Heartbeat CPU 7 instructions: 350000078 cycles: 127870960 heartbeat IPC: 2.563 cumulative IPC: 2.554 (Simulation time: 10 hr 00 min 50 sec)
Heartbeat CPU 12 instructions: 370000065 cycles: 128006547 heartbeat IPC: 2.671 cumulative IPC: 2.669 (Simulation time: 10 hr 01 min 27 sec)
Heartbeat CPU 9 instructions: 470000109 cycles: 128066490 heartbeat IPC: 3.662 cumulative IPC: 3.62 (Simulation time: 10 hr 01 min 44 sec)
Heartbeat CPU 10 instructions: 520000124 cycles: 128467200 heartbeat IPC: 4.031 cumulative IPC: 4.02 (Simulation time: 10 hr 03 min 38 sec)
Heartbeat CPU 8 instructions: 520000124 cycles: 128484624 heartbeat IPC: 4.036 cumulative IPC: 4.02 (Simulation time: 10 hr 03 min 43 sec)
Heartbeat CPU 6 instructions: 290000061 cycles: 128986849 heartbeat IPC: 2.02 cumulative IPC: 2.021 (Simulation time: 10 hr 06 min 05 sec)
Heartbeat CPU 13 instructions: 290000061 cycles: 128987683 heartbeat IPC: 2.02 cumulative IPC: 2.021 (Simulation time: 10 hr 06 min 05 sec)
Heartbeat CPU 11 instructions: 340000066 cycles: 129045143 heartbeat IPC: 2.36 cumulative IPC: 2.498 (Simulation time: 10 hr 06 min 22 sec)
Heartbeat CPU 4 instructions: 510000107 cycles: 129733272 heartbeat IPC: 3.475 cumulative IPC: 3.848 (Simulation time: 10 hr 09 min 45 sec)
Heartbeat CPU 5 instructions: 370000078 cycles: 129817870 heartbeat IPC: 2.842 cumulative IPC: 2.7 (Simulation time: 10 hr 10 min 10 sec)
Heartbeat CPU 3 instructions: 200000034 cycles: 129934881 heartbeat IPC: 1.3 cumulative IPC: 1.276 (Simulation time: 10 hr 10 min 45 sec)
Heartbeat CPU 14 instructions: 260000045 cycles: 130456371 heartbeat IPC: 1.826 cumulative IPC: 1.77 (Simulation time: 10 hr 13 min 17 sec)
Heartbeat CPU 9 instructions: 480000113 cycles: 130791387 heartbeat IPC: 3.67 cumulative IPC: 3.621 (Simulation time: 10 hr 14 min 56 sec)
Heartbeat CPU 10 instructions: 530000129 cycles: 130940035 heartbeat IPC: 4.044 cumulative IPC: 4.021 (Simulation time: 10 hr 15 min 39 sec)
Heartbeat CPU 15 instructions: 440000075 cycles: 130956242 heartbeat IPC: 3.091 cumulative IPC: 3.282 (Simulation time: 10 hr 15 min 44 sec)
Heartbeat CPU 8 instructions: 530000129 cycles: 130963157 heartbeat IPC: 4.035 cumulative IPC: 4.02 (Simulation time: 10 hr 15 min 46 sec)
Heartbeat CPU 0 instructions: 230000048 cycles: 131304320 heartbeat IPC: 1.472 cumulative IPC: 1.467 (Simulation time: 10 hr 17 min 26 sec)
Heartbeat CPU 12 instructions: 380000067 cycles: 131750107 heartbeat IPC: 2.671 cumulative IPC: 2.669 (Simulation time: 10 hr 19 min 32 sec)
Heartbeat CPU 7 instructions: 360000078 cycles: 131754484 heartbeat IPC: 2.575 cumulative IPC: 2.554 (Simulation time: 10 hr 19 min 34 sec)
Heartbeat CPU 2 instructions: 300000063 cycles: 132598968 heartbeat IPC: 1.923 cumulative IPC: 2.059 (Simulation time: 10 hr 23 min 29 sec)
Heartbeat CPU 11 instructions: 350000068 cycles: 132639407 heartbeat IPC: 2.782 cumulative IPC: 2.507 (Simulation time: 10 hr 23 min 40 sec)
Heartbeat CPU 4 instructions: 520000108 cycles: 132678335 heartbeat IPC: 3.396 cumulative IPC: 3.837 (Simulation time: 10 hr 23 min 51 sec)
Heartbeat CPU 1 instructions: 300000069 cycles: 132890279 heartbeat IPC: 1.922 cumulative IPC: 2.054 (Simulation time: 10 hr 24 min 51 sec)
Heartbeat CPU 10 instructions: 540000134 cycles: 133419011 heartbeat IPC: 4.034 cumulative IPC: 4.021 (Simulation time: 10 hr 27 min 17 sec)
Heartbeat CPU 8 instructions: 540000134 cycles: 133444181 heartbeat IPC: 4.031 cumulative IPC: 4.02 (Simulation time: 10 hr 27 min 24 sec)
Heartbeat CPU 9 instructions: 490000113 cycles: 133504447 heartbeat IPC: 3.686 cumulative IPC: 3.623 (Simulation time: 10 hr 27 min 41 sec)
Heartbeat CPU 13 instructions: 300000063 cycles: 133921647 heartbeat IPC: 2.027 cumulative IPC: 2.021 (Simulation time: 10 hr 29 min 40 sec)
Heartbeat CPU 6 instructions: 300000063 cycles: 133928131 heartbeat IPC: 2.024 cumulative IPC: 2.021 (Simulation time: 10 hr 29 min 42 sec)
Heartbeat CPU 15 instructions: 450000078 cycles: 134453660 heartbeat IPC: 2.859 cumulative IPC: 3.27 (Simulation time: 10 hr 32 min 11 sec)
Heartbeat CPU 5 instructions: 380000081 cycles: 134778460 heartbeat IPC: 2.016 cumulative IPC: 2.672 (Simulation time: 10 hr 33 min 44 sec)
Heartbeat CPU 12 instructions: 390000067 cycles: 135495392 heartbeat IPC: 2.67 cumulative IPC: 2.669 (Simulation time: 10 hr 37 min 11 sec)
Heartbeat CPU 7 instructions: 370000079 cycles: 135610661 heartbeat IPC: 2.593 cumulative IPC: 2.556 (Simulation time: 10 hr 37 min 44 sec)
Heartbeat CPU 4 instructions: 530000111 cycles: 135656280 heartbeat IPC: 3.358 cumulative IPC: 3.826 (Simulation time: 10 hr 37 min 57 sec)
Heartbeat CPU 10 instructions: 550000139 cycles: 135902374 heartbeat IPC: 4.027 cumulative IPC: 4.021 (Simulation time: 10 hr 39 min 07 sec)
Heartbeat CPU 8 instructions: 550000134 cycles: 135924090 heartbeat IPC: 4.032 cumulative IPC: 4.02 (Simulation time: 10 hr 39 min 12 sec)
Heartbeat CPU 14 instructions: 270000046 cycles: 135947899 heartbeat IPC: 1.821 cumulative IPC: 1.772 (Simulation time: 10 hr 39 min 19 sec)
Heartbeat CPU 9 instructions: 500000113 cycles: 136205592 heartbeat IPC: 3.702 cumulative IPC: 3.624 (Simulation time: 10 hr 40 min 35 sec)
Heartbeat CPU 11 instructions: 360000072 cycles: 136954302 heartbeat IPC: 2.318 cumulative IPC: 2.5 (Simulation time: 10 hr 44 min 10 sec)
Heartbeat CPU 3 instructions: 210000034 cycles: 137136446 heartbeat IPC: 1.389 cumulative IPC: 1.283 (Simulation time: 10 hr 45 min 02 sec)
Heartbeat CPU 15 instructions: 460000083 cycles: 137342112 heartbeat IPC: 3.462 cumulative IPC: 3.275 (Simulation time: 10 hr 46 min 02 sec)
Heartbeat CPU 0 instructions: 240000049 cycles: 138118515 heartbeat IPC: 1.468 cumulative IPC: 1.467 (Simulation time: 10 hr 49 min 47 sec)
Heartbeat CPU 10 instructions: 560000144 cycles: 138424371 heartbeat IPC: 3.965 cumulative IPC: 4.02 (Simulation time: 10 hr 51 min 13 sec)
Heartbeat CPU 8 instructions: 560000138 cycles: 138452547 heartbeat IPC: 3.955 cumulative IPC: 4.019 (Simulation time: 10 hr 51 min 21 sec)
Heartbeat CPU 5 instructions: 390000084 cycles: 138736808 heartbeat IPC: 2.526 cumulative IPC: 2.668 (Simulation time: 10 hr 52 min 40 sec)
Heartbeat CPU 4 instructions: 540000111 cycles: 138798366 heartbeat IPC: 3.183 cumulative IPC: 3.809 (Simulation time: 10 hr 52 min 58 sec)
Heartbeat CPU 13 instructions: 310000067 cycles: 138838806 heartbeat IPC: 2.034 cumulative IPC: 2.022 (Simulation time: 10 hr 53 min 09 sec)
Heartbeat CPU 6 instructions: 310000067 cycles: 138852498 heartbeat IPC: 2.031 cumulative IPC: 2.022 (Simulation time: 10 hr 53 min 13 sec)
Heartbeat CPU 9 instructions: 510000114 cycles: 138953235 heartbeat IPC: 3.639 cumulative IPC: 3.625 (Simulation time: 10 hr 53 min 42 sec)
Heartbeat CPU 12 instructions: 400000067 cycles: 139255516 heartbeat IPC: 2.659 cumulative IPC: 2.668 (Simulation time: 10 hr 55 min 06 sec)
Heartbeat CPU 7 instructions: 380000082 cycles: 139920092 heartbeat IPC: 2.32 cumulative IPC: 2.548 (Simulation time: 10 hr 58 min 17 sec)
Heartbeat CPU 15 instructions: 470000087 cycles: 140372865 heartbeat IPC: 3.3 cumulative IPC: 3.275 (Simulation time: 11 hr 00 min 28 sec)
Heartbeat CPU 10 instructions: 570000146 cycles: 140963595 heartbeat IPC: 3.938 cumulative IPC: 4.018 (Simulation time: 11 hr 03 min 17 sec)
Heartbeat CPU 8 instructions: 570000140 cycles: 140993484 heartbeat IPC: 3.936 cumulative IPC: 4.017 (Simulation time: 11 hr 03 min 25 sec)
Heartbeat CPU 14 instructions: 280000049 cycles: 141432636 heartbeat IPC: 1.823 cumulative IPC: 1.775 (Simulation time: 11 hr 05 min 32 sec)
Heartbeat CPU 9 instructions: 520000116 cycles: 141639111 heartbeat IPC: 3.723 cumulative IPC: 3.627 (Simulation time: 11 hr 06 min 32 sec)
Heartbeat CPU 4 instructions: 550000112 cycles: 141911426 heartbeat IPC: 3.212 cumulative IPC: 3.795 (Simulation time: 11 hr 07 min 49 sec)
Heartbeat CPU 11 instructions: 370000074 cycles: 141948371 heartbeat IPC: 2.002 cumulative IPC: 2.481 (Simulation time: 11 hr 07 min 59 sec)
Heartbeat CPU 5 instructions: 400000085 cycles: 142261953 heartbeat IPC: 2.837 cumulative IPC: 2.672 (Simulation time: 11 hr 09 min 27 sec)
Heartbeat CPU 12 instructions: 410000072 cycles: 143023018 heartbeat IPC: 2.654 cumulative IPC: 2.668 (Simulation time: 11 hr 13 min 05 sec)
Heartbeat CPU 10 instructions: 580000146 cycles: 143512433 heartbeat IPC: 3.923 cumulative IPC: 4.016 (Simulation time: 11 hr 15 min 30 sec)
Heartbeat CPU 8 instructions: 580000141 cycles: 143532579 heartbeat IPC: 3.938 cumulative IPC: 4.016 (Simulation time: 11 hr 15 min 36 sec)
Heartbeat CPU 15 instructions: 480000089 cycles: 143538557 heartbeat IPC: 3.159 cumulative IPC: 3.272 (Simulation time: 11 hr 15 min 38 sec)
Heartbeat CPU 13 instructions: 320000072 cycles: 143782343 heartbeat IPC: 2.023 cumulative IPC: 2.022 (Simulation time: 11 hr 16 min 49 sec)
Heartbeat CPU 6 instructions: 320000072 cycles: 143794012 heartbeat IPC: 2.024 cumulative IPC: 2.022 (Simulation time: 11 hr 16 min 52 sec)
Heartbeat CPU 7 instructions: 390000085 cycles: 144037308 heartbeat IPC: 2.429 cumulative IPC: 2.544 (Simulation time: 11 hr 18 min 05 sec)
Heartbeat CPU 9 instructions: 530000117 cycles: 144304666 heartbeat IPC: 3.752 cumulative IPC: 3.629 (Simulation time: 11 hr 19 min 23 sec)
Heartbeat CPU 3 instructions: 220000034 cycles: 144377224 heartbeat IPC: 1.381 cumulative IPC: 1.288 (Simulation time: 11 hr 19 min 44 sec)
Heartbeat CPU 0 instructions: 250000051 cycles: 144982070 heartbeat IPC: 1.457 cumulative IPC: 1.467 (Simulation time: 11 hr 22 min 44 sec)
Heartbeat CPU 4 instructions: 560000115 cycles: 145123965 heartbeat IPC: 3.113 cumulative IPC: 3.778 (Simulation time: 11 hr 23 min 26 sec)
Heartbeat CPU 5 instructions: 410000085 cycles: 145724222 heartbeat IPC: 2.888 cumulative IPC: 2.678 (Simulation time: 11 hr 26 min 22 sec)
Heartbeat CPU 2 instructions: 310000067 cycles: 145831103 heartbeat IPC: 0.7557 cumulative IPC: 1.929 (Simulation time: 11 hr 26 min 54 sec)
Heartbeat CPU 10 instructions: 590000149 cycles: 146051327 heartbeat IPC: 3.939 cumulative IPC: 4.015 (Simulation time: 11 hr 28 min 02 sec)
Heartbeat CPU 8 instructions: 590000144 cycles: 146061581 heartbeat IPC: 3.954 cumulative IPC: 4.015 (Simulation time: 11 hr 28 min 05 sec)
Heartbeat CPU 1 instructions: 310000070 cycles: 146158098 heartbeat IPC: 0.7537 cumulative IPC: 1.924 (Simulation time: 11 hr 28 min 33 sec)
Heartbeat CPU 15 instructions: 490000089 cycles: 146416149 heartbeat IPC: 3.475 cumulative IPC: 3.277 (Simulation time: 11 hr 29 min 49 sec)
Heartbeat CPU 11 instructions: 380000077 cycles: 146697152 heartbeat IPC: 2.106 cumulative IPC: 2.467 (Simulation time: 11 hr 31 min 13 sec)
Heartbeat CPU 12 instructions: 420000077 cycles: 146783441 heartbeat IPC: 2.659 cumulative IPC: 2.668 (Simulation time: 11 hr 31 min 39 sec)
Heartbeat CPU 14 instructions: 290000052 cycles: 146917774 heartbeat IPC: 1.823 cumulative IPC: 1.777 (Simulation time: 11 hr 32 min 21 sec)
Heartbeat CPU 9 instructions: 540000120 cycles: 146986723 heartbeat IPC: 3.728 cumulative IPC: 3.631 (Simulation time: 11 hr 32 min 41 sec)
Heartbeat CPU 7 instructions: 400000090 cycles: 147996369 heartbeat IPC: 2.526 cumulative IPC: 2.543 (Simulation time: 11 hr 37 min 47 sec)
Heartbeat CPU 4 instructions: 570000117 cycles: 148151968 heartbeat IPC: 3.303 cumulative IPC: 3.768 (Simulation time: 11 hr 38 min 34 sec)
Heartbeat CPU 10 instructions: 600000152 cycles: 148534432 heartbeat IPC: 4.027 cumulative IPC: 4.015 (Simulation time: 11 hr 40 min 29 sec)
Heartbeat CPU 8 instructions: 600000146 cycles: 148541993 heartbeat IPC: 4.032 cumulative IPC: 4.015 (Simulation time: 11 hr 40 min 32 sec)
Heartbeat CPU 13 instructions: 330000074 cycles: 148665889 heartbeat IPC: 2.048 cumulative IPC: 2.023 (Simulation time: 11 hr 41 min 09 sec)
Heartbeat CPU 6 instructions: 330000074 cycles: 148680843 heartbeat IPC: 2.046 cumulative IPC: 2.023 (Simulation time: 11 hr 41 min 13 sec)
Heartbeat CPU 5 instructions: 420000088 cycles: 149122787 heartbeat IPC: 2.942 cumulative IPC: 2.685 (Simulation time: 11 hr 43 min 24 sec)
Simulation finished CPU 0 instructions: 200000003 cycles: 136375114 cumulative IPC: 1.467 (Simulation time: 11 hr 44 min 28 sec)
Heartbeat CPU 15 instructions: 500000091 cycles: 149634420 heartbeat IPC: 3.107 cumulative IPC: 3.273 (Simulation time: 11 hr 45 min 58 sec)
Heartbeat CPU 9 instructions: 550000121 cycles: 149684123 heartbeat IPC: 3.707 cumulative IPC: 3.633 (Simulation time: 11 hr 46 min 13 sec)
Heartbeat CPU 2 instructions: 320000072 cycles: 150267096 heartbeat IPC: 2.254 cumulative IPC: 1.939 (Simulation time: 11 hr 49 min 11 sec)
Heartbeat CPU 3 instructions: 230000037 cycles: 150431090 heartbeat IPC: 1.652 cumulative IPC: 1.304 (Simulation time: 11 hr 50 min 01 sec)
Heartbeat CPU 11 instructions: 390000077 cycles: 150513980 heartbeat IPC: 2.62 cumulative IPC: 2.472 (Simulation time: 11 hr 50 min 27 sec)
Heartbeat CPU 12 instructions: 430000080 cycles: 150526319 heartbeat IPC: 2.672 cumulative IPC: 2.668 (Simulation time: 11 hr 50 min 31 sec)
Heartbeat CPU 1 instructions: 320000072 cycles: 150606365 heartbeat IPC: 2.248 cumulative IPC: 1.935 (Simulation time: 11 hr 50 min 56 sec)
Heartbeat CPU 10 instructions: 610000157 cycles: 151013872 heartbeat IPC: 4.033 cumulative IPC: 4.016 (Simulation time: 11 hr 53 min 00 sec)
Heartbeat CPU 8 instructions: 610000151 cycles: 151020080 heartbeat IPC: 4.035 cumulative IPC: 4.015 (Simulation time: 11 hr 53 min 02 sec)
Heartbeat CPU 4 instructions: 580000117 cycles: 151095927 heartbeat IPC: 3.397 cumulative IPC: 3.76 (Simulation time: 11 hr 53 min 24 sec)
Heartbeat CPU 0 instructions: 260000051 cycles: 151816979 heartbeat IPC: 1.463 cumulative IPC: 1.467 (Simulation time: 11 hr 56 min 59 sec)
Heartbeat CPU 7 instructions: 410000090 cycles: 151870674 heartbeat IPC: 2.581 cumulative IPC: 2.544 (Simulation time: 11 hr 57 min 16 sec)
Heartbeat CPU 9 instructions: 560000125 cycles: 152351750 heartbeat IPC: 3.749 cumulative IPC: 3.635 (Simulation time: 11 hr 59 min 36 sec)
Heartbeat CPU 14 instructions: 300000052 cycles: 152418889 heartbeat IPC: 1.818 cumulative IPC: 1.778 (Simulation time: 11 hr 59 min 55 sec)
Heartbeat CPU 15 instructions: 510000093 cycles: 152709615 heartbeat IPC: 3.252 cumulative IPC: 3.272 (Simulation time: 12 hr 01 min 20 sec)
Heartbeat CPU 10 instructions: 620000158 cycles: 153491670 heartbeat IPC: 4.036 cumulative IPC: 4.016 (Simulation time: 12 hr 05 min 12 sec)
Heartbeat CPU 8 instructions: 620000156 cycles: 153494677 heartbeat IPC: 4.041 cumulative IPC: 4.016 (Simulation time: 12 hr 05 min 13 sec)
Heartbeat CPU 13 instructions: 340000076 cycles: 153505799 heartbeat IPC: 2.066 cumulative IPC: 2.024 (Simulation time: 12 hr 05 min 16 sec)
Heartbeat CPU 6 instructions: 340000076 cycles: 153525455 heartbeat IPC: 2.064 cumulative IPC: 2.024 (Simulation time: 12 hr 05 min 22 sec)
Heartbeat CPU 5 instructions: 430000090 cycles: 153672873 heartbeat IPC: 2.198 cumulative IPC: 2.669 (Simulation time: 12 hr 06 min 05 sec)
Heartbeat CPU 2 instructions: 330000072 cycles: 154018279 heartbeat IPC: 2.666 cumulative IPC: 1.959 (Simulation time: 12 hr 07 min 48 sec)
Heartbeat CPU 4 instructions: 590000120 cycles: 154079799 heartbeat IPC: 3.351 cumulative IPC: 3.751 (Simulation time: 12 hr 08 min 07 sec)
Heartbeat CPU 12 instructions: 440000084 cycles: 154269342 heartbeat IPC: 2.672 cumulative IPC: 2.668 (Simulation time: 12 hr 09 min 04 sec)
Heartbeat CPU 11 instructions: 400000079 cycles: 154318177 heartbeat IPC: 2.629 cumulative IPC: 2.476 (Simulation time: 12 hr 09 min 19 sec)
Heartbeat CPU 1 instructions: 330000076 cycles: 154370280 heartbeat IPC: 2.657 cumulative IPC: 1.954 (Simulation time: 12 hr 09 min 35 sec)
Heartbeat CPU 9 instructions: 570000127 cycles: 155101097 heartbeat IPC: 3.637 cumulative IPC: 3.635 (Simulation time: 12 hr 13 min 16 sec)
Heartbeat CPU 15 instructions: 520000094 cycles: 155568284 heartbeat IPC: 3.498 cumulative IPC: 3.277 (Simulation time: 12 hr 15 min 37 sec)
Heartbeat CPU 7 instructions: 420000092 cycles: 155742711 heartbeat IPC: 2.583 cumulative IPC: 2.545 (Simulation time: 12 hr 16 min 29 sec)
Heartbeat CPU 10 instructions: 630000161 cycles: 155967562 heartbeat IPC: 4.039 cumulative IPC: 4.016 (Simulation time: 12 hr 17 min 36 sec)
Heartbeat CPU 8 instructions: 630000156 cycles: 155971106 heartbeat IPC: 4.038 cumulative IPC: 4.016 (Simulation time: 12 hr 17 min 37 sec)
Heartbeat CPU 3 instructions: 240000037 cycles: 156742288 heartbeat IPC: 1.584 cumulative IPC: 1.317 (Simulation time: 12 hr 21 min 21 sec)
Heartbeat CPU 4 instructions: 600000125 cycles: 156982013 heartbeat IPC: 3.446 cumulative IPC: 3.745 (Simulation time: 12 hr 22 min 31 sec)
Heartbeat CPU 2 instructions: 340000073 cycles: 157497213 heartbeat IPC: 2.874 cumulative IPC: 1.981 (Simulation time: 12 hr 25 min 00 sec)
Heartbeat CPU 5 instructions: 440000090 cycles: 157803975 heartbeat IPC: 2.421 cumulative IPC: 2.662 (Simulation time: 12 hr 26 min 29 sec)
Heartbeat CPU 1 instructions: 340000079 cycles: 157866889 heartbeat IPC: 2.86 cumulative IPC: 1.976 (Simulation time: 12 hr 26 min 47 sec)
Heartbeat CPU 14 instructions: 310000055 cycles: 157917068 heartbeat IPC: 1.819 cumulative IPC: 1.78 (Simulation time: 12 hr 27 min 02 sec)
Heartbeat CPU 12 instructions: 450000084 cycles: 158012926 heartbeat IPC: 2.671 cumulative IPC: 2.668 (Simulation time: 12 hr 27 min 29 sec)
Heartbeat CPU 11 instructions: 410000079 cycles: 158159338 heartbeat IPC: 2.603 cumulative IPC: 2.479 (Simulation time: 12 hr 28 min 12 sec)
Heartbeat CPU 9 instructions: 580000129 cycles: 158164399 heartbeat IPC: 3.264 cumulative IPC: 3.627 (Simulation time: 12 hr 28 min 13 sec)
Heartbeat CPU 13 instructions: 350000079 cycles: 158354649 heartbeat IPC: 2.062 cumulative IPC: 2.025 (Simulation time: 12 hr 29 min 08 sec)
Heartbeat CPU 6 instructions: 350000079 cycles: 158380981 heartbeat IPC: 2.06 cumulative IPC: 2.025 (Simulation time: 12 hr 29 min 16 sec)
Heartbeat CPU 10 instructions: 640000166 cycles: 158442558 heartbeat IPC: 4.04 cumulative IPC: 4.017 (Simulation time: 12 hr 29 min 34 sec)
Heartbeat CPU 8 instructions: 640000159 cycles: 158450901 heartbeat IPC: 4.033 cumulative IPC: 4.016 (Simulation time: 12 hr 29 min 37 sec)
Heartbeat CPU 0 instructions: 270000052 cycles: 158620158 heartbeat IPC: 1.47 cumulative IPC: 1.467 (Simulation time: 12 hr 30 min 26 sec)
Heartbeat CPU 15 instructions: 530000096 cycles: 158899986 heartbeat IPC: 3.001 cumulative IPC: 3.271 (Simulation time: 12 hr 31 min 47 sec)
Heartbeat CPU 7 instructions: 430000092 cycles: 159642897 heartbeat IPC: 2.564 cumulative IPC: 2.546 (Simulation time: 12 hr 35 min 25 sec)
Heartbeat CPU 4 instructions: 610000129 cycles: 159894303 heartbeat IPC: 3.434 cumulative IPC: 3.739 (Simulation time: 12 hr 36 min 40 sec)
Heartbeat CPU 9 instructions: 590000132 cycles: 160867394 heartbeat IPC: 3.7 cumulative IPC: 3.628 (Simulation time: 12 hr 41 min 24 sec)
Heartbeat CPU 10 instructions: 650000169 cycles: 160920882 heartbeat IPC: 4.035 cumulative IPC: 4.017 (Simulation time: 12 hr 41 min 39 sec)
Heartbeat CPU 8 instructions: 650000163 cycles: 160927195 heartbeat IPC: 4.038 cumulative IPC: 4.017 (Simulation time: 12 hr 41 min 41 sec)
Heartbeat CPU 2 instructions: 350000073 cycles: 160935062 heartbeat IPC: 2.909 cumulative IPC: 2.002 (Simulation time: 12 hr 41 min 44 sec)
Heartbeat CPU 1 instructions: 350000079 cycles: 161312590 heartbeat IPC: 2.902 cumulative IPC: 1.997 (Simulation time: 12 hr 43 min 35 sec)
Heartbeat CPU 12 instructions: 460000084 cycles: 161756150 heartbeat IPC: 2.671 cumulative IPC: 2.668 (Simulation time: 12 hr 45 min 45 sec)
Heartbeat CPU 11 instructions: 420000081 cycles: 161981884 heartbeat IPC: 2.616 cumulative IPC: 2.483 (Simulation time: 12 hr 46 min 49 sec)
Heartbeat CPU 15 instructions: 540000100 cycles: 162217667 heartbeat IPC: 3.014 cumulative IPC: 3.265 (Simulation time: 12 hr 47 min 58 sec)
Heartbeat CPU 4 instructions: 620000131 cycles: 162855161 heartbeat IPC: 3.377 cumulative IPC: 3.732 (Simulation time: 12 hr 51 min 04 sec)
Heartbeat CPU 13 instructions: 360000079 cycles: 163194090 heartbeat IPC: 2.066 cumulative IPC: 2.027 (Simulation time: 12 hr 52 min 44 sec)
Heartbeat CPU 6 instructions: 360000079 cycles: 163222796 heartbeat IPC: 2.065 cumulative IPC: 2.026 (Simulation time: 12 hr 52 min 52 sec)
Heartbeat CPU 14 instructions: 320000059 cycles: 163391359 heartbeat IPC: 1.827 cumulative IPC: 1.782 (Simulation time: 12 hr 53 min 44 sec)
Heartbeat CPU 10 instructions: 660000173 cycles: 163394169 heartbeat IPC: 4.043 cumulative IPC: 4.017 (Simulation time: 12 hr 53 min 45 sec)
Heartbeat CPU 8 instructions: 660000167 cycles: 163401113 heartbeat IPC: 4.042 cumulative IPC: 4.017 (Simulation time: 12 hr 53 min 47 sec)
Heartbeat CPU 9 instructions: 600000134 cycles: 163485566 heartbeat IPC: 3.819 cumulative IPC: 3.632 (Simulation time: 12 hr 54 min 12 sec)
Heartbeat CPU 7 instructions: 440000092 cycles: 163509024 heartbeat IPC: 2.587 cumulative IPC: 2.547 (Simulation time: 12 hr 54 min 19 sec)
Heartbeat CPU 5 instructions: 450000090 cycles: 163783969 heartbeat IPC: 1.672 cumulative IPC: 2.623 (Simulation time: 12 hr 55 min 42 sec)
Heartbeat CPU 2 instructions: 360000073 cycles: 164379862 heartbeat IPC: 2.903 cumulative IPC: 2.023 (Simulation time: 12 hr 58 min 42 sec)
Heartbeat CPU 1 instructions: 360000084 cycles: 164755779 heartbeat IPC: 2.904 cumulative IPC: 2.018 (Simulation time: 13 hr 00 min 36 sec)
Heartbeat CPU 15 instructions: 550000100 cycles: 165204987 heartbeat IPC: 3.347 cumulative IPC: 3.267 (Simulation time: 13 hr 02 min 51 sec)
Heartbeat CPU 0 instructions: 280000052 cycles: 165428395 heartbeat IPC: 1.469 cumulative IPC: 1.467 (Simulation time: 13 hr 03 min 59 sec)
Heartbeat CPU 12 instructions: 470000087 cycles: 165499413 heartbeat IPC: 2.671 cumulative IPC: 2.668 (Simulation time: 13 hr 04 min 20 sec)
Heartbeat CPU 3 instructions: 250000039 cycles: 165657903 heartbeat IPC: 1.122 cumulative IPC: 1.305 (Simulation time: 13 hr 05 min 08 sec)
Heartbeat CPU 11 instructions: 430000085 cycles: 165724177 heartbeat IPC: 2.672 cumulative IPC: 2.487 (Simulation time: 13 hr 05 min 28 sec)
Heartbeat CPU 4 instructions: 630000133 cycles: 165746098 heartbeat IPC: 3.459 cumulative IPC: 3.727 (Simulation time: 13 hr 05 min 34 sec)
Heartbeat CPU 10 instructions: 670000173 cycles: 165787105 heartbeat IPC: 4.179 cumulative IPC: 4.02 (Simulation time: 13 hr 05 min 46 sec)
Heartbeat CPU 8 instructions: 670000167 cycles: 165793835 heartbeat IPC: 4.179 cumulative IPC: 4.02 (Simulation time: 13 hr 05 min 48 sec)
Heartbeat CPU 9 instructions: 610000136 cycles: 166130621 heartbeat IPC: 3.781 cumulative IPC: 3.634 (Simulation time: 13 hr 07 min 27 sec)
Flushing L1 caches...
cpu9_L1D: Flushed 261 dirty blocks.
cpu8_L1D: Flushed 8 dirty blocks.
cpu7_L1D: Flushed 117 dirty blocks.
cpu6_L1D: Flushed 243 dirty blocks.
cpu5_L1D: Flushed 445 dirty blocks.
cpu4_L1D: Flushed 520 dirty blocks.
cpu3_L1D: Flushed 123 dirty blocks.
cpu2_L1D: Flushed 289 dirty blocks.
cpu1_L1D: Flushed 232 dirty blocks.
cpu15_L1D: Flushed 316 dirty blocks.
cpu14_L1D: Flushed 196 dirty blocks.
cpu13_L1D: Flushed 227 dirty blocks.
cpu12_L1D: Flushed 15 dirty blocks.
cpu11_L1D: Flushed 440 dirty blocks.
cpu10_L1D: Flushed 8 dirty blocks.
cpu0_L1D: Flushed 191 dirty blocks.
Flushing L2 caches...
cpu9_L2C: Flushed 261 dirty blocks.
cpu8_L2C: Flushed 8 dirty blocks.
cpu7_L2C: Flushed 1120 dirty blocks.
cpu6_L2C: Flushed 2145 dirty blocks.
cpu5_L2C: Flushed 8471 dirty blocks.
cpu4_L2C: Flushed 14538 dirty blocks.
cpu3_L2C: Flushed 14766 dirty blocks.
cpu2_L2C: Flushed 14849 dirty blocks.
cpu1_L2C: Flushed 15088 dirty blocks.
cpu15_L2C: Flushed 317 dirty blocks.
cpu14_L2C: Flushed 11983 dirty blocks.
cpu13_L2C: Flushed 2085 dirty blocks.
cpu12_L2C: Flushed 15 dirty blocks.
cpu11_L2C: Flushed 9322 dirty blocks.
cpu10_L2C: Flushed 9 dirty blocks.
cpu0_L2C: Flushed 1311 dirty blocks.
Flushing LLC...
LLC: Flushed 95660 dirty blocks.
Rigorous flush pipeline fully complete!
Simulation finished CPU 3 instructions: 200000003 cycles: 153997956 cumulative IPC: 1.299 (Simulation time: 13 hr 10 min 17 sec)
Simulation complete CPU 9 instructions: 558259166 cycles: 153997956 cumulative IPC: 3.625 (Simulation time: 13 hr 10 min 17 sec)
Simulation complete CPU 8 instructions: 617463415 cycles: 153997956 cumulative IPC: 4.01 (Simulation time: 13 hr 10 min 17 sec)
Simulation complete CPU 7 instructions: 391086401 cycles: 153997956 cumulative IPC: 2.54 (Simulation time: 13 hr 10 min 17 sec)
Simulation complete CPU 6 instructions: 311394460 cycles: 153997956 cumulative IPC: 2.022 (Simulation time: 13 hr 10 min 17 sec)
Simulation complete CPU 5 instructions: 403430476 cycles: 153997956 cumulative IPC: 2.62 (Simulation time: 13 hr 10 min 17 sec)
Simulation complete CPU 4 instructions: 572078625 cycles: 153997956 cumulative IPC: 3.715 (Simulation time: 13 hr 10 min 17 sec)
Simulation complete CPU 3 instructions: 200000003 cycles: 153997956 cumulative IPC: 1.299 (Simulation time: 13 hr 10 min 17 sec)
Simulation complete CPU 2 instructions: 312527913 cycles: 153997956 cumulative IPC: 2.029 (Simulation time: 13 hr 10 min 17 sec)
Simulation complete CPU 15 instructions: 502337719 cycles: 153997956 cumulative IPC: 3.262 (Simulation time: 13 hr 10 min 17 sec)
Simulation complete CPU 14 instructions: 273694717 cycles: 153997956 cumulative IPC: 1.777 (Simulation time: 13 hr 10 min 17 sec)
Simulation complete CPU 13 instructions: 311463578 cycles: 153997956 cumulative IPC: 2.023 (Simulation time: 13 hr 10 min 17 sec)
Simulation complete CPU 12 instructions: 409789257 cycles: 153997956 cumulative IPC: 2.661 (Simulation time: 13 hr 10 min 17 sec)
Simulation complete CPU 11 instructions: 382579267 cycles: 153997956 cumulative IPC: 2.484 (Simulation time: 13 hr 10 min 17 sec)
Simulation complete CPU 10 instructions: 617498693 cycles: 153997956 cumulative IPC: 4.01 (Simulation time: 13 hr 10 min 17 sec)
Simulation complete CPU 1 instructions: 311381722 cycles: 153997956 cumulative IPC: 2.022 (Simulation time: 13 hr 10 min 17 sec)
Simulation complete CPU 0 instructions: 225263534 cycles: 153997956 cumulative IPC: 1.463 (Simulation time: 13 hr 10 min 17 sec)

ChampSim completed all CPUs

=== Simulation ===
CPU 0 runs /home/tandonmitul27/workspace/SPEC17/644.nab_s-5853B.champsimtrace.xz
CPU 1 runs /home/tandonmitul27/workspace/SPEC17/627.cam4_s-573B.champsimtrace.xz
CPU 2 runs /home/tandonmitul27/workspace/SPEC17/627.cam4_s-573B.champsimtrace.xz
CPU 3 runs /home/tandonmitul27/workspace/SPEC17/623.xalancbmk_s-325B.champsimtrace.xz
CPU 4 runs /home/tandonmitul27/workspace/SPEC17/625.x264_s-12B.champsimtrace.xz
CPU 5 runs /home/tandonmitul27/workspace/SPEC17/654.roms_s-842B.champsimtrace.xz
CPU 6 runs /home/tandonmitul27/workspace/SPEC17/644.nab_s-7928B.champsimtrace.xz
CPU 7 runs /home/tandonmitul27/workspace/SPEC17/644.nab_s-12521B.champsimtrace.xz
CPU 8 runs /home/tandonmitul27/workspace/SPEC17/607.cactuBSSN_s-4248B.champsimtrace.xz
CPU 9 runs /home/tandonmitul27/workspace/SPEC17/648.exchange2_s-1699B.champsimtrace.xz
CPU 10 runs /home/tandonmitul27/workspace/SPEC17/607.cactuBSSN_s-4248B.champsimtrace.xz
CPU 11 runs /home/tandonmitul27/workspace/SPEC17/628.pop2_s-17B.champsimtrace.xz
CPU 12 runs /home/tandonmitul27/workspace/SPEC17/657.xz_s-56B.champsimtrace.xz
CPU 13 runs /home/tandonmitul27/workspace/SPEC17/644.nab_s-7928B.champsimtrace.xz
CPU 14 runs /home/tandonmitul27/workspace/SPEC17/641.leela_s-800B.champsimtrace.xz
CPU 15 runs /home/tandonmitul27/workspace/SPEC17/648.exchange2_s-1227B.champsimtrace.xz

Total Simulation Statistics (not including warmup)

CPU 9 cumulative IPC: 3.625 instructions: 558259166 cycles: 153997956
CPU 9 Branch Prediction Accuracy: 98.65% MPKI: 1.857 Average ROB Occupancy at Mispredict: 44.52
Branch type MPKI
BRANCH_DIRECT_JUMP: 0.04948
BRANCH_INDIRECT: 0
BRANCH_CONDITIONAL: 1.807
BRANCH_DIRECT_CALL: 3.583e-06
BRANCH_INDIRECT_CALL: 0
BRANCH_RETURN: 5.374e-06


CPU 8 cumulative IPC: 4.01 instructions: 617463415 cycles: 153997956
CPU 8 Branch Prediction Accuracy: 99.96% MPKI: 0.04548 Average ROB Occupancy at Mispredict: 181.4
Branch type MPKI
BRANCH_DIRECT_JUMP: 0
BRANCH_INDIRECT: 0
BRANCH_CONDITIONAL: 0.04548
BRANCH_DIRECT_CALL: 0
BRANCH_INDIRECT_CALL: 0
BRANCH_RETURN: 0


CPU 7 cumulative IPC: 2.54 instructions: 391086401 cycles: 153997956
CPU 7 Branch Prediction Accuracy: 99.94% MPKI: 0.0631 Average ROB Occupancy at Mispredict: 201.5
Branch type MPKI
BRANCH_DIRECT_JUMP: 0
BRANCH_INDIRECT: 0
BRANCH_CONDITIONAL: 0.0631
BRANCH_DIRECT_CALL: 0
BRANCH_INDIRECT_CALL: 0
BRANCH_RETURN: 0


CPU 6 cumulative IPC: 2.022 instructions: 311394460 cycles: 153997956
CPU 6 Branch Prediction Accuracy: 97.25% MPKI: 2.638 Average ROB Occupancy at Mispredict: 116.3
Branch type MPKI
BRANCH_DIRECT_JUMP: 6.423e-06
BRANCH_INDIRECT: 0
BRANCH_CONDITIONAL: 2.638
BRANCH_DIRECT_CALL: 0
BRANCH_INDIRECT_CALL: 0
BRANCH_RETURN: 0


CPU 5 cumulative IPC: 2.62 instructions: 403430476 cycles: 153997956
CPU 5 Branch Prediction Accuracy: 97.13% MPKI: 4.724 Average ROB Occupancy at Mispredict: 82.77
Branch type MPKI
BRANCH_DIRECT_JUMP: 0.1551
BRANCH_INDIRECT: 0
BRANCH_CONDITIONAL: 3.371
BRANCH_DIRECT_CALL: 0
BRANCH_INDIRECT_CALL: 0
BRANCH_RETURN: 1.198


CPU 4 cumulative IPC: 3.715 instructions: 572078625 cycles: 153997956
CPU 4 Branch Prediction Accuracy: 98.67% MPKI: 0.5779 Average ROB Occupancy at Mispredict: 113.1
Branch type MPKI
BRANCH_DIRECT_JUMP: 0.0006433
BRANCH_INDIRECT: 0.0008128
BRANCH_CONDITIONAL: 0.4879
BRANCH_DIRECT_CALL: 0.0004667
BRANCH_INDIRECT_CALL: 0.01781
BRANCH_RETURN: 0.07024


CPU 3 cumulative IPC: 1.299 instructions: 200000003 cycles: 153997956
CPU 3 Branch Prediction Accuracy: 97.91% MPKI: 6.038 Average ROB Occupancy at Mispredict: 44.84
Branch type MPKI
BRANCH_DIRECT_JUMP: 0.1196
BRANCH_INDIRECT: 0.375
BRANCH_CONDITIONAL: 3.556
BRANCH_DIRECT_CALL: 0.000605
BRANCH_INDIRECT_CALL: 0.4127
BRANCH_RETURN: 1.573


CPU 2 cumulative IPC: 2.029 instructions: 312527913 cycles: 153997956
CPU 2 Branch Prediction Accuracy: 97.73% MPKI: 3.006 Average ROB Occupancy at Mispredict: 82.84
Branch type MPKI
BRANCH_DIRECT_JUMP: 0.005494
BRANCH_INDIRECT: 0.001696
BRANCH_CONDITIONAL: 2.345
BRANCH_DIRECT_CALL: 0.01945
BRANCH_INDIRECT_CALL: 0
BRANCH_RETURN: 0.634


CPU 15 cumulative IPC: 3.262 instructions: 502337719 cycles: 153997956
CPU 15 Branch Prediction Accuracy: 97.93% MPKI: 3.005 Average ROB Occupancy at Mispredict: 49.14
Branch type MPKI
BRANCH_DIRECT_JUMP: 0.1742
BRANCH_INDIRECT: 2.787e-05
BRANCH_CONDITIONAL: 2.83
BRANCH_DIRECT_CALL: 0.0001095
BRANCH_INDIRECT_CALL: 5.972e-06
BRANCH_RETURN: 0.0001075


CPU 14 cumulative IPC: 1.777 instructions: 273694717 cycles: 153997956
CPU 14 Branch Prediction Accuracy: 92.63% MPKI: 12.07 Average ROB Occupancy at Mispredict: 35.05
Branch type MPKI
BRANCH_DIRECT_JUMP: 0.07542
BRANCH_INDIRECT: 0.001129
BRANCH_CONDITIONAL: 11.97
BRANCH_DIRECT_CALL: 0.0005846
BRANCH_INDIRECT_CALL: 7.307e-05
BRANCH_RETURN: 0.02746


CPU 13 cumulative IPC: 2.023 instructions: 311463578 cycles: 153997956
CPU 13 Branch Prediction Accuracy: 97.25% MPKI: 2.638 Average ROB Occupancy at Mispredict: 116.3
Branch type MPKI
BRANCH_DIRECT_JUMP: 6.421e-06
BRANCH_INDIRECT: 0
BRANCH_CONDITIONAL: 2.638
BRANCH_DIRECT_CALL: 0
BRANCH_INDIRECT_CALL: 0
BRANCH_RETURN: 0


CPU 12 cumulative IPC: 2.661 instructions: 409789257 cycles: 153997956
CPU 12 Branch Prediction Accuracy: 100% MPKI: 0 Average ROB Occupancy at Mispredict: -
Branch type MPKI
BRANCH_DIRECT_JUMP: 0
BRANCH_INDIRECT: 0
BRANCH_CONDITIONAL: 0
BRANCH_DIRECT_CALL: 0
BRANCH_INDIRECT_CALL: 0
BRANCH_RETURN: 0


CPU 11 cumulative IPC: 2.484 instructions: 382579267 cycles: 153997956
CPU 11 Branch Prediction Accuracy: 98.95% MPKI: 1.618 Average ROB Occupancy at Mispredict: 58.37
Branch type MPKI
BRANCH_DIRECT_JUMP: 0.03034
BRANCH_INDIRECT: 0.0007972
BRANCH_CONDITIONAL: 1.54
BRANCH_DIRECT_CALL: 0.000724
BRANCH_INDIRECT_CALL: 0
BRANCH_RETURN: 0.0462


CPU 10 cumulative IPC: 4.01 instructions: 617498693 cycles: 153997956
CPU 10 Branch Prediction Accuracy: 99.96% MPKI: 0.04548 Average ROB Occupancy at Mispredict: 180.4
Branch type MPKI
BRANCH_DIRECT_JUMP: 0
BRANCH_INDIRECT: 0
BRANCH_CONDITIONAL: 0.04548
BRANCH_DIRECT_CALL: 0
BRANCH_INDIRECT_CALL: 0
BRANCH_RETURN: 0


CPU 1 cumulative IPC: 2.022 instructions: 311381722 cycles: 153997956
CPU 1 Branch Prediction Accuracy: 97.73% MPKI: 3.012 Average ROB Occupancy at Mispredict: 82.7
Branch type MPKI
BRANCH_DIRECT_JUMP: 0.005514
BRANCH_INDIRECT: 0.001702
BRANCH_CONDITIONAL: 2.349
BRANCH_DIRECT_CALL: 0.01953
BRANCH_INDIRECT_CALL: 0
BRANCH_RETURN: 0.6364


CPU 0 cumulative IPC: 1.463 instructions: 225263534 cycles: 153997956
CPU 0 Branch Prediction Accuracy: 88.56% MPKI: 11.07 Average ROB Occupancy at Mispredict: 66.19
Branch type MPKI
BRANCH_DIRECT_JUMP: 9.322e-05
BRANCH_INDIRECT: 4.439e-06
BRANCH_CONDITIONAL: 5.544
BRANCH_DIRECT_CALL: 0
BRANCH_INDIRECT_CALL: 0
BRANCH_RETURN: 5.527

cpu0->cpu9_L2C TOTAL        ACCESS:        261 HIT:        261 MISS:          0 MSHR_MERGE:          0
cpu0->cpu9_L2C LOAD         ACCESS:          0 HIT:          0 MISS:          0 MSHR_MERGE:          0
cpu0->cpu9_L2C RFO          ACCESS:          0 HIT:          0 MISS:          0 MSHR_MERGE:          0
cpu0->cpu9_L2C PREFETCH     ACCESS:          0 HIT:          0 MISS:          0 MSHR_MERGE:          0
cpu0->cpu9_L2C WRITE        ACCESS:        261 HIT:        261 MISS:          0 MSHR_MERGE:          0
cpu0->cpu9_L2C TRANSLATION  ACCESS:          0 HIT:          0 MISS:          0 MSHR_MERGE:          0
cpu0->cpu9_L2C PREFETCH REQUESTED:      10487 ISSUED:      10487 USEFUL:         23 USELESS:          0
cpu0->cpu9_L2C AVERAGE MISS LATENCY: - cycles
cpu9->cpu9_L2C TOTAL        ACCESS:      15371 HIT:      14086 MISS:       1285 MSHR_MERGE:        114
cpu9->cpu9_L2C LOAD         ACCESS:       2973 HIT:       2923 MISS:         50 MSHR_MERGE:          2
cpu9->cpu9_L2C RFO          ACCESS:         16 HIT:          2 MISS:         14 MSHR_MERGE:          0
cpu9->cpu9_L2C PREFETCH     ACCESS:      12382 HIT:      11161 MISS:       1221 MSHR_MERGE:        112
cpu9->cpu9_L2C WRITE        ACCESS:          0 HIT:          0 MISS:          0 MSHR_MERGE:          0
cpu9->cpu9_L2C TRANSLATION  ACCESS:          0 HIT:          0 MISS:          0 MSHR_MERGE:          0
cpu9->cpu9_L2C PREFETCH REQUESTED:      10487 ISSUED:      10487 USEFUL:         23 USELESS:          0
cpu9->cpu9_L2C AVERAGE MISS LATENCY: 120.5 cycles
cpu9_L2C FLUSH STALL CYCLES: 5
cpu9->cpu9_L1I TOTAL        ACCESS:  151764711 HIT:  151749764 MISS:      14947 MSHR_MERGE:      10090
cpu9->cpu9_L1I LOAD         ACCESS:   78508477 HIT:   78501884 MISS:       6593 MSHR_MERGE:       3623
cpu9->cpu9_L1I RFO          ACCESS:          0 HIT:          0 MISS:          0 MSHR_MERGE:          0
cpu9->cpu9_L1I PREFETCH     ACCESS:   73256234 HIT:   73247880 MISS:       8354 MSHR_MERGE:       6467
cpu9->cpu9_L1I WRITE        ACCESS:          0 HIT:          0 MISS:          0 MSHR_MERGE:          0
cpu9->cpu9_L1I TRANSLATION  ACCESS:          0 HIT:          0 MISS:          0 MSHR_MERGE:          0
cpu9->cpu9_L1I PREFETCH REQUESTED:   78508477 ISSUED:   73256202 USEFUL:       1662 USELESS:        227
cpu9->cpu9_L1I AVERAGE MISS LATENCY: 10.7 cycles
cpu9->cpu9_L1D TOTAL        ACCESS:  163249675 HIT:  163249492 MISS:        183 MSHR_MERGE:        156
cpu9->cpu9_L1D LOAD         ACCESS:   64596230 HIT:   64596206 MISS:         24 MSHR_MERGE:         21
cpu9->cpu9_L1D RFO          ACCESS:          0 HIT:          0 MISS:          0 MSHR_MERGE:          0
cpu9->cpu9_L1D PREFETCH     ACCESS:   11828556 HIT:   11828540 MISS:         16 MSHR_MERGE:          8
cpu9->cpu9_L1D WRITE        ACCESS:   86824889 HIT:   86824746 MISS:        143 MSHR_MERGE:        127
cpu9->cpu9_L1D TRANSLATION  ACCESS:          0 HIT:          0 MISS:          0 MSHR_MERGE:          0
cpu9->cpu9_L1D PREFETCH REQUESTED:   13718915 ISSUED:   11828550 USEFUL:          3 USELESS:          0
cpu9->cpu9_L1D AVERAGE MISS LATENCY: 165.4 cycles
cpu9_L1D FLUSH STALL CYCLES: 197
cpu9->cpu9_ITLB TOTAL        ACCESS:  102725673 HIT:  102725673 MISS:          0 MSHR_MERGE:          0
cpu9->cpu9_ITLB LOAD         ACCESS:  102725673 HIT:  102725673 MISS:          0 MSHR_MERGE:          0
cpu9->cpu9_ITLB RFO          ACCESS:          0 HIT:          0 MISS:          0 MSHR_MERGE:          0
cpu9->cpu9_ITLB PREFETCH     ACCESS:          0 HIT:          0 MISS:          0 MSHR_MERGE:          0
cpu9->cpu9_ITLB WRITE        ACCESS:          0 HIT:          0 MISS:          0 MSHR_MERGE:          0
cpu9->cpu9_ITLB TRANSLATION  ACCESS:          0 HIT:          0 MISS:          0 MSHR_MERGE:          0
cpu9->cpu9_ITLB PREFETCH REQUESTED:          0 ISSUED:          0 USEFUL:          0 USELESS:          0
cpu9->cpu9_ITLB AVERAGE MISS LATENCY: - cycles
cpu9->cpu9_DTLB TOTAL        ACCESS:  126306704 HIT:  126306704 MISS:          0 MSHR_MERGE:          0
cpu9->cpu9_DTLB LOAD         ACCESS:  126306704 HIT:  126306704 MISS:          0 MSHR_MERGE:          0
cpu9->cpu9_DTLB RFO          ACCESS:          0 HIT:          0 MISS:          0 MSHR_MERGE:          0
cpu9->cpu9_DTLB PREFETCH     ACCESS:          0 HIT:          0 MISS:          0 MSHR_MERGE:          0
cpu9->cpu9_DTLB WRITE        ACCESS:          0 HIT:          0 MISS:          0 MSHR_MERGE:          0
cpu9->cpu9_DTLB TRANSLATION  ACCESS:          0 HIT:          0 MISS:          0 MSHR_MERGE:          0
cpu9->cpu9_DTLB PREFETCH REQUESTED:          0 ISSUED:          0 USEFUL:          0 USELESS:          0
cpu9->cpu9_DTLB AVERAGE MISS LATENCY: - cycles
cpu8->cpu8_STLB TOTAL        ACCESS:       9343 HIT:          0 MISS:       9343 MSHR_MERGE:          0
cpu8->cpu8_STLB LOAD         ACCESS:       9343 HIT:          0 MISS:       9343 MSHR_MERGE:          0
cpu8->cpu8_STLB RFO          ACCESS:          0 HIT:          0 MISS:          0 MSHR_MERGE:          0
cpu8->cpu8_STLB PREFETCH     ACCESS:          0 HIT:          0 MISS:          0 MSHR_MERGE:          0
cpu8->cpu8_STLB WRITE        ACCESS:          0 HIT:          0 MISS:          0 MSHR_MERGE:          0
cpu8->cpu8_STLB TRANSLATION  ACCESS:          0 HIT:          0 MISS:          0 MSHR_MERGE:          0
cpu8->cpu8_STLB PREFETCH REQUESTED:          0 ISSUED:          0 USEFUL:          0 USELESS:          0
cpu8->cpu8_STLB AVERAGE MISS LATENCY: 671.5 cycles
cpu0->cpu8_L2C TOTAL        ACCESS:          8 HIT:          0 MISS:          8 MSHR_MERGE:          0
cpu0->cpu8_L2C LOAD         ACCESS:          0 HIT:          0 MISS:          0 MSHR_MERGE:          0
cpu0->cpu8_L2C RFO          ACCESS:          0 HIT:          0 MISS:          0 MSHR_MERGE:          0
cpu0->cpu8_L2C PREFETCH     ACCESS:          0 HIT:          0 MISS:          0 MSHR_MERGE:          0
cpu0->cpu8_L2C WRITE        ACCESS:          8 HIT:          0 MISS:          8 MSHR_MERGE:          0
cpu0->cpu8_L2C TRANSLATION  ACCESS:          0 HIT:          0 MISS:          0 MSHR_MERGE:          0
cpu0->cpu8_L2C PREFETCH REQUESTED:   11888820 ISSUED:   11888820 USEFUL:     438312 USELESS:          1
cpu0->cpu8_L2C AVERAGE MISS LATENCY: 1.174e+06 cycles
cpu8->cpu8_L2C TOTAL        ACCESS:   12497320 HIT:     438226 MISS:   12059094 MSHR_MERGE:        272
cpu8->cpu8_L2C LOAD         ACCESS:     597965 HIT:     438219 MISS:     159746 MSHR_MERGE:        268
cpu8->cpu8_L2C RFO          ACCESS:          3 HIT:          3 MISS:          0 MSHR_MERGE:          0
cpu8->cpu8_L2C PREFETCH     ACCESS:   11888820 HIT:          0 MISS:   11888820 MSHR_MERGE:          4
cpu8->cpu8_L2C WRITE        ACCESS:          4 HIT:          4 MISS:          0 MSHR_MERGE:          0
cpu8->cpu8_L2C TRANSLATION  ACCESS:      10528 HIT:          0 MISS:      10528 MSHR_MERGE:          0
cpu8->cpu8_L2C PREFETCH REQUESTED:   11888820 ISSUED:   11888820 USEFUL:     438312 USELESS:          1
cpu8->cpu8_L2C AVERAGE MISS LATENCY: 55.15 cycles
cpu8->cpu8_L1I TOTAL        ACCESS:    2029280 HIT:    2029280 MISS:          0 MSHR_MERGE:          0
cpu8->cpu8_L1I LOAD         ACCESS:    1014640 HIT:    1014640 MISS:          0 MSHR_MERGE:          0
cpu8->cpu8_L1I RFO          ACCESS:          0 HIT:          0 MISS:          0 MSHR_MERGE:          0
cpu8->cpu8_L1I PREFETCH     ACCESS:    1014640 HIT:    1014640 MISS:          0 MSHR_MERGE:          0
cpu8->cpu8_L1I WRITE        ACCESS:          0 HIT:          0 MISS:          0 MSHR_MERGE:          0
cpu8->cpu8_L1I TRANSLATION  ACCESS:          0 HIT:          0 MISS:          0 MSHR_MERGE:          0
cpu8->cpu8_L1I PREFETCH REQUESTED:    1014640 ISSUED:    1014640 USEFUL:          0 USELESS:          0
cpu8->cpu8_L1I AVERAGE MISS LATENCY: - cycles
cpu8->cpu8_L1D TOTAL        ACCESS:  100142557 HIT:   99453440 MISS:     689117 MSHR_MERGE:      80618
cpu8->cpu8_L1D LOAD         ACCESS:   80933017 HIT:   80254431 MISS:     678586 MSHR_MERGE:      80618
cpu8->cpu8_L1D RFO          ACCESS:          0 HIT:          0 MISS:          0 MSHR_MERGE:          0
cpu8->cpu8_L1D PREFETCH     ACCESS:          0 HIT:          0 MISS:          0 MSHR_MERGE:          0
cpu8->cpu8_L1D WRITE        ACCESS:   19190837 HIT:   19190834 MISS:          3 MSHR_MERGE:          0
cpu8->cpu8_L1D TRANSLATION  ACCESS:      18703 HIT:       8175 MISS:      10528 MSHR_MERGE:          0
cpu8->cpu8_L1D PREFETCH REQUESTED:          0 ISSUED:          0 USEFUL:          0 USELESS:          0
cpu8->cpu8_L1D AVERAGE MISS LATENCY: 25.71 cycles
cpu8->cpu8_ITLB TOTAL        ACCESS:    1184341 HIT:    1184341 MISS:          0 MSHR_MERGE:          0
cpu8->cpu8_ITLB LOAD         ACCESS:    1184341 HIT:    1184341 MISS:          0 MSHR_MERGE:          0
cpu8->cpu8_ITLB RFO          ACCESS:          0 HIT:          0 MISS:          0 MSHR_MERGE:          0
cpu8->cpu8_ITLB PREFETCH     ACCESS:          0 HIT:          0 MISS:          0 MSHR_MERGE:          0
cpu8->cpu8_ITLB WRITE        ACCESS:          0 HIT:          0 MISS:          0 MSHR_MERGE:          0
cpu8->cpu8_ITLB TRANSLATION  ACCESS:          0 HIT:          0 MISS:          0 MSHR_MERGE:          0
cpu8->cpu8_ITLB PREFETCH REQUESTED:          0 ISSUED:          0 USEFUL:          0 USELESS:          0
cpu8->cpu8_ITLB AVERAGE MISS LATENCY: - cycles
cpu8->cpu8_DTLB TOTAL        ACCESS:   92599035 HIT:   92583767 MISS:      15268 MSHR_MERGE:       5925
cpu8->cpu8_DTLB LOAD         ACCESS:   92599035 HIT:   92583767 MISS:      15268 MSHR_MERGE:       5925
cpu8->cpu8_DTLB RFO          ACCESS:          0 HIT:          0 MISS:          0 MSHR_MERGE:          0
cpu8->cpu8_DTLB PREFETCH     ACCESS:          0 HIT:          0 MISS:          0 MSHR_MERGE:          0
cpu8->cpu8_DTLB WRITE        ACCESS:          0 HIT:          0 MISS:          0 MSHR_MERGE:          0
cpu8->cpu8_DTLB TRANSLATION  ACCESS:          0 HIT:          0 MISS:          0 MSHR_MERGE:          0
cpu8->cpu8_DTLB PREFETCH REQUESTED:          0 ISSUED:          0 USEFUL:          0 USELESS:          0
cpu8->cpu8_DTLB AVERAGE MISS LATENCY: 677.5 cycles
cpu7->cpu7_STLB TOTAL        ACCESS:      40472 HIT:      29858 MISS:      10614 MSHR_MERGE:          0
cpu7->cpu7_STLB LOAD         ACCESS:      40472 HIT:      29858 MISS:      10614 MSHR_MERGE:          0
cpu7->cpu7_STLB RFO          ACCESS:          0 HIT:          0 MISS:          0 MSHR_MERGE:          0
cpu7->cpu7_STLB PREFETCH     ACCESS:          0 HIT:          0 MISS:          0 MSHR_MERGE:          0
cpu7->cpu7_STLB WRITE        ACCESS:          0 HIT:          0 MISS:          0 MSHR_MERGE:          0
cpu7->cpu7_STLB TRANSLATION  ACCESS:          0 HIT:          0 MISS:          0 MSHR_MERGE:          0
cpu7->cpu7_STLB PREFETCH REQUESTED:          0 ISSUED:          0 USEFUL:          0 USELESS:          0
cpu7->cpu7_STLB AVERAGE MISS LATENCY: 695 cycles
cpu0->cpu7_L2C TOTAL        ACCESS:        117 HIT:        111 MISS:          6 MSHR_MERGE:          0
cpu0->cpu7_L2C LOAD         ACCESS:          0 HIT:          0 MISS:          0 MSHR_MERGE:          0
cpu0->cpu7_L2C RFO          ACCESS:          0 HIT:          0 MISS:          0 MSHR_MERGE:          0
cpu0->cpu7_L2C PREFETCH     ACCESS:          0 HIT:          0 MISS:          0 MSHR_MERGE:          0
cpu0->cpu7_L2C WRITE        ACCESS:        117 HIT:        111 MISS:          6 MSHR_MERGE:          0
cpu0->cpu7_L2C TRANSLATION  ACCESS:          0 HIT:          0 MISS:          0 MSHR_MERGE:          0
cpu0->cpu7_L2C PREFETCH REQUESTED:   10170827 ISSUED:   10069952 USEFUL:      93589 USELESS:       5054
cpu0->cpu7_L2C AVERAGE MISS LATENCY: 1.839e+06 cycles
cpu7->cpu7_L2C TOTAL        ACCESS:   12933306 HIT:   10505728 MISS:    2427578 MSHR_MERGE:       8870
cpu7->cpu7_L2C LOAD         ACCESS:    1307211 HIT:    1150555 MISS:     156656 MSHR_MERGE:         44
cpu7->cpu7_L2C RFO          ACCESS:       3401 HIT:       3401 MISS:          0 MSHR_MERGE:          0
cpu7->cpu7_L2C PREFETCH     ACCESS:   10947581 HIT:    8689656 MISS:    2257925 MSHR_MERGE:       8826
cpu7->cpu7_L2C WRITE        ACCESS:     661055 HIT:     660542 MISS:        513 MSHR_MERGE:          0
cpu7->cpu7_L2C TRANSLATION  ACCESS:      14058 HIT:       1574 MISS:      12484 MSHR_MERGE:          0
cpu7->cpu7_L2C PREFETCH REQUESTED:   10170827 ISSUED:   10069952 USEFUL:      93589 USELESS:       5054
cpu7->cpu7_L2C AVERAGE MISS LATENCY: 65.03 cycles
cpu7_L2C FLUSH STALL CYCLES: 864
cpu7->cpu7_L1I TOTAL        ACCESS:  155353844 HIT:  155353844 MISS:          0 MSHR_MERGE:          0
cpu7->cpu7_L1I LOAD         ACCESS:   77676922 HIT:   77676922 MISS:          0 MSHR_MERGE:          0
cpu7->cpu7_L1I RFO          ACCESS:          0 HIT:          0 MISS:          0 MSHR_MERGE:          0
cpu7->cpu7_L1I PREFETCH     ACCESS:   77676922 HIT:   77676922 MISS:          0 MSHR_MERGE:          0
cpu7->cpu7_L1I WRITE        ACCESS:          0 HIT:          0 MISS:          0 MSHR_MERGE:          0
cpu7->cpu7_L1I TRANSLATION  ACCESS:          0 HIT:          0 MISS:          0 MSHR_MERGE:          0
cpu7->cpu7_L1I PREFETCH REQUESTED:   77676922 ISSUED:   77676922 USEFUL:          0 USELESS:          0
cpu7->cpu7_L1I AVERAGE MISS LATENCY: - cycles
cpu7->cpu7_L1D TOTAL        ACCESS:  111798260 HIT:  109234649 MISS:    2563611 MSHR_MERGE:     361306
cpu7->cpu7_L1D LOAD         ACCESS:   97159195 HIT:   95521287 MISS:    1637908 MSHR_MERGE:     330693
cpu7->cpu7_L1D RFO          ACCESS:          0 HIT:          0 MISS:          0 MSHR_MERGE:          0
cpu7->cpu7_L1D PREFETCH     ACCESS:    3742593 HIT:    2842247 MISS:     900346 MSHR_MERGE:      22716
cpu7->cpu7_L1D WRITE        ACCESS:   10875217 HIT:   10863923 MISS:      11294 MSHR_MERGE:       7892
cpu7->cpu7_L1D TRANSLATION  ACCESS:      21255 HIT:       7192 MISS:      14063 MSHR_MERGE:          5
cpu7->cpu7_L1D PREFETCH REQUESTED:    3742579 ISSUED:    3742577 USEFUL:     789698 USELESS:      87888
cpu7->cpu7_L1D AVERAGE MISS LATENCY: 18.46 cycles
cpu7_L1D FLUSH STALL CYCLES: 53
cpu7->cpu7_ITLB TOTAL        ACCESS:  103982313 HIT:  103982313 MISS:          0 MSHR_MERGE:          0
cpu7->cpu7_ITLB LOAD         ACCESS:  103982313 HIT:  103982313 MISS:          0 MSHR_MERGE:          0
cpu7->cpu7_ITLB RFO          ACCESS:          0 HIT:          0 MISS:          0 MSHR_MERGE:          0
cpu7->cpu7_ITLB PREFETCH     ACCESS:          0 HIT:          0 MISS:          0 MSHR_MERGE:          0
cpu7->cpu7_ITLB WRITE        ACCESS:          0 HIT:          0 MISS:          0 MSHR_MERGE:          0
cpu7->cpu7_ITLB TRANSLATION  ACCESS:          0 HIT:          0 MISS:          0 MSHR_MERGE:          0
cpu7->cpu7_ITLB PREFETCH REQUESTED:          0 ISSUED:          0 USEFUL:          0 USELESS:          0
cpu7->cpu7_ITLB AVERAGE MISS LATENCY: - cycles
cpu7->cpu7_DTLB TOTAL        ACCESS:  104527479 HIT:  104448986 MISS:      78493 MSHR_MERGE:      38021
cpu7->cpu7_DTLB LOAD         ACCESS:  104527479 HIT:  104448986 MISS:      78493 MSHR_MERGE:      38021
cpu7->cpu7_DTLB RFO          ACCESS:          0 HIT:          0 MISS:          0 MSHR_MERGE:          0
cpu7->cpu7_DTLB PREFETCH     ACCESS:          0 HIT:          0 MISS:          0 MSHR_MERGE:          0
cpu7->cpu7_DTLB WRITE        ACCESS:          0 HIT:          0 MISS:          0 MSHR_MERGE:          0
cpu7->cpu7_DTLB TRANSLATION  ACCESS:          0 HIT:          0 MISS:          0 MSHR_MERGE:          0
cpu7->cpu7_DTLB PREFETCH REQUESTED:          0 ISSUED:          0 USEFUL:          0 USELESS:          0
cpu7->cpu7_DTLB AVERAGE MISS LATENCY: 187.5 cycles
cpu6->cpu6_STLB TOTAL        ACCESS:     120733 HIT:     117726 MISS:       3007 MSHR_MERGE:          0
cpu6->cpu6_STLB LOAD         ACCESS:     120733 HIT:     117726 MISS:       3007 MSHR_MERGE:          0
cpu6->cpu6_STLB RFO          ACCESS:          0 HIT:          0 MISS:          0 MSHR_MERGE:          0
cpu6->cpu6_STLB PREFETCH     ACCESS:          0 HIT:          0 MISS:          0 MSHR_MERGE:          0
cpu6->cpu6_STLB WRITE        ACCESS:          0 HIT:          0 MISS:          0 MSHR_MERGE:          0
cpu6->cpu6_STLB TRANSLATION  ACCESS:          0 HIT:          0 MISS:          0 MSHR_MERGE:          0
cpu6->cpu6_STLB PREFETCH REQUESTED:          0 ISSUED:          0 USEFUL:          0 USELESS:          0
cpu6->cpu6_STLB AVERAGE MISS LATENCY: 782.7 cycles
cpu0->cpu6_L2C TOTAL        ACCESS:        243 HIT:        237 MISS:          6 MSHR_MERGE:          0
cpu0->cpu6_L2C LOAD         ACCESS:          0 HIT:          0 MISS:          0 MSHR_MERGE:          0
cpu0->cpu6_L2C RFO          ACCESS:          0 HIT:          0 MISS:          0 MSHR_MERGE:          0
cpu0->cpu6_L2C PREFETCH     ACCESS:          0 HIT:          0 MISS:          0 MSHR_MERGE:          0
cpu0->cpu6_L2C WRITE        ACCESS:        243 HIT:        237 MISS:          6 MSHR_MERGE:          0
cpu0->cpu6_L2C TRANSLATION  ACCESS:          0 HIT:          0 MISS:          0 MSHR_MERGE:          0
cpu0->cpu6_L2C PREFETCH REQUESTED:   19710763 ISSUED:   19585897 USEFUL:      68931 USELESS:        919
cpu0->cpu6_L2C AVERAGE MISS LATENCY: 9.164e+05 cycles
cpu6->cpu6_L2C TOTAL        ACCESS:   23604310 HIT:   21732211 MISS:    1872099 MSHR_MERGE:      12362
cpu6->cpu6_L2C LOAD         ACCESS:    1603470 HIT:    1515345 MISS:      88125 MSHR_MERGE:          4
cpu6->cpu6_L2C RFO          ACCESS:       4488 HIT:       4486 MISS:          2 MSHR_MERGE:          0
cpu6->cpu6_L2C PREFETCH     ACCESS:   21049509 HIT:   19270912 MISS:    1778597 MSHR_MERGE:      12358
cpu6->cpu6_L2C WRITE        ACCESS:     941041 HIT:     940308 MISS:        733 MSHR_MERGE:          0
cpu6->cpu6_L2C TRANSLATION  ACCESS:       5802 HIT:       1160 MISS:       4642 MSHR_MERGE:          0
cpu6->cpu6_L2C PREFETCH REQUESTED:   19710763 ISSUED:   19585897 USEFUL:      68931 USELESS:        919
cpu6->cpu6_L2C AVERAGE MISS LATENCY: 58.8 cycles
cpu6_L2C FLUSH STALL CYCLES: 1889
cpu6->cpu6_L1I TOTAL        ACCESS:   74085121 HIT:   74085120 MISS:          1 MSHR_MERGE:          0
cpu6->cpu6_L1I LOAD         ACCESS:   37042870 HIT:   37042870 MISS:          0 MSHR_MERGE:          0
cpu6->cpu6_L1I RFO          ACCESS:          0 HIT:          0 MISS:          0 MSHR_MERGE:          0
cpu6->cpu6_L1I PREFETCH     ACCESS:   37042251 HIT:   37042250 MISS:          1 MSHR_MERGE:          0
cpu6->cpu6_L1I WRITE        ACCESS:          0 HIT:          0 MISS:          0 MSHR_MERGE:          0
cpu6->cpu6_L1I TRANSLATION  ACCESS:          0 HIT:          0 MISS:          0 MSHR_MERGE:          0
cpu6->cpu6_L1I PREFETCH REQUESTED:   37042870 ISSUED:   37042251 USEFUL:          0 USELESS:          0
cpu6->cpu6_L1I AVERAGE MISS LATENCY: - cycles
cpu6->cpu6_L1D TOTAL        ACCESS:   93544156 HIT:   89911998 MISS:    3632158 MSHR_MERGE:     554781
cpu6->cpu6_L1D LOAD         ACCESS:   69359620 HIT:   67264782 MISS:    2094838 MSHR_MERGE:     491368
cpu6->cpu6_L1D RFO          ACCESS:          0 HIT:          0 MISS:          0 MSHR_MERGE:          0
cpu6->cpu6_L1D PREFETCH     ACCESS:    3033931 HIT:    1507126 MISS:    1526805 MSHR_MERGE:      63194
cpu6->cpu6_L1D WRITE        ACCESS:   21144493 HIT:   21139780 MISS:       4713 MSHR_MERGE:        219
cpu6->cpu6_L1D TRANSLATION  ACCESS:       6112 HIT:        310 MISS:       5802 MSHR_MERGE:          0
cpu6->cpu6_L1D PREFETCH REQUESTED:    3033917 ISSUED:    3033915 USEFUL:    1285920 USELESS:     177698
cpu6->cpu6_L1D AVERAGE MISS LATENCY: 13.47 cycles
cpu6_L1D FLUSH STALL CYCLES: 179
cpu6->cpu6_ITLB TOTAL        ACCESS:   58407627 HIT:   58407626 MISS:          1 MSHR_MERGE:          0
cpu6->cpu6_ITLB LOAD         ACCESS:   58407627 HIT:   58407626 MISS:          1 MSHR_MERGE:          0
cpu6->cpu6_ITLB RFO          ACCESS:          0 HIT:          0 MISS:          0 MSHR_MERGE:          0
cpu6->cpu6_ITLB PREFETCH     ACCESS:          0 HIT:          0 MISS:          0 MSHR_MERGE:          0
cpu6->cpu6_ITLB WRITE        ACCESS:          0 HIT:          0 MISS:          0 MSHR_MERGE:          0
cpu6->cpu6_ITLB TRANSLATION  ACCESS:          0 HIT:          0 MISS:          0 MSHR_MERGE:          0
cpu6->cpu6_ITLB PREFETCH REQUESTED:          0 ISSUED:          0 USEFUL:          0 USELESS:          0
cpu6->cpu6_ITLB AVERAGE MISS LATENCY: 835 cycles
cpu6->cpu6_DTLB TOTAL        ACCESS:   86723734 HIT:   86536449 MISS:     187285 MSHR_MERGE:      66553
cpu6->cpu6_DTLB LOAD         ACCESS:   86723734 HIT:   86536449 MISS:     187285 MSHR_MERGE:      66553
cpu6->cpu6_DTLB RFO          ACCESS:          0 HIT:          0 MISS:          0 MSHR_MERGE:          0
cpu6->cpu6_DTLB PREFETCH     ACCESS:          0 HIT:          0 MISS:          0 MSHR_MERGE:          0
cpu6->cpu6_DTLB WRITE        ACCESS:          0 HIT:          0 MISS:          0 MSHR_MERGE:          0
cpu6->cpu6_DTLB TRANSLATION  ACCESS:          0 HIT:          0 MISS:          0 MSHR_MERGE:          0
cpu6->cpu6_DTLB PREFETCH REQUESTED:          0 ISSUED:          0 USEFUL:          0 USELESS:          0
cpu6->cpu6_DTLB AVERAGE MISS LATENCY: 24.51 cycles
cpu5->cpu5_STLB TOTAL        ACCESS:       1323 HIT:         85 MISS:       1238 MSHR_MERGE:          0
cpu5->cpu5_STLB LOAD         ACCESS:       1323 HIT:         85 MISS:       1238 MSHR_MERGE:          0
cpu5->cpu5_STLB RFO          ACCESS:          0 HIT:          0 MISS:          0 MSHR_MERGE:          0
cpu5->cpu5_STLB PREFETCH     ACCESS:          0 HIT:          0 MISS:          0 MSHR_MERGE:          0
cpu5->cpu5_STLB WRITE        ACCESS:          0 HIT:          0 MISS:          0 MSHR_MERGE:          0
cpu5->cpu5_STLB TRANSLATION  ACCESS:          0 HIT:          0 MISS:          0 MSHR_MERGE:          0
cpu5->cpu5_STLB PREFETCH REQUESTED:          0 ISSUED:          0 USEFUL:          0 USELESS:          0
cpu5->cpu5_STLB AVERAGE MISS LATENCY: 681.8 cycles
cpu0->cpu5_L2C TOTAL        ACCESS:        445 HIT:        189 MISS:        256 MSHR_MERGE:          0
cpu0->cpu5_L2C LOAD         ACCESS:          0 HIT:          0 MISS:          0 MSHR_MERGE:          0
cpu0->cpu5_L2C RFO          ACCESS:          0 HIT:          0 MISS:          0 MSHR_MERGE:          0
cpu0->cpu5_L2C PREFETCH     ACCESS:          0 HIT:          0 MISS:          0 MSHR_MERGE:          0
cpu0->cpu5_L2C WRITE        ACCESS:        445 HIT:        189 MISS:        256 MSHR_MERGE:          0
cpu0->cpu5_L2C TRANSLATION  ACCESS:          0 HIT:          0 MISS:          0 MSHR_MERGE:          0
cpu0->cpu5_L2C PREFETCH REQUESTED:     569423 ISSUED:     569388 USEFUL:      24516 USELESS:        294
cpu0->cpu5_L2C AVERAGE MISS LATENCY: 2.319e+04 cycles
cpu5->cpu5_L2C TOTAL        ACCESS:     652365 HIT:      44052 MISS:     608313 MSHR_MERGE:        125
cpu5->cpu5_L2C LOAD         ACCESS:      34457 HIT:      24703 MISS:       9754 MSHR_MERGE:         40
cpu5->cpu5_L2C RFO          ACCESS:      23523 HIT:        806 MISS:      22717 MSHR_MERGE:          0
cpu5->cpu5_L2C PREFETCH     ACCESS:     569432 HIT:        667 MISS:     568765 MSHR_MERGE:         85
cpu5->cpu5_L2C WRITE        ACCESS:      23537 HIT:      17876 MISS:       5661 MSHR_MERGE:          0
cpu5->cpu5_L2C TRANSLATION  ACCESS:       1416 HIT:          0 MISS:       1416 MSHR_MERGE:          0
cpu5->cpu5_L2C PREFETCH REQUESTED:     569423 ISSUED:     569388 USEFUL:      24516 USELESS:        294
cpu5->cpu5_L2C AVERAGE MISS LATENCY: 150.1 cycles
cpu5_L2C FLUSH STALL CYCLES: 8215
cpu5->cpu5_L1I TOTAL        ACCESS:   44563027 HIT:   44563027 MISS:          0 MSHR_MERGE:          0
cpu5->cpu5_L1I LOAD         ACCESS:   22592438 HIT:   22592438 MISS:          0 MSHR_MERGE:          0
cpu5->cpu5_L1I RFO          ACCESS:          0 HIT:          0 MISS:          0 MSHR_MERGE:          0
cpu5->cpu5_L1I PREFETCH     ACCESS:   21970589 HIT:   21970589 MISS:          0 MSHR_MERGE:          0
cpu5->cpu5_L1I WRITE        ACCESS:          0 HIT:          0 MISS:          0 MSHR_MERGE:          0
cpu5->cpu5_L1I TRANSLATION  ACCESS:          0 HIT:          0 MISS:          0 MSHR_MERGE:          0
cpu5->cpu5_L1I PREFETCH REQUESTED:   22592438 ISSUED:   21970589 USEFUL:          0 USELESS:          0
cpu5->cpu5_L1I AVERAGE MISS LATENCY: - cycles
cpu5->cpu5_L1D TOTAL        ACCESS:   75422097 HIT:   75340022 MISS:      82075 MSHR_MERGE:      22635
cpu5->cpu5_L1D LOAD         ACCESS:   45684441 HIT:   45635322 MISS:      49119 MSHR_MERGE:      14662
cpu5->cpu5_L1D RFO          ACCESS:          0 HIT:          0 MISS:          0 MSHR_MERGE:          0
cpu5->cpu5_L1D PREFETCH     ACCESS:        144 HIT:        100 MISS:         44 MSHR_MERGE:          0
cpu5->cpu5_L1D WRITE        ACCESS:   29735034 HIT:   29703539 MISS:      31495 MSHR_MERGE:       7972
cpu5->cpu5_L1D TRANSLATION  ACCESS:       2478 HIT:       1061 MISS:       1417 MSHR_MERGE:          1
cpu5->cpu5_L1D PREFETCH REQUESTED:        144 ISSUED:        144 USEFUL:          0 USELESS:         52
cpu5->cpu5_L1D AVERAGE MISS LATENCY: 109.9 cycles
cpu5_L1D FLUSH STALL CYCLES: 381
cpu5->cpu5_ITLB TOTAL        ACCESS:   34355524 HIT:   34355524 MISS:          0 MSHR_MERGE:          0
cpu5->cpu5_ITLB LOAD         ACCESS:   34355524 HIT:   34355524 MISS:          0 MSHR_MERGE:          0
cpu5->cpu5_ITLB RFO          ACCESS:          0 HIT:          0 MISS:          0 MSHR_MERGE:          0
cpu5->cpu5_ITLB PREFETCH     ACCESS:          0 HIT:          0 MISS:          0 MSHR_MERGE:          0
cpu5->cpu5_ITLB WRITE        ACCESS:          0 HIT:          0 MISS:          0 MSHR_MERGE:          0
cpu5->cpu5_ITLB TRANSLATION  ACCESS:          0 HIT:          0 MISS:          0 MSHR_MERGE:          0
cpu5->cpu5_ITLB PREFETCH REQUESTED:          0 ISSUED:          0 USEFUL:          0 USELESS:          0
cpu5->cpu5_ITLB AVERAGE MISS LATENCY: - cycles
cpu5->cpu5_DTLB TOTAL        ACCESS:   71336047 HIT:   71330350 MISS:       5697 MSHR_MERGE:       4374
cpu5->cpu5_DTLB LOAD         ACCESS:   71336047 HIT:   71330350 MISS:       5697 MSHR_MERGE:       4374
cpu5->cpu5_DTLB RFO          ACCESS:          0 HIT:          0 MISS:          0 MSHR_MERGE:          0
cpu5->cpu5_DTLB PREFETCH     ACCESS:          0 HIT:          0 MISS:          0 MSHR_MERGE:          0
cpu5->cpu5_DTLB WRITE        ACCESS:          0 HIT:          0 MISS:          0 MSHR_MERGE:          0
cpu5->cpu5_DTLB TRANSLATION  ACCESS:          0 HIT:          0 MISS:          0 MSHR_MERGE:          0
cpu5->cpu5_DTLB PREFETCH REQUESTED:          0 ISSUED:          0 USEFUL:          0 USELESS:          0
cpu5->cpu5_DTLB AVERAGE MISS LATENCY: 644 cycles
cpu4->cpu4_STLB TOTAL        ACCESS:     267473 HIT:     262634 MISS:       4839 MSHR_MERGE:          0
cpu4->cpu4_STLB LOAD         ACCESS:     267473 HIT:     262634 MISS:       4839 MSHR_MERGE:          0
cpu4->cpu4_STLB RFO          ACCESS:          0 HIT:          0 MISS:          0 MSHR_MERGE:          0
cpu4->cpu4_STLB PREFETCH     ACCESS:          0 HIT:          0 MISS:          0 MSHR_MERGE:          0
cpu4->cpu4_STLB WRITE        ACCESS:          0 HIT:          0 MISS:          0 MSHR_MERGE:          0
cpu4->cpu4_STLB TRANSLATION  ACCESS:          0 HIT:          0 MISS:          0 MSHR_MERGE:          0
cpu4->cpu4_STLB PREFETCH REQUESTED:          0 ISSUED:          0 USEFUL:          0 USELESS:          0
cpu4->cpu4_STLB AVERAGE MISS LATENCY: 811.2 cycles
cpu0->cpu4_L2C TOTAL        ACCESS:        520 HIT:        358 MISS:        162 MSHR_MERGE:          0
cpu0->cpu4_L2C LOAD         ACCESS:          0 HIT:          0 MISS:          0 MSHR_MERGE:          0
cpu0->cpu4_L2C RFO          ACCESS:          0 HIT:          0 MISS:          0 MSHR_MERGE:          0
cpu0->cpu4_L2C PREFETCH     ACCESS:          0 HIT:          0 MISS:          0 MSHR_MERGE:          0
cpu0->cpu4_L2C WRITE        ACCESS:        520 HIT:        358 MISS:        162 MSHR_MERGE:          0
cpu0->cpu4_L2C TRANSLATION  ACCESS:          0 HIT:          0 MISS:          0 MSHR_MERGE:          0
cpu0->cpu4_L2C PREFETCH REQUESTED:    2675497 ISSUED:    2673492 USEFUL:      40105 USELESS:       2168
cpu0->cpu4_L2C AVERAGE MISS LATENCY: 2.576e+05 cycles
cpu4->cpu4_L2C TOTAL        ACCESS:    4271651 HIT:    2914202 MISS:    1357449 MSHR_MERGE:     132525
cpu4->cpu4_L2C LOAD         ACCESS:     922649 HIT:     729531 MISS:     193118 MSHR_MERGE:      13642
cpu4->cpu4_L2C RFO          ACCESS:     102375 HIT:      29744 MISS:      72631 MSHR_MERGE:          2
cpu4->cpu4_L2C PREFETCH     ACCESS:    3111876 HIT:    2048585 MISS:    1063291 MSHR_MERGE:     118881
cpu4->cpu4_L2C WRITE        ACCESS:     126624 HIT:     106140 MISS:      20484 MSHR_MERGE:          0
cpu4->cpu4_L2C TRANSLATION  ACCESS:       8127 HIT:        202 MISS:       7925 MSHR_MERGE:          0
cpu4->cpu4_L2C PREFETCH REQUESTED:    2675497 ISSUED:    2673492 USEFUL:      40105 USELESS:       2168
cpu4->cpu4_L2C AVERAGE MISS LATENCY: 141.9 cycles
cpu4_L2C FLUSH STALL CYCLES: 14282
cpu4->cpu4_L1I TOTAL        ACCESS:  136946354 HIT:  134405965 MISS:    2540389 MSHR_MERGE:    1589217
cpu4->cpu4_L1I LOAD         ACCESS:   69905699 HIT:   68645507 MISS:    1260192 MSHR_MERGE:     686036
cpu4->cpu4_L1I RFO          ACCESS:          0 HIT:          0 MISS:          0 MSHR_MERGE:          0
cpu4->cpu4_L1I PREFETCH     ACCESS:   67040655 HIT:   65760458 MISS:    1280197 MSHR_MERGE:     903181
cpu4->cpu4_L1I WRITE        ACCESS:          0 HIT:          0 MISS:          0 MSHR_MERGE:          0
cpu4->cpu4_L1I TRANSLATION  ACCESS:          0 HIT:          0 MISS:          0 MSHR_MERGE:          0
cpu4->cpu4_L1I PREFETCH REQUESTED:   69909925 ISSUED:   67040655 USEFUL:     235841 USELESS:     141148
cpu4->cpu4_L1I AVERAGE MISS LATENCY: 9.501 cycles
cpu4->cpu4_L1D TOTAL        ACCESS:  107770333 HIT:  106201682 MISS:    1568651 MSHR_MERGE:    1048267
cpu4->cpu4_L1D LOAD         ACCESS:   65435405 HIT:   64714574 MISS:     720831 MSHR_MERGE:     372336
cpu4->cpu4_L1D RFO          ACCESS:          0 HIT:          0 MISS:          0 MSHR_MERGE:          0
cpu4->cpu4_L1D PREFETCH     ACCESS:    5330090 HIT:    5226560 MISS:     103530 MSHR_MERGE:      42161
cpu4->cpu4_L1D WRITE        ACCESS:   36995138 HIT:   36259458 MISS:     735680 MSHR_MERGE:     633287
cpu4->cpu4_L1D TRANSLATION  ACCESS:       9700 HIT:       1090 MISS:       8610 MSHR_MERGE:        483
cpu4->cpu4_L1D PREFETCH REQUESTED:    5342368 ISSUED:    5330089 USEFUL:      48513 USELESS:      12609
cpu4->cpu4_L1D AVERAGE MISS LATENCY: 99.09 cycles
cpu4_L1D FLUSH STALL CYCLES: 456
cpu4->cpu4_ITLB TOTAL        ACCESS:   97873885 HIT:   97869576 MISS:       4309 MSHR_MERGE:       2815
cpu4->cpu4_ITLB LOAD         ACCESS:   97873885 HIT:   97869576 MISS:       4309 MSHR_MERGE:       2815
cpu4->cpu4_ITLB RFO          ACCESS:          0 HIT:          0 MISS:          0 MSHR_MERGE:          0
cpu4->cpu4_ITLB PREFETCH     ACCESS:          0 HIT:          0 MISS:          0 MSHR_MERGE:          0
cpu4->cpu4_ITLB WRITE        ACCESS:          0 HIT:          0 MISS:          0 MSHR_MERGE:          0
cpu4->cpu4_ITLB TRANSLATION  ACCESS:          0 HIT:          0 MISS:          0 MSHR_MERGE:          0
cpu4->cpu4_ITLB PREFETCH REQUESTED:          0 ISSUED:          0 USEFUL:          0 USELESS:          0
cpu4->cpu4_ITLB AVERAGE MISS LATENCY: 42.54 cycles
cpu4->cpu4_DTLB TOTAL        ACCESS:   95949393 HIT:   95445500 MISS:     503893 MSHR_MERGE:     237914
cpu4->cpu4_DTLB LOAD         ACCESS:   95949393 HIT:   95445500 MISS:     503893 MSHR_MERGE:     237914
cpu4->cpu4_DTLB RFO          ACCESS:          0 HIT:          0 MISS:          0 MSHR_MERGE:          0
cpu4->cpu4_DTLB PREFETCH     ACCESS:          0 HIT:          0 MISS:          0 MSHR_MERGE:          0
cpu4->cpu4_DTLB WRITE        ACCESS:          0 HIT:          0 MISS:          0 MSHR_MERGE:          0
cpu4->cpu4_DTLB TRANSLATION  ACCESS:          0 HIT:          0 MISS:          0 MSHR_MERGE:          0
cpu4->cpu4_DTLB PREFETCH REQUESTED:          0 ISSUED:          0 USEFUL:          0 USELESS:          0
cpu4->cpu4_DTLB AVERAGE MISS LATENCY: 19.57 cycles
cpu3->cpu3_STLB TOTAL        ACCESS:    4542748 HIT:    4536562 MISS:       6186 MSHR_MERGE:          0
cpu3->cpu3_STLB LOAD         ACCESS:    4542748 HIT:    4536562 MISS:       6186 MSHR_MERGE:          0
cpu3->cpu3_STLB RFO          ACCESS:          0 HIT:          0 MISS:          0 MSHR_MERGE:          0
cpu3->cpu3_STLB PREFETCH     ACCESS:          0 HIT:          0 MISS:          0 MSHR_MERGE:          0
cpu3->cpu3_STLB WRITE        ACCESS:          0 HIT:          0 MISS:          0 MSHR_MERGE:          0
cpu3->cpu3_STLB TRANSLATION  ACCESS:          0 HIT:          0 MISS:          0 MSHR_MERGE:          0
cpu3->cpu3_STLB PREFETCH REQUESTED:          0 ISSUED:          0 USEFUL:          0 USELESS:          0
cpu3->cpu3_STLB AVERAGE MISS LATENCY: 442.6 cycles
cpu0->cpu3_L2C TOTAL        ACCESS:        123 HIT:        121 MISS:          2 MSHR_MERGE:          0
cpu0->cpu3_L2C LOAD         ACCESS:          0 HIT:          0 MISS:          0 MSHR_MERGE:          0
cpu0->cpu3_L2C RFO          ACCESS:          0 HIT:          0 MISS:          0 MSHR_MERGE:          0
cpu0->cpu3_L2C PREFETCH     ACCESS:          0 HIT:          0 MISS:          0 MSHR_MERGE:          0
cpu0->cpu3_L2C WRITE        ACCESS:        123 HIT:        121 MISS:          2 MSHR_MERGE:          0
cpu0->cpu3_L2C TRANSLATION  ACCESS:          0 HIT:          0 MISS:          0 MSHR_MERGE:          0
cpu0->cpu3_L2C PREFETCH REQUESTED:    9267211 ISSUED:    9267211 USEFUL:       2149 USELESS:       6887
cpu0->cpu3_L2C AVERAGE MISS LATENCY: 3.162e+07 cycles
cpu3->cpu3_L2C TOTAL        ACCESS:   18868924 HIT:   16523357 MISS:    2345567 MSHR_MERGE:      22618
cpu3->cpu3_L2C LOAD         ACCESS:    7396294 HIT:    7328949 MISS:      67345 MSHR_MERGE:         32
cpu3->cpu3_L2C RFO          ACCESS:     301932 HIT:      79135 MISS:     222797 MSHR_MERGE:        174
cpu3->cpu3_L2C PREFETCH     ACCESS:   10648704 HIT:    8619709 MISS:    2028995 MSHR_MERGE:      22412
cpu3->cpu3_L2C WRITE        ACCESS:     510594 HIT:     494190 MISS:      16404 MSHR_MERGE:          0
cpu3->cpu3_L2C TRANSLATION  ACCESS:      11400 HIT:       1374 MISS:      10026 MSHR_MERGE:          0
cpu3->cpu3_L2C PREFETCH REQUESTED:    9267211 ISSUED:    9267211 USEFUL:       2149 USELESS:       6887
cpu3->cpu3_L2C AVERAGE MISS LATENCY: 199.8 cycles
cpu3_L2C FLUSH STALL CYCLES: 14510
cpu3->cpu3_L1I TOTAL        ACCESS:   74966312 HIT:   71779211 MISS:    3187101 MSHR_MERGE:    1255095
cpu3->cpu3_L1I LOAD         ACCESS:   37703786 HIT:   36067700 MISS:    1636086 MSHR_MERGE:     596480
cpu3->cpu3_L1I RFO          ACCESS:          0 HIT:          0 MISS:          0 MSHR_MERGE:          0
cpu3->cpu3_L1I PREFETCH     ACCESS:   37262526 HIT:   35711511 MISS:    1551015 MSHR_MERGE:     658615
cpu3->cpu3_L1I WRITE        ACCESS:          0 HIT:          0 MISS:          0 MSHR_MERGE:          0
cpu3->cpu3_L1I TRANSLATION  ACCESS:          0 HIT:          0 MISS:          0 MSHR_MERGE:          0
cpu3->cpu3_L1I PREFETCH REQUESTED:   37706389 ISSUED:   37262526 USEFUL:     373412 USELESS:     518974
cpu3->cpu3_L1I AVERAGE MISS LATENCY: 9.752 cycles
cpu3->cpu3_L1D TOTAL        ACCESS:   66250899 HIT:   56424485 MISS:    9826414 MSHR_MERGE:    2667254
cpu3->cpu3_L1D LOAD         ACCESS:   42969146 HIT:   35198793 MISS:    7770353 MSHR_MERGE:    1413665
cpu3->cpu3_L1D RFO          ACCESS:          0 HIT:          0 MISS:          0 MSHR_MERGE:          0
cpu3->cpu3_L1D PREFETCH     ACCESS:    7954282 HIT:    7052390 MISS:     901892 MSHR_MERGE:     412752
cpu3->cpu3_L1D WRITE        ACCESS:   15315072 HIT:   14172371 MISS:    1142701 MSHR_MERGE:     840769
cpu3->cpu3_L1D TRANSLATION  ACCESS:      12399 HIT:        931 MISS:      11468 MSHR_MERGE:         68
cpu3->cpu3_L1D PREFETCH REQUESTED:    8282839 ISSUED:    7954282 USEFUL:     422712 USELESS:      59339
cpu3->cpu3_L1D AVERAGE MISS LATENCY: 19.51 cycles
cpu3_L1D FLUSH STALL CYCLES: 59
cpu3->cpu3_ITLB TOTAL        ACCESS:   58779037 HIT:   58596664 MISS:     182373 MSHR_MERGE:      93425
cpu3->cpu3_ITLB LOAD         ACCESS:   58779037 HIT:   58596664 MISS:     182373 MSHR_MERGE:      93425
cpu3->cpu3_ITLB RFO          ACCESS:          0 HIT:          0 MISS:          0 MSHR_MERGE:          0
cpu3->cpu3_ITLB PREFETCH     ACCESS:          0 HIT:          0 MISS:          0 MSHR_MERGE:          0
cpu3->cpu3_ITLB WRITE        ACCESS:          0 HIT:          0 MISS:          0 MSHR_MERGE:          0
cpu3->cpu3_ITLB TRANSLATION  ACCESS:          0 HIT:          0 MISS:          0 MSHR_MERGE:          0
cpu3->cpu3_ITLB PREFETCH REQUESTED:          0 ISSUED:          0 USEFUL:          0 USELESS:          0
cpu3->cpu3_ITLB AVERAGE MISS LATENCY: 7.98 cycles
cpu3->cpu3_DTLB TOTAL        ACCESS:   56163315 HIT:   49581896 MISS:    6581419 MSHR_MERGE:    2127619
cpu3->cpu3_DTLB LOAD         ACCESS:   56163315 HIT:   49581896 MISS:    6581419 MSHR_MERGE:    2127619
cpu3->cpu3_DTLB RFO          ACCESS:          0 HIT:          0 MISS:          0 MSHR_MERGE:          0
cpu3->cpu3_DTLB PREFETCH     ACCESS:          0 HIT:          0 MISS:          0 MSHR_MERGE:          0
cpu3->cpu3_DTLB WRITE        ACCESS:          0 HIT:          0 MISS:          0 MSHR_MERGE:          0
cpu3->cpu3_DTLB TRANSLATION  ACCESS:          0 HIT:          0 MISS:          0 MSHR_MERGE:          0
cpu3->cpu3_DTLB PREFETCH REQUESTED:          0 ISSUED:          0 USEFUL:          0 USELESS:          0
cpu3->cpu3_DTLB AVERAGE MISS LATENCY: 5.557 cycles
cpu2->cpu2_STLB TOTAL        ACCESS:     206815 HIT:     177575 MISS:      29240 MSHR_MERGE:          0
cpu2->cpu2_STLB LOAD         ACCESS:     206815 HIT:     177575 MISS:      29240 MSHR_MERGE:          0
cpu2->cpu2_STLB RFO          ACCESS:          0 HIT:          0 MISS:          0 MSHR_MERGE:          0
cpu2->cpu2_STLB PREFETCH     ACCESS:          0 HIT:          0 MISS:          0 MSHR_MERGE:          0
cpu2->cpu2_STLB WRITE        ACCESS:          0 HIT:          0 MISS:          0 MSHR_MERGE:          0
cpu2->cpu2_STLB TRANSLATION  ACCESS:          0 HIT:          0 MISS:          0 MSHR_MERGE:          0
cpu2->cpu2_STLB PREFETCH REQUESTED:          0 ISSUED:          0 USEFUL:          0 USELESS:          0
cpu2->cpu2_STLB AVERAGE MISS LATENCY: 465.7 cycles
cpu0->cpu2_L2C TOTAL        ACCESS:        289 HIT:        288 MISS:          1 MSHR_MERGE:          0
cpu0->cpu2_L2C LOAD         ACCESS:          0 HIT:          0 MISS:          0 MSHR_MERGE:          0
cpu0->cpu2_L2C RFO          ACCESS:          0 HIT:          0 MISS:          0 MSHR_MERGE:          0
cpu0->cpu2_L2C PREFETCH     ACCESS:          0 HIT:          0 MISS:          0 MSHR_MERGE:          0
cpu0->cpu2_L2C WRITE        ACCESS:        289 HIT:        288 MISS:          1 MSHR_MERGE:          0
cpu0->cpu2_L2C TRANSLATION  ACCESS:          0 HIT:          0 MISS:          0 MSHR_MERGE:          0
cpu0->cpu2_L2C PREFETCH REQUESTED:    3930235 ISSUED:    3489163 USEFUL:      17434 USELESS:       3816
cpu0->cpu2_L2C AVERAGE MISS LATENCY: 4.125e+08 cycles
cpu2->cpu2_L2C TOTAL        ACCESS:    8588772 HIT:    5678413 MISS:    2910359 MSHR_MERGE:     120674
cpu2->cpu2_L2C LOAD         ACCESS:     978162 HIT:     830209 MISS:     147953 MSHR_MERGE:       7592
cpu2->cpu2_L2C RFO          ACCESS:    1869941 HIT:     407694 MISS:    1462247 MSHR_MERGE:          2
cpu2->cpu2_L2C PREFETCH     ACCESS:    3693419 HIT:    3196664 MISS:     496755 MSHR_MERGE:     113080
cpu2->cpu2_L2C WRITE        ACCESS:    2009958 HIT:    1243668 MISS:     766290 MSHR_MERGE:          0
cpu2->cpu2_L2C TRANSLATION  ACCESS:      37292 HIT:        178 MISS:      37114 MSHR_MERGE:          0
cpu2->cpu2_L2C PREFETCH REQUESTED:    3930235 ISSUED:    3489163 USEFUL:      17434 USELESS:       3816
cpu2->cpu2_L2C AVERAGE MISS LATENCY: 170.9 cycles
cpu2_L2C FLUSH STALL CYCLES: 14593
cpu2->cpu2_L1I TOTAL        ACCESS:   72389295 HIT:   71958169 MISS:     431126 MSHR_MERGE:     251243
cpu2->cpu2_L1I LOAD         ACCESS:   37822348 HIT:   37606009 MISS:     216339 MSHR_MERGE:     105883
cpu2->cpu2_L1I RFO          ACCESS:          0 HIT:          0 MISS:          0 MSHR_MERGE:          0
cpu2->cpu2_L1I PREFETCH     ACCESS:   34566947 HIT:   34352160 MISS:     214787 MSHR_MERGE:     145360
cpu2->cpu2_L1I WRITE        ACCESS:          0 HIT:          0 MISS:          0 MSHR_MERGE:          0
cpu2->cpu2_L1I TRANSLATION  ACCESS:          0 HIT:          0 MISS:          0 MSHR_MERGE:          0
cpu2->cpu2_L1I PREFETCH REQUESTED:   37823211 ISSUED:   34566915 USEFUL:      47034 USELESS:      22385
cpu2->cpu2_L1I AVERAGE MISS LATENCY: 32.56 cycles
cpu2->cpu2_L1D TOTAL        ACCESS:   69513991 HIT:   60455202 MISS:    9058789 MSHR_MERGE:    6148901
cpu2->cpu2_L1D LOAD         ACCESS:   35811735 HIT:   34282682 MISS:    1529053 MSHR_MERGE:     661339
cpu2->cpu2_L1D RFO          ACCESS:          0 HIT:          0 MISS:          0 MSHR_MERGE:          0
cpu2->cpu2_L1D PREFETCH     ACCESS:    1970566 HIT:    1785524 MISS:     185042 MSHR_MERGE:      50152
cpu2->cpu2_L1D WRITE        ACCESS:   31672741 HIT:   24366160 MISS:    7306581 MSHR_MERGE:    5436589
cpu2->cpu2_L1D TRANSLATION  ACCESS:      58949 HIT:      20836 MISS:      38113 MSHR_MERGE:        821
cpu2->cpu2_L1D PREFETCH REQUESTED:    2019120 ISSUED:    1970561 USEFUL:     107579 USELESS:      17232
cpu2->cpu2_L1D AVERAGE MISS LATENCY: 156.2 cycles
cpu2_L1D FLUSH STALL CYCLES: 225
cpu2->cpu2_ITLB TOTAL        ACCESS:   56893053 HIT:   56884052 MISS:       9001 MSHR_MERGE:       5339
cpu2->cpu2_ITLB LOAD         ACCESS:   56893053 HIT:   56884052 MISS:       9001 MSHR_MERGE:       5339
cpu2->cpu2_ITLB RFO          ACCESS:          0 HIT:          0 MISS:          0 MSHR_MERGE:          0
cpu2->cpu2_ITLB PREFETCH     ACCESS:          0 HIT:          0 MISS:          0 MSHR_MERGE:          0
cpu2->cpu2_ITLB WRITE        ACCESS:          0 HIT:          0 MISS:          0 MSHR_MERGE:          0
cpu2->cpu2_ITLB TRANSLATION  ACCESS:          0 HIT:          0 MISS:          0 MSHR_MERGE:          0
cpu2->cpu2_ITLB PREFETCH REQUESTED:          0 ISSUED:          0 USEFUL:          0 USELESS:          0
cpu2->cpu2_ITLB AVERAGE MISS LATENCY: 126.6 cycles
cpu2->cpu2_DTLB TOTAL        ACCESS:   64363875 HIT:   63655422 MISS:     708453 MSHR_MERGE:     505300
cpu2->cpu2_DTLB LOAD         ACCESS:   64363875 HIT:   63655422 MISS:     708453 MSHR_MERGE:     505300
cpu2->cpu2_DTLB RFO          ACCESS:          0 HIT:          0 MISS:          0 MSHR_MERGE:          0
cpu2->cpu2_DTLB PREFETCH     ACCESS:          0 HIT:          0 MISS:          0 MSHR_MERGE:          0
cpu2->cpu2_DTLB WRITE        ACCESS:          0 HIT:          0 MISS:          0 MSHR_MERGE:          0
cpu2->cpu2_DTLB TRANSLATION  ACCESS:          0 HIT:          0 MISS:          0 MSHR_MERGE:          0
cpu2->cpu2_DTLB PREFETCH REQUESTED:          0 ISSUED:          0 USEFUL:          0 USELESS:          0
cpu2->cpu2_DTLB AVERAGE MISS LATENCY: 69.98 cycles
cpu1->cpu1_STLB TOTAL        ACCESS:     205918 HIT:     176679 MISS:      29239 MSHR_MERGE:          0
cpu1->cpu1_STLB LOAD         ACCESS:     205918 HIT:     176679 MISS:      29239 MSHR_MERGE:          0
cpu1->cpu1_STLB RFO          ACCESS:          0 HIT:          0 MISS:          0 MSHR_MERGE:          0
cpu1->cpu1_STLB PREFETCH     ACCESS:          0 HIT:          0 MISS:          0 MSHR_MERGE:          0
cpu1->cpu1_STLB WRITE        ACCESS:          0 HIT:          0 MISS:          0 MSHR_MERGE:          0
cpu1->cpu1_STLB TRANSLATION  ACCESS:          0 HIT:          0 MISS:          0 MSHR_MERGE:          0
cpu1->cpu1_STLB PREFETCH REQUESTED:          0 ISSUED:          0 USEFUL:          0 USELESS:          0
cpu1->cpu1_STLB AVERAGE MISS LATENCY: 465.2 cycles
cpu0->cpu1_L2C TOTAL        ACCESS:        232 HIT:        232 MISS:          0 MSHR_MERGE:          0
cpu0->cpu1_L2C LOAD         ACCESS:          0 HIT:          0 MISS:          0 MSHR_MERGE:          0
cpu0->cpu1_L2C RFO          ACCESS:          0 HIT:          0 MISS:          0 MSHR_MERGE:          0
cpu0->cpu1_L2C PREFETCH     ACCESS:          0 HIT:          0 MISS:          0 MSHR_MERGE:          0
cpu0->cpu1_L2C WRITE        ACCESS:        232 HIT:        232 MISS:          0 MSHR_MERGE:          0
cpu0->cpu1_L2C TRANSLATION  ACCESS:          0 HIT:          0 MISS:          0 MSHR_MERGE:          0
cpu0->cpu1_L2C PREFETCH REQUESTED:    3962914 ISSUED:    3529140 USEFUL:      17874 USELESS:       3413
cpu0->cpu1_L2C AVERAGE MISS LATENCY: - cycles
cpu1->cpu1_L2C TOTAL        ACCESS:    8623548 HIT:    5697481 MISS:    2926067 MSHR_MERGE:     132458
cpu1->cpu1_L2C LOAD         ACCESS:     975237 HIT:     815031 MISS:     160206 MSHR_MERGE:       7615
cpu1->cpu1_L2C RFO          ACCESS:    1868845 HIT:     414237 MISS:    1454608 MSHR_MERGE:         25
cpu1->cpu1_L2C PREFETCH     ACCESS:    3733530 HIT:    3220340 MISS:     513190 MSHR_MERGE:     124818
cpu1->cpu1_L2C WRITE        ACCESS:    2008653 HIT:    1247681 MISS:     760972 MSHR_MERGE:          0
cpu1->cpu1_L2C TRANSLATION  ACCESS:      37283 HIT:        192 MISS:      37091 MSHR_MERGE:          0
cpu1->cpu1_L2C PREFETCH REQUESTED:    3962914 ISSUED:    3529140 USEFUL:      17874 USELESS:       3413
cpu1->cpu1_L2C AVERAGE MISS LATENCY: 172.5 cycles
cpu1_L2C FLUSH STALL CYCLES: 14832
cpu1->cpu1_L1I TOTAL        ACCESS:   72085513 HIT:   71644959 MISS:     440554 MSHR_MERGE:     260735
cpu1->cpu1_L1I LOAD         ACCESS:   37647292 HIT:   37431550 MISS:     215742 MSHR_MERGE:     106458
cpu1->cpu1_L1I RFO          ACCESS:          0 HIT:          0 MISS:          0 MSHR_MERGE:          0
cpu1->cpu1_L1I PREFETCH     ACCESS:   34438221 HIT:   34213409 MISS:     224812 MSHR_MERGE:     154277
cpu1->cpu1_L1I WRITE        ACCESS:          0 HIT:          0 MISS:          0 MSHR_MERGE:          0
cpu1->cpu1_L1I TRANSLATION  ACCESS:          0 HIT:          0 MISS:          0 MSHR_MERGE:          0
cpu1->cpu1_L1I PREFETCH REQUESTED:   37648119 ISSUED:   34438189 USEFUL:      48126 USELESS:      22401
cpu1->cpu1_L1I AVERAGE MISS LATENCY: 35.33 cycles
cpu1->cpu1_L1D TOTAL        ACCESS:   69263666 HIT:   60226118 MISS:    9037548 MSHR_MERGE:    6131507
cpu1->cpu1_L1D LOAD         ACCESS:   35686205 HIT:   34163642 MISS:    1522563 MSHR_MERGE:     656603
cpu1->cpu1_L1D RFO          ACCESS:          0 HIT:          0 MISS:          0 MSHR_MERGE:          0
cpu1->cpu1_L1D PREFETCH     ACCESS:    1963514 HIT:    1781023 MISS:     182491 MSHR_MERGE:      48570
cpu1->cpu1_L1D WRITE        ACCESS:   31554989 HIT:   24260608 MISS:    7294381 MSHR_MERGE:    5425504
cpu1->cpu1_L1D TRANSLATION  ACCESS:      58958 HIT:      20845 MISS:      38113 MSHR_MERGE:        830
cpu1->cpu1_L1D PREFETCH REQUESTED:    2009198 ISSUED:    1963507 USEFUL:     107147 USELESS:      17121
cpu1->cpu1_L1D AVERAGE MISS LATENCY: 157.5 cycles
cpu1_L1D FLUSH STALL CYCLES: 168
cpu1->cpu1_ITLB TOTAL        ACCESS:   56687035 HIT:   56677876 MISS:       9159 MSHR_MERGE:       5497
cpu1->cpu1_ITLB LOAD         ACCESS:   56687035 HIT:   56677876 MISS:       9159 MSHR_MERGE:       5497
cpu1->cpu1_ITLB RFO          ACCESS:          0 HIT:          0 MISS:          0 MSHR_MERGE:          0
cpu1->cpu1_ITLB PREFETCH     ACCESS:          0 HIT:          0 MISS:          0 MSHR_MERGE:          0
cpu1->cpu1_ITLB WRITE        ACCESS:          0 HIT:          0 MISS:          0 MSHR_MERGE:          0
cpu1->cpu1_ITLB TRANSLATION  ACCESS:          0 HIT:          0 MISS:          0 MSHR_MERGE:          0
cpu1->cpu1_ITLB PREFETCH REQUESTED:          0 ISSUED:          0 USEFUL:          0 USELESS:          0
cpu1->cpu1_ITLB AVERAGE MISS LATENCY: 126.4 cycles
cpu1->cpu1_DTLB TOTAL        ACCESS:   64139505 HIT:   63432598 MISS:     706907 MSHR_MERGE:     504651
cpu1->cpu1_DTLB LOAD         ACCESS:   64139505 HIT:   63432598 MISS:     706907 MSHR_MERGE:     504651
cpu1->cpu1_DTLB RFO          ACCESS:          0 HIT:          0 MISS:          0 MSHR_MERGE:          0
cpu1->cpu1_DTLB PREFETCH     ACCESS:          0 HIT:          0 MISS:          0 MSHR_MERGE:          0
cpu1->cpu1_DTLB WRITE        ACCESS:          0 HIT:          0 MISS:          0 MSHR_MERGE:          0
cpu1->cpu1_DTLB TRANSLATION  ACCESS:          0 HIT:          0 MISS:          0 MSHR_MERGE:          0
cpu1->cpu1_DTLB PREFETCH REQUESTED:          0 ISSUED:          0 USEFUL:          0 USELESS:          0
cpu1->cpu1_DTLB AVERAGE MISS LATENCY: 70.2 cycles
cpu15->cpu15_STLB TOTAL        ACCESS:         29 HIT:          1 MISS:         28 MSHR_MERGE:          0
cpu15->cpu15_STLB LOAD         ACCESS:         29 HIT:          1 MISS:         28 MSHR_MERGE:          0
cpu15->cpu15_STLB RFO          ACCESS:          0 HIT:          0 MISS:          0 MSHR_MERGE:          0
cpu15->cpu15_STLB PREFETCH     ACCESS:          0 HIT:          0 MISS:          0 MSHR_MERGE:          0
cpu15->cpu15_STLB WRITE        ACCESS:          0 HIT:          0 MISS:          0 MSHR_MERGE:          0
cpu15->cpu15_STLB TRANSLATION  ACCESS:          0 HIT:          0 MISS:          0 MSHR_MERGE:          0
cpu15->cpu15_STLB PREFETCH REQUESTED:          0 ISSUED:          0 USEFUL:          0 USELESS:          0
cpu15->cpu15_STLB AVERAGE MISS LATENCY: 788.1 cycles
cpu0->cpu15_L2C TOTAL        ACCESS:        316 HIT:        316 MISS:          0 MSHR_MERGE:          0
cpu0->cpu15_L2C LOAD         ACCESS:          0 HIT:          0 MISS:          0 MSHR_MERGE:          0
cpu0->cpu15_L2C RFO          ACCESS:          0 HIT:          0 MISS:          0 MSHR_MERGE:          0
cpu0->cpu15_L2C PREFETCH     ACCESS:          0 HIT:          0 MISS:          0 MSHR_MERGE:          0
cpu0->cpu15_L2C WRITE        ACCESS:        316 HIT:        316 MISS:          0 MSHR_MERGE:          0
cpu0->cpu15_L2C TRANSLATION  ACCESS:          0 HIT:          0 MISS:          0 MSHR_MERGE:          0
cpu0->cpu15_L2C PREFETCH REQUESTED:     427269 ISSUED:     415892 USEFUL:         42 USELESS:          0
cpu0->cpu15_L2C AVERAGE MISS LATENCY: - cycles
cpu15->cpu15_L2C TOTAL        ACCESS:     517081 HIT:     489131 MISS:      27950 MSHR_MERGE:        279
cpu15->cpu15_L2C LOAD         ACCESS:      64622 HIT:      64435 MISS:        187 MSHR_MERGE:          4
cpu15->cpu15_L2C RFO          ACCESS:         42 HIT:          8 MISS:         34 MSHR_MERGE:          0
cpu15->cpu15_L2C PREFETCH     ACCESS:     452359 HIT:     424678 MISS:      27681 MSHR_MERGE:        275
cpu15->cpu15_L2C WRITE        ACCESS:         10 HIT:         10 MISS:          0 MSHR_MERGE:          0
cpu15->cpu15_L2C TRANSLATION  ACCESS:         48 HIT:          0 MISS:         48 MSHR_MERGE:          0
cpu15->cpu15_L2C PREFETCH REQUESTED:     427269 ISSUED:     415892 USEFUL:         42 USELESS:          0
cpu15->cpu15_L2C AVERAGE MISS LATENCY: 152 cycles
cpu15_L2C FLUSH STALL CYCLES: 61
cpu15->cpu15_L1I TOTAL        ACCESS:  118839423 HIT:  118495622 MISS:     343801 MSHR_MERGE:     242787
cpu15->cpu15_L1I LOAD         ACCESS:   60827221 HIT:   60665229 MISS:     161992 MSHR_MERGE:      97421
cpu15->cpu15_L1I RFO          ACCESS:          0 HIT:          0 MISS:          0 MSHR_MERGE:          0
cpu15->cpu15_L1I PREFETCH     ACCESS:   58012202 HIT:   57830393 MISS:     181809 MSHR_MERGE:     145366
cpu15->cpu15_L1I WRITE        ACCESS:          0 HIT:          0 MISS:          0 MSHR_MERGE:          0
cpu15->cpu15_L1I TRANSLATION  ACCESS:          0 HIT:          0 MISS:          0 MSHR_MERGE:          0
cpu15->cpu15_L1I PREFETCH REQUESTED:   60827221 ISSUED:   58012172 USEFUL:      32188 USELESS:       4262
cpu15->cpu15_L1I AVERAGE MISS LATENCY: 8.861 cycles
cpu15->cpu15_L1D TOTAL        ACCESS:  145099341 HIT:  145098947 MISS:        394 MSHR_MERGE:        228
cpu15->cpu15_L1D LOAD         ACCESS:   63130387 HIT:   63130297 MISS:         90 MSHR_MERGE:         39
cpu15->cpu15_L1D RFO          ACCESS:          0 HIT:          0 MISS:          0 MSHR_MERGE:          0
cpu15->cpu15_L1D PREFETCH     ACCESS:   10264526 HIT:   10264492 MISS:         34 MSHR_MERGE:         10
cpu15->cpu15_L1D WRITE        ACCESS:   71704372 HIT:   71704150 MISS:        222 MSHR_MERGE:        179
cpu15->cpu15_L1D TRANSLATION  ACCESS:         56 HIT:          8 MISS:         48 MSHR_MERGE:          0
cpu15->cpu15_L1D PREFETCH REQUESTED:   11619418 ISSUED:   10264515 USEFUL:          9 USELESS:          0
cpu15->cpu15_L1D AVERAGE MISS LATENCY: 194.5 cycles
cpu15_L1D FLUSH STALL CYCLES: 252
cpu15->cpu15_ITLB TOTAL        ACCESS:   82026876 HIT:   82026841 MISS:         35 MSHR_MERGE:         15
cpu15->cpu15_ITLB LOAD         ACCESS:   82026876 HIT:   82026841 MISS:         35 MSHR_MERGE:         15
cpu15->cpu15_ITLB RFO          ACCESS:          0 HIT:          0 MISS:          0 MSHR_MERGE:          0
cpu15->cpu15_ITLB PREFETCH     ACCESS:          0 HIT:          0 MISS:          0 MSHR_MERGE:          0
cpu15->cpu15_ITLB WRITE        ACCESS:          0 HIT:          0 MISS:          0 MSHR_MERGE:          0
cpu15->cpu15_ITLB TRANSLATION  ACCESS:          0 HIT:          0 MISS:          0 MSHR_MERGE:          0
cpu15->cpu15_ITLB PREFETCH REQUESTED:          0 ISSUED:          0 USEFUL:          0 USELESS:          0
cpu15->cpu15_ITLB AVERAGE MISS LATENCY: 775.2 cycles
cpu15->cpu15_DTLB TOTAL        ACCESS:  116295384 HIT:  116295372 MISS:         12 MSHR_MERGE:          3
cpu15->cpu15_DTLB LOAD         ACCESS:  116295384 HIT:  116295372 MISS:         12 MSHR_MERGE:          3
cpu15->cpu15_DTLB RFO          ACCESS:          0 HIT:          0 MISS:          0 MSHR_MERGE:          0
cpu15->cpu15_DTLB PREFETCH     ACCESS:          0 HIT:          0 MISS:          0 MSHR_MERGE:          0
cpu15->cpu15_DTLB WRITE        ACCESS:          0 HIT:          0 MISS:          0 MSHR_MERGE:          0
cpu15->cpu15_DTLB TRANSLATION  ACCESS:          0 HIT:          0 MISS:          0 MSHR_MERGE:          0
cpu15->cpu15_DTLB PREFETCH REQUESTED:          0 ISSUED:          0 USEFUL:          0 USELESS:          0
cpu15->cpu15_DTLB AVERAGE MISS LATENCY: 748.6 cycles
cpu14->cpu14_STLB TOTAL        ACCESS:     110066 HIT:     109000 MISS:       1066 MSHR_MERGE:          0
cpu14->cpu14_STLB LOAD         ACCESS:     110066 HIT:     109000 MISS:       1066 MSHR_MERGE:          0
cpu14->cpu14_STLB RFO          ACCESS:          0 HIT:          0 MISS:          0 MSHR_MERGE:          0
cpu14->cpu14_STLB PREFETCH     ACCESS:          0 HIT:          0 MISS:          0 MSHR_MERGE:          0
cpu14->cpu14_STLB WRITE        ACCESS:          0 HIT:          0 MISS:          0 MSHR_MERGE:          0
cpu14->cpu14_STLB TRANSLATION  ACCESS:          0 HIT:          0 MISS:          0 MSHR_MERGE:          0
cpu14->cpu14_STLB PREFETCH REQUESTED:          0 ISSUED:          0 USEFUL:          0 USELESS:          0
cpu14->cpu14_STLB AVERAGE MISS LATENCY: 732.6 cycles
cpu0->cpu14_L2C TOTAL        ACCESS:        196 HIT:        195 MISS:          1 MSHR_MERGE:          0
cpu0->cpu14_L2C LOAD         ACCESS:          0 HIT:          0 MISS:          0 MSHR_MERGE:          0
cpu0->cpu14_L2C RFO          ACCESS:          0 HIT:          0 MISS:          0 MSHR_MERGE:          0
cpu0->cpu14_L2C PREFETCH     ACCESS:          0 HIT:          0 MISS:          0 MSHR_MERGE:          0
cpu0->cpu14_L2C WRITE        ACCESS:        196 HIT:        195 MISS:          1 MSHR_MERGE:          0
cpu0->cpu14_L2C TRANSLATION  ACCESS:          0 HIT:          0 MISS:          0 MSHR_MERGE:          0
cpu0->cpu14_L2C PREFETCH REQUESTED:     717040 ISSUED:     716426 USEFUL:      14525 USELESS:        388
cpu0->cpu14_L2C AVERAGE MISS LATENCY: 8.978e+06 cycles
cpu14->cpu14_L2C TOTAL        ACCESS:    1566785 HIT:    1243635 MISS:     323150 MSHR_MERGE:      16736
cpu14->cpu14_L2C LOAD         ACCESS:     479225 HIT:     457314 MISS:      21911 MSHR_MERGE:        538
cpu14->cpu14_L2C RFO          ACCESS:      83399 HIT:      51025 MISS:      32374 MSHR_MERGE:         17
cpu14->cpu14_L2C PREFETCH     ACCESS:     859966 HIT:     603410 MISS:     256556 MSHR_MERGE:      16181
cpu14->cpu14_L2C WRITE        ACCESS:     142585 HIT:     131875 MISS:      10710 MSHR_MERGE:          0
cpu14->cpu14_L2C TRANSLATION  ACCESS:       1610 HIT:         11 MISS:       1599 MSHR_MERGE:          0
cpu14->cpu14_L2C PREFETCH REQUESTED:     717040 ISSUED:     716426 USEFUL:      14525 USELESS:        388
cpu14->cpu14_L2C AVERAGE MISS LATENCY: 134.8 cycles
cpu14_L2C FLUSH STALL CYCLES: 11727
cpu14->cpu14_L1I TOTAL        ACCESS:   69803957 HIT:   69731662 MISS:      72295 MSHR_MERGE:      39284
cpu14->cpu14_L1I LOAD         ACCESS:   35133138 HIT:   35097812 MISS:      35326 MSHR_MERGE:      17246
cpu14->cpu14_L1I RFO          ACCESS:          0 HIT:          0 MISS:          0 MSHR_MERGE:          0
cpu14->cpu14_L1I PREFETCH     ACCESS:   34670819 HIT:   34633850 MISS:      36969 MSHR_MERGE:      22038
cpu14->cpu14_L1I WRITE        ACCESS:          0 HIT:          0 MISS:          0 MSHR_MERGE:          0
cpu14->cpu14_L1I TRANSLATION  ACCESS:          0 HIT:          0 MISS:          0 MSHR_MERGE:          0
cpu14->cpu14_L1I PREFETCH REQUESTED:   35133138 ISSUED:   34670787 USEFUL:       8563 USELESS:       6354
cpu14->cpu14_L1I AVERAGE MISS LATENCY: 17.02 cycles
cpu14->cpu14_L1D TOTAL        ACCESS:   81749647 HIT:   80654972 MISS:    1094675 MSHR_MERGE:     419895
cpu14->cpu14_L1D LOAD         ACCESS:   47768077 HIT:   47254285 MISS:     513792 MSHR_MERGE:      52645
cpu14->cpu14_L1D RFO          ACCESS:          0 HIT:          0 MISS:          0 MSHR_MERGE:          0
cpu14->cpu14_L1D PREFETCH     ACCESS:    3000572 HIT:    2799828 MISS:     200744 MSHR_MERGE:      72121
cpu14->cpu14_L1D WRITE        ACCESS:   30978864 HIT:   30600339 MISS:     378525 MSHR_MERGE:     295125
cpu14->cpu14_L1D TRANSLATION  ACCESS:       2134 HIT:        520 MISS:       1614 MSHR_MERGE:          4
cpu14->cpu14_L1D PREFETCH REQUESTED:    3007363 ISSUED:    3000566 USEFUL:      98189 USELESS:      29249
cpu14->cpu14_L1D AVERAGE MISS LATENCY: 25.81 cycles
cpu14_L1D FLUSH STALL CYCLES: 132
cpu14->cpu14_ITLB TOTAL        ACCESS:   55173479 HIT:   55173398 MISS:         81 MSHR_MERGE:         33
cpu14->cpu14_ITLB LOAD         ACCESS:   55173479 HIT:   55173398 MISS:         81 MSHR_MERGE:         33
cpu14->cpu14_ITLB RFO          ACCESS:          0 HIT:          0 MISS:          0 MSHR_MERGE:          0
cpu14->cpu14_ITLB PREFETCH     ACCESS:          0 HIT:          0 MISS:          0 MSHR_MERGE:          0
cpu14->cpu14_ITLB WRITE        ACCESS:          0 HIT:          0 MISS:          0 MSHR_MERGE:          0
cpu14->cpu14_ITLB TRANSLATION  ACCESS:          0 HIT:          0 MISS:          0 MSHR_MERGE:          0
cpu14->cpu14_ITLB PREFETCH REQUESTED:          0 ISSUED:          0 USEFUL:          0 USELESS:          0
cpu14->cpu14_ITLB AVERAGE MISS LATENCY: 657.5 cycles
cpu14->cpu14_DTLB TOTAL        ACCESS:   73636940 HIT:   73507781 MISS:     129159 MSHR_MERGE:      19141
cpu14->cpu14_DTLB LOAD         ACCESS:   73636940 HIT:   73507781 MISS:     129159 MSHR_MERGE:      19141
cpu14->cpu14_DTLB RFO          ACCESS:          0 HIT:          0 MISS:          0 MSHR_MERGE:          0
cpu14->cpu14_DTLB PREFETCH     ACCESS:          0 HIT:          0 MISS:          0 MSHR_MERGE:          0
cpu14->cpu14_DTLB WRITE        ACCESS:          0 HIT:          0 MISS:          0 MSHR_MERGE:          0
cpu14->cpu14_DTLB TRANSLATION  ACCESS:          0 HIT:          0 MISS:          0 MSHR_MERGE:          0
cpu14->cpu14_DTLB PREFETCH REQUESTED:          0 ISSUED:          0 USEFUL:          0 USELESS:          0
cpu14->cpu14_DTLB AVERAGE MISS LATENCY: 11.82 cycles
cpu13->cpu13_STLB TOTAL        ACCESS:     120754 HIT:     117747 MISS:       3007 MSHR_MERGE:          0
cpu13->cpu13_STLB LOAD         ACCESS:     120754 HIT:     117747 MISS:       3007 MSHR_MERGE:          0
cpu13->cpu13_STLB RFO          ACCESS:          0 HIT:          0 MISS:          0 MSHR_MERGE:          0
cpu13->cpu13_STLB PREFETCH     ACCESS:          0 HIT:          0 MISS:          0 MSHR_MERGE:          0
cpu13->cpu13_STLB WRITE        ACCESS:          0 HIT:          0 MISS:          0 MSHR_MERGE:          0
cpu13->cpu13_STLB TRANSLATION  ACCESS:          0 HIT:          0 MISS:          0 MSHR_MERGE:          0
cpu13->cpu13_STLB PREFETCH REQUESTED:          0 ISSUED:          0 USEFUL:          0 USELESS:          0
cpu13->cpu13_STLB AVERAGE MISS LATENCY: 784.5 cycles
cpu0->cpu13_L2C TOTAL        ACCESS:        227 HIT:        221 MISS:          6 MSHR_MERGE:          0
cpu0->cpu13_L2C LOAD         ACCESS:          0 HIT:          0 MISS:          0 MSHR_MERGE:          0
cpu0->cpu13_L2C RFO          ACCESS:          0 HIT:          0 MISS:          0 MSHR_MERGE:          0
cpu0->cpu13_L2C PREFETCH     ACCESS:          0 HIT:          0 MISS:          0 MSHR_MERGE:          0
cpu0->cpu13_L2C WRITE        ACCESS:        227 HIT:        221 MISS:          6 MSHR_MERGE:          0
cpu0->cpu13_L2C TRANSLATION  ACCESS:          0 HIT:          0 MISS:          0 MSHR_MERGE:          0
cpu0->cpu13_L2C PREFETCH REQUESTED:   19557408 ISSUED:   19442975 USEFUL:      68863 USELESS:        948
cpu0->cpu13_L2C AVERAGE MISS LATENCY: 9.321e+05 cycles
cpu13->cpu13_L2C TOTAL        ACCESS:   23462208 HIT:   21597515 MISS:    1864693 MSHR_MERGE:      13237
cpu13->cpu13_L2C LOAD         ACCESS:    1601912 HIT:    1512832 MISS:      89080 MSHR_MERGE:          7
cpu13->cpu13_L2C RFO          ACCESS:       4490 HIT:       4490 MISS:          0 MSHR_MERGE:          0
cpu13->cpu13_L2C PREFETCH     ACCESS:   20908738 HIT:   19138392 MISS:    1770346 MSHR_MERGE:      13230
cpu13->cpu13_L2C WRITE        ACCESS:     941265 HIT:     940654 MISS:        611 MSHR_MERGE:          0
cpu13->cpu13_L2C TRANSLATION  ACCESS:       5803 HIT:       1147 MISS:       4656 MSHR_MERGE:          0
cpu13->cpu13_L2C PREFETCH REQUESTED:   19557408 ISSUED:   19442975 USEFUL:      68863 USELESS:        948
cpu13->cpu13_L2C AVERAGE MISS LATENCY: 59.27 cycles
cpu13_L2C FLUSH STALL CYCLES: 1829
cpu13->cpu13_L1I TOTAL        ACCESS:   74085905 HIT:   74085904 MISS:          1 MSHR_MERGE:          0
cpu13->cpu13_L1I LOAD         ACCESS:   37043252 HIT:   37043252 MISS:          0 MSHR_MERGE:          0
cpu13->cpu13_L1I RFO          ACCESS:          0 HIT:          0 MISS:          0 MSHR_MERGE:          0
cpu13->cpu13_L1I PREFETCH     ACCESS:   37042653 HIT:   37042652 MISS:          1 MSHR_MERGE:          0
cpu13->cpu13_L1I WRITE        ACCESS:          0 HIT:          0 MISS:          0 MSHR_MERGE:          0
cpu13->cpu13_L1I TRANSLATION  ACCESS:          0 HIT:          0 MISS:          0 MSHR_MERGE:          0
cpu13->cpu13_L1I PREFETCH REQUESTED:   37043252 ISSUED:   37042653 USEFUL:          0 USELESS:          0
cpu13->cpu13_L1I AVERAGE MISS LATENCY: - cycles
cpu13->cpu13_L1D TOTAL        ACCESS:   93567711 HIT:   89933861 MISS:    3633850 MSHR_MERGE:     555879
cpu13->cpu13_L1D LOAD         ACCESS:   69383502 HIT:   67289351 MISS:    2094151 MSHR_MERGE:     492240
cpu13->cpu13_L1D RFO          ACCESS:          0 HIT:          0 MISS:          0 MSHR_MERGE:          0
cpu13->cpu13_L1D PREFETCH     ACCESS:    3028898 HIT:    1499723 MISS:    1529175 MSHR_MERGE:      63413
cpu13->cpu13_L1D WRITE        ACCESS:   21149199 HIT:   21144478 MISS:       4721 MSHR_MERGE:        226
cpu13->cpu13_L1D TRANSLATION  ACCESS:       6112 HIT:        309 MISS:       5803 MSHR_MERGE:          0
cpu13->cpu13_L1D PREFETCH REQUESTED:    3028884 ISSUED:    3028882 USEFUL:    1288056 USELESS:     177678
cpu13->cpu13_L1D AVERAGE MISS LATENCY: 13.53 cycles
cpu13_L1D FLUSH STALL CYCLES: 163
cpu13->cpu13_ITLB TOTAL        ACCESS:   58507461 HIT:   58507460 MISS:          1 MSHR_MERGE:          0
cpu13->cpu13_ITLB LOAD         ACCESS:   58507461 HIT:   58507460 MISS:          1 MSHR_MERGE:          0
cpu13->cpu13_ITLB RFO          ACCESS:          0 HIT:          0 MISS:          0 MSHR_MERGE:          0
cpu13->cpu13_ITLB PREFETCH     ACCESS:          0 HIT:          0 MISS:          0 MSHR_MERGE:          0
cpu13->cpu13_ITLB WRITE        ACCESS:          0 HIT:          0 MISS:          0 MSHR_MERGE:          0
cpu13->cpu13_ITLB TRANSLATION  ACCESS:          0 HIT:          0 MISS:          0 MSHR_MERGE:          0
cpu13->cpu13_ITLB PREFETCH REQUESTED:          0 ISSUED:          0 USEFUL:          0 USELESS:          0
cpu13->cpu13_ITLB AVERAGE MISS LATENCY: 937 cycles
cpu13->cpu13_DTLB TOTAL        ACCESS:   86784137 HIT:   86596629 MISS:     187508 MSHR_MERGE:      66755
cpu13->cpu13_DTLB LOAD         ACCESS:   86784137 HIT:   86596629 MISS:     187508 MSHR_MERGE:      66755
cpu13->cpu13_DTLB RFO          ACCESS:          0 HIT:          0 MISS:          0 MSHR_MERGE:          0
cpu13->cpu13_DTLB PREFETCH     ACCESS:          0 HIT:          0 MISS:          0 MSHR_MERGE:          0
cpu13->cpu13_DTLB WRITE        ACCESS:          0 HIT:          0 MISS:          0 MSHR_MERGE:          0
cpu13->cpu13_DTLB TRANSLATION  ACCESS:          0 HIT:          0 MISS:          0 MSHR_MERGE:          0
cpu13->cpu13_DTLB PREFETCH REQUESTED:          0 ISSUED:          0 USEFUL:          0 USELESS:          0
cpu13->cpu13_DTLB AVERAGE MISS LATENCY: 24.55 cycles
cpu12->cpu12_STLB TOTAL        ACCESS:       2679 HIT:          0 MISS:       2679 MSHR_MERGE:          0
cpu12->cpu12_STLB LOAD         ACCESS:       2679 HIT:          0 MISS:       2679 MSHR_MERGE:          0
cpu12->cpu12_STLB RFO          ACCESS:          0 HIT:          0 MISS:          0 MSHR_MERGE:          0
cpu12->cpu12_STLB PREFETCH     ACCESS:          0 HIT:          0 MISS:          0 MSHR_MERGE:          0
cpu12->cpu12_STLB WRITE        ACCESS:          0 HIT:          0 MISS:          0 MSHR_MERGE:          0
cpu12->cpu12_STLB TRANSLATION  ACCESS:          0 HIT:          0 MISS:          0 MSHR_MERGE:          0
cpu12->cpu12_STLB PREFETCH REQUESTED:          0 ISSUED:          0 USEFUL:          0 USELESS:          0
cpu12->cpu12_STLB AVERAGE MISS LATENCY: 680.4 cycles
cpu0->cpu12_L2C TOTAL        ACCESS:         15 HIT:          0 MISS:         15 MSHR_MERGE:          0
cpu0->cpu12_L2C LOAD         ACCESS:          0 HIT:          0 MISS:          0 MSHR_MERGE:          0
cpu0->cpu12_L2C RFO          ACCESS:          0 HIT:          0 MISS:          0 MSHR_MERGE:          0
cpu0->cpu12_L2C PREFETCH     ACCESS:          0 HIT:          0 MISS:          0 MSHR_MERGE:          0
cpu0->cpu12_L2C WRITE        ACCESS:         15 HIT:          0 MISS:         15 MSHR_MERGE:          0
cpu0->cpu12_L2C TRANSLATION  ACCESS:          0 HIT:          0 MISS:          0 MSHR_MERGE:          0
cpu0->cpu12_L2C PREFETCH REQUESTED:    3409028 ISSUED:    2870793 USEFUL:      66190 USELESS:         13
cpu0->cpu12_L2C AVERAGE MISS LATENCY: 9.098e+04 cycles
cpu12->cpu12_L2C TOTAL        ACCESS:    3045336 HIT:      66223 MISS:    2979113 MSHR_MERGE:      89778
cpu12->cpu12_L2C LOAD         ACCESS:       9474 HIT:       5333 MISS:       4141 MSHR_MERGE:          6
cpu12->cpu12_L2C RFO          ACCESS:          0 HIT:          0 MISS:          0 MSHR_MERGE:          0
cpu12->cpu12_L2C PREFETCH     ACCESS:    3032843 HIT:      60890 MISS:    2971953 MSHR_MERGE:      89772
cpu12->cpu12_L2C WRITE        ACCESS:          0 HIT:          0 MISS:          0 MSHR_MERGE:          0
cpu12->cpu12_L2C TRANSLATION  ACCESS:       3019 HIT:          0 MISS:       3019 MSHR_MERGE:          0
cpu12->cpu12_L2C PREFETCH REQUESTED:    3409028 ISSUED:    2870793 USEFUL:      66190 USELESS:         13
cpu12->cpu12_L2C AVERAGE MISS LATENCY: 190.6 cycles
cpu12->cpu12_L1I TOTAL        ACCESS:  143729871 HIT:  143729870 MISS:          1 MSHR_MERGE:          0
cpu12->cpu12_L1I LOAD         ACCESS:   73117796 HIT:   73117796 MISS:          0 MSHR_MERGE:          0
cpu12->cpu12_L1I RFO          ACCESS:          0 HIT:          0 MISS:          0 MSHR_MERGE:          0
cpu12->cpu12_L1I PREFETCH     ACCESS:   70612075 HIT:   70612074 MISS:          1 MSHR_MERGE:          0
cpu12->cpu12_L1I WRITE        ACCESS:          0 HIT:          0 MISS:          0 MSHR_MERGE:          0
cpu12->cpu12_L1I TRANSLATION  ACCESS:          0 HIT:          0 MISS:          0 MSHR_MERGE:          0
cpu12->cpu12_L1I PREFETCH REQUESTED:   73117796 ISSUED:   70612075 USEFUL:          0 USELESS:          0
cpu12->cpu12_L1I AVERAGE MISS LATENCY: - cycles
cpu12->cpu12_L1D TOTAL        ACCESS:   63076285 HIT:   62738163 MISS:     338122 MSHR_MERGE:     163580
cpu12->cpu12_L1D LOAD         ACCESS:   25108729 HIT:   25009987 MISS:      98742 MSHR_MERGE:      89268
cpu12->cpu12_L1D RFO          ACCESS:          0 HIT:          0 MISS:          0 MSHR_MERGE:          0
cpu12->cpu12_L1D PREFETCH     ACCESS:   29389193 HIT:   29152832 MISS:     236361 MSHR_MERGE:      74312
cpu12->cpu12_L1D WRITE        ACCESS:    8573000 HIT:    8573000 MISS:          0 MSHR_MERGE:          0
cpu12->cpu12_L1D TRANSLATION  ACCESS:       5363 HIT:       2344 MISS:       3019 MSHR_MERGE:          0
cpu12->cpu12_L1D PREFETCH REQUESTED:   29389192 ISSUED:   29389192 USEFUL:     161986 USELESS:         54
cpu12->cpu12_L1D AVERAGE MISS LATENCY: 119.8 cycles
cpu12->cpu12_ITLB TOTAL        ACCESS:  110764054 HIT:  110764054 MISS:          0 MSHR_MERGE:          0
cpu12->cpu12_ITLB LOAD         ACCESS:  110764054 HIT:  110764054 MISS:          0 MSHR_MERGE:          0
cpu12->cpu12_ITLB RFO          ACCESS:          0 HIT:          0 MISS:          0 MSHR_MERGE:          0
cpu12->cpu12_ITLB PREFETCH     ACCESS:          0 HIT:          0 MISS:          0 MSHR_MERGE:          0
cpu12->cpu12_ITLB WRITE        ACCESS:          0 HIT:          0 MISS:          0 MSHR_MERGE:          0
cpu12->cpu12_ITLB TRANSLATION  ACCESS:          0 HIT:          0 MISS:          0 MSHR_MERGE:          0
cpu12->cpu12_ITLB PREFETCH REQUESTED:          0 ISSUED:          0 USEFUL:          0 USELESS:          0
cpu12->cpu12_ITLB AVERAGE MISS LATENCY: - cycles
cpu12->cpu12_DTLB TOTAL        ACCESS:   30438898 HIT:   30406750 MISS:      32148 MSHR_MERGE:      29469
cpu12->cpu12_DTLB LOAD         ACCESS:   30438898 HIT:   30406750 MISS:      32148 MSHR_MERGE:      29469
cpu12->cpu12_DTLB RFO          ACCESS:          0 HIT:          0 MISS:          0 MSHR_MERGE:          0
cpu12->cpu12_DTLB PREFETCH     ACCESS:          0 HIT:          0 MISS:          0 MSHR_MERGE:          0
cpu12->cpu12_DTLB WRITE        ACCESS:          0 HIT:          0 MISS:          0 MSHR_MERGE:          0
cpu12->cpu12_DTLB TRANSLATION  ACCESS:          0 HIT:          0 MISS:          0 MSHR_MERGE:          0
cpu12->cpu12_DTLB PREFETCH REQUESTED:          0 ISSUED:          0 USEFUL:          0 USELESS:          0
cpu12->cpu12_DTLB AVERAGE MISS LATENCY: 686.4 cycles
cpu11->cpu11_STLB TOTAL        ACCESS:     191476 HIT:     173130 MISS:      18346 MSHR_MERGE:          0
cpu11->cpu11_STLB LOAD         ACCESS:     191476 HIT:     173130 MISS:      18346 MSHR_MERGE:          0
cpu11->cpu11_STLB RFO          ACCESS:          0 HIT:          0 MISS:          0 MSHR_MERGE:          0
cpu11->cpu11_STLB PREFETCH     ACCESS:          0 HIT:          0 MISS:          0 MSHR_MERGE:          0
cpu11->cpu11_STLB WRITE        ACCESS:          0 HIT:          0 MISS:          0 MSHR_MERGE:          0
cpu11->cpu11_STLB TRANSLATION  ACCESS:          0 HIT:          0 MISS:          0 MSHR_MERGE:          0
cpu11->cpu11_STLB PREFETCH REQUESTED:          0 ISSUED:          0 USEFUL:          0 USELESS:          0
cpu11->cpu11_STLB AVERAGE MISS LATENCY: 633.4 cycles
cpu0->cpu11_L2C TOTAL        ACCESS:        440 HIT:        440 MISS:          0 MSHR_MERGE:          0
cpu0->cpu11_L2C LOAD         ACCESS:          0 HIT:          0 MISS:          0 MSHR_MERGE:          0
cpu0->cpu11_L2C RFO          ACCESS:          0 HIT:          0 MISS:          0 MSHR_MERGE:          0
cpu0->cpu11_L2C PREFETCH     ACCESS:          0 HIT:          0 MISS:          0 MSHR_MERGE:          0
cpu0->cpu11_L2C WRITE        ACCESS:        440 HIT:        440 MISS:          0 MSHR_MERGE:          0
cpu0->cpu11_L2C TRANSLATION  ACCESS:          0 HIT:          0 MISS:          0 MSHR_MERGE:          0
cpu0->cpu11_L2C PREFETCH REQUESTED:   29964714 ISSUED:   27069851 USEFUL:     363180 USELESS:      20186
cpu0->cpu11_L2C AVERAGE MISS LATENCY: - cycles
cpu11->cpu11_L2C TOTAL        ACCESS:   35668974 HIT:   23795501 MISS:   11873473 MSHR_MERGE:     771230
cpu11->cpu11_L2C LOAD         ACCESS:    3497549 HIT:    2713522 MISS:     784027 MSHR_MERGE:     138938
cpu11->cpu11_L2C RFO          ACCESS:    1895444 HIT:    1387957 MISS:     507487 MSHR_MERGE:          0
cpu11->cpu11_L2C PREFETCH     ACCESS:   27684338 HIT:   17329969 MISS:   10354369 MSHR_MERGE:     632292
cpu11->cpu11_L2C WRITE        ACCESS:    2557776 HIT:    2361636 MISS:     196140 MSHR_MERGE:          0
cpu11->cpu11_L2C TRANSLATION  ACCESS:      33867 HIT:       2417 MISS:      31450 MSHR_MERGE:          0
cpu11->cpu11_L2C PREFETCH REQUESTED:   29964714 ISSUED:   27069851 USEFUL:     363180 USELESS:      20186
cpu11->cpu11_L2C AVERAGE MISS LATENCY: 99.58 cycles
cpu11_L2C FLUSH STALL CYCLES: 9066
cpu11->cpu11_L1I TOTAL        ACCESS:   55522468 HIT:   54790501 MISS:     731967 MSHR_MERGE:     498156
cpu11->cpu11_L1I LOAD         ACCESS:   28702828 HIT:   28380320 MISS:     322508 MSHR_MERGE:     183294
cpu11->cpu11_L1I RFO          ACCESS:          0 HIT:          0 MISS:          0 MSHR_MERGE:          0
cpu11->cpu11_L1I PREFETCH     ACCESS:   26819640 HIT:   26410181 MISS:     409459 MSHR_MERGE:     314862
cpu11->cpu11_L1I WRITE        ACCESS:          0 HIT:          0 MISS:          0 MSHR_MERGE:          0
cpu11->cpu11_L1I TRANSLATION  ACCESS:          0 HIT:          0 MISS:          0 MSHR_MERGE:          0
cpu11->cpu11_L1I PREFETCH REQUESTED:   28707200 ISSUED:   26819608 USEFUL:      68157 USELESS:      26368
cpu11->cpu11_L1I AVERAGE MISS LATENCY: 30.15 cycles
cpu11->cpu11_L1D TOTAL        ACCESS:   84941296 HIT:   70307983 MISS:   14633313 MSHR_MERGE:    8825327
cpu11->cpu11_L1D LOAD         ACCESS:   56776629 HIT:   50044555 MISS:    6732074 MSHR_MERGE:    3373697
cpu11->cpu11_L1D RFO          ACCESS:          0 HIT:          0 MISS:          0 MSHR_MERGE:          0
cpu11->cpu11_L1D PREFETCH     ACCESS:    2530322 HIT:    1851880 MISS:     678442 MSHR_MERGE:     158200
cpu11->cpu11_L1D WRITE        ACCESS:   25594471 HIT:   18406268 MISS:    7188203 MSHR_MERGE:    5292703
cpu11->cpu11_L1D TRANSLATION  ACCESS:      39874 HIT:       5280 MISS:      34594 MSHR_MERGE:        727
cpu11->cpu11_L1D PREFETCH REQUESTED:    3231629 ISSUED:    2530309 USEFUL:     392097 USELESS:      44560
cpu11->cpu11_L1D AVERAGE MISS LATENCY: 38.05 cycles
cpu11_L1D FLUSH STALL CYCLES: 376
cpu11->cpu11_ITLB TOTAL        ACCESS:   39603872 HIT:   39582044 MISS:      21828 MSHR_MERGE:      13234
cpu11->cpu11_ITLB LOAD         ACCESS:   39603872 HIT:   39582044 MISS:      21828 MSHR_MERGE:      13234
cpu11->cpu11_ITLB RFO          ACCESS:          0 HIT:          0 MISS:          0 MSHR_MERGE:          0
cpu11->cpu11_ITLB PREFETCH     ACCESS:          0 HIT:          0 MISS:          0 MSHR_MERGE:          0
cpu11->cpu11_ITLB WRITE        ACCESS:          0 HIT:          0 MISS:          0 MSHR_MERGE:          0
cpu11->cpu11_ITLB TRANSLATION  ACCESS:          0 HIT:          0 MISS:          0 MSHR_MERGE:          0
cpu11->cpu11_ITLB PREFETCH REQUESTED:          0 ISSUED:          0 USEFUL:          0 USELESS:          0
cpu11->cpu11_ITLB AVERAGE MISS LATENCY: 19.31 cycles
cpu11->cpu11_DTLB TOTAL        ACCESS:   79033668 HIT:   78582522 MISS:     451146 MSHR_MERGE:     268264
cpu11->cpu11_DTLB LOAD         ACCESS:   79033668 HIT:   78582522 MISS:     451146 MSHR_MERGE:     268264
cpu11->cpu11_DTLB RFO          ACCESS:          0 HIT:          0 MISS:          0 MSHR_MERGE:          0
cpu11->cpu11_DTLB PREFETCH     ACCESS:          0 HIT:          0 MISS:          0 MSHR_MERGE:          0
cpu11->cpu11_DTLB WRITE        ACCESS:          0 HIT:          0 MISS:          0 MSHR_MERGE:          0
cpu11->cpu11_DTLB TRANSLATION  ACCESS:          0 HIT:          0 MISS:          0 MSHR_MERGE:          0
cpu11->cpu11_DTLB PREFETCH REQUESTED:          0 ISSUED:          0 USEFUL:          0 USELESS:          0
cpu11->cpu11_DTLB AVERAGE MISS LATENCY: 67.97 cycles
cpu10->cpu10_STLB TOTAL        ACCESS:       9344 HIT:          0 MISS:       9344 MSHR_MERGE:          0
cpu10->cpu10_STLB LOAD         ACCESS:       9344 HIT:          0 MISS:       9344 MSHR_MERGE:          0
cpu10->cpu10_STLB RFO          ACCESS:          0 HIT:          0 MISS:          0 MSHR_MERGE:          0
cpu10->cpu10_STLB PREFETCH     ACCESS:          0 HIT:          0 MISS:          0 MSHR_MERGE:          0
cpu10->cpu10_STLB WRITE        ACCESS:          0 HIT:          0 MISS:          0 MSHR_MERGE:          0
cpu10->cpu10_STLB TRANSLATION  ACCESS:          0 HIT:          0 MISS:          0 MSHR_MERGE:          0
cpu10->cpu10_STLB PREFETCH REQUESTED:          0 ISSUED:          0 USEFUL:          0 USELESS:          0
cpu10->cpu10_STLB AVERAGE MISS LATENCY: 673.6 cycles
cpu0->cpu10_L2C TOTAL        ACCESS:          8 HIT:          0 MISS:          8 MSHR_MERGE:          0
cpu0->cpu10_L2C LOAD         ACCESS:          0 HIT:          0 MISS:          0 MSHR_MERGE:          0
cpu0->cpu10_L2C RFO          ACCESS:          0 HIT:          0 MISS:          0 MSHR_MERGE:          0
cpu0->cpu10_L2C PREFETCH     ACCESS:          0 HIT:          0 MISS:          0 MSHR_MERGE:          0
cpu0->cpu10_L2C WRITE        ACCESS:          8 HIT:          0 MISS:          8 MSHR_MERGE:          0
cpu0->cpu10_L2C TRANSLATION  ACCESS:          0 HIT:          0 MISS:          0 MSHR_MERGE:          0
cpu0->cpu10_L2C PREFETCH REQUESTED:   11887549 ISSUED:   11887549 USEFUL:     438462 USELESS:          0
cpu0->cpu10_L2C AVERAGE MISS LATENCY: 1.174e+06 cycles
cpu10->cpu10_L2C TOTAL        ACCESS:   12496084 HIT:     438387 MISS:   12057697 MSHR_MERGE:        260
cpu10->cpu10_L2C LOAD         ACCESS:     597999 HIT:     438380 MISS:     159619 MSHR_MERGE:        260
cpu10->cpu10_L2C RFO          ACCESS:          3 HIT:          3 MISS:          0 MSHR_MERGE:          0
cpu10->cpu10_L2C PREFETCH     ACCESS:   11887549 HIT:          0 MISS:   11887549 MSHR_MERGE:          0
cpu10->cpu10_L2C WRITE        ACCESS:          4 HIT:          4 MISS:          0 MSHR_MERGE:          0
cpu10->cpu10_L2C TRANSLATION  ACCESS:      10529 HIT:          0 MISS:      10529 MSHR_MERGE:          0
cpu10->cpu10_L2C PREFETCH REQUESTED:   11887549 ISSUED:   11887549 USEFUL:     438462 USELESS:          0
cpu10->cpu10_L2C AVERAGE MISS LATENCY: 55.2 cycles
cpu10->cpu10_L1I TOTAL        ACCESS:    1971098 HIT:    1971098 MISS:          0 MSHR_MERGE:          0
cpu10->cpu10_L1I LOAD         ACCESS:     985549 HIT:     985549 MISS:          0 MSHR_MERGE:          0
cpu10->cpu10_L1I RFO          ACCESS:          0 HIT:          0 MISS:          0 MSHR_MERGE:          0
cpu10->cpu10_L1I PREFETCH     ACCESS:     985549 HIT:     985549 MISS:          0 MSHR_MERGE:          0
cpu10->cpu10_L1I WRITE        ACCESS:          0 HIT:          0 MISS:          0 MSHR_MERGE:          0
cpu10->cpu10_L1I TRANSLATION  ACCESS:          0 HIT:          0 MISS:          0 MSHR_MERGE:          0
cpu10->cpu10_L1I PREFETCH REQUESTED:     985549 ISSUED:     985549 USEFUL:          0 USELESS:          0
cpu10->cpu10_L1I AVERAGE MISS LATENCY: - cycles
cpu10->cpu10_L1D TOTAL        ACCESS:  100589060 HIT:   99901051 MISS:     688009 MSHR_MERGE:      79475
cpu10->cpu10_L1D LOAD         ACCESS:   81378421 HIT:   80700944 MISS:     677477 MSHR_MERGE:      79475
cpu10->cpu10_L1D RFO          ACCESS:          0 HIT:          0 MISS:          0 MSHR_MERGE:          0
cpu10->cpu10_L1D PREFETCH     ACCESS:          0 HIT:          0 MISS:          0 MSHR_MERGE:          0
cpu10->cpu10_L1D WRITE        ACCESS:   19191934 HIT:   19191931 MISS:          3 MSHR_MERGE:          0
cpu10->cpu10_L1D TRANSLATION  ACCESS:      18705 HIT:       8176 MISS:      10529 MSHR_MERGE:          0
cpu10->cpu10_L1D PREFETCH REQUESTED:          0 ISSUED:          0 USEFUL:          0 USELESS:          0
cpu10->cpu10_L1D AVERAGE MISS LATENCY: 25.71 cycles
cpu10->cpu10_ITLB TOTAL        ACCESS:    1139401 HIT:    1139401 MISS:          0 MSHR_MERGE:          0
cpu10->cpu10_ITLB LOAD         ACCESS:    1139401 HIT:    1139401 MISS:          0 MSHR_MERGE:          0
cpu10->cpu10_ITLB RFO          ACCESS:          0 HIT:          0 MISS:          0 MSHR_MERGE:          0
cpu10->cpu10_ITLB PREFETCH     ACCESS:          0 HIT:          0 MISS:          0 MSHR_MERGE:          0
cpu10->cpu10_ITLB WRITE        ACCESS:          0 HIT:          0 MISS:          0 MSHR_MERGE:          0
cpu10->cpu10_ITLB TRANSLATION  ACCESS:          0 HIT:          0 MISS:          0 MSHR_MERGE:          0
cpu10->cpu10_ITLB PREFETCH REQUESTED:          0 ISSUED:          0 USEFUL:          0 USELESS:          0
cpu10->cpu10_ITLB AVERAGE MISS LATENCY: - cycles
cpu10->cpu10_DTLB TOTAL        ACCESS:   92969653 HIT:   92954380 MISS:      15273 MSHR_MERGE:       5929
cpu10->cpu10_DTLB LOAD         ACCESS:   92969653 HIT:   92954380 MISS:      15273 MSHR_MERGE:       5929
cpu10->cpu10_DTLB RFO          ACCESS:          0 HIT:          0 MISS:          0 MSHR_MERGE:          0
cpu10->cpu10_DTLB PREFETCH     ACCESS:          0 HIT:          0 MISS:          0 MSHR_MERGE:          0
cpu10->cpu10_DTLB WRITE        ACCESS:          0 HIT:          0 MISS:          0 MSHR_MERGE:          0
cpu10->cpu10_DTLB TRANSLATION  ACCESS:          0 HIT:          0 MISS:          0 MSHR_MERGE:          0
cpu10->cpu10_DTLB PREFETCH REQUESTED:          0 ISSUED:          0 USEFUL:          0 USELESS:          0
cpu10->cpu10_DTLB AVERAGE MISS LATENCY: 679.6 cycles
cpu0->cpu0_STLB TOTAL        ACCESS:      79715 HIT:      78158 MISS:       1557 MSHR_MERGE:          0
cpu0->cpu0_STLB LOAD         ACCESS:      79715 HIT:      78158 MISS:       1557 MSHR_MERGE:          0
cpu0->cpu0_STLB RFO          ACCESS:          0 HIT:          0 MISS:          0 MSHR_MERGE:          0
cpu0->cpu0_STLB PREFETCH     ACCESS:          0 HIT:          0 MISS:          0 MSHR_MERGE:          0
cpu0->cpu0_STLB WRITE        ACCESS:          0 HIT:          0 MISS:          0 MSHR_MERGE:          0
cpu0->cpu0_STLB TRANSLATION  ACCESS:          0 HIT:          0 MISS:          0 MSHR_MERGE:          0
cpu0->cpu0_STLB PREFETCH REQUESTED:          0 ISSUED:          0 USEFUL:          0 USELESS:          0
cpu0->cpu0_STLB AVERAGE MISS LATENCY: 794.2 cycles
cpu0->cpu0_L2C TOTAL        ACCESS:    4829137 HIT:    4407680 MISS:     421457 MSHR_MERGE:       1815
cpu0->cpu0_L2C LOAD         ACCESS:     890717 HIT:     863343 MISS:      27374 MSHR_MERGE:          0
cpu0->cpu0_L2C RFO          ACCESS:       3531 HIT:       3521 MISS:         10 MSHR_MERGE:          0
cpu0->cpu0_L2C PREFETCH     ACCESS:    3596184 HIT:    3204597 MISS:     391587 MSHR_MERGE:       1815
cpu0->cpu0_L2C WRITE        ACCESS:     335851 HIT:     335805 MISS:         46 MSHR_MERGE:          0
cpu0->cpu0_L2C TRANSLATION  ACCESS:       2854 HIT:        414 MISS:       2440 MSHR_MERGE:          0
cpu0->cpu0_L2C PREFETCH REQUESTED:    3491534 ISSUED:    3491078 USEFUL:      15737 USELESS:        387
cpu0->cpu0_L2C AVERAGE MISS LATENCY: 65.82 cycles
cpu0_L2C FLUSH STALL CYCLES: 1055
cpu0->cpu0_L1I TOTAL        ACCESS:     298232 HIT:     298226 MISS:          6 MSHR_MERGE:          2
cpu0->cpu0_L1I LOAD         ACCESS:     149116 HIT:     149116 MISS:          0 MSHR_MERGE:          0
cpu0->cpu0_L1I RFO          ACCESS:          0 HIT:          0 MISS:          0 MSHR_MERGE:          0
cpu0->cpu0_L1I PREFETCH     ACCESS:     149116 HIT:     149110 MISS:          6 MSHR_MERGE:          2
cpu0->cpu0_L1I WRITE        ACCESS:          0 HIT:          0 MISS:          0 MSHR_MERGE:          0
cpu0->cpu0_L1I TRANSLATION  ACCESS:          0 HIT:          0 MISS:          0 MSHR_MERGE:          0
cpu0->cpu0_L1I PREFETCH REQUESTED:     149116 ISSUED:     149116 USEFUL:          0 USELESS:          0
cpu0->cpu0_L1I AVERAGE MISS LATENCY: - cycles
cpu0->cpu0_L1D TOTAL        ACCESS:   72676039 HIT:   71531859 MISS:    1144180 MSHR_MERGE:     141975
cpu0->cpu0_L1D LOAD         ACCESS:   47501628 HIT:   46483244 MISS:    1018384 MSHR_MERGE:     127667
cpu0->cpu0_L1D RFO          ACCESS:          0 HIT:          0 MISS:          0 MSHR_MERGE:          0
cpu0->cpu0_L1D PREFETCH     ACCESS:     259470 HIT:     149810 MISS:     109660 MSHR_MERGE:       4558
cpu0->cpu0_L1D WRITE        ACCESS:   24911806 HIT:   24898524 MISS:      13282 MSHR_MERGE:       9750
cpu0->cpu0_L1D TRANSLATION  ACCESS:       3135 HIT:        281 MISS:       2854 MSHR_MERGE:          0
cpu0->cpu0_L1D PREFETCH REQUESTED:     259459 ISSUED:     259454 USEFUL:      80602 USELESS:      24514
cpu0->cpu0_L1D AVERAGE MISS LATENCY: 12.23 cycles
cpu0_L1D FLUSH STALL CYCLES: 127
cpu0->cpu0_ITLB TOTAL        ACCESS:     190397 HIT:     190397 MISS:          0 MSHR_MERGE:          0
cpu0->cpu0_ITLB LOAD         ACCESS:     190397 HIT:     190397 MISS:          0 MSHR_MERGE:          0
cpu0->cpu0_ITLB RFO          ACCESS:          0 HIT:          0 MISS:          0 MSHR_MERGE:          0
cpu0->cpu0_ITLB PREFETCH     ACCESS:          0 HIT:          0 MISS:          0 MSHR_MERGE:          0
cpu0->cpu0_ITLB WRITE        ACCESS:          0 HIT:          0 MISS:          0 MSHR_MERGE:          0
cpu0->cpu0_ITLB TRANSLATION  ACCESS:          0 HIT:          0 MISS:          0 MSHR_MERGE:          0
cpu0->cpu0_ITLB PREFETCH REQUESTED:          0 ISSUED:          0 USEFUL:          0 USELESS:          0
cpu0->cpu0_ITLB AVERAGE MISS LATENCY: - cycles
cpu0->cpu0_DTLB TOTAL        ACCESS:   67687975 HIT:   67579901 MISS:     108074 MSHR_MERGE:      28359
cpu0->cpu0_DTLB LOAD         ACCESS:   67687975 HIT:   67579901 MISS:     108074 MSHR_MERGE:      28359
cpu0->cpu0_DTLB RFO          ACCESS:          0 HIT:          0 MISS:          0 MSHR_MERGE:          0
cpu0->cpu0_DTLB PREFETCH     ACCESS:          0 HIT:          0 MISS:          0 MSHR_MERGE:          0
cpu0->cpu0_DTLB WRITE        ACCESS:          0 HIT:          0 MISS:          0 MSHR_MERGE:          0
cpu0->cpu0_DTLB TRANSLATION  ACCESS:          0 HIT:          0 MISS:          0 MSHR_MERGE:          0
cpu0->cpu0_DTLB PREFETCH REQUESTED:          0 ISSUED:          0 USEFUL:          0 USELESS:          0
cpu0->cpu0_DTLB AVERAGE MISS LATENCY: 20.53 cycles
cpu0->LLC TOTAL        ACCESS:     415385 HIT:     273718 MISS:     141667 MSHR_MERGE:       1093
cpu0->LLC LOAD         ACCESS:      27374 HIT:      24092 MISS:       3282 MSHR_MERGE:          8
cpu0->LLC RFO          ACCESS:         10 HIT:          1 MISS:          9 MSHR_MERGE:          0
cpu0->LLC PREFETCH     ACCESS:     288520 HIT:     238232 MISS:      50288 MSHR_MERGE:       1085
cpu0->LLC WRITE        ACCESS:      97041 HIT:      11387 MISS:      85654 MSHR_MERGE:          0
cpu0->LLC TRANSLATION  ACCESS:       2440 HIT:          6 MISS:       2434 MSHR_MERGE:          0
cpu0->LLC PREFETCH REQUESTED:          0 ISSUED:          0 USEFUL:          0 USELESS:          0
cpu0->LLC AVERAGE MISS LATENCY: 1.113e+04 cycles
cpu1->LLC TOTAL        ACCESS:    3449621 HIT:    1071357 MISS:    2378264 MSHR_MERGE:      43191
cpu1->LLC LOAD         ACCESS:     152591 HIT:      70826 MISS:      81765 MSHR_MERGE:       9443
cpu1->LLC RFO          ACCESS:    1454582 HIT:     183539 MISS:    1271043 MSHR_MERGE:          8
cpu1->LLC PREFETCH     ACCESS:     328751 HIT:     200103 MISS:     128648 MSHR_MERGE:      33740
cpu1->LLC WRITE        ACCESS:    1476606 HIT:     616834 MISS:     859772 MSHR_MERGE:          0
cpu1->LLC TRANSLATION  ACCESS:      37091 HIT:         55 MISS:      37036 MSHR_MERGE:          0
cpu1->LLC PREFETCH REQUESTED:          0 ISSUED:          0 USEFUL:          0 USELESS:          0
cpu1->LLC AVERAGE MISS LATENCY: 452.3 cycles
cpu2->LLC TOTAL        ACCESS:    3447040 HIT:    1093616 MISS:    2353424 MSHR_MERGE:      40561
cpu2->LLC LOAD         ACCESS:     140361 HIT:      59651 MISS:      80710 MSHR_MERGE:       9371
cpu2->LLC RFO          ACCESS:    1462245 HIT:     201062 MISS:    1261183 MSHR_MERGE:          9
cpu2->LLC PREFETCH     ACCESS:     321350 HIT:     196020 MISS:     125330 MSHR_MERGE:      31181
cpu2->LLC WRITE        ACCESS:    1485970 HIT:     636815 MISS:     849155 MSHR_MERGE:          0
cpu2->LLC TRANSLATION  ACCESS:      37114 HIT:         68 MISS:      37046 MSHR_MERGE:          0
cpu2->LLC PREFETCH REQUESTED:          0 ISSUED:          0 USEFUL:          0 USELESS:          0
cpu2->LLC AVERAGE MISS LATENCY: 456.6 cycles
cpu3->LLC TOTAL        ACCESS:    2572925 HIT:    1942834 MISS:     630091 MSHR_MERGE:       5490
cpu3->LLC LOAD         ACCESS:      67313 HIT:      33249 MISS:      34064 MSHR_MERGE:        617
cpu3->LLC RFO          ACCESS:     222623 HIT:      17137 MISS:     205486 MSHR_MERGE:       2128
cpu3->LLC PREFETCH     ACCESS:    2004404 HIT:    1860827 MISS:     143577 MSHR_MERGE:       2745
cpu3->LLC WRITE        ACCESS:     268559 HIT:      31485 MISS:     237074 MSHR_MERGE:          0
cpu3->LLC TRANSLATION  ACCESS:      10026 HIT:        136 MISS:       9890 MSHR_MERGE:          0
cpu3->LLC PREFETCH REQUESTED:          0 ISSUED:          0 USEFUL:          0 USELESS:          0
cpu3->LLC AVERAGE MISS LATENCY: 2091 cycles
cpu4->LLC TOTAL        ACCESS:    1088819 HIT:     618977 MISS:     469842 MSHR_MERGE:      93060
cpu4->LLC LOAD         ACCESS:     179476 HIT:      95068 MISS:      84408 MSHR_MERGE:      19223
cpu4->LLC RFO          ACCESS:      72629 HIT:       1506 MISS:      71123 MSHR_MERGE:         32
cpu4->LLC PREFETCH     ACCESS:     767467 HIT:     511266 MISS:     256201 MSHR_MERGE:      73805
cpu4->LLC WRITE        ACCESS:      61322 HIT:      11075 MISS:      50247 MSHR_MERGE:          0
cpu4->LLC TRANSLATION  ACCESS:       7925 HIT:         62 MISS:       7863 MSHR_MERGE:          0
cpu4->LLC PREFETCH REQUESTED:          0 ISSUED:          0 USEFUL:          0 USELESS:          0
cpu4->LLC AVERAGE MISS LATENCY: 4762 cycles
cpu5->LLC TOTAL        ACCESS:     392364 HIT:     297587 MISS:      94777 MSHR_MERGE:      14475
cpu5->LLC LOAD         ACCESS:       9714 HIT:       8278 MISS:       1436 MSHR_MERGE:         11
cpu5->LLC RFO          ACCESS:      22717 HIT:         25 MISS:      22692 MSHR_MERGE:          0
cpu5->LLC PREFETCH     ACCESS:     339963 HIT:     288507 MISS:      51456 MSHR_MERGE:      14464
cpu5->LLC WRITE        ACCESS:      18554 HIT:        777 MISS:      17777 MSHR_MERGE:          0
cpu5->LLC TRANSLATION  ACCESS:       1416 HIT:          0 MISS:       1416 MSHR_MERGE:          0
cpu5->LLC PREFETCH REQUESTED:          0 ISSUED:          0 USEFUL:          0 USELESS:          0
cpu5->LLC AVERAGE MISS LATENCY: 2.349e+04 cycles
cpu6->LLC TOTAL        ACCESS:    1305529 HIT:    1104680 MISS:     200849 MSHR_MERGE:      13392
cpu6->LLC LOAD         ACCESS:      88121 HIT:      78084 MISS:      10037 MSHR_MERGE:        248
cpu6->LLC RFO          ACCESS:          2 HIT:          1 MISS:          1 MSHR_MERGE:          0
cpu6->LLC PREFETCH     ACCESS:    1206478 HIT:    1025891 MISS:     180587 MSHR_MERGE:      13144
cpu6->LLC WRITE        ACCESS:       6286 HIT:        666 MISS:       5620 MSHR_MERGE:          0
cpu6->LLC TRANSLATION  ACCESS:       4642 HIT:         38 MISS:       4604 MSHR_MERGE:          0
cpu6->LLC PREFETCH REQUESTED:          0 ISSUED:          0 USEFUL:          0 USELESS:          0
cpu6->LLC AVERAGE MISS LATENCY: 5.021e+04 cycles
cpu7->LLC TOTAL        ACCESS:    1722593 HIT:    1385203 MISS:     337390 MSHR_MERGE:      15956
cpu7->LLC LOAD         ACCESS:     156612 HIT:     137367 MISS:      19245 MSHR_MERGE:        756
cpu7->LLC RFO          ACCESS:          0 HIT:          0 MISS:          0 MSHR_MERGE:          0
cpu7->LLC PREFETCH     ACCESS:    1549238 HIT:    1247537 MISS:     301701 MSHR_MERGE:      15200
cpu7->LLC WRITE        ACCESS:       4259 HIT:        256 MISS:       4003 MSHR_MERGE:          0
cpu7->LLC TRANSLATION  ACCESS:      12484 HIT:         43 MISS:      12441 MSHR_MERGE:          0
cpu7->LLC PREFETCH REQUESTED:          0 ISSUED:          0 USEFUL:          0 USELESS:          0
cpu7->LLC AVERAGE MISS LATENCY: 2.851e+04 cycles
cpu8->LLC TOTAL        ACCESS:    6938126 HIT:    6273575 MISS:     664551 MSHR_MERGE:      55865
cpu8->LLC LOAD         ACCESS:     159478 HIT:     146366 MISS:      13112 MSHR_MERGE:         68
cpu8->LLC RFO          ACCESS:          0 HIT:          0 MISS:          0 MSHR_MERGE:          0
cpu8->LLC PREFETCH     ACCESS:    6768078 HIT:    6127204 MISS:     640874 MSHR_MERGE:      55797
cpu8->LLC WRITE        ACCESS:         42 HIT:          5 MISS:         37 MSHR_MERGE:          0
cpu8->LLC TRANSLATION  ACCESS:      10528 HIT:          0 MISS:      10528 MSHR_MERGE:          0
cpu8->LLC PREFETCH REQUESTED:          0 ISSUED:          0 USEFUL:          0 USELESS:          0
cpu8->LLC AVERAGE MISS LATENCY: 4.297e+04 cycles
cpu9->LLC TOTAL        ACCESS:        971 HIT:        208 MISS:        763 MSHR_MERGE:        362
cpu9->LLC LOAD         ACCESS:         48 HIT:         23 MISS:         25 MSHR_MERGE:         10
cpu9->LLC RFO          ACCESS:         14 HIT:          0 MISS:         14 MSHR_MERGE:          0
cpu9->LLC PREFETCH     ACCESS:        909 HIT:        185 MISS:        724 MSHR_MERGE:        352
cpu9->LLC WRITE        ACCESS:          0 HIT:          0 MISS:          0 MSHR_MERGE:          0
cpu9->LLC TRANSLATION  ACCESS:          0 HIT:          0 MISS:          0 MSHR_MERGE:          0
cpu9->LLC PREFETCH REQUESTED:          0 ISSUED:          0 USEFUL:          0 USELESS:          0
cpu9->LLC AVERAGE MISS LATENCY: 2.609e+07 cycles
cpu10->LLC TOTAL        ACCESS:    6937407 HIT:    6272607 MISS:     664800 MSHR_MERGE:      56069
cpu10->LLC LOAD         ACCESS:     159359 HIT:     146304 MISS:      13055 MSHR_MERGE:         83
cpu10->LLC RFO          ACCESS:          0 HIT:          0 MISS:          0 MSHR_MERGE:          0
cpu10->LLC PREFETCH     ACCESS:    6767487 HIT:    6126300 MISS:     641187 MSHR_MERGE:      55986
cpu10->LLC WRITE        ACCESS:         32 HIT:          3 MISS:         29 MSHR_MERGE:          0
cpu10->LLC TRANSLATION  ACCESS:      10529 HIT:          0 MISS:      10529 MSHR_MERGE:          0
cpu10->LLC PREFETCH REQUESTED:          0 ISSUED:          0 USEFUL:          0 USELESS:          0
cpu10->LLC AVERAGE MISS LATENCY: 4.309e+04 cycles
cpu11->LLC TOTAL        ACCESS:    8752705 HIT:    5423137 MISS:    3329568 MSHR_MERGE:    1669242
cpu11->LLC LOAD         ACCESS:     645088 HIT:     537364 MISS:     107724 MSHR_MERGE:      54806
cpu11->LLC RFO          ACCESS:     507486 HIT:      61558 MISS:     445928 MSHR_MERGE:          2
cpu11->LLC PREFETCH     ACCESS:    6851515 HIT:    4466982 MISS:    2384533 MSHR_MERGE:    1614434
cpu11->LLC WRITE        ACCESS:     717166 HIT:     353059 MISS:     364107 MSHR_MERGE:          0
cpu11->LLC TRANSLATION  ACCESS:      31450 HIT:       4174 MISS:      27276 MSHR_MERGE:          0
cpu11->LLC PREFETCH REQUESTED:          0 ISSUED:          0 USEFUL:          0 USELESS:          0
cpu11->LLC AVERAGE MISS LATENCY: 1077 cycles
cpu12->LLC TOTAL        ACCESS:    1696646 HIT:    1507407 MISS:     189239 MSHR_MERGE:      14149
cpu12->LLC LOAD         ACCESS:       4135 HIT:       1414 MISS:       2721 MSHR_MERGE:          2
cpu12->LLC RFO          ACCESS:          0 HIT:          0 MISS:          0 MSHR_MERGE:          0
cpu12->LLC PREFETCH     ACCESS:    1689492 HIT:    1505993 MISS:     183499 MSHR_MERGE:      14147
cpu12->LLC WRITE        ACCESS:          0 HIT:          0 MISS:          0 MSHR_MERGE:          0
cpu12->LLC TRANSLATION  ACCESS:       3019 HIT:          0 MISS:       3019 MSHR_MERGE:          0
cpu12->LLC PREFETCH REQUESTED:          0 ISSUED:          0 USEFUL:          0 USELESS:          0
cpu12->LLC AVERAGE MISS LATENCY: 1.772e+05 cycles
cpu13->LLC TOTAL        ACCESS:    1303007 HIT:    1101575 MISS:     201432 MSHR_MERGE:      13457
cpu13->LLC LOAD         ACCESS:      89073 HIT:      78788 MISS:      10285 MSHR_MERGE:        251
cpu13->LLC RFO          ACCESS:          0 HIT:          0 MISS:          0 MSHR_MERGE:          0
cpu13->LLC PREFETCH     ACCESS:    1202878 HIT:    1022056 MISS:     180822 MSHR_MERGE:      13206
cpu13->LLC WRITE        ACCESS:       6400 HIT:        678 MISS:       5722 MSHR_MERGE:          0
cpu13->LLC TRANSLATION  ACCESS:       4656 HIT:         53 MISS:       4603 MSHR_MERGE:          0
cpu13->LLC PREFETCH REQUESTED:          0 ISSUED:          0 USEFUL:          0 USELESS:          0
cpu13->LLC AVERAGE MISS LATENCY: 4.936e+04 cycles
cpu14->LLC TOTAL        ACCESS:     256852 HIT:     129982 MISS:     126870 MSHR_MERGE:      36498
cpu14->LLC LOAD         ACCESS:      21373 HIT:      13385 MISS:       7988 MSHR_MERGE:        625
cpu14->LLC RFO          ACCESS:      32357 HIT:        509 MISS:      31848 MSHR_MERGE:         24
cpu14->LLC PREFETCH     ACCESS:     177012 HIT:     105889 MISS:      71123 MSHR_MERGE:      35849
cpu14->LLC WRITE        ACCESS:      24511 HIT:      10197 MISS:      14314 MSHR_MERGE:          0
cpu14->LLC TRANSLATION  ACCESS:       1599 HIT:          2 MISS:       1597 MSHR_MERGE:          0
cpu14->LLC PREFETCH REQUESTED:          0 ISSUED:          0 USEFUL:          0 USELESS:          0
cpu14->LLC AVERAGE MISS LATENCY: 1.825e+04 cycles
cpu15->LLC TOTAL        ACCESS:      20117 HIT:      16722 MISS:       3395 MSHR_MERGE:       1238
cpu15->LLC LOAD         ACCESS:        183 HIT:         71 MISS:        112 MSHR_MERGE:          4
cpu15->LLC RFO          ACCESS:         34 HIT:          1 MISS:         33 MSHR_MERGE:          0
cpu15->LLC PREFETCH     ACCESS:      19852 HIT:      16650 MISS:       3202 MSHR_MERGE:       1234
cpu15->LLC WRITE        ACCESS:          0 HIT:          0 MISS:          0 MSHR_MERGE:          0
cpu15->LLC TRANSLATION  ACCESS:         48 HIT:          0 MISS:         48 MSHR_MERGE:          0
cpu15->LLC PREFETCH REQUESTED:          0 ISSUED:          0 USEFUL:          0 USELESS:          0
cpu15->LLC AVERAGE MISS LATENCY: 5.272e+06 cycles

Region of Interest Statistics

CPU 9 cumulative IPC: 3.561 instructions: 200000002 cycles: 56163981
CPU 9 Branch Prediction Accuracy: 98.38% MPKI: 2.235 Average ROB Occupancy at Mispredict: 39
Branch type MPKI
BRANCH_DIRECT_JUMP: 0.06556
BRANCH_INDIRECT: 0
BRANCH_CONDITIONAL: 2.17
BRANCH_DIRECT_CALL: 0
BRANCH_INDIRECT_CALL: 0
BRANCH_RETURN: 5e-06


CPU 8 cumulative IPC: 4.016 instructions: 200000004 cycles: 49797293
CPU 8 Branch Prediction Accuracy: 99.96% MPKI: 0.04584 Average ROB Occupancy at Mispredict: 180.9
Branch type MPKI
BRANCH_DIRECT_JUMP: 0
BRANCH_INDIRECT: 0
BRANCH_CONDITIONAL: 0.04584
BRANCH_DIRECT_CALL: 0
BRANCH_INDIRECT_CALL: 0
BRANCH_RETURN: 0


CPU 7 cumulative IPC: 2.568 instructions: 200000001 cycles: 77877967
CPU 7 Branch Prediction Accuracy: 99.95% MPKI: 0.05561 Average ROB Occupancy at Mispredict: 199.5
Branch type MPKI
BRANCH_DIRECT_JUMP: 0
BRANCH_INDIRECT: 0
BRANCH_CONDITIONAL: 0.05561
BRANCH_DIRECT_CALL: 0
BRANCH_INDIRECT_CALL: 0
BRANCH_RETURN: 0


CPU 6 cumulative IPC: 2.022 instructions: 200000002 cycles: 98901023
CPU 6 Branch Prediction Accuracy: 97.23% MPKI: 2.658 Average ROB Occupancy at Mispredict: 116.1
Branch type MPKI
BRANCH_DIRECT_JUMP: 1e-05
BRANCH_INDIRECT: 0
BRANCH_CONDITIONAL: 2.658
BRANCH_DIRECT_CALL: 0
BRANCH_INDIRECT_CALL: 0
BRANCH_RETURN: 0


CPU 5 cumulative IPC: 2.625 instructions: 200000003 cycles: 76188123
CPU 5 Branch Prediction Accuracy: 97.12% MPKI: 4.73 Average ROB Occupancy at Mispredict: 82.71
Branch type MPKI
BRANCH_DIRECT_JUMP: 0.155
BRANCH_INDIRECT: 0
BRANCH_CONDITIONAL: 3.374
BRANCH_DIRECT_CALL: 0
BRANCH_INDIRECT_CALL: 0
BRANCH_RETURN: 1.202


CPU 4 cumulative IPC: 4.079 instructions: 200000004 cycles: 49029672
CPU 4 Branch Prediction Accuracy: 99.73% MPKI: 0.1133 Average ROB Occupancy at Mispredict: 248.1
Branch type MPKI
BRANCH_DIRECT_JUMP: 4e-05
BRANCH_INDIRECT: 0
BRANCH_CONDITIONAL: 0.07582
BRANCH_DIRECT_CALL: 4e-05
BRANCH_INDIRECT_CALL: 0.001305
BRANCH_RETURN: 0.0361


CPU 3 cumulative IPC: 1.299 instructions: 200000003 cycles: 153997956
CPU 3 Branch Prediction Accuracy: 97.91% MPKI: 6.038 Average ROB Occupancy at Mispredict: 44.84
Branch type MPKI
BRANCH_DIRECT_JUMP: 0.1196
BRANCH_INDIRECT: 0.375
BRANCH_CONDITIONAL: 3.556
BRANCH_DIRECT_CALL: 0.000605
BRANCH_INDIRECT_CALL: 0.4127
BRANCH_RETURN: 1.573


CPU 2 cumulative IPC: 2.004 instructions: 200000001 cycles: 99818937
CPU 2 Branch Prediction Accuracy: 97.7% MPKI: 3.066 Average ROB Occupancy at Mispredict: 81.46
Branch type MPKI
BRANCH_DIRECT_JUMP: 0.00598
BRANCH_INDIRECT: 0.001965
BRANCH_CONDITIONAL: 2.387
BRANCH_DIRECT_CALL: 0.02205
BRANCH_INDIRECT_CALL: 0
BRANCH_RETURN: 0.649


CPU 15 cumulative IPC: 3.325 instructions: 200000003 cycles: 60144507
CPU 15 Branch Prediction Accuracy: 98.06% MPKI: 2.775 Average ROB Occupancy at Mispredict: 50.47
Branch type MPKI
BRANCH_DIRECT_JUMP: 0.1446
BRANCH_INDIRECT: 0
BRANCH_CONDITIONAL: 2.631
BRANCH_DIRECT_CALL: 0
BRANCH_INDIRECT_CALL: 0
BRANCH_RETURN: 0


CPU 14 cumulative IPC: 1.768 instructions: 200000000 cycles: 113134993
CPU 14 Branch Prediction Accuracy: 92.6% MPKI: 12.11 Average ROB Occupancy at Mispredict: 34.92
Branch type MPKI
BRANCH_DIRECT_JUMP: 0.07575
BRANCH_INDIRECT: 0.00142
BRANCH_CONDITIONAL: 12.01
BRANCH_DIRECT_CALL: 0.00079
BRANCH_INDIRECT_CALL: 0.0001
BRANCH_RETURN: 0.02717


CPU 13 cumulative IPC: 2.022 instructions: 200000005 cycles: 98906272
CPU 13 Branch Prediction Accuracy: 97.23% MPKI: 2.659 Average ROB Occupancy at Mispredict: 116.1
Branch type MPKI
BRANCH_DIRECT_JUMP: 1e-05
BRANCH_INDIRECT: 0
BRANCH_CONDITIONAL: 2.658
BRANCH_DIRECT_CALL: 0
BRANCH_INDIRECT_CALL: 0
BRANCH_RETURN: 0


CPU 12 cumulative IPC: 2.669 instructions: 200000000 cycles: 74942402
CPU 12 Branch Prediction Accuracy: 100% MPKI: 0 Average ROB Occupancy at Mispredict: -
Branch type MPKI
BRANCH_DIRECT_JUMP: 0
BRANCH_INDIRECT: 0
BRANCH_CONDITIONAL: 0
BRANCH_DIRECT_CALL: 0
BRANCH_INDIRECT_CALL: 0
BRANCH_RETURN: 0


CPU 11 cumulative IPC: 2.525 instructions: 200000005 cycles: 79206602
CPU 11 Branch Prediction Accuracy: 99.09% MPKI: 1.381 Average ROB Occupancy at Mispredict: 60.86
Branch type MPKI
BRANCH_DIRECT_JUMP: 0.03179
BRANCH_INDIRECT: 0.000895
BRANCH_CONDITIONAL: 1.317
BRANCH_DIRECT_CALL: 0.001385
BRANCH_INDIRECT_CALL: 0
BRANCH_RETURN: 0.03041


CPU 10 cumulative IPC: 4.017 instructions: 200000004 cycles: 49790559
CPU 10 Branch Prediction Accuracy: 99.96% MPKI: 0.04584 Average ROB Occupancy at Mispredict: 180.3
Branch type MPKI
BRANCH_DIRECT_JUMP: 0
BRANCH_INDIRECT: 0
BRANCH_CONDITIONAL: 0.04584
BRANCH_DIRECT_CALL: 0
BRANCH_INDIRECT_CALL: 0
BRANCH_RETURN: 0


CPU 1 cumulative IPC: 1.999 instructions: 200000001 cycles: 100067484
CPU 1 Branch Prediction Accuracy: 97.7% MPKI: 3.066 Average ROB Occupancy at Mispredict: 81.38
Branch type MPKI
BRANCH_DIRECT_JUMP: 0.00598
BRANCH_INDIRECT: 0.001965
BRANCH_CONDITIONAL: 2.387
BRANCH_DIRECT_CALL: 0.02205
BRANCH_INDIRECT_CALL: 0
BRANCH_RETURN: 0.649


CPU 0 cumulative IPC: 1.467 instructions: 200000003 cycles: 136375114
CPU 0 Branch Prediction Accuracy: 88.56% MPKI: 11.07 Average ROB Occupancy at Mispredict: 66.2
Branch type MPKI
BRANCH_DIRECT_JUMP: 0.000105
BRANCH_INDIRECT: 5e-06
BRANCH_CONDITIONAL: 5.543
BRANCH_DIRECT_CALL: 0
BRANCH_INDIRECT_CALL: 0
BRANCH_RETURN: 5.527

cpu0->cpu9_L2C TOTAL        ACCESS:        261 HIT:        261 MISS:          0 MSHR_MERGE:          0
cpu0->cpu9_L2C LOAD         ACCESS:          0 HIT:          0 MISS:          0 MSHR_MERGE:          0
cpu0->cpu9_L2C RFO          ACCESS:          0 HIT:          0 MISS:          0 MSHR_MERGE:          0
cpu0->cpu9_L2C PREFETCH     ACCESS:          0 HIT:          0 MISS:          0 MSHR_MERGE:          0
cpu0->cpu9_L2C WRITE        ACCESS:        261 HIT:        261 MISS:          0 MSHR_MERGE:          0
cpu0->cpu9_L2C TRANSLATION  ACCESS:          0 HIT:          0 MISS:          0 MSHR_MERGE:          0
cpu0->cpu9_L2C PREFETCH REQUESTED:      10487 ISSUED:      10487 USEFUL:         23 USELESS:          0
cpu0->cpu9_L2C AVERAGE MISS LATENCY: - cycles
cpu9->cpu9_L2C TOTAL        ACCESS:      15371 HIT:      14086 MISS:       1285 MSHR_MERGE:        114
cpu9->cpu9_L2C LOAD         ACCESS:       2973 HIT:       2923 MISS:         50 MSHR_MERGE:          2
cpu9->cpu9_L2C RFO          ACCESS:         16 HIT:          2 MISS:         14 MSHR_MERGE:          0
cpu9->cpu9_L2C PREFETCH     ACCESS:      12382 HIT:      11161 MISS:       1221 MSHR_MERGE:        112
cpu9->cpu9_L2C WRITE        ACCESS:          0 HIT:          0 MISS:          0 MSHR_MERGE:          0
cpu9->cpu9_L2C TRANSLATION  ACCESS:          0 HIT:          0 MISS:          0 MSHR_MERGE:          0
cpu9->cpu9_L2C PREFETCH REQUESTED:      10487 ISSUED:      10487 USEFUL:         23 USELESS:          0
cpu9->cpu9_L2C AVERAGE MISS LATENCY: 120.5 cycles
cpu9_L2C FLUSH STALL CYCLES: 5
cpu9->cpu9_L1I TOTAL        ACCESS:  151764711 HIT:  151749764 MISS:      14947 MSHR_MERGE:      10090
cpu9->cpu9_L1I LOAD         ACCESS:   78508477 HIT:   78501884 MISS:       6593 MSHR_MERGE:       3623
cpu9->cpu9_L1I RFO          ACCESS:          0 HIT:          0 MISS:          0 MSHR_MERGE:          0
cpu9->cpu9_L1I PREFETCH     ACCESS:   73256234 HIT:   73247880 MISS:       8354 MSHR_MERGE:       6467
cpu9->cpu9_L1I WRITE        ACCESS:          0 HIT:          0 MISS:          0 MSHR_MERGE:          0
cpu9->cpu9_L1I TRANSLATION  ACCESS:          0 HIT:          0 MISS:          0 MSHR_MERGE:          0
cpu9->cpu9_L1I PREFETCH REQUESTED:   78508477 ISSUED:   73256202 USEFUL:       1662 USELESS:        227
cpu9->cpu9_L1I AVERAGE MISS LATENCY: 10.7 cycles
cpu9->cpu9_L1D TOTAL        ACCESS:  163249675 HIT:  163249492 MISS:        183 MSHR_MERGE:        156
cpu9->cpu9_L1D LOAD         ACCESS:   64596230 HIT:   64596206 MISS:         24 MSHR_MERGE:         21
cpu9->cpu9_L1D RFO          ACCESS:          0 HIT:          0 MISS:          0 MSHR_MERGE:          0
cpu9->cpu9_L1D PREFETCH     ACCESS:   11828556 HIT:   11828540 MISS:         16 MSHR_MERGE:          8
cpu9->cpu9_L1D WRITE        ACCESS:   86824889 HIT:   86824746 MISS:        143 MSHR_MERGE:        127
cpu9->cpu9_L1D TRANSLATION  ACCESS:          0 HIT:          0 MISS:          0 MSHR_MERGE:          0
cpu9->cpu9_L1D PREFETCH REQUESTED:   13718915 ISSUED:   11828550 USEFUL:          3 USELESS:          0
cpu9->cpu9_L1D AVERAGE MISS LATENCY: 165.4 cycles
cpu9_L1D FLUSH STALL CYCLES: 197
cpu9->cpu9_ITLB TOTAL        ACCESS:  102725673 HIT:  102725673 MISS:          0 MSHR_MERGE:          0
cpu9->cpu9_ITLB LOAD         ACCESS:  102725673 HIT:  102725673 MISS:          0 MSHR_MERGE:          0
cpu9->cpu9_ITLB RFO          ACCESS:          0 HIT:          0 MISS:          0 MSHR_MERGE:          0
cpu9->cpu9_ITLB PREFETCH     ACCESS:          0 HIT:          0 MISS:          0 MSHR_MERGE:          0
cpu9->cpu9_ITLB WRITE        ACCESS:          0 HIT:          0 MISS:          0 MSHR_MERGE:          0
cpu9->cpu9_ITLB TRANSLATION  ACCESS:          0 HIT:          0 MISS:          0 MSHR_MERGE:          0
cpu9->cpu9_ITLB PREFETCH REQUESTED:          0 ISSUED:          0 USEFUL:          0 USELESS:          0
cpu9->cpu9_ITLB AVERAGE MISS LATENCY: - cycles
cpu9->cpu9_DTLB TOTAL        ACCESS:  126306704 HIT:  126306704 MISS:          0 MSHR_MERGE:          0
cpu9->cpu9_DTLB LOAD         ACCESS:  126306704 HIT:  126306704 MISS:          0 MSHR_MERGE:          0
cpu9->cpu9_DTLB RFO          ACCESS:          0 HIT:          0 MISS:          0 MSHR_MERGE:          0
cpu9->cpu9_DTLB PREFETCH     ACCESS:          0 HIT:          0 MISS:          0 MSHR_MERGE:          0
cpu9->cpu9_DTLB WRITE        ACCESS:          0 HIT:          0 MISS:          0 MSHR_MERGE:          0
cpu9->cpu9_DTLB TRANSLATION  ACCESS:          0 HIT:          0 MISS:          0 MSHR_MERGE:          0
cpu9->cpu9_DTLB PREFETCH REQUESTED:          0 ISSUED:          0 USEFUL:          0 USELESS:          0
cpu9->cpu9_DTLB AVERAGE MISS LATENCY: - cycles
cpu8->cpu8_STLB TOTAL        ACCESS:       9343 HIT:          0 MISS:       9343 MSHR_MERGE:          0
cpu8->cpu8_STLB LOAD         ACCESS:       9343 HIT:          0 MISS:       9343 MSHR_MERGE:          0
cpu8->cpu8_STLB RFO          ACCESS:          0 HIT:          0 MISS:          0 MSHR_MERGE:          0
cpu8->cpu8_STLB PREFETCH     ACCESS:          0 HIT:          0 MISS:          0 MSHR_MERGE:          0
cpu8->cpu8_STLB WRITE        ACCESS:          0 HIT:          0 MISS:          0 MSHR_MERGE:          0
cpu8->cpu8_STLB TRANSLATION  ACCESS:          0 HIT:          0 MISS:          0 MSHR_MERGE:          0
cpu8->cpu8_STLB PREFETCH REQUESTED:          0 ISSUED:          0 USEFUL:          0 USELESS:          0
cpu8->cpu8_STLB AVERAGE MISS LATENCY: 671.5 cycles
cpu0->cpu8_L2C TOTAL        ACCESS:          8 HIT:          0 MISS:          8 MSHR_MERGE:          0
cpu0->cpu8_L2C LOAD         ACCESS:          0 HIT:          0 MISS:          0 MSHR_MERGE:          0
cpu0->cpu8_L2C RFO          ACCESS:          0 HIT:          0 MISS:          0 MSHR_MERGE:          0
cpu0->cpu8_L2C PREFETCH     ACCESS:          0 HIT:          0 MISS:          0 MSHR_MERGE:          0
cpu0->cpu8_L2C WRITE        ACCESS:          8 HIT:          0 MISS:          8 MSHR_MERGE:          0
cpu0->cpu8_L2C TRANSLATION  ACCESS:          0 HIT:          0 MISS:          0 MSHR_MERGE:          0
cpu0->cpu8_L2C PREFETCH REQUESTED:   11888820 ISSUED:   11888820 USEFUL:     438312 USELESS:          1
cpu0->cpu8_L2C AVERAGE MISS LATENCY: 1.174e+06 cycles
cpu8->cpu8_L2C TOTAL        ACCESS:   12497320 HIT:     438226 MISS:   12059094 MSHR_MERGE:        272
cpu8->cpu8_L2C LOAD         ACCESS:     597965 HIT:     438219 MISS:     159746 MSHR_MERGE:        268
cpu8->cpu8_L2C RFO          ACCESS:          3 HIT:          3 MISS:          0 MSHR_MERGE:          0
cpu8->cpu8_L2C PREFETCH     ACCESS:   11888820 HIT:          0 MISS:   11888820 MSHR_MERGE:          4
cpu8->cpu8_L2C WRITE        ACCESS:          4 HIT:          4 MISS:          0 MSHR_MERGE:          0
cpu8->cpu8_L2C TRANSLATION  ACCESS:      10528 HIT:          0 MISS:      10528 MSHR_MERGE:          0
cpu8->cpu8_L2C PREFETCH REQUESTED:   11888820 ISSUED:   11888820 USEFUL:     438312 USELESS:          1
cpu8->cpu8_L2C AVERAGE MISS LATENCY: 55.15 cycles
cpu8->cpu8_L1I TOTAL        ACCESS:    2029280 HIT:    2029280 MISS:          0 MSHR_MERGE:          0
cpu8->cpu8_L1I LOAD         ACCESS:    1014640 HIT:    1014640 MISS:          0 MSHR_MERGE:          0
cpu8->cpu8_L1I RFO          ACCESS:          0 HIT:          0 MISS:          0 MSHR_MERGE:          0
cpu8->cpu8_L1I PREFETCH     ACCESS:    1014640 HIT:    1014640 MISS:          0 MSHR_MERGE:          0
cpu8->cpu8_L1I WRITE        ACCESS:          0 HIT:          0 MISS:          0 MSHR_MERGE:          0
cpu8->cpu8_L1I TRANSLATION  ACCESS:          0 HIT:          0 MISS:          0 MSHR_MERGE:          0
cpu8->cpu8_L1I PREFETCH REQUESTED:    1014640 ISSUED:    1014640 USEFUL:          0 USELESS:          0
cpu8->cpu8_L1I AVERAGE MISS LATENCY: - cycles
cpu8->cpu8_L1D TOTAL        ACCESS:  100142557 HIT:   99453440 MISS:     689117 MSHR_MERGE:      80618
cpu8->cpu8_L1D LOAD         ACCESS:   80933017 HIT:   80254431 MISS:     678586 MSHR_MERGE:      80618
cpu8->cpu8_L1D RFO          ACCESS:          0 HIT:          0 MISS:          0 MSHR_MERGE:          0
cpu8->cpu8_L1D PREFETCH     ACCESS:          0 HIT:          0 MISS:          0 MSHR_MERGE:          0
cpu8->cpu8_L1D WRITE        ACCESS:   19190837 HIT:   19190834 MISS:          3 MSHR_MERGE:          0
cpu8->cpu8_L1D TRANSLATION  ACCESS:      18703 HIT:       8175 MISS:      10528 MSHR_MERGE:          0
cpu8->cpu8_L1D PREFETCH REQUESTED:          0 ISSUED:          0 USEFUL:          0 USELESS:          0
cpu8->cpu8_L1D AVERAGE MISS LATENCY: 25.71 cycles
cpu8->cpu8_ITLB TOTAL        ACCESS:    1184341 HIT:    1184341 MISS:          0 MSHR_MERGE:          0
cpu8->cpu8_ITLB LOAD         ACCESS:    1184341 HIT:    1184341 MISS:          0 MSHR_MERGE:          0
cpu8->cpu8_ITLB RFO          ACCESS:          0 HIT:          0 MISS:          0 MSHR_MERGE:          0
cpu8->cpu8_ITLB PREFETCH     ACCESS:          0 HIT:          0 MISS:          0 MSHR_MERGE:          0
cpu8->cpu8_ITLB WRITE        ACCESS:          0 HIT:          0 MISS:          0 MSHR_MERGE:          0
cpu8->cpu8_ITLB TRANSLATION  ACCESS:          0 HIT:          0 MISS:          0 MSHR_MERGE:          0
cpu8->cpu8_ITLB PREFETCH REQUESTED:          0 ISSUED:          0 USEFUL:          0 USELESS:          0
cpu8->cpu8_ITLB AVERAGE MISS LATENCY: - cycles
cpu8->cpu8_DTLB TOTAL        ACCESS:   92599035 HIT:   92583767 MISS:      15268 MSHR_MERGE:       5925
cpu8->cpu8_DTLB LOAD         ACCESS:   92599035 HIT:   92583767 MISS:      15268 MSHR_MERGE:       5925
cpu8->cpu8_DTLB RFO          ACCESS:          0 HIT:          0 MISS:          0 MSHR_MERGE:          0
cpu8->cpu8_DTLB PREFETCH     ACCESS:          0 HIT:          0 MISS:          0 MSHR_MERGE:          0
cpu8->cpu8_DTLB WRITE        ACCESS:          0 HIT:          0 MISS:          0 MSHR_MERGE:          0
cpu8->cpu8_DTLB TRANSLATION  ACCESS:          0 HIT:          0 MISS:          0 MSHR_MERGE:          0
cpu8->cpu8_DTLB PREFETCH REQUESTED:          0 ISSUED:          0 USEFUL:          0 USELESS:          0
cpu8->cpu8_DTLB AVERAGE MISS LATENCY: 677.5 cycles
cpu7->cpu7_STLB TOTAL        ACCESS:      40472 HIT:      29858 MISS:      10614 MSHR_MERGE:          0
cpu7->cpu7_STLB LOAD         ACCESS:      40472 HIT:      29858 MISS:      10614 MSHR_MERGE:          0
cpu7->cpu7_STLB RFO          ACCESS:          0 HIT:          0 MISS:          0 MSHR_MERGE:          0
cpu7->cpu7_STLB PREFETCH     ACCESS:          0 HIT:          0 MISS:          0 MSHR_MERGE:          0
cpu7->cpu7_STLB WRITE        ACCESS:          0 HIT:          0 MISS:          0 MSHR_MERGE:          0
cpu7->cpu7_STLB TRANSLATION  ACCESS:          0 HIT:          0 MISS:          0 MSHR_MERGE:          0
cpu7->cpu7_STLB PREFETCH REQUESTED:          0 ISSUED:          0 USEFUL:          0 USELESS:          0
cpu7->cpu7_STLB AVERAGE MISS LATENCY: 695 cycles
cpu0->cpu7_L2C TOTAL        ACCESS:        117 HIT:        111 MISS:          6 MSHR_MERGE:          0
cpu0->cpu7_L2C LOAD         ACCESS:          0 HIT:          0 MISS:          0 MSHR_MERGE:          0
cpu0->cpu7_L2C RFO          ACCESS:          0 HIT:          0 MISS:          0 MSHR_MERGE:          0
cpu0->cpu7_L2C PREFETCH     ACCESS:          0 HIT:          0 MISS:          0 MSHR_MERGE:          0
cpu0->cpu7_L2C WRITE        ACCESS:        117 HIT:        111 MISS:          6 MSHR_MERGE:          0
cpu0->cpu7_L2C TRANSLATION  ACCESS:          0 HIT:          0 MISS:          0 MSHR_MERGE:          0
cpu0->cpu7_L2C PREFETCH REQUESTED:   10170827 ISSUED:   10069952 USEFUL:      93589 USELESS:       5054
cpu0->cpu7_L2C AVERAGE MISS LATENCY: 1.839e+06 cycles
cpu7->cpu7_L2C TOTAL        ACCESS:   12933306 HIT:   10505728 MISS:    2427578 MSHR_MERGE:       8870
cpu7->cpu7_L2C LOAD         ACCESS:    1307211 HIT:    1150555 MISS:     156656 MSHR_MERGE:         44
cpu7->cpu7_L2C RFO          ACCESS:       3401 HIT:       3401 MISS:          0 MSHR_MERGE:          0
cpu7->cpu7_L2C PREFETCH     ACCESS:   10947581 HIT:    8689656 MISS:    2257925 MSHR_MERGE:       8826
cpu7->cpu7_L2C WRITE        ACCESS:     661055 HIT:     660542 MISS:        513 MSHR_MERGE:          0
cpu7->cpu7_L2C TRANSLATION  ACCESS:      14058 HIT:       1574 MISS:      12484 MSHR_MERGE:          0
cpu7->cpu7_L2C PREFETCH REQUESTED:   10170827 ISSUED:   10069952 USEFUL:      93589 USELESS:       5054
cpu7->cpu7_L2C AVERAGE MISS LATENCY: 65.03 cycles
cpu7_L2C FLUSH STALL CYCLES: 864
cpu7->cpu7_L1I TOTAL        ACCESS:  155353844 HIT:  155353844 MISS:          0 MSHR_MERGE:          0
cpu7->cpu7_L1I LOAD         ACCESS:   77676922 HIT:   77676922 MISS:          0 MSHR_MERGE:          0
cpu7->cpu7_L1I RFO          ACCESS:          0 HIT:          0 MISS:          0 MSHR_MERGE:          0
cpu7->cpu7_L1I PREFETCH     ACCESS:   77676922 HIT:   77676922 MISS:          0 MSHR_MERGE:          0
cpu7->cpu7_L1I WRITE        ACCESS:          0 HIT:          0 MISS:          0 MSHR_MERGE:          0
cpu7->cpu7_L1I TRANSLATION  ACCESS:          0 HIT:          0 MISS:          0 MSHR_MERGE:          0
cpu7->cpu7_L1I PREFETCH REQUESTED:   77676922 ISSUED:   77676922 USEFUL:          0 USELESS:          0
cpu7->cpu7_L1I AVERAGE MISS LATENCY: - cycles
cpu7->cpu7_L1D TOTAL        ACCESS:  111798260 HIT:  109234649 MISS:    2563611 MSHR_MERGE:     361306
cpu7->cpu7_L1D LOAD         ACCESS:   97159195 HIT:   95521287 MISS:    1637908 MSHR_MERGE:     330693
cpu7->cpu7_L1D RFO          ACCESS:          0 HIT:          0 MISS:          0 MSHR_MERGE:          0
cpu7->cpu7_L1D PREFETCH     ACCESS:    3742593 HIT:    2842247 MISS:     900346 MSHR_MERGE:      22716
cpu7->cpu7_L1D WRITE        ACCESS:   10875217 HIT:   10863923 MISS:      11294 MSHR_MERGE:       7892
cpu7->cpu7_L1D TRANSLATION  ACCESS:      21255 HIT:       7192 MISS:      14063 MSHR_MERGE:          5
cpu7->cpu7_L1D PREFETCH REQUESTED:    3742579 ISSUED:    3742577 USEFUL:     789698 USELESS:      87888
cpu7->cpu7_L1D AVERAGE MISS LATENCY: 18.46 cycles
cpu7_L1D FLUSH STALL CYCLES: 53
cpu7->cpu7_ITLB TOTAL        ACCESS:  103982313 HIT:  103982313 MISS:          0 MSHR_MERGE:          0
cpu7->cpu7_ITLB LOAD         ACCESS:  103982313 HIT:  103982313 MISS:          0 MSHR_MERGE:          0
cpu7->cpu7_ITLB RFO          ACCESS:          0 HIT:          0 MISS:          0 MSHR_MERGE:          0
cpu7->cpu7_ITLB PREFETCH     ACCESS:          0 HIT:          0 MISS:          0 MSHR_MERGE:          0
cpu7->cpu7_ITLB WRITE        ACCESS:          0 HIT:          0 MISS:          0 MSHR_MERGE:          0
cpu7->cpu7_ITLB TRANSLATION  ACCESS:          0 HIT:          0 MISS:          0 MSHR_MERGE:          0
cpu7->cpu7_ITLB PREFETCH REQUESTED:          0 ISSUED:          0 USEFUL:          0 USELESS:          0
cpu7->cpu7_ITLB AVERAGE MISS LATENCY: - cycles
cpu7->cpu7_DTLB TOTAL        ACCESS:  104527479 HIT:  104448986 MISS:      78493 MSHR_MERGE:      38021
cpu7->cpu7_DTLB LOAD         ACCESS:  104527479 HIT:  104448986 MISS:      78493 MSHR_MERGE:      38021
cpu7->cpu7_DTLB RFO          ACCESS:          0 HIT:          0 MISS:          0 MSHR_MERGE:          0
cpu7->cpu7_DTLB PREFETCH     ACCESS:          0 HIT:          0 MISS:          0 MSHR_MERGE:          0
cpu7->cpu7_DTLB WRITE        ACCESS:          0 HIT:          0 MISS:          0 MSHR_MERGE:          0
cpu7->cpu7_DTLB TRANSLATION  ACCESS:          0 HIT:          0 MISS:          0 MSHR_MERGE:          0
cpu7->cpu7_DTLB PREFETCH REQUESTED:          0 ISSUED:          0 USEFUL:          0 USELESS:          0
cpu7->cpu7_DTLB AVERAGE MISS LATENCY: 187.5 cycles
cpu6->cpu6_STLB TOTAL        ACCESS:     120733 HIT:     117726 MISS:       3007 MSHR_MERGE:          0
cpu6->cpu6_STLB LOAD         ACCESS:     120733 HIT:     117726 MISS:       3007 MSHR_MERGE:          0
cpu6->cpu6_STLB RFO          ACCESS:          0 HIT:          0 MISS:          0 MSHR_MERGE:          0
cpu6->cpu6_STLB PREFETCH     ACCESS:          0 HIT:          0 MISS:          0 MSHR_MERGE:          0
cpu6->cpu6_STLB WRITE        ACCESS:          0 HIT:          0 MISS:          0 MSHR_MERGE:          0
cpu6->cpu6_STLB TRANSLATION  ACCESS:          0 HIT:          0 MISS:          0 MSHR_MERGE:          0
cpu6->cpu6_STLB PREFETCH REQUESTED:          0 ISSUED:          0 USEFUL:          0 USELESS:          0
cpu6->cpu6_STLB AVERAGE MISS LATENCY: 782.7 cycles
cpu0->cpu6_L2C TOTAL        ACCESS:        243 HIT:        237 MISS:          6 MSHR_MERGE:          0
cpu0->cpu6_L2C LOAD         ACCESS:          0 HIT:          0 MISS:          0 MSHR_MERGE:          0
cpu0->cpu6_L2C RFO          ACCESS:          0 HIT:          0 MISS:          0 MSHR_MERGE:          0
cpu0->cpu6_L2C PREFETCH     ACCESS:          0 HIT:          0 MISS:          0 MSHR_MERGE:          0
cpu0->cpu6_L2C WRITE        ACCESS:        243 HIT:        237 MISS:          6 MSHR_MERGE:          0
cpu0->cpu6_L2C TRANSLATION  ACCESS:          0 HIT:          0 MISS:          0 MSHR_MERGE:          0
cpu0->cpu6_L2C PREFETCH REQUESTED:   19710763 ISSUED:   19585897 USEFUL:      68931 USELESS:        919
cpu0->cpu6_L2C AVERAGE MISS LATENCY: 9.164e+05 cycles
cpu6->cpu6_L2C TOTAL        ACCESS:   23604310 HIT:   21732211 MISS:    1872099 MSHR_MERGE:      12362
cpu6->cpu6_L2C LOAD         ACCESS:    1603470 HIT:    1515345 MISS:      88125 MSHR_MERGE:          4
cpu6->cpu6_L2C RFO          ACCESS:       4488 HIT:       4486 MISS:          2 MSHR_MERGE:          0
cpu6->cpu6_L2C PREFETCH     ACCESS:   21049509 HIT:   19270912 MISS:    1778597 MSHR_MERGE:      12358
cpu6->cpu6_L2C WRITE        ACCESS:     941041 HIT:     940308 MISS:        733 MSHR_MERGE:          0
cpu6->cpu6_L2C TRANSLATION  ACCESS:       5802 HIT:       1160 MISS:       4642 MSHR_MERGE:          0
cpu6->cpu6_L2C PREFETCH REQUESTED:   19710763 ISSUED:   19585897 USEFUL:      68931 USELESS:        919
cpu6->cpu6_L2C AVERAGE MISS LATENCY: 58.8 cycles
cpu6_L2C FLUSH STALL CYCLES: 1889
cpu6->cpu6_L1I TOTAL        ACCESS:   74085121 HIT:   74085120 MISS:          1 MSHR_MERGE:          0
cpu6->cpu6_L1I LOAD         ACCESS:   37042870 HIT:   37042870 MISS:          0 MSHR_MERGE:          0
cpu6->cpu6_L1I RFO          ACCESS:          0 HIT:          0 MISS:          0 MSHR_MERGE:          0
cpu6->cpu6_L1I PREFETCH     ACCESS:   37042251 HIT:   37042250 MISS:          1 MSHR_MERGE:          0
cpu6->cpu6_L1I WRITE        ACCESS:          0 HIT:          0 MISS:          0 MSHR_MERGE:          0
cpu6->cpu6_L1I TRANSLATION  ACCESS:          0 HIT:          0 MISS:          0 MSHR_MERGE:          0
cpu6->cpu6_L1I PREFETCH REQUESTED:   37042870 ISSUED:   37042251 USEFUL:          0 USELESS:          0
cpu6->cpu6_L1I AVERAGE MISS LATENCY: - cycles
cpu6->cpu6_L1D TOTAL        ACCESS:   93544156 HIT:   89911998 MISS:    3632158 MSHR_MERGE:     554781
cpu6->cpu6_L1D LOAD         ACCESS:   69359620 HIT:   67264782 MISS:    2094838 MSHR_MERGE:     491368
cpu6->cpu6_L1D RFO          ACCESS:          0 HIT:          0 MISS:          0 MSHR_MERGE:          0
cpu6->cpu6_L1D PREFETCH     ACCESS:    3033931 HIT:    1507126 MISS:    1526805 MSHR_MERGE:      63194
cpu6->cpu6_L1D WRITE        ACCESS:   21144493 HIT:   21139780 MISS:       4713 MSHR_MERGE:        219
cpu6->cpu6_L1D TRANSLATION  ACCESS:       6112 HIT:        310 MISS:       5802 MSHR_MERGE:          0
cpu6->cpu6_L1D PREFETCH REQUESTED:    3033917 ISSUED:    3033915 USEFUL:    1285920 USELESS:     177698
cpu6->cpu6_L1D AVERAGE MISS LATENCY: 13.47 cycles
cpu6_L1D FLUSH STALL CYCLES: 179
cpu6->cpu6_ITLB TOTAL        ACCESS:   58407627 HIT:   58407626 MISS:          1 MSHR_MERGE:          0
cpu6->cpu6_ITLB LOAD         ACCESS:   58407627 HIT:   58407626 MISS:          1 MSHR_MERGE:          0
cpu6->cpu6_ITLB RFO          ACCESS:          0 HIT:          0 MISS:          0 MSHR_MERGE:          0
cpu6->cpu6_ITLB PREFETCH     ACCESS:          0 HIT:          0 MISS:          0 MSHR_MERGE:          0
cpu6->cpu6_ITLB WRITE        ACCESS:          0 HIT:          0 MISS:          0 MSHR_MERGE:          0
cpu6->cpu6_ITLB TRANSLATION  ACCESS:          0 HIT:          0 MISS:          0 MSHR_MERGE:          0
cpu6->cpu6_ITLB PREFETCH REQUESTED:          0 ISSUED:          0 USEFUL:          0 USELESS:          0
cpu6->cpu6_ITLB AVERAGE MISS LATENCY: 835 cycles
cpu6->cpu6_DTLB TOTAL        ACCESS:   86723734 HIT:   86536449 MISS:     187285 MSHR_MERGE:      66553
cpu6->cpu6_DTLB LOAD         ACCESS:   86723734 HIT:   86536449 MISS:     187285 MSHR_MERGE:      66553
cpu6->cpu6_DTLB RFO          ACCESS:          0 HIT:          0 MISS:          0 MSHR_MERGE:          0
cpu6->cpu6_DTLB PREFETCH     ACCESS:          0 HIT:          0 MISS:          0 MSHR_MERGE:          0
cpu6->cpu6_DTLB WRITE        ACCESS:          0 HIT:          0 MISS:          0 MSHR_MERGE:          0
cpu6->cpu6_DTLB TRANSLATION  ACCESS:          0 HIT:          0 MISS:          0 MSHR_MERGE:          0
cpu6->cpu6_DTLB PREFETCH REQUESTED:          0 ISSUED:          0 USEFUL:          0 USELESS:          0
cpu6->cpu6_DTLB AVERAGE MISS LATENCY: 24.51 cycles
cpu5->cpu5_STLB TOTAL        ACCESS:       1323 HIT:         85 MISS:       1238 MSHR_MERGE:          0
cpu5->cpu5_STLB LOAD         ACCESS:       1323 HIT:         85 MISS:       1238 MSHR_MERGE:          0
cpu5->cpu5_STLB RFO          ACCESS:          0 HIT:          0 MISS:          0 MSHR_MERGE:          0
cpu5->cpu5_STLB PREFETCH     ACCESS:          0 HIT:          0 MISS:          0 MSHR_MERGE:          0
cpu5->cpu5_STLB WRITE        ACCESS:          0 HIT:          0 MISS:          0 MSHR_MERGE:          0
cpu5->cpu5_STLB TRANSLATION  ACCESS:          0 HIT:          0 MISS:          0 MSHR_MERGE:          0
cpu5->cpu5_STLB PREFETCH REQUESTED:          0 ISSUED:          0 USEFUL:          0 USELESS:          0
cpu5->cpu5_STLB AVERAGE MISS LATENCY: 681.8 cycles
cpu0->cpu5_L2C TOTAL        ACCESS:        445 HIT:        189 MISS:        256 MSHR_MERGE:          0
cpu0->cpu5_L2C LOAD         ACCESS:          0 HIT:          0 MISS:          0 MSHR_MERGE:          0
cpu0->cpu5_L2C RFO          ACCESS:          0 HIT:          0 MISS:          0 MSHR_MERGE:          0
cpu0->cpu5_L2C PREFETCH     ACCESS:          0 HIT:          0 MISS:          0 MSHR_MERGE:          0
cpu0->cpu5_L2C WRITE        ACCESS:        445 HIT:        189 MISS:        256 MSHR_MERGE:          0
cpu0->cpu5_L2C TRANSLATION  ACCESS:          0 HIT:          0 MISS:          0 MSHR_MERGE:          0
cpu0->cpu5_L2C PREFETCH REQUESTED:     569423 ISSUED:     569388 USEFUL:      24516 USELESS:        294
cpu0->cpu5_L2C AVERAGE MISS LATENCY: 2.319e+04 cycles
cpu5->cpu5_L2C TOTAL        ACCESS:     652365 HIT:      44052 MISS:     608313 MSHR_MERGE:        125
cpu5->cpu5_L2C LOAD         ACCESS:      34457 HIT:      24703 MISS:       9754 MSHR_MERGE:         40
cpu5->cpu5_L2C RFO          ACCESS:      23523 HIT:        806 MISS:      22717 MSHR_MERGE:          0
cpu5->cpu5_L2C PREFETCH     ACCESS:     569432 HIT:        667 MISS:     568765 MSHR_MERGE:         85
cpu5->cpu5_L2C WRITE        ACCESS:      23537 HIT:      17876 MISS:       5661 MSHR_MERGE:          0
cpu5->cpu5_L2C TRANSLATION  ACCESS:       1416 HIT:          0 MISS:       1416 MSHR_MERGE:          0
cpu5->cpu5_L2C PREFETCH REQUESTED:     569423 ISSUED:     569388 USEFUL:      24516 USELESS:        294
cpu5->cpu5_L2C AVERAGE MISS LATENCY: 150.1 cycles
cpu5_L2C FLUSH STALL CYCLES: 8215
cpu5->cpu5_L1I TOTAL        ACCESS:   44563027 HIT:   44563027 MISS:          0 MSHR_MERGE:          0
cpu5->cpu5_L1I LOAD         ACCESS:   22592438 HIT:   22592438 MISS:          0 MSHR_MERGE:          0
cpu5->cpu5_L1I RFO          ACCESS:          0 HIT:          0 MISS:          0 MSHR_MERGE:          0
cpu5->cpu5_L1I PREFETCH     ACCESS:   21970589 HIT:   21970589 MISS:          0 MSHR_MERGE:          0
cpu5->cpu5_L1I WRITE        ACCESS:          0 HIT:          0 MISS:          0 MSHR_MERGE:          0
cpu5->cpu5_L1I TRANSLATION  ACCESS:          0 HIT:          0 MISS:          0 MSHR_MERGE:          0
cpu5->cpu5_L1I PREFETCH REQUESTED:   22592438 ISSUED:   21970589 USEFUL:          0 USELESS:          0
cpu5->cpu5_L1I AVERAGE MISS LATENCY: - cycles
cpu5->cpu5_L1D TOTAL        ACCESS:   75422097 HIT:   75340022 MISS:      82075 MSHR_MERGE:      22635
cpu5->cpu5_L1D LOAD         ACCESS:   45684441 HIT:   45635322 MISS:      49119 MSHR_MERGE:      14662
cpu5->cpu5_L1D RFO          ACCESS:          0 HIT:          0 MISS:          0 MSHR_MERGE:          0
cpu5->cpu5_L1D PREFETCH     ACCESS:        144 HIT:        100 MISS:         44 MSHR_MERGE:          0
cpu5->cpu5_L1D WRITE        ACCESS:   29735034 HIT:   29703539 MISS:      31495 MSHR_MERGE:       7972
cpu5->cpu5_L1D TRANSLATION  ACCESS:       2478 HIT:       1061 MISS:       1417 MSHR_MERGE:          1
cpu5->cpu5_L1D PREFETCH REQUESTED:        144 ISSUED:        144 USEFUL:          0 USELESS:         52
cpu5->cpu5_L1D AVERAGE MISS LATENCY: 109.9 cycles
cpu5_L1D FLUSH STALL CYCLES: 381
cpu5->cpu5_ITLB TOTAL        ACCESS:   34355524 HIT:   34355524 MISS:          0 MSHR_MERGE:          0
cpu5->cpu5_ITLB LOAD         ACCESS:   34355524 HIT:   34355524 MISS:          0 MSHR_MERGE:          0
cpu5->cpu5_ITLB RFO          ACCESS:          0 HIT:          0 MISS:          0 MSHR_MERGE:          0
cpu5->cpu5_ITLB PREFETCH     ACCESS:          0 HIT:          0 MISS:          0 MSHR_MERGE:          0
cpu5->cpu5_ITLB WRITE        ACCESS:          0 HIT:          0 MISS:          0 MSHR_MERGE:          0
cpu5->cpu5_ITLB TRANSLATION  ACCESS:          0 HIT:          0 MISS:          0 MSHR_MERGE:          0
cpu5->cpu5_ITLB PREFETCH REQUESTED:          0 ISSUED:          0 USEFUL:          0 USELESS:          0
cpu5->cpu5_ITLB AVERAGE MISS LATENCY: - cycles
cpu5->cpu5_DTLB TOTAL        ACCESS:   71336047 HIT:   71330350 MISS:       5697 MSHR_MERGE:       4374
cpu5->cpu5_DTLB LOAD         ACCESS:   71336047 HIT:   71330350 MISS:       5697 MSHR_MERGE:       4374
cpu5->cpu5_DTLB RFO          ACCESS:          0 HIT:          0 MISS:          0 MSHR_MERGE:          0
cpu5->cpu5_DTLB PREFETCH     ACCESS:          0 HIT:          0 MISS:          0 MSHR_MERGE:          0
cpu5->cpu5_DTLB WRITE        ACCESS:          0 HIT:          0 MISS:          0 MSHR_MERGE:          0
cpu5->cpu5_DTLB TRANSLATION  ACCESS:          0 HIT:          0 MISS:          0 MSHR_MERGE:          0
cpu5->cpu5_DTLB PREFETCH REQUESTED:          0 ISSUED:          0 USEFUL:          0 USELESS:          0
cpu5->cpu5_DTLB AVERAGE MISS LATENCY: 644 cycles
cpu4->cpu4_STLB TOTAL        ACCESS:     267473 HIT:     262634 MISS:       4839 MSHR_MERGE:          0
cpu4->cpu4_STLB LOAD         ACCESS:     267473 HIT:     262634 MISS:       4839 MSHR_MERGE:          0
cpu4->cpu4_STLB RFO          ACCESS:          0 HIT:          0 MISS:          0 MSHR_MERGE:          0
cpu4->cpu4_STLB PREFETCH     ACCESS:          0 HIT:          0 MISS:          0 MSHR_MERGE:          0
cpu4->cpu4_STLB WRITE        ACCESS:          0 HIT:          0 MISS:          0 MSHR_MERGE:          0
cpu4->cpu4_STLB TRANSLATION  ACCESS:          0 HIT:          0 MISS:          0 MSHR_MERGE:          0
cpu4->cpu4_STLB PREFETCH REQUESTED:          0 ISSUED:          0 USEFUL:          0 USELESS:          0
cpu4->cpu4_STLB AVERAGE MISS LATENCY: 811.2 cycles
cpu0->cpu4_L2C TOTAL        ACCESS:        520 HIT:        358 MISS:        162 MSHR_MERGE:          0
cpu0->cpu4_L2C LOAD         ACCESS:          0 HIT:          0 MISS:          0 MSHR_MERGE:          0
cpu0->cpu4_L2C RFO          ACCESS:          0 HIT:          0 MISS:          0 MSHR_MERGE:          0
cpu0->cpu4_L2C PREFETCH     ACCESS:          0 HIT:          0 MISS:          0 MSHR_MERGE:          0
cpu0->cpu4_L2C WRITE        ACCESS:        520 HIT:        358 MISS:        162 MSHR_MERGE:          0
cpu0->cpu4_L2C TRANSLATION  ACCESS:          0 HIT:          0 MISS:          0 MSHR_MERGE:          0
cpu0->cpu4_L2C PREFETCH REQUESTED:    2675497 ISSUED:    2673492 USEFUL:      40105 USELESS:       2168
cpu0->cpu4_L2C AVERAGE MISS LATENCY: 2.576e+05 cycles
cpu4->cpu4_L2C TOTAL        ACCESS:    4271651 HIT:    2914202 MISS:    1357449 MSHR_MERGE:     132525
cpu4->cpu4_L2C LOAD         ACCESS:     922649 HIT:     729531 MISS:     193118 MSHR_MERGE:      13642
cpu4->cpu4_L2C RFO          ACCESS:     102375 HIT:      29744 MISS:      72631 MSHR_MERGE:          2
cpu4->cpu4_L2C PREFETCH     ACCESS:    3111876 HIT:    2048585 MISS:    1063291 MSHR_MERGE:     118881
cpu4->cpu4_L2C WRITE        ACCESS:     126624 HIT:     106140 MISS:      20484 MSHR_MERGE:          0
cpu4->cpu4_L2C TRANSLATION  ACCESS:       8127 HIT:        202 MISS:       7925 MSHR_MERGE:          0
cpu4->cpu4_L2C PREFETCH REQUESTED:    2675497 ISSUED:    2673492 USEFUL:      40105 USELESS:       2168
cpu4->cpu4_L2C AVERAGE MISS LATENCY: 141.9 cycles
cpu4_L2C FLUSH STALL CYCLES: 14282
cpu4->cpu4_L1I TOTAL        ACCESS:  136946354 HIT:  134405965 MISS:    2540389 MSHR_MERGE:    1589217
cpu4->cpu4_L1I LOAD         ACCESS:   69905699 HIT:   68645507 MISS:    1260192 MSHR_MERGE:     686036
cpu4->cpu4_L1I RFO          ACCESS:          0 HIT:          0 MISS:          0 MSHR_MERGE:          0
cpu4->cpu4_L1I PREFETCH     ACCESS:   67040655 HIT:   65760458 MISS:    1280197 MSHR_MERGE:     903181
cpu4->cpu4_L1I WRITE        ACCESS:          0 HIT:          0 MISS:          0 MSHR_MERGE:          0
cpu4->cpu4_L1I TRANSLATION  ACCESS:          0 HIT:          0 MISS:          0 MSHR_MERGE:          0
cpu4->cpu4_L1I PREFETCH REQUESTED:   69909925 ISSUED:   67040655 USEFUL:     235841 USELESS:     141148
cpu4->cpu4_L1I AVERAGE MISS LATENCY: 9.501 cycles
cpu4->cpu4_L1D TOTAL        ACCESS:  107770333 HIT:  106201682 MISS:    1568651 MSHR_MERGE:    1048267
cpu4->cpu4_L1D LOAD         ACCESS:   65435405 HIT:   64714574 MISS:     720831 MSHR_MERGE:     372336
cpu4->cpu4_L1D RFO          ACCESS:          0 HIT:          0 MISS:          0 MSHR_MERGE:          0
cpu4->cpu4_L1D PREFETCH     ACCESS:    5330090 HIT:    5226560 MISS:     103530 MSHR_MERGE:      42161
cpu4->cpu4_L1D WRITE        ACCESS:   36995138 HIT:   36259458 MISS:     735680 MSHR_MERGE:     633287
cpu4->cpu4_L1D TRANSLATION  ACCESS:       9700 HIT:       1090 MISS:       8610 MSHR_MERGE:        483
cpu4->cpu4_L1D PREFETCH REQUESTED:    5342368 ISSUED:    5330089 USEFUL:      48513 USELESS:      12609
cpu4->cpu4_L1D AVERAGE MISS LATENCY: 99.09 cycles
cpu4_L1D FLUSH STALL CYCLES: 456
cpu4->cpu4_ITLB TOTAL        ACCESS:   97873885 HIT:   97869576 MISS:       4309 MSHR_MERGE:       2815
cpu4->cpu4_ITLB LOAD         ACCESS:   97873885 HIT:   97869576 MISS:       4309 MSHR_MERGE:       2815
cpu4->cpu4_ITLB RFO          ACCESS:          0 HIT:          0 MISS:          0 MSHR_MERGE:          0
cpu4->cpu4_ITLB PREFETCH     ACCESS:          0 HIT:          0 MISS:          0 MSHR_MERGE:          0
cpu4->cpu4_ITLB WRITE        ACCESS:          0 HIT:          0 MISS:          0 MSHR_MERGE:          0
cpu4->cpu4_ITLB TRANSLATION  ACCESS:          0 HIT:          0 MISS:          0 MSHR_MERGE:          0
cpu4->cpu4_ITLB PREFETCH REQUESTED:          0 ISSUED:          0 USEFUL:          0 USELESS:          0
cpu4->cpu4_ITLB AVERAGE MISS LATENCY: 42.54 cycles
cpu4->cpu4_DTLB TOTAL        ACCESS:   95949393 HIT:   95445500 MISS:     503893 MSHR_MERGE:     237914
cpu4->cpu4_DTLB LOAD         ACCESS:   95949393 HIT:   95445500 MISS:     503893 MSHR_MERGE:     237914
cpu4->cpu4_DTLB RFO          ACCESS:          0 HIT:          0 MISS:          0 MSHR_MERGE:          0
cpu4->cpu4_DTLB PREFETCH     ACCESS:          0 HIT:          0 MISS:          0 MSHR_MERGE:          0
cpu4->cpu4_DTLB WRITE        ACCESS:          0 HIT:          0 MISS:          0 MSHR_MERGE:          0
cpu4->cpu4_DTLB TRANSLATION  ACCESS:          0 HIT:          0 MISS:          0 MSHR_MERGE:          0
cpu4->cpu4_DTLB PREFETCH REQUESTED:          0 ISSUED:          0 USEFUL:          0 USELESS:          0
cpu4->cpu4_DTLB AVERAGE MISS LATENCY: 19.57 cycles
cpu3->cpu3_STLB TOTAL        ACCESS:    4542748 HIT:    4536562 MISS:       6186 MSHR_MERGE:          0
cpu3->cpu3_STLB LOAD         ACCESS:    4542748 HIT:    4536562 MISS:       6186 MSHR_MERGE:          0
cpu3->cpu3_STLB RFO          ACCESS:          0 HIT:          0 MISS:          0 MSHR_MERGE:          0
cpu3->cpu3_STLB PREFETCH     ACCESS:          0 HIT:          0 MISS:          0 MSHR_MERGE:          0
cpu3->cpu3_STLB WRITE        ACCESS:          0 HIT:          0 MISS:          0 MSHR_MERGE:          0
cpu3->cpu3_STLB TRANSLATION  ACCESS:          0 HIT:          0 MISS:          0 MSHR_MERGE:          0
cpu3->cpu3_STLB PREFETCH REQUESTED:          0 ISSUED:          0 USEFUL:          0 USELESS:          0
cpu3->cpu3_STLB AVERAGE MISS LATENCY: 442.6 cycles
cpu0->cpu3_L2C TOTAL        ACCESS:        123 HIT:        121 MISS:          2 MSHR_MERGE:          0
cpu0->cpu3_L2C LOAD         ACCESS:          0 HIT:          0 MISS:          0 MSHR_MERGE:          0
cpu0->cpu3_L2C RFO          ACCESS:          0 HIT:          0 MISS:          0 MSHR_MERGE:          0
cpu0->cpu3_L2C PREFETCH     ACCESS:          0 HIT:          0 MISS:          0 MSHR_MERGE:          0
cpu0->cpu3_L2C WRITE        ACCESS:        123 HIT:        121 MISS:          2 MSHR_MERGE:          0
cpu0->cpu3_L2C TRANSLATION  ACCESS:          0 HIT:          0 MISS:          0 MSHR_MERGE:          0
cpu0->cpu3_L2C PREFETCH REQUESTED:    9267211 ISSUED:    9267211 USEFUL:       2149 USELESS:       6887
cpu0->cpu3_L2C AVERAGE MISS LATENCY: 3.162e+07 cycles
cpu3->cpu3_L2C TOTAL        ACCESS:   18868924 HIT:   16523357 MISS:    2345567 MSHR_MERGE:      22618
cpu3->cpu3_L2C LOAD         ACCESS:    7396294 HIT:    7328949 MISS:      67345 MSHR_MERGE:         32
cpu3->cpu3_L2C RFO          ACCESS:     301932 HIT:      79135 MISS:     222797 MSHR_MERGE:        174
cpu3->cpu3_L2C PREFETCH     ACCESS:   10648704 HIT:    8619709 MISS:    2028995 MSHR_MERGE:      22412
cpu3->cpu3_L2C WRITE        ACCESS:     510594 HIT:     494190 MISS:      16404 MSHR_MERGE:          0
cpu3->cpu3_L2C TRANSLATION  ACCESS:      11400 HIT:       1374 MISS:      10026 MSHR_MERGE:          0
cpu3->cpu3_L2C PREFETCH REQUESTED:    9267211 ISSUED:    9267211 USEFUL:       2149 USELESS:       6887
cpu3->cpu3_L2C AVERAGE MISS LATENCY: 199.8 cycles
cpu3_L2C FLUSH STALL CYCLES: 14510
cpu3->cpu3_L1I TOTAL        ACCESS:   74966312 HIT:   71779211 MISS:    3187101 MSHR_MERGE:    1255095
cpu3->cpu3_L1I LOAD         ACCESS:   37703786 HIT:   36067700 MISS:    1636086 MSHR_MERGE:     596480
cpu3->cpu3_L1I RFO          ACCESS:          0 HIT:          0 MISS:          0 MSHR_MERGE:          0
cpu3->cpu3_L1I PREFETCH     ACCESS:   37262526 HIT:   35711511 MISS:    1551015 MSHR_MERGE:     658615
cpu3->cpu3_L1I WRITE        ACCESS:          0 HIT:          0 MISS:          0 MSHR_MERGE:          0
cpu3->cpu3_L1I TRANSLATION  ACCESS:          0 HIT:          0 MISS:          0 MSHR_MERGE:          0
cpu3->cpu3_L1I PREFETCH REQUESTED:   37706389 ISSUED:   37262526 USEFUL:     373412 USELESS:     518974
cpu3->cpu3_L1I AVERAGE MISS LATENCY: 9.752 cycles
cpu3->cpu3_L1D TOTAL        ACCESS:   66250899 HIT:   56424485 MISS:    9826414 MSHR_MERGE:    2667254
cpu3->cpu3_L1D LOAD         ACCESS:   42969146 HIT:   35198793 MISS:    7770353 MSHR_MERGE:    1413665
cpu3->cpu3_L1D RFO          ACCESS:          0 HIT:          0 MISS:          0 MSHR_MERGE:          0
cpu3->cpu3_L1D PREFETCH     ACCESS:    7954282 HIT:    7052390 MISS:     901892 MSHR_MERGE:     412752
cpu3->cpu3_L1D WRITE        ACCESS:   15315072 HIT:   14172371 MISS:    1142701 MSHR_MERGE:     840769
cpu3->cpu3_L1D TRANSLATION  ACCESS:      12399 HIT:        931 MISS:      11468 MSHR_MERGE:         68
cpu3->cpu3_L1D PREFETCH REQUESTED:    8282839 ISSUED:    7954282 USEFUL:     422712 USELESS:      59339
cpu3->cpu3_L1D AVERAGE MISS LATENCY: 19.51 cycles
cpu3_L1D FLUSH STALL CYCLES: 59
cpu3->cpu3_ITLB TOTAL        ACCESS:   58779037 HIT:   58596664 MISS:     182373 MSHR_MERGE:      93425
cpu3->cpu3_ITLB LOAD         ACCESS:   58779037 HIT:   58596664 MISS:     182373 MSHR_MERGE:      93425
cpu3->cpu3_ITLB RFO          ACCESS:          0 HIT:          0 MISS:          0 MSHR_MERGE:          0
cpu3->cpu3_ITLB PREFETCH     ACCESS:          0 HIT:          0 MISS:          0 MSHR_MERGE:          0
cpu3->cpu3_ITLB WRITE        ACCESS:          0 HIT:          0 MISS:          0 MSHR_MERGE:          0
cpu3->cpu3_ITLB TRANSLATION  ACCESS:          0 HIT:          0 MISS:          0 MSHR_MERGE:          0
cpu3->cpu3_ITLB PREFETCH REQUESTED:          0 ISSUED:          0 USEFUL:          0 USELESS:          0
cpu3->cpu3_ITLB AVERAGE MISS LATENCY: 7.98 cycles
cpu3->cpu3_DTLB TOTAL        ACCESS:   56163315 HIT:   49581896 MISS:    6581419 MSHR_MERGE:    2127619
cpu3->cpu3_DTLB LOAD         ACCESS:   56163315 HIT:   49581896 MISS:    6581419 MSHR_MERGE:    2127619
cpu3->cpu3_DTLB RFO          ACCESS:          0 HIT:          0 MISS:          0 MSHR_MERGE:          0
cpu3->cpu3_DTLB PREFETCH     ACCESS:          0 HIT:          0 MISS:          0 MSHR_MERGE:          0
cpu3->cpu3_DTLB WRITE        ACCESS:          0 HIT:          0 MISS:          0 MSHR_MERGE:          0
cpu3->cpu3_DTLB TRANSLATION  ACCESS:          0 HIT:          0 MISS:          0 MSHR_MERGE:          0
cpu3->cpu3_DTLB PREFETCH REQUESTED:          0 ISSUED:          0 USEFUL:          0 USELESS:          0
cpu3->cpu3_DTLB AVERAGE MISS LATENCY: 5.557 cycles
cpu2->cpu2_STLB TOTAL        ACCESS:     206815 HIT:     177575 MISS:      29240 MSHR_MERGE:          0
cpu2->cpu2_STLB LOAD         ACCESS:     206815 HIT:     177575 MISS:      29240 MSHR_MERGE:          0
cpu2->cpu2_STLB RFO          ACCESS:          0 HIT:          0 MISS:          0 MSHR_MERGE:          0
cpu2->cpu2_STLB PREFETCH     ACCESS:          0 HIT:          0 MISS:          0 MSHR_MERGE:          0
cpu2->cpu2_STLB WRITE        ACCESS:          0 HIT:          0 MISS:          0 MSHR_MERGE:          0
cpu2->cpu2_STLB TRANSLATION  ACCESS:          0 HIT:          0 MISS:          0 MSHR_MERGE:          0
cpu2->cpu2_STLB PREFETCH REQUESTED:          0 ISSUED:          0 USEFUL:          0 USELESS:          0
cpu2->cpu2_STLB AVERAGE MISS LATENCY: 465.7 cycles
cpu0->cpu2_L2C TOTAL        ACCESS:        289 HIT:        288 MISS:          1 MSHR_MERGE:          0
cpu0->cpu2_L2C LOAD         ACCESS:          0 HIT:          0 MISS:          0 MSHR_MERGE:          0
cpu0->cpu2_L2C RFO          ACCESS:          0 HIT:          0 MISS:          0 MSHR_MERGE:          0
cpu0->cpu2_L2C PREFETCH     ACCESS:          0 HIT:          0 MISS:          0 MSHR_MERGE:          0
cpu0->cpu2_L2C WRITE        ACCESS:        289 HIT:        288 MISS:          1 MSHR_MERGE:          0
cpu0->cpu2_L2C TRANSLATION  ACCESS:          0 HIT:          0 MISS:          0 MSHR_MERGE:          0
cpu0->cpu2_L2C PREFETCH REQUESTED:    3930235 ISSUED:    3489163 USEFUL:      17434 USELESS:       3816
cpu0->cpu2_L2C AVERAGE MISS LATENCY: 4.125e+08 cycles
cpu2->cpu2_L2C TOTAL        ACCESS:    8588772 HIT:    5678413 MISS:    2910359 MSHR_MERGE:     120674
cpu2->cpu2_L2C LOAD         ACCESS:     978162 HIT:     830209 MISS:     147953 MSHR_MERGE:       7592
cpu2->cpu2_L2C RFO          ACCESS:    1869941 HIT:     407694 MISS:    1462247 MSHR_MERGE:          2
cpu2->cpu2_L2C PREFETCH     ACCESS:    3693419 HIT:    3196664 MISS:     496755 MSHR_MERGE:     113080
cpu2->cpu2_L2C WRITE        ACCESS:    2009958 HIT:    1243668 MISS:     766290 MSHR_MERGE:          0
cpu2->cpu2_L2C TRANSLATION  ACCESS:      37292 HIT:        178 MISS:      37114 MSHR_MERGE:          0
cpu2->cpu2_L2C PREFETCH REQUESTED:    3930235 ISSUED:    3489163 USEFUL:      17434 USELESS:       3816
cpu2->cpu2_L2C AVERAGE MISS LATENCY: 170.9 cycles
cpu2_L2C FLUSH STALL CYCLES: 14593
cpu2->cpu2_L1I TOTAL        ACCESS:   72389295 HIT:   71958169 MISS:     431126 MSHR_MERGE:     251243
cpu2->cpu2_L1I LOAD         ACCESS:   37822348 HIT:   37606009 MISS:     216339 MSHR_MERGE:     105883
cpu2->cpu2_L1I RFO          ACCESS:          0 HIT:          0 MISS:          0 MSHR_MERGE:          0
cpu2->cpu2_L1I PREFETCH     ACCESS:   34566947 HIT:   34352160 MISS:     214787 MSHR_MERGE:     145360
cpu2->cpu2_L1I WRITE        ACCESS:          0 HIT:          0 MISS:          0 MSHR_MERGE:          0
cpu2->cpu2_L1I TRANSLATION  ACCESS:          0 HIT:          0 MISS:          0 MSHR_MERGE:          0
cpu2->cpu2_L1I PREFETCH REQUESTED:   37823211 ISSUED:   34566915 USEFUL:      47034 USELESS:      22385
cpu2->cpu2_L1I AVERAGE MISS LATENCY: 32.56 cycles
cpu2->cpu2_L1D TOTAL        ACCESS:   69513991 HIT:   60455202 MISS:    9058789 MSHR_MERGE:    6148901
cpu2->cpu2_L1D LOAD         ACCESS:   35811735 HIT:   34282682 MISS:    1529053 MSHR_MERGE:     661339
cpu2->cpu2_L1D RFO          ACCESS:          0 HIT:          0 MISS:          0 MSHR_MERGE:          0
cpu2->cpu2_L1D PREFETCH     ACCESS:    1970566 HIT:    1785524 MISS:     185042 MSHR_MERGE:      50152
cpu2->cpu2_L1D WRITE        ACCESS:   31672741 HIT:   24366160 MISS:    7306581 MSHR_MERGE:    5436589
cpu2->cpu2_L1D TRANSLATION  ACCESS:      58949 HIT:      20836 MISS:      38113 MSHR_MERGE:        821
cpu2->cpu2_L1D PREFETCH REQUESTED:    2019120 ISSUED:    1970561 USEFUL:     107579 USELESS:      17232
cpu2->cpu2_L1D AVERAGE MISS LATENCY: 156.2 cycles
cpu2_L1D FLUSH STALL CYCLES: 225
cpu2->cpu2_ITLB TOTAL        ACCESS:   56893053 HIT:   56884052 MISS:       9001 MSHR_MERGE:       5339
cpu2->cpu2_ITLB LOAD         ACCESS:   56893053 HIT:   56884052 MISS:       9001 MSHR_MERGE:       5339
cpu2->cpu2_ITLB RFO          ACCESS:          0 HIT:          0 MISS:          0 MSHR_MERGE:          0
cpu2->cpu2_ITLB PREFETCH     ACCESS:          0 HIT:          0 MISS:          0 MSHR_MERGE:          0
cpu2->cpu2_ITLB WRITE        ACCESS:          0 HIT:          0 MISS:          0 MSHR_MERGE:          0
cpu2->cpu2_ITLB TRANSLATION  ACCESS:          0 HIT:          0 MISS:          0 MSHR_MERGE:          0
cpu2->cpu2_ITLB PREFETCH REQUESTED:          0 ISSUED:          0 USEFUL:          0 USELESS:          0
cpu2->cpu2_ITLB AVERAGE MISS LATENCY: 126.6 cycles
cpu2->cpu2_DTLB TOTAL        ACCESS:   64363875 HIT:   63655422 MISS:     708453 MSHR_MERGE:     505300
cpu2->cpu2_DTLB LOAD         ACCESS:   64363875 HIT:   63655422 MISS:     708453 MSHR_MERGE:     505300
cpu2->cpu2_DTLB RFO          ACCESS:          0 HIT:          0 MISS:          0 MSHR_MERGE:          0
cpu2->cpu2_DTLB PREFETCH     ACCESS:          0 HIT:          0 MISS:          0 MSHR_MERGE:          0
cpu2->cpu2_DTLB WRITE        ACCESS:          0 HIT:          0 MISS:          0 MSHR_MERGE:          0
cpu2->cpu2_DTLB TRANSLATION  ACCESS:          0 HIT:          0 MISS:          0 MSHR_MERGE:          0
cpu2->cpu2_DTLB PREFETCH REQUESTED:          0 ISSUED:          0 USEFUL:          0 USELESS:          0
cpu2->cpu2_DTLB AVERAGE MISS LATENCY: 69.98 cycles
cpu1->cpu1_STLB TOTAL        ACCESS:     205918 HIT:     176679 MISS:      29239 MSHR_MERGE:          0
cpu1->cpu1_STLB LOAD         ACCESS:     205918 HIT:     176679 MISS:      29239 MSHR_MERGE:          0
cpu1->cpu1_STLB RFO          ACCESS:          0 HIT:          0 MISS:          0 MSHR_MERGE:          0
cpu1->cpu1_STLB PREFETCH     ACCESS:          0 HIT:          0 MISS:          0 MSHR_MERGE:          0
cpu1->cpu1_STLB WRITE        ACCESS:          0 HIT:          0 MISS:          0 MSHR_MERGE:          0
cpu1->cpu1_STLB TRANSLATION  ACCESS:          0 HIT:          0 MISS:          0 MSHR_MERGE:          0
cpu1->cpu1_STLB PREFETCH REQUESTED:          0 ISSUED:          0 USEFUL:          0 USELESS:          0
cpu1->cpu1_STLB AVERAGE MISS LATENCY: 465.2 cycles
cpu0->cpu1_L2C TOTAL        ACCESS:        232 HIT:        232 MISS:          0 MSHR_MERGE:          0
cpu0->cpu1_L2C LOAD         ACCESS:          0 HIT:          0 MISS:          0 MSHR_MERGE:          0
cpu0->cpu1_L2C RFO          ACCESS:          0 HIT:          0 MISS:          0 MSHR_MERGE:          0
cpu0->cpu1_L2C PREFETCH     ACCESS:          0 HIT:          0 MISS:          0 MSHR_MERGE:          0
cpu0->cpu1_L2C WRITE        ACCESS:        232 HIT:        232 MISS:          0 MSHR_MERGE:          0
cpu0->cpu1_L2C TRANSLATION  ACCESS:          0 HIT:          0 MISS:          0 MSHR_MERGE:          0
cpu0->cpu1_L2C PREFETCH REQUESTED:    3962914 ISSUED:    3529140 USEFUL:      17874 USELESS:       3413
cpu0->cpu1_L2C AVERAGE MISS LATENCY: - cycles
cpu1->cpu1_L2C TOTAL        ACCESS:    8623548 HIT:    5697481 MISS:    2926067 MSHR_MERGE:     132458
cpu1->cpu1_L2C LOAD         ACCESS:     975237 HIT:     815031 MISS:     160206 MSHR_MERGE:       7615
cpu1->cpu1_L2C RFO          ACCESS:    1868845 HIT:     414237 MISS:    1454608 MSHR_MERGE:         25
cpu1->cpu1_L2C PREFETCH     ACCESS:    3733530 HIT:    3220340 MISS:     513190 MSHR_MERGE:     124818
cpu1->cpu1_L2C WRITE        ACCESS:    2008653 HIT:    1247681 MISS:     760972 MSHR_MERGE:          0
cpu1->cpu1_L2C TRANSLATION  ACCESS:      37283 HIT:        192 MISS:      37091 MSHR_MERGE:          0
cpu1->cpu1_L2C PREFETCH REQUESTED:    3962914 ISSUED:    3529140 USEFUL:      17874 USELESS:       3413
cpu1->cpu1_L2C AVERAGE MISS LATENCY: 172.5 cycles
cpu1_L2C FLUSH STALL CYCLES: 14832
cpu1->cpu1_L1I TOTAL        ACCESS:   72085513 HIT:   71644959 MISS:     440554 MSHR_MERGE:     260735
cpu1->cpu1_L1I LOAD         ACCESS:   37647292 HIT:   37431550 MISS:     215742 MSHR_MERGE:     106458
cpu1->cpu1_L1I RFO          ACCESS:          0 HIT:          0 MISS:          0 MSHR_MERGE:          0
cpu1->cpu1_L1I PREFETCH     ACCESS:   34438221 HIT:   34213409 MISS:     224812 MSHR_MERGE:     154277
cpu1->cpu1_L1I WRITE        ACCESS:          0 HIT:          0 MISS:          0 MSHR_MERGE:          0
cpu1->cpu1_L1I TRANSLATION  ACCESS:          0 HIT:          0 MISS:          0 MSHR_MERGE:          0
cpu1->cpu1_L1I PREFETCH REQUESTED:   37648119 ISSUED:   34438189 USEFUL:      48126 USELESS:      22401
cpu1->cpu1_L1I AVERAGE MISS LATENCY: 35.33 cycles
cpu1->cpu1_L1D TOTAL        ACCESS:   69263666 HIT:   60226118 MISS:    9037548 MSHR_MERGE:    6131507
cpu1->cpu1_L1D LOAD         ACCESS:   35686205 HIT:   34163642 MISS:    1522563 MSHR_MERGE:     656603
cpu1->cpu1_L1D RFO          ACCESS:          0 HIT:          0 MISS:          0 MSHR_MERGE:          0
cpu1->cpu1_L1D PREFETCH     ACCESS:    1963514 HIT:    1781023 MISS:     182491 MSHR_MERGE:      48570
cpu1->cpu1_L1D WRITE        ACCESS:   31554989 HIT:   24260608 MISS:    7294381 MSHR_MERGE:    5425504
cpu1->cpu1_L1D TRANSLATION  ACCESS:      58958 HIT:      20845 MISS:      38113 MSHR_MERGE:        830
cpu1->cpu1_L1D PREFETCH REQUESTED:    2009198 ISSUED:    1963507 USEFUL:     107147 USELESS:      17121
cpu1->cpu1_L1D AVERAGE MISS LATENCY: 157.5 cycles
cpu1_L1D FLUSH STALL CYCLES: 168
cpu1->cpu1_ITLB TOTAL        ACCESS:   56687035 HIT:   56677876 MISS:       9159 MSHR_MERGE:       5497
cpu1->cpu1_ITLB LOAD         ACCESS:   56687035 HIT:   56677876 MISS:       9159 MSHR_MERGE:       5497
cpu1->cpu1_ITLB RFO          ACCESS:          0 HIT:          0 MISS:          0 MSHR_MERGE:          0
cpu1->cpu1_ITLB PREFETCH     ACCESS:          0 HIT:          0 MISS:          0 MSHR_MERGE:          0
cpu1->cpu1_ITLB WRITE        ACCESS:          0 HIT:          0 MISS:          0 MSHR_MERGE:          0
cpu1->cpu1_ITLB TRANSLATION  ACCESS:          0 HIT:          0 MISS:          0 MSHR_MERGE:          0
cpu1->cpu1_ITLB PREFETCH REQUESTED:          0 ISSUED:          0 USEFUL:          0 USELESS:          0
cpu1->cpu1_ITLB AVERAGE MISS LATENCY: 126.4 cycles
cpu1->cpu1_DTLB TOTAL        ACCESS:   64139505 HIT:   63432598 MISS:     706907 MSHR_MERGE:     504651
cpu1->cpu1_DTLB LOAD         ACCESS:   64139505 HIT:   63432598 MISS:     706907 MSHR_MERGE:     504651
cpu1->cpu1_DTLB RFO          ACCESS:          0 HIT:          0 MISS:          0 MSHR_MERGE:          0
cpu1->cpu1_DTLB PREFETCH     ACCESS:          0 HIT:          0 MISS:          0 MSHR_MERGE:          0
cpu1->cpu1_DTLB WRITE        ACCESS:          0 HIT:          0 MISS:          0 MSHR_MERGE:          0
cpu1->cpu1_DTLB TRANSLATION  ACCESS:          0 HIT:          0 MISS:          0 MSHR_MERGE:          0
cpu1->cpu1_DTLB PREFETCH REQUESTED:          0 ISSUED:          0 USEFUL:          0 USELESS:          0
cpu1->cpu1_DTLB AVERAGE MISS LATENCY: 70.2 cycles
cpu15->cpu15_STLB TOTAL        ACCESS:         29 HIT:          1 MISS:         28 MSHR_MERGE:          0
cpu15->cpu15_STLB LOAD         ACCESS:         29 HIT:          1 MISS:         28 MSHR_MERGE:          0
cpu15->cpu15_STLB RFO          ACCESS:          0 HIT:          0 MISS:          0 MSHR_MERGE:          0
cpu15->cpu15_STLB PREFETCH     ACCESS:          0 HIT:          0 MISS:          0 MSHR_MERGE:          0
cpu15->cpu15_STLB WRITE        ACCESS:          0 HIT:          0 MISS:          0 MSHR_MERGE:          0
cpu15->cpu15_STLB TRANSLATION  ACCESS:          0 HIT:          0 MISS:          0 MSHR_MERGE:          0
cpu15->cpu15_STLB PREFETCH REQUESTED:          0 ISSUED:          0 USEFUL:          0 USELESS:          0
cpu15->cpu15_STLB AVERAGE MISS LATENCY: 788.1 cycles
cpu0->cpu15_L2C TOTAL        ACCESS:        316 HIT:        316 MISS:          0 MSHR_MERGE:          0
cpu0->cpu15_L2C LOAD         ACCESS:          0 HIT:          0 MISS:          0 MSHR_MERGE:          0
cpu0->cpu15_L2C RFO          ACCESS:          0 HIT:          0 MISS:          0 MSHR_MERGE:          0
cpu0->cpu15_L2C PREFETCH     ACCESS:          0 HIT:          0 MISS:          0 MSHR_MERGE:          0
cpu0->cpu15_L2C WRITE        ACCESS:        316 HIT:        316 MISS:          0 MSHR_MERGE:          0
cpu0->cpu15_L2C TRANSLATION  ACCESS:          0 HIT:          0 MISS:          0 MSHR_MERGE:          0
cpu0->cpu15_L2C PREFETCH REQUESTED:     427269 ISSUED:     415892 USEFUL:         42 USELESS:          0
cpu0->cpu15_L2C AVERAGE MISS LATENCY: - cycles
cpu15->cpu15_L2C TOTAL        ACCESS:     517081 HIT:     489131 MISS:      27950 MSHR_MERGE:        279
cpu15->cpu15_L2C LOAD         ACCESS:      64622 HIT:      64435 MISS:        187 MSHR_MERGE:          4
cpu15->cpu15_L2C RFO          ACCESS:         42 HIT:          8 MISS:         34 MSHR_MERGE:          0
cpu15->cpu15_L2C PREFETCH     ACCESS:     452359 HIT:     424678 MISS:      27681 MSHR_MERGE:        275
cpu15->cpu15_L2C WRITE        ACCESS:         10 HIT:         10 MISS:          0 MSHR_MERGE:          0
cpu15->cpu15_L2C TRANSLATION  ACCESS:         48 HIT:          0 MISS:         48 MSHR_MERGE:          0
cpu15->cpu15_L2C PREFETCH REQUESTED:     427269 ISSUED:     415892 USEFUL:         42 USELESS:          0
cpu15->cpu15_L2C AVERAGE MISS LATENCY: 152 cycles
cpu15_L2C FLUSH STALL CYCLES: 61
cpu15->cpu15_L1I TOTAL        ACCESS:  118839423 HIT:  118495622 MISS:     343801 MSHR_MERGE:     242787
cpu15->cpu15_L1I LOAD         ACCESS:   60827221 HIT:   60665229 MISS:     161992 MSHR_MERGE:      97421
cpu15->cpu15_L1I RFO          ACCESS:          0 HIT:          0 MISS:          0 MSHR_MERGE:          0
cpu15->cpu15_L1I PREFETCH     ACCESS:   58012202 HIT:   57830393 MISS:     181809 MSHR_MERGE:     145366
cpu15->cpu15_L1I WRITE        ACCESS:          0 HIT:          0 MISS:          0 MSHR_MERGE:          0
cpu15->cpu15_L1I TRANSLATION  ACCESS:          0 HIT:          0 MISS:          0 MSHR_MERGE:          0
cpu15->cpu15_L1I PREFETCH REQUESTED:   60827221 ISSUED:   58012172 USEFUL:      32188 USELESS:       4262
cpu15->cpu15_L1I AVERAGE MISS LATENCY: 8.861 cycles
cpu15->cpu15_L1D TOTAL        ACCESS:  145099341 HIT:  145098947 MISS:        394 MSHR_MERGE:        228
cpu15->cpu15_L1D LOAD         ACCESS:   63130387 HIT:   63130297 MISS:         90 MSHR_MERGE:         39
cpu15->cpu15_L1D RFO          ACCESS:          0 HIT:          0 MISS:          0 MSHR_MERGE:          0
cpu15->cpu15_L1D PREFETCH     ACCESS:   10264526 HIT:   10264492 MISS:         34 MSHR_MERGE:         10
cpu15->cpu15_L1D WRITE        ACCESS:   71704372 HIT:   71704150 MISS:        222 MSHR_MERGE:        179
cpu15->cpu15_L1D TRANSLATION  ACCESS:         56 HIT:          8 MISS:         48 MSHR_MERGE:          0
cpu15->cpu15_L1D PREFETCH REQUESTED:   11619418 ISSUED:   10264515 USEFUL:          9 USELESS:          0
cpu15->cpu15_L1D AVERAGE MISS LATENCY: 194.5 cycles
cpu15_L1D FLUSH STALL CYCLES: 252
cpu15->cpu15_ITLB TOTAL        ACCESS:   82026876 HIT:   82026841 MISS:         35 MSHR_MERGE:         15
cpu15->cpu15_ITLB LOAD         ACCESS:   82026876 HIT:   82026841 MISS:         35 MSHR_MERGE:         15
cpu15->cpu15_ITLB RFO          ACCESS:          0 HIT:          0 MISS:          0 MSHR_MERGE:          0
cpu15->cpu15_ITLB PREFETCH     ACCESS:          0 HIT:          0 MISS:          0 MSHR_MERGE:          0
cpu15->cpu15_ITLB WRITE        ACCESS:          0 HIT:          0 MISS:          0 MSHR_MERGE:          0
cpu15->cpu15_ITLB TRANSLATION  ACCESS:          0 HIT:          0 MISS:          0 MSHR_MERGE:          0
cpu15->cpu15_ITLB PREFETCH REQUESTED:          0 ISSUED:          0 USEFUL:          0 USELESS:          0
cpu15->cpu15_ITLB AVERAGE MISS LATENCY: 775.2 cycles
cpu15->cpu15_DTLB TOTAL        ACCESS:  116295384 HIT:  116295372 MISS:         12 MSHR_MERGE:          3
cpu15->cpu15_DTLB LOAD         ACCESS:  116295384 HIT:  116295372 MISS:         12 MSHR_MERGE:          3
cpu15->cpu15_DTLB RFO          ACCESS:          0 HIT:          0 MISS:          0 MSHR_MERGE:          0
cpu15->cpu15_DTLB PREFETCH     ACCESS:          0 HIT:          0 MISS:          0 MSHR_MERGE:          0
cpu15->cpu15_DTLB WRITE        ACCESS:          0 HIT:          0 MISS:          0 MSHR_MERGE:          0
cpu15->cpu15_DTLB TRANSLATION  ACCESS:          0 HIT:          0 MISS:          0 MSHR_MERGE:          0
cpu15->cpu15_DTLB PREFETCH REQUESTED:          0 ISSUED:          0 USEFUL:          0 USELESS:          0
cpu15->cpu15_DTLB AVERAGE MISS LATENCY: 748.6 cycles
cpu14->cpu14_STLB TOTAL        ACCESS:     110066 HIT:     109000 MISS:       1066 MSHR_MERGE:          0
cpu14->cpu14_STLB LOAD         ACCESS:     110066 HIT:     109000 MISS:       1066 MSHR_MERGE:          0
cpu14->cpu14_STLB RFO          ACCESS:          0 HIT:          0 MISS:          0 MSHR_MERGE:          0
cpu14->cpu14_STLB PREFETCH     ACCESS:          0 HIT:          0 MISS:          0 MSHR_MERGE:          0
cpu14->cpu14_STLB WRITE        ACCESS:          0 HIT:          0 MISS:          0 MSHR_MERGE:          0
cpu14->cpu14_STLB TRANSLATION  ACCESS:          0 HIT:          0 MISS:          0 MSHR_MERGE:          0
cpu14->cpu14_STLB PREFETCH REQUESTED:          0 ISSUED:          0 USEFUL:          0 USELESS:          0
cpu14->cpu14_STLB AVERAGE MISS LATENCY: 732.6 cycles
cpu0->cpu14_L2C TOTAL        ACCESS:        196 HIT:        195 MISS:          1 MSHR_MERGE:          0
cpu0->cpu14_L2C LOAD         ACCESS:          0 HIT:          0 MISS:          0 MSHR_MERGE:          0
cpu0->cpu14_L2C RFO          ACCESS:          0 HIT:          0 MISS:          0 MSHR_MERGE:          0
cpu0->cpu14_L2C PREFETCH     ACCESS:          0 HIT:          0 MISS:          0 MSHR_MERGE:          0
cpu0->cpu14_L2C WRITE        ACCESS:        196 HIT:        195 MISS:          1 MSHR_MERGE:          0
cpu0->cpu14_L2C TRANSLATION  ACCESS:          0 HIT:          0 MISS:          0 MSHR_MERGE:          0
cpu0->cpu14_L2C PREFETCH REQUESTED:     717040 ISSUED:     716426 USEFUL:      14525 USELESS:        388
cpu0->cpu14_L2C AVERAGE MISS LATENCY: 8.978e+06 cycles
cpu14->cpu14_L2C TOTAL        ACCESS:    1566785 HIT:    1243635 MISS:     323150 MSHR_MERGE:      16736
cpu14->cpu14_L2C LOAD         ACCESS:     479225 HIT:     457314 MISS:      21911 MSHR_MERGE:        538
cpu14->cpu14_L2C RFO          ACCESS:      83399 HIT:      51025 MISS:      32374 MSHR_MERGE:         17
cpu14->cpu14_L2C PREFETCH     ACCESS:     859966 HIT:     603410 MISS:     256556 MSHR_MERGE:      16181
cpu14->cpu14_L2C WRITE        ACCESS:     142585 HIT:     131875 MISS:      10710 MSHR_MERGE:          0
cpu14->cpu14_L2C TRANSLATION  ACCESS:       1610 HIT:         11 MISS:       1599 MSHR_MERGE:          0
cpu14->cpu14_L2C PREFETCH REQUESTED:     717040 ISSUED:     716426 USEFUL:      14525 USELESS:        388
cpu14->cpu14_L2C AVERAGE MISS LATENCY: 134.8 cycles
cpu14_L2C FLUSH STALL CYCLES: 11727
cpu14->cpu14_L1I TOTAL        ACCESS:   69803957 HIT:   69731662 MISS:      72295 MSHR_MERGE:      39284
cpu14->cpu14_L1I LOAD         ACCESS:   35133138 HIT:   35097812 MISS:      35326 MSHR_MERGE:      17246
cpu14->cpu14_L1I RFO          ACCESS:          0 HIT:          0 MISS:          0 MSHR_MERGE:          0
cpu14->cpu14_L1I PREFETCH     ACCESS:   34670819 HIT:   34633850 MISS:      36969 MSHR_MERGE:      22038
cpu14->cpu14_L1I WRITE        ACCESS:          0 HIT:          0 MISS:          0 MSHR_MERGE:          0
cpu14->cpu14_L1I TRANSLATION  ACCESS:          0 HIT:          0 MISS:          0 MSHR_MERGE:          0
cpu14->cpu14_L1I PREFETCH REQUESTED:   35133138 ISSUED:   34670787 USEFUL:       8563 USELESS:       6354
cpu14->cpu14_L1I AVERAGE MISS LATENCY: 17.02 cycles
cpu14->cpu14_L1D TOTAL        ACCESS:   81749647 HIT:   80654972 MISS:    1094675 MSHR_MERGE:     419895
cpu14->cpu14_L1D LOAD         ACCESS:   47768077 HIT:   47254285 MISS:     513792 MSHR_MERGE:      52645
cpu14->cpu14_L1D RFO          ACCESS:          0 HIT:          0 MISS:          0 MSHR_MERGE:          0
cpu14->cpu14_L1D PREFETCH     ACCESS:    3000572 HIT:    2799828 MISS:     200744 MSHR_MERGE:      72121
cpu14->cpu14_L1D WRITE        ACCESS:   30978864 HIT:   30600339 MISS:     378525 MSHR_MERGE:     295125
cpu14->cpu14_L1D TRANSLATION  ACCESS:       2134 HIT:        520 MISS:       1614 MSHR_MERGE:          4
cpu14->cpu14_L1D PREFETCH REQUESTED:    3007363 ISSUED:    3000566 USEFUL:      98189 USELESS:      29249
cpu14->cpu14_L1D AVERAGE MISS LATENCY: 25.81 cycles
cpu14_L1D FLUSH STALL CYCLES: 132
cpu14->cpu14_ITLB TOTAL        ACCESS:   55173479 HIT:   55173398 MISS:         81 MSHR_MERGE:         33
cpu14->cpu14_ITLB LOAD         ACCESS:   55173479 HIT:   55173398 MISS:         81 MSHR_MERGE:         33
cpu14->cpu14_ITLB RFO          ACCESS:          0 HIT:          0 MISS:          0 MSHR_MERGE:          0
cpu14->cpu14_ITLB PREFETCH     ACCESS:          0 HIT:          0 MISS:          0 MSHR_MERGE:          0
cpu14->cpu14_ITLB WRITE        ACCESS:          0 HIT:          0 MISS:          0 MSHR_MERGE:          0
cpu14->cpu14_ITLB TRANSLATION  ACCESS:          0 HIT:          0 MISS:          0 MSHR_MERGE:          0
cpu14->cpu14_ITLB PREFETCH REQUESTED:          0 ISSUED:          0 USEFUL:          0 USELESS:          0
cpu14->cpu14_ITLB AVERAGE MISS LATENCY: 657.5 cycles
cpu14->cpu14_DTLB TOTAL        ACCESS:   73636940 HIT:   73507781 MISS:     129159 MSHR_MERGE:      19141
cpu14->cpu14_DTLB LOAD         ACCESS:   73636940 HIT:   73507781 MISS:     129159 MSHR_MERGE:      19141
cpu14->cpu14_DTLB RFO          ACCESS:          0 HIT:          0 MISS:          0 MSHR_MERGE:          0
cpu14->cpu14_DTLB PREFETCH     ACCESS:          0 HIT:          0 MISS:          0 MSHR_MERGE:          0
cpu14->cpu14_DTLB WRITE        ACCESS:          0 HIT:          0 MISS:          0 MSHR_MERGE:          0
cpu14->cpu14_DTLB TRANSLATION  ACCESS:          0 HIT:          0 MISS:          0 MSHR_MERGE:          0
cpu14->cpu14_DTLB PREFETCH REQUESTED:          0 ISSUED:          0 USEFUL:          0 USELESS:          0
cpu14->cpu14_DTLB AVERAGE MISS LATENCY: 11.82 cycles
cpu13->cpu13_STLB TOTAL        ACCESS:     120754 HIT:     117747 MISS:       3007 MSHR_MERGE:          0
cpu13->cpu13_STLB LOAD         ACCESS:     120754 HIT:     117747 MISS:       3007 MSHR_MERGE:          0
cpu13->cpu13_STLB RFO          ACCESS:          0 HIT:          0 MISS:          0 MSHR_MERGE:          0
cpu13->cpu13_STLB PREFETCH     ACCESS:          0 HIT:          0 MISS:          0 MSHR_MERGE:          0
cpu13->cpu13_STLB WRITE        ACCESS:          0 HIT:          0 MISS:          0 MSHR_MERGE:          0
cpu13->cpu13_STLB TRANSLATION  ACCESS:          0 HIT:          0 MISS:          0 MSHR_MERGE:          0
cpu13->cpu13_STLB PREFETCH REQUESTED:          0 ISSUED:          0 USEFUL:          0 USELESS:          0
cpu13->cpu13_STLB AVERAGE MISS LATENCY: 784.5 cycles
cpu0->cpu13_L2C TOTAL        ACCESS:        227 HIT:        221 MISS:          6 MSHR_MERGE:          0
cpu0->cpu13_L2C LOAD         ACCESS:          0 HIT:          0 MISS:          0 MSHR_MERGE:          0
cpu0->cpu13_L2C RFO          ACCESS:          0 HIT:          0 MISS:          0 MSHR_MERGE:          0
cpu0->cpu13_L2C PREFETCH     ACCESS:          0 HIT:          0 MISS:          0 MSHR_MERGE:          0
cpu0->cpu13_L2C WRITE        ACCESS:        227 HIT:        221 MISS:          6 MSHR_MERGE:          0
cpu0->cpu13_L2C TRANSLATION  ACCESS:          0 HIT:          0 MISS:          0 MSHR_MERGE:          0
cpu0->cpu13_L2C PREFETCH REQUESTED:   19557408 ISSUED:   19442975 USEFUL:      68863 USELESS:        948
cpu0->cpu13_L2C AVERAGE MISS LATENCY: 9.321e+05 cycles
cpu13->cpu13_L2C TOTAL        ACCESS:   23462208 HIT:   21597515 MISS:    1864693 MSHR_MERGE:      13237
cpu13->cpu13_L2C LOAD         ACCESS:    1601912 HIT:    1512832 MISS:      89080 MSHR_MERGE:          7
cpu13->cpu13_L2C RFO          ACCESS:       4490 HIT:       4490 MISS:          0 MSHR_MERGE:          0
cpu13->cpu13_L2C PREFETCH     ACCESS:   20908738 HIT:   19138392 MISS:    1770346 MSHR_MERGE:      13230
cpu13->cpu13_L2C WRITE        ACCESS:     941265 HIT:     940654 MISS:        611 MSHR_MERGE:          0
cpu13->cpu13_L2C TRANSLATION  ACCESS:       5803 HIT:       1147 MISS:       4656 MSHR_MERGE:          0
cpu13->cpu13_L2C PREFETCH REQUESTED:   19557408 ISSUED:   19442975 USEFUL:      68863 USELESS:        948
cpu13->cpu13_L2C AVERAGE MISS LATENCY: 59.27 cycles
cpu13_L2C FLUSH STALL CYCLES: 1829
cpu13->cpu13_L1I TOTAL        ACCESS:   74085905 HIT:   74085904 MISS:          1 MSHR_MERGE:          0
cpu13->cpu13_L1I LOAD         ACCESS:   37043252 HIT:   37043252 MISS:          0 MSHR_MERGE:          0
cpu13->cpu13_L1I RFO          ACCESS:          0 HIT:          0 MISS:          0 MSHR_MERGE:          0
cpu13->cpu13_L1I PREFETCH     ACCESS:   37042653 HIT:   37042652 MISS:          1 MSHR_MERGE:          0
cpu13->cpu13_L1I WRITE        ACCESS:          0 HIT:          0 MISS:          0 MSHR_MERGE:          0
cpu13->cpu13_L1I TRANSLATION  ACCESS:          0 HIT:          0 MISS:          0 MSHR_MERGE:          0
cpu13->cpu13_L1I PREFETCH REQUESTED:   37043252 ISSUED:   37042653 USEFUL:          0 USELESS:          0
cpu13->cpu13_L1I AVERAGE MISS LATENCY: - cycles
cpu13->cpu13_L1D TOTAL        ACCESS:   93567711 HIT:   89933861 MISS:    3633850 MSHR_MERGE:     555879
cpu13->cpu13_L1D LOAD         ACCESS:   69383502 HIT:   67289351 MISS:    2094151 MSHR_MERGE:     492240
cpu13->cpu13_L1D RFO          ACCESS:          0 HIT:          0 MISS:          0 MSHR_MERGE:          0
cpu13->cpu13_L1D PREFETCH     ACCESS:    3028898 HIT:    1499723 MISS:    1529175 MSHR_MERGE:      63413
cpu13->cpu13_L1D WRITE        ACCESS:   21149199 HIT:   21144478 MISS:       4721 MSHR_MERGE:        226
cpu13->cpu13_L1D TRANSLATION  ACCESS:       6112 HIT:        309 MISS:       5803 MSHR_MERGE:          0
cpu13->cpu13_L1D PREFETCH REQUESTED:    3028884 ISSUED:    3028882 USEFUL:    1288056 USELESS:     177678
cpu13->cpu13_L1D AVERAGE MISS LATENCY: 13.53 cycles
cpu13_L1D FLUSH STALL CYCLES: 163
cpu13->cpu13_ITLB TOTAL        ACCESS:   58507461 HIT:   58507460 MISS:          1 MSHR_MERGE:          0
cpu13->cpu13_ITLB LOAD         ACCESS:   58507461 HIT:   58507460 MISS:          1 MSHR_MERGE:          0
cpu13->cpu13_ITLB RFO          ACCESS:          0 HIT:          0 MISS:          0 MSHR_MERGE:          0
cpu13->cpu13_ITLB PREFETCH     ACCESS:          0 HIT:          0 MISS:          0 MSHR_MERGE:          0
cpu13->cpu13_ITLB WRITE        ACCESS:          0 HIT:          0 MISS:          0 MSHR_MERGE:          0
cpu13->cpu13_ITLB TRANSLATION  ACCESS:          0 HIT:          0 MISS:          0 MSHR_MERGE:          0
cpu13->cpu13_ITLB PREFETCH REQUESTED:          0 ISSUED:          0 USEFUL:          0 USELESS:          0
cpu13->cpu13_ITLB AVERAGE MISS LATENCY: 937 cycles
cpu13->cpu13_DTLB TOTAL        ACCESS:   86784137 HIT:   86596629 MISS:     187508 MSHR_MERGE:      66755
cpu13->cpu13_DTLB LOAD         ACCESS:   86784137 HIT:   86596629 MISS:     187508 MSHR_MERGE:      66755
cpu13->cpu13_DTLB RFO          ACCESS:          0 HIT:          0 MISS:          0 MSHR_MERGE:          0
cpu13->cpu13_DTLB PREFETCH     ACCESS:          0 HIT:          0 MISS:          0 MSHR_MERGE:          0
cpu13->cpu13_DTLB WRITE        ACCESS:          0 HIT:          0 MISS:          0 MSHR_MERGE:          0
cpu13->cpu13_DTLB TRANSLATION  ACCESS:          0 HIT:          0 MISS:          0 MSHR_MERGE:          0
cpu13->cpu13_DTLB PREFETCH REQUESTED:          0 ISSUED:          0 USEFUL:          0 USELESS:          0
cpu13->cpu13_DTLB AVERAGE MISS LATENCY: 24.55 cycles
cpu12->cpu12_STLB TOTAL        ACCESS:       2679 HIT:          0 MISS:       2679 MSHR_MERGE:          0
cpu12->cpu12_STLB LOAD         ACCESS:       2679 HIT:          0 MISS:       2679 MSHR_MERGE:          0
cpu12->cpu12_STLB RFO          ACCESS:          0 HIT:          0 MISS:          0 MSHR_MERGE:          0
cpu12->cpu12_STLB PREFETCH     ACCESS:          0 HIT:          0 MISS:          0 MSHR_MERGE:          0
cpu12->cpu12_STLB WRITE        ACCESS:          0 HIT:          0 MISS:          0 MSHR_MERGE:          0
cpu12->cpu12_STLB TRANSLATION  ACCESS:          0 HIT:          0 MISS:          0 MSHR_MERGE:          0
cpu12->cpu12_STLB PREFETCH REQUESTED:          0 ISSUED:          0 USEFUL:          0 USELESS:          0
cpu12->cpu12_STLB AVERAGE MISS LATENCY: 680.4 cycles
cpu0->cpu12_L2C TOTAL        ACCESS:         15 HIT:          0 MISS:         15 MSHR_MERGE:          0
cpu0->cpu12_L2C LOAD         ACCESS:          0 HIT:          0 MISS:          0 MSHR_MERGE:          0
cpu0->cpu12_L2C RFO          ACCESS:          0 HIT:          0 MISS:          0 MSHR_MERGE:          0
cpu0->cpu12_L2C PREFETCH     ACCESS:          0 HIT:          0 MISS:          0 MSHR_MERGE:          0
cpu0->cpu12_L2C WRITE        ACCESS:         15 HIT:          0 MISS:         15 MSHR_MERGE:          0
cpu0->cpu12_L2C TRANSLATION  ACCESS:          0 HIT:          0 MISS:          0 MSHR_MERGE:          0
cpu0->cpu12_L2C PREFETCH REQUESTED:    3409028 ISSUED:    2870793 USEFUL:      66190 USELESS:         13
cpu0->cpu12_L2C AVERAGE MISS LATENCY: 9.098e+04 cycles
cpu12->cpu12_L2C TOTAL        ACCESS:    3045336 HIT:      66223 MISS:    2979113 MSHR_MERGE:      89778
cpu12->cpu12_L2C LOAD         ACCESS:       9474 HIT:       5333 MISS:       4141 MSHR_MERGE:          6
cpu12->cpu12_L2C RFO          ACCESS:          0 HIT:          0 MISS:          0 MSHR_MERGE:          0
cpu12->cpu12_L2C PREFETCH     ACCESS:    3032843 HIT:      60890 MISS:    2971953 MSHR_MERGE:      89772
cpu12->cpu12_L2C WRITE        ACCESS:          0 HIT:          0 MISS:          0 MSHR_MERGE:          0
cpu12->cpu12_L2C TRANSLATION  ACCESS:       3019 HIT:          0 MISS:       3019 MSHR_MERGE:          0
cpu12->cpu12_L2C PREFETCH REQUESTED:    3409028 ISSUED:    2870793 USEFUL:      66190 USELESS:         13
cpu12->cpu12_L2C AVERAGE MISS LATENCY: 190.6 cycles
cpu12->cpu12_L1I TOTAL        ACCESS:  143729871 HIT:  143729870 MISS:          1 MSHR_MERGE:          0
cpu12->cpu12_L1I LOAD         ACCESS:   73117796 HIT:   73117796 MISS:          0 MSHR_MERGE:          0
cpu12->cpu12_L1I RFO          ACCESS:          0 HIT:          0 MISS:          0 MSHR_MERGE:          0
cpu12->cpu12_L1I PREFETCH     ACCESS:   70612075 HIT:   70612074 MISS:          1 MSHR_MERGE:          0
cpu12->cpu12_L1I WRITE        ACCESS:          0 HIT:          0 MISS:          0 MSHR_MERGE:          0
cpu12->cpu12_L1I TRANSLATION  ACCESS:          0 HIT:          0 MISS:          0 MSHR_MERGE:          0
cpu12->cpu12_L1I PREFETCH REQUESTED:   73117796 ISSUED:   70612075 USEFUL:          0 USELESS:          0
cpu12->cpu12_L1I AVERAGE MISS LATENCY: - cycles
cpu12->cpu12_L1D TOTAL        ACCESS:   63076285 HIT:   62738163 MISS:     338122 MSHR_MERGE:     163580
cpu12->cpu12_L1D LOAD         ACCESS:   25108729 HIT:   25009987 MISS:      98742 MSHR_MERGE:      89268
cpu12->cpu12_L1D RFO          ACCESS:          0 HIT:          0 MISS:          0 MSHR_MERGE:          0
cpu12->cpu12_L1D PREFETCH     ACCESS:   29389193 HIT:   29152832 MISS:     236361 MSHR_MERGE:      74312
cpu12->cpu12_L1D WRITE        ACCESS:    8573000 HIT:    8573000 MISS:          0 MSHR_MERGE:          0
cpu12->cpu12_L1D TRANSLATION  ACCESS:       5363 HIT:       2344 MISS:       3019 MSHR_MERGE:          0
cpu12->cpu12_L1D PREFETCH REQUESTED:   29389192 ISSUED:   29389192 USEFUL:     161986 USELESS:         54
cpu12->cpu12_L1D AVERAGE MISS LATENCY: 119.8 cycles
cpu12->cpu12_ITLB TOTAL        ACCESS:  110764054 HIT:  110764054 MISS:          0 MSHR_MERGE:          0
cpu12->cpu12_ITLB LOAD         ACCESS:  110764054 HIT:  110764054 MISS:          0 MSHR_MERGE:          0
cpu12->cpu12_ITLB RFO          ACCESS:          0 HIT:          0 MISS:          0 MSHR_MERGE:          0
cpu12->cpu12_ITLB PREFETCH     ACCESS:          0 HIT:          0 MISS:          0 MSHR_MERGE:          0
cpu12->cpu12_ITLB WRITE        ACCESS:          0 HIT:          0 MISS:          0 MSHR_MERGE:          0
cpu12->cpu12_ITLB TRANSLATION  ACCESS:          0 HIT:          0 MISS:          0 MSHR_MERGE:          0
cpu12->cpu12_ITLB PREFETCH REQUESTED:          0 ISSUED:          0 USEFUL:          0 USELESS:          0
cpu12->cpu12_ITLB AVERAGE MISS LATENCY: - cycles
cpu12->cpu12_DTLB TOTAL        ACCESS:   30438898 HIT:   30406750 MISS:      32148 MSHR_MERGE:      29469
cpu12->cpu12_DTLB LOAD         ACCESS:   30438898 HIT:   30406750 MISS:      32148 MSHR_MERGE:      29469
cpu12->cpu12_DTLB RFO          ACCESS:          0 HIT:          0 MISS:          0 MSHR_MERGE:          0
cpu12->cpu12_DTLB PREFETCH     ACCESS:          0 HIT:          0 MISS:          0 MSHR_MERGE:          0
cpu12->cpu12_DTLB WRITE        ACCESS:          0 HIT:          0 MISS:          0 MSHR_MERGE:          0
cpu12->cpu12_DTLB TRANSLATION  ACCESS:          0 HIT:          0 MISS:          0 MSHR_MERGE:          0
cpu12->cpu12_DTLB PREFETCH REQUESTED:          0 ISSUED:          0 USEFUL:          0 USELESS:          0
cpu12->cpu12_DTLB AVERAGE MISS LATENCY: 686.4 cycles
cpu11->cpu11_STLB TOTAL        ACCESS:     191476 HIT:     173130 MISS:      18346 MSHR_MERGE:          0
cpu11->cpu11_STLB LOAD         ACCESS:     191476 HIT:     173130 MISS:      18346 MSHR_MERGE:          0
cpu11->cpu11_STLB RFO          ACCESS:          0 HIT:          0 MISS:          0 MSHR_MERGE:          0
cpu11->cpu11_STLB PREFETCH     ACCESS:          0 HIT:          0 MISS:          0 MSHR_MERGE:          0
cpu11->cpu11_STLB WRITE        ACCESS:          0 HIT:          0 MISS:          0 MSHR_MERGE:          0
cpu11->cpu11_STLB TRANSLATION  ACCESS:          0 HIT:          0 MISS:          0 MSHR_MERGE:          0
cpu11->cpu11_STLB PREFETCH REQUESTED:          0 ISSUED:          0 USEFUL:          0 USELESS:          0
cpu11->cpu11_STLB AVERAGE MISS LATENCY: 633.4 cycles
cpu0->cpu11_L2C TOTAL        ACCESS:        440 HIT:        440 MISS:          0 MSHR_MERGE:          0
cpu0->cpu11_L2C LOAD         ACCESS:          0 HIT:          0 MISS:          0 MSHR_MERGE:          0
cpu0->cpu11_L2C RFO          ACCESS:          0 HIT:          0 MISS:          0 MSHR_MERGE:          0
cpu0->cpu11_L2C PREFETCH     ACCESS:          0 HIT:          0 MISS:          0 MSHR_MERGE:          0
cpu0->cpu11_L2C WRITE        ACCESS:        440 HIT:        440 MISS:          0 MSHR_MERGE:          0
cpu0->cpu11_L2C TRANSLATION  ACCESS:          0 HIT:          0 MISS:          0 MSHR_MERGE:          0
cpu0->cpu11_L2C PREFETCH REQUESTED:   29964714 ISSUED:   27069851 USEFUL:     363180 USELESS:      20186
cpu0->cpu11_L2C AVERAGE MISS LATENCY: - cycles
cpu11->cpu11_L2C TOTAL        ACCESS:   35668974 HIT:   23795501 MISS:   11873473 MSHR_MERGE:     771230
cpu11->cpu11_L2C LOAD         ACCESS:    3497549 HIT:    2713522 MISS:     784027 MSHR_MERGE:     138938
cpu11->cpu11_L2C RFO          ACCESS:    1895444 HIT:    1387957 MISS:     507487 MSHR_MERGE:          0
cpu11->cpu11_L2C PREFETCH     ACCESS:   27684338 HIT:   17329969 MISS:   10354369 MSHR_MERGE:     632292
cpu11->cpu11_L2C WRITE        ACCESS:    2557776 HIT:    2361636 MISS:     196140 MSHR_MERGE:          0
cpu11->cpu11_L2C TRANSLATION  ACCESS:      33867 HIT:       2417 MISS:      31450 MSHR_MERGE:          0
cpu11->cpu11_L2C PREFETCH REQUESTED:   29964714 ISSUED:   27069851 USEFUL:     363180 USELESS:      20186
cpu11->cpu11_L2C AVERAGE MISS LATENCY: 99.58 cycles
cpu11_L2C FLUSH STALL CYCLES: 9066
cpu11->cpu11_L1I TOTAL        ACCESS:   55522468 HIT:   54790501 MISS:     731967 MSHR_MERGE:     498156
cpu11->cpu11_L1I LOAD         ACCESS:   28702828 HIT:   28380320 MISS:     322508 MSHR_MERGE:     183294
cpu11->cpu11_L1I RFO          ACCESS:          0 HIT:          0 MISS:          0 MSHR_MERGE:          0
cpu11->cpu11_L1I PREFETCH     ACCESS:   26819640 HIT:   26410181 MISS:     409459 MSHR_MERGE:     314862
cpu11->cpu11_L1I WRITE        ACCESS:          0 HIT:          0 MISS:          0 MSHR_MERGE:          0
cpu11->cpu11_L1I TRANSLATION  ACCESS:          0 HIT:          0 MISS:          0 MSHR_MERGE:          0
cpu11->cpu11_L1I PREFETCH REQUESTED:   28707200 ISSUED:   26819608 USEFUL:      68157 USELESS:      26368
cpu11->cpu11_L1I AVERAGE MISS LATENCY: 30.15 cycles
cpu11->cpu11_L1D TOTAL        ACCESS:   84941296 HIT:   70307983 MISS:   14633313 MSHR_MERGE:    8825327
cpu11->cpu11_L1D LOAD         ACCESS:   56776629 HIT:   50044555 MISS:    6732074 MSHR_MERGE:    3373697
cpu11->cpu11_L1D RFO          ACCESS:          0 HIT:          0 MISS:          0 MSHR_MERGE:          0
cpu11->cpu11_L1D PREFETCH     ACCESS:    2530322 HIT:    1851880 MISS:     678442 MSHR_MERGE:     158200
cpu11->cpu11_L1D WRITE        ACCESS:   25594471 HIT:   18406268 MISS:    7188203 MSHR_MERGE:    5292703
cpu11->cpu11_L1D TRANSLATION  ACCESS:      39874 HIT:       5280 MISS:      34594 MSHR_MERGE:        727
cpu11->cpu11_L1D PREFETCH REQUESTED:    3231629 ISSUED:    2530309 USEFUL:     392097 USELESS:      44560
cpu11->cpu11_L1D AVERAGE MISS LATENCY: 38.05 cycles
cpu11_L1D FLUSH STALL CYCLES: 376
cpu11->cpu11_ITLB TOTAL        ACCESS:   39603872 HIT:   39582044 MISS:      21828 MSHR_MERGE:      13234
cpu11->cpu11_ITLB LOAD         ACCESS:   39603872 HIT:   39582044 MISS:      21828 MSHR_MERGE:      13234
cpu11->cpu11_ITLB RFO          ACCESS:          0 HIT:          0 MISS:          0 MSHR_MERGE:          0
cpu11->cpu11_ITLB PREFETCH     ACCESS:          0 HIT:          0 MISS:          0 MSHR_MERGE:          0
cpu11->cpu11_ITLB WRITE        ACCESS:          0 HIT:          0 MISS:          0 MSHR_MERGE:          0
cpu11->cpu11_ITLB TRANSLATION  ACCESS:          0 HIT:          0 MISS:          0 MSHR_MERGE:          0
cpu11->cpu11_ITLB PREFETCH REQUESTED:          0 ISSUED:          0 USEFUL:          0 USELESS:          0
cpu11->cpu11_ITLB AVERAGE MISS LATENCY: 19.31 cycles
cpu11->cpu11_DTLB TOTAL        ACCESS:   79033668 HIT:   78582522 MISS:     451146 MSHR_MERGE:     268264
cpu11->cpu11_DTLB LOAD         ACCESS:   79033668 HIT:   78582522 MISS:     451146 MSHR_MERGE:     268264
cpu11->cpu11_DTLB RFO          ACCESS:          0 HIT:          0 MISS:          0 MSHR_MERGE:          0
cpu11->cpu11_DTLB PREFETCH     ACCESS:          0 HIT:          0 MISS:          0 MSHR_MERGE:          0
cpu11->cpu11_DTLB WRITE        ACCESS:          0 HIT:          0 MISS:          0 MSHR_MERGE:          0
cpu11->cpu11_DTLB TRANSLATION  ACCESS:          0 HIT:          0 MISS:          0 MSHR_MERGE:          0
cpu11->cpu11_DTLB PREFETCH REQUESTED:          0 ISSUED:          0 USEFUL:          0 USELESS:          0
cpu11->cpu11_DTLB AVERAGE MISS LATENCY: 67.97 cycles
cpu10->cpu10_STLB TOTAL        ACCESS:       9344 HIT:          0 MISS:       9344 MSHR_MERGE:          0
cpu10->cpu10_STLB LOAD         ACCESS:       9344 HIT:          0 MISS:       9344 MSHR_MERGE:          0
cpu10->cpu10_STLB RFO          ACCESS:          0 HIT:          0 MISS:          0 MSHR_MERGE:          0
cpu10->cpu10_STLB PREFETCH     ACCESS:          0 HIT:          0 MISS:          0 MSHR_MERGE:          0
cpu10->cpu10_STLB WRITE        ACCESS:          0 HIT:          0 MISS:          0 MSHR_MERGE:          0
cpu10->cpu10_STLB TRANSLATION  ACCESS:          0 HIT:          0 MISS:          0 MSHR_MERGE:          0
cpu10->cpu10_STLB PREFETCH REQUESTED:          0 ISSUED:          0 USEFUL:          0 USELESS:          0
cpu10->cpu10_STLB AVERAGE MISS LATENCY: 673.6 cycles
cpu0->cpu10_L2C TOTAL        ACCESS:          8 HIT:          0 MISS:          8 MSHR_MERGE:          0
cpu0->cpu10_L2C LOAD         ACCESS:          0 HIT:          0 MISS:          0 MSHR_MERGE:          0
cpu0->cpu10_L2C RFO          ACCESS:          0 HIT:          0 MISS:          0 MSHR_MERGE:          0
cpu0->cpu10_L2C PREFETCH     ACCESS:          0 HIT:          0 MISS:          0 MSHR_MERGE:          0
cpu0->cpu10_L2C WRITE        ACCESS:          8 HIT:          0 MISS:          8 MSHR_MERGE:          0
cpu0->cpu10_L2C TRANSLATION  ACCESS:          0 HIT:          0 MISS:          0 MSHR_MERGE:          0
cpu0->cpu10_L2C PREFETCH REQUESTED:   11887549 ISSUED:   11887549 USEFUL:     438462 USELESS:          0
cpu0->cpu10_L2C AVERAGE MISS LATENCY: 1.174e+06 cycles
cpu10->cpu10_L2C TOTAL        ACCESS:   12496084 HIT:     438387 MISS:   12057697 MSHR_MERGE:        260
cpu10->cpu10_L2C LOAD         ACCESS:     597999 HIT:     438380 MISS:     159619 MSHR_MERGE:        260
cpu10->cpu10_L2C RFO          ACCESS:          3 HIT:          3 MISS:          0 MSHR_MERGE:          0
cpu10->cpu10_L2C PREFETCH     ACCESS:   11887549 HIT:          0 MISS:   11887549 MSHR_MERGE:          0
cpu10->cpu10_L2C WRITE        ACCESS:          4 HIT:          4 MISS:          0 MSHR_MERGE:          0
cpu10->cpu10_L2C TRANSLATION  ACCESS:      10529 HIT:          0 MISS:      10529 MSHR_MERGE:          0
cpu10->cpu10_L2C PREFETCH REQUESTED:   11887549 ISSUED:   11887549 USEFUL:     438462 USELESS:          0
cpu10->cpu10_L2C AVERAGE MISS LATENCY: 55.2 cycles
cpu10->cpu10_L1I TOTAL        ACCESS:    1971098 HIT:    1971098 MISS:          0 MSHR_MERGE:          0
cpu10->cpu10_L1I LOAD         ACCESS:     985549 HIT:     985549 MISS:          0 MSHR_MERGE:          0
cpu10->cpu10_L1I RFO          ACCESS:          0 HIT:          0 MISS:          0 MSHR_MERGE:          0
cpu10->cpu10_L1I PREFETCH     ACCESS:     985549 HIT:     985549 MISS:          0 MSHR_MERGE:          0
cpu10->cpu10_L1I WRITE        ACCESS:          0 HIT:          0 MISS:          0 MSHR_MERGE:          0
cpu10->cpu10_L1I TRANSLATION  ACCESS:          0 HIT:          0 MISS:          0 MSHR_MERGE:          0
cpu10->cpu10_L1I PREFETCH REQUESTED:     985549 ISSUED:     985549 USEFUL:          0 USELESS:          0
cpu10->cpu10_L1I AVERAGE MISS LATENCY: - cycles
cpu10->cpu10_L1D TOTAL        ACCESS:  100589060 HIT:   99901051 MISS:     688009 MSHR_MERGE:      79475
cpu10->cpu10_L1D LOAD         ACCESS:   81378421 HIT:   80700944 MISS:     677477 MSHR_MERGE:      79475
cpu10->cpu10_L1D RFO          ACCESS:          0 HIT:          0 MISS:          0 MSHR_MERGE:          0
cpu10->cpu10_L1D PREFETCH     ACCESS:          0 HIT:          0 MISS:          0 MSHR_MERGE:          0
cpu10->cpu10_L1D WRITE        ACCESS:   19191934 HIT:   19191931 MISS:          3 MSHR_MERGE:          0
cpu10->cpu10_L1D TRANSLATION  ACCESS:      18705 HIT:       8176 MISS:      10529 MSHR_MERGE:          0
cpu10->cpu10_L1D PREFETCH REQUESTED:          0 ISSUED:          0 USEFUL:          0 USELESS:          0
cpu10->cpu10_L1D AVERAGE MISS LATENCY: 25.71 cycles
cpu10->cpu10_ITLB TOTAL        ACCESS:    1139401 HIT:    1139401 MISS:          0 MSHR_MERGE:          0
cpu10->cpu10_ITLB LOAD         ACCESS:    1139401 HIT:    1139401 MISS:          0 MSHR_MERGE:          0
cpu10->cpu10_ITLB RFO          ACCESS:          0 HIT:          0 MISS:          0 MSHR_MERGE:          0
cpu10->cpu10_ITLB PREFETCH     ACCESS:          0 HIT:          0 MISS:          0 MSHR_MERGE:          0
cpu10->cpu10_ITLB WRITE        ACCESS:          0 HIT:          0 MISS:          0 MSHR_MERGE:          0
cpu10->cpu10_ITLB TRANSLATION  ACCESS:          0 HIT:          0 MISS:          0 MSHR_MERGE:          0
cpu10->cpu10_ITLB PREFETCH REQUESTED:          0 ISSUED:          0 USEFUL:          0 USELESS:          0
cpu10->cpu10_ITLB AVERAGE MISS LATENCY: - cycles
cpu10->cpu10_DTLB TOTAL        ACCESS:   92969653 HIT:   92954380 MISS:      15273 MSHR_MERGE:       5929
cpu10->cpu10_DTLB LOAD         ACCESS:   92969653 HIT:   92954380 MISS:      15273 MSHR_MERGE:       5929
cpu10->cpu10_DTLB RFO          ACCESS:          0 HIT:          0 MISS:          0 MSHR_MERGE:          0
cpu10->cpu10_DTLB PREFETCH     ACCESS:          0 HIT:          0 MISS:          0 MSHR_MERGE:          0
cpu10->cpu10_DTLB WRITE        ACCESS:          0 HIT:          0 MISS:          0 MSHR_MERGE:          0
cpu10->cpu10_DTLB TRANSLATION  ACCESS:          0 HIT:          0 MISS:          0 MSHR_MERGE:          0
cpu10->cpu10_DTLB PREFETCH REQUESTED:          0 ISSUED:          0 USEFUL:          0 USELESS:          0
cpu10->cpu10_DTLB AVERAGE MISS LATENCY: 679.6 cycles
cpu0->cpu0_STLB TOTAL        ACCESS:      79715 HIT:      78158 MISS:       1557 MSHR_MERGE:          0
cpu0->cpu0_STLB LOAD         ACCESS:      79715 HIT:      78158 MISS:       1557 MSHR_MERGE:          0
cpu0->cpu0_STLB RFO          ACCESS:          0 HIT:          0 MISS:          0 MSHR_MERGE:          0
cpu0->cpu0_STLB PREFETCH     ACCESS:          0 HIT:          0 MISS:          0 MSHR_MERGE:          0
cpu0->cpu0_STLB WRITE        ACCESS:          0 HIT:          0 MISS:          0 MSHR_MERGE:          0
cpu0->cpu0_STLB TRANSLATION  ACCESS:          0 HIT:          0 MISS:          0 MSHR_MERGE:          0
cpu0->cpu0_STLB PREFETCH REQUESTED:          0 ISSUED:          0 USEFUL:          0 USELESS:          0
cpu0->cpu0_STLB AVERAGE MISS LATENCY: 794.2 cycles
cpu0->cpu0_L2C TOTAL        ACCESS:    4829137 HIT:    4407680 MISS:     421457 MSHR_MERGE:       1815
cpu0->cpu0_L2C LOAD         ACCESS:     890717 HIT:     863343 MISS:      27374 MSHR_MERGE:          0
cpu0->cpu0_L2C RFO          ACCESS:       3531 HIT:       3521 MISS:         10 MSHR_MERGE:          0
cpu0->cpu0_L2C PREFETCH     ACCESS:    3596184 HIT:    3204597 MISS:     391587 MSHR_MERGE:       1815
cpu0->cpu0_L2C WRITE        ACCESS:     335851 HIT:     335805 MISS:         46 MSHR_MERGE:          0
cpu0->cpu0_L2C TRANSLATION  ACCESS:       2854 HIT:        414 MISS:       2440 MSHR_MERGE:          0
cpu0->cpu0_L2C PREFETCH REQUESTED:    3491534 ISSUED:    3491078 USEFUL:      15737 USELESS:        387
cpu0->cpu0_L2C AVERAGE MISS LATENCY: 65.82 cycles
cpu0_L2C FLUSH STALL CYCLES: 1055
cpu0->cpu0_L1I TOTAL        ACCESS:     298232 HIT:     298226 MISS:          6 MSHR_MERGE:          2
cpu0->cpu0_L1I LOAD         ACCESS:     149116 HIT:     149116 MISS:          0 MSHR_MERGE:          0
cpu0->cpu0_L1I RFO          ACCESS:          0 HIT:          0 MISS:          0 MSHR_MERGE:          0
cpu0->cpu0_L1I PREFETCH     ACCESS:     149116 HIT:     149110 MISS:          6 MSHR_MERGE:          2
cpu0->cpu0_L1I WRITE        ACCESS:          0 HIT:          0 MISS:          0 MSHR_MERGE:          0
cpu0->cpu0_L1I TRANSLATION  ACCESS:          0 HIT:          0 MISS:          0 MSHR_MERGE:          0
cpu0->cpu0_L1I PREFETCH REQUESTED:     149116 ISSUED:     149116 USEFUL:          0 USELESS:          0
cpu0->cpu0_L1I AVERAGE MISS LATENCY: - cycles
cpu0->cpu0_L1D TOTAL        ACCESS:   72676039 HIT:   71531859 MISS:    1144180 MSHR_MERGE:     141975
cpu0->cpu0_L1D LOAD         ACCESS:   47501628 HIT:   46483244 MISS:    1018384 MSHR_MERGE:     127667
cpu0->cpu0_L1D RFO          ACCESS:          0 HIT:          0 MISS:          0 MSHR_MERGE:          0
cpu0->cpu0_L1D PREFETCH     ACCESS:     259470 HIT:     149810 MISS:     109660 MSHR_MERGE:       4558
cpu0->cpu0_L1D WRITE        ACCESS:   24911806 HIT:   24898524 MISS:      13282 MSHR_MERGE:       9750
cpu0->cpu0_L1D TRANSLATION  ACCESS:       3135 HIT:        281 MISS:       2854 MSHR_MERGE:          0
cpu0->cpu0_L1D PREFETCH REQUESTED:     259459 ISSUED:     259454 USEFUL:      80602 USELESS:      24514
cpu0->cpu0_L1D AVERAGE MISS LATENCY: 12.23 cycles
cpu0_L1D FLUSH STALL CYCLES: 127
cpu0->cpu0_ITLB TOTAL        ACCESS:     190397 HIT:     190397 MISS:          0 MSHR_MERGE:          0
cpu0->cpu0_ITLB LOAD         ACCESS:     190397 HIT:     190397 MISS:          0 MSHR_MERGE:          0
cpu0->cpu0_ITLB RFO          ACCESS:          0 HIT:          0 MISS:          0 MSHR_MERGE:          0
cpu0->cpu0_ITLB PREFETCH     ACCESS:          0 HIT:          0 MISS:          0 MSHR_MERGE:          0
cpu0->cpu0_ITLB WRITE        ACCESS:          0 HIT:          0 MISS:          0 MSHR_MERGE:          0
cpu0->cpu0_ITLB TRANSLATION  ACCESS:          0 HIT:          0 MISS:          0 MSHR_MERGE:          0
cpu0->cpu0_ITLB PREFETCH REQUESTED:          0 ISSUED:          0 USEFUL:          0 USELESS:          0
cpu0->cpu0_ITLB AVERAGE MISS LATENCY: - cycles
cpu0->cpu0_DTLB TOTAL        ACCESS:   67687975 HIT:   67579901 MISS:     108074 MSHR_MERGE:      28359
cpu0->cpu0_DTLB LOAD         ACCESS:   67687975 HIT:   67579901 MISS:     108074 MSHR_MERGE:      28359
cpu0->cpu0_DTLB RFO          ACCESS:          0 HIT:          0 MISS:          0 MSHR_MERGE:          0
cpu0->cpu0_DTLB PREFETCH     ACCESS:          0 HIT:          0 MISS:          0 MSHR_MERGE:          0
cpu0->cpu0_DTLB WRITE        ACCESS:          0 HIT:          0 MISS:          0 MSHR_MERGE:          0
cpu0->cpu0_DTLB TRANSLATION  ACCESS:          0 HIT:          0 MISS:          0 MSHR_MERGE:          0
cpu0->cpu0_DTLB PREFETCH REQUESTED:          0 ISSUED:          0 USEFUL:          0 USELESS:          0
cpu0->cpu0_DTLB AVERAGE MISS LATENCY: 20.53 cycles
cpu0->LLC TOTAL        ACCESS:     415385 HIT:     273718 MISS:     141667 MSHR_MERGE:       1093
cpu0->LLC LOAD         ACCESS:      27374 HIT:      24092 MISS:       3282 MSHR_MERGE:          8
cpu0->LLC RFO          ACCESS:         10 HIT:          1 MISS:          9 MSHR_MERGE:          0
cpu0->LLC PREFETCH     ACCESS:     288520 HIT:     238232 MISS:      50288 MSHR_MERGE:       1085
cpu0->LLC WRITE        ACCESS:      97041 HIT:      11387 MISS:      85654 MSHR_MERGE:          0
cpu0->LLC TRANSLATION  ACCESS:       2440 HIT:          6 MISS:       2434 MSHR_MERGE:          0
cpu0->LLC PREFETCH REQUESTED:          0 ISSUED:          0 USEFUL:          0 USELESS:          0
cpu0->LLC AVERAGE MISS LATENCY: 1.113e+04 cycles
cpu1->LLC TOTAL        ACCESS:    3449621 HIT:    1071357 MISS:    2378264 MSHR_MERGE:      43191
cpu1->LLC LOAD         ACCESS:     152591 HIT:      70826 MISS:      81765 MSHR_MERGE:       9443
cpu1->LLC RFO          ACCESS:    1454582 HIT:     183539 MISS:    1271043 MSHR_MERGE:          8
cpu1->LLC PREFETCH     ACCESS:     328751 HIT:     200103 MISS:     128648 MSHR_MERGE:      33740
cpu1->LLC WRITE        ACCESS:    1476606 HIT:     616834 MISS:     859772 MSHR_MERGE:          0
cpu1->LLC TRANSLATION  ACCESS:      37091 HIT:         55 MISS:      37036 MSHR_MERGE:          0
cpu1->LLC PREFETCH REQUESTED:          0 ISSUED:          0 USEFUL:          0 USELESS:          0
cpu1->LLC AVERAGE MISS LATENCY: 452.3 cycles
cpu2->LLC TOTAL        ACCESS:    3447040 HIT:    1093616 MISS:    2353424 MSHR_MERGE:      40561
cpu2->LLC LOAD         ACCESS:     140361 HIT:      59651 MISS:      80710 MSHR_MERGE:       9371
cpu2->LLC RFO          ACCESS:    1462245 HIT:     201062 MISS:    1261183 MSHR_MERGE:          9
cpu2->LLC PREFETCH     ACCESS:     321350 HIT:     196020 MISS:     125330 MSHR_MERGE:      31181
cpu2->LLC WRITE        ACCESS:    1485970 HIT:     636815 MISS:     849155 MSHR_MERGE:          0
cpu2->LLC TRANSLATION  ACCESS:      37114 HIT:         68 MISS:      37046 MSHR_MERGE:          0
cpu2->LLC PREFETCH REQUESTED:          0 ISSUED:          0 USEFUL:          0 USELESS:          0
cpu2->LLC AVERAGE MISS LATENCY: 456.6 cycles
cpu3->LLC TOTAL        ACCESS:    2572925 HIT:    1942834 MISS:     630091 MSHR_MERGE:       5490
cpu3->LLC LOAD         ACCESS:      67313 HIT:      33249 MISS:      34064 MSHR_MERGE:        617
cpu3->LLC RFO          ACCESS:     222623 HIT:      17137 MISS:     205486 MSHR_MERGE:       2128
cpu3->LLC PREFETCH     ACCESS:    2004404 HIT:    1860827 MISS:     143577 MSHR_MERGE:       2745
cpu3->LLC WRITE        ACCESS:     268559 HIT:      31485 MISS:     237074 MSHR_MERGE:          0
cpu3->LLC TRANSLATION  ACCESS:      10026 HIT:        136 MISS:       9890 MSHR_MERGE:          0
cpu3->LLC PREFETCH REQUESTED:          0 ISSUED:          0 USEFUL:          0 USELESS:          0
cpu3->LLC AVERAGE MISS LATENCY: 2091 cycles
cpu4->LLC TOTAL        ACCESS:    1088819 HIT:     618977 MISS:     469842 MSHR_MERGE:      93060
cpu4->LLC LOAD         ACCESS:     179476 HIT:      95068 MISS:      84408 MSHR_MERGE:      19223
cpu4->LLC RFO          ACCESS:      72629 HIT:       1506 MISS:      71123 MSHR_MERGE:         32
cpu4->LLC PREFETCH     ACCESS:     767467 HIT:     511266 MISS:     256201 MSHR_MERGE:      73805
cpu4->LLC WRITE        ACCESS:      61322 HIT:      11075 MISS:      50247 MSHR_MERGE:          0
cpu4->LLC TRANSLATION  ACCESS:       7925 HIT:         62 MISS:       7863 MSHR_MERGE:          0
cpu4->LLC PREFETCH REQUESTED:          0 ISSUED:          0 USEFUL:          0 USELESS:          0
cpu4->LLC AVERAGE MISS LATENCY: 4762 cycles
cpu5->LLC TOTAL        ACCESS:     392364 HIT:     297587 MISS:      94777 MSHR_MERGE:      14475
cpu5->LLC LOAD         ACCESS:       9714 HIT:       8278 MISS:       1436 MSHR_MERGE:         11
cpu5->LLC RFO          ACCESS:      22717 HIT:         25 MISS:      22692 MSHR_MERGE:          0
cpu5->LLC PREFETCH     ACCESS:     339963 HIT:     288507 MISS:      51456 MSHR_MERGE:      14464
cpu5->LLC WRITE        ACCESS:      18554 HIT:        777 MISS:      17777 MSHR_MERGE:          0
cpu5->LLC TRANSLATION  ACCESS:       1416 HIT:          0 MISS:       1416 MSHR_MERGE:          0
cpu5->LLC PREFETCH REQUESTED:          0 ISSUED:          0 USEFUL:          0 USELESS:          0
cpu5->LLC AVERAGE MISS LATENCY: 2.349e+04 cycles
cpu6->LLC TOTAL        ACCESS:    1305529 HIT:    1104680 MISS:     200849 MSHR_MERGE:      13392
cpu6->LLC LOAD         ACCESS:      88121 HIT:      78084 MISS:      10037 MSHR_MERGE:        248
cpu6->LLC RFO          ACCESS:          2 HIT:          1 MISS:          1 MSHR_MERGE:          0
cpu6->LLC PREFETCH     ACCESS:    1206478 HIT:    1025891 MISS:     180587 MSHR_MERGE:      13144
cpu6->LLC WRITE        ACCESS:       6286 HIT:        666 MISS:       5620 MSHR_MERGE:          0
cpu6->LLC TRANSLATION  ACCESS:       4642 HIT:         38 MISS:       4604 MSHR_MERGE:          0
cpu6->LLC PREFETCH REQUESTED:          0 ISSUED:          0 USEFUL:          0 USELESS:          0
cpu6->LLC AVERAGE MISS LATENCY: 5.021e+04 cycles
cpu7->LLC TOTAL        ACCESS:    1722593 HIT:    1385203 MISS:     337390 MSHR_MERGE:      15956
cpu7->LLC LOAD         ACCESS:     156612 HIT:     137367 MISS:      19245 MSHR_MERGE:        756
cpu7->LLC RFO          ACCESS:          0 HIT:          0 MISS:          0 MSHR_MERGE:          0
cpu7->LLC PREFETCH     ACCESS:    1549238 HIT:    1247537 MISS:     301701 MSHR_MERGE:      15200
cpu7->LLC WRITE        ACCESS:       4259 HIT:        256 MISS:       4003 MSHR_MERGE:          0
cpu7->LLC TRANSLATION  ACCESS:      12484 HIT:         43 MISS:      12441 MSHR_MERGE:          0
cpu7->LLC PREFETCH REQUESTED:          0 ISSUED:          0 USEFUL:          0 USELESS:          0
cpu7->LLC AVERAGE MISS LATENCY: 2.851e+04 cycles
cpu8->LLC TOTAL        ACCESS:    6938126 HIT:    6273575 MISS:     664551 MSHR_MERGE:      55865
cpu8->LLC LOAD         ACCESS:     159478 HIT:     146366 MISS:      13112 MSHR_MERGE:         68
cpu8->LLC RFO          ACCESS:          0 HIT:          0 MISS:          0 MSHR_MERGE:          0
cpu8->LLC PREFETCH     ACCESS:    6768078 HIT:    6127204 MISS:     640874 MSHR_MERGE:      55797
cpu8->LLC WRITE        ACCESS:         42 HIT:          5 MISS:         37 MSHR_MERGE:          0
cpu8->LLC TRANSLATION  ACCESS:      10528 HIT:          0 MISS:      10528 MSHR_MERGE:          0
cpu8->LLC PREFETCH REQUESTED:          0 ISSUED:          0 USEFUL:          0 USELESS:          0
cpu8->LLC AVERAGE MISS LATENCY: 4.297e+04 cycles
cpu9->LLC TOTAL        ACCESS:        971 HIT:        208 MISS:        763 MSHR_MERGE:        362
cpu9->LLC LOAD         ACCESS:         48 HIT:         23 MISS:         25 MSHR_MERGE:         10
cpu9->LLC RFO          ACCESS:         14 HIT:          0 MISS:         14 MSHR_MERGE:          0
cpu9->LLC PREFETCH     ACCESS:        909 HIT:        185 MISS:        724 MSHR_MERGE:        352
cpu9->LLC WRITE        ACCESS:          0 HIT:          0 MISS:          0 MSHR_MERGE:          0
cpu9->LLC TRANSLATION  ACCESS:          0 HIT:          0 MISS:          0 MSHR_MERGE:          0
cpu9->LLC PREFETCH REQUESTED:          0 ISSUED:          0 USEFUL:          0 USELESS:          0
cpu9->LLC AVERAGE MISS LATENCY: 2.609e+07 cycles
cpu10->LLC TOTAL        ACCESS:    6937407 HIT:    6272607 MISS:     664800 MSHR_MERGE:      56069
cpu10->LLC LOAD         ACCESS:     159359 HIT:     146304 MISS:      13055 MSHR_MERGE:         83
cpu10->LLC RFO          ACCESS:          0 HIT:          0 MISS:          0 MSHR_MERGE:          0
cpu10->LLC PREFETCH     ACCESS:    6767487 HIT:    6126300 MISS:     641187 MSHR_MERGE:      55986
cpu10->LLC WRITE        ACCESS:         32 HIT:          3 MISS:         29 MSHR_MERGE:          0
cpu10->LLC TRANSLATION  ACCESS:      10529 HIT:          0 MISS:      10529 MSHR_MERGE:          0
cpu10->LLC PREFETCH REQUESTED:          0 ISSUED:          0 USEFUL:          0 USELESS:          0
cpu10->LLC AVERAGE MISS LATENCY: 4.309e+04 cycles
cpu11->LLC TOTAL        ACCESS:    8752705 HIT:    5423137 MISS:    3329568 MSHR_MERGE:    1669242
cpu11->LLC LOAD         ACCESS:     645088 HIT:     537364 MISS:     107724 MSHR_MERGE:      54806
cpu11->LLC RFO          ACCESS:     507486 HIT:      61558 MISS:     445928 MSHR_MERGE:          2
cpu11->LLC PREFETCH     ACCESS:    6851515 HIT:    4466982 MISS:    2384533 MSHR_MERGE:    1614434
cpu11->LLC WRITE        ACCESS:     717166 HIT:     353059 MISS:     364107 MSHR_MERGE:          0
cpu11->LLC TRANSLATION  ACCESS:      31450 HIT:       4174 MISS:      27276 MSHR_MERGE:          0
cpu11->LLC PREFETCH REQUESTED:          0 ISSUED:          0 USEFUL:          0 USELESS:          0
cpu11->LLC AVERAGE MISS LATENCY: 1077 cycles
cpu12->LLC TOTAL        ACCESS:    1696646 HIT:    1507407 MISS:     189239 MSHR_MERGE:      14149
cpu12->LLC LOAD         ACCESS:       4135 HIT:       1414 MISS:       2721 MSHR_MERGE:          2
cpu12->LLC RFO          ACCESS:          0 HIT:          0 MISS:          0 MSHR_MERGE:          0
cpu12->LLC PREFETCH     ACCESS:    1689492 HIT:    1505993 MISS:     183499 MSHR_MERGE:      14147
cpu12->LLC WRITE        ACCESS:          0 HIT:          0 MISS:          0 MSHR_MERGE:          0
cpu12->LLC TRANSLATION  ACCESS:       3019 HIT:          0 MISS:       3019 MSHR_MERGE:          0
cpu12->LLC PREFETCH REQUESTED:          0 ISSUED:          0 USEFUL:          0 USELESS:          0
cpu12->LLC AVERAGE MISS LATENCY: 1.772e+05 cycles
cpu13->LLC TOTAL        ACCESS:    1303007 HIT:    1101575 MISS:     201432 MSHR_MERGE:      13457
cpu13->LLC LOAD         ACCESS:      89073 HIT:      78788 MISS:      10285 MSHR_MERGE:        251
cpu13->LLC RFO          ACCESS:          0 HIT:          0 MISS:          0 MSHR_MERGE:          0
cpu13->LLC PREFETCH     ACCESS:    1202878 HIT:    1022056 MISS:     180822 MSHR_MERGE:      13206
cpu13->LLC WRITE        ACCESS:       6400 HIT:        678 MISS:       5722 MSHR_MERGE:          0
cpu13->LLC TRANSLATION  ACCESS:       4656 HIT:         53 MISS:       4603 MSHR_MERGE:          0
cpu13->LLC PREFETCH REQUESTED:          0 ISSUED:          0 USEFUL:          0 USELESS:          0
cpu13->LLC AVERAGE MISS LATENCY: 4.936e+04 cycles
cpu14->LLC TOTAL        ACCESS:     256852 HIT:     129982 MISS:     126870 MSHR_MERGE:      36498
cpu14->LLC LOAD         ACCESS:      21373 HIT:      13385 MISS:       7988 MSHR_MERGE:        625
cpu14->LLC RFO          ACCESS:      32357 HIT:        509 MISS:      31848 MSHR_MERGE:         24
cpu14->LLC PREFETCH     ACCESS:     177012 HIT:     105889 MISS:      71123 MSHR_MERGE:      35849
cpu14->LLC WRITE        ACCESS:      24511 HIT:      10197 MISS:      14314 MSHR_MERGE:          0
cpu14->LLC TRANSLATION  ACCESS:       1599 HIT:          2 MISS:       1597 MSHR_MERGE:          0
cpu14->LLC PREFETCH REQUESTED:          0 ISSUED:          0 USEFUL:          0 USELESS:          0
cpu14->LLC AVERAGE MISS LATENCY: 1.825e+04 cycles
cpu15->LLC TOTAL        ACCESS:      20117 HIT:      16722 MISS:       3395 MSHR_MERGE:       1238
cpu15->LLC LOAD         ACCESS:        183 HIT:         71 MISS:        112 MSHR_MERGE:          4
cpu15->LLC RFO          ACCESS:         34 HIT:          1 MISS:         33 MSHR_MERGE:          0
cpu15->LLC PREFETCH     ACCESS:      19852 HIT:      16650 MISS:       3202 MSHR_MERGE:       1234
cpu15->LLC WRITE        ACCESS:          0 HIT:          0 MISS:          0 MSHR_MERGE:          0
cpu15->LLC TRANSLATION  ACCESS:         48 HIT:          0 MISS:         48 MSHR_MERGE:          0
cpu15->LLC PREFETCH REQUESTED:          0 ISSUED:          0 USEFUL:          0 USELESS:          0
cpu15->LLC AVERAGE MISS LATENCY: 5.272e+06 cycles

L1D MAX FLUSH STALL CYCLES: 456
L2C MAX FLUSH STALL CYCLES: 14832
LLC FLUSH STALL CYCLES: 0
TOTAL WRITEBACK FLUSH TIME: 15288 cycles

DRAM Statistics

Channel 0 RQ ROW_BUFFER_HIT:        264
  ROW_BUFFER_MISS:    1799453
  AVG DBUS CONGESTED CYCLE: 11.19
Channel 0 WQ ROW_BUFFER_HIT:      64936
  ROW_BUFFER_MISS:     875896
  FULL:     116008
Channel 0 REFRESHES ISSUED:       6468

Channel 1 RQ ROW_BUFFER_HIT:        273
  ROW_BUFFER_MISS:    1798842
  AVG DBUS CONGESTED CYCLE: 11.18
Channel 1 WQ ROW_BUFFER_HIT:      64763
  ROW_BUFFER_MISS:     875928
  FULL:      20875
Channel 1 REFRESHES ISSUED:       6468

Channel 2 RQ ROW_BUFFER_HIT:        285
  ROW_BUFFER_MISS:    1809479
  AVG DBUS CONGESTED CYCLE: 11.2
Channel 2 WQ ROW_BUFFER_HIT:      64246
  ROW_BUFFER_MISS:     880770
  FULL:      31121
Channel 2 REFRESHES ISSUED:       6468

Channel 3 RQ ROW_BUFFER_HIT:        275
  ROW_BUFFER_MISS:    1809215
  AVG DBUS CONGESTED CYCLE: 11.2
Channel 3 WQ ROW_BUFFER_HIT:      64432
  ROW_BUFFER_MISS:     880470
  FULL:      28129
Channel 3 REFRESHES ISSUED:       6468
