[VMEM] WARNING: physical memory size is smaller than virtual memory size.

*** ChampSim Multicore Out-of-Order Simulator ***
Warmup Instructions: 50000000
Simulation Instructions: 200000000
Number of CPUs: 16
Page size: 4096

Off-chip DRAM Size: 32 GiB Channels: 4 Width: 64-bit Data Rate: 3205 MT/s
Heartbeat CPU 9 instructions: 10000001 cycles: 3231753 heartbeat IPC: 3.094 cumulative IPC: 3.094 (Simulation time: 00 hr 16 min 02 sec)
Heartbeat CPU 1 instructions: 10000001 cycles: 3231771 heartbeat IPC: 3.094 cumulative IPC: 3.094 (Simulation time: 00 hr 16 min 02 sec)
Heartbeat CPU 0 instructions: 10000001 cycles: 3233734 heartbeat IPC: 3.092 cumulative IPC: 3.092 (Simulation time: 00 hr 16 min 02 sec)
Heartbeat CPU 10 instructions: 10000001 cycles: 3233734 heartbeat IPC: 3.092 cumulative IPC: 3.092 (Simulation time: 00 hr 16 min 02 sec)
Heartbeat CPU 11 instructions: 10000001 cycles: 3233734 heartbeat IPC: 3.092 cumulative IPC: 3.092 (Simulation time: 00 hr 16 min 02 sec)
Heartbeat CPU 13 instructions: 10000001 cycles: 3233734 heartbeat IPC: 3.092 cumulative IPC: 3.092 (Simulation time: 00 hr 16 min 02 sec)
Heartbeat CPU 2 instructions: 10000001 cycles: 3233735 heartbeat IPC: 3.092 cumulative IPC: 3.092 (Simulation time: 00 hr 16 min 02 sec)
Heartbeat CPU 3 instructions: 10000001 cycles: 3233735 heartbeat IPC: 3.092 cumulative IPC: 3.092 (Simulation time: 00 hr 16 min 02 sec)
Heartbeat CPU 4 instructions: 10000001 cycles: 3233735 heartbeat IPC: 3.092 cumulative IPC: 3.092 (Simulation time: 00 hr 16 min 02 sec)
Heartbeat CPU 12 instructions: 10000001 cycles: 3233742 heartbeat IPC: 3.092 cumulative IPC: 3.092 (Simulation time: 00 hr 16 min 02 sec)
Heartbeat CPU 14 instructions: 10000001 cycles: 3233750 heartbeat IPC: 3.092 cumulative IPC: 3.092 (Simulation time: 00 hr 16 min 02 sec)
Heartbeat CPU 15 instructions: 10000001 cycles: 3233750 heartbeat IPC: 3.092 cumulative IPC: 3.092 (Simulation time: 00 hr 16 min 02 sec)
Heartbeat CPU 7 instructions: 10000001 cycles: 3233766 heartbeat IPC: 3.092 cumulative IPC: 3.092 (Simulation time: 00 hr 16 min 02 sec)
Heartbeat CPU 8 instructions: 10000001 cycles: 3233767 heartbeat IPC: 3.092 cumulative IPC: 3.092 (Simulation time: 00 hr 16 min 02 sec)
Heartbeat CPU 5 instructions: 10000001 cycles: 3233783 heartbeat IPC: 3.092 cumulative IPC: 3.092 (Simulation time: 00 hr 16 min 02 sec)
Heartbeat CPU 6 instructions: 10000001 cycles: 3233791 heartbeat IPC: 3.092 cumulative IPC: 3.092 (Simulation time: 00 hr 16 min 02 sec)
Heartbeat CPU 1 instructions: 20000004 cycles: 6469445 heartbeat IPC: 3.089 cumulative IPC: 3.091 (Simulation time: 00 hr 32 min 22 sec)
Heartbeat CPU 9 instructions: 20000004 cycles: 6469529 heartbeat IPC: 3.089 cumulative IPC: 3.091 (Simulation time: 00 hr 32 min 22 sec)
Heartbeat CPU 11 instructions: 20000004 cycles: 6473355 heartbeat IPC: 3.087 cumulative IPC: 3.09 (Simulation time: 00 hr 32 min 23 sec)
Heartbeat CPU 13 instructions: 20000004 cycles: 6473363 heartbeat IPC: 3.087 cumulative IPC: 3.09 (Simulation time: 00 hr 32 min 23 sec)
Heartbeat CPU 3 instructions: 20000004 cycles: 6473398 heartbeat IPC: 3.087 cumulative IPC: 3.09 (Simulation time: 00 hr 32 min 23 sec)
Heartbeat CPU 14 instructions: 20000004 cycles: 6473415 heartbeat IPC: 3.087 cumulative IPC: 3.09 (Simulation time: 00 hr 32 min 23 sec)
Heartbeat CPU 0 instructions: 20000004 cycles: 6473423 heartbeat IPC: 3.087 cumulative IPC: 3.09 (Simulation time: 00 hr 32 min 23 sec)
Heartbeat CPU 10 instructions: 20000004 cycles: 6473423 heartbeat IPC: 3.087 cumulative IPC: 3.09 (Simulation time: 00 hr 32 min 23 sec)
Heartbeat CPU 12 instructions: 20000004 cycles: 6473423 heartbeat IPC: 3.087 cumulative IPC: 3.09 (Simulation time: 00 hr 32 min 23 sec)
Heartbeat CPU 2 instructions: 20000004 cycles: 6473424 heartbeat IPC: 3.087 cumulative IPC: 3.09 (Simulation time: 00 hr 32 min 23 sec)
Heartbeat CPU 8 instructions: 20000004 cycles: 6473458 heartbeat IPC: 3.087 cumulative IPC: 3.09 (Simulation time: 00 hr 32 min 23 sec)
Heartbeat CPU 4 instructions: 20000004 cycles: 6473458 heartbeat IPC: 3.087 cumulative IPC: 3.09 (Simulation time: 00 hr 32 min 23 sec)
Heartbeat CPU 7 instructions: 20000004 cycles: 6473471 heartbeat IPC: 3.087 cumulative IPC: 3.09 (Simulation time: 00 hr 32 min 23 sec)
Heartbeat CPU 15 instructions: 20000004 cycles: 6473475 heartbeat IPC: 3.087 cumulative IPC: 3.09 (Simulation time: 00 hr 32 min 23 sec)
Heartbeat CPU 5 instructions: 20000004 cycles: 6473522 heartbeat IPC: 3.087 cumulative IPC: 3.09 (Simulation time: 00 hr 32 min 23 sec)
Heartbeat CPU 6 instructions: 20000004 cycles: 6473688 heartbeat IPC: 3.087 cumulative IPC: 3.089 (Simulation time: 00 hr 32 min 23 sec)
Heartbeat CPU 1 instructions: 30000008 cycles: 8880568 heartbeat IPC: 4.147 cumulative IPC: 3.378 (Simulation time: 00 hr 44 min 43 sec)
Heartbeat CPU 9 instructions: 30000008 cycles: 8880667 heartbeat IPC: 4.147 cumulative IPC: 3.378 (Simulation time: 00 hr 44 min 43 sec)
Heartbeat CPU 11 instructions: 30000008 cycles: 8885087 heartbeat IPC: 4.146 cumulative IPC: 3.376 (Simulation time: 00 hr 44 min 44 sec)
Heartbeat CPU 13 instructions: 30000008 cycles: 8885087 heartbeat IPC: 4.146 cumulative IPC: 3.376 (Simulation time: 00 hr 44 min 44 sec)
Heartbeat CPU 3 instructions: 30000008 cycles: 8885133 heartbeat IPC: 4.146 cumulative IPC: 3.376 (Simulation time: 00 hr 44 min 44 sec)
Heartbeat CPU 10 instructions: 30000008 cycles: 8885147 heartbeat IPC: 4.146 cumulative IPC: 3.376 (Simulation time: 00 hr 44 min 44 sec)
Heartbeat CPU 12 instructions: 30000008 cycles: 8885150 heartbeat IPC: 4.146 cumulative IPC: 3.376 (Simulation time: 00 hr 44 min 44 sec)
Heartbeat CPU 0 instructions: 30000008 cycles: 8885166 heartbeat IPC: 4.146 cumulative IPC: 3.376 (Simulation time: 00 hr 44 min 44 sec)
Heartbeat CPU 2 instructions: 30000008 cycles: 8885166 heartbeat IPC: 4.146 cumulative IPC: 3.376 (Simulation time: 00 hr 44 min 44 sec)
Heartbeat CPU 14 instructions: 30000008 cycles: 8885171 heartbeat IPC: 4.146 cumulative IPC: 3.376 (Simulation time: 00 hr 44 min 44 sec)
Heartbeat CPU 4 instructions: 30000008 cycles: 8885175 heartbeat IPC: 4.146 cumulative IPC: 3.376 (Simulation time: 00 hr 44 min 44 sec)
Heartbeat CPU 7 instructions: 30000008 cycles: 8885175 heartbeat IPC: 4.146 cumulative IPC: 3.376 (Simulation time: 00 hr 44 min 44 sec)
Heartbeat CPU 15 instructions: 30000008 cycles: 8885193 heartbeat IPC: 4.146 cumulative IPC: 3.376 (Simulation time: 00 hr 44 min 44 sec)
Heartbeat CPU 8 instructions: 30000008 cycles: 8885196 heartbeat IPC: 4.146 cumulative IPC: 3.376 (Simulation time: 00 hr 44 min 44 sec)
Heartbeat CPU 5 instructions: 30000008 cycles: 8885252 heartbeat IPC: 4.146 cumulative IPC: 3.376 (Simulation time: 00 hr 44 min 44 sec)
Heartbeat CPU 6 instructions: 30000008 cycles: 8885544 heartbeat IPC: 4.146 cumulative IPC: 3.376 (Simulation time: 00 hr 44 min 45 sec)
Heartbeat CPU 1 instructions: 40000008 cycles: 10920991 heartbeat IPC: 4.901 cumulative IPC: 3.663 (Simulation time: 00 hr 55 min 19 sec)
Heartbeat CPU 9 instructions: 40000008 cycles: 10921091 heartbeat IPC: 4.901 cumulative IPC: 3.663 (Simulation time: 00 hr 55 min 19 sec)
Heartbeat CPU 11 instructions: 40000008 cycles: 10925509 heartbeat IPC: 4.901 cumulative IPC: 3.661 (Simulation time: 00 hr 55 min 20 sec)
Heartbeat CPU 13 instructions: 40000008 cycles: 10925510 heartbeat IPC: 4.901 cumulative IPC: 3.661 (Simulation time: 00 hr 55 min 20 sec)
Heartbeat CPU 3 instructions: 40000008 cycles: 10925556 heartbeat IPC: 4.901 cumulative IPC: 3.661 (Simulation time: 00 hr 55 min 20 sec)
Heartbeat CPU 10 instructions: 40000008 cycles: 10925571 heartbeat IPC: 4.901 cumulative IPC: 3.661 (Simulation time: 00 hr 55 min 20 sec)
Heartbeat CPU 12 instructions: 40000008 cycles: 10925572 heartbeat IPC: 4.901 cumulative IPC: 3.661 (Simulation time: 00 hr 55 min 20 sec)
Heartbeat CPU 2 instructions: 40000008 cycles: 10925589 heartbeat IPC: 4.901 cumulative IPC: 3.661 (Simulation time: 00 hr 55 min 20 sec)
Heartbeat CPU 0 instructions: 40000008 cycles: 10925590 heartbeat IPC: 4.901 cumulative IPC: 3.661 (Simulation time: 00 hr 55 min 20 sec)
Heartbeat CPU 14 instructions: 40000008 cycles: 10925594 heartbeat IPC: 4.901 cumulative IPC: 3.661 (Simulation time: 00 hr 55 min 20 sec)
Heartbeat CPU 4 instructions: 40000008 cycles: 10925597 heartbeat IPC: 4.901 cumulative IPC: 3.661 (Simulation time: 00 hr 55 min 20 sec)
Heartbeat CPU 7 instructions: 40000008 cycles: 10925599 heartbeat IPC: 4.901 cumulative IPC: 3.661 (Simulation time: 00 hr 55 min 20 sec)
Heartbeat CPU 15 instructions: 40000008 cycles: 10925617 heartbeat IPC: 4.901 cumulative IPC: 3.661 (Simulation time: 00 hr 55 min 20 sec)
Heartbeat CPU 8 instructions: 40000008 cycles: 10925618 heartbeat IPC: 4.901 cumulative IPC: 3.661 (Simulation time: 00 hr 55 min 20 sec)
Heartbeat CPU 5 instructions: 40000008 cycles: 10925674 heartbeat IPC: 4.901 cumulative IPC: 3.661 (Simulation time: 00 hr 55 min 20 sec)
Heartbeat CPU 6 instructions: 40000008 cycles: 10925967 heartbeat IPC: 4.901 cumulative IPC: 3.661 (Simulation time: 00 hr 55 min 20 sec)
[LLC] SPM stats: hits=30119854 first_accesses=8271872 dram_direct=0 loaded_lines=8271872
Warmup finished CPU 1 instructions: 50000001 cycles: 12966978 cumulative IPC: 3.856 (Simulation time: 01 hr 05 min 49 sec)
Heartbeat CPU 1 instructions: 50000013 cycles: 12966980 heartbeat IPC: 4.888 cumulative IPC: 3.856 (Simulation time: 01 hr 05 min 49 sec)
[LLC] SPM stats: hits=30120224 first_accesses=8271872 dram_direct=0 loaded_lines=8271872
Warmup finished CPU 9 instructions: 50000001 cycles: 12967079 cumulative IPC: 3.856 (Simulation time: 01 hr 05 min 49 sec)
Heartbeat CPU 9 instructions: 50000013 cycles: 12967081 heartbeat IPC: 4.888 cumulative IPC: 3.856 (Simulation time: 01 hr 05 min 49 sec)
[LLC] SPM stats: hits=30137100 first_accesses=8271872 dram_direct=0 loaded_lines=8271872
Warmup finished CPU 11 instructions: 50000001 cycles: 12971498 cumulative IPC: 3.855 (Simulation time: 01 hr 05 min 50 sec)
[LLC] SPM stats: hits=30137101 first_accesses=8271872 dram_direct=0 loaded_lines=8271872
Warmup finished CPU 13 instructions: 50000001 cycles: 12971499 cumulative IPC: 3.855 (Simulation time: 01 hr 05 min 50 sec)
Heartbeat CPU 11 instructions: 50000013 cycles: 12971500 heartbeat IPC: 4.888 cumulative IPC: 3.855 (Simulation time: 01 hr 05 min 50 sec)
Heartbeat CPU 13 instructions: 50000013 cycles: 12971501 heartbeat IPC: 4.888 cumulative IPC: 3.855 (Simulation time: 01 hr 05 min 50 sec)
[LLC] SPM stats: hits=30137231 first_accesses=8271872 dram_direct=0 loaded_lines=8271872
Warmup finished CPU 3 instructions: 50000001 cycles: 12971541 cumulative IPC: 3.855 (Simulation time: 01 hr 05 min 50 sec)
Heartbeat CPU 3 instructions: 50000013 cycles: 12971543 heartbeat IPC: 4.888 cumulative IPC: 3.855 (Simulation time: 01 hr 05 min 50 sec)
[LLC] SPM stats: hits=30137297 first_accesses=8271872 dram_direct=0 loaded_lines=8271872
Warmup finished CPU 10 instructions: 50000001 cycles: 12971559 cumulative IPC: 3.855 (Simulation time: 01 hr 05 min 50 sec)
Heartbeat CPU 10 instructions: 50000013 cycles: 12971561 heartbeat IPC: 4.888 cumulative IPC: 3.855 (Simulation time: 01 hr 05 min 50 sec)
[LLC] SPM stats: hits=30137357 first_accesses=8271872 dram_direct=0 loaded_lines=8271872
Warmup finished CPU 2 instructions: 50000001 cycles: 12971575 cumulative IPC: 3.855 (Simulation time: 01 hr 05 min 50 sec)
Heartbeat CPU 2 instructions: 50000013 cycles: 12971577 heartbeat IPC: 4.888 cumulative IPC: 3.855 (Simulation time: 01 hr 05 min 50 sec)
[LLC] SPM stats: hits=30137367 first_accesses=8271872 dram_direct=0 loaded_lines=8271872
Warmup finished CPU 12 instructions: 50000001 cycles: 12971578 cumulative IPC: 3.855 (Simulation time: 01 hr 05 min 50 sec)
Heartbeat CPU 12 instructions: 50000013 cycles: 12971580 heartbeat IPC: 4.888 cumulative IPC: 3.855 (Simulation time: 01 hr 05 min 50 sec)
[LLC] SPM stats: hits=30137385 first_accesses=8271872 dram_direct=0 loaded_lines=8271872
Warmup finished CPU 14 instructions: 50000001 cycles: 12971583 cumulative IPC: 3.855 (Simulation time: 01 hr 05 min 50 sec)
[LLC] SPM stats: hits=30137391 first_accesses=8271872 dram_direct=0 loaded_lines=8271872
Warmup finished CPU 7 instructions: 50000001 cycles: 12971584 cumulative IPC: 3.855 (Simulation time: 01 hr 05 min 50 sec)
[LLC] SPM stats: hits=30137391 first_accesses=8271872 dram_direct=0 loaded_lines=8271872
Warmup finished CPU 0 instructions: 50000001 cycles: 12971584 cumulative IPC: 3.855 (Simulation time: 01 hr 05 min 50 sec)
Heartbeat CPU 14 instructions: 50000013 cycles: 12971585 heartbeat IPC: 4.888 cumulative IPC: 3.855 (Simulation time: 01 hr 05 min 50 sec)
Heartbeat CPU 0 instructions: 50000013 cycles: 12971586 heartbeat IPC: 4.888 cumulative IPC: 3.855 (Simulation time: 01 hr 05 min 50 sec)
Heartbeat CPU 7 instructions: 50000013 cycles: 12971586 heartbeat IPC: 4.888 cumulative IPC: 3.855 (Simulation time: 01 hr 05 min 50 sec)
[LLC] SPM stats: hits=30137398 first_accesses=8271872 dram_direct=0 loaded_lines=8271872
Warmup finished CPU 4 instructions: 50000001 cycles: 12971586 cumulative IPC: 3.855 (Simulation time: 01 hr 05 min 50 sec)
Heartbeat CPU 4 instructions: 50000013 cycles: 12971588 heartbeat IPC: 4.888 cumulative IPC: 3.855 (Simulation time: 01 hr 05 min 50 sec)
[LLC] SPM stats: hits=30137480 first_accesses=8271872 dram_direct=0 loaded_lines=8271872
Warmup finished CPU 8 instructions: 50000001 cycles: 12971607 cumulative IPC: 3.855 (Simulation time: 01 hr 05 min 50 sec)
Heartbeat CPU 8 instructions: 50000013 cycles: 12971609 heartbeat IPC: 4.888 cumulative IPC: 3.855 (Simulation time: 01 hr 05 min 50 sec)
[LLC] SPM stats: hits=30137492 first_accesses=8271872 dram_direct=0 loaded_lines=8271872
Warmup finished CPU 15 instructions: 50000001 cycles: 12971609 cumulative IPC: 3.855 (Simulation time: 01 hr 05 min 50 sec)
Heartbeat CPU 15 instructions: 50000013 cycles: 12971611 heartbeat IPC: 4.888 cumulative IPC: 3.855 (Simulation time: 01 hr 05 min 50 sec)
[LLC] SPM stats: hits=30137679 first_accesses=8271872 dram_direct=0 loaded_lines=8271872
Warmup finished CPU 5 instructions: 50000001 cycles: 12971657 cumulative IPC: 3.855 (Simulation time: 01 hr 05 min 50 sec)
Heartbeat CPU 5 instructions: 50000013 cycles: 12971659 heartbeat IPC: 4.888 cumulative IPC: 3.855 (Simulation time: 01 hr 05 min 50 sec)
[LLC] SPM stats: hits=30138831 first_accesses=8271872 dram_direct=0 loaded_lines=8271872
Warmup finished CPU 6 instructions: 50000001 cycles: 12971957 cumulative IPC: 3.854 (Simulation time: 01 hr 05 min 50 sec)
Warmup complete CPU 9 instructions: 50023912 cycles: 12971957 cumulative IPC: 3.856 (Simulation time: 01 hr 05 min 50 sec)
Warmup complete CPU 8 instructions: 50001699 cycles: 12971957 cumulative IPC: 3.855 (Simulation time: 01 hr 05 min 50 sec)
Warmup complete CPU 7 instructions: 50001820 cycles: 12971957 cumulative IPC: 3.855 (Simulation time: 01 hr 05 min 50 sec)
Warmup complete CPU 6 instructions: 50000001 cycles: 12971957 cumulative IPC: 3.854 (Simulation time: 01 hr 05 min 50 sec)
Warmup complete CPU 5 instructions: 50001472 cycles: 12971957 cumulative IPC: 3.855 (Simulation time: 01 hr 05 min 50 sec)
Warmup complete CPU 4 instructions: 50001802 cycles: 12971957 cumulative IPC: 3.855 (Simulation time: 01 hr 05 min 50 sec)
Warmup complete CPU 3 instructions: 50002036 cycles: 12971957 cumulative IPC: 3.855 (Simulation time: 01 hr 05 min 50 sec)
Warmup complete CPU 2 instructions: 50001870 cycles: 12971957 cumulative IPC: 3.855 (Simulation time: 01 hr 05 min 50 sec)
Warmup complete CPU 15 instructions: 50001675 cycles: 12971957 cumulative IPC: 3.855 (Simulation time: 01 hr 05 min 50 sec)
Warmup complete CPU 14 instructions: 50001820 cycles: 12971957 cumulative IPC: 3.855 (Simulation time: 01 hr 05 min 50 sec)
Warmup complete CPU 13 instructions: 50002244 cycles: 12971957 cumulative IPC: 3.855 (Simulation time: 01 hr 05 min 50 sec)
Warmup complete CPU 12 instructions: 50001852 cycles: 12971957 cumulative IPC: 3.855 (Simulation time: 01 hr 05 min 50 sec)
Warmup complete CPU 11 instructions: 50002250 cycles: 12971957 cumulative IPC: 3.855 (Simulation time: 01 hr 05 min 50 sec)
Warmup complete CPU 10 instructions: 50001950 cycles: 12971957 cumulative IPC: 3.855 (Simulation time: 01 hr 05 min 50 sec)
Warmup complete CPU 1 instructions: 50024400 cycles: 12971957 cumulative IPC: 3.856 (Simulation time: 01 hr 05 min 50 sec)
Warmup complete CPU 0 instructions: 50001820 cycles: 12971957 cumulative IPC: 3.855 (Simulation time: 01 hr 05 min 50 sec)
Heartbeat CPU 6 instructions: 50000013 cycles: 12971959 heartbeat IPC: 4.888 cumulative IPC: 6 (Simulation time: 01 hr 05 min 50 sec)
Heartbeat CPU 9 instructions: 60000018 cycles: 18048567 heartbeat IPC: 1.968 cumulative IPC: 1.965 (Simulation time: 01 hr 32 min 25 sec)
Heartbeat CPU 3 instructions: 60000018 cycles: 18056610 heartbeat IPC: 1.967 cumulative IPC: 1.966 (Simulation time: 01 hr 32 min 27 sec)
Heartbeat CPU 1 instructions: 60000018 cycles: 18058287 heartbeat IPC: 1.964 cumulative IPC: 1.961 (Simulation time: 01 hr 32 min 28 sec)
Heartbeat CPU 8 instructions: 60000018 cycles: 18066922 heartbeat IPC: 1.963 cumulative IPC: 1.962 (Simulation time: 01 hr 32 min 31 sec)
Heartbeat CPU 13 instructions: 60000018 cycles: 18068620 heartbeat IPC: 1.962 cumulative IPC: 1.962 (Simulation time: 01 hr 32 min 31 sec)
Heartbeat CPU 10 instructions: 60000018 cycles: 18068845 heartbeat IPC: 1.962 cumulative IPC: 1.962 (Simulation time: 01 hr 32 min 31 sec)
Heartbeat CPU 14 instructions: 60000018 cycles: 18078278 heartbeat IPC: 1.958 cumulative IPC: 1.958 (Simulation time: 01 hr 32 min 34 sec)
Heartbeat CPU 11 instructions: 60000018 cycles: 18079907 heartbeat IPC: 1.958 cumulative IPC: 1.957 (Simulation time: 01 hr 32 min 35 sec)
Heartbeat CPU 15 instructions: 60000018 cycles: 18080007 heartbeat IPC: 1.958 cumulative IPC: 1.957 (Simulation time: 01 hr 32 min 35 sec)
Heartbeat CPU 5 instructions: 60000018 cycles: 18084197 heartbeat IPC: 1.956 cumulative IPC: 1.956 (Simulation time: 01 hr 32 min 36 sec)
Heartbeat CPU 7 instructions: 60000018 cycles: 18096376 heartbeat IPC: 1.951 cumulative IPC: 1.951 (Simulation time: 01 hr 32 min 40 sec)
Heartbeat CPU 4 instructions: 60000018 cycles: 18098770 heartbeat IPC: 1.95 cumulative IPC: 1.95 (Simulation time: 01 hr 32 min 41 sec)
Heartbeat CPU 2 instructions: 60000018 cycles: 18100557 heartbeat IPC: 1.95 cumulative IPC: 1.949 (Simulation time: 01 hr 32 min 41 sec)
Heartbeat CPU 12 instructions: 60000018 cycles: 18101879 heartbeat IPC: 1.949 cumulative IPC: 1.949 (Simulation time: 01 hr 32 min 41 sec)
Heartbeat CPU 0 instructions: 60000018 cycles: 18102761 heartbeat IPC: 1.949 cumulative IPC: 1.949 (Simulation time: 01 hr 32 min 42 sec)
Heartbeat CPU 6 instructions: 60000018 cycles: 18110678 heartbeat IPC: 1.946 cumulative IPC: 1.946 (Simulation time: 01 hr 32 min 44 sec)
Heartbeat CPU 9 instructions: 70000020 cycles: 23172456 heartbeat IPC: 1.952 cumulative IPC: 1.958 (Simulation time: 01 hr 58 min 52 sec)
Heartbeat CPU 3 instructions: 70000019 cycles: 23178648 heartbeat IPC: 1.952 cumulative IPC: 1.959 (Simulation time: 01 hr 58 min 54 sec)
Heartbeat CPU 8 instructions: 70000019 cycles: 23186832 heartbeat IPC: 1.953 cumulative IPC: 1.958 (Simulation time: 01 hr 58 min 56 sec)
Heartbeat CPU 10 instructions: 70000019 cycles: 23193978 heartbeat IPC: 1.951 cumulative IPC: 1.956 (Simulation time: 01 hr 58 min 58 sec)
Heartbeat CPU 1 instructions: 70000019 cycles: 23194005 heartbeat IPC: 1.947 cumulative IPC: 1.954 (Simulation time: 01 hr 58 min 58 sec)
Heartbeat CPU 13 instructions: 70000019 cycles: 23196151 heartbeat IPC: 1.95 cumulative IPC: 1.956 (Simulation time: 01 hr 58 min 59 sec)
Heartbeat CPU 11 instructions: 70000019 cycles: 23208112 heartbeat IPC: 1.95 cumulative IPC: 1.954 (Simulation time: 01 hr 59 min 02 sec)
Heartbeat CPU 15 instructions: 70000019 cycles: 23209897 heartbeat IPC: 1.949 cumulative IPC: 1.953 (Simulation time: 01 hr 59 min 03 sec)
Heartbeat CPU 14 instructions: 70000019 cycles: 23212542 heartbeat IPC: 1.948 cumulative IPC: 1.953 (Simulation time: 01 hr 59 min 04 sec)
Heartbeat CPU 7 instructions: 70000019 cycles: 23215315 heartbeat IPC: 1.954 cumulative IPC: 1.952 (Simulation time: 01 hr 59 min 05 sec)
Heartbeat CPU 5 instructions: 70000019 cycles: 23215590 heartbeat IPC: 1.949 cumulative IPC: 1.952 (Simulation time: 01 hr 59 min 05 sec)
Heartbeat CPU 2 instructions: 70000020 cycles: 23233227 heartbeat IPC: 1.948 cumulative IPC: 1.949 (Simulation time: 01 hr 59 min 10 sec)
Heartbeat CPU 0 instructions: 70000020 cycles: 23234028 heartbeat IPC: 1.949 cumulative IPC: 1.949 (Simulation time: 01 hr 59 min 10 sec)
Heartbeat CPU 4 instructions: 70000020 cycles: 23239626 heartbeat IPC: 1.945 cumulative IPC: 1.948 (Simulation time: 01 hr 59 min 11 sec)
Heartbeat CPU 12 instructions: 70000019 cycles: 23243450 heartbeat IPC: 1.945 cumulative IPC: 1.947 (Simulation time: 01 hr 59 min 13 sec)
Heartbeat CPU 6 instructions: 70000020 cycles: 23251650 heartbeat IPC: 1.945 cumulative IPC: 1.946 (Simulation time: 01 hr 59 min 15 sec)
Heartbeat CPU 9 instructions: 80000023 cycles: 28979951 heartbeat IPC: 1.722 cumulative IPC: 1.873 (Simulation time: 02 hr 26 min 34 sec)
Heartbeat CPU 3 instructions: 80000023 cycles: 28981969 heartbeat IPC: 1.723 cumulative IPC: 1.874 (Simulation time: 02 hr 26 min 35 sec)
Heartbeat CPU 8 instructions: 80000023 cycles: 28989452 heartbeat IPC: 1.723 cumulative IPC: 1.873 (Simulation time: 02 hr 26 min 37 sec)
Heartbeat CPU 13 instructions: 80000020 cycles: 28997817 heartbeat IPC: 1.724 cumulative IPC: 1.872 (Simulation time: 02 hr 26 min 39 sec)
Heartbeat CPU 10 instructions: 80000023 cycles: 28998323 heartbeat IPC: 1.723 cumulative IPC: 1.872 (Simulation time: 02 hr 26 min 40 sec)
Heartbeat CPU 11 instructions: 80000020 cycles: 29001626 heartbeat IPC: 1.726 cumulative IPC: 1.871 (Simulation time: 02 hr 26 min 41 sec)
Heartbeat CPU 1 instructions: 80000020 cycles: 29002116 heartbeat IPC: 1.722 cumulative IPC: 1.87 (Simulation time: 02 hr 26 min 41 sec)
Heartbeat CPU 15 instructions: 80000020 cycles: 29013284 heartbeat IPC: 1.723 cumulative IPC: 1.87 (Simulation time: 02 hr 26 min 44 sec)
Heartbeat CPU 5 instructions: 80000020 cycles: 29020768 heartbeat IPC: 1.723 cumulative IPC: 1.869 (Simulation time: 02 hr 26 min 46 sec)
Heartbeat CPU 7 instructions: 80000020 cycles: 29023092 heartbeat IPC: 1.722 cumulative IPC: 1.869 (Simulation time: 02 hr 26 min 47 sec)
Heartbeat CPU 14 instructions: 80000020 cycles: 29024684 heartbeat IPC: 1.721 cumulative IPC: 1.869 (Simulation time: 02 hr 26 min 47 sec)
Heartbeat CPU 2 instructions: 80000020 cycles: 29028556 heartbeat IPC: 1.726 cumulative IPC: 1.868 (Simulation time: 02 hr 26 min 48 sec)
Heartbeat CPU 0 instructions: 80000020 cycles: 29033508 heartbeat IPC: 1.724 cumulative IPC: 1.868 (Simulation time: 02 hr 26 min 50 sec)
Heartbeat CPU 4 instructions: 80000020 cycles: 29046803 heartbeat IPC: 1.722 cumulative IPC: 1.866 (Simulation time: 02 hr 26 min 53 sec)
Heartbeat CPU 12 instructions: 80000023 cycles: 29050785 heartbeat IPC: 1.722 cumulative IPC: 1.866 (Simulation time: 02 hr 26 min 55 sec)
Heartbeat CPU 6 instructions: 80000020 cycles: 29055809 heartbeat IPC: 1.723 cumulative IPC: 1.865 (Simulation time: 02 hr 26 min 56 sec)
Heartbeat CPU 3 instructions: 90000025 cycles: 34782450 heartbeat IPC: 1.724 cumulative IPC: 1.834 (Simulation time: 02 hr 54 min 03 sec)
Heartbeat CPU 9 instructions: 90000025 cycles: 34783476 heartbeat IPC: 1.723 cumulative IPC: 1.833 (Simulation time: 02 hr 54 min 03 sec)
Heartbeat CPU 8 instructions: 90000025 cycles: 34792937 heartbeat IPC: 1.723 cumulative IPC: 1.833 (Simulation time: 02 hr 54 min 06 sec)
Heartbeat CPU 10 instructions: 90000025 cycles: 34800456 heartbeat IPC: 1.724 cumulative IPC: 1.832 (Simulation time: 02 hr 54 min 08 sec)
Heartbeat CPU 13 instructions: 90000021 cycles: 34804817 heartbeat IPC: 1.722 cumulative IPC: 1.832 (Simulation time: 02 hr 54 min 10 sec)
Heartbeat CPU 11 instructions: 90000021 cycles: 34804925 heartbeat IPC: 1.723 cumulative IPC: 1.832 (Simulation time: 02 hr 54 min 10 sec)
Heartbeat CPU 1 instructions: 90000021 cycles: 34808394 heartbeat IPC: 1.722 cumulative IPC: 1.831 (Simulation time: 02 hr 54 min 11 sec)
Heartbeat CPU 15 instructions: 90000021 cycles: 34815641 heartbeat IPC: 1.723 cumulative IPC: 1.831 (Simulation time: 02 hr 54 min 13 sec)
Heartbeat CPU 5 instructions: 90000021 cycles: 34815666 heartbeat IPC: 1.726 cumulative IPC: 1.831 (Simulation time: 02 hr 54 min 13 sec)
Heartbeat CPU 7 instructions: 90000021 cycles: 34827428 heartbeat IPC: 1.723 cumulative IPC: 1.83 (Simulation time: 02 hr 54 min 16 sec)
Heartbeat CPU 2 instructions: 90000021 cycles: 34828667 heartbeat IPC: 1.724 cumulative IPC: 1.83 (Simulation time: 02 hr 54 min 16 sec)
Heartbeat CPU 0 instructions: 90000021 cycles: 34837342 heartbeat IPC: 1.723 cumulative IPC: 1.829 (Simulation time: 02 hr 54 min 19 sec)
Heartbeat CPU 14 instructions: 90000021 cycles: 34837666 heartbeat IPC: 1.72 cumulative IPC: 1.829 (Simulation time: 02 hr 54 min 19 sec)
Heartbeat CPU 4 instructions: 90000021 cycles: 34848143 heartbeat IPC: 1.724 cumulative IPC: 1.828 (Simulation time: 02 hr 54 min 22 sec)
Heartbeat CPU 12 instructions: 90000025 cycles: 34853436 heartbeat IPC: 1.723 cumulative IPC: 1.828 (Simulation time: 02 hr 54 min 23 sec)
Heartbeat CPU 6 instructions: 90000021 cycles: 34865098 heartbeat IPC: 1.721 cumulative IPC: 1.827 (Simulation time: 02 hr 54 min 27 sec)
Heartbeat CPU 3 instructions: 100000026 cycles: 40547818 heartbeat IPC: 1.734 cumulative IPC: 1.813 (Simulation time: 03 hr 21 min 51 sec)
Heartbeat CPU 9 instructions: 100000027 cycles: 40556275 heartbeat IPC: 1.732 cumulative IPC: 1.812 (Simulation time: 03 hr 21 min 53 sec)
Heartbeat CPU 8 instructions: 100000026 cycles: 40562651 heartbeat IPC: 1.733 cumulative IPC: 1.812 (Simulation time: 03 hr 21 min 55 sec)
Heartbeat CPU 11 instructions: 100000021 cycles: 40572140 heartbeat IPC: 1.734 cumulative IPC: 1.812 (Simulation time: 03 hr 21 min 58 sec)
Heartbeat CPU 10 instructions: 100000027 cycles: 40572290 heartbeat IPC: 1.733 cumulative IPC: 1.812 (Simulation time: 03 hr 21 min 58 sec)
Heartbeat CPU 13 instructions: 100000021 cycles: 40577220 heartbeat IPC: 1.732 cumulative IPC: 1.811 (Simulation time: 03 hr 21 min 59 sec)
Heartbeat CPU 1 instructions: 100000021 cycles: 40584386 heartbeat IPC: 1.731 cumulative IPC: 1.81 (Simulation time: 03 hr 22 min 01 sec)
Heartbeat CPU 5 instructions: 100000021 cycles: 40586357 heartbeat IPC: 1.733 cumulative IPC: 1.811 (Simulation time: 03 hr 22 min 02 sec)
Heartbeat CPU 15 instructions: 100000021 cycles: 40588898 heartbeat IPC: 1.732 cumulative IPC: 1.81 (Simulation time: 03 hr 22 min 03 sec)
Heartbeat CPU 2 instructions: 100000021 cycles: 40597197 heartbeat IPC: 1.734 cumulative IPC: 1.81 (Simulation time: 03 hr 22 min 05 sec)
Heartbeat CPU 7 instructions: 100000021 cycles: 40599329 heartbeat IPC: 1.733 cumulative IPC: 1.81 (Simulation time: 03 hr 22 min 06 sec)
Heartbeat CPU 0 instructions: 100000021 cycles: 40602943 heartbeat IPC: 1.734 cumulative IPC: 1.809 (Simulation time: 03 hr 22 min 07 sec)
Heartbeat CPU 14 instructions: 100000021 cycles: 40607957 heartbeat IPC: 1.733 cumulative IPC: 1.809 (Simulation time: 03 hr 22 min 08 sec)
Heartbeat CPU 12 instructions: 100000027 cycles: 40617300 heartbeat IPC: 1.735 cumulative IPC: 1.809 (Simulation time: 03 hr 22 min 11 sec)
Heartbeat CPU 4 instructions: 100000021 cycles: 40621432 heartbeat IPC: 1.732 cumulative IPC: 1.808 (Simulation time: 03 hr 22 min 12 sec)
Heartbeat CPU 6 instructions: 100000021 cycles: 40628107 heartbeat IPC: 1.735 cumulative IPC: 1.808 (Simulation time: 03 hr 22 min 14 sec)
Heartbeat CPU 3 instructions: 110000026 cycles: 46344509 heartbeat IPC: 1.725 cumulative IPC: 1.798 (Simulation time: 03 hr 49 min 43 sec)
Heartbeat CPU 8 instructions: 110000029 cycles: 46362701 heartbeat IPC: 1.724 cumulative IPC: 1.797 (Simulation time: 03 hr 49 min 48 sec)
Heartbeat CPU 9 instructions: 110000029 cycles: 46364324 heartbeat IPC: 1.722 cumulative IPC: 1.796 (Simulation time: 03 hr 49 min 49 sec)
Heartbeat CPU 11 instructions: 110000022 cycles: 46369822 heartbeat IPC: 1.725 cumulative IPC: 1.796 (Simulation time: 03 hr 49 min 50 sec)
Heartbeat CPU 13 instructions: 110000021 cycles: 46377574 heartbeat IPC: 1.724 cumulative IPC: 1.796 (Simulation time: 03 hr 49 min 53 sec)
Heartbeat CPU 10 instructions: 110000027 cycles: 46378566 heartbeat IPC: 1.722 cumulative IPC: 1.796 (Simulation time: 03 hr 49 min 53 sec)
Heartbeat CPU 15 instructions: 110000022 cycles: 46389161 heartbeat IPC: 1.724 cumulative IPC: 1.795 (Simulation time: 03 hr 49 min 56 sec)
Heartbeat CPU 1 instructions: 110000022 cycles: 46391700 heartbeat IPC: 1.722 cumulative IPC: 1.795 (Simulation time: 03 hr 49 min 57 sec)
Heartbeat CPU 5 instructions: 110000022 cycles: 46392521 heartbeat IPC: 1.722 cumulative IPC: 1.795 (Simulation time: 03 hr 49 min 57 sec)
Heartbeat CPU 2 instructions: 110000022 cycles: 46396907 heartbeat IPC: 1.724 cumulative IPC: 1.795 (Simulation time: 03 hr 49 min 58 sec)
Heartbeat CPU 7 instructions: 110000022 cycles: 46402248 heartbeat IPC: 1.723 cumulative IPC: 1.795 (Simulation time: 03 hr 50 min 00 sec)
Heartbeat CPU 0 instructions: 110000022 cycles: 46408644 heartbeat IPC: 1.722 cumulative IPC: 1.794 (Simulation time: 03 hr 50 min 01 sec)
Heartbeat CPU 14 instructions: 110000021 cycles: 46415186 heartbeat IPC: 1.722 cumulative IPC: 1.794 (Simulation time: 03 hr 50 min 03 sec)
Heartbeat CPU 12 instructions: 110000029 cycles: 46420052 heartbeat IPC: 1.723 cumulative IPC: 1.794 (Simulation time: 03 hr 50 min 05 sec)
Heartbeat CPU 4 instructions: 110000021 cycles: 46420225 heartbeat IPC: 1.724 cumulative IPC: 1.794 (Simulation time: 03 hr 50 min 05 sec)
Heartbeat CPU 6 instructions: 110000022 cycles: 46436626 heartbeat IPC: 1.722 cumulative IPC: 1.793 (Simulation time: 03 hr 50 min 10 sec)
Heartbeat CPU 3 instructions: 120000027 cycles: 52110777 heartbeat IPC: 1.734 cumulative IPC: 1.788 (Simulation time: 04 hr 17 min 34 sec)
Heartbeat CPU 8 instructions: 120000031 cycles: 52130281 heartbeat IPC: 1.734 cumulative IPC: 1.788 (Simulation time: 04 hr 17 min 39 sec)
Heartbeat CPU 11 instructions: 120000022 cycles: 52130947 heartbeat IPC: 1.736 cumulative IPC: 1.788 (Simulation time: 04 hr 17 min 39 sec)
Heartbeat CPU 9 instructions: 120000031 cycles: 52136257 heartbeat IPC: 1.733 cumulative IPC: 1.787 (Simulation time: 04 hr 17 min 41 sec)
Heartbeat CPU 13 instructions: 120000021 cycles: 52148053 heartbeat IPC: 1.733 cumulative IPC: 1.787 (Simulation time: 04 hr 17 min 44 sec)
Heartbeat CPU 10 instructions: 120000027 cycles: 52149205 heartbeat IPC: 1.733 cumulative IPC: 1.787 (Simulation time: 04 hr 17 min 45 sec)
Heartbeat CPU 1 instructions: 120000022 cycles: 52155708 heartbeat IPC: 1.735 cumulative IPC: 1.786 (Simulation time: 04 hr 17 min 47 sec)
Heartbeat CPU 5 instructions: 120000022 cycles: 52160343 heartbeat IPC: 1.734 cumulative IPC: 1.786 (Simulation time: 04 hr 17 min 48 sec)
Heartbeat CPU 15 instructions: 120000022 cycles: 52164221 heartbeat IPC: 1.732 cumulative IPC: 1.786 (Simulation time: 04 hr 17 min 49 sec)
Heartbeat CPU 7 instructions: 120000022 cycles: 52171233 heartbeat IPC: 1.733 cumulative IPC: 1.786 (Simulation time: 04 hr 17 min 51 sec)
Heartbeat CPU 2 instructions: 120000022 cycles: 52171994 heartbeat IPC: 1.732 cumulative IPC: 1.786 (Simulation time: 04 hr 17 min 51 sec)
Heartbeat CPU 0 instructions: 120000022 cycles: 52174671 heartbeat IPC: 1.734 cumulative IPC: 1.786 (Simulation time: 04 hr 17 min 52 sec)
Heartbeat CPU 14 instructions: 120000021 cycles: 52191302 heartbeat IPC: 1.731 cumulative IPC: 1.785 (Simulation time: 04 hr 17 min 57 sec)
Heartbeat CPU 12 instructions: 120000032 cycles: 52192294 heartbeat IPC: 1.732 cumulative IPC: 1.785 (Simulation time: 04 hr 17 min 57 sec)
Heartbeat CPU 4 instructions: 120000021 cycles: 52195226 heartbeat IPC: 1.732 cumulative IPC: 1.785 (Simulation time: 04 hr 17 min 58 sec)
Heartbeat CPU 6 instructions: 120000022 cycles: 52205682 heartbeat IPC: 1.733 cumulative IPC: 1.784 (Simulation time: 04 hr 18 min 01 sec)
Heartbeat CPU 3 instructions: 130000028 cycles: 57907505 heartbeat IPC: 1.725 cumulative IPC: 1.78 (Simulation time: 04 hr 45 min 31 sec)
Heartbeat CPU 8 instructions: 130000034 cycles: 57928730 heartbeat IPC: 1.725 cumulative IPC: 1.779 (Simulation time: 04 hr 45 min 37 sec)
Heartbeat CPU 11 instructions: 130000022 cycles: 57931723 heartbeat IPC: 1.724 cumulative IPC: 1.779 (Simulation time: 04 hr 45 min 38 sec)
Heartbeat CPU 9 instructions: 130000034 cycles: 57940019 heartbeat IPC: 1.723 cumulative IPC: 1.779 (Simulation time: 04 hr 45 min 41 sec)
Heartbeat CPU 13 instructions: 130000022 cycles: 57950643 heartbeat IPC: 1.723 cumulative IPC: 1.779 (Simulation time: 04 hr 45 min 44 sec)
Heartbeat CPU 1 instructions: 130000022 cycles: 57956488 heartbeat IPC: 1.724 cumulative IPC: 1.778 (Simulation time: 04 hr 45 min 45 sec)
Heartbeat CPU 10 instructions: 130000028 cycles: 57958006 heartbeat IPC: 1.722 cumulative IPC: 1.778 (Simulation time: 04 hr 45 min 46 sec)
Heartbeat CPU 15 instructions: 130000022 cycles: 57965406 heartbeat IPC: 1.724 cumulative IPC: 1.778 (Simulation time: 04 hr 45 min 48 sec)
Heartbeat CPU 5 instructions: 130000023 cycles: 57966243 heartbeat IPC: 1.722 cumulative IPC: 1.778 (Simulation time: 04 hr 45 min 48 sec)
Heartbeat CPU 7 instructions: 130000022 cycles: 57973519 heartbeat IPC: 1.723 cumulative IPC: 1.778 (Simulation time: 04 hr 45 min 50 sec)
Heartbeat CPU 2 instructions: 130000022 cycles: 57975017 heartbeat IPC: 1.723 cumulative IPC: 1.778 (Simulation time: 04 hr 45 min 51 sec)
Heartbeat CPU 0 instructions: 130000022 cycles: 57981717 heartbeat IPC: 1.722 cumulative IPC: 1.777 (Simulation time: 04 hr 45 min 53 sec)
Heartbeat CPU 12 instructions: 130000034 cycles: 57987178 heartbeat IPC: 1.726 cumulative IPC: 1.777 (Simulation time: 04 hr 45 min 54 sec)
Heartbeat CPU 14 instructions: 130000022 cycles: 57995921 heartbeat IPC: 1.723 cumulative IPC: 1.777 (Simulation time: 04 hr 45 min 57 sec)
Heartbeat CPU 4 instructions: 130000022 cycles: 58000700 heartbeat IPC: 1.723 cumulative IPC: 1.777 (Simulation time: 04 hr 45 min 58 sec)
Heartbeat CPU 6 instructions: 130000022 cycles: 58014185 heartbeat IPC: 1.722 cumulative IPC: 1.776 (Simulation time: 04 hr 46 min 02 sec)
Heartbeat CPU 3 instructions: 140000031 cycles: 63670904 heartbeat IPC: 1.735 cumulative IPC: 1.775 (Simulation time: 05 hr 13 min 43 sec)
Heartbeat CPU 11 instructions: 140000025 cycles: 63693765 heartbeat IPC: 1.735 cumulative IPC: 1.774 (Simulation time: 05 hr 13 min 50 sec)
Heartbeat CPU 8 instructions: 140000037 cycles: 63694608 heartbeat IPC: 1.734 cumulative IPC: 1.774 (Simulation time: 05 hr 13 min 51 sec)
Heartbeat CPU 9 instructions: 140000037 cycles: 63707941 heartbeat IPC: 1.734 cumulative IPC: 1.773 (Simulation time: 05 hr 13 min 55 sec)
Heartbeat CPU 13 instructions: 140000025 cycles: 63714519 heartbeat IPC: 1.735 cumulative IPC: 1.774 (Simulation time: 05 hr 13 min 57 sec)
Heartbeat CPU 1 instructions: 140000025 cycles: 63718466 heartbeat IPC: 1.736 cumulative IPC: 1.773 (Simulation time: 05 hr 13 min 58 sec)
Heartbeat CPU 10 instructions: 140000031 cycles: 63724045 heartbeat IPC: 1.734 cumulative IPC: 1.773 (Simulation time: 05 hr 14 min 00 sec)
Heartbeat CPU 5 instructions: 140000025 cycles: 63726693 heartbeat IPC: 1.736 cumulative IPC: 1.773 (Simulation time: 05 hr 14 min 00 sec)
Heartbeat CPU 15 instructions: 140000025 cycles: 63733654 heartbeat IPC: 1.734 cumulative IPC: 1.773 (Simulation time: 05 hr 14 min 03 sec)
Heartbeat CPU 7 instructions: 140000025 cycles: 63743573 heartbeat IPC: 1.733 cumulative IPC: 1.773 (Simulation time: 05 hr 14 min 06 sec)
Heartbeat CPU 2 instructions: 140000025 cycles: 63746903 heartbeat IPC: 1.733 cumulative IPC: 1.772 (Simulation time: 05 hr 14 min 07 sec)
Heartbeat CPU 12 instructions: 140000037 cycles: 63752033 heartbeat IPC: 1.735 cumulative IPC: 1.772 (Simulation time: 05 hr 14 min 08 sec)
Heartbeat CPU 0 instructions: 140000025 cycles: 63755500 heartbeat IPC: 1.732 cumulative IPC: 1.772 (Simulation time: 05 hr 14 min 09 sec)
Heartbeat CPU 4 instructions: 140000025 cycles: 63768599 heartbeat IPC: 1.734 cumulative IPC: 1.772 (Simulation time: 05 hr 14 min 13 sec)
Heartbeat CPU 14 instructions: 140000025 cycles: 63772211 heartbeat IPC: 1.731 cumulative IPC: 1.772 (Simulation time: 05 hr 14 min 14 sec)
Heartbeat CPU 6 instructions: 140000025 cycles: 63780610 heartbeat IPC: 1.734 cumulative IPC: 1.771 (Simulation time: 05 hr 14 min 17 sec)
Heartbeat CPU 3 instructions: 150000031 cycles: 69473262 heartbeat IPC: 1.723 cumulative IPC: 1.77 (Simulation time: 05 hr 42 min 26 sec)
Heartbeat CPU 11 instructions: 150000029 cycles: 69496651 heartbeat IPC: 1.723 cumulative IPC: 1.769 (Simulation time: 05 hr 42 min 33 sec)
Heartbeat CPU 8 instructions: 150000039 cycles: 69501436 heartbeat IPC: 1.722 cumulative IPC: 1.769 (Simulation time: 05 hr 42 min 35 sec)
Heartbeat CPU 9 instructions: 150000039 cycles: 69513442 heartbeat IPC: 1.723 cumulative IPC: 1.768 (Simulation time: 05 hr 42 min 38 sec)
Heartbeat CPU 13 instructions: 150000026 cycles: 69517182 heartbeat IPC: 1.723 cumulative IPC: 1.768 (Simulation time: 05 hr 42 min 39 sec)
Heartbeat CPU 1 instructions: 150000029 cycles: 69525509 heartbeat IPC: 1.722 cumulative IPC: 1.768 (Simulation time: 05 hr 42 min 42 sec)
Heartbeat CPU 5 instructions: 150000029 cycles: 69535046 heartbeat IPC: 1.722 cumulative IPC: 1.768 (Simulation time: 05 hr 42 min 45 sec)
Heartbeat CPU 10 instructions: 150000031 cycles: 69540804 heartbeat IPC: 1.719 cumulative IPC: 1.768 (Simulation time: 05 hr 42 min 46 sec)
Heartbeat CPU 15 instructions: 150000029 cycles: 69541613 heartbeat IPC: 1.722 cumulative IPC: 1.768 (Simulation time: 05 hr 42 min 46 sec)
Heartbeat CPU 2 instructions: 150000029 cycles: 69547080 heartbeat IPC: 1.724 cumulative IPC: 1.768 (Simulation time: 05 hr 42 min 48 sec)
Heartbeat CPU 7 instructions: 150000029 cycles: 69550981 heartbeat IPC: 1.722 cumulative IPC: 1.767 (Simulation time: 05 hr 42 min 49 sec)
Heartbeat CPU 0 instructions: 150000026 cycles: 69561963 heartbeat IPC: 1.722 cumulative IPC: 1.767 (Simulation time: 05 hr 42 min 52 sec)
Heartbeat CPU 12 instructions: 150000039 cycles: 69562890 heartbeat IPC: 1.721 cumulative IPC: 1.767 (Simulation time: 05 hr 42 min 53 sec)
Heartbeat CPU 4 instructions: 150000029 cycles: 69572171 heartbeat IPC: 1.723 cumulative IPC: 1.767 (Simulation time: 05 hr 42 min 55 sec)
Heartbeat CPU 14 instructions: 150000029 cycles: 69579829 heartbeat IPC: 1.722 cumulative IPC: 1.767 (Simulation time: 05 hr 42 min 58 sec)
Heartbeat CPU 6 instructions: 150000029 cycles: 69585174 heartbeat IPC: 1.723 cumulative IPC: 1.766 (Simulation time: 05 hr 42 min 59 sec)
Heartbeat CPU 3 instructions: 160000033 cycles: 75274175 heartbeat IPC: 1.724 cumulative IPC: 1.766 (Simulation time: 06 hr 10 min 51 sec)
Heartbeat CPU 11 instructions: 160000033 cycles: 75290277 heartbeat IPC: 1.726 cumulative IPC: 1.765 (Simulation time: 06 hr 10 min 56 sec)
Heartbeat CPU 8 instructions: 160000043 cycles: 75302442 heartbeat IPC: 1.724 cumulative IPC: 1.765 (Simulation time: 06 hr 11 min 00 sec)
Heartbeat CPU 9 instructions: 160000043 cycles: 75315484 heartbeat IPC: 1.724 cumulative IPC: 1.764 (Simulation time: 06 hr 11 min 03 sec)
Heartbeat CPU 13 instructions: 160000027 cycles: 75323422 heartbeat IPC: 1.722 cumulative IPC: 1.764 (Simulation time: 06 hr 11 min 06 sec)
Heartbeat CPU 1 instructions: 160000033 cycles: 75325979 heartbeat IPC: 1.724 cumulative IPC: 1.764 (Simulation time: 06 hr 11 min 06 sec)
Heartbeat CPU 5 instructions: 160000033 cycles: 75330564 heartbeat IPC: 1.725 cumulative IPC: 1.764 (Simulation time: 06 hr 11 min 08 sec)
Heartbeat CPU 10 instructions: 160000034 cycles: 75344976 heartbeat IPC: 1.723 cumulative IPC: 1.764 (Simulation time: 06 hr 11 min 12 sec)
Heartbeat CPU 15 instructions: 160000033 cycles: 75347009 heartbeat IPC: 1.723 cumulative IPC: 1.763 (Simulation time: 06 hr 11 min 13 sec)
Heartbeat CPU 2 instructions: 160000033 cycles: 75352274 heartbeat IPC: 1.723 cumulative IPC: 1.763 (Simulation time: 06 hr 11 min 14 sec)
Heartbeat CPU 7 instructions: 160000033 cycles: 75356704 heartbeat IPC: 1.722 cumulative IPC: 1.763 (Simulation time: 06 hr 11 min 16 sec)
Heartbeat CPU 0 instructions: 160000027 cycles: 75365885 heartbeat IPC: 1.723 cumulative IPC: 1.763 (Simulation time: 06 hr 11 min 18 sec)
Heartbeat CPU 12 instructions: 160000043 cycles: 75369456 heartbeat IPC: 1.722 cumulative IPC: 1.763 (Simulation time: 06 hr 11 min 19 sec)
Heartbeat CPU 4 instructions: 160000033 cycles: 75372840 heartbeat IPC: 1.724 cumulative IPC: 1.763 (Simulation time: 06 hr 11 min 20 sec)
Heartbeat CPU 14 instructions: 160000033 cycles: 75387451 heartbeat IPC: 1.722 cumulative IPC: 1.762 (Simulation time: 06 hr 11 min 25 sec)
Heartbeat CPU 6 instructions: 160000033 cycles: 75395903 heartbeat IPC: 1.721 cumulative IPC: 1.762 (Simulation time: 06 hr 11 min 27 sec)
Heartbeat CPU 3 instructions: 170000036 cycles: 81040371 heartbeat IPC: 1.734 cumulative IPC: 1.763 (Simulation time: 06 hr 39 min 07 sec)
Heartbeat CPU 11 instructions: 170000036 cycles: 81053422 heartbeat IPC: 1.735 cumulative IPC: 1.763 (Simulation time: 06 hr 39 min 11 sec)
Heartbeat CPU 8 instructions: 170000048 cycles: 81066029 heartbeat IPC: 1.735 cumulative IPC: 1.762 (Simulation time: 06 hr 39 min 15 sec)
Heartbeat CPU 9 instructions: 170000048 cycles: 81083163 heartbeat IPC: 1.734 cumulative IPC: 1.761 (Simulation time: 06 hr 39 min 20 sec)
Heartbeat CPU 1 instructions: 170000036 cycles: 81089253 heartbeat IPC: 1.735 cumulative IPC: 1.761 (Simulation time: 06 hr 39 min 22 sec)
Heartbeat CPU 5 instructions: 170000036 cycles: 81101685 heartbeat IPC: 1.733 cumulative IPC: 1.761 (Simulation time: 06 hr 39 min 25 sec)
Heartbeat CPU 13 instructions: 170000030 cycles: 81104276 heartbeat IPC: 1.73 cumulative IPC: 1.761 (Simulation time: 06 hr 39 min 26 sec)
Heartbeat CPU 10 instructions: 170000036 cycles: 81114507 heartbeat IPC: 1.733 cumulative IPC: 1.761 (Simulation time: 06 hr 39 min 29 sec)
Heartbeat CPU 15 instructions: 170000036 cycles: 81115556 heartbeat IPC: 1.734 cumulative IPC: 1.761 (Simulation time: 06 hr 39 min 29 sec)
Heartbeat CPU 2 instructions: 170000036 cycles: 81123327 heartbeat IPC: 1.733 cumulative IPC: 1.761 (Simulation time: 06 hr 39 min 32 sec)
Heartbeat CPU 7 instructions: 170000036 cycles: 81126031 heartbeat IPC: 1.733 cumulative IPC: 1.761 (Simulation time: 06 hr 39 min 32 sec)
Heartbeat CPU 12 instructions: 170000048 cycles: 81132041 heartbeat IPC: 1.735 cumulative IPC: 1.761 (Simulation time: 06 hr 39 min 34 sec)
Heartbeat CPU 0 instructions: 170000030 cycles: 81138418 heartbeat IPC: 1.732 cumulative IPC: 1.76 (Simulation time: 06 hr 39 min 36 sec)
Heartbeat CPU 4 instructions: 170000036 cycles: 81143982 heartbeat IPC: 1.733 cumulative IPC: 1.76 (Simulation time: 06 hr 39 min 38 sec)
Heartbeat CPU 14 instructions: 170000036 cycles: 81159859 heartbeat IPC: 1.732 cumulative IPC: 1.76 (Simulation time: 06 hr 39 min 42 sec)
Heartbeat CPU 6 instructions: 170000036 cycles: 81160394 heartbeat IPC: 1.735 cumulative IPC: 1.76 (Simulation time: 06 hr 39 min 43 sec)
Heartbeat CPU 3 instructions: 180000036 cycles: 86840111 heartbeat IPC: 1.724 cumulative IPC: 1.76 (Simulation time: 07 hr 07 min 33 sec)
Heartbeat CPU 11 instructions: 180000036 cycles: 86852516 heartbeat IPC: 1.724 cumulative IPC: 1.76 (Simulation time: 07 hr 07 min 37 sec)
Heartbeat CPU 8 instructions: 180000048 cycles: 86869089 heartbeat IPC: 1.723 cumulative IPC: 1.759 (Simulation time: 07 hr 07 min 42 sec)
Heartbeat CPU 1 instructions: 180000036 cycles: 86888916 heartbeat IPC: 1.724 cumulative IPC: 1.758 (Simulation time: 07 hr 07 min 48 sec)
Heartbeat CPU 9 instructions: 180000048 cycles: 86889191 heartbeat IPC: 1.722 cumulative IPC: 1.758 (Simulation time: 07 hr 07 min 48 sec)
Heartbeat CPU 5 instructions: 180000036 cycles: 86902605 heartbeat IPC: 1.724 cumulative IPC: 1.758 (Simulation time: 07 hr 07 min 52 sec)
Heartbeat CPU 13 instructions: 180000030 cycles: 86908060 heartbeat IPC: 1.723 cumulative IPC: 1.758 (Simulation time: 07 hr 07 min 53 sec)
Heartbeat CPU 15 instructions: 180000036 cycles: 86915775 heartbeat IPC: 1.724 cumulative IPC: 1.758 (Simulation time: 07 hr 07 min 56 sec)
Heartbeat CPU 10 instructions: 180000036 cycles: 86922300 heartbeat IPC: 1.722 cumulative IPC: 1.758 (Simulation time: 07 hr 07 min 58 sec)
Heartbeat CPU 2 instructions: 180000036 cycles: 86924880 heartbeat IPC: 1.724 cumulative IPC: 1.758 (Simulation time: 07 hr 07 min 58 sec)
Heartbeat CPU 7 instructions: 180000036 cycles: 86927483 heartbeat IPC: 1.724 cumulative IPC: 1.758 (Simulation time: 07 hr 07 min 59 sec)
Heartbeat CPU 12 instructions: 180000048 cycles: 86936036 heartbeat IPC: 1.723 cumulative IPC: 1.758 (Simulation time: 07 hr 08 min 02 sec)
Heartbeat CPU 4 instructions: 180000036 cycles: 86944410 heartbeat IPC: 1.724 cumulative IPC: 1.757 (Simulation time: 07 hr 08 min 04 sec)
Heartbeat CPU 0 instructions: 180000030 cycles: 86946171 heartbeat IPC: 1.722 cumulative IPC: 1.757 (Simulation time: 07 hr 08 min 05 sec)
Heartbeat CPU 6 instructions: 180000036 cycles: 86960760 heartbeat IPC: 1.724 cumulative IPC: 1.757 (Simulation time: 07 hr 08 min 09 sec)
Heartbeat CPU 14 instructions: 180000036 cycles: 86974141 heartbeat IPC: 1.72 cumulative IPC: 1.757 (Simulation time: 07 hr 08 min 13 sec)
Heartbeat CPU 3 instructions: 190000040 cycles: 92610628 heartbeat IPC: 1.733 cumulative IPC: 1.758 (Simulation time: 07 hr 35 min 40 sec)
Heartbeat CPU 11 instructions: 190000040 cycles: 92613200 heartbeat IPC: 1.736 cumulative IPC: 1.758 (Simulation time: 07 hr 35 min 41 sec)
Heartbeat CPU 8 instructions: 190000052 cycles: 92637329 heartbeat IPC: 1.734 cumulative IPC: 1.757 (Simulation time: 07 hr 35 min 48 sec)
Heartbeat CPU 1 instructions: 190000040 cycles: 92653889 heartbeat IPC: 1.735 cumulative IPC: 1.757 (Simulation time: 07 hr 35 min 52 sec)
Heartbeat CPU 9 instructions: 190000052 cycles: 92665245 heartbeat IPC: 1.731 cumulative IPC: 1.756 (Simulation time: 07 hr 35 min 56 sec)
Heartbeat CPU 5 instructions: 190000040 cycles: 92668988 heartbeat IPC: 1.734 cumulative IPC: 1.757 (Simulation time: 07 hr 35 min 57 sec)
Heartbeat CPU 13 instructions: 190000034 cycles: 92676503 heartbeat IPC: 1.734 cumulative IPC: 1.756 (Simulation time: 07 hr 35 min 59 sec)
Heartbeat CPU 15 instructions: 190000040 cycles: 92684185 heartbeat IPC: 1.734 cumulative IPC: 1.756 (Simulation time: 07 hr 36 min 01 sec)
Heartbeat CPU 2 instructions: 190000040 cycles: 92691107 heartbeat IPC: 1.734 cumulative IPC: 1.756 (Simulation time: 07 hr 36 min 03 sec)
Heartbeat CPU 10 instructions: 190000040 cycles: 92692825 heartbeat IPC: 1.733 cumulative IPC: 1.756 (Simulation time: 07 hr 36 min 04 sec)
Heartbeat CPU 7 instructions: 190000040 cycles: 92700985 heartbeat IPC: 1.732 cumulative IPC: 1.756 (Simulation time: 07 hr 36 min 06 sec)
Heartbeat CPU 12 instructions: 190000052 cycles: 92702199 heartbeat IPC: 1.734 cumulative IPC: 1.756 (Simulation time: 07 hr 36 min 06 sec)
Heartbeat CPU 4 instructions: 190000040 cycles: 92717368 heartbeat IPC: 1.732 cumulative IPC: 1.756 (Simulation time: 07 hr 36 min 11 sec)
Heartbeat CPU 0 instructions: 190000034 cycles: 92723232 heartbeat IPC: 1.731 cumulative IPC: 1.755 (Simulation time: 07 hr 36 min 12 sec)
Heartbeat CPU 6 instructions: 190000040 cycles: 92727283 heartbeat IPC: 1.734 cumulative IPC: 1.755 (Simulation time: 07 hr 36 min 14 sec)
Heartbeat CPU 14 instructions: 190000040 cycles: 92749747 heartbeat IPC: 1.731 cumulative IPC: 1.755 (Simulation time: 07 hr 36 min 20 sec)
Heartbeat CPU 3 instructions: 200000040 cycles: 98407691 heartbeat IPC: 1.725 cumulative IPC: 1.756 (Simulation time: 08 hr 03 min 51 sec)
Heartbeat CPU 11 instructions: 200000040 cycles: 98416719 heartbeat IPC: 1.723 cumulative IPC: 1.755 (Simulation time: 08 hr 03 min 54 sec)
Heartbeat CPU 8 instructions: 200000052 cycles: 98437044 heartbeat IPC: 1.724 cumulative IPC: 1.755 (Simulation time: 08 hr 03 min 59 sec)
Heartbeat CPU 1 instructions: 200000041 cycles: 98452945 heartbeat IPC: 1.724 cumulative IPC: 1.754 (Simulation time: 08 hr 04 min 04 sec)
Heartbeat CPU 9 instructions: 200000052 cycles: 98468117 heartbeat IPC: 1.723 cumulative IPC: 1.754 (Simulation time: 08 hr 04 min 09 sec)
Heartbeat CPU 5 instructions: 200000040 cycles: 98475963 heartbeat IPC: 1.722 cumulative IPC: 1.754 (Simulation time: 08 hr 04 min 11 sec)
Heartbeat CPU 13 instructions: 200000034 cycles: 98476895 heartbeat IPC: 1.724 cumulative IPC: 1.754 (Simulation time: 08 hr 04 min 11 sec)
Heartbeat CPU 15 instructions: 200000040 cycles: 98483423 heartbeat IPC: 1.724 cumulative IPC: 1.754 (Simulation time: 08 hr 04 min 13 sec)
Heartbeat CPU 2 instructions: 200000040 cycles: 98487896 heartbeat IPC: 1.725 cumulative IPC: 1.754 (Simulation time: 08 hr 04 min 14 sec)
Heartbeat CPU 7 instructions: 200000040 cycles: 98501208 heartbeat IPC: 1.724 cumulative IPC: 1.754 (Simulation time: 08 hr 04 min 18 sec)
Heartbeat CPU 12 instructions: 200000052 cycles: 98501543 heartbeat IPC: 1.724 cumulative IPC: 1.754 (Simulation time: 08 hr 04 min 18 sec)
Heartbeat CPU 10 instructions: 200000040 cycles: 98504970 heartbeat IPC: 1.721 cumulative IPC: 1.754 (Simulation time: 08 hr 04 min 19 sec)
Heartbeat CPU 4 instructions: 200000040 cycles: 98512650 heartbeat IPC: 1.726 cumulative IPC: 1.754 (Simulation time: 08 hr 04 min 22 sec)
Heartbeat CPU 0 instructions: 200000034 cycles: 98527008 heartbeat IPC: 1.723 cumulative IPC: 1.753 (Simulation time: 08 hr 04 min 26 sec)
Heartbeat CPU 6 instructions: 200000040 cycles: 98531271 heartbeat IPC: 1.723 cumulative IPC: 1.753 (Simulation time: 08 hr 04 min 27 sec)
Heartbeat CPU 14 instructions: 200000040 cycles: 98548824 heartbeat IPC: 1.724 cumulative IPC: 1.753 (Simulation time: 08 hr 04 min 32 sec)
Heartbeat CPU 3 instructions: 210000041 cycles: 104171728 heartbeat IPC: 1.735 cumulative IPC: 1.754 (Simulation time: 08 hr 32 min 04 sec)
Heartbeat CPU 11 instructions: 210000041 cycles: 104181799 heartbeat IPC: 1.735 cumulative IPC: 1.754 (Simulation time: 08 hr 32 min 07 sec)
Heartbeat CPU 8 instructions: 210000052 cycles: 104203729 heartbeat IPC: 1.734 cumulative IPC: 1.754 (Simulation time: 08 hr 32 min 14 sec)
Heartbeat CPU 1 instructions: 210000041 cycles: 104213609 heartbeat IPC: 1.736 cumulative IPC: 1.753 (Simulation time: 08 hr 32 min 17 sec)
Heartbeat CPU 9 instructions: 210000052 cycles: 104234235 heartbeat IPC: 1.734 cumulative IPC: 1.753 (Simulation time: 08 hr 32 min 23 sec)
Heartbeat CPU 5 instructions: 210000041 cycles: 104238782 heartbeat IPC: 1.735 cumulative IPC: 1.753 (Simulation time: 08 hr 32 min 24 sec)
Heartbeat CPU 13 instructions: 210000035 cycles: 104246245 heartbeat IPC: 1.733 cumulative IPC: 1.753 (Simulation time: 08 hr 32 min 26 sec)
Heartbeat CPU 15 instructions: 210000041 cycles: 104257360 heartbeat IPC: 1.732 cumulative IPC: 1.753 (Simulation time: 08 hr 32 min 29 sec)
Heartbeat CPU 2 instructions: 210000041 cycles: 104258056 heartbeat IPC: 1.733 cumulative IPC: 1.753 (Simulation time: 08 hr 32 min 30 sec)
Heartbeat CPU 7 instructions: 210000041 cycles: 104268392 heartbeat IPC: 1.734 cumulative IPC: 1.753 (Simulation time: 08 hr 32 min 33 sec)
Heartbeat CPU 12 instructions: 210000052 cycles: 104271449 heartbeat IPC: 1.733 cumulative IPC: 1.752 (Simulation time: 08 hr 32 min 34 sec)
Heartbeat CPU 10 instructions: 210000041 cycles: 104275959 heartbeat IPC: 1.733 cumulative IPC: 1.752 (Simulation time: 08 hr 32 min 35 sec)
Heartbeat CPU 4 instructions: 210000041 cycles: 104286812 heartbeat IPC: 1.732 cumulative IPC: 1.752 (Simulation time: 08 hr 32 min 38 sec)
Heartbeat CPU 0 instructions: 210000035 cycles: 104297046 heartbeat IPC: 1.733 cumulative IPC: 1.752 (Simulation time: 08 hr 32 min 41 sec)
Heartbeat CPU 6 instructions: 210000041 cycles: 104299333 heartbeat IPC: 1.734 cumulative IPC: 1.752 (Simulation time: 08 hr 32 min 42 sec)
Heartbeat CPU 14 instructions: 210000041 cycles: 104319612 heartbeat IPC: 1.733 cumulative IPC: 1.752 (Simulation time: 08 hr 32 min 48 sec)
Heartbeat CPU 3 instructions: 220000045 cycles: 109974257 heartbeat IPC: 1.723 cumulative IPC: 1.753 (Simulation time: 08 hr 59 min 32 sec)
Heartbeat CPU 11 instructions: 220000042 cycles: 109982091 heartbeat IPC: 1.724 cumulative IPC: 1.752 (Simulation time: 08 hr 59 min 34 sec)
Heartbeat CPU 8 instructions: 220000052 cycles: 110005879 heartbeat IPC: 1.723 cumulative IPC: 1.752 (Simulation time: 08 hr 59 min 41 sec)
Heartbeat CPU 1 instructions: 220000045 cycles: 110016323 heartbeat IPC: 1.723 cumulative IPC: 1.752 (Simulation time: 08 hr 59 min 44 sec)
Heartbeat CPU 9 instructions: 220000057 cycles: 110039045 heartbeat IPC: 1.723 cumulative IPC: 1.751 (Simulation time: 08 hr 59 min 50 sec)
Heartbeat CPU 5 instructions: 220000042 cycles: 110043552 heartbeat IPC: 1.723 cumulative IPC: 1.751 (Simulation time: 08 hr 59 min 52 sec)
Heartbeat CPU 13 instructions: 220000039 cycles: 110051298 heartbeat IPC: 1.723 cumulative IPC: 1.751 (Simulation time: 08 hr 59 min 54 sec)
Heartbeat CPU 15 instructions: 220000045 cycles: 110056670 heartbeat IPC: 1.724 cumulative IPC: 1.751 (Simulation time: 08 hr 59 min 56 sec)
Heartbeat CPU 2 instructions: 220000045 cycles: 110059223 heartbeat IPC: 1.724 cumulative IPC: 1.751 (Simulation time: 08 hr 59 min 56 sec)
Heartbeat CPU 12 instructions: 220000057 cycles: 110073900 heartbeat IPC: 1.723 cumulative IPC: 1.751 (Simulation time: 09 hr 00 min 01 sec)
Heartbeat CPU 7 instructions: 220000045 cycles: 110074044 heartbeat IPC: 1.722 cumulative IPC: 1.751 (Simulation time: 09 hr 00 min 01 sec)
Heartbeat CPU 4 instructions: 220000045 cycles: 110084920 heartbeat IPC: 1.725 cumulative IPC: 1.751 (Simulation time: 09 hr 00 min 04 sec)
Heartbeat CPU 10 instructions: 220000045 cycles: 110088180 heartbeat IPC: 1.721 cumulative IPC: 1.75 (Simulation time: 09 hr 00 min 05 sec)
Heartbeat CPU 6 instructions: 220000045 cycles: 110100615 heartbeat IPC: 1.724 cumulative IPC: 1.75 (Simulation time: 09 hr 00 min 08 sec)
Heartbeat CPU 0 instructions: 220000039 cycles: 110104700 heartbeat IPC: 1.722 cumulative IPC: 1.75 (Simulation time: 09 hr 00 min 10 sec)
Heartbeat CPU 14 instructions: 220000045 cycles: 110126973 heartbeat IPC: 1.722 cumulative IPC: 1.75 (Simulation time: 09 hr 00 min 16 sec)
Heartbeat CPU 3 instructions: 230000045 cycles: 115781541 heartbeat IPC: 1.722 cumulative IPC: 1.751 (Simulation time: 09 hr 27 min 42 sec)
Heartbeat CPU 11 instructions: 230000042 cycles: 115784426 heartbeat IPC: 1.723 cumulative IPC: 1.751 (Simulation time: 09 hr 27 min 43 sec)
Heartbeat CPU 8 instructions: 230000052 cycles: 115805713 heartbeat IPC: 1.724 cumulative IPC: 1.75 (Simulation time: 09 hr 27 min 49 sec)
Heartbeat CPU 1 instructions: 230000045 cycles: 115817942 heartbeat IPC: 1.724 cumulative IPC: 1.75 (Simulation time: 09 hr 27 min 52 sec)
Heartbeat CPU 5 instructions: 230000042 cycles: 115842708 heartbeat IPC: 1.724 cumulative IPC: 1.75 (Simulation time: 09 hr 28 min 00 sec)
Heartbeat CPU 9 instructions: 230000057 cycles: 115848268 heartbeat IPC: 1.721 cumulative IPC: 1.749 (Simulation time: 09 hr 28 min 01 sec)
Heartbeat CPU 13 instructions: 230000040 cycles: 115855173 heartbeat IPC: 1.723 cumulative IPC: 1.75 (Simulation time: 09 hr 28 min 03 sec)
Heartbeat CPU 2 instructions: 230000045 cycles: 115863249 heartbeat IPC: 1.723 cumulative IPC: 1.749 (Simulation time: 09 hr 28 min 06 sec)
Heartbeat CPU 15 instructions: 230000045 cycles: 115868805 heartbeat IPC: 1.721 cumulative IPC: 1.749 (Simulation time: 09 hr 28 min 07 sec)
Heartbeat CPU 12 instructions: 230000057 cycles: 115873712 heartbeat IPC: 1.724 cumulative IPC: 1.749 (Simulation time: 09 hr 28 min 09 sec)
Heartbeat CPU 7 instructions: 230000045 cycles: 115878917 heartbeat IPC: 1.723 cumulative IPC: 1.749 (Simulation time: 09 hr 28 min 10 sec)
Heartbeat CPU 10 instructions: 230000045 cycles: 115886454 heartbeat IPC: 1.725 cumulative IPC: 1.749 (Simulation time: 09 hr 28 min 12 sec)
Heartbeat CPU 4 instructions: 230000045 cycles: 115890610 heartbeat IPC: 1.722 cumulative IPC: 1.749 (Simulation time: 09 hr 28 min 14 sec)
Heartbeat CPU 6 instructions: 230000046 cycles: 115909967 heartbeat IPC: 1.721 cumulative IPC: 1.749 (Simulation time: 09 hr 28 min 19 sec)
Heartbeat CPU 0 instructions: 230000039 cycles: 115913147 heartbeat IPC: 1.722 cumulative IPC: 1.749 (Simulation time: 09 hr 28 min 20 sec)
Heartbeat CPU 14 instructions: 230000046 cycles: 115936991 heartbeat IPC: 1.721 cumulative IPC: 1.748 (Simulation time: 09 hr 28 min 27 sec)
Heartbeat CPU 3 instructions: 240000046 cycles: 121549215 heartbeat IPC: 1.734 cumulative IPC: 1.75 (Simulation time: 09 hr 55 min 27 sec)
Heartbeat CPU 11 instructions: 240000046 cycles: 121551982 heartbeat IPC: 1.734 cumulative IPC: 1.75 (Simulation time: 09 hr 55 min 28 sec)
Heartbeat CPU 8 instructions: 240000055 cycles: 121569262 heartbeat IPC: 1.735 cumulative IPC: 1.75 (Simulation time: 09 hr 55 min 33 sec)
Heartbeat CPU 1 instructions: 240000046 cycles: 121585991 heartbeat IPC: 1.734 cumulative IPC: 1.749 (Simulation time: 09 hr 55 min 38 sec)
Heartbeat CPU 5 instructions: 240000043 cycles: 121605756 heartbeat IPC: 1.735 cumulative IPC: 1.749 (Simulation time: 09 hr 55 min 43 sec)
Heartbeat CPU 9 instructions: 240000059 cycles: 121617607 heartbeat IPC: 1.733 cumulative IPC: 1.749 (Simulation time: 09 hr 55 min 47 sec)
Heartbeat CPU 13 instructions: 240000043 cycles: 121625097 heartbeat IPC: 1.733 cumulative IPC: 1.749 (Simulation time: 09 hr 55 min 49 sec)
Heartbeat CPU 2 instructions: 240000046 cycles: 121629762 heartbeat IPC: 1.734 cumulative IPC: 1.749 (Simulation time: 09 hr 55 min 50 sec)
Heartbeat CPU 15 instructions: 240000046 cycles: 121637320 heartbeat IPC: 1.734 cumulative IPC: 1.748 (Simulation time: 09 hr 55 min 52 sec)
Heartbeat CPU 12 instructions: 240000059 cycles: 121644079 heartbeat IPC: 1.733 cumulative IPC: 1.748 (Simulation time: 09 hr 55 min 54 sec)
Heartbeat CPU 7 instructions: 240000049 cycles: 121648425 heartbeat IPC: 1.733 cumulative IPC: 1.748 (Simulation time: 09 hr 55 min 55 sec)
Heartbeat CPU 10 instructions: 240000049 cycles: 121656971 heartbeat IPC: 1.733 cumulative IPC: 1.748 (Simulation time: 09 hr 55 min 58 sec)
Heartbeat CPU 4 instructions: 240000046 cycles: 121661979 heartbeat IPC: 1.733 cumulative IPC: 1.748 (Simulation time: 09 hr 55 min 59 sec)
Heartbeat CPU 6 instructions: 240000046 cycles: 121669984 heartbeat IPC: 1.736 cumulative IPC: 1.748 (Simulation time: 09 hr 56 min 02 sec)
Heartbeat CPU 0 instructions: 240000040 cycles: 121684172 heartbeat IPC: 1.733 cumulative IPC: 1.748 (Simulation time: 09 hr 56 min 06 sec)
Heartbeat CPU 14 instructions: 240000049 cycles: 121713828 heartbeat IPC: 1.731 cumulative IPC: 1.747 (Simulation time: 09 hr 56 min 14 sec)
Heartbeat CPU 11 instructions: 250000047 cycles: 127351900 heartbeat IPC: 1.724 cumulative IPC: 1.749 (Simulation time: 10 hr 23 min 01 sec)
[LLC] SPM stats: hits=126208859 first_accesses=8271872 dram_direct=0 loaded_lines=8271872
Simulation finished CPU 11 instructions: 200000005 cycles: 114381081 cumulative IPC: 1.749 (Simulation time: 10 hr 23 min 01 sec)
Heartbeat CPU 3 instructions: 250000047 cycles: 127355999 heartbeat IPC: 1.722 cumulative IPC: 1.748 (Simulation time: 10 hr 23 min 02 sec)
[LLC] SPM stats: hits=126212131 first_accesses=8271872 dram_direct=0 loaded_lines=8271872
Simulation finished CPU 3 instructions: 200000005 cycles: 114385040 cumulative IPC: 1.748 (Simulation time: 10 hr 23 min 03 sec)
Heartbeat CPU 8 instructions: 250000056 cycles: 127372839 heartbeat IPC: 1.723 cumulative IPC: 1.748 (Simulation time: 10 hr 23 min 07 sec)
[LLC] SPM stats: hits=126226048 first_accesses=8271872 dram_direct=0 loaded_lines=8271872
Simulation finished CPU 8 instructions: 200000001 cycles: 114401727 cumulative IPC: 1.748 (Simulation time: 10 hr 23 min 07 sec)
Heartbeat CPU 1 instructions: 250000047 cycles: 127388520 heartbeat IPC: 1.723 cumulative IPC: 1.748 (Simulation time: 10 hr 23 min 12 sec)
[LLC] SPM stats: hits=126249852 first_accesses=8271872 dram_direct=0 loaded_lines=8271872
Simulation finished CPU 1 instructions: 200000001 cycles: 114430368 cumulative IPC: 1.748 (Simulation time: 10 hr 23 min 16 sec)
Heartbeat CPU 5 instructions: 250000044 cycles: 127405056 heartbeat IPC: 1.724 cumulative IPC: 1.748 (Simulation time: 10 hr 23 min 17 sec)
[LLC] SPM stats: hits=126252597 first_accesses=8271872 dram_direct=0 loaded_lines=8271872
Simulation finished CPU 5 instructions: 200000005 cycles: 114433806 cumulative IPC: 1.748 (Simulation time: 10 hr 23 min 17 sec)
Heartbeat CPU 9 instructions: 250000063 cycles: 127420366 heartbeat IPC: 1.723 cumulative IPC: 1.747 (Simulation time: 10 hr 23 min 21 sec)
Heartbeat CPU 13 instructions: 250000044 cycles: 127431037 heartbeat IPC: 1.722 cumulative IPC: 1.747 (Simulation time: 10 hr 23 min 24 sec)
[LLC] SPM stats: hits=126274713 first_accesses=8271872 dram_direct=0 loaded_lines=8271872
Simulation finished CPU 13 instructions: 200000005 cycles: 114460199 cumulative IPC: 1.747 (Simulation time: 10 hr 23 min 24 sec)
[LLC] SPM stats: hits=126276472 first_accesses=8271872 dram_direct=0 loaded_lines=8271872
Simulation finished CPU 9 instructions: 200000005 cycles: 114462291 cumulative IPC: 1.747 (Simulation time: 10 hr 23 min 25 sec)
Heartbeat CPU 2 instructions: 250000047 cycles: 127437449 heartbeat IPC: 1.722 cumulative IPC: 1.747 (Simulation time: 10 hr 23 min 26 sec)
[LLC] SPM stats: hits=126279959 first_accesses=8271872 dram_direct=0 loaded_lines=8271872
Simulation finished CPU 2 instructions: 200000005 cycles: 114466427 cumulative IPC: 1.747 (Simulation time: 10 hr 23 min 26 sec)
Heartbeat CPU 15 instructions: 250000047 cycles: 127439937 heartbeat IPC: 1.723 cumulative IPC: 1.747 (Simulation time: 10 hr 23 min 27 sec)
[LLC] SPM stats: hits=126281876 first_accesses=8271872 dram_direct=0 loaded_lines=8271872
Simulation finished CPU 15 instructions: 200000004 cycles: 114468808 cumulative IPC: 1.747 (Simulation time: 10 hr 23 min 27 sec)
Heartbeat CPU 12 instructions: 250000063 cycles: 127447454 heartbeat IPC: 1.723 cumulative IPC: 1.747 (Simulation time: 10 hr 23 min 29 sec)
[LLC] SPM stats: hits=126288271 first_accesses=8271872 dram_direct=0 loaded_lines=8271872
Simulation finished CPU 12 instructions: 200000005 cycles: 114476417 cumulative IPC: 1.747 (Simulation time: 10 hr 23 min 29 sec)
Heartbeat CPU 7 instructions: 250000053 cycles: 127448378 heartbeat IPC: 1.724 cumulative IPC: 1.747 (Simulation time: 10 hr 23 min 29 sec)
[LLC] SPM stats: hits=126289003 first_accesses=8271872 dram_direct=0 loaded_lines=8271872
Simulation finished CPU 7 instructions: 200000000 cycles: 114477331 cumulative IPC: 1.747 (Simulation time: 10 hr 23 min 29 sec)
Heartbeat CPU 4 instructions: 250000047 cycles: 127461895 heartbeat IPC: 1.724 cumulative IPC: 1.747 (Simulation time: 10 hr 23 min 33 sec)
[LLC] SPM stats: hits=126300347 first_accesses=8271872 dram_direct=0 loaded_lines=8271872
Simulation finished CPU 4 instructions: 200000005 cycles: 114490837 cumulative IPC: 1.747 (Simulation time: 10 hr 23 min 33 sec)
Heartbeat CPU 10 instructions: 250000053 cycles: 127465642 heartbeat IPC: 1.722 cumulative IPC: 1.747 (Simulation time: 10 hr 23 min 34 sec)
[LLC] SPM stats: hits=126303512 first_accesses=8271872 dram_direct=0 loaded_lines=8271872
Simulation finished CPU 10 instructions: 200000005 cycles: 114494626 cumulative IPC: 1.747 (Simulation time: 10 hr 23 min 34 sec)
[LLC] SPM stats: hits=126313036 first_accesses=8271872 dram_direct=0 loaded_lines=8271872
Simulation finished CPU 6 instructions: 200000000 cycles: 114506112 cumulative IPC: 1.747 (Simulation time: 10 hr 23 min 38 sec)
Heartbeat CPU 6 instructions: 250000047 cycles: 127478085 heartbeat IPC: 1.722 cumulative IPC: 1.747 (Simulation time: 10 hr 23 min 38 sec)
Heartbeat CPU 0 instructions: 250000044 cycles: 127490265 heartbeat IPC: 1.722 cumulative IPC: 1.746 (Simulation time: 10 hr 23 min 41 sec)
[LLC] SPM stats: hits=126323936 first_accesses=8271872 dram_direct=0 loaded_lines=8271872
Simulation finished CPU 0 instructions: 200000000 cycles: 114519191 cumulative IPC: 1.746 (Simulation time: 10 hr 23 min 41 sec)
Heartbeat CPU 14 instructions: 250000053 cycles: 127523575 heartbeat IPC: 1.721 cumulative IPC: 1.746 (Simulation time: 10 hr 23 min 51 sec)
[LLC] SPM stats: hits=126351812 first_accesses=8271872 dram_direct=0 loaded_lines=8271872
Simulation finished CPU 14 instructions: 200000000 cycles: 114552521 cumulative IPC: 1.746 (Simulation time: 10 hr 23 min 51 sec)
Simulation complete CPU 9 instructions: 200156041 cycles: 114552521 cumulative IPC: 1.747 (Simulation time: 10 hr 23 min 51 sec)
Simulation complete CPU 8 instructions: 200261489 cycles: 114552521 cumulative IPC: 1.748 (Simulation time: 10 hr 23 min 51 sec)
Simulation complete CPU 7 instructions: 200130155 cycles: 114552521 cumulative IPC: 1.747 (Simulation time: 10 hr 23 min 51 sec)
Simulation complete CPU 6 instructions: 200080611 cycles: 114552521 cumulative IPC: 1.747 (Simulation time: 10 hr 23 min 51 sec)
Simulation complete CPU 5 instructions: 200204326 cycles: 114552521 cumulative IPC: 1.748 (Simulation time: 10 hr 23 min 51 sec)
Simulation complete CPU 4 instructions: 200105688 cycles: 114552521 cumulative IPC: 1.747 (Simulation time: 10 hr 23 min 51 sec)
Simulation complete CPU 3 instructions: 200286520 cycles: 114552521 cumulative IPC: 1.748 (Simulation time: 10 hr 23 min 51 sec)
Simulation complete CPU 2 instructions: 200148407 cycles: 114552521 cumulative IPC: 1.747 (Simulation time: 10 hr 23 min 51 sec)
Simulation complete CPU 15 instructions: 200144095 cycles: 114552521 cumulative IPC: 1.747 (Simulation time: 10 hr 23 min 51 sec)
Simulation complete CPU 14 instructions: 200000000 cycles: 114552521 cumulative IPC: 1.746 (Simulation time: 10 hr 23 min 51 sec)
Simulation complete CPU 13 instructions: 200159847 cycles: 114552521 cumulative IPC: 1.747 (Simulation time: 10 hr 23 min 51 sec)
Simulation complete CPU 12 instructions: 200131828 cycles: 114552521 cumulative IPC: 1.747 (Simulation time: 10 hr 23 min 51 sec)
Simulation complete CPU 11 instructions: 200297609 cycles: 114552521 cumulative IPC: 1.749 (Simulation time: 10 hr 23 min 51 sec)
Simulation complete CPU 10 instructions: 200098194 cycles: 114552521 cumulative IPC: 1.747 (Simulation time: 10 hr 23 min 51 sec)
Simulation complete CPU 1 instructions: 200211854 cycles: 114552521 cumulative IPC: 1.748 (Simulation time: 10 hr 23 min 51 sec)
Simulation complete CPU 0 instructions: 200057447 cycles: 114552521 cumulative IPC: 1.746 (Simulation time: 10 hr 23 min 51 sec)

ChampSim completed all CPUs

=== Simulation ===
CPU 0 runs traces/bench_gemv_q4k_14336x4096_spm.trace.xz
CPU 1 runs traces/bench_gemv_q4k_14336x4096_spm.trace.xz
CPU 2 runs traces/bench_gemv_q4k_14336x4096_spm.trace.xz
CPU 3 runs traces/bench_gemv_q4k_14336x4096_spm.trace.xz
CPU 4 runs traces/bench_gemv_q4k_14336x4096_spm.trace.xz
CPU 5 runs traces/bench_gemv_q4k_14336x4096_spm.trace.xz
CPU 6 runs traces/bench_gemv_q4k_14336x4096_spm.trace.xz
CPU 7 runs traces/bench_gemv_q4k_14336x4096_spm.trace.xz
CPU 8 runs traces/bench_gemv_q4k_14336x4096_spm.trace.xz
CPU 9 runs traces/bench_gemv_q4k_14336x4096_spm.trace.xz
CPU 10 runs traces/bench_gemv_q4k_14336x4096_spm.trace.xz
CPU 11 runs traces/bench_gemv_q4k_14336x4096_spm.trace.xz
CPU 12 runs traces/bench_gemv_q4k_14336x4096_spm.trace.xz
CPU 13 runs traces/bench_gemv_q4k_14336x4096_spm.trace.xz
CPU 14 runs traces/bench_gemv_q4k_14336x4096_spm.trace.xz
CPU 15 runs traces/bench_gemv_q4k_14336x4096_spm.trace.xz

Total Simulation Statistics (not including warmup)

CPU 9 cumulative IPC: 1.747 instructions: 200156041 cycles: 114552521
CPU 9 Branch Prediction Accuracy: 99.87% MPKI: 0.01666 Average ROB Occupancy at Mispredict: 296.6
Branch type MPKI
BRANCH_DIRECT_JUMP: 0
BRANCH_INDIRECT: 0
BRANCH_CONDITIONAL: 0.01658
BRANCH_DIRECT_CALL: 0
BRANCH_INDIRECT_CALL: 0
BRANCH_RETURN: 7.994e-05


CPU 8 cumulative IPC: 1.748 instructions: 200261489 cycles: 114552521
CPU 8 Branch Prediction Accuracy: 99.87% MPKI: 0.01665 Average ROB Occupancy at Mispredict: 296.5
Branch type MPKI
BRANCH_DIRECT_JUMP: 0
BRANCH_INDIRECT: 0
BRANCH_CONDITIONAL: 0.01657
BRANCH_DIRECT_CALL: 0
BRANCH_INDIRECT_CALL: 0
BRANCH_RETURN: 7.99e-05


CPU 7 cumulative IPC: 1.747 instructions: 200130155 cycles: 114552521
CPU 7 Branch Prediction Accuracy: 99.87% MPKI: 0.01665 Average ROB Occupancy at Mispredict: 296.5
Branch type MPKI
BRANCH_DIRECT_JUMP: 0
BRANCH_INDIRECT: 0
BRANCH_CONDITIONAL: 0.01657
BRANCH_DIRECT_CALL: 0
BRANCH_INDIRECT_CALL: 0
BRANCH_RETURN: 7.995e-05


CPU 6 cumulative IPC: 1.747 instructions: 200080611 cycles: 114552521
CPU 6 Branch Prediction Accuracy: 99.87% MPKI: 0.01666 Average ROB Occupancy at Mispredict: 296.5
Branch type MPKI
BRANCH_DIRECT_JUMP: 0
BRANCH_INDIRECT: 0
BRANCH_CONDITIONAL: 0.01658
BRANCH_DIRECT_CALL: 0
BRANCH_INDIRECT_CALL: 0
BRANCH_RETURN: 7.997e-05


CPU 5 cumulative IPC: 1.748 instructions: 200204326 cycles: 114552521
CPU 5 Branch Prediction Accuracy: 99.87% MPKI: 0.01665 Average ROB Occupancy at Mispredict: 296.6
Branch type MPKI
BRANCH_DIRECT_JUMP: 0
BRANCH_INDIRECT: 0
BRANCH_CONDITIONAL: 0.01657
BRANCH_DIRECT_CALL: 0
BRANCH_INDIRECT_CALL: 0
BRANCH_RETURN: 7.992e-05


CPU 4 cumulative IPC: 1.747 instructions: 200105688 cycles: 114552521
CPU 4 Branch Prediction Accuracy: 99.87% MPKI: 0.01666 Average ROB Occupancy at Mispredict: 296.6
Branch type MPKI
BRANCH_DIRECT_JUMP: 0
BRANCH_INDIRECT: 0
BRANCH_CONDITIONAL: 0.01658
BRANCH_DIRECT_CALL: 0
BRANCH_INDIRECT_CALL: 0
BRANCH_RETURN: 7.996e-05


CPU 3 cumulative IPC: 1.748 instructions: 200286520 cycles: 114552521
CPU 3 Branch Prediction Accuracy: 99.87% MPKI: 0.01665 Average ROB Occupancy at Mispredict: 296.3
Branch type MPKI
BRANCH_DIRECT_JUMP: 0
BRANCH_INDIRECT: 0
BRANCH_CONDITIONAL: 0.01657
BRANCH_DIRECT_CALL: 0
BRANCH_INDIRECT_CALL: 0
BRANCH_RETURN: 7.989e-05


CPU 2 cumulative IPC: 1.747 instructions: 200148407 cycles: 114552521
CPU 2 Branch Prediction Accuracy: 99.87% MPKI: 0.01666 Average ROB Occupancy at Mispredict: 296.5
Branch type MPKI
BRANCH_DIRECT_JUMP: 0
BRANCH_INDIRECT: 0
BRANCH_CONDITIONAL: 0.01658
BRANCH_DIRECT_CALL: 0
BRANCH_INDIRECT_CALL: 0
BRANCH_RETURN: 7.994e-05


CPU 15 cumulative IPC: 1.747 instructions: 200144095 cycles: 114552521
CPU 15 Branch Prediction Accuracy: 99.87% MPKI: 0.01665 Average ROB Occupancy at Mispredict: 296.7
Branch type MPKI
BRANCH_DIRECT_JUMP: 0
BRANCH_INDIRECT: 0
BRANCH_CONDITIONAL: 0.01657
BRANCH_DIRECT_CALL: 0
BRANCH_INDIRECT_CALL: 0
BRANCH_RETURN: 7.994e-05


CPU 14 cumulative IPC: 1.746 instructions: 200000000 cycles: 114552521
CPU 14 Branch Prediction Accuracy: 99.87% MPKI: 0.01666 Average ROB Occupancy at Mispredict: 296.7
Branch type MPKI
BRANCH_DIRECT_JUMP: 0
BRANCH_INDIRECT: 0
BRANCH_CONDITIONAL: 0.01658
BRANCH_DIRECT_CALL: 0
BRANCH_INDIRECT_CALL: 0
BRANCH_RETURN: 8e-05


CPU 13 cumulative IPC: 1.747 instructions: 200159847 cycles: 114552521
CPU 13 Branch Prediction Accuracy: 99.87% MPKI: 0.01666 Average ROB Occupancy at Mispredict: 296.6
Branch type MPKI
BRANCH_DIRECT_JUMP: 0
BRANCH_INDIRECT: 0
BRANCH_CONDITIONAL: 0.01658
BRANCH_DIRECT_CALL: 0
BRANCH_INDIRECT_CALL: 0
BRANCH_RETURN: 7.994e-05


CPU 12 cumulative IPC: 1.747 instructions: 200131828 cycles: 114552521
CPU 12 Branch Prediction Accuracy: 99.87% MPKI: 0.01665 Average ROB Occupancy at Mispredict: 296.5
Branch type MPKI
BRANCH_DIRECT_JUMP: 0
BRANCH_INDIRECT: 0
BRANCH_CONDITIONAL: 0.01657
BRANCH_DIRECT_CALL: 0
BRANCH_INDIRECT_CALL: 0
BRANCH_RETURN: 7.995e-05


CPU 11 cumulative IPC: 1.749 instructions: 200297609 cycles: 114552521
CPU 11 Branch Prediction Accuracy: 99.87% MPKI: 0.01665 Average ROB Occupancy at Mispredict: 296.5
Branch type MPKI
BRANCH_DIRECT_JUMP: 0
BRANCH_INDIRECT: 0
BRANCH_CONDITIONAL: 0.01657
BRANCH_DIRECT_CALL: 0
BRANCH_INDIRECT_CALL: 0
BRANCH_RETURN: 7.988e-05


CPU 10 cumulative IPC: 1.747 instructions: 200098194 cycles: 114552521
CPU 10 Branch Prediction Accuracy: 99.87% MPKI: 0.01666 Average ROB Occupancy at Mispredict: 296.6
Branch type MPKI
BRANCH_DIRECT_JUMP: 0
BRANCH_INDIRECT: 0
BRANCH_CONDITIONAL: 0.01658
BRANCH_DIRECT_CALL: 0
BRANCH_INDIRECT_CALL: 0
BRANCH_RETURN: 7.996e-05


CPU 1 cumulative IPC: 1.748 instructions: 200211854 cycles: 114552521
CPU 1 Branch Prediction Accuracy: 99.87% MPKI: 0.01665 Average ROB Occupancy at Mispredict: 296.4
Branch type MPKI
BRANCH_DIRECT_JUMP: 0
BRANCH_INDIRECT: 0
BRANCH_CONDITIONAL: 0.01657
BRANCH_DIRECT_CALL: 0
BRANCH_INDIRECT_CALL: 0
BRANCH_RETURN: 7.992e-05


CPU 0 cumulative IPC: 1.746 instructions: 200057447 cycles: 114552521
CPU 0 Branch Prediction Accuracy: 99.87% MPKI: 0.01666 Average ROB Occupancy at Mispredict: 296.5
Branch type MPKI
BRANCH_DIRECT_JUMP: 0
BRANCH_INDIRECT: 0
BRANCH_CONDITIONAL: 0.01658
BRANCH_DIRECT_CALL: 0
BRANCH_INDIRECT_CALL: 0
BRANCH_RETURN: 7.998e-05

cpu9->cpu9_STLB TOTAL        ACCESS:      73161 HIT:       2817 MISS:      70344 MSHR_MERGE:          0
cpu9->cpu9_STLB LOAD         ACCESS:      73161 HIT:       2817 MISS:      70344 MSHR_MERGE:          0
cpu9->cpu9_STLB RFO          ACCESS:          0 HIT:          0 MISS:          0 MSHR_MERGE:          0
cpu9->cpu9_STLB PREFETCH     ACCESS:          0 HIT:          0 MISS:          0 MSHR_MERGE:          0
cpu9->cpu9_STLB WRITE        ACCESS:          0 HIT:          0 MISS:          0 MSHR_MERGE:          0
cpu9->cpu9_STLB TRANSLATION  ACCESS:          0 HIT:          0 MISS:          0 MSHR_MERGE:          0
cpu9->cpu9_STLB PREFETCH REQUESTED:          0 ISSUED:          0 USEFUL:          0 USELESS:          0
cpu9->cpu9_STLB AVERAGE MISS LATENCY: 183.1 cycles
cpu9->cpu9_L2C TOTAL        ACCESS:   24303122 HIT:          0 MISS:   24303122 MSHR_MERGE:          0
cpu9->cpu9_L2C LOAD         ACCESS:   21670337 HIT:          0 MISS:   21670337 MSHR_MERGE:          0
cpu9->cpu9_L2C RFO          ACCESS:    2492096 HIT:          0 MISS:    2492096 MSHR_MERGE:          0
cpu9->cpu9_L2C PREFETCH     ACCESS:          1 HIT:          0 MISS:          1 MSHR_MERGE:          0
cpu9->cpu9_L2C WRITE        ACCESS:          0 HIT:          0 MISS:          0 MSHR_MERGE:          0
cpu9->cpu9_L2C TRANSLATION  ACCESS:     140688 HIT:          0 MISS:     140688 MSHR_MERGE:          0
cpu9->cpu9_L2C PREFETCH REQUESTED:          0 ISSUED:          0 USEFUL:          0 USELESS:          0
cpu9->cpu9_L2C AVERAGE MISS LATENCY: 16.41 cycles
cpu9->cpu9_L1I TOTAL        ACCESS:   82143654 HIT:   82143653 MISS:          1 MSHR_MERGE:          0
cpu9->cpu9_L1I LOAD         ACCESS:   41078743 HIT:   41078743 MISS:          0 MSHR_MERGE:          0
cpu9->cpu9_L1I RFO          ACCESS:          0 HIT:          0 MISS:          0 MSHR_MERGE:          0
cpu9->cpu9_L1I PREFETCH     ACCESS:   41064911 HIT:   41064910 MISS:          1 MSHR_MERGE:          0
cpu9->cpu9_L1I WRITE        ACCESS:          0 HIT:          0 MISS:          0 MSHR_MERGE:          0
cpu9->cpu9_L1I TRANSLATION  ACCESS:          0 HIT:          0 MISS:          0 MSHR_MERGE:          0
cpu9->cpu9_L1I PREFETCH REQUESTED:   41078743 ISSUED:   41064912 USEFUL:          0 USELESS:          0
cpu9->cpu9_L1I AVERAGE MISS LATENCY: - cycles
cpu9->cpu9_L1D TOTAL        ACCESS:   37727625 HIT:          0 MISS:   37727625 MSHR_MERGE:   13424504
cpu9->cpu9_L1D LOAD         ACCESS:   31186503 HIT:          0 MISS:   31186503 MSHR_MERGE:    9516166
cpu9->cpu9_L1D RFO          ACCESS:          0 HIT:          0 MISS:          0 MSHR_MERGE:          0
cpu9->cpu9_L1D PREFETCH     ACCESS:          0 HIT:          0 MISS:          0 MSHR_MERGE:          0
cpu9->cpu9_L1D WRITE        ACCESS:    6400434 HIT:          0 MISS:    6400434 MSHR_MERGE:    3908338
cpu9->cpu9_L1D TRANSLATION  ACCESS:     140688 HIT:          0 MISS:     140688 MSHR_MERGE:          0
cpu9->cpu9_L1D PREFETCH REQUESTED:          0 ISSUED:          0 USEFUL:          0 USELESS:          0
cpu9->cpu9_L1D AVERAGE MISS LATENCY: 19.41 cycles
cpu9->cpu9_ITLB TOTAL        ACCESS:   53849673 HIT:   53849673 MISS:          0 MSHR_MERGE:          0
cpu9->cpu9_ITLB LOAD         ACCESS:   53849673 HIT:   53849673 MISS:          0 MSHR_MERGE:          0
cpu9->cpu9_ITLB RFO          ACCESS:          0 HIT:          0 MISS:          0 MSHR_MERGE:          0
cpu9->cpu9_ITLB PREFETCH     ACCESS:          0 HIT:          0 MISS:          0 MSHR_MERGE:          0
cpu9->cpu9_ITLB WRITE        ACCESS:          0 HIT:          0 MISS:          0 MSHR_MERGE:          0
cpu9->cpu9_ITLB TRANSLATION  ACCESS:          0 HIT:          0 MISS:          0 MSHR_MERGE:          0
cpu9->cpu9_ITLB PREFETCH REQUESTED:          0 ISSUED:          0 USEFUL:          0 USELESS:          0
cpu9->cpu9_ITLB AVERAGE MISS LATENCY: - cycles
cpu9->cpu9_DTLB TOTAL        ACCESS:   37571367 HIT:   37100942 MISS:     470425 MSHR_MERGE:     397264
cpu9->cpu9_DTLB LOAD         ACCESS:   37571367 HIT:   37100942 MISS:     470425 MSHR_MERGE:     397264
cpu9->cpu9_DTLB RFO          ACCESS:          0 HIT:          0 MISS:          0 MSHR_MERGE:          0
cpu9->cpu9_DTLB PREFETCH     ACCESS:          0 HIT:          0 MISS:          0 MSHR_MERGE:          0
cpu9->cpu9_DTLB WRITE        ACCESS:          0 HIT:          0 MISS:          0 MSHR_MERGE:          0
cpu9->cpu9_DTLB TRANSLATION  ACCESS:          0 HIT:          0 MISS:          0 MSHR_MERGE:          0
cpu9->cpu9_DTLB PREFETCH REQUESTED:          0 ISSUED:          0 USEFUL:          0 USELESS:          0
cpu9->cpu9_DTLB AVERAGE MISS LATENCY: 182 cycles
cpu8->cpu8_STLB TOTAL        ACCESS:      73199 HIT:       2818 MISS:      70381 MSHR_MERGE:          0
cpu8->cpu8_STLB LOAD         ACCESS:      73199 HIT:       2818 MISS:      70381 MSHR_MERGE:          0
cpu8->cpu8_STLB RFO          ACCESS:          0 HIT:          0 MISS:          0 MSHR_MERGE:          0
cpu8->cpu8_STLB PREFETCH     ACCESS:          0 HIT:          0 MISS:          0 MSHR_MERGE:          0
cpu8->cpu8_STLB WRITE        ACCESS:          0 HIT:          0 MISS:          0 MSHR_MERGE:          0
cpu8->cpu8_STLB TRANSLATION  ACCESS:          0 HIT:          0 MISS:          0 MSHR_MERGE:          0
cpu8->cpu8_STLB PREFETCH REQUESTED:          0 ISSUED:          0 USEFUL:          0 USELESS:          0
cpu8->cpu8_STLB AVERAGE MISS LATENCY: 182.2 cycles
cpu8->cpu8_L2C TOTAL        ACCESS:   24316958 HIT:          0 MISS:   24316958 MSHR_MERGE:          0
cpu8->cpu8_L2C LOAD         ACCESS:   21682713 HIT:          0 MISS:   21682713 MSHR_MERGE:          0
cpu8->cpu8_L2C RFO          ACCESS:    2493482 HIT:          0 MISS:    2493482 MSHR_MERGE:          0
cpu8->cpu8_L2C PREFETCH     ACCESS:          1 HIT:          0 MISS:          1 MSHR_MERGE:          0
cpu8->cpu8_L2C WRITE        ACCESS:          0 HIT:          0 MISS:          0 MSHR_MERGE:          0
cpu8->cpu8_L2C TRANSLATION  ACCESS:     140762 HIT:          0 MISS:     140762 MSHR_MERGE:          0
cpu8->cpu8_L2C PREFETCH REQUESTED:          0 ISSUED:          0 USEFUL:          0 USELESS:          0
cpu8->cpu8_L2C AVERAGE MISS LATENCY: 16.4 cycles
cpu8->cpu8_L1I TOTAL        ACCESS:   82177169 HIT:   82177168 MISS:          1 MSHR_MERGE:          0
cpu8->cpu8_L1I LOAD         ACCESS:   41095443 HIT:   41095443 MISS:          0 MSHR_MERGE:          0
cpu8->cpu8_L1I RFO          ACCESS:          0 HIT:          0 MISS:          0 MSHR_MERGE:          0
cpu8->cpu8_L1I PREFETCH     ACCESS:   41081726 HIT:   41081725 MISS:          1 MSHR_MERGE:          0
cpu8->cpu8_L1I WRITE        ACCESS:          0 HIT:          0 MISS:          0 MSHR_MERGE:          0
cpu8->cpu8_L1I TRANSLATION  ACCESS:          0 HIT:          0 MISS:          0 MSHR_MERGE:          0
cpu8->cpu8_L1I PREFETCH REQUESTED:   41095443 ISSUED:   41081726 USEFUL:          0 USELESS:          0
cpu8->cpu8_L1I AVERAGE MISS LATENCY: - cycles
cpu8->cpu8_L1D TOTAL        ACCESS:   37738448 HIT:          0 MISS:   37738448 MSHR_MERGE:   13421490
cpu8->cpu8_L1D LOAD         ACCESS:   31193880 HIT:          0 MISS:   31193880 MSHR_MERGE:    9511167
cpu8->cpu8_L1D RFO          ACCESS:          0 HIT:          0 MISS:          0 MSHR_MERGE:          0
cpu8->cpu8_L1D PREFETCH     ACCESS:          0 HIT:          0 MISS:          0 MSHR_MERGE:          0
cpu8->cpu8_L1D WRITE        ACCESS:    6403806 HIT:          0 MISS:    6403806 MSHR_MERGE:    3910323
cpu8->cpu8_L1D TRANSLATION  ACCESS:     140762 HIT:          0 MISS:     140762 MSHR_MERGE:          0
cpu8->cpu8_L1D PREFETCH REQUESTED:          0 ISSUED:          0 USEFUL:          0 USELESS:          0
cpu8->cpu8_L1D AVERAGE MISS LATENCY: 19.41 cycles
cpu8->cpu8_ITLB TOTAL        ACCESS:   53909654 HIT:   53909654 MISS:          0 MSHR_MERGE:          0
cpu8->cpu8_ITLB LOAD         ACCESS:   53909654 HIT:   53909654 MISS:          0 MSHR_MERGE:          0
cpu8->cpu8_ITLB RFO          ACCESS:          0 HIT:          0 MISS:          0 MSHR_MERGE:          0
cpu8->cpu8_ITLB PREFETCH     ACCESS:          0 HIT:          0 MISS:          0 MSHR_MERGE:          0
cpu8->cpu8_ITLB WRITE        ACCESS:          0 HIT:          0 MISS:          0 MSHR_MERGE:          0
cpu8->cpu8_ITLB TRANSLATION  ACCESS:          0 HIT:          0 MISS:          0 MSHR_MERGE:          0
cpu8->cpu8_ITLB PREFETCH REQUESTED:          0 ISSUED:          0 USEFUL:          0 USELESS:          0
cpu8->cpu8_ITLB AVERAGE MISS LATENCY: - cycles
cpu8->cpu8_DTLB TOTAL        ACCESS:   37586333 HIT:   37116223 MISS:     470110 MSHR_MERGE:     396911
cpu8->cpu8_DTLB LOAD         ACCESS:   37586333 HIT:   37116223 MISS:     470110 MSHR_MERGE:     396911
cpu8->cpu8_DTLB RFO          ACCESS:          0 HIT:          0 MISS:          0 MSHR_MERGE:          0
cpu8->cpu8_DTLB PREFETCH     ACCESS:          0 HIT:          0 MISS:          0 MSHR_MERGE:          0
cpu8->cpu8_DTLB WRITE        ACCESS:          0 HIT:          0 MISS:          0 MSHR_MERGE:          0
cpu8->cpu8_DTLB TRANSLATION  ACCESS:          0 HIT:          0 MISS:          0 MSHR_MERGE:          0
cpu8->cpu8_DTLB PREFETCH REQUESTED:          0 ISSUED:          0 USEFUL:          0 USELESS:          0
cpu8->cpu8_DTLB AVERAGE MISS LATENCY: 181.1 cycles
cpu7->cpu7_STLB TOTAL        ACCESS:      73150 HIT:       2816 MISS:      70334 MSHR_MERGE:          0
cpu7->cpu7_STLB LOAD         ACCESS:      73150 HIT:       2816 MISS:      70334 MSHR_MERGE:          0
cpu7->cpu7_STLB RFO          ACCESS:          0 HIT:          0 MISS:          0 MSHR_MERGE:          0
cpu7->cpu7_STLB PREFETCH     ACCESS:          0 HIT:          0 MISS:          0 MSHR_MERGE:          0
cpu7->cpu7_STLB WRITE        ACCESS:          0 HIT:          0 MISS:          0 MSHR_MERGE:          0
cpu7->cpu7_STLB TRANSLATION  ACCESS:          0 HIT:          0 MISS:          0 MSHR_MERGE:          0
cpu7->cpu7_STLB PREFETCH REQUESTED:          0 ISSUED:          0 USEFUL:          0 USELESS:          0
cpu7->cpu7_STLB AVERAGE MISS LATENCY: 183 cycles
cpu7->cpu7_L2C TOTAL        ACCESS:   24296122 HIT:          0 MISS:   24296122 MSHR_MERGE:          0
cpu7->cpu7_L2C LOAD         ACCESS:   21662629 HIT:          0 MISS:   21662629 MSHR_MERGE:          0
cpu7->cpu7_L2C RFO          ACCESS:    2492824 HIT:          0 MISS:    2492824 MSHR_MERGE:          0
cpu7->cpu7_L2C PREFETCH     ACCESS:          1 HIT:          0 MISS:          1 MSHR_MERGE:          0
cpu7->cpu7_L2C WRITE        ACCESS:          0 HIT:          0 MISS:          0 MSHR_MERGE:          0
cpu7->cpu7_L2C TRANSLATION  ACCESS:     140668 HIT:          0 MISS:     140668 MSHR_MERGE:          0
cpu7->cpu7_L2C PREFETCH REQUESTED:          0 ISSUED:          0 USEFUL:          0 USELESS:          0
cpu7->cpu7_L2C AVERAGE MISS LATENCY: 16.41 cycles
cpu7->cpu7_L1I TOTAL        ACCESS:   82157881 HIT:   82157880 MISS:          1 MSHR_MERGE:          0
cpu7->cpu7_L1I LOAD         ACCESS:   41085856 HIT:   41085856 MISS:          0 MSHR_MERGE:          0
cpu7->cpu7_L1I RFO          ACCESS:          0 HIT:          0 MISS:          0 MSHR_MERGE:          0
cpu7->cpu7_L1I PREFETCH     ACCESS:   41072025 HIT:   41072024 MISS:          1 MSHR_MERGE:          0
cpu7->cpu7_L1I WRITE        ACCESS:          0 HIT:          0 MISS:          0 MSHR_MERGE:          0
cpu7->cpu7_L1I TRANSLATION  ACCESS:          0 HIT:          0 MISS:          0 MSHR_MERGE:          0
cpu7->cpu7_L1I PREFETCH REQUESTED:   41085856 ISSUED:   41072027 USEFUL:          0 USELESS:          0
cpu7->cpu7_L1I AVERAGE MISS LATENCY: - cycles
cpu7->cpu7_L1D TOTAL        ACCESS:   37717714 HIT:          0 MISS:   37717714 MSHR_MERGE:   13421593
cpu7->cpu7_L1D LOAD         ACCESS:   31177447 HIT:          0 MISS:   31177447 MSHR_MERGE:    9514818
cpu7->cpu7_L1D RFO          ACCESS:          0 HIT:          0 MISS:          0 MSHR_MERGE:          0
cpu7->cpu7_L1D PREFETCH     ACCESS:          0 HIT:          0 MISS:          0 MSHR_MERGE:          0
cpu7->cpu7_L1D WRITE        ACCESS:    6399599 HIT:          0 MISS:    6399599 MSHR_MERGE:    3906775
cpu7->cpu7_L1D TRANSLATION  ACCESS:     140668 HIT:          0 MISS:     140668 MSHR_MERGE:          0
cpu7->cpu7_L1D PREFETCH REQUESTED:          0 ISSUED:          0 USEFUL:          0 USELESS:          0
cpu7->cpu7_L1D AVERAGE MISS LATENCY: 19.41 cycles
cpu7->cpu7_ITLB TOTAL        ACCESS:   53928592 HIT:   53928592 MISS:          0 MSHR_MERGE:          0
cpu7->cpu7_ITLB LOAD         ACCESS:   53928592 HIT:   53928592 MISS:          0 MSHR_MERGE:          0
cpu7->cpu7_ITLB RFO          ACCESS:          0 HIT:          0 MISS:          0 MSHR_MERGE:          0
cpu7->cpu7_ITLB PREFETCH     ACCESS:          0 HIT:          0 MISS:          0 MSHR_MERGE:          0
cpu7->cpu7_ITLB WRITE        ACCESS:          0 HIT:          0 MISS:          0 MSHR_MERGE:          0
cpu7->cpu7_ITLB TRANSLATION  ACCESS:          0 HIT:          0 MISS:          0 MSHR_MERGE:          0
cpu7->cpu7_ITLB PREFETCH REQUESTED:          0 ISSUED:          0 USEFUL:          0 USELESS:          0
cpu7->cpu7_ITLB AVERAGE MISS LATENCY: - cycles
cpu7->cpu7_DTLB TOTAL        ACCESS:   37574544 HIT:   37104355 MISS:     470189 MSHR_MERGE:     397039
cpu7->cpu7_DTLB LOAD         ACCESS:   37574544 HIT:   37104355 MISS:     470189 MSHR_MERGE:     397039
cpu7->cpu7_DTLB RFO          ACCESS:          0 HIT:          0 MISS:          0 MSHR_MERGE:          0
cpu7->cpu7_DTLB PREFETCH     ACCESS:          0 HIT:          0 MISS:          0 MSHR_MERGE:          0
cpu7->cpu7_DTLB WRITE        ACCESS:          0 HIT:          0 MISS:          0 MSHR_MERGE:          0
cpu7->cpu7_DTLB TRANSLATION  ACCESS:          0 HIT:          0 MISS:          0 MSHR_MERGE:          0
cpu7->cpu7_DTLB PREFETCH REQUESTED:          0 ISSUED:          0 USEFUL:          0 USELESS:          0
cpu7->cpu7_DTLB AVERAGE MISS LATENCY: 181.9 cycles
cpu6->cpu6_STLB TOTAL        ACCESS:      73133 HIT:       2816 MISS:      70317 MSHR_MERGE:          0
cpu6->cpu6_STLB LOAD         ACCESS:      73133 HIT:       2816 MISS:      70317 MSHR_MERGE:          0
cpu6->cpu6_STLB RFO          ACCESS:          0 HIT:          0 MISS:          0 MSHR_MERGE:          0
cpu6->cpu6_STLB PREFETCH     ACCESS:          0 HIT:          0 MISS:          0 MSHR_MERGE:          0
cpu6->cpu6_STLB WRITE        ACCESS:          0 HIT:          0 MISS:          0 MSHR_MERGE:          0
cpu6->cpu6_STLB TRANSLATION  ACCESS:          0 HIT:          0 MISS:          0 MSHR_MERGE:          0
cpu6->cpu6_STLB PREFETCH REQUESTED:          0 ISSUED:          0 USEFUL:          0 USELESS:          0
cpu6->cpu6_STLB AVERAGE MISS LATENCY: 184.8 cycles
cpu6->cpu6_L2C TOTAL        ACCESS:   24288259 HIT:          0 MISS:   24288259 MSHR_MERGE:          0
cpu6->cpu6_L2C LOAD         ACCESS:   21656106 HIT:          0 MISS:   21656106 MSHR_MERGE:          0
cpu6->cpu6_L2C RFO          ACCESS:    2491518 HIT:          0 MISS:    2491518 MSHR_MERGE:          0
cpu6->cpu6_L2C PREFETCH     ACCESS:          1 HIT:          0 MISS:          1 MSHR_MERGE:          0
cpu6->cpu6_L2C WRITE        ACCESS:          0 HIT:          0 MISS:          0 MSHR_MERGE:          0
cpu6->cpu6_L2C TRANSLATION  ACCESS:     140634 HIT:          0 MISS:     140634 MSHR_MERGE:          0
cpu6->cpu6_L2C PREFETCH REQUESTED:          0 ISSUED:          0 USEFUL:          0 USELESS:          0
cpu6->cpu6_L2C AVERAGE MISS LATENCY: 16.41 cycles
cpu6->cpu6_L1I TOTAL        ACCESS:   82019067 HIT:   82019066 MISS:          1 MSHR_MERGE:          0
cpu6->cpu6_L1I LOAD         ACCESS:   41016451 HIT:   41016451 MISS:          0 MSHR_MERGE:          0
cpu6->cpu6_L1I RFO          ACCESS:          0 HIT:          0 MISS:          0 MSHR_MERGE:          0
cpu6->cpu6_L1I PREFETCH     ACCESS:   41002616 HIT:   41002615 MISS:          1 MSHR_MERGE:          0
cpu6->cpu6_L1I WRITE        ACCESS:          0 HIT:          0 MISS:          0 MSHR_MERGE:          0
cpu6->cpu6_L1I TRANSLATION  ACCESS:          0 HIT:          0 MISS:          0 MSHR_MERGE:          0
cpu6->cpu6_L1I PREFETCH REQUESTED:   41016451 ISSUED:   41002620 USEFUL:          0 USELESS:          0
cpu6->cpu6_L1I AVERAGE MISS LATENCY: - cycles
cpu6->cpu6_L1D TOTAL        ACCESS:   37744136 HIT:          0 MISS:   37744136 MSHR_MERGE:   13455877
cpu6->cpu6_L1D LOAD         ACCESS:   31205474 HIT:          0 MISS:   31205474 MSHR_MERGE:    9549366
cpu6->cpu6_L1D RFO          ACCESS:          0 HIT:          0 MISS:          0 MSHR_MERGE:          0
cpu6->cpu6_L1D PREFETCH     ACCESS:          0 HIT:          0 MISS:          0 MSHR_MERGE:          0
cpu6->cpu6_L1D WRITE        ACCESS:    6398028 HIT:          0 MISS:    6398028 MSHR_MERGE:    3906511
cpu6->cpu6_L1D TRANSLATION  ACCESS:     140634 HIT:          0 MISS:     140634 MSHR_MERGE:          0
cpu6->cpu6_L1D PREFETCH REQUESTED:          0 ISSUED:          0 USEFUL:          0 USELESS:          0
cpu6->cpu6_L1D AVERAGE MISS LATENCY: 19.41 cycles
cpu6->cpu6_ITLB TOTAL        ACCESS:   53700186 HIT:   53700186 MISS:          0 MSHR_MERGE:          0
cpu6->cpu6_ITLB LOAD         ACCESS:   53700186 HIT:   53700186 MISS:          0 MSHR_MERGE:          0
cpu6->cpu6_ITLB RFO          ACCESS:          0 HIT:          0 MISS:          0 MSHR_MERGE:          0
cpu6->cpu6_ITLB PREFETCH     ACCESS:          0 HIT:          0 MISS:          0 MSHR_MERGE:          0
cpu6->cpu6_ITLB WRITE        ACCESS:          0 HIT:          0 MISS:          0 MSHR_MERGE:          0
cpu6->cpu6_ITLB TRANSLATION  ACCESS:          0 HIT:          0 MISS:          0 MSHR_MERGE:          0
cpu6->cpu6_ITLB PREFETCH REQUESTED:          0 ISSUED:          0 USEFUL:          0 USELESS:          0
cpu6->cpu6_ITLB AVERAGE MISS LATENCY: - cycles
cpu6->cpu6_DTLB TOTAL        ACCESS:   37587598 HIT:   37117595 MISS:     470003 MSHR_MERGE:     396870
cpu6->cpu6_DTLB LOAD         ACCESS:   37587598 HIT:   37117595 MISS:     470003 MSHR_MERGE:     396870
cpu6->cpu6_DTLB RFO          ACCESS:          0 HIT:          0 MISS:          0 MSHR_MERGE:          0
cpu6->cpu6_DTLB PREFETCH     ACCESS:          0 HIT:          0 MISS:          0 MSHR_MERGE:          0
cpu6->cpu6_DTLB WRITE        ACCESS:          0 HIT:          0 MISS:          0 MSHR_MERGE:          0
cpu6->cpu6_DTLB TRANSLATION  ACCESS:          0 HIT:          0 MISS:          0 MSHR_MERGE:          0
cpu6->cpu6_DTLB PREFETCH REQUESTED:          0 ISSUED:          0 USEFUL:          0 USELESS:          0
cpu6->cpu6_DTLB AVERAGE MISS LATENCY: 183.6 cycles
cpu5->cpu5_STLB TOTAL        ACCESS:      73177 HIT:       2817 MISS:      70360 MSHR_MERGE:          0
cpu5->cpu5_STLB LOAD         ACCESS:      73177 HIT:       2817 MISS:      70360 MSHR_MERGE:          0
cpu5->cpu5_STLB RFO          ACCESS:          0 HIT:          0 MISS:          0 MSHR_MERGE:          0
cpu5->cpu5_STLB PREFETCH     ACCESS:          0 HIT:          0 MISS:          0 MSHR_MERGE:          0
cpu5->cpu5_STLB WRITE        ACCESS:          0 HIT:          0 MISS:          0 MSHR_MERGE:          0
cpu5->cpu5_STLB TRANSLATION  ACCESS:          0 HIT:          0 MISS:          0 MSHR_MERGE:          0
cpu5->cpu5_STLB PREFETCH REQUESTED:          0 ISSUED:          0 USEFUL:          0 USELESS:          0
cpu5->cpu5_STLB AVERAGE MISS LATENCY: 183.6 cycles
cpu5->cpu5_L2C TOTAL        ACCESS:   24303856 HIT:          0 MISS:   24303856 MSHR_MERGE:          0
cpu5->cpu5_L2C LOAD         ACCESS:   21669915 HIT:          0 MISS:   21669915 MSHR_MERGE:          0
cpu5->cpu5_L2C RFO          ACCESS:    2493218 HIT:          0 MISS:    2493218 MSHR_MERGE:          0
cpu5->cpu5_L2C PREFETCH     ACCESS:          1 HIT:          0 MISS:          1 MSHR_MERGE:          0
cpu5->cpu5_L2C WRITE        ACCESS:          0 HIT:          0 MISS:          0 MSHR_MERGE:          0
cpu5->cpu5_L2C TRANSLATION  ACCESS:     140722 HIT:          0 MISS:     140722 MSHR_MERGE:          0
cpu5->cpu5_L2C PREFETCH REQUESTED:          0 ISSUED:          0 USEFUL:          0 USELESS:          0
cpu5->cpu5_L2C AVERAGE MISS LATENCY: 16.41 cycles
cpu5->cpu5_L1I TOTAL        ACCESS:   82076583 HIT:   82076582 MISS:          1 MSHR_MERGE:          0
cpu5->cpu5_L1I LOAD         ACCESS:   41045315 HIT:   41045315 MISS:          0 MSHR_MERGE:          0
cpu5->cpu5_L1I RFO          ACCESS:          0 HIT:          0 MISS:          0 MSHR_MERGE:          0
cpu5->cpu5_L1I PREFETCH     ACCESS:   41031268 HIT:   41031267 MISS:          1 MSHR_MERGE:          0
cpu5->cpu5_L1I WRITE        ACCESS:          0 HIT:          0 MISS:          0 MSHR_MERGE:          0
cpu5->cpu5_L1I TRANSLATION  ACCESS:          0 HIT:          0 MISS:          0 MSHR_MERGE:          0
cpu5->cpu5_L1I PREFETCH REQUESTED:   41045315 ISSUED:   41031268 USEFUL:          0 USELESS:          0
cpu5->cpu5_L1I AVERAGE MISS LATENCY: - cycles
cpu5->cpu5_L1D TOTAL        ACCESS:   37765910 HIT:          0 MISS:   37765910 MSHR_MERGE:   13462056
cpu5->cpu5_L1D LOAD         ACCESS:   31223204 HIT:          0 MISS:   31223204 MSHR_MERGE:    9553289
cpu5->cpu5_L1D RFO          ACCESS:          0 HIT:          0 MISS:          0 MSHR_MERGE:          0
cpu5->cpu5_L1D PREFETCH     ACCESS:          0 HIT:          0 MISS:          0 MSHR_MERGE:          0
cpu5->cpu5_L1D WRITE        ACCESS:    6401985 HIT:          0 MISS:    6401985 MSHR_MERGE:    3908767
cpu5->cpu5_L1D TRANSLATION  ACCESS:     140721 HIT:          0 MISS:     140721 MSHR_MERGE:          0
cpu5->cpu5_L1D PREFETCH REQUESTED:          0 ISSUED:          0 USEFUL:          0 USELESS:          0
cpu5->cpu5_L1D AVERAGE MISS LATENCY: 19.41 cycles
cpu5->cpu5_ITLB TOTAL        ACCESS:   53735209 HIT:   53735209 MISS:          0 MSHR_MERGE:          0
cpu5->cpu5_ITLB LOAD         ACCESS:   53735209 HIT:   53735209 MISS:          0 MSHR_MERGE:          0
cpu5->cpu5_ITLB RFO          ACCESS:          0 HIT:          0 MISS:          0 MSHR_MERGE:          0
cpu5->cpu5_ITLB PREFETCH     ACCESS:          0 HIT:          0 MISS:          0 MSHR_MERGE:          0
cpu5->cpu5_ITLB WRITE        ACCESS:          0 HIT:          0 MISS:          0 MSHR_MERGE:          0
cpu5->cpu5_ITLB TRANSLATION  ACCESS:          0 HIT:          0 MISS:          0 MSHR_MERGE:          0
cpu5->cpu5_ITLB PREFETCH REQUESTED:          0 ISSUED:          0 USEFUL:          0 USELESS:          0
cpu5->cpu5_ITLB AVERAGE MISS LATENCY: - cycles
cpu5->cpu5_DTLB TOTAL        ACCESS:   37609127 HIT:   37138508 MISS:     470619 MSHR_MERGE:     397442
cpu5->cpu5_DTLB LOAD         ACCESS:   37609127 HIT:   37138508 MISS:     470619 MSHR_MERGE:     397442
cpu5->cpu5_DTLB RFO          ACCESS:          0 HIT:          0 MISS:          0 MSHR_MERGE:          0
cpu5->cpu5_DTLB PREFETCH     ACCESS:          0 HIT:          0 MISS:          0 MSHR_MERGE:          0
cpu5->cpu5_DTLB WRITE        ACCESS:          0 HIT:          0 MISS:          0 MSHR_MERGE:          0
cpu5->cpu5_DTLB TRANSLATION  ACCESS:          0 HIT:          0 MISS:          0 MSHR_MERGE:          0
cpu5->cpu5_DTLB PREFETCH REQUESTED:          0 ISSUED:          0 USEFUL:          0 USELESS:          0
cpu5->cpu5_DTLB AVERAGE MISS LATENCY: 182.5 cycles
cpu4->cpu4_STLB TOTAL        ACCESS:      73142 HIT:       2816 MISS:      70326 MSHR_MERGE:          0
cpu4->cpu4_STLB LOAD         ACCESS:      73142 HIT:       2816 MISS:      70326 MSHR_MERGE:          0
cpu4->cpu4_STLB RFO          ACCESS:          0 HIT:          0 MISS:          0 MSHR_MERGE:          0
cpu4->cpu4_STLB PREFETCH     ACCESS:          0 HIT:          0 MISS:          0 MSHR_MERGE:          0
cpu4->cpu4_STLB WRITE        ACCESS:          0 HIT:          0 MISS:          0 MSHR_MERGE:          0
cpu4->cpu4_STLB TRANSLATION  ACCESS:          0 HIT:          0 MISS:          0 MSHR_MERGE:          0
cpu4->cpu4_STLB PREFETCH REQUESTED:          0 ISSUED:          0 USEFUL:          0 USELESS:          0
cpu4->cpu4_STLB AVERAGE MISS LATENCY: 184.1 cycles
cpu4->cpu4_L2C TOTAL        ACCESS:   24289622 HIT:          0 MISS:   24289622 MSHR_MERGE:          0
cpu4->cpu4_L2C LOAD         ACCESS:   21657143 HIT:          0 MISS:   21657143 MSHR_MERGE:          0
cpu4->cpu4_L2C RFO          ACCESS:    2491826 HIT:          0 MISS:    2491826 MSHR_MERGE:          0
cpu4->cpu4_L2C PREFETCH     ACCESS:          1 HIT:          0 MISS:          1 MSHR_MERGE:          0
cpu4->cpu4_L2C WRITE        ACCESS:          0 HIT:          0 MISS:          0 MSHR_MERGE:          0
cpu4->cpu4_L2C TRANSLATION  ACCESS:     140652 HIT:          0 MISS:     140652 MSHR_MERGE:          0
cpu4->cpu4_L2C PREFETCH REQUESTED:          0 ISSUED:          0 USEFUL:          0 USELESS:          0
cpu4->cpu4_L2C AVERAGE MISS LATENCY: 16.41 cycles
cpu4->cpu4_L1I TOTAL        ACCESS:   82058165 HIT:   82058164 MISS:          1 MSHR_MERGE:          0
cpu4->cpu4_L1I LOAD         ACCESS:   41036175 HIT:   41036175 MISS:          0 MSHR_MERGE:          0
cpu4->cpu4_L1I RFO          ACCESS:          0 HIT:          0 MISS:          0 MSHR_MERGE:          0
cpu4->cpu4_L1I PREFETCH     ACCESS:   41021990 HIT:   41021989 MISS:          1 MSHR_MERGE:          0
cpu4->cpu4_L1I WRITE        ACCESS:          0 HIT:          0 MISS:          0 MSHR_MERGE:          0
cpu4->cpu4_L1I TRANSLATION  ACCESS:          0 HIT:          0 MISS:          0 MSHR_MERGE:          0
cpu4->cpu4_L1I PREFETCH REQUESTED:   41036175 ISSUED:   41021991 USEFUL:          0 USELESS:          0
cpu4->cpu4_L1I AVERAGE MISS LATENCY: - cycles
cpu4->cpu4_L1D TOTAL        ACCESS:   37749811 HIT:          0 MISS:   37749811 MSHR_MERGE:   13460190
cpu4->cpu4_L1D LOAD         ACCESS:   31210333 HIT:          0 MISS:   31210333 MSHR_MERGE:    9553190
cpu4->cpu4_L1D RFO          ACCESS:          0 HIT:          0 MISS:          0 MSHR_MERGE:          0
cpu4->cpu4_L1D PREFETCH     ACCESS:          0 HIT:          0 MISS:          0 MSHR_MERGE:          0
cpu4->cpu4_L1D WRITE        ACCESS:    6398826 HIT:          0 MISS:    6398826 MSHR_MERGE:    3907000
cpu4->cpu4_L1D TRANSLATION  ACCESS:     140652 HIT:          0 MISS:     140652 MSHR_MERGE:          0
cpu4->cpu4_L1D PREFETCH REQUESTED:          0 ISSUED:          0 USEFUL:          0 USELESS:          0
cpu4->cpu4_L1D AVERAGE MISS LATENCY: 19.41 cycles
cpu4->cpu4_ITLB TOTAL        ACCESS:   53788877 HIT:   53788877 MISS:          0 MSHR_MERGE:          0
cpu4->cpu4_ITLB LOAD         ACCESS:   53788877 HIT:   53788877 MISS:          0 MSHR_MERGE:          0
cpu4->cpu4_ITLB RFO          ACCESS:          0 HIT:          0 MISS:          0 MSHR_MERGE:          0
cpu4->cpu4_ITLB PREFETCH     ACCESS:          0 HIT:          0 MISS:          0 MSHR_MERGE:          0
cpu4->cpu4_ITLB WRITE        ACCESS:          0 HIT:          0 MISS:          0 MSHR_MERGE:          0
cpu4->cpu4_ITLB TRANSLATION  ACCESS:          0 HIT:          0 MISS:          0 MSHR_MERGE:          0
cpu4->cpu4_ITLB PREFETCH REQUESTED:          0 ISSUED:          0 USEFUL:          0 USELESS:          0
cpu4->cpu4_ITLB AVERAGE MISS LATENCY: - cycles
cpu4->cpu4_DTLB TOTAL        ACCESS:   37593257 HIT:   37123278 MISS:     469979 MSHR_MERGE:     396837
cpu4->cpu4_DTLB LOAD         ACCESS:   37593257 HIT:   37123278 MISS:     469979 MSHR_MERGE:     396837
cpu4->cpu4_DTLB RFO          ACCESS:          0 HIT:          0 MISS:          0 MSHR_MERGE:          0
cpu4->cpu4_DTLB PREFETCH     ACCESS:          0 HIT:          0 MISS:          0 MSHR_MERGE:          0
cpu4->cpu4_DTLB WRITE        ACCESS:          0 HIT:          0 MISS:          0 MSHR_MERGE:          0
cpu4->cpu4_DTLB TRANSLATION  ACCESS:          0 HIT:          0 MISS:          0 MSHR_MERGE:          0
cpu4->cpu4_DTLB PREFETCH REQUESTED:          0 ISSUED:          0 USEFUL:          0 USELESS:          0
cpu4->cpu4_DTLB AVERAGE MISS LATENCY: 183 cycles
cpu3->cpu3_STLB TOTAL        ACCESS:      73208 HIT:       2818 MISS:      70390 MSHR_MERGE:          0
cpu3->cpu3_STLB LOAD         ACCESS:      73208 HIT:       2818 MISS:      70390 MSHR_MERGE:          0
cpu3->cpu3_STLB RFO          ACCESS:          0 HIT:          0 MISS:          0 MSHR_MERGE:          0
cpu3->cpu3_STLB PREFETCH     ACCESS:          0 HIT:          0 MISS:          0 MSHR_MERGE:          0
cpu3->cpu3_STLB WRITE        ACCESS:          0 HIT:          0 MISS:          0 MSHR_MERGE:          0
cpu3->cpu3_STLB TRANSLATION  ACCESS:          0 HIT:          0 MISS:          0 MSHR_MERGE:          0
cpu3->cpu3_STLB PREFETCH REQUESTED:          0 ISSUED:          0 USEFUL:          0 USELESS:          0
cpu3->cpu3_STLB AVERAGE MISS LATENCY: 181.7 cycles
cpu3->cpu3_L2C TOTAL        ACCESS:   24314060 HIT:          0 MISS:   24314060 MSHR_MERGE:          0
cpu3->cpu3_L2C LOAD         ACCESS:   21677513 HIT:          0 MISS:   21677513 MSHR_MERGE:          0
cpu3->cpu3_L2C RFO          ACCESS:    2495766 HIT:          0 MISS:    2495766 MSHR_MERGE:          0
cpu3->cpu3_L2C PREFETCH     ACCESS:          1 HIT:          0 MISS:          1 MSHR_MERGE:          0
cpu3->cpu3_L2C WRITE        ACCESS:          0 HIT:          0 MISS:          0 MSHR_MERGE:          0
cpu3->cpu3_L2C TRANSLATION  ACCESS:     140780 HIT:          0 MISS:     140780 MSHR_MERGE:          0
cpu3->cpu3_L2C PREFETCH REQUESTED:          0 ISSUED:          0 USEFUL:          0 USELESS:          0
cpu3->cpu3_L2C AVERAGE MISS LATENCY: 16.4 cycles
cpu3->cpu3_L1I TOTAL        ACCESS:   82227730 HIT:   82227729 MISS:          1 MSHR_MERGE:          0
cpu3->cpu3_L1I LOAD         ACCESS:   41120852 HIT:   41120852 MISS:          0 MSHR_MERGE:          0
cpu3->cpu3_L1I RFO          ACCESS:          0 HIT:          0 MISS:          0 MSHR_MERGE:          0
cpu3->cpu3_L1I PREFETCH     ACCESS:   41106878 HIT:   41106877 MISS:          1 MSHR_MERGE:          0
cpu3->cpu3_L1I WRITE        ACCESS:          0 HIT:          0 MISS:          0 MSHR_MERGE:          0
cpu3->cpu3_L1I TRANSLATION  ACCESS:          0 HIT:          0 MISS:          0 MSHR_MERGE:          0
cpu3->cpu3_L1I PREFETCH REQUESTED:   41120852 ISSUED:   41106878 USEFUL:          0 USELESS:          0
cpu3->cpu3_L1I AVERAGE MISS LATENCY: - cycles
cpu3->cpu3_L1D TOTAL        ACCESS:   37751145 HIT:          0 MISS:   37751145 MSHR_MERGE:   13437086
cpu3->cpu3_L1D LOAD         ACCESS:   31205768 HIT:          0 MISS:   31205768 MSHR_MERGE:    9528255
cpu3->cpu3_L1D RFO          ACCESS:          0 HIT:          0 MISS:          0 MSHR_MERGE:          0
cpu3->cpu3_L1D PREFETCH     ACCESS:          0 HIT:          0 MISS:          0 MSHR_MERGE:          0
cpu3->cpu3_L1D WRITE        ACCESS:    6404597 HIT:          0 MISS:    6404597 MSHR_MERGE:    3908831
cpu3->cpu3_L1D TRANSLATION  ACCESS:     140780 HIT:          0 MISS:     140780 MSHR_MERGE:          0
cpu3->cpu3_L1D PREFETCH REQUESTED:          0 ISSUED:          0 USEFUL:          0 USELESS:          0
cpu3->cpu3_L1D AVERAGE MISS LATENCY: 19.41 cycles
cpu3->cpu3_ITLB TOTAL        ACCESS:   53979943 HIT:   53979943 MISS:          0 MSHR_MERGE:          0
cpu3->cpu3_ITLB LOAD         ACCESS:   53979943 HIT:   53979943 MISS:          0 MSHR_MERGE:          0
cpu3->cpu3_ITLB RFO          ACCESS:          0 HIT:          0 MISS:          0 MSHR_MERGE:          0
cpu3->cpu3_ITLB PREFETCH     ACCESS:          0 HIT:          0 MISS:          0 MSHR_MERGE:          0
cpu3->cpu3_ITLB WRITE        ACCESS:          0 HIT:          0 MISS:          0 MSHR_MERGE:          0
cpu3->cpu3_ITLB TRANSLATION  ACCESS:          0 HIT:          0 MISS:          0 MSHR_MERGE:          0
cpu3->cpu3_ITLB PREFETCH REQUESTED:          0 ISSUED:          0 USEFUL:          0 USELESS:          0
cpu3->cpu3_ITLB AVERAGE MISS LATENCY: - cycles
cpu3->cpu3_DTLB TOTAL        ACCESS:   37607940 HIT:   37136873 MISS:     471067 MSHR_MERGE:     397859
cpu3->cpu3_DTLB LOAD         ACCESS:   37607940 HIT:   37136873 MISS:     471067 MSHR_MERGE:     397859
cpu3->cpu3_DTLB RFO          ACCESS:          0 HIT:          0 MISS:          0 MSHR_MERGE:          0
cpu3->cpu3_DTLB PREFETCH     ACCESS:          0 HIT:          0 MISS:          0 MSHR_MERGE:          0
cpu3->cpu3_DTLB WRITE        ACCESS:          0 HIT:          0 MISS:          0 MSHR_MERGE:          0
cpu3->cpu3_DTLB TRANSLATION  ACCESS:          0 HIT:          0 MISS:          0 MSHR_MERGE:          0
cpu3->cpu3_DTLB PREFETCH REQUESTED:          0 ISSUED:          0 USEFUL:          0 USELESS:          0
cpu3->cpu3_DTLB AVERAGE MISS LATENCY: 180.7 cycles
cpu2->cpu2_STLB TOTAL        ACCESS:      73158 HIT:       2817 MISS:      70341 MSHR_MERGE:          0
cpu2->cpu2_STLB LOAD         ACCESS:      73158 HIT:       2817 MISS:      70341 MSHR_MERGE:          0
cpu2->cpu2_STLB RFO          ACCESS:          0 HIT:          0 MISS:          0 MSHR_MERGE:          0
cpu2->cpu2_STLB PREFETCH     ACCESS:          0 HIT:          0 MISS:          0 MSHR_MERGE:          0
cpu2->cpu2_STLB WRITE        ACCESS:          0 HIT:          0 MISS:          0 MSHR_MERGE:          0
cpu2->cpu2_STLB TRANSLATION  ACCESS:          0 HIT:          0 MISS:          0 MSHR_MERGE:          0
cpu2->cpu2_STLB PREFETCH REQUESTED:          0 ISSUED:          0 USEFUL:          0 USELESS:          0
cpu2->cpu2_STLB AVERAGE MISS LATENCY: 184 cycles
cpu2->cpu2_L2C TOTAL        ACCESS:   24292038 HIT:          0 MISS:   24292038 MSHR_MERGE:          0
cpu2->cpu2_L2C LOAD         ACCESS:   21659573 HIT:          0 MISS:   21659573 MSHR_MERGE:          0
cpu2->cpu2_L2C RFO          ACCESS:    2491782 HIT:          0 MISS:    2491782 MSHR_MERGE:          0
cpu2->cpu2_L2C PREFETCH     ACCESS:          1 HIT:          0 MISS:          1 MSHR_MERGE:          0
cpu2->cpu2_L2C WRITE        ACCESS:          0 HIT:          0 MISS:          0 MSHR_MERGE:          0
cpu2->cpu2_L2C TRANSLATION  ACCESS:     140682 HIT:          0 MISS:     140682 MSHR_MERGE:          0
cpu2->cpu2_L2C PREFETCH REQUESTED:          0 ISSUED:          0 USEFUL:          0 USELESS:          0
cpu2->cpu2_L2C AVERAGE MISS LATENCY: 16.41 cycles
cpu2->cpu2_L1I TOTAL        ACCESS:   82100007 HIT:   82100006 MISS:          1 MSHR_MERGE:          0
cpu2->cpu2_L1I LOAD         ACCESS:   41056794 HIT:   41056794 MISS:          0 MSHR_MERGE:          0
cpu2->cpu2_L1I RFO          ACCESS:          0 HIT:          0 MISS:          0 MSHR_MERGE:          0
cpu2->cpu2_L1I PREFETCH     ACCESS:   41043213 HIT:   41043212 MISS:          1 MSHR_MERGE:          0
cpu2->cpu2_L1I WRITE        ACCESS:          0 HIT:          0 MISS:          0 MSHR_MERGE:          0
cpu2->cpu2_L1I TRANSLATION  ACCESS:          0 HIT:          0 MISS:          0 MSHR_MERGE:          0
cpu2->cpu2_L1I PREFETCH REQUESTED:   41056794 ISSUED:   41043215 USEFUL:          0 USELESS:          0
cpu2->cpu2_L1I AVERAGE MISS LATENCY: - cycles
cpu2->cpu2_L1D TOTAL        ACCESS:   37763613 HIT:          0 MISS:   37763613 MSHR_MERGE:   13471575
cpu2->cpu2_L1D LOAD         ACCESS:   31222726 HIT:          0 MISS:   31222726 MSHR_MERGE:    9563153
cpu2->cpu2_L1D RFO          ACCESS:          0 HIT:          0 MISS:          0 MSHR_MERGE:          0
cpu2->cpu2_L1D PREFETCH     ACCESS:          0 HIT:          0 MISS:          0 MSHR_MERGE:          0
cpu2->cpu2_L1D WRITE        ACCESS:    6400205 HIT:          0 MISS:    6400205 MSHR_MERGE:    3908422
cpu2->cpu2_L1D TRANSLATION  ACCESS:     140682 HIT:          0 MISS:     140682 MSHR_MERGE:          0
cpu2->cpu2_L1D PREFETCH REQUESTED:          0 ISSUED:          0 USEFUL:          0 USELESS:          0
cpu2->cpu2_L1D AVERAGE MISS LATENCY: 19.41 cycles
cpu2->cpu2_ITLB TOTAL        ACCESS:   53818369 HIT:   53818369 MISS:          0 MSHR_MERGE:          0
cpu2->cpu2_ITLB LOAD         ACCESS:   53818369 HIT:   53818369 MISS:          0 MSHR_MERGE:          0
cpu2->cpu2_ITLB RFO          ACCESS:          0 HIT:          0 MISS:          0 MSHR_MERGE:          0
cpu2->cpu2_ITLB PREFETCH     ACCESS:          0 HIT:          0 MISS:          0 MSHR_MERGE:          0
cpu2->cpu2_ITLB WRITE        ACCESS:          0 HIT:          0 MISS:          0 MSHR_MERGE:          0
cpu2->cpu2_ITLB TRANSLATION  ACCESS:          0 HIT:          0 MISS:          0 MSHR_MERGE:          0
cpu2->cpu2_ITLB PREFETCH REQUESTED:          0 ISSUED:          0 USEFUL:          0 USELESS:          0
cpu2->cpu2_ITLB AVERAGE MISS LATENCY: - cycles
cpu2->cpu2_DTLB TOTAL        ACCESS:   37620453 HIT:   37149976 MISS:     470477 MSHR_MERGE:     397319
cpu2->cpu2_DTLB LOAD         ACCESS:   37620453 HIT:   37149976 MISS:     470477 MSHR_MERGE:     397319
cpu2->cpu2_DTLB RFO          ACCESS:          0 HIT:          0 MISS:          0 MSHR_MERGE:          0
cpu2->cpu2_DTLB PREFETCH     ACCESS:          0 HIT:          0 MISS:          0 MSHR_MERGE:          0
cpu2->cpu2_DTLB WRITE        ACCESS:          0 HIT:          0 MISS:          0 MSHR_MERGE:          0
cpu2->cpu2_DTLB TRANSLATION  ACCESS:          0 HIT:          0 MISS:          0 MSHR_MERGE:          0
cpu2->cpu2_DTLB PREFETCH REQUESTED:          0 ISSUED:          0 USEFUL:          0 USELESS:          0
cpu2->cpu2_DTLB AVERAGE MISS LATENCY: 182.9 cycles
cpu1->cpu1_STLB TOTAL        ACCESS:      73180 HIT:       2817 MISS:      70363 MSHR_MERGE:          0
cpu1->cpu1_STLB LOAD         ACCESS:      73180 HIT:       2817 MISS:      70363 MSHR_MERGE:          0
cpu1->cpu1_STLB RFO          ACCESS:          0 HIT:          0 MISS:          0 MSHR_MERGE:          0
cpu1->cpu1_STLB PREFETCH     ACCESS:          0 HIT:          0 MISS:          0 MSHR_MERGE:          0
cpu1->cpu1_STLB WRITE        ACCESS:          0 HIT:          0 MISS:          0 MSHR_MERGE:          0
cpu1->cpu1_STLB TRANSLATION  ACCESS:          0 HIT:          0 MISS:          0 MSHR_MERGE:          0
cpu1->cpu1_STLB PREFETCH REQUESTED:          0 ISSUED:          0 USEFUL:          0 USELESS:          0
cpu1->cpu1_STLB AVERAGE MISS LATENCY: 183.7 cycles
cpu1->cpu1_L2C TOTAL        ACCESS:   24296602 HIT:          0 MISS:   24296602 MSHR_MERGE:          0
cpu1->cpu1_L2C LOAD         ACCESS:   21663717 HIT:          0 MISS:   21663717 MSHR_MERGE:          0
cpu1->cpu1_L2C RFO          ACCESS:    2492158 HIT:          0 MISS:    2492158 MSHR_MERGE:          0
cpu1->cpu1_L2C PREFETCH     ACCESS:          1 HIT:          0 MISS:          1 MSHR_MERGE:          0
cpu1->cpu1_L2C WRITE        ACCESS:          0 HIT:          0 MISS:          0 MSHR_MERGE:          0
cpu1->cpu1_L2C TRANSLATION  ACCESS:     140726 HIT:          0 MISS:     140726 MSHR_MERGE:          0
cpu1->cpu1_L2C PREFETCH REQUESTED:          0 ISSUED:          0 USEFUL:          0 USELESS:          0
cpu1->cpu1_L2C AVERAGE MISS LATENCY: 16.41 cycles
cpu1->cpu1_L1I TOTAL        ACCESS:   82119976 HIT:   82119975 MISS:          1 MSHR_MERGE:          0
cpu1->cpu1_L1I LOAD         ACCESS:   41066996 HIT:   41066996 MISS:          0 MSHR_MERGE:          0
cpu1->cpu1_L1I RFO          ACCESS:          0 HIT:          0 MISS:          0 MSHR_MERGE:          0
cpu1->cpu1_L1I PREFETCH     ACCESS:   41052980 HIT:   41052979 MISS:          1 MSHR_MERGE:          0
cpu1->cpu1_L1I WRITE        ACCESS:          0 HIT:          0 MISS:          0 MSHR_MERGE:          0
cpu1->cpu1_L1I TRANSLATION  ACCESS:          0 HIT:          0 MISS:          0 MSHR_MERGE:          0
cpu1->cpu1_L1I PREFETCH REQUESTED:   41066996 ISSUED:   41052980 USEFUL:          0 USELESS:          0
cpu1->cpu1_L1I AVERAGE MISS LATENCY: - cycles
cpu1->cpu1_L1D TOTAL        ACCESS:   37774385 HIT:          0 MISS:   37774385 MSHR_MERGE:   13477785
cpu1->cpu1_L1D LOAD         ACCESS:   31231436 HIT:          0 MISS:   31231436 MSHR_MERGE:    9567720
cpu1->cpu1_L1D RFO          ACCESS:          0 HIT:          0 MISS:          0 MSHR_MERGE:          0
cpu1->cpu1_L1D PREFETCH     ACCESS:          0 HIT:          0 MISS:          0 MSHR_MERGE:          0
cpu1->cpu1_L1D WRITE        ACCESS:    6402223 HIT:          0 MISS:    6402223 MSHR_MERGE:    3910065
cpu1->cpu1_L1D TRANSLATION  ACCESS:     140726 HIT:          0 MISS:     140726 MSHR_MERGE:          0
cpu1->cpu1_L1D PREFETCH REQUESTED:          0 ISSUED:          0 USEFUL:          0 USELESS:          0
cpu1->cpu1_L1D AVERAGE MISS LATENCY: 19.41 cycles
cpu1->cpu1_ITLB TOTAL        ACCESS:   53834913 HIT:   53834913 MISS:          0 MSHR_MERGE:          0
cpu1->cpu1_ITLB LOAD         ACCESS:   53834913 HIT:   53834913 MISS:          0 MSHR_MERGE:          0
cpu1->cpu1_ITLB RFO          ACCESS:          0 HIT:          0 MISS:          0 MSHR_MERGE:          0
cpu1->cpu1_ITLB PREFETCH     ACCESS:          0 HIT:          0 MISS:          0 MSHR_MERGE:          0
cpu1->cpu1_ITLB WRITE        ACCESS:          0 HIT:          0 MISS:          0 MSHR_MERGE:          0
cpu1->cpu1_ITLB TRANSLATION  ACCESS:          0 HIT:          0 MISS:          0 MSHR_MERGE:          0
cpu1->cpu1_ITLB PREFETCH REQUESTED:          0 ISSUED:          0 USEFUL:          0 USELESS:          0
cpu1->cpu1_ITLB AVERAGE MISS LATENCY: - cycles
cpu1->cpu1_DTLB TOTAL        ACCESS:   37631041 HIT:   37160173 MISS:     470868 MSHR_MERGE:     397688
cpu1->cpu1_DTLB LOAD         ACCESS:   37631041 HIT:   37160173 MISS:     470868 MSHR_MERGE:     397688
cpu1->cpu1_DTLB RFO          ACCESS:          0 HIT:          0 MISS:          0 MSHR_MERGE:          0
cpu1->cpu1_DTLB PREFETCH     ACCESS:          0 HIT:          0 MISS:          0 MSHR_MERGE:          0
cpu1->cpu1_DTLB WRITE        ACCESS:          0 HIT:          0 MISS:          0 MSHR_MERGE:          0
cpu1->cpu1_DTLB TRANSLATION  ACCESS:          0 HIT:          0 MISS:          0 MSHR_MERGE:          0
cpu1->cpu1_DTLB PREFETCH REQUESTED:          0 ISSUED:          0 USEFUL:          0 USELESS:          0
cpu1->cpu1_DTLB AVERAGE MISS LATENCY: 182.5 cycles
cpu15->cpu15_STLB TOTAL        ACCESS:      73155 HIT:       2816 MISS:      70339 MSHR_MERGE:          0
cpu15->cpu15_STLB LOAD         ACCESS:      73155 HIT:       2816 MISS:      70339 MSHR_MERGE:          0
cpu15->cpu15_STLB RFO          ACCESS:          0 HIT:          0 MISS:          0 MSHR_MERGE:          0
cpu15->cpu15_STLB PREFETCH     ACCESS:          0 HIT:          0 MISS:          0 MSHR_MERGE:          0
cpu15->cpu15_STLB WRITE        ACCESS:          0 HIT:          0 MISS:          0 MSHR_MERGE:          0
cpu15->cpu15_STLB TRANSLATION  ACCESS:          0 HIT:          0 MISS:          0 MSHR_MERGE:          0
cpu15->cpu15_STLB PREFETCH REQUESTED:          0 ISSUED:          0 USEFUL:          0 USELESS:          0
cpu15->cpu15_STLB AVERAGE MISS LATENCY: 182.8 cycles
cpu15->cpu15_L2C TOTAL        ACCESS:   24297102 HIT:          0 MISS:   24297102 MSHR_MERGE:          0
cpu15->cpu15_L2C LOAD         ACCESS:   21663195 HIT:          0 MISS:   21663195 MSHR_MERGE:          0
cpu15->cpu15_L2C RFO          ACCESS:    2493228 HIT:          0 MISS:    2493228 MSHR_MERGE:          0
cpu15->cpu15_L2C PREFETCH     ACCESS:          1 HIT:          0 MISS:          1 MSHR_MERGE:          0
cpu15->cpu15_L2C WRITE        ACCESS:          0 HIT:          0 MISS:          0 MSHR_MERGE:          0
cpu15->cpu15_L2C TRANSLATION  ACCESS:     140678 HIT:          0 MISS:     140678 MSHR_MERGE:          0
cpu15->cpu15_L2C PREFETCH REQUESTED:          0 ISSUED:          0 USEFUL:          0 USELESS:          0
cpu15->cpu15_L2C AVERAGE MISS LATENCY: 16.41 cycles
cpu15->cpu15_L1I TOTAL        ACCESS:   82168806 HIT:   82168805 MISS:          1 MSHR_MERGE:          0
cpu15->cpu15_L1I LOAD         ACCESS:   41091620 HIT:   41091620 MISS:          0 MSHR_MERGE:          0
cpu15->cpu15_L1I RFO          ACCESS:          0 HIT:          0 MISS:          0 MSHR_MERGE:          0
cpu15->cpu15_L1I PREFETCH     ACCESS:   41077186 HIT:   41077185 MISS:          1 MSHR_MERGE:          0
cpu15->cpu15_L1I WRITE        ACCESS:          0 HIT:          0 MISS:          0 MSHR_MERGE:          0
cpu15->cpu15_L1I TRANSLATION  ACCESS:          0 HIT:          0 MISS:          0 MSHR_MERGE:          0
cpu15->cpu15_L1I PREFETCH REQUESTED:   41091620 ISSUED:   41077186 USEFUL:          0 USELESS:          0
cpu15->cpu15_L1I AVERAGE MISS LATENCY: - cycles
cpu15->cpu15_L1D TOTAL        ACCESS:   37721705 HIT:          0 MISS:   37721705 MSHR_MERGE:   13424604
cpu15->cpu15_L1D LOAD         ACCESS:   31180976 HIT:          0 MISS:   31180976 MSHR_MERGE:    9517781
cpu15->cpu15_L1D RFO          ACCESS:          0 HIT:          0 MISS:          0 MSHR_MERGE:          0
cpu15->cpu15_L1D PREFETCH     ACCESS:          0 HIT:          0 MISS:          0 MSHR_MERGE:          0
cpu15->cpu15_L1D WRITE        ACCESS:    6400051 HIT:          0 MISS:    6400051 MSHR_MERGE:    3906823
cpu15->cpu15_L1D TRANSLATION  ACCESS:     140678 HIT:          0 MISS:     140678 MSHR_MERGE:          0
cpu15->cpu15_L1D PREFETCH REQUESTED:          0 ISSUED:          0 USEFUL:          0 USELESS:          0
cpu15->cpu15_L1D AVERAGE MISS LATENCY: 19.41 cycles
cpu15->cpu15_ITLB TOTAL        ACCESS:   53947037 HIT:   53947037 MISS:          0 MSHR_MERGE:          0
cpu15->cpu15_ITLB LOAD         ACCESS:   53947037 HIT:   53947037 MISS:          0 MSHR_MERGE:          0
cpu15->cpu15_ITLB RFO          ACCESS:          0 HIT:          0 MISS:          0 MSHR_MERGE:          0
cpu15->cpu15_ITLB PREFETCH     ACCESS:          0 HIT:          0 MISS:          0 MSHR_MERGE:          0
cpu15->cpu15_ITLB WRITE        ACCESS:          0 HIT:          0 MISS:          0 MSHR_MERGE:          0
cpu15->cpu15_ITLB TRANSLATION  ACCESS:          0 HIT:          0 MISS:          0 MSHR_MERGE:          0
cpu15->cpu15_ITLB PREFETCH REQUESTED:          0 ISSUED:          0 USEFUL:          0 USELESS:          0
cpu15->cpu15_ITLB AVERAGE MISS LATENCY: - cycles
cpu15->cpu15_DTLB TOTAL        ACCESS:   37578637 HIT:   37107533 MISS:     471104 MSHR_MERGE:     397949
cpu15->cpu15_DTLB LOAD         ACCESS:   37578637 HIT:   37107533 MISS:     471104 MSHR_MERGE:     397949
cpu15->cpu15_DTLB RFO          ACCESS:          0 HIT:          0 MISS:          0 MSHR_MERGE:          0
cpu15->cpu15_DTLB PREFETCH     ACCESS:          0 HIT:          0 MISS:          0 MSHR_MERGE:          0
cpu15->cpu15_DTLB WRITE        ACCESS:          0 HIT:          0 MISS:          0 MSHR_MERGE:          0
cpu15->cpu15_DTLB TRANSLATION  ACCESS:          0 HIT:          0 MISS:          0 MSHR_MERGE:          0
cpu15->cpu15_DTLB PREFETCH REQUESTED:          0 ISSUED:          0 USEFUL:          0 USELESS:          0
cpu15->cpu15_DTLB AVERAGE MISS LATENCY: 181.7 cycles
cpu14->cpu14_STLB TOTAL        ACCESS:      73103 HIT:       2815 MISS:      70288 MSHR_MERGE:          0
cpu14->cpu14_STLB LOAD         ACCESS:      73103 HIT:       2815 MISS:      70288 MSHR_MERGE:          0
cpu14->cpu14_STLB RFO          ACCESS:          0 HIT:          0 MISS:          0 MSHR_MERGE:          0
cpu14->cpu14_STLB PREFETCH     ACCESS:          0 HIT:          0 MISS:          0 MSHR_MERGE:          0
cpu14->cpu14_STLB WRITE        ACCESS:          0 HIT:          0 MISS:          0 MSHR_MERGE:          0
cpu14->cpu14_STLB TRANSLATION  ACCESS:          0 HIT:          0 MISS:          0 MSHR_MERGE:          0
cpu14->cpu14_STLB PREFETCH REQUESTED:          0 ISSUED:          0 USEFUL:          0 USELESS:          0
cpu14->cpu14_STLB AVERAGE MISS LATENCY: 184 cycles
cpu14->cpu14_L2C TOTAL        ACCESS:   24280048 HIT:          0 MISS:   24280048 MSHR_MERGE:          0
cpu14->cpu14_L2C LOAD         ACCESS:   21647963 HIT:          0 MISS:   21647963 MSHR_MERGE:          0
cpu14->cpu14_L2C RFO          ACCESS:    2491507 HIT:          0 MISS:    2491507 MSHR_MERGE:          0
cpu14->cpu14_L2C PREFETCH     ACCESS:          2 HIT:          0 MISS:          2 MSHR_MERGE:          0
cpu14->cpu14_L2C WRITE        ACCESS:          0 HIT:          0 MISS:          0 MSHR_MERGE:          0
cpu14->cpu14_L2C TRANSLATION  ACCESS:     140576 HIT:          0 MISS:     140576 MSHR_MERGE:          0
cpu14->cpu14_L2C PREFETCH REQUESTED:          0 ISSUED:          0 USEFUL:          0 USELESS:          0
cpu14->cpu14_L2C AVERAGE MISS LATENCY: 16.41 cycles
cpu14->cpu14_L1I TOTAL        ACCESS:   82112127 HIT:   82112125 MISS:          2 MSHR_MERGE:          0
cpu14->cpu14_L1I LOAD         ACCESS:   41063054 HIT:   41063054 MISS:          0 MSHR_MERGE:          0
cpu14->cpu14_L1I RFO          ACCESS:          0 HIT:          0 MISS:          0 MSHR_MERGE:          0
cpu14->cpu14_L1I PREFETCH     ACCESS:   41049073 HIT:   41049071 MISS:          2 MSHR_MERGE:          0
cpu14->cpu14_L1I WRITE        ACCESS:          0 HIT:          0 MISS:          0 MSHR_MERGE:          0
cpu14->cpu14_L1I TRANSLATION  ACCESS:          0 HIT:          0 MISS:          0 MSHR_MERGE:          0
cpu14->cpu14_L1I PREFETCH REQUESTED:   41063054 ISSUED:   41049074 USEFUL:          0 USELESS:          0
cpu14->cpu14_L1I AVERAGE MISS LATENCY: - cycles
cpu14->cpu14_L1D TOTAL        ACCESS:   37694370 HIT:          0 MISS:   37694370 MSHR_MERGE:   13414324
cpu14->cpu14_L1D LOAD         ACCESS:   31158342 HIT:          0 MISS:   31158342 MSHR_MERGE:    9510379
cpu14->cpu14_L1D RFO          ACCESS:          0 HIT:          0 MISS:          0 MSHR_MERGE:          0
cpu14->cpu14_L1D PREFETCH     ACCESS:          0 HIT:          0 MISS:          0 MSHR_MERGE:          0
cpu14->cpu14_L1D WRITE        ACCESS:    6395452 HIT:          0 MISS:    6395452 MSHR_MERGE:    3903945
cpu14->cpu14_L1D TRANSLATION  ACCESS:     140576 HIT:          0 MISS:     140576 MSHR_MERGE:          0
cpu14->cpu14_L1D PREFETCH REQUESTED:          0 ISSUED:          0 USEFUL:          0 USELESS:          0
cpu14->cpu14_L1D AVERAGE MISS LATENCY: 19.41 cycles
cpu14->cpu14_ITLB TOTAL        ACCESS:   53914025 HIT:   53914025 MISS:          0 MSHR_MERGE:          0
cpu14->cpu14_ITLB LOAD         ACCESS:   53914025 HIT:   53914025 MISS:          0 MSHR_MERGE:          0
cpu14->cpu14_ITLB RFO          ACCESS:          0 HIT:          0 MISS:          0 MSHR_MERGE:          0
cpu14->cpu14_ITLB PREFETCH     ACCESS:          0 HIT:          0 MISS:          0 MSHR_MERGE:          0
cpu14->cpu14_ITLB WRITE        ACCESS:          0 HIT:          0 MISS:          0 MSHR_MERGE:          0
cpu14->cpu14_ITLB TRANSLATION  ACCESS:          0 HIT:          0 MISS:          0 MSHR_MERGE:          0
cpu14->cpu14_ITLB PREFETCH REQUESTED:          0 ISSUED:          0 USEFUL:          0 USELESS:          0
cpu14->cpu14_ITLB AVERAGE MISS LATENCY: - cycles
cpu14->cpu14_DTLB TOTAL        ACCESS:   37551461 HIT:   37081023 MISS:     470438 MSHR_MERGE:     397335
cpu14->cpu14_DTLB LOAD         ACCESS:   37551461 HIT:   37081023 MISS:     470438 MSHR_MERGE:     397335
cpu14->cpu14_DTLB RFO          ACCESS:          0 HIT:          0 MISS:          0 MSHR_MERGE:          0
cpu14->cpu14_DTLB PREFETCH     ACCESS:          0 HIT:          0 MISS:          0 MSHR_MERGE:          0
cpu14->cpu14_DTLB WRITE        ACCESS:          0 HIT:          0 MISS:          0 MSHR_MERGE:          0
cpu14->cpu14_DTLB TRANSLATION  ACCESS:          0 HIT:          0 MISS:          0 MSHR_MERGE:          0
cpu14->cpu14_DTLB PREFETCH REQUESTED:          0 ISSUED:          0 USEFUL:          0 USELESS:          0
cpu14->cpu14_DTLB AVERAGE MISS LATENCY: 182.9 cycles
cpu13->cpu13_STLB TOTAL        ACCESS:      73162 HIT:       2817 MISS:      70345 MSHR_MERGE:          0
cpu13->cpu13_STLB LOAD         ACCESS:      73162 HIT:       2817 MISS:      70345 MSHR_MERGE:          0
cpu13->cpu13_STLB RFO          ACCESS:          0 HIT:          0 MISS:          0 MSHR_MERGE:          0
cpu13->cpu13_STLB PREFETCH     ACCESS:          0 HIT:          0 MISS:          0 MSHR_MERGE:          0
cpu13->cpu13_STLB WRITE        ACCESS:          0 HIT:          0 MISS:          0 MSHR_MERGE:          0
cpu13->cpu13_STLB TRANSLATION  ACCESS:          0 HIT:          0 MISS:          0 MSHR_MERGE:          0
cpu13->cpu13_STLB PREFETCH REQUESTED:          0 ISSUED:          0 USEFUL:          0 USELESS:          0
cpu13->cpu13_STLB AVERAGE MISS LATENCY: 183 cycles
cpu13->cpu13_L2C TOTAL        ACCESS:   24297605 HIT:          0 MISS:   24297605 MSHR_MERGE:          0
cpu13->cpu13_L2C LOAD         ACCESS:   21663793 HIT:          0 MISS:   21663793 MSHR_MERGE:          0
cpu13->cpu13_L2C RFO          ACCESS:    2493121 HIT:          0 MISS:    2493121 MSHR_MERGE:          0
cpu13->cpu13_L2C PREFETCH     ACCESS:          1 HIT:          0 MISS:          1 MSHR_MERGE:          0
cpu13->cpu13_L2C WRITE        ACCESS:          0 HIT:          0 MISS:          0 MSHR_MERGE:          0
cpu13->cpu13_L2C TRANSLATION  ACCESS:     140690 HIT:          0 MISS:     140690 MSHR_MERGE:          0
cpu13->cpu13_L2C PREFETCH REQUESTED:          0 ISSUED:          0 USEFUL:          0 USELESS:          0
cpu13->cpu13_L2C AVERAGE MISS LATENCY: 16.41 cycles
cpu13->cpu13_L1I TOTAL        ACCESS:   82184125 HIT:   82184124 MISS:          1 MSHR_MERGE:          0
cpu13->cpu13_L1I LOAD         ACCESS:   41099020 HIT:   41099020 MISS:          0 MSHR_MERGE:          0
cpu13->cpu13_L1I RFO          ACCESS:          0 HIT:          0 MISS:          0 MSHR_MERGE:          0
cpu13->cpu13_L1I PREFETCH     ACCESS:   41085105 HIT:   41085104 MISS:          1 MSHR_MERGE:          0
cpu13->cpu13_L1I WRITE        ACCESS:          0 HIT:          0 MISS:          0 MSHR_MERGE:          0
cpu13->cpu13_L1I TRANSLATION  ACCESS:          0 HIT:          0 MISS:          0 MSHR_MERGE:          0
cpu13->cpu13_L1I PREFETCH REQUESTED:   41099020 ISSUED:   41085107 USEFUL:          0 USELESS:          0
cpu13->cpu13_L1I AVERAGE MISS LATENCY: - cycles
cpu13->cpu13_L1D TOTAL        ACCESS:   37724207 HIT:          0 MISS:   37724207 MSHR_MERGE:   13426603
cpu13->cpu13_L1D LOAD         ACCESS:   31182948 HIT:          0 MISS:   31182948 MSHR_MERGE:    9519155
cpu13->cpu13_L1D RFO          ACCESS:          0 HIT:          0 MISS:          0 MSHR_MERGE:          0
cpu13->cpu13_L1D PREFETCH     ACCESS:          0 HIT:          0 MISS:          0 MSHR_MERGE:          0
cpu13->cpu13_L1D WRITE        ACCESS:    6400569 HIT:          0 MISS:    6400569 MSHR_MERGE:    3907448
cpu13->cpu13_L1D TRANSLATION  ACCESS:     140690 HIT:          0 MISS:     140690 MSHR_MERGE:          0
cpu13->cpu13_L1D PREFETCH REQUESTED:          0 ISSUED:          0 USEFUL:          0 USELESS:          0
cpu13->cpu13_L1D AVERAGE MISS LATENCY: 19.41 cycles
cpu13->cpu13_ITLB TOTAL        ACCESS:   53964038 HIT:   53964038 MISS:          0 MSHR_MERGE:          0
cpu13->cpu13_ITLB LOAD         ACCESS:   53964038 HIT:   53964038 MISS:          0 MSHR_MERGE:          0
cpu13->cpu13_ITLB RFO          ACCESS:          0 HIT:          0 MISS:          0 MSHR_MERGE:          0
cpu13->cpu13_ITLB PREFETCH     ACCESS:          0 HIT:          0 MISS:          0 MSHR_MERGE:          0
cpu13->cpu13_ITLB WRITE        ACCESS:          0 HIT:          0 MISS:          0 MSHR_MERGE:          0
cpu13->cpu13_ITLB TRANSLATION  ACCESS:          0 HIT:          0 MISS:          0 MSHR_MERGE:          0
cpu13->cpu13_ITLB PREFETCH REQUESTED:          0 ISSUED:          0 USEFUL:          0 USELESS:          0
cpu13->cpu13_ITLB AVERAGE MISS LATENCY: - cycles
cpu13->cpu13_DTLB TOTAL        ACCESS:   37581140 HIT:   37110039 MISS:     471101 MSHR_MERGE:     397939
cpu13->cpu13_DTLB LOAD         ACCESS:   37581140 HIT:   37110039 MISS:     471101 MSHR_MERGE:     397939
cpu13->cpu13_DTLB RFO          ACCESS:          0 HIT:          0 MISS:          0 MSHR_MERGE:          0
cpu13->cpu13_DTLB PREFETCH     ACCESS:          0 HIT:          0 MISS:          0 MSHR_MERGE:          0
cpu13->cpu13_DTLB WRITE        ACCESS:          0 HIT:          0 MISS:          0 MSHR_MERGE:          0
cpu13->cpu13_DTLB TRANSLATION  ACCESS:          0 HIT:          0 MISS:          0 MSHR_MERGE:          0
cpu13->cpu13_DTLB PREFETCH REQUESTED:          0 ISSUED:          0 USEFUL:          0 USELESS:          0
cpu13->cpu13_DTLB AVERAGE MISS LATENCY: 181.9 cycles
cpu12->cpu12_STLB TOTAL        ACCESS:      73151 HIT:       2816 MISS:      70335 MSHR_MERGE:          0
cpu12->cpu12_STLB LOAD         ACCESS:      73151 HIT:       2816 MISS:      70335 MSHR_MERGE:          0
cpu12->cpu12_STLB RFO          ACCESS:          0 HIT:          0 MISS:          0 MSHR_MERGE:          0
cpu12->cpu12_STLB PREFETCH     ACCESS:          0 HIT:          0 MISS:          0 MSHR_MERGE:          0
cpu12->cpu12_STLB WRITE        ACCESS:          0 HIT:          0 MISS:          0 MSHR_MERGE:          0
cpu12->cpu12_STLB TRANSLATION  ACCESS:          0 HIT:          0 MISS:          0 MSHR_MERGE:          0
cpu12->cpu12_STLB PREFETCH REQUESTED:          0 ISSUED:          0 USEFUL:          0 USELESS:          0
cpu12->cpu12_STLB AVERAGE MISS LATENCY: 184.2 cycles
cpu12->cpu12_L2C TOTAL        ACCESS:   24289016 HIT:          0 MISS:   24289016 MSHR_MERGE:          0
cpu12->cpu12_L2C LOAD         ACCESS:   21656961 HIT:          0 MISS:   21656961 MSHR_MERGE:          0
cpu12->cpu12_L2C RFO          ACCESS:    2491384 HIT:          0 MISS:    2491384 MSHR_MERGE:          0
cpu12->cpu12_L2C PREFETCH     ACCESS:          1 HIT:          0 MISS:          1 MSHR_MERGE:          0
cpu12->cpu12_L2C WRITE        ACCESS:          0 HIT:          0 MISS:          0 MSHR_MERGE:          0
cpu12->cpu12_L2C TRANSLATION  ACCESS:     140670 HIT:          0 MISS:     140670 MSHR_MERGE:          0
cpu12->cpu12_L2C PREFETCH REQUESTED:          0 ISSUED:          0 USEFUL:          0 USELESS:          0
cpu12->cpu12_L2C AVERAGE MISS LATENCY: 16.41 cycles
cpu12->cpu12_L1I TOTAL        ACCESS:   82083385 HIT:   82083384 MISS:          1 MSHR_MERGE:          0
cpu12->cpu12_L1I LOAD         ACCESS:   41048498 HIT:   41048498 MISS:          0 MSHR_MERGE:          0
cpu12->cpu12_L1I RFO          ACCESS:          0 HIT:          0 MISS:          0 MSHR_MERGE:          0
cpu12->cpu12_L1I PREFETCH     ACCESS:   41034887 HIT:   41034886 MISS:          1 MSHR_MERGE:          0
cpu12->cpu12_L1I WRITE        ACCESS:          0 HIT:          0 MISS:          0 MSHR_MERGE:          0
cpu12->cpu12_L1I TRANSLATION  ACCESS:          0 HIT:          0 MISS:          0 MSHR_MERGE:          0
cpu12->cpu12_L1I PREFETCH REQUESTED:   41048498 ISSUED:   41034888 USEFUL:          0 USELESS:          0
cpu12->cpu12_L1I AVERAGE MISS LATENCY: - cycles
cpu12->cpu12_L1D TOTAL        ACCESS:   37759813 HIT:          0 MISS:   37759813 MSHR_MERGE:   13470798
cpu12->cpu12_L1D LOAD         ACCESS:   31219481 HIT:          0 MISS:   31219481 MSHR_MERGE:    9562520
cpu12->cpu12_L1D RFO          ACCESS:          0 HIT:          0 MISS:          0 MSHR_MERGE:          0
cpu12->cpu12_L1D PREFETCH     ACCESS:          0 HIT:          0 MISS:          0 MSHR_MERGE:          0
cpu12->cpu12_L1D WRITE        ACCESS:    6399662 HIT:          0 MISS:    6399662 MSHR_MERGE:    3908278
cpu12->cpu12_L1D TRANSLATION  ACCESS:     140670 HIT:          0 MISS:     140670 MSHR_MERGE:          0
cpu12->cpu12_L1D PREFETCH REQUESTED:          0 ISSUED:          0 USEFUL:          0 USELESS:          0
cpu12->cpu12_L1D AVERAGE MISS LATENCY: 19.41 cycles
cpu12->cpu12_ITLB TOTAL        ACCESS:   53810573 HIT:   53810573 MISS:          0 MSHR_MERGE:          0
cpu12->cpu12_ITLB LOAD         ACCESS:   53810573 HIT:   53810573 MISS:          0 MSHR_MERGE:          0
cpu12->cpu12_ITLB RFO          ACCESS:          0 HIT:          0 MISS:          0 MSHR_MERGE:          0
cpu12->cpu12_ITLB PREFETCH     ACCESS:          0 HIT:          0 MISS:          0 MSHR_MERGE:          0
cpu12->cpu12_ITLB WRITE        ACCESS:          0 HIT:          0 MISS:          0 MSHR_MERGE:          0
cpu12->cpu12_ITLB TRANSLATION  ACCESS:          0 HIT:          0 MISS:          0 MSHR_MERGE:          0
cpu12->cpu12_ITLB PREFETCH REQUESTED:          0 ISSUED:          0 USEFUL:          0 USELESS:          0
cpu12->cpu12_ITLB AVERAGE MISS LATENCY: - cycles
cpu12->cpu12_DTLB TOTAL        ACCESS:   37616590 HIT:   37145867 MISS:     470723 MSHR_MERGE:     397572
cpu12->cpu12_DTLB LOAD         ACCESS:   37616590 HIT:   37145867 MISS:     470723 MSHR_MERGE:     397572
cpu12->cpu12_DTLB RFO          ACCESS:          0 HIT:          0 MISS:          0 MSHR_MERGE:          0
cpu12->cpu12_DTLB PREFETCH     ACCESS:          0 HIT:          0 MISS:          0 MSHR_MERGE:          0
cpu12->cpu12_DTLB WRITE        ACCESS:          0 HIT:          0 MISS:          0 MSHR_MERGE:          0
cpu12->cpu12_DTLB TRANSLATION  ACCESS:          0 HIT:          0 MISS:          0 MSHR_MERGE:          0
cpu12->cpu12_DTLB PREFETCH REQUESTED:          0 ISSUED:          0 USEFUL:          0 USELESS:          0
cpu12->cpu12_DTLB AVERAGE MISS LATENCY: 183.1 cycles
cpu11->cpu11_STLB TOTAL        ACCESS:      73212 HIT:       2818 MISS:      70394 MSHR_MERGE:          0
cpu11->cpu11_STLB LOAD         ACCESS:      73212 HIT:       2818 MISS:      70394 MSHR_MERGE:          0
cpu11->cpu11_STLB RFO          ACCESS:          0 HIT:          0 MISS:          0 MSHR_MERGE:          0
cpu11->cpu11_STLB PREFETCH     ACCESS:          0 HIT:          0 MISS:          0 MSHR_MERGE:          0
cpu11->cpu11_STLB WRITE        ACCESS:          0 HIT:          0 MISS:          0 MSHR_MERGE:          0
cpu11->cpu11_STLB TRANSLATION  ACCESS:          0 HIT:          0 MISS:          0 MSHR_MERGE:          0
cpu11->cpu11_STLB PREFETCH REQUESTED:          0 ISSUED:          0 USEFUL:          0 USELESS:          0
cpu11->cpu11_STLB AVERAGE MISS LATENCY: 183 cycles
cpu11->cpu11_L2C TOTAL        ACCESS:   24310625 HIT:          0 MISS:   24310625 MSHR_MERGE:          0
cpu11->cpu11_L2C LOAD         ACCESS:   21675894 HIT:          0 MISS:   21675894 MSHR_MERGE:          0
cpu11->cpu11_L2C RFO          ACCESS:    2493942 HIT:          0 MISS:    2493942 MSHR_MERGE:          0
cpu11->cpu11_L2C PREFETCH     ACCESS:          1 HIT:          0 MISS:          1 MSHR_MERGE:          0
cpu11->cpu11_L2C WRITE        ACCESS:          0 HIT:          0 MISS:          0 MSHR_MERGE:          0
cpu11->cpu11_L2C TRANSLATION  ACCESS:     140788 HIT:          0 MISS:     140788 MSHR_MERGE:          0
cpu11->cpu11_L2C PREFETCH REQUESTED:          0 ISSUED:          0 USEFUL:          0 USELESS:          0
cpu11->cpu11_L2C AVERAGE MISS LATENCY: 16.41 cycles
cpu11->cpu11_L1I TOTAL        ACCESS:   82159577 HIT:   82159576 MISS:          1 MSHR_MERGE:          0
cpu11->cpu11_L1I LOAD         ACCESS:   41086852 HIT:   41086852 MISS:          0 MSHR_MERGE:          0
cpu11->cpu11_L1I RFO          ACCESS:          0 HIT:          0 MISS:          0 MSHR_MERGE:          0
cpu11->cpu11_L1I PREFETCH     ACCESS:   41072725 HIT:   41072724 MISS:          1 MSHR_MERGE:          0
cpu11->cpu11_L1I WRITE        ACCESS:          0 HIT:          0 MISS:          0 MSHR_MERGE:          0
cpu11->cpu11_L1I TRANSLATION  ACCESS:          0 HIT:          0 MISS:          0 MSHR_MERGE:          0
cpu11->cpu11_L1I PREFETCH REQUESTED:   41086852 ISSUED:   41072725 USEFUL:          0 USELESS:          0
cpu11->cpu11_L1I AVERAGE MISS LATENCY: - cycles
cpu11->cpu11_L1D TOTAL        ACCESS:   37789983 HIT:          0 MISS:   37789983 MSHR_MERGE:   13479360
cpu11->cpu11_L1D LOAD         ACCESS:   31244238 HIT:          0 MISS:   31244238 MSHR_MERGE:    9568345
cpu11->cpu11_L1D RFO          ACCESS:          0 HIT:          0 MISS:          0 MSHR_MERGE:          0
cpu11->cpu11_L1D PREFETCH     ACCESS:          0 HIT:          0 MISS:          0 MSHR_MERGE:          0
cpu11->cpu11_L1D WRITE        ACCESS:    6404957 HIT:          0 MISS:    6404957 MSHR_MERGE:    3911015
cpu11->cpu11_L1D TRANSLATION  ACCESS:     140788 HIT:          0 MISS:     140788 MSHR_MERGE:          0
cpu11->cpu11_L1D PREFETCH REQUESTED:          0 ISSUED:          0 USEFUL:          0 USELESS:          0
cpu11->cpu11_L1D AVERAGE MISS LATENCY: 19.41 cycles
cpu11->cpu11_ITLB TOTAL        ACCESS:   53856820 HIT:   53856820 MISS:          0 MSHR_MERGE:          0
cpu11->cpu11_ITLB LOAD         ACCESS:   53856820 HIT:   53856820 MISS:          0 MSHR_MERGE:          0
cpu11->cpu11_ITLB RFO          ACCESS:          0 HIT:          0 MISS:          0 MSHR_MERGE:          0
cpu11->cpu11_ITLB PREFETCH     ACCESS:          0 HIT:          0 MISS:          0 MSHR_MERGE:          0
cpu11->cpu11_ITLB WRITE        ACCESS:          0 HIT:          0 MISS:          0 MSHR_MERGE:          0
cpu11->cpu11_ITLB TRANSLATION  ACCESS:          0 HIT:          0 MISS:          0 MSHR_MERGE:          0
cpu11->cpu11_ITLB PREFETCH REQUESTED:          0 ISSUED:          0 USEFUL:          0 USELESS:          0
cpu11->cpu11_ITLB AVERAGE MISS LATENCY: - cycles
cpu11->cpu11_DTLB TOTAL        ACCESS:   37646660 HIT:   37175835 MISS:     470825 MSHR_MERGE:     397613
cpu11->cpu11_DTLB LOAD         ACCESS:   37646660 HIT:   37175835 MISS:     470825 MSHR_MERGE:     397613
cpu11->cpu11_DTLB RFO          ACCESS:          0 HIT:          0 MISS:          0 MSHR_MERGE:          0
cpu11->cpu11_DTLB PREFETCH     ACCESS:          0 HIT:          0 MISS:          0 MSHR_MERGE:          0
cpu11->cpu11_DTLB WRITE        ACCESS:          0 HIT:          0 MISS:          0 MSHR_MERGE:          0
cpu11->cpu11_DTLB TRANSLATION  ACCESS:          0 HIT:          0 MISS:          0 MSHR_MERGE:          0
cpu11->cpu11_DTLB PREFETCH REQUESTED:          0 ISSUED:          0 USEFUL:          0 USELESS:          0
cpu11->cpu11_DTLB AVERAGE MISS LATENCY: 181.9 cycles
cpu10->cpu10_STLB TOTAL        ACCESS:      73139 HIT:       2816 MISS:      70323 MSHR_MERGE:          0
cpu10->cpu10_STLB LOAD         ACCESS:      73139 HIT:       2816 MISS:      70323 MSHR_MERGE:          0
cpu10->cpu10_STLB RFO          ACCESS:          0 HIT:          0 MISS:          0 MSHR_MERGE:          0
cpu10->cpu10_STLB PREFETCH     ACCESS:          0 HIT:          0 MISS:          0 MSHR_MERGE:          0
cpu10->cpu10_STLB WRITE        ACCESS:          0 HIT:          0 MISS:          0 MSHR_MERGE:          0
cpu10->cpu10_STLB TRANSLATION  ACCESS:          0 HIT:          0 MISS:          0 MSHR_MERGE:          0
cpu10->cpu10_STLB PREFETCH REQUESTED:          0 ISSUED:          0 USEFUL:          0 USELESS:          0
cpu10->cpu10_STLB AVERAGE MISS LATENCY: 183.5 cycles
cpu10->cpu10_L2C TOTAL        ACCESS:   24292424 HIT:          0 MISS:   24292424 MSHR_MERGE:          0
cpu10->cpu10_L2C LOAD         ACCESS:   21658558 HIT:          0 MISS:   21658558 MSHR_MERGE:          0
cpu10->cpu10_L2C RFO          ACCESS:    2493219 HIT:          0 MISS:    2493219 MSHR_MERGE:          0
cpu10->cpu10_L2C PREFETCH     ACCESS:          1 HIT:          0 MISS:          1 MSHR_MERGE:          0
cpu10->cpu10_L2C WRITE        ACCESS:          0 HIT:          0 MISS:          0 MSHR_MERGE:          0
cpu10->cpu10_L2C TRANSLATION  ACCESS:     140646 HIT:          0 MISS:     140646 MSHR_MERGE:          0
cpu10->cpu10_L2C PREFETCH REQUESTED:          0 ISSUED:          0 USEFUL:          0 USELESS:          0
cpu10->cpu10_L2C AVERAGE MISS LATENCY: 16.41 cycles
cpu10->cpu10_L1I TOTAL        ACCESS:   82145678 HIT:   82145677 MISS:          1 MSHR_MERGE:          0
cpu10->cpu10_L1I LOAD         ACCESS:   41079947 HIT:   41079947 MISS:          0 MSHR_MERGE:          0
cpu10->cpu10_L1I RFO          ACCESS:          0 HIT:          0 MISS:          0 MSHR_MERGE:          0
cpu10->cpu10_L1I PREFETCH     ACCESS:   41065731 HIT:   41065730 MISS:          1 MSHR_MERGE:          0
cpu10->cpu10_L1I WRITE        ACCESS:          0 HIT:          0 MISS:          0 MSHR_MERGE:          0
cpu10->cpu10_L1I TRANSLATION  ACCESS:          0 HIT:          0 MISS:          0 MSHR_MERGE:          0
cpu10->cpu10_L1I PREFETCH REQUESTED:   41079947 ISSUED:   41065736 USEFUL:          0 USELESS:          0
cpu10->cpu10_L1I AVERAGE MISS LATENCY: - cycles
cpu10->cpu10_L1D TOTAL        ACCESS:   37713204 HIT:          0 MISS:   37713204 MSHR_MERGE:   13420781
cpu10->cpu10_L1D LOAD         ACCESS:   31173972 HIT:          0 MISS:   31173972 MSHR_MERGE:    9515414
cpu10->cpu10_L1D RFO          ACCESS:          0 HIT:          0 MISS:          0 MSHR_MERGE:          0
cpu10->cpu10_L1D PREFETCH     ACCESS:          0 HIT:          0 MISS:          0 MSHR_MERGE:          0
cpu10->cpu10_L1D WRITE        ACCESS:    6398586 HIT:          0 MISS:    6398586 MSHR_MERGE:    3905367
cpu10->cpu10_L1D TRANSLATION  ACCESS:     140646 HIT:          0 MISS:     140646 MSHR_MERGE:          0
cpu10->cpu10_L1D PREFETCH REQUESTED:          0 ISSUED:          0 USEFUL:          0 USELESS:          0
cpu10->cpu10_L1D AVERAGE MISS LATENCY: 19.41 cycles
cpu10->cpu10_ITLB TOTAL        ACCESS:   53928457 HIT:   53928457 MISS:          0 MSHR_MERGE:          0
cpu10->cpu10_ITLB LOAD         ACCESS:   53928457 HIT:   53928457 MISS:          0 MSHR_MERGE:          0
cpu10->cpu10_ITLB RFO          ACCESS:          0 HIT:          0 MISS:          0 MSHR_MERGE:          0
cpu10->cpu10_ITLB PREFETCH     ACCESS:          0 HIT:          0 MISS:          0 MSHR_MERGE:          0
cpu10->cpu10_ITLB WRITE        ACCESS:          0 HIT:          0 MISS:          0 MSHR_MERGE:          0
cpu10->cpu10_ITLB TRANSLATION  ACCESS:          0 HIT:          0 MISS:          0 MSHR_MERGE:          0
cpu10->cpu10_ITLB PREFETCH REQUESTED:          0 ISSUED:          0 USEFUL:          0 USELESS:          0
cpu10->cpu10_ITLB AVERAGE MISS LATENCY: - cycles
cpu10->cpu10_DTLB TOTAL        ACCESS:   37570165 HIT:   37099887 MISS:     470278 MSHR_MERGE:     397139
cpu10->cpu10_DTLB LOAD         ACCESS:   37570165 HIT:   37099887 MISS:     470278 MSHR_MERGE:     397139
cpu10->cpu10_DTLB RFO          ACCESS:          0 HIT:          0 MISS:          0 MSHR_MERGE:          0
cpu10->cpu10_DTLB PREFETCH     ACCESS:          0 HIT:          0 MISS:          0 MSHR_MERGE:          0
cpu10->cpu10_DTLB WRITE        ACCESS:          0 HIT:          0 MISS:          0 MSHR_MERGE:          0
cpu10->cpu10_DTLB TRANSLATION  ACCESS:          0 HIT:          0 MISS:          0 MSHR_MERGE:          0
cpu10->cpu10_DTLB PREFETCH REQUESTED:          0 ISSUED:          0 USEFUL:          0 USELESS:          0
cpu10->cpu10_DTLB AVERAGE MISS LATENCY: 182.4 cycles
cpu0->cpu0_STLB TOTAL        ACCESS:      73124 HIT:       2815 MISS:      70309 MSHR_MERGE:          0
cpu0->cpu0_STLB LOAD         ACCESS:      73124 HIT:       2815 MISS:      70309 MSHR_MERGE:          0
cpu0->cpu0_STLB RFO          ACCESS:          0 HIT:          0 MISS:          0 MSHR_MERGE:          0
cpu0->cpu0_STLB PREFETCH     ACCESS:          0 HIT:          0 MISS:          0 MSHR_MERGE:          0
cpu0->cpu0_STLB WRITE        ACCESS:          0 HIT:          0 MISS:          0 MSHR_MERGE:          0
cpu0->cpu0_STLB TRANSLATION  ACCESS:          0 HIT:          0 MISS:          0 MSHR_MERGE:          0
cpu0->cpu0_STLB PREFETCH REQUESTED:          0 ISSUED:          0 USEFUL:          0 USELESS:          0
cpu0->cpu0_STLB AVERAGE MISS LATENCY: 183.6 cycles
cpu0->cpu0_L2C TOTAL        ACCESS:   24286869 HIT:          0 MISS:   24286869 MSHR_MERGE:          0
cpu0->cpu0_L2C LOAD         ACCESS:   21653293 HIT:          0 MISS:   21653293 MSHR_MERGE:          0
cpu0->cpu0_L2C RFO          ACCESS:    2492957 HIT:          0 MISS:    2492957 MSHR_MERGE:          0
cpu0->cpu0_L2C PREFETCH     ACCESS:          1 HIT:          0 MISS:          1 MSHR_MERGE:          0
cpu0->cpu0_L2C WRITE        ACCESS:          0 HIT:          0 MISS:          0 MSHR_MERGE:          0
cpu0->cpu0_L2C TRANSLATION  ACCESS:     140618 HIT:          0 MISS:     140618 MSHR_MERGE:          0
cpu0->cpu0_L2C PREFETCH REQUESTED:          0 ISSUED:          0 USEFUL:          0 USELESS:          0
cpu0->cpu0_L2C AVERAGE MISS LATENCY: 16.41 cycles
cpu0->cpu0_L1I TOTAL        ACCESS:   82132009 HIT:   82132008 MISS:          1 MSHR_MERGE:          0
cpu0->cpu0_L1I LOAD         ACCESS:   41072880 HIT:   41072880 MISS:          0 MSHR_MERGE:          0
cpu0->cpu0_L1I RFO          ACCESS:          0 HIT:          0 MISS:          0 MSHR_MERGE:          0
cpu0->cpu0_L1I PREFETCH     ACCESS:   41059129 HIT:   41059128 MISS:          1 MSHR_MERGE:          0
cpu0->cpu0_L1I WRITE        ACCESS:          0 HIT:          0 MISS:          0 MSHR_MERGE:          0
cpu0->cpu0_L1I TRANSLATION  ACCESS:          0 HIT:          0 MISS:          0 MSHR_MERGE:          0
cpu0->cpu0_L1I PREFETCH REQUESTED:   41072880 ISSUED:   41059129 USEFUL:          0 USELESS:          0
cpu0->cpu0_L1I AVERAGE MISS LATENCY: - cycles
cpu0->cpu0_L1D TOTAL        ACCESS:   37708102 HIT:          0 MISS:   37708102 MSHR_MERGE:   13421234
cpu0->cpu0_L1D LOAD         ACCESS:   31170203 HIT:          0 MISS:   31170203 MSHR_MERGE:    9516910
cpu0->cpu0_L1D RFO          ACCESS:          0 HIT:          0 MISS:          0 MSHR_MERGE:          0
cpu0->cpu0_L1D PREFETCH     ACCESS:          0 HIT:          0 MISS:          0 MSHR_MERGE:          0
cpu0->cpu0_L1D WRITE        ACCESS:    6397281 HIT:          0 MISS:    6397281 MSHR_MERGE:    3904324
cpu0->cpu0_L1D TRANSLATION  ACCESS:     140618 HIT:          0 MISS:     140618 MSHR_MERGE:          0
cpu0->cpu0_L1D PREFETCH REQUESTED:          0 ISSUED:          0 USEFUL:          0 USELESS:          0
cpu0->cpu0_L1D AVERAGE MISS LATENCY: 19.41 cycles
cpu0->cpu0_ITLB TOTAL        ACCESS:   53920816 HIT:   53920816 MISS:          0 MSHR_MERGE:          0
cpu0->cpu0_ITLB LOAD         ACCESS:   53920816 HIT:   53920816 MISS:          0 MSHR_MERGE:          0
cpu0->cpu0_ITLB RFO          ACCESS:          0 HIT:          0 MISS:          0 MSHR_MERGE:          0
cpu0->cpu0_ITLB PREFETCH     ACCESS:          0 HIT:          0 MISS:          0 MSHR_MERGE:          0
cpu0->cpu0_ITLB WRITE        ACCESS:          0 HIT:          0 MISS:          0 MSHR_MERGE:          0
cpu0->cpu0_ITLB TRANSLATION  ACCESS:          0 HIT:          0 MISS:          0 MSHR_MERGE:          0
cpu0->cpu0_ITLB PREFETCH REQUESTED:          0 ISSUED:          0 USEFUL:          0 USELESS:          0
cpu0->cpu0_ITLB AVERAGE MISS LATENCY: - cycles
cpu0->cpu0_DTLB TOTAL        ACCESS:   37565090 HIT:   37094812 MISS:     470278 MSHR_MERGE:     397154
cpu0->cpu0_DTLB LOAD         ACCESS:   37565090 HIT:   37094812 MISS:     470278 MSHR_MERGE:     397154
cpu0->cpu0_DTLB RFO          ACCESS:          0 HIT:          0 MISS:          0 MSHR_MERGE:          0
cpu0->cpu0_DTLB PREFETCH     ACCESS:          0 HIT:          0 MISS:          0 MSHR_MERGE:          0
cpu0->cpu0_DTLB WRITE        ACCESS:          0 HIT:          0 MISS:          0 MSHR_MERGE:          0
cpu0->cpu0_DTLB TRANSLATION  ACCESS:          0 HIT:          0 MISS:          0 MSHR_MERGE:          0
cpu0->cpu0_DTLB PREFETCH REQUESTED:          0 ISSUED:          0 USEFUL:          0 USELESS:          0
cpu0->cpu0_DTLB AVERAGE MISS LATENCY: 182.5 cycles
cpu0->LLC TOTAL        ACCESS:   24286866 HIT:   24222852 MISS:      64014 MSHR_MERGE:          0
cpu0->LLC LOAD         ACCESS:   21653291 HIT:   21652352 MISS:        939 MSHR_MERGE:          0
cpu0->LLC RFO          ACCESS:    2492956 HIT:    2490975 MISS:       1981 MSHR_MERGE:          0
cpu0->LLC PREFETCH     ACCESS:          1 HIT:          0 MISS:          1 MSHR_MERGE:          0
cpu0->LLC WRITE        ACCESS:          0 HIT:          0 MISS:          0 MSHR_MERGE:          0
cpu0->LLC TRANSLATION  ACCESS:     140618 HIT:      79525 MISS:      61093 MSHR_MERGE:          0
cpu0->LLC PREFETCH REQUESTED:          0 ISSUED:          0 USEFUL:          0 USELESS:          0
cpu0->LLC AVERAGE MISS LATENCY: 2457 cycles
cpu1->LLC TOTAL        ACCESS:   24296598 HIT:   24232492 MISS:      64106 MSHR_MERGE:          0
cpu1->LLC LOAD         ACCESS:   21663713 HIT:   21662773 MISS:        940 MSHR_MERGE:          0
cpu1->LLC RFO          ACCESS:    2492158 HIT:    2490113 MISS:       2045 MSHR_MERGE:          0
cpu1->LLC PREFETCH     ACCESS:          1 HIT:          0 MISS:          1 MSHR_MERGE:          0
cpu1->LLC WRITE        ACCESS:          0 HIT:          0 MISS:          0 MSHR_MERGE:          0
cpu1->LLC TRANSLATION  ACCESS:     140726 HIT:      79606 MISS:      61120 MSHR_MERGE:          0
cpu1->LLC PREFETCH REQUESTED:          0 ISSUED:          0 USEFUL:          0 USELESS:          0
cpu1->LLC AVERAGE MISS LATENCY: 2454 cycles
cpu2->LLC TOTAL        ACCESS:   24292035 HIT:   24227851 MISS:      64184 MSHR_MERGE:          0
cpu2->LLC LOAD         ACCESS:   21659570 HIT:   21658615 MISS:        955 MSHR_MERGE:          0
cpu2->LLC RFO          ACCESS:    2491782 HIT:    2489830 MISS:       1952 MSHR_MERGE:          0
cpu2->LLC PREFETCH     ACCESS:          1 HIT:          0 MISS:          1 MSHR_MERGE:          0
cpu2->LLC WRITE        ACCESS:          0 HIT:          0 MISS:          0 MSHR_MERGE:          0
cpu2->LLC TRANSLATION  ACCESS:     140682 HIT:      79406 MISS:      61276 MSHR_MERGE:          0
cpu2->LLC PREFETCH REQUESTED:          0 ISSUED:          0 USEFUL:          0 USELESS:          0
cpu2->LLC AVERAGE MISS LATENCY: 2451 cycles
cpu3->LLC TOTAL        ACCESS:   24314059 HIT:   24250780 MISS:      63279 MSHR_MERGE:          0
cpu3->LLC LOAD         ACCESS:   21677511 HIT:   21676578 MISS:        933 MSHR_MERGE:          0
cpu3->LLC RFO          ACCESS:    2495767 HIT:    2493767 MISS:       2000 MSHR_MERGE:          0
cpu3->LLC PREFETCH     ACCESS:          1 HIT:          0 MISS:          1 MSHR_MERGE:          0
cpu3->LLC WRITE        ACCESS:          0 HIT:          0 MISS:          0 MSHR_MERGE:          0
cpu3->LLC TRANSLATION  ACCESS:     140780 HIT:      80435 MISS:      60345 MSHR_MERGE:          0
cpu3->LLC PREFETCH REQUESTED:          0 ISSUED:          0 USEFUL:          0 USELESS:          0
cpu3->LLC AVERAGE MISS LATENCY: 2486 cycles
cpu4->LLC TOTAL        ACCESS:   24289618 HIT:   24225403 MISS:      64215 MSHR_MERGE:          0
cpu4->LLC LOAD         ACCESS:   21657140 HIT:   21656095 MISS:       1045 MSHR_MERGE:          0
cpu4->LLC RFO          ACCESS:    2491825 HIT:    2489949 MISS:       1876 MSHR_MERGE:          0
cpu4->LLC PREFETCH     ACCESS:          1 HIT:          0 MISS:          1 MSHR_MERGE:          0
cpu4->LLC WRITE        ACCESS:          0 HIT:          0 MISS:          0 MSHR_MERGE:          0
cpu4->LLC TRANSLATION  ACCESS:     140652 HIT:      79359 MISS:      61293 MSHR_MERGE:          0
cpu4->LLC PREFETCH REQUESTED:          0 ISSUED:          0 USEFUL:          0 USELESS:          0
cpu4->LLC AVERAGE MISS LATENCY: 2450 cycles
cpu5->LLC TOTAL        ACCESS:   24303853 HIT:   24239966 MISS:      63887 MSHR_MERGE:          0
cpu5->LLC LOAD         ACCESS:   21669912 HIT:   21669069 MISS:        843 MSHR_MERGE:          0
cpu5->LLC RFO          ACCESS:    2493218 HIT:    2491259 MISS:       1959 MSHR_MERGE:          0
cpu5->LLC PREFETCH     ACCESS:          1 HIT:          0 MISS:          1 MSHR_MERGE:          0
cpu5->LLC WRITE        ACCESS:          0 HIT:          0 MISS:          0 MSHR_MERGE:          0
cpu5->LLC TRANSLATION  ACCESS:     140722 HIT:      79638 MISS:      61084 MSHR_MERGE:          0
cpu5->LLC PREFETCH REQUESTED:          0 ISSUED:          0 USEFUL:          0 USELESS:          0
cpu5->LLC AVERAGE MISS LATENCY: 2462 cycles
cpu6->LLC TOTAL        ACCESS:   24288256 HIT:   24224093 MISS:      64163 MSHR_MERGE:          0
cpu6->LLC LOAD         ACCESS:   21656104 HIT:   21655209 MISS:        895 MSHR_MERGE:          0
cpu6->LLC RFO          ACCESS:    2491517 HIT:    2489559 MISS:       1958 MSHR_MERGE:          0
cpu6->LLC PREFETCH     ACCESS:          1 HIT:          0 MISS:          1 MSHR_MERGE:          0
cpu6->LLC WRITE        ACCESS:          0 HIT:          0 MISS:          0 MSHR_MERGE:          0
cpu6->LLC TRANSLATION  ACCESS:     140634 HIT:      79325 MISS:      61309 MSHR_MERGE:          0
cpu6->LLC PREFETCH REQUESTED:          0 ISSUED:          0 USEFUL:          0 USELESS:          0
cpu6->LLC AVERAGE MISS LATENCY: 2452 cycles
cpu7->LLC TOTAL        ACCESS:   24296120 HIT:   24232473 MISS:      63647 MSHR_MERGE:          0
cpu7->LLC LOAD         ACCESS:   21662627 HIT:   21661672 MISS:        955 MSHR_MERGE:          0
cpu7->LLC RFO          ACCESS:    2492824 HIT:    2490900 MISS:       1924 MSHR_MERGE:          0
cpu7->LLC PREFETCH     ACCESS:          1 HIT:          0 MISS:          1 MSHR_MERGE:          0
cpu7->LLC WRITE        ACCESS:          0 HIT:          0 MISS:          0 MSHR_MERGE:          0
cpu7->LLC TRANSLATION  ACCESS:     140668 HIT:      79901 MISS:      60767 MSHR_MERGE:          0
cpu7->LLC PREFETCH REQUESTED:          0 ISSUED:          0 USEFUL:          0 USELESS:          0
cpu7->LLC AVERAGE MISS LATENCY: 2472 cycles
cpu8->LLC TOTAL        ACCESS:   24316958 HIT:   24253633 MISS:      63325 MSHR_MERGE:          0
cpu8->LLC LOAD         ACCESS:   21682713 HIT:   21681942 MISS:        771 MSHR_MERGE:          0
cpu8->LLC RFO          ACCESS:    2493482 HIT:    2491590 MISS:       1892 MSHR_MERGE:          0
cpu8->LLC PREFETCH     ACCESS:          1 HIT:          0 MISS:          1 MSHR_MERGE:          0
cpu8->LLC WRITE        ACCESS:          0 HIT:          0 MISS:          0 MSHR_MERGE:          0
cpu8->LLC TRANSLATION  ACCESS:     140762 HIT:      80101 MISS:      60661 MSHR_MERGE:          0
cpu8->LLC PREFETCH REQUESTED:          0 ISSUED:          0 USEFUL:          0 USELESS:          0
cpu8->LLC AVERAGE MISS LATENCY: 2484 cycles
cpu9->LLC TOTAL        ACCESS:   24303118 HIT:   24239339 MISS:      63779 MSHR_MERGE:          0
cpu9->LLC LOAD         ACCESS:   21670333 HIT:   21669570 MISS:        763 MSHR_MERGE:          0
cpu9->LLC RFO          ACCESS:    2492096 HIT:    2490129 MISS:       1967 MSHR_MERGE:          0
cpu9->LLC PREFETCH     ACCESS:          1 HIT:          0 MISS:          1 MSHR_MERGE:          0
cpu9->LLC WRITE        ACCESS:          0 HIT:          0 MISS:          0 MSHR_MERGE:          0
cpu9->LLC TRANSLATION  ACCESS:     140688 HIT:      79640 MISS:      61048 MSHR_MERGE:          0
cpu9->LLC PREFETCH REQUESTED:          0 ISSUED:          0 USEFUL:          0 USELESS:          0
cpu9->LLC AVERAGE MISS LATENCY: 2466 cycles
cpu10->LLC TOTAL        ACCESS:   24292421 HIT:   24228622 MISS:      63799 MSHR_MERGE:          0
cpu10->LLC LOAD         ACCESS:   21658555 HIT:   21657783 MISS:        772 MSHR_MERGE:          0
cpu10->LLC RFO          ACCESS:    2493219 HIT:    2491323 MISS:       1896 MSHR_MERGE:          0
cpu10->LLC PREFETCH     ACCESS:          1 HIT:          0 MISS:          1 MSHR_MERGE:          0
cpu10->LLC WRITE        ACCESS:          0 HIT:          0 MISS:          0 MSHR_MERGE:          0
cpu10->LLC TRANSLATION  ACCESS:     140646 HIT:      79516 MISS:      61130 MSHR_MERGE:          0
cpu10->LLC PREFETCH REQUESTED:          0 ISSUED:          0 USEFUL:          0 USELESS:          0
cpu10->LLC AVERAGE MISS LATENCY: 2466 cycles
cpu11->LLC TOTAL        ACCESS:   24310624 HIT:   24247000 MISS:      63624 MSHR_MERGE:          0
cpu11->LLC LOAD         ACCESS:   21675893 HIT:   21675052 MISS:        841 MSHR_MERGE:          0
cpu11->LLC RFO          ACCESS:    2493942 HIT:    2491871 MISS:       2071 MSHR_MERGE:          0
cpu11->LLC PREFETCH     ACCESS:          1 HIT:          0 MISS:          1 MSHR_MERGE:          0
cpu11->LLC WRITE        ACCESS:          0 HIT:          0 MISS:          0 MSHR_MERGE:          0
cpu11->LLC TRANSLATION  ACCESS:     140788 HIT:      80077 MISS:      60711 MSHR_MERGE:          0
cpu11->LLC PREFETCH REQUESTED:          0 ISSUED:          0 USEFUL:          0 USELESS:          0
cpu11->LLC AVERAGE MISS LATENCY: 2473 cycles
cpu12->LLC TOTAL        ACCESS:   24289010 HIT:   24224552 MISS:      64458 MSHR_MERGE:          0
cpu12->LLC LOAD         ACCESS:   21656956 HIT:   21656007 MISS:        949 MSHR_MERGE:          0
cpu12->LLC RFO          ACCESS:    2491383 HIT:    2489224 MISS:       2159 MSHR_MERGE:          0
cpu12->LLC PREFETCH     ACCESS:          1 HIT:          0 MISS:          1 MSHR_MERGE:          0
cpu12->LLC WRITE        ACCESS:          0 HIT:          0 MISS:          0 MSHR_MERGE:          0
cpu12->LLC TRANSLATION  ACCESS:     140670 HIT:      79321 MISS:      61349 MSHR_MERGE:          0
cpu12->LLC PREFETCH REQUESTED:          0 ISSUED:          0 USEFUL:          0 USELESS:          0
cpu12->LLC AVERAGE MISS LATENCY: 2441 cycles
cpu13->LLC TOTAL        ACCESS:   24297602 HIT:   24233883 MISS:      63719 MSHR_MERGE:          0
cpu13->LLC LOAD         ACCESS:   21663790 HIT:   21663024 MISS:        766 MSHR_MERGE:          0
cpu13->LLC RFO          ACCESS:    2493121 HIT:    2491020 MISS:       2101 MSHR_MERGE:          0
cpu13->LLC PREFETCH     ACCESS:          1 HIT:          0 MISS:          1 MSHR_MERGE:          0
cpu13->LLC WRITE        ACCESS:          0 HIT:          0 MISS:          0 MSHR_MERGE:          0
cpu13->LLC TRANSLATION  ACCESS:     140690 HIT:      79839 MISS:      60851 MSHR_MERGE:          0
cpu13->LLC PREFETCH REQUESTED:          0 ISSUED:          0 USEFUL:          0 USELESS:          0
cpu13->LLC AVERAGE MISS LATENCY: 2469 cycles
cpu14->LLC TOTAL        ACCESS:   24280044 HIT:   24215877 MISS:      64167 MSHR_MERGE:          0
cpu14->LLC LOAD         ACCESS:   21647959 HIT:   21647092 MISS:        867 MSHR_MERGE:          0
cpu14->LLC RFO          ACCESS:    2491507 HIT:    2489522 MISS:       1985 MSHR_MERGE:          0
cpu14->LLC PREFETCH     ACCESS:          2 HIT:          0 MISS:          2 MSHR_MERGE:          0
cpu14->LLC WRITE        ACCESS:          0 HIT:          0 MISS:          0 MSHR_MERGE:          0
cpu14->LLC TRANSLATION  ACCESS:     140576 HIT:      79263 MISS:      61313 MSHR_MERGE:          0
cpu14->LLC PREFETCH REQUESTED:          0 ISSUED:          0 USEFUL:          0 USELESS:          0
cpu14->LLC AVERAGE MISS LATENCY: 2452 cycles
cpu15->LLC TOTAL        ACCESS:   24297098 HIT:   24233538 MISS:      63560 MSHR_MERGE:          0
cpu15->LLC LOAD         ACCESS:   21663191 HIT:   21662221 MISS:        970 MSHR_MERGE:          0
cpu15->LLC RFO          ACCESS:    2493228 HIT:    2491298 MISS:       1930 MSHR_MERGE:          0
cpu15->LLC PREFETCH     ACCESS:          1 HIT:          0 MISS:          1 MSHR_MERGE:          0
cpu15->LLC WRITE        ACCESS:          0 HIT:          0 MISS:          0 MSHR_MERGE:          0
cpu15->LLC TRANSLATION  ACCESS:     140678 HIT:      80019 MISS:      60659 MSHR_MERGE:          0
cpu15->LLC PREFETCH REQUESTED:          0 ISSUED:          0 USEFUL:          0 USELESS:          0
cpu15->LLC AVERAGE MISS LATENCY: 2475 cycles

Region of Interest Statistics

CPU 9 cumulative IPC: 1.747 instructions: 200000005 cycles: 114462291
CPU 9 Branch Prediction Accuracy: 99.87% MPKI: 0.01666 Average ROB Occupancy at Mispredict: 296.6
Branch type MPKI
BRANCH_DIRECT_JUMP: 0
BRANCH_INDIRECT: 0
BRANCH_CONDITIONAL: 0.01658
BRANCH_DIRECT_CALL: 0
BRANCH_INDIRECT_CALL: 0
BRANCH_RETURN: 8e-05


CPU 8 cumulative IPC: 1.748 instructions: 200000001 cycles: 114401727
CPU 8 Branch Prediction Accuracy: 99.87% MPKI: 0.01666 Average ROB Occupancy at Mispredict: 296.5
Branch type MPKI
BRANCH_DIRECT_JUMP: 0
BRANCH_INDIRECT: 0
BRANCH_CONDITIONAL: 0.01658
BRANCH_DIRECT_CALL: 0
BRANCH_INDIRECT_CALL: 0
BRANCH_RETURN: 8e-05


CPU 7 cumulative IPC: 1.747 instructions: 200000000 cycles: 114477331
CPU 7 Branch Prediction Accuracy: 99.87% MPKI: 0.01666 Average ROB Occupancy at Mispredict: 296.5
Branch type MPKI
BRANCH_DIRECT_JUMP: 0
BRANCH_INDIRECT: 0
BRANCH_CONDITIONAL: 0.01658
BRANCH_DIRECT_CALL: 0
BRANCH_INDIRECT_CALL: 0
BRANCH_RETURN: 8e-05


CPU 6 cumulative IPC: 1.747 instructions: 200000000 cycles: 114506112
CPU 6 Branch Prediction Accuracy: 99.87% MPKI: 0.01666 Average ROB Occupancy at Mispredict: 296.5
Branch type MPKI
BRANCH_DIRECT_JUMP: 0
BRANCH_INDIRECT: 0
BRANCH_CONDITIONAL: 0.01658
BRANCH_DIRECT_CALL: 0
BRANCH_INDIRECT_CALL: 0
BRANCH_RETURN: 8e-05


CPU 5 cumulative IPC: 1.748 instructions: 200000005 cycles: 114433806
CPU 5 Branch Prediction Accuracy: 99.87% MPKI: 0.01666 Average ROB Occupancy at Mispredict: 296.5
Branch type MPKI
BRANCH_DIRECT_JUMP: 0
BRANCH_INDIRECT: 0
BRANCH_CONDITIONAL: 0.01658
BRANCH_DIRECT_CALL: 0
BRANCH_INDIRECT_CALL: 0
BRANCH_RETURN: 8e-05


CPU 4 cumulative IPC: 1.747 instructions: 200000005 cycles: 114490837
CPU 4 Branch Prediction Accuracy: 99.87% MPKI: 0.01666 Average ROB Occupancy at Mispredict: 296.6
Branch type MPKI
BRANCH_DIRECT_JUMP: 0
BRANCH_INDIRECT: 0
BRANCH_CONDITIONAL: 0.01658
BRANCH_DIRECT_CALL: 0
BRANCH_INDIRECT_CALL: 0
BRANCH_RETURN: 8e-05


CPU 3 cumulative IPC: 1.748 instructions: 200000005 cycles: 114385040
CPU 3 Branch Prediction Accuracy: 99.87% MPKI: 0.01666 Average ROB Occupancy at Mispredict: 296.3
Branch type MPKI
BRANCH_DIRECT_JUMP: 0
BRANCH_INDIRECT: 0
BRANCH_CONDITIONAL: 0.01658
BRANCH_DIRECT_CALL: 0
BRANCH_INDIRECT_CALL: 0
BRANCH_RETURN: 8e-05


CPU 2 cumulative IPC: 1.747 instructions: 200000005 cycles: 114466427
CPU 2 Branch Prediction Accuracy: 99.87% MPKI: 0.01666 Average ROB Occupancy at Mispredict: 296.5
Branch type MPKI
BRANCH_DIRECT_JUMP: 0
BRANCH_INDIRECT: 0
BRANCH_CONDITIONAL: 0.01658
BRANCH_DIRECT_CALL: 0
BRANCH_INDIRECT_CALL: 0
BRANCH_RETURN: 8e-05


CPU 15 cumulative IPC: 1.747 instructions: 200000004 cycles: 114468808
CPU 15 Branch Prediction Accuracy: 99.87% MPKI: 0.01666 Average ROB Occupancy at Mispredict: 296.6
Branch type MPKI
BRANCH_DIRECT_JUMP: 0
BRANCH_INDIRECT: 0
BRANCH_CONDITIONAL: 0.01658
BRANCH_DIRECT_CALL: 0
BRANCH_INDIRECT_CALL: 0
BRANCH_RETURN: 8e-05


CPU 14 cumulative IPC: 1.746 instructions: 200000000 cycles: 114552521
CPU 14 Branch Prediction Accuracy: 99.87% MPKI: 0.01666 Average ROB Occupancy at Mispredict: 296.7
Branch type MPKI
BRANCH_DIRECT_JUMP: 0
BRANCH_INDIRECT: 0
BRANCH_CONDITIONAL: 0.01658
BRANCH_DIRECT_CALL: 0
BRANCH_INDIRECT_CALL: 0
BRANCH_RETURN: 8e-05


CPU 13 cumulative IPC: 1.747 instructions: 200000005 cycles: 114460199
CPU 13 Branch Prediction Accuracy: 99.87% MPKI: 0.01666 Average ROB Occupancy at Mispredict: 296.6
Branch type MPKI
BRANCH_DIRECT_JUMP: 0
BRANCH_INDIRECT: 0
BRANCH_CONDITIONAL: 0.01658
BRANCH_DIRECT_CALL: 0
BRANCH_INDIRECT_CALL: 0
BRANCH_RETURN: 8e-05


CPU 12 cumulative IPC: 1.747 instructions: 200000005 cycles: 114476417
CPU 12 Branch Prediction Accuracy: 99.87% MPKI: 0.01666 Average ROB Occupancy at Mispredict: 296.5
Branch type MPKI
BRANCH_DIRECT_JUMP: 0
BRANCH_INDIRECT: 0
BRANCH_CONDITIONAL: 0.01658
BRANCH_DIRECT_CALL: 0
BRANCH_INDIRECT_CALL: 0
BRANCH_RETURN: 8e-05


CPU 11 cumulative IPC: 1.749 instructions: 200000005 cycles: 114381081
CPU 11 Branch Prediction Accuracy: 99.87% MPKI: 0.01666 Average ROB Occupancy at Mispredict: 296.4
Branch type MPKI
BRANCH_DIRECT_JUMP: 0
BRANCH_INDIRECT: 0
BRANCH_CONDITIONAL: 0.01658
BRANCH_DIRECT_CALL: 0
BRANCH_INDIRECT_CALL: 0
BRANCH_RETURN: 8e-05


CPU 10 cumulative IPC: 1.747 instructions: 200000005 cycles: 114494626
CPU 10 Branch Prediction Accuracy: 99.87% MPKI: 0.01666 Average ROB Occupancy at Mispredict: 296.6
Branch type MPKI
BRANCH_DIRECT_JUMP: 0
BRANCH_INDIRECT: 0
BRANCH_CONDITIONAL: 0.01658
BRANCH_DIRECT_CALL: 0
BRANCH_INDIRECT_CALL: 0
BRANCH_RETURN: 8e-05


CPU 1 cumulative IPC: 1.748 instructions: 200000001 cycles: 114430368
CPU 1 Branch Prediction Accuracy: 99.87% MPKI: 0.01666 Average ROB Occupancy at Mispredict: 296.4
Branch type MPKI
BRANCH_DIRECT_JUMP: 0
BRANCH_INDIRECT: 0
BRANCH_CONDITIONAL: 0.01658
BRANCH_DIRECT_CALL: 0
BRANCH_INDIRECT_CALL: 0
BRANCH_RETURN: 8e-05


CPU 0 cumulative IPC: 1.746 instructions: 200000000 cycles: 114519191
CPU 0 Branch Prediction Accuracy: 99.87% MPKI: 0.01666 Average ROB Occupancy at Mispredict: 296.5
Branch type MPKI
BRANCH_DIRECT_JUMP: 0
BRANCH_INDIRECT: 0
BRANCH_CONDITIONAL: 0.01658
BRANCH_DIRECT_CALL: 0
BRANCH_INDIRECT_CALL: 0
BRANCH_RETURN: 8e-05

cpu9->cpu9_STLB TOTAL        ACCESS:      73161 HIT:       2817 MISS:      70344 MSHR_MERGE:          0
cpu9->cpu9_STLB LOAD         ACCESS:      73161 HIT:       2817 MISS:      70344 MSHR_MERGE:          0
cpu9->cpu9_STLB RFO          ACCESS:          0 HIT:          0 MISS:          0 MSHR_MERGE:          0
cpu9->cpu9_STLB PREFETCH     ACCESS:          0 HIT:          0 MISS:          0 MSHR_MERGE:          0
cpu9->cpu9_STLB WRITE        ACCESS:          0 HIT:          0 MISS:          0 MSHR_MERGE:          0
cpu9->cpu9_STLB TRANSLATION  ACCESS:          0 HIT:          0 MISS:          0 MSHR_MERGE:          0
cpu9->cpu9_STLB PREFETCH REQUESTED:          0 ISSUED:          0 USEFUL:          0 USELESS:          0
cpu9->cpu9_STLB AVERAGE MISS LATENCY: 183.1 cycles
cpu9->cpu9_L2C TOTAL        ACCESS:   24303122 HIT:          0 MISS:   24303122 MSHR_MERGE:          0
cpu9->cpu9_L2C LOAD         ACCESS:   21670337 HIT:          0 MISS:   21670337 MSHR_MERGE:          0
cpu9->cpu9_L2C RFO          ACCESS:    2492096 HIT:          0 MISS:    2492096 MSHR_MERGE:          0
cpu9->cpu9_L2C PREFETCH     ACCESS:          1 HIT:          0 MISS:          1 MSHR_MERGE:          0
cpu9->cpu9_L2C WRITE        ACCESS:          0 HIT:          0 MISS:          0 MSHR_MERGE:          0
cpu9->cpu9_L2C TRANSLATION  ACCESS:     140688 HIT:          0 MISS:     140688 MSHR_MERGE:          0
cpu9->cpu9_L2C PREFETCH REQUESTED:          0 ISSUED:          0 USEFUL:          0 USELESS:          0
cpu9->cpu9_L2C AVERAGE MISS LATENCY: 16.41 cycles
cpu9->cpu9_L1I TOTAL        ACCESS:   82143654 HIT:   82143653 MISS:          1 MSHR_MERGE:          0
cpu9->cpu9_L1I LOAD         ACCESS:   41078743 HIT:   41078743 MISS:          0 MSHR_MERGE:          0
cpu9->cpu9_L1I RFO          ACCESS:          0 HIT:          0 MISS:          0 MSHR_MERGE:          0
cpu9->cpu9_L1I PREFETCH     ACCESS:   41064911 HIT:   41064910 MISS:          1 MSHR_MERGE:          0
cpu9->cpu9_L1I WRITE        ACCESS:          0 HIT:          0 MISS:          0 MSHR_MERGE:          0
cpu9->cpu9_L1I TRANSLATION  ACCESS:          0 HIT:          0 MISS:          0 MSHR_MERGE:          0
cpu9->cpu9_L1I PREFETCH REQUESTED:   41078743 ISSUED:   41064912 USEFUL:          0 USELESS:          0
cpu9->cpu9_L1I AVERAGE MISS LATENCY: - cycles
cpu9->cpu9_L1D TOTAL        ACCESS:   37727625 HIT:          0 MISS:   37727625 MSHR_MERGE:   13424504
cpu9->cpu9_L1D LOAD         ACCESS:   31186503 HIT:          0 MISS:   31186503 MSHR_MERGE:    9516166
cpu9->cpu9_L1D RFO          ACCESS:          0 HIT:          0 MISS:          0 MSHR_MERGE:          0
cpu9->cpu9_L1D PREFETCH     ACCESS:          0 HIT:          0 MISS:          0 MSHR_MERGE:          0
cpu9->cpu9_L1D WRITE        ACCESS:    6400434 HIT:          0 MISS:    6400434 MSHR_MERGE:    3908338
cpu9->cpu9_L1D TRANSLATION  ACCESS:     140688 HIT:          0 MISS:     140688 MSHR_MERGE:          0
cpu9->cpu9_L1D PREFETCH REQUESTED:          0 ISSUED:          0 USEFUL:          0 USELESS:          0
cpu9->cpu9_L1D AVERAGE MISS LATENCY: 19.41 cycles
cpu9->cpu9_ITLB TOTAL        ACCESS:   53849673 HIT:   53849673 MISS:          0 MSHR_MERGE:          0
cpu9->cpu9_ITLB LOAD         ACCESS:   53849673 HIT:   53849673 MISS:          0 MSHR_MERGE:          0
cpu9->cpu9_ITLB RFO          ACCESS:          0 HIT:          0 MISS:          0 MSHR_MERGE:          0
cpu9->cpu9_ITLB PREFETCH     ACCESS:          0 HIT:          0 MISS:          0 MSHR_MERGE:          0
cpu9->cpu9_ITLB WRITE        ACCESS:          0 HIT:          0 MISS:          0 MSHR_MERGE:          0
cpu9->cpu9_ITLB TRANSLATION  ACCESS:          0 HIT:          0 MISS:          0 MSHR_MERGE:          0
cpu9->cpu9_ITLB PREFETCH REQUESTED:          0 ISSUED:          0 USEFUL:          0 USELESS:          0
cpu9->cpu9_ITLB AVERAGE MISS LATENCY: - cycles
cpu9->cpu9_DTLB TOTAL        ACCESS:   37571367 HIT:   37100942 MISS:     470425 MSHR_MERGE:     397264
cpu9->cpu9_DTLB LOAD         ACCESS:   37571367 HIT:   37100942 MISS:     470425 MSHR_MERGE:     397264
cpu9->cpu9_DTLB RFO          ACCESS:          0 HIT:          0 MISS:          0 MSHR_MERGE:          0
cpu9->cpu9_DTLB PREFETCH     ACCESS:          0 HIT:          0 MISS:          0 MSHR_MERGE:          0
cpu9->cpu9_DTLB WRITE        ACCESS:          0 HIT:          0 MISS:          0 MSHR_MERGE:          0
cpu9->cpu9_DTLB TRANSLATION  ACCESS:          0 HIT:          0 MISS:          0 MSHR_MERGE:          0
cpu9->cpu9_DTLB PREFETCH REQUESTED:          0 ISSUED:          0 USEFUL:          0 USELESS:          0
cpu9->cpu9_DTLB AVERAGE MISS LATENCY: 182 cycles
cpu8->cpu8_STLB TOTAL        ACCESS:      73199 HIT:       2818 MISS:      70381 MSHR_MERGE:          0
cpu8->cpu8_STLB LOAD         ACCESS:      73199 HIT:       2818 MISS:      70381 MSHR_MERGE:          0
cpu8->cpu8_STLB RFO          ACCESS:          0 HIT:          0 MISS:          0 MSHR_MERGE:          0
cpu8->cpu8_STLB PREFETCH     ACCESS:          0 HIT:          0 MISS:          0 MSHR_MERGE:          0
cpu8->cpu8_STLB WRITE        ACCESS:          0 HIT:          0 MISS:          0 MSHR_MERGE:          0
cpu8->cpu8_STLB TRANSLATION  ACCESS:          0 HIT:          0 MISS:          0 MSHR_MERGE:          0
cpu8->cpu8_STLB PREFETCH REQUESTED:          0 ISSUED:          0 USEFUL:          0 USELESS:          0
cpu8->cpu8_STLB AVERAGE MISS LATENCY: 182.2 cycles
cpu8->cpu8_L2C TOTAL        ACCESS:   24316958 HIT:          0 MISS:   24316958 MSHR_MERGE:          0
cpu8->cpu8_L2C LOAD         ACCESS:   21682713 HIT:          0 MISS:   21682713 MSHR_MERGE:          0
cpu8->cpu8_L2C RFO          ACCESS:    2493482 HIT:          0 MISS:    2493482 MSHR_MERGE:          0
cpu8->cpu8_L2C PREFETCH     ACCESS:          1 HIT:          0 MISS:          1 MSHR_MERGE:          0
cpu8->cpu8_L2C WRITE        ACCESS:          0 HIT:          0 MISS:          0 MSHR_MERGE:          0
cpu8->cpu8_L2C TRANSLATION  ACCESS:     140762 HIT:          0 MISS:     140762 MSHR_MERGE:          0
cpu8->cpu8_L2C PREFETCH REQUESTED:          0 ISSUED:          0 USEFUL:          0 USELESS:          0
cpu8->cpu8_L2C AVERAGE MISS LATENCY: 16.4 cycles
cpu8->cpu8_L1I TOTAL        ACCESS:   82177169 HIT:   82177168 MISS:          1 MSHR_MERGE:          0
cpu8->cpu8_L1I LOAD         ACCESS:   41095443 HIT:   41095443 MISS:          0 MSHR_MERGE:          0
cpu8->cpu8_L1I RFO          ACCESS:          0 HIT:          0 MISS:          0 MSHR_MERGE:          0
cpu8->cpu8_L1I PREFETCH     ACCESS:   41081726 HIT:   41081725 MISS:          1 MSHR_MERGE:          0
cpu8->cpu8_L1I WRITE        ACCESS:          0 HIT:          0 MISS:          0 MSHR_MERGE:          0
cpu8->cpu8_L1I TRANSLATION  ACCESS:          0 HIT:          0 MISS:          0 MSHR_MERGE:          0
cpu8->cpu8_L1I PREFETCH REQUESTED:   41095443 ISSUED:   41081726 USEFUL:          0 USELESS:          0
cpu8->cpu8_L1I AVERAGE MISS LATENCY: - cycles
cpu8->cpu8_L1D TOTAL        ACCESS:   37738448 HIT:          0 MISS:   37738448 MSHR_MERGE:   13421490
cpu8->cpu8_L1D LOAD         ACCESS:   31193880 HIT:          0 MISS:   31193880 MSHR_MERGE:    9511167
cpu8->cpu8_L1D RFO          ACCESS:          0 HIT:          0 MISS:          0 MSHR_MERGE:          0
cpu8->cpu8_L1D PREFETCH     ACCESS:          0 HIT:          0 MISS:          0 MSHR_MERGE:          0
cpu8->cpu8_L1D WRITE        ACCESS:    6403806 HIT:          0 MISS:    6403806 MSHR_MERGE:    3910323
cpu8->cpu8_L1D TRANSLATION  ACCESS:     140762 HIT:          0 MISS:     140762 MSHR_MERGE:          0
cpu8->cpu8_L1D PREFETCH REQUESTED:          0 ISSUED:          0 USEFUL:          0 USELESS:          0
cpu8->cpu8_L1D AVERAGE MISS LATENCY: 19.41 cycles
cpu8->cpu8_ITLB TOTAL        ACCESS:   53909654 HIT:   53909654 MISS:          0 MSHR_MERGE:          0
cpu8->cpu8_ITLB LOAD         ACCESS:   53909654 HIT:   53909654 MISS:          0 MSHR_MERGE:          0
cpu8->cpu8_ITLB RFO          ACCESS:          0 HIT:          0 MISS:          0 MSHR_MERGE:          0
cpu8->cpu8_ITLB PREFETCH     ACCESS:          0 HIT:          0 MISS:          0 MSHR_MERGE:          0
cpu8->cpu8_ITLB WRITE        ACCESS:          0 HIT:          0 MISS:          0 MSHR_MERGE:          0
cpu8->cpu8_ITLB TRANSLATION  ACCESS:          0 HIT:          0 MISS:          0 MSHR_MERGE:          0
cpu8->cpu8_ITLB PREFETCH REQUESTED:          0 ISSUED:          0 USEFUL:          0 USELESS:          0
cpu8->cpu8_ITLB AVERAGE MISS LATENCY: - cycles
cpu8->cpu8_DTLB TOTAL        ACCESS:   37586333 HIT:   37116223 MISS:     470110 MSHR_MERGE:     396911
cpu8->cpu8_DTLB LOAD         ACCESS:   37586333 HIT:   37116223 MISS:     470110 MSHR_MERGE:     396911
cpu8->cpu8_DTLB RFO          ACCESS:          0 HIT:          0 MISS:          0 MSHR_MERGE:          0
cpu8->cpu8_DTLB PREFETCH     ACCESS:          0 HIT:          0 MISS:          0 MSHR_MERGE:          0
cpu8->cpu8_DTLB WRITE        ACCESS:          0 HIT:          0 MISS:          0 MSHR_MERGE:          0
cpu8->cpu8_DTLB TRANSLATION  ACCESS:          0 HIT:          0 MISS:          0 MSHR_MERGE:          0
cpu8->cpu8_DTLB PREFETCH REQUESTED:          0 ISSUED:          0 USEFUL:          0 USELESS:          0
cpu8->cpu8_DTLB AVERAGE MISS LATENCY: 181.1 cycles
cpu7->cpu7_STLB TOTAL        ACCESS:      73150 HIT:       2816 MISS:      70334 MSHR_MERGE:          0
cpu7->cpu7_STLB LOAD         ACCESS:      73150 HIT:       2816 MISS:      70334 MSHR_MERGE:          0
cpu7->cpu7_STLB RFO          ACCESS:          0 HIT:          0 MISS:          0 MSHR_MERGE:          0
cpu7->cpu7_STLB PREFETCH     ACCESS:          0 HIT:          0 MISS:          0 MSHR_MERGE:          0
cpu7->cpu7_STLB WRITE        ACCESS:          0 HIT:          0 MISS:          0 MSHR_MERGE:          0
cpu7->cpu7_STLB TRANSLATION  ACCESS:          0 HIT:          0 MISS:          0 MSHR_MERGE:          0
cpu7->cpu7_STLB PREFETCH REQUESTED:          0 ISSUED:          0 USEFUL:          0 USELESS:          0
cpu7->cpu7_STLB AVERAGE MISS LATENCY: 183 cycles
cpu7->cpu7_L2C TOTAL        ACCESS:   24296122 HIT:          0 MISS:   24296122 MSHR_MERGE:          0
cpu7->cpu7_L2C LOAD         ACCESS:   21662629 HIT:          0 MISS:   21662629 MSHR_MERGE:          0
cpu7->cpu7_L2C RFO          ACCESS:    2492824 HIT:          0 MISS:    2492824 MSHR_MERGE:          0
cpu7->cpu7_L2C PREFETCH     ACCESS:          1 HIT:          0 MISS:          1 MSHR_MERGE:          0
cpu7->cpu7_L2C WRITE        ACCESS:          0 HIT:          0 MISS:          0 MSHR_MERGE:          0
cpu7->cpu7_L2C TRANSLATION  ACCESS:     140668 HIT:          0 MISS:     140668 MSHR_MERGE:          0
cpu7->cpu7_L2C PREFETCH REQUESTED:          0 ISSUED:          0 USEFUL:          0 USELESS:          0
cpu7->cpu7_L2C AVERAGE MISS LATENCY: 16.41 cycles
cpu7->cpu7_L1I TOTAL        ACCESS:   82157881 HIT:   82157880 MISS:          1 MSHR_MERGE:          0
cpu7->cpu7_L1I LOAD         ACCESS:   41085856 HIT:   41085856 MISS:          0 MSHR_MERGE:          0
cpu7->cpu7_L1I RFO          ACCESS:          0 HIT:          0 MISS:          0 MSHR_MERGE:          0
cpu7->cpu7_L1I PREFETCH     ACCESS:   41072025 HIT:   41072024 MISS:          1 MSHR_MERGE:          0
cpu7->cpu7_L1I WRITE        ACCESS:          0 HIT:          0 MISS:          0 MSHR_MERGE:          0
cpu7->cpu7_L1I TRANSLATION  ACCESS:          0 HIT:          0 MISS:          0 MSHR_MERGE:          0
cpu7->cpu7_L1I PREFETCH REQUESTED:   41085856 ISSUED:   41072027 USEFUL:          0 USELESS:          0
cpu7->cpu7_L1I AVERAGE MISS LATENCY: - cycles
cpu7->cpu7_L1D TOTAL        ACCESS:   37717714 HIT:          0 MISS:   37717714 MSHR_MERGE:   13421593
cpu7->cpu7_L1D LOAD         ACCESS:   31177447 HIT:          0 MISS:   31177447 MSHR_MERGE:    9514818
cpu7->cpu7_L1D RFO          ACCESS:          0 HIT:          0 MISS:          0 MSHR_MERGE:          0
cpu7->cpu7_L1D PREFETCH     ACCESS:          0 HIT:          0 MISS:          0 MSHR_MERGE:          0
cpu7->cpu7_L1D WRITE        ACCESS:    6399599 HIT:          0 MISS:    6399599 MSHR_MERGE:    3906775
cpu7->cpu7_L1D TRANSLATION  ACCESS:     140668 HIT:          0 MISS:     140668 MSHR_MERGE:          0
cpu7->cpu7_L1D PREFETCH REQUESTED:          0 ISSUED:          0 USEFUL:          0 USELESS:          0
cpu7->cpu7_L1D AVERAGE MISS LATENCY: 19.41 cycles
cpu7->cpu7_ITLB TOTAL        ACCESS:   53928592 HIT:   53928592 MISS:          0 MSHR_MERGE:          0
cpu7->cpu7_ITLB LOAD         ACCESS:   53928592 HIT:   53928592 MISS:          0 MSHR_MERGE:          0
cpu7->cpu7_ITLB RFO          ACCESS:          0 HIT:          0 MISS:          0 MSHR_MERGE:          0
cpu7->cpu7_ITLB PREFETCH     ACCESS:          0 HIT:          0 MISS:          0 MSHR_MERGE:          0
cpu7->cpu7_ITLB WRITE        ACCESS:          0 HIT:          0 MISS:          0 MSHR_MERGE:          0
cpu7->cpu7_ITLB TRANSLATION  ACCESS:          0 HIT:          0 MISS:          0 MSHR_MERGE:          0
cpu7->cpu7_ITLB PREFETCH REQUESTED:          0 ISSUED:          0 USEFUL:          0 USELESS:          0
cpu7->cpu7_ITLB AVERAGE MISS LATENCY: - cycles
cpu7->cpu7_DTLB TOTAL        ACCESS:   37574544 HIT:   37104355 MISS:     470189 MSHR_MERGE:     397039
cpu7->cpu7_DTLB LOAD         ACCESS:   37574544 HIT:   37104355 MISS:     470189 MSHR_MERGE:     397039
cpu7->cpu7_DTLB RFO          ACCESS:          0 HIT:          0 MISS:          0 MSHR_MERGE:          0
cpu7->cpu7_DTLB PREFETCH     ACCESS:          0 HIT:          0 MISS:          0 MSHR_MERGE:          0
cpu7->cpu7_DTLB WRITE        ACCESS:          0 HIT:          0 MISS:          0 MSHR_MERGE:          0
cpu7->cpu7_DTLB TRANSLATION  ACCESS:          0 HIT:          0 MISS:          0 MSHR_MERGE:          0
cpu7->cpu7_DTLB PREFETCH REQUESTED:          0 ISSUED:          0 USEFUL:          0 USELESS:          0
cpu7->cpu7_DTLB AVERAGE MISS LATENCY: 181.9 cycles
cpu6->cpu6_STLB TOTAL        ACCESS:      73133 HIT:       2816 MISS:      70317 MSHR_MERGE:          0
cpu6->cpu6_STLB LOAD         ACCESS:      73133 HIT:       2816 MISS:      70317 MSHR_MERGE:          0
cpu6->cpu6_STLB RFO          ACCESS:          0 HIT:          0 MISS:          0 MSHR_MERGE:          0
cpu6->cpu6_STLB PREFETCH     ACCESS:          0 HIT:          0 MISS:          0 MSHR_MERGE:          0
cpu6->cpu6_STLB WRITE        ACCESS:          0 HIT:          0 MISS:          0 MSHR_MERGE:          0
cpu6->cpu6_STLB TRANSLATION  ACCESS:          0 HIT:          0 MISS:          0 MSHR_MERGE:          0
cpu6->cpu6_STLB PREFETCH REQUESTED:          0 ISSUED:          0 USEFUL:          0 USELESS:          0
cpu6->cpu6_STLB AVERAGE MISS LATENCY: 184.8 cycles
cpu6->cpu6_L2C TOTAL        ACCESS:   24288259 HIT:          0 MISS:   24288259 MSHR_MERGE:          0
cpu6->cpu6_L2C LOAD         ACCESS:   21656106 HIT:          0 MISS:   21656106 MSHR_MERGE:          0
cpu6->cpu6_L2C RFO          ACCESS:    2491518 HIT:          0 MISS:    2491518 MSHR_MERGE:          0
cpu6->cpu6_L2C PREFETCH     ACCESS:          1 HIT:          0 MISS:          1 MSHR_MERGE:          0
cpu6->cpu6_L2C WRITE        ACCESS:          0 HIT:          0 MISS:          0 MSHR_MERGE:          0
cpu6->cpu6_L2C TRANSLATION  ACCESS:     140634 HIT:          0 MISS:     140634 MSHR_MERGE:          0
cpu6->cpu6_L2C PREFETCH REQUESTED:          0 ISSUED:          0 USEFUL:          0 USELESS:          0
cpu6->cpu6_L2C AVERAGE MISS LATENCY: 16.41 cycles
cpu6->cpu6_L1I TOTAL        ACCESS:   82019067 HIT:   82019066 MISS:          1 MSHR_MERGE:          0
cpu6->cpu6_L1I LOAD         ACCESS:   41016451 HIT:   41016451 MISS:          0 MSHR_MERGE:          0
cpu6->cpu6_L1I RFO          ACCESS:          0 HIT:          0 MISS:          0 MSHR_MERGE:          0
cpu6->cpu6_L1I PREFETCH     ACCESS:   41002616 HIT:   41002615 MISS:          1 MSHR_MERGE:          0
cpu6->cpu6_L1I WRITE        ACCESS:          0 HIT:          0 MISS:          0 MSHR_MERGE:          0
cpu6->cpu6_L1I TRANSLATION  ACCESS:          0 HIT:          0 MISS:          0 MSHR_MERGE:          0
cpu6->cpu6_L1I PREFETCH REQUESTED:   41016451 ISSUED:   41002620 USEFUL:          0 USELESS:          0
cpu6->cpu6_L1I AVERAGE MISS LATENCY: - cycles
cpu6->cpu6_L1D TOTAL        ACCESS:   37744136 HIT:          0 MISS:   37744136 MSHR_MERGE:   13455877
cpu6->cpu6_L1D LOAD         ACCESS:   31205474 HIT:          0 MISS:   31205474 MSHR_MERGE:    9549366
cpu6->cpu6_L1D RFO          ACCESS:          0 HIT:          0 MISS:          0 MSHR_MERGE:          0
cpu6->cpu6_L1D PREFETCH     ACCESS:          0 HIT:          0 MISS:          0 MSHR_MERGE:          0
cpu6->cpu6_L1D WRITE        ACCESS:    6398028 HIT:          0 MISS:    6398028 MSHR_MERGE:    3906511
cpu6->cpu6_L1D TRANSLATION  ACCESS:     140634 HIT:          0 MISS:     140634 MSHR_MERGE:          0
cpu6->cpu6_L1D PREFETCH REQUESTED:          0 ISSUED:          0 USEFUL:          0 USELESS:          0
cpu6->cpu6_L1D AVERAGE MISS LATENCY: 19.41 cycles
cpu6->cpu6_ITLB TOTAL        ACCESS:   53700186 HIT:   53700186 MISS:          0 MSHR_MERGE:          0
cpu6->cpu6_ITLB LOAD         ACCESS:   53700186 HIT:   53700186 MISS:          0 MSHR_MERGE:          0
cpu6->cpu6_ITLB RFO          ACCESS:          0 HIT:          0 MISS:          0 MSHR_MERGE:          0
cpu6->cpu6_ITLB PREFETCH     ACCESS:          0 HIT:          0 MISS:          0 MSHR_MERGE:          0
cpu6->cpu6_ITLB WRITE        ACCESS:          0 HIT:          0 MISS:          0 MSHR_MERGE:          0
cpu6->cpu6_ITLB TRANSLATION  ACCESS:          0 HIT:          0 MISS:          0 MSHR_MERGE:          0
cpu6->cpu6_ITLB PREFETCH REQUESTED:          0 ISSUED:          0 USEFUL:          0 USELESS:          0
cpu6->cpu6_ITLB AVERAGE MISS LATENCY: - cycles
cpu6->cpu6_DTLB TOTAL        ACCESS:   37587598 HIT:   37117595 MISS:     470003 MSHR_MERGE:     396870
cpu6->cpu6_DTLB LOAD         ACCESS:   37587598 HIT:   37117595 MISS:     470003 MSHR_MERGE:     396870
cpu6->cpu6_DTLB RFO          ACCESS:          0 HIT:          0 MISS:          0 MSHR_MERGE:          0
cpu6->cpu6_DTLB PREFETCH     ACCESS:          0 HIT:          0 MISS:          0 MSHR_MERGE:          0
cpu6->cpu6_DTLB WRITE        ACCESS:          0 HIT:          0 MISS:          0 MSHR_MERGE:          0
cpu6->cpu6_DTLB TRANSLATION  ACCESS:          0 HIT:          0 MISS:          0 MSHR_MERGE:          0
cpu6->cpu6_DTLB PREFETCH REQUESTED:          0 ISSUED:          0 USEFUL:          0 USELESS:          0
cpu6->cpu6_DTLB AVERAGE MISS LATENCY: 183.6 cycles
cpu5->cpu5_STLB TOTAL        ACCESS:      73177 HIT:       2817 MISS:      70360 MSHR_MERGE:          0
cpu5->cpu5_STLB LOAD         ACCESS:      73177 HIT:       2817 MISS:      70360 MSHR_MERGE:          0
cpu5->cpu5_STLB RFO          ACCESS:          0 HIT:          0 MISS:          0 MSHR_MERGE:          0
cpu5->cpu5_STLB PREFETCH     ACCESS:          0 HIT:          0 MISS:          0 MSHR_MERGE:          0
cpu5->cpu5_STLB WRITE        ACCESS:          0 HIT:          0 MISS:          0 MSHR_MERGE:          0
cpu5->cpu5_STLB TRANSLATION  ACCESS:          0 HIT:          0 MISS:          0 MSHR_MERGE:          0
cpu5->cpu5_STLB PREFETCH REQUESTED:          0 ISSUED:          0 USEFUL:          0 USELESS:          0
cpu5->cpu5_STLB AVERAGE MISS LATENCY: 183.6 cycles
cpu5->cpu5_L2C TOTAL        ACCESS:   24303856 HIT:          0 MISS:   24303856 MSHR_MERGE:          0
cpu5->cpu5_L2C LOAD         ACCESS:   21669915 HIT:          0 MISS:   21669915 MSHR_MERGE:          0
cpu5->cpu5_L2C RFO          ACCESS:    2493218 HIT:          0 MISS:    2493218 MSHR_MERGE:          0
cpu5->cpu5_L2C PREFETCH     ACCESS:          1 HIT:          0 MISS:          1 MSHR_MERGE:          0
cpu5->cpu5_L2C WRITE        ACCESS:          0 HIT:          0 MISS:          0 MSHR_MERGE:          0
cpu5->cpu5_L2C TRANSLATION  ACCESS:     140722 HIT:          0 MISS:     140722 MSHR_MERGE:          0
cpu5->cpu5_L2C PREFETCH REQUESTED:          0 ISSUED:          0 USEFUL:          0 USELESS:          0
cpu5->cpu5_L2C AVERAGE MISS LATENCY: 16.41 cycles
cpu5->cpu5_L1I TOTAL        ACCESS:   82076583 HIT:   82076582 MISS:          1 MSHR_MERGE:          0
cpu5->cpu5_L1I LOAD         ACCESS:   41045315 HIT:   41045315 MISS:          0 MSHR_MERGE:          0
cpu5->cpu5_L1I RFO          ACCESS:          0 HIT:          0 MISS:          0 MSHR_MERGE:          0
cpu5->cpu5_L1I PREFETCH     ACCESS:   41031268 HIT:   41031267 MISS:          1 MSHR_MERGE:          0
cpu5->cpu5_L1I WRITE        ACCESS:          0 HIT:          0 MISS:          0 MSHR_MERGE:          0
cpu5->cpu5_L1I TRANSLATION  ACCESS:          0 HIT:          0 MISS:          0 MSHR_MERGE:          0
cpu5->cpu5_L1I PREFETCH REQUESTED:   41045315 ISSUED:   41031268 USEFUL:          0 USELESS:          0
cpu5->cpu5_L1I AVERAGE MISS LATENCY: - cycles
cpu5->cpu5_L1D TOTAL        ACCESS:   37765910 HIT:          0 MISS:   37765910 MSHR_MERGE:   13462056
cpu5->cpu5_L1D LOAD         ACCESS:   31223204 HIT:          0 MISS:   31223204 MSHR_MERGE:    9553289
cpu5->cpu5_L1D RFO          ACCESS:          0 HIT:          0 MISS:          0 MSHR_MERGE:          0
cpu5->cpu5_L1D PREFETCH     ACCESS:          0 HIT:          0 MISS:          0 MSHR_MERGE:          0
cpu5->cpu5_L1D WRITE        ACCESS:    6401985 HIT:          0 MISS:    6401985 MSHR_MERGE:    3908767
cpu5->cpu5_L1D TRANSLATION  ACCESS:     140721 HIT:          0 MISS:     140721 MSHR_MERGE:          0
cpu5->cpu5_L1D PREFETCH REQUESTED:          0 ISSUED:          0 USEFUL:          0 USELESS:          0
cpu5->cpu5_L1D AVERAGE MISS LATENCY: 19.41 cycles
cpu5->cpu5_ITLB TOTAL        ACCESS:   53735209 HIT:   53735209 MISS:          0 MSHR_MERGE:          0
cpu5->cpu5_ITLB LOAD         ACCESS:   53735209 HIT:   53735209 MISS:          0 MSHR_MERGE:          0
cpu5->cpu5_ITLB RFO          ACCESS:          0 HIT:          0 MISS:          0 MSHR_MERGE:          0
cpu5->cpu5_ITLB PREFETCH     ACCESS:          0 HIT:          0 MISS:          0 MSHR_MERGE:          0
cpu5->cpu5_ITLB WRITE        ACCESS:          0 HIT:          0 MISS:          0 MSHR_MERGE:          0
cpu5->cpu5_ITLB TRANSLATION  ACCESS:          0 HIT:          0 MISS:          0 MSHR_MERGE:          0
cpu5->cpu5_ITLB PREFETCH REQUESTED:          0 ISSUED:          0 USEFUL:          0 USELESS:          0
cpu5->cpu5_ITLB AVERAGE MISS LATENCY: - cycles
cpu5->cpu5_DTLB TOTAL        ACCESS:   37609127 HIT:   37138508 MISS:     470619 MSHR_MERGE:     397442
cpu5->cpu5_DTLB LOAD         ACCESS:   37609127 HIT:   37138508 MISS:     470619 MSHR_MERGE:     397442
cpu5->cpu5_DTLB RFO          ACCESS:          0 HIT:          0 MISS:          0 MSHR_MERGE:          0
cpu5->cpu5_DTLB PREFETCH     ACCESS:          0 HIT:          0 MISS:          0 MSHR_MERGE:          0
cpu5->cpu5_DTLB WRITE        ACCESS:          0 HIT:          0 MISS:          0 MSHR_MERGE:          0
cpu5->cpu5_DTLB TRANSLATION  ACCESS:          0 HIT:          0 MISS:          0 MSHR_MERGE:          0
cpu5->cpu5_DTLB PREFETCH REQUESTED:          0 ISSUED:          0 USEFUL:          0 USELESS:          0
cpu5->cpu5_DTLB AVERAGE MISS LATENCY: 182.5 cycles
cpu4->cpu4_STLB TOTAL        ACCESS:      73142 HIT:       2816 MISS:      70326 MSHR_MERGE:          0
cpu4->cpu4_STLB LOAD         ACCESS:      73142 HIT:       2816 MISS:      70326 MSHR_MERGE:          0
cpu4->cpu4_STLB RFO          ACCESS:          0 HIT:          0 MISS:          0 MSHR_MERGE:          0
cpu4->cpu4_STLB PREFETCH     ACCESS:          0 HIT:          0 MISS:          0 MSHR_MERGE:          0
cpu4->cpu4_STLB WRITE        ACCESS:          0 HIT:          0 MISS:          0 MSHR_MERGE:          0
cpu4->cpu4_STLB TRANSLATION  ACCESS:          0 HIT:          0 MISS:          0 MSHR_MERGE:          0
cpu4->cpu4_STLB PREFETCH REQUESTED:          0 ISSUED:          0 USEFUL:          0 USELESS:          0
cpu4->cpu4_STLB AVERAGE MISS LATENCY: 184.1 cycles
cpu4->cpu4_L2C TOTAL        ACCESS:   24289622 HIT:          0 MISS:   24289622 MSHR_MERGE:          0
cpu4->cpu4_L2C LOAD         ACCESS:   21657143 HIT:          0 MISS:   21657143 MSHR_MERGE:          0
cpu4->cpu4_L2C RFO          ACCESS:    2491826 HIT:          0 MISS:    2491826 MSHR_MERGE:          0
cpu4->cpu4_L2C PREFETCH     ACCESS:          1 HIT:          0 MISS:          1 MSHR_MERGE:          0
cpu4->cpu4_L2C WRITE        ACCESS:          0 HIT:          0 MISS:          0 MSHR_MERGE:          0
cpu4->cpu4_L2C TRANSLATION  ACCESS:     140652 HIT:          0 MISS:     140652 MSHR_MERGE:          0
cpu4->cpu4_L2C PREFETCH REQUESTED:          0 ISSUED:          0 USEFUL:          0 USELESS:          0
cpu4->cpu4_L2C AVERAGE MISS LATENCY: 16.41 cycles
cpu4->cpu4_L1I TOTAL        ACCESS:   82058165 HIT:   82058164 MISS:          1 MSHR_MERGE:          0
cpu4->cpu4_L1I LOAD         ACCESS:   41036175 HIT:   41036175 MISS:          0 MSHR_MERGE:          0
cpu4->cpu4_L1I RFO          ACCESS:          0 HIT:          0 MISS:          0 MSHR_MERGE:          0
cpu4->cpu4_L1I PREFETCH     ACCESS:   41021990 HIT:   41021989 MISS:          1 MSHR_MERGE:          0
cpu4->cpu4_L1I WRITE        ACCESS:          0 HIT:          0 MISS:          0 MSHR_MERGE:          0
cpu4->cpu4_L1I TRANSLATION  ACCESS:          0 HIT:          0 MISS:          0 MSHR_MERGE:          0
cpu4->cpu4_L1I PREFETCH REQUESTED:   41036175 ISSUED:   41021991 USEFUL:          0 USELESS:          0
cpu4->cpu4_L1I AVERAGE MISS LATENCY: - cycles
cpu4->cpu4_L1D TOTAL        ACCESS:   37749811 HIT:          0 MISS:   37749811 MSHR_MERGE:   13460190
cpu4->cpu4_L1D LOAD         ACCESS:   31210333 HIT:          0 MISS:   31210333 MSHR_MERGE:    9553190
cpu4->cpu4_L1D RFO          ACCESS:          0 HIT:          0 MISS:          0 MSHR_MERGE:          0
cpu4->cpu4_L1D PREFETCH     ACCESS:          0 HIT:          0 MISS:          0 MSHR_MERGE:          0
cpu4->cpu4_L1D WRITE        ACCESS:    6398826 HIT:          0 MISS:    6398826 MSHR_MERGE:    3907000
cpu4->cpu4_L1D TRANSLATION  ACCESS:     140652 HIT:          0 MISS:     140652 MSHR_MERGE:          0
cpu4->cpu4_L1D PREFETCH REQUESTED:          0 ISSUED:          0 USEFUL:          0 USELESS:          0
cpu4->cpu4_L1D AVERAGE MISS LATENCY: 19.41 cycles
cpu4->cpu4_ITLB TOTAL        ACCESS:   53788877 HIT:   53788877 MISS:          0 MSHR_MERGE:          0
cpu4->cpu4_ITLB LOAD         ACCESS:   53788877 HIT:   53788877 MISS:          0 MSHR_MERGE:          0
cpu4->cpu4_ITLB RFO          ACCESS:          0 HIT:          0 MISS:          0 MSHR_MERGE:          0
cpu4->cpu4_ITLB PREFETCH     ACCESS:          0 HIT:          0 MISS:          0 MSHR_MERGE:          0
cpu4->cpu4_ITLB WRITE        ACCESS:          0 HIT:          0 MISS:          0 MSHR_MERGE:          0
cpu4->cpu4_ITLB TRANSLATION  ACCESS:          0 HIT:          0 MISS:          0 MSHR_MERGE:          0
cpu4->cpu4_ITLB PREFETCH REQUESTED:          0 ISSUED:          0 USEFUL:          0 USELESS:          0
cpu4->cpu4_ITLB AVERAGE MISS LATENCY: - cycles
cpu4->cpu4_DTLB TOTAL        ACCESS:   37593257 HIT:   37123278 MISS:     469979 MSHR_MERGE:     396837
cpu4->cpu4_DTLB LOAD         ACCESS:   37593257 HIT:   37123278 MISS:     469979 MSHR_MERGE:     396837
cpu4->cpu4_DTLB RFO          ACCESS:          0 HIT:          0 MISS:          0 MSHR_MERGE:          0
cpu4->cpu4_DTLB PREFETCH     ACCESS:          0 HIT:          0 MISS:          0 MSHR_MERGE:          0
cpu4->cpu4_DTLB WRITE        ACCESS:          0 HIT:          0 MISS:          0 MSHR_MERGE:          0
cpu4->cpu4_DTLB TRANSLATION  ACCESS:          0 HIT:          0 MISS:          0 MSHR_MERGE:          0
cpu4->cpu4_DTLB PREFETCH REQUESTED:          0 ISSUED:          0 USEFUL:          0 USELESS:          0
cpu4->cpu4_DTLB AVERAGE MISS LATENCY: 183 cycles
cpu3->cpu3_STLB TOTAL        ACCESS:      73208 HIT:       2818 MISS:      70390 MSHR_MERGE:          0
cpu3->cpu3_STLB LOAD         ACCESS:      73208 HIT:       2818 MISS:      70390 MSHR_MERGE:          0
cpu3->cpu3_STLB RFO          ACCESS:          0 HIT:          0 MISS:          0 MSHR_MERGE:          0
cpu3->cpu3_STLB PREFETCH     ACCESS:          0 HIT:          0 MISS:          0 MSHR_MERGE:          0
cpu3->cpu3_STLB WRITE        ACCESS:          0 HIT:          0 MISS:          0 MSHR_MERGE:          0
cpu3->cpu3_STLB TRANSLATION  ACCESS:          0 HIT:          0 MISS:          0 MSHR_MERGE:          0
cpu3->cpu3_STLB PREFETCH REQUESTED:          0 ISSUED:          0 USEFUL:          0 USELESS:          0
cpu3->cpu3_STLB AVERAGE MISS LATENCY: 181.7 cycles
cpu3->cpu3_L2C TOTAL        ACCESS:   24314060 HIT:          0 MISS:   24314060 MSHR_MERGE:          0
cpu3->cpu3_L2C LOAD         ACCESS:   21677513 HIT:          0 MISS:   21677513 MSHR_MERGE:          0
cpu3->cpu3_L2C RFO          ACCESS:    2495766 HIT:          0 MISS:    2495766 MSHR_MERGE:          0
cpu3->cpu3_L2C PREFETCH     ACCESS:          1 HIT:          0 MISS:          1 MSHR_MERGE:          0
cpu3->cpu3_L2C WRITE        ACCESS:          0 HIT:          0 MISS:          0 MSHR_MERGE:          0
cpu3->cpu3_L2C TRANSLATION  ACCESS:     140780 HIT:          0 MISS:     140780 MSHR_MERGE:          0
cpu3->cpu3_L2C PREFETCH REQUESTED:          0 ISSUED:          0 USEFUL:          0 USELESS:          0
cpu3->cpu3_L2C AVERAGE MISS LATENCY: 16.4 cycles
cpu3->cpu3_L1I TOTAL        ACCESS:   82227730 HIT:   82227729 MISS:          1 MSHR_MERGE:          0
cpu3->cpu3_L1I LOAD         ACCESS:   41120852 HIT:   41120852 MISS:          0 MSHR_MERGE:          0
cpu3->cpu3_L1I RFO          ACCESS:          0 HIT:          0 MISS:          0 MSHR_MERGE:          0
cpu3->cpu3_L1I PREFETCH     ACCESS:   41106878 HIT:   41106877 MISS:          1 MSHR_MERGE:          0
cpu3->cpu3_L1I WRITE        ACCESS:          0 HIT:          0 MISS:          0 MSHR_MERGE:          0
cpu3->cpu3_L1I TRANSLATION  ACCESS:          0 HIT:          0 MISS:          0 MSHR_MERGE:          0
cpu3->cpu3_L1I PREFETCH REQUESTED:   41120852 ISSUED:   41106878 USEFUL:          0 USELESS:          0
cpu3->cpu3_L1I AVERAGE MISS LATENCY: - cycles
cpu3->cpu3_L1D TOTAL        ACCESS:   37751145 HIT:          0 MISS:   37751145 MSHR_MERGE:   13437086
cpu3->cpu3_L1D LOAD         ACCESS:   31205768 HIT:          0 MISS:   31205768 MSHR_MERGE:    9528255
cpu3->cpu3_L1D RFO          ACCESS:          0 HIT:          0 MISS:          0 MSHR_MERGE:          0
cpu3->cpu3_L1D PREFETCH     ACCESS:          0 HIT:          0 MISS:          0 MSHR_MERGE:          0
cpu3->cpu3_L1D WRITE        ACCESS:    6404597 HIT:          0 MISS:    6404597 MSHR_MERGE:    3908831
cpu3->cpu3_L1D TRANSLATION  ACCESS:     140780 HIT:          0 MISS:     140780 MSHR_MERGE:          0
cpu3->cpu3_L1D PREFETCH REQUESTED:          0 ISSUED:          0 USEFUL:          0 USELESS:          0
cpu3->cpu3_L1D AVERAGE MISS LATENCY: 19.41 cycles
cpu3->cpu3_ITLB TOTAL        ACCESS:   53979943 HIT:   53979943 MISS:          0 MSHR_MERGE:          0
cpu3->cpu3_ITLB LOAD         ACCESS:   53979943 HIT:   53979943 MISS:          0 MSHR_MERGE:          0
cpu3->cpu3_ITLB RFO          ACCESS:          0 HIT:          0 MISS:          0 MSHR_MERGE:          0
cpu3->cpu3_ITLB PREFETCH     ACCESS:          0 HIT:          0 MISS:          0 MSHR_MERGE:          0
cpu3->cpu3_ITLB WRITE        ACCESS:          0 HIT:          0 MISS:          0 MSHR_MERGE:          0
cpu3->cpu3_ITLB TRANSLATION  ACCESS:          0 HIT:          0 MISS:          0 MSHR_MERGE:          0
cpu3->cpu3_ITLB PREFETCH REQUESTED:          0 ISSUED:          0 USEFUL:          0 USELESS:          0
cpu3->cpu3_ITLB AVERAGE MISS LATENCY: - cycles
cpu3->cpu3_DTLB TOTAL        ACCESS:   37607940 HIT:   37136873 MISS:     471067 MSHR_MERGE:     397859
cpu3->cpu3_DTLB LOAD         ACCESS:   37607940 HIT:   37136873 MISS:     471067 MSHR_MERGE:     397859
cpu3->cpu3_DTLB RFO          ACCESS:          0 HIT:          0 MISS:          0 MSHR_MERGE:          0
cpu3->cpu3_DTLB PREFETCH     ACCESS:          0 HIT:          0 MISS:          0 MSHR_MERGE:          0
cpu3->cpu3_DTLB WRITE        ACCESS:          0 HIT:          0 MISS:          0 MSHR_MERGE:          0
cpu3->cpu3_DTLB TRANSLATION  ACCESS:          0 HIT:          0 MISS:          0 MSHR_MERGE:          0
cpu3->cpu3_DTLB PREFETCH REQUESTED:          0 ISSUED:          0 USEFUL:          0 USELESS:          0
cpu3->cpu3_DTLB AVERAGE MISS LATENCY: 180.7 cycles
cpu2->cpu2_STLB TOTAL        ACCESS:      73158 HIT:       2817 MISS:      70341 MSHR_MERGE:          0
cpu2->cpu2_STLB LOAD         ACCESS:      73158 HIT:       2817 MISS:      70341 MSHR_MERGE:          0
cpu2->cpu2_STLB RFO          ACCESS:          0 HIT:          0 MISS:          0 MSHR_MERGE:          0
cpu2->cpu2_STLB PREFETCH     ACCESS:          0 HIT:          0 MISS:          0 MSHR_MERGE:          0
cpu2->cpu2_STLB WRITE        ACCESS:          0 HIT:          0 MISS:          0 MSHR_MERGE:          0
cpu2->cpu2_STLB TRANSLATION  ACCESS:          0 HIT:          0 MISS:          0 MSHR_MERGE:          0
cpu2->cpu2_STLB PREFETCH REQUESTED:          0 ISSUED:          0 USEFUL:          0 USELESS:          0
cpu2->cpu2_STLB AVERAGE MISS LATENCY: 184 cycles
cpu2->cpu2_L2C TOTAL        ACCESS:   24292038 HIT:          0 MISS:   24292038 MSHR_MERGE:          0
cpu2->cpu2_L2C LOAD         ACCESS:   21659573 HIT:          0 MISS:   21659573 MSHR_MERGE:          0
cpu2->cpu2_L2C RFO          ACCESS:    2491782 HIT:          0 MISS:    2491782 MSHR_MERGE:          0
cpu2->cpu2_L2C PREFETCH     ACCESS:          1 HIT:          0 MISS:          1 MSHR_MERGE:          0
cpu2->cpu2_L2C WRITE        ACCESS:          0 HIT:          0 MISS:          0 MSHR_MERGE:          0
cpu2->cpu2_L2C TRANSLATION  ACCESS:     140682 HIT:          0 MISS:     140682 MSHR_MERGE:          0
cpu2->cpu2_L2C PREFETCH REQUESTED:          0 ISSUED:          0 USEFUL:          0 USELESS:          0
cpu2->cpu2_L2C AVERAGE MISS LATENCY: 16.41 cycles
cpu2->cpu2_L1I TOTAL        ACCESS:   82100007 HIT:   82100006 MISS:          1 MSHR_MERGE:          0
cpu2->cpu2_L1I LOAD         ACCESS:   41056794 HIT:   41056794 MISS:          0 MSHR_MERGE:          0
cpu2->cpu2_L1I RFO          ACCESS:          0 HIT:          0 MISS:          0 MSHR_MERGE:          0
cpu2->cpu2_L1I PREFETCH     ACCESS:   41043213 HIT:   41043212 MISS:          1 MSHR_MERGE:          0
cpu2->cpu2_L1I WRITE        ACCESS:          0 HIT:          0 MISS:          0 MSHR_MERGE:          0
cpu2->cpu2_L1I TRANSLATION  ACCESS:          0 HIT:          0 MISS:          0 MSHR_MERGE:          0
cpu2->cpu2_L1I PREFETCH REQUESTED:   41056794 ISSUED:   41043215 USEFUL:          0 USELESS:          0
cpu2->cpu2_L1I AVERAGE MISS LATENCY: - cycles
cpu2->cpu2_L1D TOTAL        ACCESS:   37763613 HIT:          0 MISS:   37763613 MSHR_MERGE:   13471575
cpu2->cpu2_L1D LOAD         ACCESS:   31222726 HIT:          0 MISS:   31222726 MSHR_MERGE:    9563153
cpu2->cpu2_L1D RFO          ACCESS:          0 HIT:          0 MISS:          0 MSHR_MERGE:          0
cpu2->cpu2_L1D PREFETCH     ACCESS:          0 HIT:          0 MISS:          0 MSHR_MERGE:          0
cpu2->cpu2_L1D WRITE        ACCESS:    6400205 HIT:          0 MISS:    6400205 MSHR_MERGE:    3908422
cpu2->cpu2_L1D TRANSLATION  ACCESS:     140682 HIT:          0 MISS:     140682 MSHR_MERGE:          0
cpu2->cpu2_L1D PREFETCH REQUESTED:          0 ISSUED:          0 USEFUL:          0 USELESS:          0
cpu2->cpu2_L1D AVERAGE MISS LATENCY: 19.41 cycles
cpu2->cpu2_ITLB TOTAL        ACCESS:   53818369 HIT:   53818369 MISS:          0 MSHR_MERGE:          0
cpu2->cpu2_ITLB LOAD         ACCESS:   53818369 HIT:   53818369 MISS:          0 MSHR_MERGE:          0
cpu2->cpu2_ITLB RFO          ACCESS:          0 HIT:          0 MISS:          0 MSHR_MERGE:          0
cpu2->cpu2_ITLB PREFETCH     ACCESS:          0 HIT:          0 MISS:          0 MSHR_MERGE:          0
cpu2->cpu2_ITLB WRITE        ACCESS:          0 HIT:          0 MISS:          0 MSHR_MERGE:          0
cpu2->cpu2_ITLB TRANSLATION  ACCESS:          0 HIT:          0 MISS:          0 MSHR_MERGE:          0
cpu2->cpu2_ITLB PREFETCH REQUESTED:          0 ISSUED:          0 USEFUL:          0 USELESS:          0
cpu2->cpu2_ITLB AVERAGE MISS LATENCY: - cycles
cpu2->cpu2_DTLB TOTAL        ACCESS:   37620453 HIT:   37149976 MISS:     470477 MSHR_MERGE:     397319
cpu2->cpu2_DTLB LOAD         ACCESS:   37620453 HIT:   37149976 MISS:     470477 MSHR_MERGE:     397319
cpu2->cpu2_DTLB RFO          ACCESS:          0 HIT:          0 MISS:          0 MSHR_MERGE:          0
cpu2->cpu2_DTLB PREFETCH     ACCESS:          0 HIT:          0 MISS:          0 MSHR_MERGE:          0
cpu2->cpu2_DTLB WRITE        ACCESS:          0 HIT:          0 MISS:          0 MSHR_MERGE:          0
cpu2->cpu2_DTLB TRANSLATION  ACCESS:          0 HIT:          0 MISS:          0 MSHR_MERGE:          0
cpu2->cpu2_DTLB PREFETCH REQUESTED:          0 ISSUED:          0 USEFUL:          0 USELESS:          0
cpu2->cpu2_DTLB AVERAGE MISS LATENCY: 182.9 cycles
cpu1->cpu1_STLB TOTAL        ACCESS:      73180 HIT:       2817 MISS:      70363 MSHR_MERGE:          0
cpu1->cpu1_STLB LOAD         ACCESS:      73180 HIT:       2817 MISS:      70363 MSHR_MERGE:          0
cpu1->cpu1_STLB RFO          ACCESS:          0 HIT:          0 MISS:          0 MSHR_MERGE:          0
cpu1->cpu1_STLB PREFETCH     ACCESS:          0 HIT:          0 MISS:          0 MSHR_MERGE:          0
cpu1->cpu1_STLB WRITE        ACCESS:          0 HIT:          0 MISS:          0 MSHR_MERGE:          0
cpu1->cpu1_STLB TRANSLATION  ACCESS:          0 HIT:          0 MISS:          0 MSHR_MERGE:          0
cpu1->cpu1_STLB PREFETCH REQUESTED:          0 ISSUED:          0 USEFUL:          0 USELESS:          0
cpu1->cpu1_STLB AVERAGE MISS LATENCY: 183.7 cycles
cpu1->cpu1_L2C TOTAL        ACCESS:   24296602 HIT:          0 MISS:   24296602 MSHR_MERGE:          0
cpu1->cpu1_L2C LOAD         ACCESS:   21663717 HIT:          0 MISS:   21663717 MSHR_MERGE:          0
cpu1->cpu1_L2C RFO          ACCESS:    2492158 HIT:          0 MISS:    2492158 MSHR_MERGE:          0
cpu1->cpu1_L2C PREFETCH     ACCESS:          1 HIT:          0 MISS:          1 MSHR_MERGE:          0
cpu1->cpu1_L2C WRITE        ACCESS:          0 HIT:          0 MISS:          0 MSHR_MERGE:          0
cpu1->cpu1_L2C TRANSLATION  ACCESS:     140726 HIT:          0 MISS:     140726 MSHR_MERGE:          0
cpu1->cpu1_L2C PREFETCH REQUESTED:          0 ISSUED:          0 USEFUL:          0 USELESS:          0
cpu1->cpu1_L2C AVERAGE MISS LATENCY: 16.41 cycles
cpu1->cpu1_L1I TOTAL        ACCESS:   82119976 HIT:   82119975 MISS:          1 MSHR_MERGE:          0
cpu1->cpu1_L1I LOAD         ACCESS:   41066996 HIT:   41066996 MISS:          0 MSHR_MERGE:          0
cpu1->cpu1_L1I RFO          ACCESS:          0 HIT:          0 MISS:          0 MSHR_MERGE:          0
cpu1->cpu1_L1I PREFETCH     ACCESS:   41052980 HIT:   41052979 MISS:          1 MSHR_MERGE:          0
cpu1->cpu1_L1I WRITE        ACCESS:          0 HIT:          0 MISS:          0 MSHR_MERGE:          0
cpu1->cpu1_L1I TRANSLATION  ACCESS:          0 HIT:          0 MISS:          0 MSHR_MERGE:          0
cpu1->cpu1_L1I PREFETCH REQUESTED:   41066996 ISSUED:   41052980 USEFUL:          0 USELESS:          0
cpu1->cpu1_L1I AVERAGE MISS LATENCY: - cycles
cpu1->cpu1_L1D TOTAL        ACCESS:   37774385 HIT:          0 MISS:   37774385 MSHR_MERGE:   13477785
cpu1->cpu1_L1D LOAD         ACCESS:   31231436 HIT:          0 MISS:   31231436 MSHR_MERGE:    9567720
cpu1->cpu1_L1D RFO          ACCESS:          0 HIT:          0 MISS:          0 MSHR_MERGE:          0
cpu1->cpu1_L1D PREFETCH     ACCESS:          0 HIT:          0 MISS:          0 MSHR_MERGE:          0
cpu1->cpu1_L1D WRITE        ACCESS:    6402223 HIT:          0 MISS:    6402223 MSHR_MERGE:    3910065
cpu1->cpu1_L1D TRANSLATION  ACCESS:     140726 HIT:          0 MISS:     140726 MSHR_MERGE:          0
cpu1->cpu1_L1D PREFETCH REQUESTED:          0 ISSUED:          0 USEFUL:          0 USELESS:          0
cpu1->cpu1_L1D AVERAGE MISS LATENCY: 19.41 cycles
cpu1->cpu1_ITLB TOTAL        ACCESS:   53834913 HIT:   53834913 MISS:          0 MSHR_MERGE:          0
cpu1->cpu1_ITLB LOAD         ACCESS:   53834913 HIT:   53834913 MISS:          0 MSHR_MERGE:          0
cpu1->cpu1_ITLB RFO          ACCESS:          0 HIT:          0 MISS:          0 MSHR_MERGE:          0
cpu1->cpu1_ITLB PREFETCH     ACCESS:          0 HIT:          0 MISS:          0 MSHR_MERGE:          0
cpu1->cpu1_ITLB WRITE        ACCESS:          0 HIT:          0 MISS:          0 MSHR_MERGE:          0
cpu1->cpu1_ITLB TRANSLATION  ACCESS:          0 HIT:          0 MISS:          0 MSHR_MERGE:          0
cpu1->cpu1_ITLB PREFETCH REQUESTED:          0 ISSUED:          0 USEFUL:          0 USELESS:          0
cpu1->cpu1_ITLB AVERAGE MISS LATENCY: - cycles
cpu1->cpu1_DTLB TOTAL        ACCESS:   37631041 HIT:   37160173 MISS:     470868 MSHR_MERGE:     397688
cpu1->cpu1_DTLB LOAD         ACCESS:   37631041 HIT:   37160173 MISS:     470868 MSHR_MERGE:     397688
cpu1->cpu1_DTLB RFO          ACCESS:          0 HIT:          0 MISS:          0 MSHR_MERGE:          0
cpu1->cpu1_DTLB PREFETCH     ACCESS:          0 HIT:          0 MISS:          0 MSHR_MERGE:          0
cpu1->cpu1_DTLB WRITE        ACCESS:          0 HIT:          0 MISS:          0 MSHR_MERGE:          0
cpu1->cpu1_DTLB TRANSLATION  ACCESS:          0 HIT:          0 MISS:          0 MSHR_MERGE:          0
cpu1->cpu1_DTLB PREFETCH REQUESTED:          0 ISSUED:          0 USEFUL:          0 USELESS:          0
cpu1->cpu1_DTLB AVERAGE MISS LATENCY: 182.5 cycles
cpu15->cpu15_STLB TOTAL        ACCESS:      73155 HIT:       2816 MISS:      70339 MSHR_MERGE:          0
cpu15->cpu15_STLB LOAD         ACCESS:      73155 HIT:       2816 MISS:      70339 MSHR_MERGE:          0
cpu15->cpu15_STLB RFO          ACCESS:          0 HIT:          0 MISS:          0 MSHR_MERGE:          0
cpu15->cpu15_STLB PREFETCH     ACCESS:          0 HIT:          0 MISS:          0 MSHR_MERGE:          0
cpu15->cpu15_STLB WRITE        ACCESS:          0 HIT:          0 MISS:          0 MSHR_MERGE:          0
cpu15->cpu15_STLB TRANSLATION  ACCESS:          0 HIT:          0 MISS:          0 MSHR_MERGE:          0
cpu15->cpu15_STLB PREFETCH REQUESTED:          0 ISSUED:          0 USEFUL:          0 USELESS:          0
cpu15->cpu15_STLB AVERAGE MISS LATENCY: 182.8 cycles
cpu15->cpu15_L2C TOTAL        ACCESS:   24297102 HIT:          0 MISS:   24297102 MSHR_MERGE:          0
cpu15->cpu15_L2C LOAD         ACCESS:   21663195 HIT:          0 MISS:   21663195 MSHR_MERGE:          0
cpu15->cpu15_L2C RFO          ACCESS:    2493228 HIT:          0 MISS:    2493228 MSHR_MERGE:          0
cpu15->cpu15_L2C PREFETCH     ACCESS:          1 HIT:          0 MISS:          1 MSHR_MERGE:          0
cpu15->cpu15_L2C WRITE        ACCESS:          0 HIT:          0 MISS:          0 MSHR_MERGE:          0
cpu15->cpu15_L2C TRANSLATION  ACCESS:     140678 HIT:          0 MISS:     140678 MSHR_MERGE:          0
cpu15->cpu15_L2C PREFETCH REQUESTED:          0 ISSUED:          0 USEFUL:          0 USELESS:          0
cpu15->cpu15_L2C AVERAGE MISS LATENCY: 16.41 cycles
cpu15->cpu15_L1I TOTAL        ACCESS:   82168806 HIT:   82168805 MISS:          1 MSHR_MERGE:          0
cpu15->cpu15_L1I LOAD         ACCESS:   41091620 HIT:   41091620 MISS:          0 MSHR_MERGE:          0
cpu15->cpu15_L1I RFO          ACCESS:          0 HIT:          0 MISS:          0 MSHR_MERGE:          0
cpu15->cpu15_L1I PREFETCH     ACCESS:   41077186 HIT:   41077185 MISS:          1 MSHR_MERGE:          0
cpu15->cpu15_L1I WRITE        ACCESS:          0 HIT:          0 MISS:          0 MSHR_MERGE:          0
cpu15->cpu15_L1I TRANSLATION  ACCESS:          0 HIT:          0 MISS:          0 MSHR_MERGE:          0
cpu15->cpu15_L1I PREFETCH REQUESTED:   41091620 ISSUED:   41077186 USEFUL:          0 USELESS:          0
cpu15->cpu15_L1I AVERAGE MISS LATENCY: - cycles
cpu15->cpu15_L1D TOTAL        ACCESS:   37721705 HIT:          0 MISS:   37721705 MSHR_MERGE:   13424604
cpu15->cpu15_L1D LOAD         ACCESS:   31180976 HIT:          0 MISS:   31180976 MSHR_MERGE:    9517781
cpu15->cpu15_L1D RFO          ACCESS:          0 HIT:          0 MISS:          0 MSHR_MERGE:          0
cpu15->cpu15_L1D PREFETCH     ACCESS:          0 HIT:          0 MISS:          0 MSHR_MERGE:          0
cpu15->cpu15_L1D WRITE        ACCESS:    6400051 HIT:          0 MISS:    6400051 MSHR_MERGE:    3906823
cpu15->cpu15_L1D TRANSLATION  ACCESS:     140678 HIT:          0 MISS:     140678 MSHR_MERGE:          0
cpu15->cpu15_L1D PREFETCH REQUESTED:          0 ISSUED:          0 USEFUL:          0 USELESS:          0
cpu15->cpu15_L1D AVERAGE MISS LATENCY: 19.41 cycles
cpu15->cpu15_ITLB TOTAL        ACCESS:   53947037 HIT:   53947037 MISS:          0 MSHR_MERGE:          0
cpu15->cpu15_ITLB LOAD         ACCESS:   53947037 HIT:   53947037 MISS:          0 MSHR_MERGE:          0
cpu15->cpu15_ITLB RFO          ACCESS:          0 HIT:          0 MISS:          0 MSHR_MERGE:          0
cpu15->cpu15_ITLB PREFETCH     ACCESS:          0 HIT:          0 MISS:          0 MSHR_MERGE:          0
cpu15->cpu15_ITLB WRITE        ACCESS:          0 HIT:          0 MISS:          0 MSHR_MERGE:          0
cpu15->cpu15_ITLB TRANSLATION  ACCESS:          0 HIT:          0 MISS:          0 MSHR_MERGE:          0
cpu15->cpu15_ITLB PREFETCH REQUESTED:          0 ISSUED:          0 USEFUL:          0 USELESS:          0
cpu15->cpu15_ITLB AVERAGE MISS LATENCY: - cycles
cpu15->cpu15_DTLB TOTAL        ACCESS:   37578637 HIT:   37107533 MISS:     471104 MSHR_MERGE:     397949
cpu15->cpu15_DTLB LOAD         ACCESS:   37578637 HIT:   37107533 MISS:     471104 MSHR_MERGE:     397949
cpu15->cpu15_DTLB RFO          ACCESS:          0 HIT:          0 MISS:          0 MSHR_MERGE:          0
cpu15->cpu15_DTLB PREFETCH     ACCESS:          0 HIT:          0 MISS:          0 MSHR_MERGE:          0
cpu15->cpu15_DTLB WRITE        ACCESS:          0 HIT:          0 MISS:          0 MSHR_MERGE:          0
cpu15->cpu15_DTLB TRANSLATION  ACCESS:          0 HIT:          0 MISS:          0 MSHR_MERGE:          0
cpu15->cpu15_DTLB PREFETCH REQUESTED:          0 ISSUED:          0 USEFUL:          0 USELESS:          0
cpu15->cpu15_DTLB AVERAGE MISS LATENCY: 181.7 cycles
cpu14->cpu14_STLB TOTAL        ACCESS:      73103 HIT:       2815 MISS:      70288 MSHR_MERGE:          0
cpu14->cpu14_STLB LOAD         ACCESS:      73103 HIT:       2815 MISS:      70288 MSHR_MERGE:          0
cpu14->cpu14_STLB RFO          ACCESS:          0 HIT:          0 MISS:          0 MSHR_MERGE:          0
cpu14->cpu14_STLB PREFETCH     ACCESS:          0 HIT:          0 MISS:          0 MSHR_MERGE:          0
cpu14->cpu14_STLB WRITE        ACCESS:          0 HIT:          0 MISS:          0 MSHR_MERGE:          0
cpu14->cpu14_STLB TRANSLATION  ACCESS:          0 HIT:          0 MISS:          0 MSHR_MERGE:          0
cpu14->cpu14_STLB PREFETCH REQUESTED:          0 ISSUED:          0 USEFUL:          0 USELESS:          0
cpu14->cpu14_STLB AVERAGE MISS LATENCY: 184 cycles
cpu14->cpu14_L2C TOTAL        ACCESS:   24280048 HIT:          0 MISS:   24280048 MSHR_MERGE:          0
cpu14->cpu14_L2C LOAD         ACCESS:   21647963 HIT:          0 MISS:   21647963 MSHR_MERGE:          0
cpu14->cpu14_L2C RFO          ACCESS:    2491507 HIT:          0 MISS:    2491507 MSHR_MERGE:          0
cpu14->cpu14_L2C PREFETCH     ACCESS:          2 HIT:          0 MISS:          2 MSHR_MERGE:          0
cpu14->cpu14_L2C WRITE        ACCESS:          0 HIT:          0 MISS:          0 MSHR_MERGE:          0
cpu14->cpu14_L2C TRANSLATION  ACCESS:     140576 HIT:          0 MISS:     140576 MSHR_MERGE:          0
cpu14->cpu14_L2C PREFETCH REQUESTED:          0 ISSUED:          0 USEFUL:          0 USELESS:          0
cpu14->cpu14_L2C AVERAGE MISS LATENCY: 16.41 cycles
cpu14->cpu14_L1I TOTAL        ACCESS:   82112127 HIT:   82112125 MISS:          2 MSHR_MERGE:          0
cpu14->cpu14_L1I LOAD         ACCESS:   41063054 HIT:   41063054 MISS:          0 MSHR_MERGE:          0
cpu14->cpu14_L1I RFO          ACCESS:          0 HIT:          0 MISS:          0 MSHR_MERGE:          0
cpu14->cpu14_L1I PREFETCH     ACCESS:   41049073 HIT:   41049071 MISS:          2 MSHR_MERGE:          0
cpu14->cpu14_L1I WRITE        ACCESS:          0 HIT:          0 MISS:          0 MSHR_MERGE:          0
cpu14->cpu14_L1I TRANSLATION  ACCESS:          0 HIT:          0 MISS:          0 MSHR_MERGE:          0
cpu14->cpu14_L1I PREFETCH REQUESTED:   41063054 ISSUED:   41049074 USEFUL:          0 USELESS:          0
cpu14->cpu14_L1I AVERAGE MISS LATENCY: - cycles
cpu14->cpu14_L1D TOTAL        ACCESS:   37694370 HIT:          0 MISS:   37694370 MSHR_MERGE:   13414324
cpu14->cpu14_L1D LOAD         ACCESS:   31158342 HIT:          0 MISS:   31158342 MSHR_MERGE:    9510379
cpu14->cpu14_L1D RFO          ACCESS:          0 HIT:          0 MISS:          0 MSHR_MERGE:          0
cpu14->cpu14_L1D PREFETCH     ACCESS:          0 HIT:          0 MISS:          0 MSHR_MERGE:          0
cpu14->cpu14_L1D WRITE        ACCESS:    6395452 HIT:          0 MISS:    6395452 MSHR_MERGE:    3903945
cpu14->cpu14_L1D TRANSLATION  ACCESS:     140576 HIT:          0 MISS:     140576 MSHR_MERGE:          0
cpu14->cpu14_L1D PREFETCH REQUESTED:          0 ISSUED:          0 USEFUL:          0 USELESS:          0
cpu14->cpu14_L1D AVERAGE MISS LATENCY: 19.41 cycles
cpu14->cpu14_ITLB TOTAL        ACCESS:   53914025 HIT:   53914025 MISS:          0 MSHR_MERGE:          0
cpu14->cpu14_ITLB LOAD         ACCESS:   53914025 HIT:   53914025 MISS:          0 MSHR_MERGE:          0
cpu14->cpu14_ITLB RFO          ACCESS:          0 HIT:          0 MISS:          0 MSHR_MERGE:          0
cpu14->cpu14_ITLB PREFETCH     ACCESS:          0 HIT:          0 MISS:          0 MSHR_MERGE:          0
cpu14->cpu14_ITLB WRITE        ACCESS:          0 HIT:          0 MISS:          0 MSHR_MERGE:          0
cpu14->cpu14_ITLB TRANSLATION  ACCESS:          0 HIT:          0 MISS:          0 MSHR_MERGE:          0
cpu14->cpu14_ITLB PREFETCH REQUESTED:          0 ISSUED:          0 USEFUL:          0 USELESS:          0
cpu14->cpu14_ITLB AVERAGE MISS LATENCY: - cycles
cpu14->cpu14_DTLB TOTAL        ACCESS:   37551461 HIT:   37081023 MISS:     470438 MSHR_MERGE:     397335
cpu14->cpu14_DTLB LOAD         ACCESS:   37551461 HIT:   37081023 MISS:     470438 MSHR_MERGE:     397335
cpu14->cpu14_DTLB RFO          ACCESS:          0 HIT:          0 MISS:          0 MSHR_MERGE:          0
cpu14->cpu14_DTLB PREFETCH     ACCESS:          0 HIT:          0 MISS:          0 MSHR_MERGE:          0
cpu14->cpu14_DTLB WRITE        ACCESS:          0 HIT:          0 MISS:          0 MSHR_MERGE:          0
cpu14->cpu14_DTLB TRANSLATION  ACCESS:          0 HIT:          0 MISS:          0 MSHR_MERGE:          0
cpu14->cpu14_DTLB PREFETCH REQUESTED:          0 ISSUED:          0 USEFUL:          0 USELESS:          0
cpu14->cpu14_DTLB AVERAGE MISS LATENCY: 182.9 cycles
cpu13->cpu13_STLB TOTAL        ACCESS:      73162 HIT:       2817 MISS:      70345 MSHR_MERGE:          0
cpu13->cpu13_STLB LOAD         ACCESS:      73162 HIT:       2817 MISS:      70345 MSHR_MERGE:          0
cpu13->cpu13_STLB RFO          ACCESS:          0 HIT:          0 MISS:          0 MSHR_MERGE:          0
cpu13->cpu13_STLB PREFETCH     ACCESS:          0 HIT:          0 MISS:          0 MSHR_MERGE:          0
cpu13->cpu13_STLB WRITE        ACCESS:          0 HIT:          0 MISS:          0 MSHR_MERGE:          0
cpu13->cpu13_STLB TRANSLATION  ACCESS:          0 HIT:          0 MISS:          0 MSHR_MERGE:          0
cpu13->cpu13_STLB PREFETCH REQUESTED:          0 ISSUED:          0 USEFUL:          0 USELESS:          0
cpu13->cpu13_STLB AVERAGE MISS LATENCY: 183 cycles
cpu13->cpu13_L2C TOTAL        ACCESS:   24297605 HIT:          0 MISS:   24297605 MSHR_MERGE:          0
cpu13->cpu13_L2C LOAD         ACCESS:   21663793 HIT:          0 MISS:   21663793 MSHR_MERGE:          0
cpu13->cpu13_L2C RFO          ACCESS:    2493121 HIT:          0 MISS:    2493121 MSHR_MERGE:          0
cpu13->cpu13_L2C PREFETCH     ACCESS:          1 HIT:          0 MISS:          1 MSHR_MERGE:          0
cpu13->cpu13_L2C WRITE        ACCESS:          0 HIT:          0 MISS:          0 MSHR_MERGE:          0
cpu13->cpu13_L2C TRANSLATION  ACCESS:     140690 HIT:          0 MISS:     140690 MSHR_MERGE:          0
cpu13->cpu13_L2C PREFETCH REQUESTED:          0 ISSUED:          0 USEFUL:          0 USELESS:          0
cpu13->cpu13_L2C AVERAGE MISS LATENCY: 16.41 cycles
cpu13->cpu13_L1I TOTAL        ACCESS:   82184125 HIT:   82184124 MISS:          1 MSHR_MERGE:          0
cpu13->cpu13_L1I LOAD         ACCESS:   41099020 HIT:   41099020 MISS:          0 MSHR_MERGE:          0
cpu13->cpu13_L1I RFO          ACCESS:          0 HIT:          0 MISS:          0 MSHR_MERGE:          0
cpu13->cpu13_L1I PREFETCH     ACCESS:   41085105 HIT:   41085104 MISS:          1 MSHR_MERGE:          0
cpu13->cpu13_L1I WRITE        ACCESS:          0 HIT:          0 MISS:          0 MSHR_MERGE:          0
cpu13->cpu13_L1I TRANSLATION  ACCESS:          0 HIT:          0 MISS:          0 MSHR_MERGE:          0
cpu13->cpu13_L1I PREFETCH REQUESTED:   41099020 ISSUED:   41085107 USEFUL:          0 USELESS:          0
cpu13->cpu13_L1I AVERAGE MISS LATENCY: - cycles
cpu13->cpu13_L1D TOTAL        ACCESS:   37724207 HIT:          0 MISS:   37724207 MSHR_MERGE:   13426603
cpu13->cpu13_L1D LOAD         ACCESS:   31182948 HIT:          0 MISS:   31182948 MSHR_MERGE:    9519155
cpu13->cpu13_L1D RFO          ACCESS:          0 HIT:          0 MISS:          0 MSHR_MERGE:          0
cpu13->cpu13_L1D PREFETCH     ACCESS:          0 HIT:          0 MISS:          0 MSHR_MERGE:          0
cpu13->cpu13_L1D WRITE        ACCESS:    6400569 HIT:          0 MISS:    6400569 MSHR_MERGE:    3907448
cpu13->cpu13_L1D TRANSLATION  ACCESS:     140690 HIT:          0 MISS:     140690 MSHR_MERGE:          0
cpu13->cpu13_L1D PREFETCH REQUESTED:          0 ISSUED:          0 USEFUL:          0 USELESS:          0
cpu13->cpu13_L1D AVERAGE MISS LATENCY: 19.41 cycles
cpu13->cpu13_ITLB TOTAL        ACCESS:   53964038 HIT:   53964038 MISS:          0 MSHR_MERGE:          0
cpu13->cpu13_ITLB LOAD         ACCESS:   53964038 HIT:   53964038 MISS:          0 MSHR_MERGE:          0
cpu13->cpu13_ITLB RFO          ACCESS:          0 HIT:          0 MISS:          0 MSHR_MERGE:          0
cpu13->cpu13_ITLB PREFETCH     ACCESS:          0 HIT:          0 MISS:          0 MSHR_MERGE:          0
cpu13->cpu13_ITLB WRITE        ACCESS:          0 HIT:          0 MISS:          0 MSHR_MERGE:          0
cpu13->cpu13_ITLB TRANSLATION  ACCESS:          0 HIT:          0 MISS:          0 MSHR_MERGE:          0
cpu13->cpu13_ITLB PREFETCH REQUESTED:          0 ISSUED:          0 USEFUL:          0 USELESS:          0
cpu13->cpu13_ITLB AVERAGE MISS LATENCY: - cycles
cpu13->cpu13_DTLB TOTAL        ACCESS:   37581140 HIT:   37110039 MISS:     471101 MSHR_MERGE:     397939
cpu13->cpu13_DTLB LOAD         ACCESS:   37581140 HIT:   37110039 MISS:     471101 MSHR_MERGE:     397939
cpu13->cpu13_DTLB RFO          ACCESS:          0 HIT:          0 MISS:          0 MSHR_MERGE:          0
cpu13->cpu13_DTLB PREFETCH     ACCESS:          0 HIT:          0 MISS:          0 MSHR_MERGE:          0
cpu13->cpu13_DTLB WRITE        ACCESS:          0 HIT:          0 MISS:          0 MSHR_MERGE:          0
cpu13->cpu13_DTLB TRANSLATION  ACCESS:          0 HIT:          0 MISS:          0 MSHR_MERGE:          0
cpu13->cpu13_DTLB PREFETCH REQUESTED:          0 ISSUED:          0 USEFUL:          0 USELESS:          0
cpu13->cpu13_DTLB AVERAGE MISS LATENCY: 181.9 cycles
cpu12->cpu12_STLB TOTAL        ACCESS:      73151 HIT:       2816 MISS:      70335 MSHR_MERGE:          0
cpu12->cpu12_STLB LOAD         ACCESS:      73151 HIT:       2816 MISS:      70335 MSHR_MERGE:          0
cpu12->cpu12_STLB RFO          ACCESS:          0 HIT:          0 MISS:          0 MSHR_MERGE:          0
cpu12->cpu12_STLB PREFETCH     ACCESS:          0 HIT:          0 MISS:          0 MSHR_MERGE:          0
cpu12->cpu12_STLB WRITE        ACCESS:          0 HIT:          0 MISS:          0 MSHR_MERGE:          0
cpu12->cpu12_STLB TRANSLATION  ACCESS:          0 HIT:          0 MISS:          0 MSHR_MERGE:          0
cpu12->cpu12_STLB PREFETCH REQUESTED:          0 ISSUED:          0 USEFUL:          0 USELESS:          0
cpu12->cpu12_STLB AVERAGE MISS LATENCY: 184.2 cycles
cpu12->cpu12_L2C TOTAL        ACCESS:   24289016 HIT:          0 MISS:   24289016 MSHR_MERGE:          0
cpu12->cpu12_L2C LOAD         ACCESS:   21656961 HIT:          0 MISS:   21656961 MSHR_MERGE:          0
cpu12->cpu12_L2C RFO          ACCESS:    2491384 HIT:          0 MISS:    2491384 MSHR_MERGE:          0
cpu12->cpu12_L2C PREFETCH     ACCESS:          1 HIT:          0 MISS:          1 MSHR_MERGE:          0
cpu12->cpu12_L2C WRITE        ACCESS:          0 HIT:          0 MISS:          0 MSHR_MERGE:          0
cpu12->cpu12_L2C TRANSLATION  ACCESS:     140670 HIT:          0 MISS:     140670 MSHR_MERGE:          0
cpu12->cpu12_L2C PREFETCH REQUESTED:          0 ISSUED:          0 USEFUL:          0 USELESS:          0
cpu12->cpu12_L2C AVERAGE MISS LATENCY: 16.41 cycles
cpu12->cpu12_L1I TOTAL        ACCESS:   82083385 HIT:   82083384 MISS:          1 MSHR_MERGE:          0
cpu12->cpu12_L1I LOAD         ACCESS:   41048498 HIT:   41048498 MISS:          0 MSHR_MERGE:          0
cpu12->cpu12_L1I RFO          ACCESS:          0 HIT:          0 MISS:          0 MSHR_MERGE:          0
cpu12->cpu12_L1I PREFETCH     ACCESS:   41034887 HIT:   41034886 MISS:          1 MSHR_MERGE:          0
cpu12->cpu12_L1I WRITE        ACCESS:          0 HIT:          0 MISS:          0 MSHR_MERGE:          0
cpu12->cpu12_L1I TRANSLATION  ACCESS:          0 HIT:          0 MISS:          0 MSHR_MERGE:          0
cpu12->cpu12_L1I PREFETCH REQUESTED:   41048498 ISSUED:   41034888 USEFUL:          0 USELESS:          0
cpu12->cpu12_L1I AVERAGE MISS LATENCY: - cycles
cpu12->cpu12_L1D TOTAL        ACCESS:   37759813 HIT:          0 MISS:   37759813 MSHR_MERGE:   13470798
cpu12->cpu12_L1D LOAD         ACCESS:   31219481 HIT:          0 MISS:   31219481 MSHR_MERGE:    9562520
cpu12->cpu12_L1D RFO          ACCESS:          0 HIT:          0 MISS:          0 MSHR_MERGE:          0
cpu12->cpu12_L1D PREFETCH     ACCESS:          0 HIT:          0 MISS:          0 MSHR_MERGE:          0
cpu12->cpu12_L1D WRITE        ACCESS:    6399662 HIT:          0 MISS:    6399662 MSHR_MERGE:    3908278
cpu12->cpu12_L1D TRANSLATION  ACCESS:     140670 HIT:          0 MISS:     140670 MSHR_MERGE:          0
cpu12->cpu12_L1D PREFETCH REQUESTED:          0 ISSUED:          0 USEFUL:          0 USELESS:          0
cpu12->cpu12_L1D AVERAGE MISS LATENCY: 19.41 cycles
cpu12->cpu12_ITLB TOTAL        ACCESS:   53810573 HIT:   53810573 MISS:          0 MSHR_MERGE:          0
cpu12->cpu12_ITLB LOAD         ACCESS:   53810573 HIT:   53810573 MISS:          0 MSHR_MERGE:          0
cpu12->cpu12_ITLB RFO          ACCESS:          0 HIT:          0 MISS:          0 MSHR_MERGE:          0
cpu12->cpu12_ITLB PREFETCH     ACCESS:          0 HIT:          0 MISS:          0 MSHR_MERGE:          0
cpu12->cpu12_ITLB WRITE        ACCESS:          0 HIT:          0 MISS:          0 MSHR_MERGE:          0
cpu12->cpu12_ITLB TRANSLATION  ACCESS:          0 HIT:          0 MISS:          0 MSHR_MERGE:          0
cpu12->cpu12_ITLB PREFETCH REQUESTED:          0 ISSUED:          0 USEFUL:          0 USELESS:          0
cpu12->cpu12_ITLB AVERAGE MISS LATENCY: - cycles
cpu12->cpu12_DTLB TOTAL        ACCESS:   37616590 HIT:   37145867 MISS:     470723 MSHR_MERGE:     397572
cpu12->cpu12_DTLB LOAD         ACCESS:   37616590 HIT:   37145867 MISS:     470723 MSHR_MERGE:     397572
cpu12->cpu12_DTLB RFO          ACCESS:          0 HIT:          0 MISS:          0 MSHR_MERGE:          0
cpu12->cpu12_DTLB PREFETCH     ACCESS:          0 HIT:          0 MISS:          0 MSHR_MERGE:          0
cpu12->cpu12_DTLB WRITE        ACCESS:          0 HIT:          0 MISS:          0 MSHR_MERGE:          0
cpu12->cpu12_DTLB TRANSLATION  ACCESS:          0 HIT:          0 MISS:          0 MSHR_MERGE:          0
cpu12->cpu12_DTLB PREFETCH REQUESTED:          0 ISSUED:          0 USEFUL:          0 USELESS:          0
cpu12->cpu12_DTLB AVERAGE MISS LATENCY: 183.1 cycles
cpu11->cpu11_STLB TOTAL        ACCESS:      73212 HIT:       2818 MISS:      70394 MSHR_MERGE:          0
cpu11->cpu11_STLB LOAD         ACCESS:      73212 HIT:       2818 MISS:      70394 MSHR_MERGE:          0
cpu11->cpu11_STLB RFO          ACCESS:          0 HIT:          0 MISS:          0 MSHR_MERGE:          0
cpu11->cpu11_STLB PREFETCH     ACCESS:          0 HIT:          0 MISS:          0 MSHR_MERGE:          0
cpu11->cpu11_STLB WRITE        ACCESS:          0 HIT:          0 MISS:          0 MSHR_MERGE:          0
cpu11->cpu11_STLB TRANSLATION  ACCESS:          0 HIT:          0 MISS:          0 MSHR_MERGE:          0
cpu11->cpu11_STLB PREFETCH REQUESTED:          0 ISSUED:          0 USEFUL:          0 USELESS:          0
cpu11->cpu11_STLB AVERAGE MISS LATENCY: 183 cycles
cpu11->cpu11_L2C TOTAL        ACCESS:   24310625 HIT:          0 MISS:   24310625 MSHR_MERGE:          0
cpu11->cpu11_L2C LOAD         ACCESS:   21675894 HIT:          0 MISS:   21675894 MSHR_MERGE:          0
cpu11->cpu11_L2C RFO          ACCESS:    2493942 HIT:          0 MISS:    2493942 MSHR_MERGE:          0
cpu11->cpu11_L2C PREFETCH     ACCESS:          1 HIT:          0 MISS:          1 MSHR_MERGE:          0
cpu11->cpu11_L2C WRITE        ACCESS:          0 HIT:          0 MISS:          0 MSHR_MERGE:          0
cpu11->cpu11_L2C TRANSLATION  ACCESS:     140788 HIT:          0 MISS:     140788 MSHR_MERGE:          0
cpu11->cpu11_L2C PREFETCH REQUESTED:          0 ISSUED:          0 USEFUL:          0 USELESS:          0
cpu11->cpu11_L2C AVERAGE MISS LATENCY: 16.41 cycles
cpu11->cpu11_L1I TOTAL        ACCESS:   82159577 HIT:   82159576 MISS:          1 MSHR_MERGE:          0
cpu11->cpu11_L1I LOAD         ACCESS:   41086852 HIT:   41086852 MISS:          0 MSHR_MERGE:          0
cpu11->cpu11_L1I RFO          ACCESS:          0 HIT:          0 MISS:          0 MSHR_MERGE:          0
cpu11->cpu11_L1I PREFETCH     ACCESS:   41072725 HIT:   41072724 MISS:          1 MSHR_MERGE:          0
cpu11->cpu11_L1I WRITE        ACCESS:          0 HIT:          0 MISS:          0 MSHR_MERGE:          0
cpu11->cpu11_L1I TRANSLATION  ACCESS:          0 HIT:          0 MISS:          0 MSHR_MERGE:          0
cpu11->cpu11_L1I PREFETCH REQUESTED:   41086852 ISSUED:   41072725 USEFUL:          0 USELESS:          0
cpu11->cpu11_L1I AVERAGE MISS LATENCY: - cycles
cpu11->cpu11_L1D TOTAL        ACCESS:   37789983 HIT:          0 MISS:   37789983 MSHR_MERGE:   13479360
cpu11->cpu11_L1D LOAD         ACCESS:   31244238 HIT:          0 MISS:   31244238 MSHR_MERGE:    9568345
cpu11->cpu11_L1D RFO          ACCESS:          0 HIT:          0 MISS:          0 MSHR_MERGE:          0
cpu11->cpu11_L1D PREFETCH     ACCESS:          0 HIT:          0 MISS:          0 MSHR_MERGE:          0
cpu11->cpu11_L1D WRITE        ACCESS:    6404957 HIT:          0 MISS:    6404957 MSHR_MERGE:    3911015
cpu11->cpu11_L1D TRANSLATION  ACCESS:     140788 HIT:          0 MISS:     140788 MSHR_MERGE:          0
cpu11->cpu11_L1D PREFETCH REQUESTED:          0 ISSUED:          0 USEFUL:          0 USELESS:          0
cpu11->cpu11_L1D AVERAGE MISS LATENCY: 19.41 cycles
cpu11->cpu11_ITLB TOTAL        ACCESS:   53856820 HIT:   53856820 MISS:          0 MSHR_MERGE:          0
cpu11->cpu11_ITLB LOAD         ACCESS:   53856820 HIT:   53856820 MISS:          0 MSHR_MERGE:          0
cpu11->cpu11_ITLB RFO          ACCESS:          0 HIT:          0 MISS:          0 MSHR_MERGE:          0
cpu11->cpu11_ITLB PREFETCH     ACCESS:          0 HIT:          0 MISS:          0 MSHR_MERGE:          0
cpu11->cpu11_ITLB WRITE        ACCESS:          0 HIT:          0 MISS:          0 MSHR_MERGE:          0
cpu11->cpu11_ITLB TRANSLATION  ACCESS:          0 HIT:          0 MISS:          0 MSHR_MERGE:          0
cpu11->cpu11_ITLB PREFETCH REQUESTED:          0 ISSUED:          0 USEFUL:          0 USELESS:          0
cpu11->cpu11_ITLB AVERAGE MISS LATENCY: - cycles
cpu11->cpu11_DTLB TOTAL        ACCESS:   37646660 HIT:   37175835 MISS:     470825 MSHR_MERGE:     397613
cpu11->cpu11_DTLB LOAD         ACCESS:   37646660 HIT:   37175835 MISS:     470825 MSHR_MERGE:     397613
cpu11->cpu11_DTLB RFO          ACCESS:          0 HIT:          0 MISS:          0 MSHR_MERGE:          0
cpu11->cpu11_DTLB PREFETCH     ACCESS:          0 HIT:          0 MISS:          0 MSHR_MERGE:          0
cpu11->cpu11_DTLB WRITE        ACCESS:          0 HIT:          0 MISS:          0 MSHR_MERGE:          0
cpu11->cpu11_DTLB TRANSLATION  ACCESS:          0 HIT:          0 MISS:          0 MSHR_MERGE:          0
cpu11->cpu11_DTLB PREFETCH REQUESTED:          0 ISSUED:          0 USEFUL:          0 USELESS:          0
cpu11->cpu11_DTLB AVERAGE MISS LATENCY: 181.9 cycles
cpu10->cpu10_STLB TOTAL        ACCESS:      73139 HIT:       2816 MISS:      70323 MSHR_MERGE:          0
cpu10->cpu10_STLB LOAD         ACCESS:      73139 HIT:       2816 MISS:      70323 MSHR_MERGE:          0
cpu10->cpu10_STLB RFO          ACCESS:          0 HIT:          0 MISS:          0 MSHR_MERGE:          0
cpu10->cpu10_STLB PREFETCH     ACCESS:          0 HIT:          0 MISS:          0 MSHR_MERGE:          0
cpu10->cpu10_STLB WRITE        ACCESS:          0 HIT:          0 MISS:          0 MSHR_MERGE:          0
cpu10->cpu10_STLB TRANSLATION  ACCESS:          0 HIT:          0 MISS:          0 MSHR_MERGE:          0
cpu10->cpu10_STLB PREFETCH REQUESTED:          0 ISSUED:          0 USEFUL:          0 USELESS:          0
cpu10->cpu10_STLB AVERAGE MISS LATENCY: 183.5 cycles
cpu10->cpu10_L2C TOTAL        ACCESS:   24292424 HIT:          0 MISS:   24292424 MSHR_MERGE:          0
cpu10->cpu10_L2C LOAD         ACCESS:   21658558 HIT:          0 MISS:   21658558 MSHR_MERGE:          0
cpu10->cpu10_L2C RFO          ACCESS:    2493219 HIT:          0 MISS:    2493219 MSHR_MERGE:          0
cpu10->cpu10_L2C PREFETCH     ACCESS:          1 HIT:          0 MISS:          1 MSHR_MERGE:          0
cpu10->cpu10_L2C WRITE        ACCESS:          0 HIT:          0 MISS:          0 MSHR_MERGE:          0
cpu10->cpu10_L2C TRANSLATION  ACCESS:     140646 HIT:          0 MISS:     140646 MSHR_MERGE:          0
cpu10->cpu10_L2C PREFETCH REQUESTED:          0 ISSUED:          0 USEFUL:          0 USELESS:          0
cpu10->cpu10_L2C AVERAGE MISS LATENCY: 16.41 cycles
cpu10->cpu10_L1I TOTAL        ACCESS:   82145678 HIT:   82145677 MISS:          1 MSHR_MERGE:          0
cpu10->cpu10_L1I LOAD         ACCESS:   41079947 HIT:   41079947 MISS:          0 MSHR_MERGE:          0
cpu10->cpu10_L1I RFO          ACCESS:          0 HIT:          0 MISS:          0 MSHR_MERGE:          0
cpu10->cpu10_L1I PREFETCH     ACCESS:   41065731 HIT:   41065730 MISS:          1 MSHR_MERGE:          0
cpu10->cpu10_L1I WRITE        ACCESS:          0 HIT:          0 MISS:          0 MSHR_MERGE:          0
cpu10->cpu10_L1I TRANSLATION  ACCESS:          0 HIT:          0 MISS:          0 MSHR_MERGE:          0
cpu10->cpu10_L1I PREFETCH REQUESTED:   41079947 ISSUED:   41065736 USEFUL:          0 USELESS:          0
cpu10->cpu10_L1I AVERAGE MISS LATENCY: - cycles
cpu10->cpu10_L1D TOTAL        ACCESS:   37713204 HIT:          0 MISS:   37713204 MSHR_MERGE:   13420781
cpu10->cpu10_L1D LOAD         ACCESS:   31173972 HIT:          0 MISS:   31173972 MSHR_MERGE:    9515414
cpu10->cpu10_L1D RFO          ACCESS:          0 HIT:          0 MISS:          0 MSHR_MERGE:          0
cpu10->cpu10_L1D PREFETCH     ACCESS:          0 HIT:          0 MISS:          0 MSHR_MERGE:          0
cpu10->cpu10_L1D WRITE        ACCESS:    6398586 HIT:          0 MISS:    6398586 MSHR_MERGE:    3905367
cpu10->cpu10_L1D TRANSLATION  ACCESS:     140646 HIT:          0 MISS:     140646 MSHR_MERGE:          0
cpu10->cpu10_L1D PREFETCH REQUESTED:          0 ISSUED:          0 USEFUL:          0 USELESS:          0
cpu10->cpu10_L1D AVERAGE MISS LATENCY: 19.41 cycles
cpu10->cpu10_ITLB TOTAL        ACCESS:   53928457 HIT:   53928457 MISS:          0 MSHR_MERGE:          0
cpu10->cpu10_ITLB LOAD         ACCESS:   53928457 HIT:   53928457 MISS:          0 MSHR_MERGE:          0
cpu10->cpu10_ITLB RFO          ACCESS:          0 HIT:          0 MISS:          0 MSHR_MERGE:          0
cpu10->cpu10_ITLB PREFETCH     ACCESS:          0 HIT:          0 MISS:          0 MSHR_MERGE:          0
cpu10->cpu10_ITLB WRITE        ACCESS:          0 HIT:          0 MISS:          0 MSHR_MERGE:          0
cpu10->cpu10_ITLB TRANSLATION  ACCESS:          0 HIT:          0 MISS:          0 MSHR_MERGE:          0
cpu10->cpu10_ITLB PREFETCH REQUESTED:          0 ISSUED:          0 USEFUL:          0 USELESS:          0
cpu10->cpu10_ITLB AVERAGE MISS LATENCY: - cycles
cpu10->cpu10_DTLB TOTAL        ACCESS:   37570165 HIT:   37099887 MISS:     470278 MSHR_MERGE:     397139
cpu10->cpu10_DTLB LOAD         ACCESS:   37570165 HIT:   37099887 MISS:     470278 MSHR_MERGE:     397139
cpu10->cpu10_DTLB RFO          ACCESS:          0 HIT:          0 MISS:          0 MSHR_MERGE:          0
cpu10->cpu10_DTLB PREFETCH     ACCESS:          0 HIT:          0 MISS:          0 MSHR_MERGE:          0
cpu10->cpu10_DTLB WRITE        ACCESS:          0 HIT:          0 MISS:          0 MSHR_MERGE:          0
cpu10->cpu10_DTLB TRANSLATION  ACCESS:          0 HIT:          0 MISS:          0 MSHR_MERGE:          0
cpu10->cpu10_DTLB PREFETCH REQUESTED:          0 ISSUED:          0 USEFUL:          0 USELESS:          0
cpu10->cpu10_DTLB AVERAGE MISS LATENCY: 182.4 cycles
cpu0->cpu0_STLB TOTAL        ACCESS:      73124 HIT:       2815 MISS:      70309 MSHR_MERGE:          0
cpu0->cpu0_STLB LOAD         ACCESS:      73124 HIT:       2815 MISS:      70309 MSHR_MERGE:          0
cpu0->cpu0_STLB RFO          ACCESS:          0 HIT:          0 MISS:          0 MSHR_MERGE:          0
cpu0->cpu0_STLB PREFETCH     ACCESS:          0 HIT:          0 MISS:          0 MSHR_MERGE:          0
cpu0->cpu0_STLB WRITE        ACCESS:          0 HIT:          0 MISS:          0 MSHR_MERGE:          0
cpu0->cpu0_STLB TRANSLATION  ACCESS:          0 HIT:          0 MISS:          0 MSHR_MERGE:          0
cpu0->cpu0_STLB PREFETCH REQUESTED:          0 ISSUED:          0 USEFUL:          0 USELESS:          0
cpu0->cpu0_STLB AVERAGE MISS LATENCY: 183.6 cycles
cpu0->cpu0_L2C TOTAL        ACCESS:   24286869 HIT:          0 MISS:   24286869 MSHR_MERGE:          0
cpu0->cpu0_L2C LOAD         ACCESS:   21653293 HIT:          0 MISS:   21653293 MSHR_MERGE:          0
cpu0->cpu0_L2C RFO          ACCESS:    2492957 HIT:          0 MISS:    2492957 MSHR_MERGE:          0
cpu0->cpu0_L2C PREFETCH     ACCESS:          1 HIT:          0 MISS:          1 MSHR_MERGE:          0
cpu0->cpu0_L2C WRITE        ACCESS:          0 HIT:          0 MISS:          0 MSHR_MERGE:          0
cpu0->cpu0_L2C TRANSLATION  ACCESS:     140618 HIT:          0 MISS:     140618 MSHR_MERGE:          0
cpu0->cpu0_L2C PREFETCH REQUESTED:          0 ISSUED:          0 USEFUL:          0 USELESS:          0
cpu0->cpu0_L2C AVERAGE MISS LATENCY: 16.41 cycles
cpu0->cpu0_L1I TOTAL        ACCESS:   82132009 HIT:   82132008 MISS:          1 MSHR_MERGE:          0
cpu0->cpu0_L1I LOAD         ACCESS:   41072880 HIT:   41072880 MISS:          0 MSHR_MERGE:          0
cpu0->cpu0_L1I RFO          ACCESS:          0 HIT:          0 MISS:          0 MSHR_MERGE:          0
cpu0->cpu0_L1I PREFETCH     ACCESS:   41059129 HIT:   41059128 MISS:          1 MSHR_MERGE:          0
cpu0->cpu0_L1I WRITE        ACCESS:          0 HIT:          0 MISS:          0 MSHR_MERGE:          0
cpu0->cpu0_L1I TRANSLATION  ACCESS:          0 HIT:          0 MISS:          0 MSHR_MERGE:          0
cpu0->cpu0_L1I PREFETCH REQUESTED:   41072880 ISSUED:   41059129 USEFUL:          0 USELESS:          0
cpu0->cpu0_L1I AVERAGE MISS LATENCY: - cycles
cpu0->cpu0_L1D TOTAL        ACCESS:   37708102 HIT:          0 MISS:   37708102 MSHR_MERGE:   13421234
cpu0->cpu0_L1D LOAD         ACCESS:   31170203 HIT:          0 MISS:   31170203 MSHR_MERGE:    9516910
cpu0->cpu0_L1D RFO          ACCESS:          0 HIT:          0 MISS:          0 MSHR_MERGE:          0
cpu0->cpu0_L1D PREFETCH     ACCESS:          0 HIT:          0 MISS:          0 MSHR_MERGE:          0
cpu0->cpu0_L1D WRITE        ACCESS:    6397281 HIT:          0 MISS:    6397281 MSHR_MERGE:    3904324
cpu0->cpu0_L1D TRANSLATION  ACCESS:     140618 HIT:          0 MISS:     140618 MSHR_MERGE:          0
cpu0->cpu0_L1D PREFETCH REQUESTED:          0 ISSUED:          0 USEFUL:          0 USELESS:          0
cpu0->cpu0_L1D AVERAGE MISS LATENCY: 19.41 cycles
cpu0->cpu0_ITLB TOTAL        ACCESS:   53920816 HIT:   53920816 MISS:          0 MSHR_MERGE:          0
cpu0->cpu0_ITLB LOAD         ACCESS:   53920816 HIT:   53920816 MISS:          0 MSHR_MERGE:          0
cpu0->cpu0_ITLB RFO          ACCESS:          0 HIT:          0 MISS:          0 MSHR_MERGE:          0
cpu0->cpu0_ITLB PREFETCH     ACCESS:          0 HIT:          0 MISS:          0 MSHR_MERGE:          0
cpu0->cpu0_ITLB WRITE        ACCESS:          0 HIT:          0 MISS:          0 MSHR_MERGE:          0
cpu0->cpu0_ITLB TRANSLATION  ACCESS:          0 HIT:          0 MISS:          0 MSHR_MERGE:          0
cpu0->cpu0_ITLB PREFETCH REQUESTED:          0 ISSUED:          0 USEFUL:          0 USELESS:          0
cpu0->cpu0_ITLB AVERAGE MISS LATENCY: - cycles
cpu0->cpu0_DTLB TOTAL        ACCESS:   37565090 HIT:   37094812 MISS:     470278 MSHR_MERGE:     397154
cpu0->cpu0_DTLB LOAD         ACCESS:   37565090 HIT:   37094812 MISS:     470278 MSHR_MERGE:     397154
cpu0->cpu0_DTLB RFO          ACCESS:          0 HIT:          0 MISS:          0 MSHR_MERGE:          0
cpu0->cpu0_DTLB PREFETCH     ACCESS:          0 HIT:          0 MISS:          0 MSHR_MERGE:          0
cpu0->cpu0_DTLB WRITE        ACCESS:          0 HIT:          0 MISS:          0 MSHR_MERGE:          0
cpu0->cpu0_DTLB TRANSLATION  ACCESS:          0 HIT:          0 MISS:          0 MSHR_MERGE:          0
cpu0->cpu0_DTLB PREFETCH REQUESTED:          0 ISSUED:          0 USEFUL:          0 USELESS:          0
cpu0->cpu0_DTLB AVERAGE MISS LATENCY: 182.5 cycles
cpu0->LLC TOTAL        ACCESS:   24286866 HIT:   24222852 MISS:      64014 MSHR_MERGE:          0
cpu0->LLC LOAD         ACCESS:   21653291 HIT:   21652352 MISS:        939 MSHR_MERGE:          0
cpu0->LLC RFO          ACCESS:    2492956 HIT:    2490975 MISS:       1981 MSHR_MERGE:          0
cpu0->LLC PREFETCH     ACCESS:          1 HIT:          0 MISS:          1 MSHR_MERGE:          0
cpu0->LLC WRITE        ACCESS:          0 HIT:          0 MISS:          0 MSHR_MERGE:          0
cpu0->LLC TRANSLATION  ACCESS:     140618 HIT:      79525 MISS:      61093 MSHR_MERGE:          0
cpu0->LLC PREFETCH REQUESTED:          0 ISSUED:          0 USEFUL:          0 USELESS:          0
cpu0->LLC AVERAGE MISS LATENCY: 2457 cycles
cpu1->LLC TOTAL        ACCESS:   24296598 HIT:   24232492 MISS:      64106 MSHR_MERGE:          0
cpu1->LLC LOAD         ACCESS:   21663713 HIT:   21662773 MISS:        940 MSHR_MERGE:          0
cpu1->LLC RFO          ACCESS:    2492158 HIT:    2490113 MISS:       2045 MSHR_MERGE:          0
cpu1->LLC PREFETCH     ACCESS:          1 HIT:          0 MISS:          1 MSHR_MERGE:          0
cpu1->LLC WRITE        ACCESS:          0 HIT:          0 MISS:          0 MSHR_MERGE:          0
cpu1->LLC TRANSLATION  ACCESS:     140726 HIT:      79606 MISS:      61120 MSHR_MERGE:          0
cpu1->LLC PREFETCH REQUESTED:          0 ISSUED:          0 USEFUL:          0 USELESS:          0
cpu1->LLC AVERAGE MISS LATENCY: 2454 cycles
cpu2->LLC TOTAL        ACCESS:   24292035 HIT:   24227851 MISS:      64184 MSHR_MERGE:          0
cpu2->LLC LOAD         ACCESS:   21659570 HIT:   21658615 MISS:        955 MSHR_MERGE:          0
cpu2->LLC RFO          ACCESS:    2491782 HIT:    2489830 MISS:       1952 MSHR_MERGE:          0
cpu2->LLC PREFETCH     ACCESS:          1 HIT:          0 MISS:          1 MSHR_MERGE:          0
cpu2->LLC WRITE        ACCESS:          0 HIT:          0 MISS:          0 MSHR_MERGE:          0
cpu2->LLC TRANSLATION  ACCESS:     140682 HIT:      79406 MISS:      61276 MSHR_MERGE:          0
cpu2->LLC PREFETCH REQUESTED:          0 ISSUED:          0 USEFUL:          0 USELESS:          0
cpu2->LLC AVERAGE MISS LATENCY: 2451 cycles
cpu3->LLC TOTAL        ACCESS:   24314059 HIT:   24250780 MISS:      63279 MSHR_MERGE:          0
cpu3->LLC LOAD         ACCESS:   21677511 HIT:   21676578 MISS:        933 MSHR_MERGE:          0
cpu3->LLC RFO          ACCESS:    2495767 HIT:    2493767 MISS:       2000 MSHR_MERGE:          0
cpu3->LLC PREFETCH     ACCESS:          1 HIT:          0 MISS:          1 MSHR_MERGE:          0
cpu3->LLC WRITE        ACCESS:          0 HIT:          0 MISS:          0 MSHR_MERGE:          0
cpu3->LLC TRANSLATION  ACCESS:     140780 HIT:      80435 MISS:      60345 MSHR_MERGE:          0
cpu3->LLC PREFETCH REQUESTED:          0 ISSUED:          0 USEFUL:          0 USELESS:          0
cpu3->LLC AVERAGE MISS LATENCY: 2486 cycles
cpu4->LLC TOTAL        ACCESS:   24289618 HIT:   24225403 MISS:      64215 MSHR_MERGE:          0
cpu4->LLC LOAD         ACCESS:   21657140 HIT:   21656095 MISS:       1045 MSHR_MERGE:          0
cpu4->LLC RFO          ACCESS:    2491825 HIT:    2489949 MISS:       1876 MSHR_MERGE:          0
cpu4->LLC PREFETCH     ACCESS:          1 HIT:          0 MISS:          1 MSHR_MERGE:          0
cpu4->LLC WRITE        ACCESS:          0 HIT:          0 MISS:          0 MSHR_MERGE:          0
cpu4->LLC TRANSLATION  ACCESS:     140652 HIT:      79359 MISS:      61293 MSHR_MERGE:          0
cpu4->LLC PREFETCH REQUESTED:          0 ISSUED:          0 USEFUL:          0 USELESS:          0
cpu4->LLC AVERAGE MISS LATENCY: 2450 cycles
cpu5->LLC TOTAL        ACCESS:   24303853 HIT:   24239966 MISS:      63887 MSHR_MERGE:          0
cpu5->LLC LOAD         ACCESS:   21669912 HIT:   21669069 MISS:        843 MSHR_MERGE:          0
cpu5->LLC RFO          ACCESS:    2493218 HIT:    2491259 MISS:       1959 MSHR_MERGE:          0
cpu5->LLC PREFETCH     ACCESS:          1 HIT:          0 MISS:          1 MSHR_MERGE:          0
cpu5->LLC WRITE        ACCESS:          0 HIT:          0 MISS:          0 MSHR_MERGE:          0
cpu5->LLC TRANSLATION  ACCESS:     140722 HIT:      79638 MISS:      61084 MSHR_MERGE:          0
cpu5->LLC PREFETCH REQUESTED:          0 ISSUED:          0 USEFUL:          0 USELESS:          0
cpu5->LLC AVERAGE MISS LATENCY: 2462 cycles
cpu6->LLC TOTAL        ACCESS:   24288256 HIT:   24224093 MISS:      64163 MSHR_MERGE:          0
cpu6->LLC LOAD         ACCESS:   21656104 HIT:   21655209 MISS:        895 MSHR_MERGE:          0
cpu6->LLC RFO          ACCESS:    2491517 HIT:    2489559 MISS:       1958 MSHR_MERGE:          0
cpu6->LLC PREFETCH     ACCESS:          1 HIT:          0 MISS:          1 MSHR_MERGE:          0
cpu6->LLC WRITE        ACCESS:          0 HIT:          0 MISS:          0 MSHR_MERGE:          0
cpu6->LLC TRANSLATION  ACCESS:     140634 HIT:      79325 MISS:      61309 MSHR_MERGE:          0
cpu6->LLC PREFETCH REQUESTED:          0 ISSUED:          0 USEFUL:          0 USELESS:          0
cpu6->LLC AVERAGE MISS LATENCY: 2452 cycles
cpu7->LLC TOTAL        ACCESS:   24296120 HIT:   24232473 MISS:      63647 MSHR_MERGE:          0
cpu7->LLC LOAD         ACCESS:   21662627 HIT:   21661672 MISS:        955 MSHR_MERGE:          0
cpu7->LLC RFO          ACCESS:    2492824 HIT:    2490900 MISS:       1924 MSHR_MERGE:          0
cpu7->LLC PREFETCH     ACCESS:          1 HIT:          0 MISS:          1 MSHR_MERGE:          0
cpu7->LLC WRITE        ACCESS:          0 HIT:          0 MISS:          0 MSHR_MERGE:          0
cpu7->LLC TRANSLATION  ACCESS:     140668 HIT:      79901 MISS:      60767 MSHR_MERGE:          0
cpu7->LLC PREFETCH REQUESTED:          0 ISSUED:          0 USEFUL:          0 USELESS:          0
cpu7->LLC AVERAGE MISS LATENCY: 2472 cycles
cpu8->LLC TOTAL        ACCESS:   24316958 HIT:   24253633 MISS:      63325 MSHR_MERGE:          0
cpu8->LLC LOAD         ACCESS:   21682713 HIT:   21681942 MISS:        771 MSHR_MERGE:          0
cpu8->LLC RFO          ACCESS:    2493482 HIT:    2491590 MISS:       1892 MSHR_MERGE:          0
cpu8->LLC PREFETCH     ACCESS:          1 HIT:          0 MISS:          1 MSHR_MERGE:          0
cpu8->LLC WRITE        ACCESS:          0 HIT:          0 MISS:          0 MSHR_MERGE:          0
cpu8->LLC TRANSLATION  ACCESS:     140762 HIT:      80101 MISS:      60661 MSHR_MERGE:          0
cpu8->LLC PREFETCH REQUESTED:          0 ISSUED:          0 USEFUL:          0 USELESS:          0
cpu8->LLC AVERAGE MISS LATENCY: 2484 cycles
cpu9->LLC TOTAL        ACCESS:   24303118 HIT:   24239339 MISS:      63779 MSHR_MERGE:          0
cpu9->LLC LOAD         ACCESS:   21670333 HIT:   21669570 MISS:        763 MSHR_MERGE:          0
cpu9->LLC RFO          ACCESS:    2492096 HIT:    2490129 MISS:       1967 MSHR_MERGE:          0
cpu9->LLC PREFETCH     ACCESS:          1 HIT:          0 MISS:          1 MSHR_MERGE:          0
cpu9->LLC WRITE        ACCESS:          0 HIT:          0 MISS:          0 MSHR_MERGE:          0
cpu9->LLC TRANSLATION  ACCESS:     140688 HIT:      79640 MISS:      61048 MSHR_MERGE:          0
cpu9->LLC PREFETCH REQUESTED:          0 ISSUED:          0 USEFUL:          0 USELESS:          0
cpu9->LLC AVERAGE MISS LATENCY: 2466 cycles
cpu10->LLC TOTAL        ACCESS:   24292421 HIT:   24228622 MISS:      63799 MSHR_MERGE:          0
cpu10->LLC LOAD         ACCESS:   21658555 HIT:   21657783 MISS:        772 MSHR_MERGE:          0
cpu10->LLC RFO          ACCESS:    2493219 HIT:    2491323 MISS:       1896 MSHR_MERGE:          0
cpu10->LLC PREFETCH     ACCESS:          1 HIT:          0 MISS:          1 MSHR_MERGE:          0
cpu10->LLC WRITE        ACCESS:          0 HIT:          0 MISS:          0 MSHR_MERGE:          0
cpu10->LLC TRANSLATION  ACCESS:     140646 HIT:      79516 MISS:      61130 MSHR_MERGE:          0
cpu10->LLC PREFETCH REQUESTED:          0 ISSUED:          0 USEFUL:          0 USELESS:          0
cpu10->LLC AVERAGE MISS LATENCY: 2466 cycles
cpu11->LLC TOTAL        ACCESS:   24310624 HIT:   24247000 MISS:      63624 MSHR_MERGE:          0
cpu11->LLC LOAD         ACCESS:   21675893 HIT:   21675052 MISS:        841 MSHR_MERGE:          0
cpu11->LLC RFO          ACCESS:    2493942 HIT:    2491871 MISS:       2071 MSHR_MERGE:          0
cpu11->LLC PREFETCH     ACCESS:          1 HIT:          0 MISS:          1 MSHR_MERGE:          0
cpu11->LLC WRITE        ACCESS:          0 HIT:          0 MISS:          0 MSHR_MERGE:          0
cpu11->LLC TRANSLATION  ACCESS:     140788 HIT:      80077 MISS:      60711 MSHR_MERGE:          0
cpu11->LLC PREFETCH REQUESTED:          0 ISSUED:          0 USEFUL:          0 USELESS:          0
cpu11->LLC AVERAGE MISS LATENCY: 2473 cycles
cpu12->LLC TOTAL        ACCESS:   24289010 HIT:   24224552 MISS:      64458 MSHR_MERGE:          0
cpu12->LLC LOAD         ACCESS:   21656956 HIT:   21656007 MISS:        949 MSHR_MERGE:          0
cpu12->LLC RFO          ACCESS:    2491383 HIT:    2489224 MISS:       2159 MSHR_MERGE:          0
cpu12->LLC PREFETCH     ACCESS:          1 HIT:          0 MISS:          1 MSHR_MERGE:          0
cpu12->LLC WRITE        ACCESS:          0 HIT:          0 MISS:          0 MSHR_MERGE:          0
cpu12->LLC TRANSLATION  ACCESS:     140670 HIT:      79321 MISS:      61349 MSHR_MERGE:          0
cpu12->LLC PREFETCH REQUESTED:          0 ISSUED:          0 USEFUL:          0 USELESS:          0
cpu12->LLC AVERAGE MISS LATENCY: 2441 cycles
cpu13->LLC TOTAL        ACCESS:   24297602 HIT:   24233883 MISS:      63719 MSHR_MERGE:          0
cpu13->LLC LOAD         ACCESS:   21663790 HIT:   21663024 MISS:        766 MSHR_MERGE:          0
cpu13->LLC RFO          ACCESS:    2493121 HIT:    2491020 MISS:       2101 MSHR_MERGE:          0
cpu13->LLC PREFETCH     ACCESS:          1 HIT:          0 MISS:          1 MSHR_MERGE:          0
cpu13->LLC WRITE        ACCESS:          0 HIT:          0 MISS:          0 MSHR_MERGE:          0
cpu13->LLC TRANSLATION  ACCESS:     140690 HIT:      79839 MISS:      60851 MSHR_MERGE:          0
cpu13->LLC PREFETCH REQUESTED:          0 ISSUED:          0 USEFUL:          0 USELESS:          0
cpu13->LLC AVERAGE MISS LATENCY: 2469 cycles
cpu14->LLC TOTAL        ACCESS:   24280044 HIT:   24215877 MISS:      64167 MSHR_MERGE:          0
cpu14->LLC LOAD         ACCESS:   21647959 HIT:   21647092 MISS:        867 MSHR_MERGE:          0
cpu14->LLC RFO          ACCESS:    2491507 HIT:    2489522 MISS:       1985 MSHR_MERGE:          0
cpu14->LLC PREFETCH     ACCESS:          2 HIT:          0 MISS:          2 MSHR_MERGE:          0
cpu14->LLC WRITE        ACCESS:          0 HIT:          0 MISS:          0 MSHR_MERGE:          0
cpu14->LLC TRANSLATION  ACCESS:     140576 HIT:      79263 MISS:      61313 MSHR_MERGE:          0
cpu14->LLC PREFETCH REQUESTED:          0 ISSUED:          0 USEFUL:          0 USELESS:          0
cpu14->LLC AVERAGE MISS LATENCY: 2452 cycles
cpu15->LLC TOTAL        ACCESS:   24297098 HIT:   24233538 MISS:      63560 MSHR_MERGE:          0
cpu15->LLC LOAD         ACCESS:   21663191 HIT:   21662221 MISS:        970 MSHR_MERGE:          0
cpu15->LLC RFO          ACCESS:    2493228 HIT:    2491298 MISS:       1930 MSHR_MERGE:          0
cpu15->LLC PREFETCH     ACCESS:          1 HIT:          0 MISS:          1 MSHR_MERGE:          0
cpu15->LLC WRITE        ACCESS:          0 HIT:          0 MISS:          0 MSHR_MERGE:          0
cpu15->LLC TRANSLATION  ACCESS:     140678 HIT:      80019 MISS:      60659 MSHR_MERGE:          0
cpu15->LLC PREFETCH REQUESTED:          0 ISSUED:          0 USEFUL:          0 USELESS:          0
cpu15->LLC AVERAGE MISS LATENCY: 2475 cycles

DRAM Statistics

Channel 0 RQ ROW_BUFFER_HIT:        914
  ROW_BUFFER_MISS:     254048
  AVG DBUS CONGESTED CYCLE: 2.622
Channel 0 WQ ROW_BUFFER_HIT:          0
  ROW_BUFFER_MISS:          0
  FULL:          0
Channel 0 REFRESHES ISSUED:       4812

Channel 1 RQ ROW_BUFFER_HIT:        924
  ROW_BUFFER_MISS:     255690
  AVG DBUS CONGESTED CYCLE: 2.622
Channel 1 WQ ROW_BUFFER_HIT:          0
  ROW_BUFFER_MISS:          0
  FULL:          0
Channel 1 REFRESHES ISSUED:       4812

Channel 2 RQ ROW_BUFFER_HIT:       1012
  ROW_BUFFER_MISS:     254391
  AVG DBUS CONGESTED CYCLE: 2.607
Channel 2 WQ ROW_BUFFER_HIT:          0
  ROW_BUFFER_MISS:          0
  FULL:          0
Channel 2 REFRESHES ISSUED:       4812

Channel 3 RQ ROW_BUFFER_HIT:        993
  ROW_BUFFER_MISS:     253954
  AVG DBUS CONGESTED CYCLE: 2.619
Channel 3 WQ ROW_BUFFER_HIT:          0
  ROW_BUFFER_MISS:          0
  FULL:          0
Channel 3 REFRESHES ISSUED:       4812
