[VMEM] WARNING: physical memory size is smaller than virtual memory size.

*** ChampSim Multicore Out-of-Order Simulator ***
Warmup Instructions: 50000000
Simulation Instructions: 200000000
Number of CPUs: 16
Page size: 4096

Off-chip DRAM Size: 32 GiB Channels: 4 Width: 64-bit Data Rate: 3205 MT/s
Heartbeat CPU 1 instructions: 10000002 cycles: 3193352 heartbeat IPC: 3.132 cumulative IPC: 3.132 (Simulation time: 00 hr 15 min 53 sec)
Heartbeat CPU 9 instructions: 10000002 cycles: 3193502 heartbeat IPC: 3.131 cumulative IPC: 3.131 (Simulation time: 00 hr 15 min 53 sec)
Heartbeat CPU 2 instructions: 10000002 cycles: 3195194 heartbeat IPC: 3.13 cumulative IPC: 3.13 (Simulation time: 00 hr 15 min 54 sec)
Heartbeat CPU 3 instructions: 10000002 cycles: 3195194 heartbeat IPC: 3.13 cumulative IPC: 3.13 (Simulation time: 00 hr 15 min 54 sec)
Heartbeat CPU 11 instructions: 10000002 cycles: 3195202 heartbeat IPC: 3.13 cumulative IPC: 3.13 (Simulation time: 00 hr 15 min 54 sec)
Heartbeat CPU 7 instructions: 10000002 cycles: 3195202 heartbeat IPC: 3.13 cumulative IPC: 3.13 (Simulation time: 00 hr 15 min 54 sec)
Heartbeat CPU 14 instructions: 10000002 cycles: 3195211 heartbeat IPC: 3.13 cumulative IPC: 3.13 (Simulation time: 00 hr 15 min 54 sec)
Heartbeat CPU 0 instructions: 10000002 cycles: 3195219 heartbeat IPC: 3.13 cumulative IPC: 3.13 (Simulation time: 00 hr 15 min 54 sec)
Heartbeat CPU 12 instructions: 10000002 cycles: 3195219 heartbeat IPC: 3.13 cumulative IPC: 3.13 (Simulation time: 00 hr 15 min 54 sec)
Heartbeat CPU 13 instructions: 10000002 cycles: 3195227 heartbeat IPC: 3.13 cumulative IPC: 3.13 (Simulation time: 00 hr 15 min 54 sec)
Heartbeat CPU 10 instructions: 10000002 cycles: 3195236 heartbeat IPC: 3.13 cumulative IPC: 3.13 (Simulation time: 00 hr 15 min 54 sec)
Heartbeat CPU 15 instructions: 10000002 cycles: 3195237 heartbeat IPC: 3.13 cumulative IPC: 3.13 (Simulation time: 00 hr 15 min 54 sec)
Heartbeat CPU 5 instructions: 10000002 cycles: 3195282 heartbeat IPC: 3.13 cumulative IPC: 3.13 (Simulation time: 00 hr 15 min 54 sec)
Heartbeat CPU 4 instructions: 10000002 cycles: 3195286 heartbeat IPC: 3.13 cumulative IPC: 3.13 (Simulation time: 00 hr 15 min 54 sec)
Heartbeat CPU 8 instructions: 10000002 cycles: 3195294 heartbeat IPC: 3.13 cumulative IPC: 3.13 (Simulation time: 00 hr 15 min 54 sec)
Heartbeat CPU 6 instructions: 10000002 cycles: 3195302 heartbeat IPC: 3.13 cumulative IPC: 3.13 (Simulation time: 00 hr 15 min 54 sec)
Heartbeat CPU 1 instructions: 20000007 cycles: 6381937 heartbeat IPC: 3.136 cumulative IPC: 3.134 (Simulation time: 00 hr 31 min 56 sec)
Heartbeat CPU 9 instructions: 20000007 cycles: 6382189 heartbeat IPC: 3.136 cumulative IPC: 3.134 (Simulation time: 00 hr 31 min 57 sec)
Heartbeat CPU 7 instructions: 20000007 cycles: 6385651 heartbeat IPC: 3.134 cumulative IPC: 3.132 (Simulation time: 00 hr 31 min 58 sec)
Heartbeat CPU 0 instructions: 20000007 cycles: 6385659 heartbeat IPC: 3.134 cumulative IPC: 3.132 (Simulation time: 00 hr 31 min 58 sec)
Heartbeat CPU 3 instructions: 20000007 cycles: 6385669 heartbeat IPC: 3.134 cumulative IPC: 3.132 (Simulation time: 00 hr 31 min 58 sec)
Heartbeat CPU 10 instructions: 20000007 cycles: 6385685 heartbeat IPC: 3.134 cumulative IPC: 3.132 (Simulation time: 00 hr 31 min 58 sec)
Heartbeat CPU 11 instructions: 20000007 cycles: 6385685 heartbeat IPC: 3.134 cumulative IPC: 3.132 (Simulation time: 00 hr 31 min 58 sec)
Heartbeat CPU 15 instructions: 20000007 cycles: 6385690 heartbeat IPC: 3.134 cumulative IPC: 3.132 (Simulation time: 00 hr 31 min 58 sec)
Heartbeat CPU 2 instructions: 20000007 cycles: 6385694 heartbeat IPC: 3.134 cumulative IPC: 3.132 (Simulation time: 00 hr 31 min 58 sec)
Heartbeat CPU 14 instructions: 20000007 cycles: 6385720 heartbeat IPC: 3.134 cumulative IPC: 3.132 (Simulation time: 00 hr 31 min 58 sec)
Heartbeat CPU 13 instructions: 20000007 cycles: 6385753 heartbeat IPC: 3.134 cumulative IPC: 3.132 (Simulation time: 00 hr 31 min 58 sec)
Heartbeat CPU 12 instructions: 20000007 cycles: 6385787 heartbeat IPC: 3.134 cumulative IPC: 3.132 (Simulation time: 00 hr 31 min 58 sec)
Heartbeat CPU 4 instructions: 20000007 cycles: 6385788 heartbeat IPC: 3.134 cumulative IPC: 3.132 (Simulation time: 00 hr 31 min 58 sec)
Heartbeat CPU 5 instructions: 20000007 cycles: 6385849 heartbeat IPC: 3.134 cumulative IPC: 3.132 (Simulation time: 00 hr 31 min 58 sec)
Heartbeat CPU 8 instructions: 20000007 cycles: 6385854 heartbeat IPC: 3.134 cumulative IPC: 3.132 (Simulation time: 00 hr 31 min 58 sec)
Heartbeat CPU 6 instructions: 20000007 cycles: 6385878 heartbeat IPC: 3.134 cumulative IPC: 3.132 (Simulation time: 00 hr 31 min 58 sec)
Heartbeat CPU 1 instructions: 30000010 cycles: 9570354 heartbeat IPC: 3.136 cumulative IPC: 3.135 (Simulation time: 00 hr 48 min 00 sec)
Heartbeat CPU 9 instructions: 30000010 cycles: 9570617 heartbeat IPC: 3.136 cumulative IPC: 3.135 (Simulation time: 00 hr 48 min 00 sec)
Heartbeat CPU 7 instructions: 30000010 cycles: 9575881 heartbeat IPC: 3.135 cumulative IPC: 3.133 (Simulation time: 00 hr 48 min 01 sec)
Heartbeat CPU 0 instructions: 30000010 cycles: 9575973 heartbeat IPC: 3.134 cumulative IPC: 3.133 (Simulation time: 00 hr 48 min 01 sec)
Heartbeat CPU 11 instructions: 30000010 cycles: 9575983 heartbeat IPC: 3.135 cumulative IPC: 3.133 (Simulation time: 00 hr 48 min 01 sec)
Heartbeat CPU 14 instructions: 30000010 cycles: 9576027 heartbeat IPC: 3.134 cumulative IPC: 3.133 (Simulation time: 00 hr 48 min 01 sec)
Heartbeat CPU 3 instructions: 30000010 cycles: 9576031 heartbeat IPC: 3.134 cumulative IPC: 3.133 (Simulation time: 00 hr 48 min 01 sec)
Heartbeat CPU 10 instructions: 30000010 cycles: 9576034 heartbeat IPC: 3.134 cumulative IPC: 3.133 (Simulation time: 00 hr 48 min 01 sec)
Heartbeat CPU 13 instructions: 30000010 cycles: 9576043 heartbeat IPC: 3.135 cumulative IPC: 3.133 (Simulation time: 00 hr 48 min 01 sec)
Heartbeat CPU 2 instructions: 30000010 cycles: 9576044 heartbeat IPC: 3.134 cumulative IPC: 3.133 (Simulation time: 00 hr 48 min 01 sec)
Heartbeat CPU 15 instructions: 30000010 cycles: 9576054 heartbeat IPC: 3.134 cumulative IPC: 3.133 (Simulation time: 00 hr 48 min 01 sec)
Heartbeat CPU 12 instructions: 30000010 cycles: 9576109 heartbeat IPC: 3.134 cumulative IPC: 3.133 (Simulation time: 00 hr 48 min 01 sec)
Heartbeat CPU 4 instructions: 30000010 cycles: 9576142 heartbeat IPC: 3.134 cumulative IPC: 3.133 (Simulation time: 00 hr 48 min 01 sec)
Heartbeat CPU 8 instructions: 30000010 cycles: 9576199 heartbeat IPC: 3.134 cumulative IPC: 3.133 (Simulation time: 00 hr 48 min 01 sec)
Heartbeat CPU 5 instructions: 30000010 cycles: 9576226 heartbeat IPC: 3.134 cumulative IPC: 3.133 (Simulation time: 00 hr 48 min 01 sec)
Heartbeat CPU 6 instructions: 30000010 cycles: 9576287 heartbeat IPC: 3.134 cumulative IPC: 3.133 (Simulation time: 00 hr 48 min 01 sec)
Heartbeat CPU 1 instructions: 40000014 cycles: 12758492 heartbeat IPC: 3.137 cumulative IPC: 3.135 (Simulation time: 01 hr 04 min 05 sec)
Heartbeat CPU 9 instructions: 40000014 cycles: 12758801 heartbeat IPC: 3.137 cumulative IPC: 3.135 (Simulation time: 01 hr 04 min 05 sec)
Heartbeat CPU 7 instructions: 40000014 cycles: 12765973 heartbeat IPC: 3.135 cumulative IPC: 3.133 (Simulation time: 01 hr 04 min 07 sec)
Heartbeat CPU 14 instructions: 40000014 cycles: 12766091 heartbeat IPC: 3.135 cumulative IPC: 3.133 (Simulation time: 01 hr 04 min 07 sec)
Heartbeat CPU 0 instructions: 40000014 cycles: 12766102 heartbeat IPC: 3.135 cumulative IPC: 3.133 (Simulation time: 01 hr 04 min 07 sec)
Heartbeat CPU 15 instructions: 40000014 cycles: 12766123 heartbeat IPC: 3.135 cumulative IPC: 3.133 (Simulation time: 01 hr 04 min 07 sec)
Heartbeat CPU 11 instructions: 40000014 cycles: 12766136 heartbeat IPC: 3.135 cumulative IPC: 3.133 (Simulation time: 01 hr 04 min 07 sec)
Heartbeat CPU 10 instructions: 40000014 cycles: 12766173 heartbeat IPC: 3.135 cumulative IPC: 3.133 (Simulation time: 01 hr 04 min 07 sec)
Heartbeat CPU 2 instructions: 40000014 cycles: 12766174 heartbeat IPC: 3.135 cumulative IPC: 3.133 (Simulation time: 01 hr 04 min 07 sec)
Heartbeat CPU 3 instructions: 40000014 cycles: 12766205 heartbeat IPC: 3.135 cumulative IPC: 3.133 (Simulation time: 01 hr 04 min 07 sec)
Heartbeat CPU 13 instructions: 40000014 cycles: 12766232 heartbeat IPC: 3.135 cumulative IPC: 3.133 (Simulation time: 01 hr 04 min 07 sec)
Heartbeat CPU 12 instructions: 40000014 cycles: 12766275 heartbeat IPC: 3.135 cumulative IPC: 3.133 (Simulation time: 01 hr 04 min 07 sec)
Heartbeat CPU 4 instructions: 40000014 cycles: 12766287 heartbeat IPC: 3.135 cumulative IPC: 3.133 (Simulation time: 01 hr 04 min 07 sec)
Heartbeat CPU 8 instructions: 40000014 cycles: 12766412 heartbeat IPC: 3.135 cumulative IPC: 3.133 (Simulation time: 01 hr 04 min 07 sec)
Heartbeat CPU 5 instructions: 40000014 cycles: 12766447 heartbeat IPC: 3.135 cumulative IPC: 3.133 (Simulation time: 01 hr 04 min 07 sec)
Heartbeat CPU 6 instructions: 40000014 cycles: 12766545 heartbeat IPC: 3.135 cumulative IPC: 3.133 (Simulation time: 01 hr 04 min 07 sec)
[LLC] SPM stats: hits=17527666 first_accesses=17365750 dram_direct=0 loaded_lines=17365750
Warmup finished CPU 1 instructions: 50000002 cycles: 15947085 cumulative IPC: 3.135 (Simulation time: 01 hr 20 min 06 sec)
Heartbeat CPU 1 instructions: 50000014 cycles: 15947087 heartbeat IPC: 3.136 cumulative IPC: 3.135 (Simulation time: 01 hr 20 min 06 sec)
[LLC] SPM stats: hits=17528096 first_accesses=17366161 dram_direct=0 loaded_lines=17366161
Warmup finished CPU 9 instructions: 50000002 cycles: 15947460 cumulative IPC: 3.135 (Simulation time: 01 hr 20 min 06 sec)
Heartbeat CPU 9 instructions: 50000014 cycles: 15947462 heartbeat IPC: 3.136 cumulative IPC: 3.135 (Simulation time: 01 hr 20 min 06 sec)
[LLC] SPM stats: hits=17537814 first_accesses=17375994 dram_direct=0 loaded_lines=17375994
Warmup finished CPU 7 instructions: 50000002 cycles: 15956502 cumulative IPC: 3.134 (Simulation time: 01 hr 20 min 09 sec)
Heartbeat CPU 7 instructions: 50000014 cycles: 15956504 heartbeat IPC: 3.134 cumulative IPC: 3.134 (Simulation time: 01 hr 20 min 09 sec)
[LLC] SPM stats: hits=17537992 first_accesses=17376157 dram_direct=0 loaded_lines=17376157
Warmup finished CPU 0 instructions: 50000002 cycles: 15956617 cumulative IPC: 3.133 (Simulation time: 01 hr 20 min 09 sec)
Heartbeat CPU 0 instructions: 50000014 cycles: 15956619 heartbeat IPC: 3.134 cumulative IPC: 3.133 (Simulation time: 01 hr 20 min 09 sec)
[LLC] SPM stats: hits=17538034 first_accesses=17376198 dram_direct=0 loaded_lines=17376198
Warmup finished CPU 14 instructions: 50000002 cycles: 15956646 cumulative IPC: 3.133 (Simulation time: 01 hr 20 min 09 sec)
Heartbeat CPU 14 instructions: 50000014 cycles: 15956648 heartbeat IPC: 3.134 cumulative IPC: 3.133 (Simulation time: 01 hr 20 min 09 sec)
[LLC] SPM stats: hits=17538045 first_accesses=17376209 dram_direct=0 loaded_lines=17376209
Warmup finished CPU 11 instructions: 50000002 cycles: 15956653 cumulative IPC: 3.133 (Simulation time: 01 hr 20 min 09 sec)
Heartbeat CPU 11 instructions: 50000014 cycles: 15956655 heartbeat IPC: 3.134 cumulative IPC: 3.133 (Simulation time: 01 hr 20 min 09 sec)
[LLC] SPM stats: hits=17538069 first_accesses=17376226 dram_direct=0 loaded_lines=17376226
Warmup finished CPU 15 instructions: 50000002 cycles: 15956667 cumulative IPC: 3.133 (Simulation time: 01 hr 20 min 09 sec)
Heartbeat CPU 15 instructions: 50000014 cycles: 15956669 heartbeat IPC: 3.134 cumulative IPC: 3.133 (Simulation time: 01 hr 20 min 09 sec)
[LLC] SPM stats: hits=17538098 first_accesses=17376251 dram_direct=0 loaded_lines=17376251
Warmup finished CPU 10 instructions: 50000002 cycles: 15956687 cumulative IPC: 3.133 (Simulation time: 01 hr 20 min 09 sec)
Heartbeat CPU 10 instructions: 50000014 cycles: 15956689 heartbeat IPC: 3.134 cumulative IPC: 3.133 (Simulation time: 01 hr 20 min 09 sec)
[LLC] SPM stats: hits=17538119 first_accesses=17376275 dram_direct=0 loaded_lines=17376275
Warmup finished CPU 2 instructions: 50000002 cycles: 15956705 cumulative IPC: 3.133 (Simulation time: 01 hr 20 min 09 sec)
Heartbeat CPU 2 instructions: 50000014 cycles: 15956707 heartbeat IPC: 3.134 cumulative IPC: 3.133 (Simulation time: 01 hr 20 min 09 sec)
[LLC] SPM stats: hits=17538155 first_accesses=17376313 dram_direct=0 loaded_lines=17376313
Warmup finished CPU 3 instructions: 50000002 cycles: 15956741 cumulative IPC: 3.133 (Simulation time: 01 hr 20 min 09 sec)
Heartbeat CPU 3 instructions: 50000014 cycles: 15956743 heartbeat IPC: 3.134 cumulative IPC: 3.133 (Simulation time: 01 hr 20 min 09 sec)
[LLC] SPM stats: hits=17538185 first_accesses=17376339 dram_direct=0 loaded_lines=17376339
Warmup finished CPU 13 instructions: 50000002 cycles: 15956772 cumulative IPC: 3.133 (Simulation time: 01 hr 20 min 09 sec)
Heartbeat CPU 13 instructions: 50000014 cycles: 15956774 heartbeat IPC: 3.134 cumulative IPC: 3.133 (Simulation time: 01 hr 20 min 09 sec)
[LLC] SPM stats: hits=17538215 first_accesses=17376366 dram_direct=0 loaded_lines=17376366
Warmup finished CPU 12 instructions: 50000002 cycles: 15956806 cumulative IPC: 3.133 (Simulation time: 01 hr 20 min 09 sec)
Heartbeat CPU 12 instructions: 50000014 cycles: 15956808 heartbeat IPC: 3.134 cumulative IPC: 3.133 (Simulation time: 01 hr 20 min 09 sec)
[LLC] SPM stats: hits=17538255 first_accesses=17376399 dram_direct=0 loaded_lines=17376399
Warmup finished CPU 4 instructions: 50000002 cycles: 15956865 cumulative IPC: 3.133 (Simulation time: 01 hr 20 min 09 sec)
Heartbeat CPU 4 instructions: 50000014 cycles: 15956867 heartbeat IPC: 3.134 cumulative IPC: 3.133 (Simulation time: 01 hr 20 min 09 sec)
[LLC] SPM stats: hits=17538366 first_accesses=17376509 dram_direct=0 loaded_lines=17376509
Warmup finished CPU 8 instructions: 50000002 cycles: 15957060 cumulative IPC: 3.133 (Simulation time: 01 hr 20 min 09 sec)
Heartbeat CPU 8 instructions: 50000014 cycles: 15957062 heartbeat IPC: 3.134 cumulative IPC: 3.133 (Simulation time: 01 hr 20 min 09 sec)
[LLC] SPM stats: hits=17538392 first_accesses=17376542 dram_direct=0 loaded_lines=17376542
Warmup finished CPU 5 instructions: 50000002 cycles: 15957098 cumulative IPC: 3.133 (Simulation time: 01 hr 20 min 09 sec)
Heartbeat CPU 5 instructions: 50000014 cycles: 15957100 heartbeat IPC: 3.134 cumulative IPC: 3.133 (Simulation time: 01 hr 20 min 09 sec)
[LLC] SPM stats: hits=17538480 first_accesses=17376662 dram_direct=0 loaded_lines=17376662
Warmup finished CPU 6 instructions: 50000002 cycles: 15957191 cumulative IPC: 3.133 (Simulation time: 01 hr 20 min 09 sec)
Warmup complete CPU 9 instructions: 50029549 cycles: 15957191 cumulative IPC: 3.135 (Simulation time: 01 hr 20 min 09 sec)
Warmup complete CPU 8 instructions: 50000261 cycles: 15957191 cumulative IPC: 3.133 (Simulation time: 01 hr 20 min 09 sec)
Warmup complete CPU 7 instructions: 50001665 cycles: 15957191 cumulative IPC: 3.133 (Simulation time: 01 hr 20 min 09 sec)
Warmup complete CPU 6 instructions: 50000002 cycles: 15957191 cumulative IPC: 3.133 (Simulation time: 01 hr 20 min 09 sec)
Warmup complete CPU 5 instructions: 50000261 cycles: 15957191 cumulative IPC: 3.133 (Simulation time: 01 hr 20 min 09 sec)
Warmup complete CPU 4 instructions: 50000261 cycles: 15957191 cumulative IPC: 3.133 (Simulation time: 01 hr 20 min 09 sec)
Warmup complete CPU 3 instructions: 50000261 cycles: 15957191 cumulative IPC: 3.133 (Simulation time: 01 hr 20 min 09 sec)
Warmup complete CPU 2 instructions: 50000447 cycles: 15957191 cumulative IPC: 3.133 (Simulation time: 01 hr 20 min 09 sec)
Warmup complete CPU 15 instructions: 50000687 cycles: 15957191 cumulative IPC: 3.133 (Simulation time: 01 hr 20 min 09 sec)
Warmup complete CPU 14 instructions: 50000801 cycles: 15957191 cumulative IPC: 3.133 (Simulation time: 01 hr 20 min 09 sec)
Warmup complete CPU 13 instructions: 50000261 cycles: 15957191 cumulative IPC: 3.133 (Simulation time: 01 hr 20 min 09 sec)
Warmup complete CPU 12 instructions: 50000261 cycles: 15957191 cumulative IPC: 3.133 (Simulation time: 01 hr 20 min 09 sec)
Warmup complete CPU 11 instructions: 50000771 cycles: 15957191 cumulative IPC: 3.133 (Simulation time: 01 hr 20 min 09 sec)
Warmup complete CPU 10 instructions: 50000567 cycles: 15957191 cumulative IPC: 3.133 (Simulation time: 01 hr 20 min 09 sec)
Warmup complete CPU 1 instructions: 50031330 cycles: 15957191 cumulative IPC: 3.135 (Simulation time: 01 hr 20 min 09 sec)
Warmup complete CPU 0 instructions: 50000987 cycles: 15957191 cumulative IPC: 3.133 (Simulation time: 01 hr 20 min 09 sec)
Heartbeat CPU 6 instructions: 50000014 cycles: 15957193 heartbeat IPC: 3.134 cumulative IPC: 6 (Simulation time: 01 hr 20 min 09 sec)
Heartbeat CPU 1 instructions: 60000014 cycles: 22689749 heartbeat IPC: 1.483 cumulative IPC: 1.481 (Simulation time: 01 hr 51 min 39 sec)
Heartbeat CPU 9 instructions: 60000017 cycles: 22710433 heartbeat IPC: 1.479 cumulative IPC: 1.476 (Simulation time: 01 hr 51 min 45 sec)
Heartbeat CPU 10 instructions: 60000014 cycles: 22714932 heartbeat IPC: 1.48 cumulative IPC: 1.48 (Simulation time: 01 hr 51 min 46 sec)
Heartbeat CPU 3 instructions: 60000017 cycles: 22720175 heartbeat IPC: 1.479 cumulative IPC: 1.479 (Simulation time: 01 hr 51 min 48 sec)
Heartbeat CPU 15 instructions: 60000017 cycles: 22724413 heartbeat IPC: 1.478 cumulative IPC: 1.478 (Simulation time: 01 hr 51 min 49 sec)
Heartbeat CPU 13 instructions: 60000017 cycles: 22731388 heartbeat IPC: 1.476 cumulative IPC: 1.476 (Simulation time: 01 hr 51 min 51 sec)
Heartbeat CPU 12 instructions: 60000017 cycles: 22740291 heartbeat IPC: 1.474 cumulative IPC: 1.474 (Simulation time: 01 hr 51 min 53 sec)
Heartbeat CPU 7 instructions: 60000017 cycles: 22746000 heartbeat IPC: 1.473 cumulative IPC: 1.473 (Simulation time: 01 hr 51 min 55 sec)
Heartbeat CPU 0 instructions: 60000014 cycles: 22750588 heartbeat IPC: 1.472 cumulative IPC: 1.472 (Simulation time: 01 hr 51 min 56 sec)
Heartbeat CPU 11 instructions: 60000014 cycles: 22758461 heartbeat IPC: 1.47 cumulative IPC: 1.47 (Simulation time: 01 hr 51 min 58 sec)
Heartbeat CPU 8 instructions: 60000014 cycles: 22767521 heartbeat IPC: 1.468 cumulative IPC: 1.468 (Simulation time: 01 hr 52 min 01 sec)
Heartbeat CPU 4 instructions: 60000017 cycles: 22772092 heartbeat IPC: 1.467 cumulative IPC: 1.467 (Simulation time: 01 hr 52 min 02 sec)
Heartbeat CPU 5 instructions: 60000014 cycles: 22773662 heartbeat IPC: 1.467 cumulative IPC: 1.467 (Simulation time: 01 hr 52 min 03 sec)
Heartbeat CPU 14 instructions: 60000014 cycles: 22774613 heartbeat IPC: 1.467 cumulative IPC: 1.467 (Simulation time: 01 hr 52 min 03 sec)
Heartbeat CPU 6 instructions: 60000014 cycles: 22775107 heartbeat IPC: 1.467 cumulative IPC: 1.467 (Simulation time: 01 hr 52 min 03 sec)
Heartbeat CPU 2 instructions: 60000014 cycles: 22777231 heartbeat IPC: 1.466 cumulative IPC: 1.466 (Simulation time: 01 hr 52 min 04 sec)
Heartbeat CPU 1 instructions: 70000019 cycles: 29456254 heartbeat IPC: 1.478 cumulative IPC: 1.479 (Simulation time: 02 hr 23 min 27 sec)
Heartbeat CPU 10 instructions: 70000014 cycles: 29482287 heartbeat IPC: 1.478 cumulative IPC: 1.479 (Simulation time: 02 hr 23 min 34 sec)
Heartbeat CPU 9 instructions: 70000019 cycles: 29499186 heartbeat IPC: 1.473 cumulative IPC: 1.475 (Simulation time: 02 hr 23 min 39 sec)
Heartbeat CPU 3 instructions: 70000019 cycles: 29500414 heartbeat IPC: 1.475 cumulative IPC: 1.477 (Simulation time: 02 hr 23 min 39 sec)
Heartbeat CPU 15 instructions: 70000019 cycles: 29505856 heartbeat IPC: 1.475 cumulative IPC: 1.476 (Simulation time: 02 hr 23 min 40 sec)
Heartbeat CPU 13 instructions: 70000019 cycles: 29512186 heartbeat IPC: 1.475 cumulative IPC: 1.475 (Simulation time: 02 hr 23 min 42 sec)
Heartbeat CPU 12 instructions: 70000020 cycles: 29520202 heartbeat IPC: 1.475 cumulative IPC: 1.475 (Simulation time: 02 hr 23 min 44 sec)
Heartbeat CPU 7 instructions: 70000019 cycles: 29522806 heartbeat IPC: 1.476 cumulative IPC: 1.474 (Simulation time: 02 hr 23 min 45 sec)
Heartbeat CPU 0 instructions: 70000019 cycles: 29526281 heartbeat IPC: 1.476 cumulative IPC: 1.474 (Simulation time: 02 hr 23 min 46 sec)
Heartbeat CPU 11 instructions: 70000019 cycles: 29528919 heartbeat IPC: 1.477 cumulative IPC: 1.474 (Simulation time: 02 hr 23 min 47 sec)
Heartbeat CPU 8 instructions: 70000019 cycles: 29534550 heartbeat IPC: 1.478 cumulative IPC: 1.473 (Simulation time: 02 hr 23 min 48 sec)
Heartbeat CPU 4 instructions: 70000019 cycles: 29550552 heartbeat IPC: 1.475 cumulative IPC: 1.471 (Simulation time: 02 hr 23 min 53 sec)
Heartbeat CPU 6 instructions: 70000014 cycles: 29557710 heartbeat IPC: 1.474 cumulative IPC: 1.471 (Simulation time: 02 hr 23 min 55 sec)
Heartbeat CPU 5 instructions: 70000019 cycles: 29559397 heartbeat IPC: 1.474 cumulative IPC: 1.47 (Simulation time: 02 hr 23 min 55 sec)
Heartbeat CPU 2 instructions: 70000019 cycles: 29570844 heartbeat IPC: 1.472 cumulative IPC: 1.469 (Simulation time: 02 hr 23 min 59 sec)
Heartbeat CPU 14 instructions: 70000019 cycles: 29572969 heartbeat IPC: 1.471 cumulative IPC: 1.469 (Simulation time: 02 hr 23 min 59 sec)
Heartbeat CPU 1 instructions: 80000024 cycles: 36229071 heartbeat IPC: 1.476 cumulative IPC: 1.478 (Simulation time: 02 hr 54 min 59 sec)
Heartbeat CPU 10 instructions: 80000018 cycles: 36249865 heartbeat IPC: 1.478 cumulative IPC: 1.478 (Simulation time: 02 hr 55 min 05 sec)
Heartbeat CPU 3 instructions: 80000024 cycles: 36272237 heartbeat IPC: 1.477 cumulative IPC: 1.477 (Simulation time: 02 hr 55 min 11 sec)
Heartbeat CPU 15 instructions: 80000024 cycles: 36279499 heartbeat IPC: 1.476 cumulative IPC: 1.476 (Simulation time: 02 hr 55 min 13 sec)
Heartbeat CPU 9 instructions: 80000024 cycles: 36280532 heartbeat IPC: 1.475 cumulative IPC: 1.475 (Simulation time: 02 hr 55 min 13 sec)
Heartbeat CPU 13 instructions: 80000024 cycles: 36290116 heartbeat IPC: 1.475 cumulative IPC: 1.475 (Simulation time: 02 hr 55 min 16 sec)
Heartbeat CPU 12 instructions: 80000024 cycles: 36295437 heartbeat IPC: 1.476 cumulative IPC: 1.475 (Simulation time: 02 hr 55 min 17 sec)
Heartbeat CPU 0 instructions: 80000024 cycles: 36301270 heartbeat IPC: 1.476 cumulative IPC: 1.475 (Simulation time: 02 hr 55 min 19 sec)
Heartbeat CPU 7 instructions: 80000024 cycles: 36305417 heartbeat IPC: 1.474 cumulative IPC: 1.474 (Simulation time: 02 hr 55 min 20 sec)
Heartbeat CPU 11 instructions: 80000024 cycles: 36307421 heartbeat IPC: 1.475 cumulative IPC: 1.474 (Simulation time: 02 hr 55 min 21 sec)
Heartbeat CPU 8 instructions: 80000021 cycles: 36314350 heartbeat IPC: 1.475 cumulative IPC: 1.474 (Simulation time: 02 hr 55 min 23 sec)
Heartbeat CPU 4 instructions: 80000024 cycles: 36320304 heartbeat IPC: 1.477 cumulative IPC: 1.473 (Simulation time: 02 hr 55 min 24 sec)
Heartbeat CPU 6 instructions: 80000018 cycles: 36325588 heartbeat IPC: 1.478 cumulative IPC: 1.473 (Simulation time: 02 hr 55 min 26 sec)
Heartbeat CPU 5 instructions: 80000024 cycles: 36334661 heartbeat IPC: 1.476 cumulative IPC: 1.472 (Simulation time: 02 hr 55 min 28 sec)
Heartbeat CPU 2 instructions: 80000024 cycles: 36342552 heartbeat IPC: 1.477 cumulative IPC: 1.472 (Simulation time: 02 hr 55 min 30 sec)
Heartbeat CPU 14 instructions: 80000024 cycles: 36357464 heartbeat IPC: 1.474 cumulative IPC: 1.471 (Simulation time: 02 hr 55 min 35 sec)
Heartbeat CPU 1 instructions: 90000025 cycles: 43001814 heartbeat IPC: 1.477 cumulative IPC: 1.478 (Simulation time: 03 hr 26 min 26 sec)
Heartbeat CPU 10 instructions: 90000019 cycles: 43023300 heartbeat IPC: 1.476 cumulative IPC: 1.478 (Simulation time: 03 hr 26 min 32 sec)
Heartbeat CPU 3 instructions: 90000025 cycles: 43037746 heartbeat IPC: 1.478 cumulative IPC: 1.477 (Simulation time: 03 hr 26 min 36 sec)
Heartbeat CPU 15 instructions: 90000025 cycles: 43050211 heartbeat IPC: 1.477 cumulative IPC: 1.476 (Simulation time: 03 hr 26 min 40 sec)
Heartbeat CPU 9 instructions: 90000025 cycles: 43058703 heartbeat IPC: 1.475 cumulative IPC: 1.475 (Simulation time: 03 hr 26 min 42 sec)
Heartbeat CPU 13 instructions: 90000025 cycles: 43061581 heartbeat IPC: 1.477 cumulative IPC: 1.476 (Simulation time: 03 hr 26 min 43 sec)
Heartbeat CPU 12 instructions: 90000025 cycles: 43067935 heartbeat IPC: 1.477 cumulative IPC: 1.475 (Simulation time: 03 hr 26 min 45 sec)
Heartbeat CPU 0 instructions: 90000025 cycles: 43077822 heartbeat IPC: 1.476 cumulative IPC: 1.475 (Simulation time: 03 hr 26 min 47 sec)
Heartbeat CPU 11 instructions: 90000025 cycles: 43083048 heartbeat IPC: 1.476 cumulative IPC: 1.475 (Simulation time: 03 hr 26 min 49 sec)
Heartbeat CPU 7 instructions: 90000025 cycles: 43083996 heartbeat IPC: 1.475 cumulative IPC: 1.474 (Simulation time: 03 hr 26 min 49 sec)
Heartbeat CPU 8 instructions: 90000022 cycles: 43096099 heartbeat IPC: 1.475 cumulative IPC: 1.474 (Simulation time: 03 hr 26 min 52 sec)
Heartbeat CPU 4 instructions: 90000025 cycles: 43097252 heartbeat IPC: 1.476 cumulative IPC: 1.474 (Simulation time: 03 hr 26 min 53 sec)
Heartbeat CPU 6 instructions: 90000019 cycles: 43100551 heartbeat IPC: 1.476 cumulative IPC: 1.474 (Simulation time: 03 hr 26 min 54 sec)
Heartbeat CPU 5 instructions: 90000025 cycles: 43113224 heartbeat IPC: 1.475 cumulative IPC: 1.473 (Simulation time: 03 hr 26 min 57 sec)
Heartbeat CPU 2 instructions: 90000025 cycles: 43113867 heartbeat IPC: 1.477 cumulative IPC: 1.473 (Simulation time: 03 hr 26 min 57 sec)
Heartbeat CPU 14 instructions: 90000025 cycles: 43137076 heartbeat IPC: 1.475 cumulative IPC: 1.472 (Simulation time: 03 hr 27 min 04 sec)
Heartbeat CPU 1 instructions: 100000028 cycles: 49772479 heartbeat IPC: 1.477 cumulative IPC: 1.478 (Simulation time: 03 hr 57 min 58 sec)
Heartbeat CPU 10 instructions: 100000022 cycles: 49790958 heartbeat IPC: 1.478 cumulative IPC: 1.478 (Simulation time: 03 hr 58 min 03 sec)
Heartbeat CPU 3 instructions: 100000028 cycles: 49808476 heartbeat IPC: 1.477 cumulative IPC: 1.477 (Simulation time: 03 hr 58 min 08 sec)
Heartbeat CPU 15 instructions: 100000028 cycles: 49818862 heartbeat IPC: 1.477 cumulative IPC: 1.477 (Simulation time: 03 hr 58 min 11 sec)
Heartbeat CPU 13 instructions: 100000028 cycles: 49832336 heartbeat IPC: 1.477 cumulative IPC: 1.476 (Simulation time: 03 hr 58 min 15 sec)
Heartbeat CPU 9 instructions: 100000028 cycles: 49839510 heartbeat IPC: 1.475 cumulative IPC: 1.475 (Simulation time: 03 hr 58 min 17 sec)
Heartbeat CPU 12 instructions: 100000028 cycles: 49841607 heartbeat IPC: 1.476 cumulative IPC: 1.476 (Simulation time: 03 hr 58 min 18 sec)
Heartbeat CPU 0 instructions: 100000028 cycles: 49850540 heartbeat IPC: 1.477 cumulative IPC: 1.475 (Simulation time: 03 hr 58 min 20 sec)
Heartbeat CPU 11 instructions: 100000028 cycles: 49855090 heartbeat IPC: 1.477 cumulative IPC: 1.475 (Simulation time: 03 hr 58 min 21 sec)
Heartbeat CPU 7 instructions: 100000028 cycles: 49859886 heartbeat IPC: 1.476 cumulative IPC: 1.475 (Simulation time: 03 hr 58 min 23 sec)
Heartbeat CPU 4 instructions: 100000028 cycles: 49870930 heartbeat IPC: 1.476 cumulative IPC: 1.474 (Simulation time: 03 hr 58 min 26 sec)
Heartbeat CPU 8 instructions: 100000022 cycles: 49875750 heartbeat IPC: 1.475 cumulative IPC: 1.474 (Simulation time: 03 hr 58 min 27 sec)
Heartbeat CPU 6 instructions: 100000022 cycles: 49880918 heartbeat IPC: 1.475 cumulative IPC: 1.474 (Simulation time: 03 hr 58 min 29 sec)
Heartbeat CPU 2 instructions: 100000028 cycles: 49890947 heartbeat IPC: 1.476 cumulative IPC: 1.473 (Simulation time: 03 hr 58 min 32 sec)
Heartbeat CPU 5 instructions: 100000028 cycles: 49895688 heartbeat IPC: 1.474 cumulative IPC: 1.473 (Simulation time: 03 hr 58 min 33 sec)
Heartbeat CPU 14 instructions: 100000028 cycles: 49917747 heartbeat IPC: 1.475 cumulative IPC: 1.472 (Simulation time: 03 hr 58 min 39 sec)
Heartbeat CPU 1 instructions: 110000029 cycles: 56542260 heartbeat IPC: 1.477 cumulative IPC: 1.478 (Simulation time: 04 hr 29 min 54 sec)
Heartbeat CPU 10 instructions: 110000023 cycles: 56565735 heartbeat IPC: 1.476 cumulative IPC: 1.478 (Simulation time: 04 hr 30 min 01 sec)
Heartbeat CPU 3 instructions: 110000029 cycles: 56581148 heartbeat IPC: 1.477 cumulative IPC: 1.477 (Simulation time: 04 hr 30 min 05 sec)
Heartbeat CPU 15 instructions: 110000029 cycles: 56587200 heartbeat IPC: 1.477 cumulative IPC: 1.477 (Simulation time: 04 hr 30 min 07 sec)
Heartbeat CPU 13 instructions: 110000029 cycles: 56599491 heartbeat IPC: 1.478 cumulative IPC: 1.476 (Simulation time: 04 hr 30 min 10 sec)
Heartbeat CPU 12 instructions: 110000029 cycles: 56608931 heartbeat IPC: 1.478 cumulative IPC: 1.476 (Simulation time: 04 hr 30 min 13 sec)
Heartbeat CPU 9 instructions: 110000029 cycles: 56617738 heartbeat IPC: 1.475 cumulative IPC: 1.475 (Simulation time: 04 hr 30 min 16 sec)
Heartbeat CPU 0 instructions: 110000029 cycles: 56625394 heartbeat IPC: 1.476 cumulative IPC: 1.475 (Simulation time: 04 hr 30 min 18 sec)
Heartbeat CPU 11 instructions: 110000029 cycles: 56627082 heartbeat IPC: 1.477 cumulative IPC: 1.475 (Simulation time: 04 hr 30 min 18 sec)
Heartbeat CPU 7 instructions: 110000029 cycles: 56636986 heartbeat IPC: 1.476 cumulative IPC: 1.475 (Simulation time: 04 hr 30 min 21 sec)
Heartbeat CPU 4 instructions: 110000029 cycles: 56641106 heartbeat IPC: 1.477 cumulative IPC: 1.475 (Simulation time: 04 hr 30 min 23 sec)
Heartbeat CPU 8 instructions: 110000023 cycles: 56652530 heartbeat IPC: 1.476 cumulative IPC: 1.474 (Simulation time: 04 hr 30 min 26 sec)
Heartbeat CPU 6 instructions: 110000023 cycles: 56661538 heartbeat IPC: 1.475 cumulative IPC: 1.474 (Simulation time: 04 hr 30 min 28 sec)
Heartbeat CPU 2 instructions: 110000029 cycles: 56665120 heartbeat IPC: 1.476 cumulative IPC: 1.474 (Simulation time: 04 hr 30 min 29 sec)
Heartbeat CPU 5 instructions: 110000029 cycles: 56673823 heartbeat IPC: 1.475 cumulative IPC: 1.474 (Simulation time: 04 hr 30 min 32 sec)
Heartbeat CPU 14 instructions: 110000029 cycles: 56698545 heartbeat IPC: 1.475 cumulative IPC: 1.473 (Simulation time: 04 hr 30 min 39 sec)
Heartbeat CPU 1 instructions: 120000030 cycles: 63309697 heartbeat IPC: 1.478 cumulative IPC: 1.478 (Simulation time: 05 hr 02 min 14 sec)
Heartbeat CPU 10 instructions: 120000024 cycles: 63332206 heartbeat IPC: 1.478 cumulative IPC: 1.478 (Simulation time: 05 hr 02 min 21 sec)
Heartbeat CPU 3 instructions: 120000030 cycles: 63350097 heartbeat IPC: 1.477 cumulative IPC: 1.477 (Simulation time: 05 hr 02 min 26 sec)
Heartbeat CPU 15 instructions: 120000030 cycles: 63360919 heartbeat IPC: 1.476 cumulative IPC: 1.477 (Simulation time: 05 hr 02 min 29 sec)
Heartbeat CPU 13 instructions: 120000030 cycles: 63369996 heartbeat IPC: 1.477 cumulative IPC: 1.476 (Simulation time: 05 hr 02 min 32 sec)
Heartbeat CPU 12 instructions: 120000030 cycles: 63376748 heartbeat IPC: 1.478 cumulative IPC: 1.476 (Simulation time: 05 hr 02 min 34 sec)
Heartbeat CPU 9 instructions: 120000030 cycles: 63395616 heartbeat IPC: 1.475 cumulative IPC: 1.475 (Simulation time: 05 hr 02 min 39 sec)
Heartbeat CPU 0 instructions: 120000030 cycles: 63399471 heartbeat IPC: 1.476 cumulative IPC: 1.475 (Simulation time: 05 hr 02 min 40 sec)
Heartbeat CPU 11 instructions: 120000030 cycles: 63401673 heartbeat IPC: 1.476 cumulative IPC: 1.475 (Simulation time: 05 hr 02 min 41 sec)
Heartbeat CPU 7 instructions: 120000030 cycles: 63411155 heartbeat IPC: 1.476 cumulative IPC: 1.475 (Simulation time: 05 hr 02 min 43 sec)
Heartbeat CPU 4 instructions: 120000030 cycles: 63417854 heartbeat IPC: 1.476 cumulative IPC: 1.475 (Simulation time: 05 hr 02 min 45 sec)
Heartbeat CPU 8 instructions: 120000024 cycles: 63427287 heartbeat IPC: 1.476 cumulative IPC: 1.475 (Simulation time: 05 hr 02 min 48 sec)
Heartbeat CPU 6 instructions: 120000024 cycles: 63435525 heartbeat IPC: 1.476 cumulative IPC: 1.474 (Simulation time: 05 hr 02 min 50 sec)
Heartbeat CPU 2 instructions: 120000030 cycles: 63442154 heartbeat IPC: 1.476 cumulative IPC: 1.474 (Simulation time: 05 hr 02 min 52 sec)
Heartbeat CPU 5 instructions: 120000030 cycles: 63451478 heartbeat IPC: 1.475 cumulative IPC: 1.474 (Simulation time: 05 hr 02 min 55 sec)
Heartbeat CPU 14 instructions: 120000030 cycles: 63478407 heartbeat IPC: 1.475 cumulative IPC: 1.473 (Simulation time: 05 hr 03 min 03 sec)
Heartbeat CPU 1 instructions: 130000033 cycles: 70083910 heartbeat IPC: 1.476 cumulative IPC: 1.477 (Simulation time: 05 hr 34 min 56 sec)
Heartbeat CPU 10 instructions: 130000027 cycles: 70097460 heartbeat IPC: 1.478 cumulative IPC: 1.478 (Simulation time: 05 hr 34 min 59 sec)
Heartbeat CPU 3 instructions: 130000033 cycles: 70117698 heartbeat IPC: 1.478 cumulative IPC: 1.477 (Simulation time: 05 hr 35 min 05 sec)
Heartbeat CPU 15 instructions: 130000033 cycles: 70131248 heartbeat IPC: 1.477 cumulative IPC: 1.477 (Simulation time: 05 hr 35 min 09 sec)
Heartbeat CPU 13 instructions: 130000033 cycles: 70145384 heartbeat IPC: 1.476 cumulative IPC: 1.476 (Simulation time: 05 hr 35 min 13 sec)
Heartbeat CPU 12 instructions: 130000033 cycles: 70151129 heartbeat IPC: 1.476 cumulative IPC: 1.476 (Simulation time: 05 hr 35 min 15 sec)
Heartbeat CPU 0 instructions: 130000033 cycles: 70164857 heartbeat IPC: 1.478 cumulative IPC: 1.476 (Simulation time: 05 hr 35 min 19 sec)
Heartbeat CPU 11 instructions: 130000033 cycles: 70173590 heartbeat IPC: 1.477 cumulative IPC: 1.476 (Simulation time: 05 hr 35 min 22 sec)
Heartbeat CPU 7 instructions: 130000033 cycles: 70189324 heartbeat IPC: 1.475 cumulative IPC: 1.475 (Simulation time: 05 hr 35 min 26 sec)
Heartbeat CPU 4 instructions: 130000033 cycles: 70200221 heartbeat IPC: 1.474 cumulative IPC: 1.475 (Simulation time: 05 hr 35 min 29 sec)
Heartbeat CPU 8 instructions: 130000027 cycles: 70209329 heartbeat IPC: 1.474 cumulative IPC: 1.475 (Simulation time: 05 hr 35 min 32 sec)
Heartbeat CPU 9 instructions: 130000033 cycles: 70211425 heartbeat IPC: 1.467 cumulative IPC: 1.474 (Simulation time: 05 hr 35 min 33 sec)
Heartbeat CPU 6 instructions: 130000027 cycles: 70215891 heartbeat IPC: 1.475 cumulative IPC: 1.474 (Simulation time: 05 hr 35 min 34 sec)
Heartbeat CPU 5 instructions: 130000033 cycles: 70228400 heartbeat IPC: 1.476 cumulative IPC: 1.474 (Simulation time: 05 hr 35 min 37 sec)
Heartbeat CPU 2 instructions: 130000033 cycles: 70246540 heartbeat IPC: 1.47 cumulative IPC: 1.474 (Simulation time: 05 hr 35 min 43 sec)
Heartbeat CPU 14 instructions: 130000033 cycles: 70260271 heartbeat IPC: 1.475 cumulative IPC: 1.473 (Simulation time: 05 hr 35 min 47 sec)
Heartbeat CPU 1 instructions: 140000034 cycles: 76851176 heartbeat IPC: 1.478 cumulative IPC: 1.477 (Simulation time: 06 hr 07 min 35 sec)
Heartbeat CPU 10 instructions: 140000028 cycles: 76869149 heartbeat IPC: 1.477 cumulative IPC: 1.478 (Simulation time: 06 hr 07 min 41 sec)
Heartbeat CPU 3 instructions: 140000034 cycles: 76885061 heartbeat IPC: 1.478 cumulative IPC: 1.477 (Simulation time: 06 hr 07 min 45 sec)
Heartbeat CPU 15 instructions: 140000034 cycles: 76898440 heartbeat IPC: 1.478 cumulative IPC: 1.477 (Simulation time: 06 hr 07 min 49 sec)
Heartbeat CPU 13 instructions: 140000034 cycles: 76911720 heartbeat IPC: 1.478 cumulative IPC: 1.477 (Simulation time: 06 hr 07 min 53 sec)
Heartbeat CPU 12 instructions: 140000034 cycles: 76925126 heartbeat IPC: 1.476 cumulative IPC: 1.476 (Simulation time: 06 hr 07 min 57 sec)
Heartbeat CPU 0 instructions: 140000034 cycles: 76939047 heartbeat IPC: 1.476 cumulative IPC: 1.476 (Simulation time: 06 hr 08 min 01 sec)
Heartbeat CPU 11 instructions: 140000034 cycles: 76944366 heartbeat IPC: 1.477 cumulative IPC: 1.476 (Simulation time: 06 hr 08 min 02 sec)
Heartbeat CPU 7 instructions: 140000034 cycles: 76956511 heartbeat IPC: 1.478 cumulative IPC: 1.475 (Simulation time: 06 hr 08 min 06 sec)
Heartbeat CPU 4 instructions: 140000034 cycles: 76969072 heartbeat IPC: 1.477 cumulative IPC: 1.475 (Simulation time: 06 hr 08 min 09 sec)
Heartbeat CPU 8 instructions: 140000028 cycles: 76986892 heartbeat IPC: 1.475 cumulative IPC: 1.475 (Simulation time: 06 hr 08 min 15 sec)
Heartbeat CPU 9 instructions: 140000034 cycles: 76996650 heartbeat IPC: 1.474 cumulative IPC: 1.474 (Simulation time: 06 hr 08 min 17 sec)
Heartbeat CPU 6 instructions: 140000028 cycles: 77000131 heartbeat IPC: 1.474 cumulative IPC: 1.474 (Simulation time: 06 hr 08 min 18 sec)
Heartbeat CPU 5 instructions: 140000034 cycles: 77011643 heartbeat IPC: 1.474 cumulative IPC: 1.474 (Simulation time: 06 hr 08 min 22 sec)
Heartbeat CPU 2 instructions: 140000034 cycles: 77014922 heartbeat IPC: 1.477 cumulative IPC: 1.474 (Simulation time: 06 hr 08 min 23 sec)
Heartbeat CPU 14 instructions: 140000034 cycles: 77041121 heartbeat IPC: 1.475 cumulative IPC: 1.473 (Simulation time: 06 hr 08 min 30 sec)
Heartbeat CPU 1 instructions: 150000038 cycles: 83618660 heartbeat IPC: 1.478 cumulative IPC: 1.477 (Simulation time: 06 hr 40 min 23 sec)
Heartbeat CPU 10 instructions: 150000032 cycles: 83642548 heartbeat IPC: 1.476 cumulative IPC: 1.477 (Simulation time: 06 hr 40 min 30 sec)
Heartbeat CPU 3 instructions: 150000038 cycles: 83657182 heartbeat IPC: 1.477 cumulative IPC: 1.477 (Simulation time: 06 hr 40 min 34 sec)
Heartbeat CPU 15 instructions: 150000038 cycles: 83668233 heartbeat IPC: 1.477 cumulative IPC: 1.477 (Simulation time: 06 hr 40 min 37 sec)
Heartbeat CPU 13 instructions: 150000038 cycles: 83684415 heartbeat IPC: 1.477 cumulative IPC: 1.477 (Simulation time: 06 hr 40 min 42 sec)
Heartbeat CPU 12 instructions: 150000038 cycles: 83691152 heartbeat IPC: 1.478 cumulative IPC: 1.476 (Simulation time: 06 hr 40 min 44 sec)
Heartbeat CPU 0 instructions: 150000036 cycles: 83712844 heartbeat IPC: 1.476 cumulative IPC: 1.476 (Simulation time: 06 hr 40 min 50 sec)
Heartbeat CPU 11 instructions: 150000038 cycles: 83718250 heartbeat IPC: 1.476 cumulative IPC: 1.476 (Simulation time: 06 hr 40 min 52 sec)
Heartbeat CPU 7 instructions: 150000038 cycles: 83732926 heartbeat IPC: 1.476 cumulative IPC: 1.475 (Simulation time: 06 hr 40 min 56 sec)
Heartbeat CPU 4 instructions: 150000038 cycles: 83746734 heartbeat IPC: 1.475 cumulative IPC: 1.475 (Simulation time: 06 hr 41 min 00 sec)
Heartbeat CPU 8 instructions: 150000032 cycles: 83756337 heartbeat IPC: 1.477 cumulative IPC: 1.475 (Simulation time: 06 hr 41 min 03 sec)
Heartbeat CPU 9 instructions: 150000038 cycles: 83774062 heartbeat IPC: 1.475 cumulative IPC: 1.474 (Simulation time: 06 hr 41 min 08 sec)
Heartbeat CPU 6 instructions: 150000032 cycles: 83780171 heartbeat IPC: 1.475 cumulative IPC: 1.474 (Simulation time: 06 hr 41 min 10 sec)
Heartbeat CPU 2 instructions: 150000036 cycles: 83792178 heartbeat IPC: 1.476 cumulative IPC: 1.474 (Simulation time: 06 hr 41 min 14 sec)
Heartbeat CPU 5 instructions: 150000036 cycles: 83795330 heartbeat IPC: 1.474 cumulative IPC: 1.474 (Simulation time: 06 hr 41 min 14 sec)
Heartbeat CPU 14 instructions: 150000038 cycles: 83825273 heartbeat IPC: 1.474 cumulative IPC: 1.473 (Simulation time: 06 hr 41 min 23 sec)
Heartbeat CPU 1 instructions: 160000038 cycles: 90390726 heartbeat IPC: 1.477 cumulative IPC: 1.477 (Simulation time: 07 hr 13 min 03 sec)
Heartbeat CPU 10 instructions: 160000032 cycles: 90412695 heartbeat IPC: 1.477 cumulative IPC: 1.477 (Simulation time: 07 hr 13 min 09 sec)
Heartbeat CPU 3 instructions: 160000038 cycles: 90429952 heartbeat IPC: 1.477 cumulative IPC: 1.477 (Simulation time: 07 hr 13 min 14 sec)
Heartbeat CPU 15 instructions: 160000038 cycles: 90443326 heartbeat IPC: 1.476 cumulative IPC: 1.477 (Simulation time: 07 hr 13 min 18 sec)
Heartbeat CPU 13 instructions: 160000038 cycles: 90458515 heartbeat IPC: 1.476 cumulative IPC: 1.476 (Simulation time: 07 hr 13 min 23 sec)
Heartbeat CPU 12 instructions: 160000038 cycles: 90461616 heartbeat IPC: 1.477 cumulative IPC: 1.476 (Simulation time: 07 hr 13 min 23 sec)
Heartbeat CPU 0 instructions: 160000038 cycles: 90479971 heartbeat IPC: 1.478 cumulative IPC: 1.476 (Simulation time: 07 hr 13 min 29 sec)
Heartbeat CPU 11 instructions: 160000038 cycles: 90489177 heartbeat IPC: 1.477 cumulative IPC: 1.476 (Simulation time: 07 hr 13 min 31 sec)
Heartbeat CPU 7 instructions: 160000038 cycles: 90502982 heartbeat IPC: 1.477 cumulative IPC: 1.476 (Simulation time: 07 hr 13 min 35 sec)
Heartbeat CPU 4 instructions: 160000038 cycles: 90522193 heartbeat IPC: 1.476 cumulative IPC: 1.475 (Simulation time: 07 hr 13 min 41 sec)
Heartbeat CPU 8 instructions: 160000032 cycles: 90531310 heartbeat IPC: 1.476 cumulative IPC: 1.475 (Simulation time: 07 hr 13 min 44 sec)
Heartbeat CPU 9 instructions: 160000038 cycles: 90547184 heartbeat IPC: 1.476 cumulative IPC: 1.474 (Simulation time: 07 hr 13 min 49 sec)
Heartbeat CPU 6 instructions: 160000032 cycles: 90556340 heartbeat IPC: 1.476 cumulative IPC: 1.475 (Simulation time: 07 hr 13 min 51 sec)
Heartbeat CPU 2 instructions: 160000038 cycles: 90567052 heartbeat IPC: 1.476 cumulative IPC: 1.474 (Simulation time: 07 hr 13 min 54 sec)
Heartbeat CPU 5 instructions: 160000036 cycles: 90579379 heartbeat IPC: 1.474 cumulative IPC: 1.474 (Simulation time: 07 hr 13 min 58 sec)
Heartbeat CPU 14 instructions: 160000038 cycles: 90608302 heartbeat IPC: 1.474 cumulative IPC: 1.474 (Simulation time: 07 hr 14 min 06 sec)
Heartbeat CPU 1 instructions: 170000042 cycles: 97160573 heartbeat IPC: 1.477 cumulative IPC: 1.477 (Simulation time: 07 hr 45 min 37 sec)
Heartbeat CPU 10 instructions: 170000036 cycles: 97181051 heartbeat IPC: 1.477 cumulative IPC: 1.477 (Simulation time: 07 hr 45 min 43 sec)
Heartbeat CPU 3 instructions: 170000042 cycles: 97196427 heartbeat IPC: 1.478 cumulative IPC: 1.477 (Simulation time: 07 hr 45 min 47 sec)
Heartbeat CPU 15 instructions: 170000040 cycles: 97213908 heartbeat IPC: 1.477 cumulative IPC: 1.477 (Simulation time: 07 hr 45 min 52 sec)
Heartbeat CPU 13 instructions: 170000040 cycles: 97227789 heartbeat IPC: 1.477 cumulative IPC: 1.477 (Simulation time: 07 hr 45 min 56 sec)
Heartbeat CPU 12 instructions: 170000042 cycles: 97232149 heartbeat IPC: 1.477 cumulative IPC: 1.476 (Simulation time: 07 hr 45 min 57 sec)
Heartbeat CPU 0 instructions: 170000042 cycles: 97251088 heartbeat IPC: 1.477 cumulative IPC: 1.476 (Simulation time: 07 hr 46 min 03 sec)
Heartbeat CPU 11 instructions: 170000040 cycles: 97259118 heartbeat IPC: 1.477 cumulative IPC: 1.476 (Simulation time: 07 hr 46 min 05 sec)
Heartbeat CPU 7 instructions: 170000042 cycles: 97274889 heartbeat IPC: 1.477 cumulative IPC: 1.476 (Simulation time: 07 hr 46 min 10 sec)
Heartbeat CPU 4 instructions: 170000042 cycles: 97292896 heartbeat IPC: 1.477 cumulative IPC: 1.475 (Simulation time: 07 hr 46 min 15 sec)
Heartbeat CPU 8 instructions: 170000036 cycles: 97310336 heartbeat IPC: 1.475 cumulative IPC: 1.475 (Simulation time: 07 hr 46 min 20 sec)
Heartbeat CPU 9 instructions: 170000042 cycles: 97323219 heartbeat IPC: 1.476 cumulative IPC: 1.474 (Simulation time: 07 hr 46 min 24 sec)
Heartbeat CPU 6 instructions: 170000036 cycles: 97336711 heartbeat IPC: 1.475 cumulative IPC: 1.475 (Simulation time: 07 hr 46 min 28 sec)
Heartbeat CPU 2 instructions: 170000042 cycles: 97342875 heartbeat IPC: 1.476 cumulative IPC: 1.474 (Simulation time: 07 hr 46 min 29 sec)
Heartbeat CPU 5 instructions: 170000036 cycles: 97355514 heartbeat IPC: 1.476 cumulative IPC: 1.474 (Simulation time: 07 hr 46 min 33 sec)
Heartbeat CPU 14 instructions: 170000042 cycles: 97390062 heartbeat IPC: 1.475 cumulative IPC: 1.474 (Simulation time: 07 hr 46 min 43 sec)
Heartbeat CPU 1 instructions: 180000043 cycles: 103933796 heartbeat IPC: 1.476 cumulative IPC: 1.477 (Simulation time: 08 hr 17 min 49 sec)
Heartbeat CPU 10 instructions: 180000037 cycles: 103956001 heartbeat IPC: 1.476 cumulative IPC: 1.477 (Simulation time: 08 hr 17 min 56 sec)
Heartbeat CPU 3 instructions: 180000043 cycles: 103968965 heartbeat IPC: 1.477 cumulative IPC: 1.477 (Simulation time: 08 hr 18 min 00 sec)
Heartbeat CPU 15 instructions: 180000043 cycles: 103986073 heartbeat IPC: 1.477 cumulative IPC: 1.477 (Simulation time: 08 hr 18 min 05 sec)
Heartbeat CPU 13 instructions: 180000043 cycles: 104001351 heartbeat IPC: 1.476 cumulative IPC: 1.477 (Simulation time: 08 hr 18 min 09 sec)
Heartbeat CPU 12 instructions: 180000043 cycles: 104004721 heartbeat IPC: 1.477 cumulative IPC: 1.476 (Simulation time: 08 hr 18 min 10 sec)
Heartbeat CPU 0 instructions: 180000043 cycles: 104020167 heartbeat IPC: 1.477 cumulative IPC: 1.476 (Simulation time: 08 hr 18 min 14 sec)
Heartbeat CPU 11 instructions: 180000043 cycles: 104032209 heartbeat IPC: 1.476 cumulative IPC: 1.476 (Simulation time: 08 hr 18 min 18 sec)
Heartbeat CPU 7 instructions: 180000043 cycles: 104045870 heartbeat IPC: 1.477 cumulative IPC: 1.476 (Simulation time: 08 hr 18 min 22 sec)
Heartbeat CPU 4 instructions: 180000043 cycles: 104067173 heartbeat IPC: 1.476 cumulative IPC: 1.475 (Simulation time: 08 hr 18 min 28 sec)
Heartbeat CPU 8 instructions: 180000037 cycles: 104083079 heartbeat IPC: 1.477 cumulative IPC: 1.475 (Simulation time: 08 hr 18 min 33 sec)
Heartbeat CPU 9 instructions: 180000043 cycles: 104100693 heartbeat IPC: 1.475 cumulative IPC: 1.475 (Simulation time: 08 hr 18 min 38 sec)
Heartbeat CPU 2 instructions: 180000043 cycles: 104118767 heartbeat IPC: 1.476 cumulative IPC: 1.475 (Simulation time: 08 hr 18 min 43 sec)
Heartbeat CPU 6 instructions: 180000037 cycles: 104123091 heartbeat IPC: 1.474 cumulative IPC: 1.474 (Simulation time: 08 hr 18 min 44 sec)
Heartbeat CPU 5 instructions: 180000037 cycles: 104137877 heartbeat IPC: 1.474 cumulative IPC: 1.474 (Simulation time: 08 hr 18 min 48 sec)
Heartbeat CPU 14 instructions: 180000043 cycles: 104175531 heartbeat IPC: 1.474 cumulative IPC: 1.474 (Simulation time: 08 hr 18 min 59 sec)
Heartbeat CPU 1 instructions: 190000046 cycles: 110708889 heartbeat IPC: 1.476 cumulative IPC: 1.477 (Simulation time: 08 hr 50 min 24 sec)
Heartbeat CPU 10 instructions: 190000037 cycles: 110728670 heartbeat IPC: 1.477 cumulative IPC: 1.477 (Simulation time: 08 hr 50 min 30 sec)
Heartbeat CPU 3 instructions: 190000046 cycles: 110739732 heartbeat IPC: 1.477 cumulative IPC: 1.477 (Simulation time: 08 hr 50 min 33 sec)
Heartbeat CPU 15 instructions: 190000046 cycles: 110755138 heartbeat IPC: 1.477 cumulative IPC: 1.477 (Simulation time: 08 hr 50 min 37 sec)
Heartbeat CPU 13 instructions: 190000046 cycles: 110778602 heartbeat IPC: 1.476 cumulative IPC: 1.476 (Simulation time: 08 hr 50 min 44 sec)
Heartbeat CPU 12 instructions: 190000046 cycles: 110778974 heartbeat IPC: 1.476 cumulative IPC: 1.476 (Simulation time: 08 hr 50 min 44 sec)
Heartbeat CPU 0 instructions: 190000046 cycles: 110793458 heartbeat IPC: 1.476 cumulative IPC: 1.476 (Simulation time: 08 hr 50 min 48 sec)
Heartbeat CPU 11 instructions: 190000046 cycles: 110801572 heartbeat IPC: 1.477 cumulative IPC: 1.476 (Simulation time: 08 hr 50 min 51 sec)
Heartbeat CPU 7 instructions: 190000046 cycles: 110821596 heartbeat IPC: 1.476 cumulative IPC: 1.476 (Simulation time: 08 hr 50 min 56 sec)
Heartbeat CPU 4 instructions: 190000046 cycles: 110838196 heartbeat IPC: 1.477 cumulative IPC: 1.476 (Simulation time: 08 hr 51 min 01 sec)
Heartbeat CPU 8 instructions: 190000039 cycles: 110858975 heartbeat IPC: 1.476 cumulative IPC: 1.475 (Simulation time: 08 hr 51 min 07 sec)
Heartbeat CPU 9 instructions: 190000046 cycles: 110873744 heartbeat IPC: 1.476 cumulative IPC: 1.475 (Simulation time: 08 hr 51 min 11 sec)
Heartbeat CPU 2 instructions: 190000046 cycles: 110891003 heartbeat IPC: 1.477 cumulative IPC: 1.475 (Simulation time: 08 hr 51 min 16 sec)
Heartbeat CPU 6 instructions: 190000039 cycles: 110903715 heartbeat IPC: 1.475 cumulative IPC: 1.475 (Simulation time: 08 hr 51 min 20 sec)
Heartbeat CPU 5 instructions: 190000037 cycles: 110920207 heartbeat IPC: 1.474 cumulative IPC: 1.474 (Simulation time: 08 hr 51 min 25 sec)
Heartbeat CPU 14 instructions: 190000046 cycles: 110958109 heartbeat IPC: 1.474 cumulative IPC: 1.474 (Simulation time: 08 hr 51 min 36 sec)
Heartbeat CPU 1 instructions: 200000047 cycles: 117477673 heartbeat IPC: 1.477 cumulative IPC: 1.477 (Simulation time: 09 hr 23 min 03 sec)
Heartbeat CPU 10 instructions: 200000041 cycles: 117498324 heartbeat IPC: 1.477 cumulative IPC: 1.477 (Simulation time: 09 hr 23 min 09 sec)
Heartbeat CPU 3 instructions: 200000047 cycles: 117511281 heartbeat IPC: 1.477 cumulative IPC: 1.477 (Simulation time: 09 hr 23 min 13 sec)
Heartbeat CPU 15 instructions: 200000047 cycles: 117525880 heartbeat IPC: 1.477 cumulative IPC: 1.477 (Simulation time: 09 hr 23 min 17 sec)
Heartbeat CPU 13 instructions: 200000047 cycles: 117547662 heartbeat IPC: 1.477 cumulative IPC: 1.477 (Simulation time: 09 hr 23 min 24 sec)
Heartbeat CPU 12 instructions: 200000047 cycles: 117554116 heartbeat IPC: 1.476 cumulative IPC: 1.476 (Simulation time: 09 hr 23 min 26 sec)
Heartbeat CPU 0 instructions: 200000047 cycles: 117566029 heartbeat IPC: 1.477 cumulative IPC: 1.476 (Simulation time: 09 hr 23 min 29 sec)
Heartbeat CPU 11 instructions: 200000047 cycles: 117573370 heartbeat IPC: 1.477 cumulative IPC: 1.476 (Simulation time: 09 hr 23 min 31 sec)
Heartbeat CPU 7 instructions: 200000047 cycles: 117589759 heartbeat IPC: 1.478 cumulative IPC: 1.476 (Simulation time: 09 hr 23 min 36 sec)
Heartbeat CPU 4 instructions: 200000047 cycles: 117605409 heartbeat IPC: 1.478 cumulative IPC: 1.476 (Simulation time: 09 hr 23 min 40 sec)
Heartbeat CPU 8 instructions: 200000041 cycles: 117634245 heartbeat IPC: 1.476 cumulative IPC: 1.475 (Simulation time: 09 hr 23 min 49 sec)
Heartbeat CPU 9 instructions: 200000047 cycles: 117648280 heartbeat IPC: 1.476 cumulative IPC: 1.475 (Simulation time: 09 hr 23 min 53 sec)
Heartbeat CPU 2 instructions: 200000047 cycles: 117660311 heartbeat IPC: 1.477 cumulative IPC: 1.475 (Simulation time: 09 hr 23 min 56 sec)
Heartbeat CPU 6 instructions: 200000041 cycles: 117676305 heartbeat IPC: 1.477 cumulative IPC: 1.475 (Simulation time: 09 hr 24 min 01 sec)
Heartbeat CPU 5 instructions: 200000041 cycles: 117696405 heartbeat IPC: 1.476 cumulative IPC: 1.474 (Simulation time: 09 hr 24 min 07 sec)
Heartbeat CPU 14 instructions: 200000047 cycles: 117742471 heartbeat IPC: 1.474 cumulative IPC: 1.474 (Simulation time: 09 hr 24 min 20 sec)
Heartbeat CPU 1 instructions: 210000048 cycles: 124245310 heartbeat IPC: 1.478 cumulative IPC: 1.477 (Simulation time: 09 hr 55 min 26 sec)
Heartbeat CPU 10 instructions: 210000042 cycles: 124270314 heartbeat IPC: 1.477 cumulative IPC: 1.477 (Simulation time: 09 hr 55 min 33 sec)
Heartbeat CPU 3 instructions: 210000048 cycles: 124288503 heartbeat IPC: 1.476 cumulative IPC: 1.477 (Simulation time: 09 hr 55 min 38 sec)
Heartbeat CPU 15 instructions: 210000048 cycles: 124295267 heartbeat IPC: 1.477 cumulative IPC: 1.477 (Simulation time: 09 hr 55 min 40 sec)
Heartbeat CPU 13 instructions: 210000048 cycles: 124314572 heartbeat IPC: 1.478 cumulative IPC: 1.477 (Simulation time: 09 hr 55 min 46 sec)
Heartbeat CPU 12 instructions: 210000048 cycles: 124326706 heartbeat IPC: 1.477 cumulative IPC: 1.476 (Simulation time: 09 hr 55 min 49 sec)
Heartbeat CPU 0 instructions: 210000048 cycles: 124342706 heartbeat IPC: 1.476 cumulative IPC: 1.476 (Simulation time: 09 hr 55 min 54 sec)
Heartbeat CPU 11 instructions: 210000048 cycles: 124343293 heartbeat IPC: 1.477 cumulative IPC: 1.476 (Simulation time: 09 hr 55 min 54 sec)
Heartbeat CPU 7 instructions: 210000048 cycles: 124361012 heartbeat IPC: 1.477 cumulative IPC: 1.476 (Simulation time: 09 hr 55 min 59 sec)
Heartbeat CPU 4 instructions: 210000048 cycles: 124382279 heartbeat IPC: 1.476 cumulative IPC: 1.476 (Simulation time: 09 hr 56 min 05 sec)
Heartbeat CPU 8 instructions: 210000042 cycles: 124410038 heartbeat IPC: 1.476 cumulative IPC: 1.475 (Simulation time: 09 hr 56 min 13 sec)
Heartbeat CPU 9 instructions: 210000048 cycles: 124428258 heartbeat IPC: 1.475 cumulative IPC: 1.475 (Simulation time: 09 hr 56 min 18 sec)
Heartbeat CPU 2 instructions: 210000048 cycles: 124434774 heartbeat IPC: 1.476 cumulative IPC: 1.475 (Simulation time: 09 hr 56 min 20 sec)
Heartbeat CPU 6 instructions: 210000042 cycles: 124448822 heartbeat IPC: 1.477 cumulative IPC: 1.475 (Simulation time: 09 hr 56 min 24 sec)
Heartbeat CPU 5 instructions: 210000042 cycles: 124478142 heartbeat IPC: 1.475 cumulative IPC: 1.474 (Simulation time: 09 hr 56 min 32 sec)
Heartbeat CPU 14 instructions: 210000048 cycles: 124528230 heartbeat IPC: 1.474 cumulative IPC: 1.474 (Simulation time: 09 hr 56 min 47 sec)
Heartbeat CPU 1 instructions: 220000050 cycles: 130538548 heartbeat IPC: 1.589 cumulative IPC: 1.483 (Simulation time: 10 hr 26 min 30 sec)
Heartbeat CPU 10 instructions: 220000044 cycles: 130558951 heartbeat IPC: 1.59 cumulative IPC: 1.483 (Simulation time: 10 hr 26 min 36 sec)
Heartbeat CPU 3 instructions: 220000050 cycles: 130575541 heartbeat IPC: 1.591 cumulative IPC: 1.483 (Simulation time: 10 hr 26 min 41 sec)
Heartbeat CPU 15 instructions: 220000050 cycles: 130585103 heartbeat IPC: 1.59 cumulative IPC: 1.483 (Simulation time: 10 hr 26 min 44 sec)
Heartbeat CPU 13 instructions: 220000050 cycles: 130604365 heartbeat IPC: 1.59 cumulative IPC: 1.483 (Simulation time: 10 hr 26 min 50 sec)
Heartbeat CPU 12 instructions: 220000050 cycles: 130609734 heartbeat IPC: 1.592 cumulative IPC: 1.483 (Simulation time: 10 hr 26 min 52 sec)
Heartbeat CPU 11 instructions: 220000050 cycles: 130630066 heartbeat IPC: 1.591 cumulative IPC: 1.482 (Simulation time: 10 hr 26 min 58 sec)
Heartbeat CPU 0 instructions: 220000050 cycles: 130632362 heartbeat IPC: 1.59 cumulative IPC: 1.482 (Simulation time: 10 hr 26 min 59 sec)
Heartbeat CPU 7 instructions: 220000050 cycles: 130646763 heartbeat IPC: 1.591 cumulative IPC: 1.482 (Simulation time: 10 hr 27 min 04 sec)
Heartbeat CPU 4 instructions: 220000050 cycles: 130672682 heartbeat IPC: 1.59 cumulative IPC: 1.482 (Simulation time: 10 hr 27 min 11 sec)
Heartbeat CPU 8 instructions: 220000044 cycles: 130699597 heartbeat IPC: 1.59 cumulative IPC: 1.482 (Simulation time: 10 hr 27 min 19 sec)
Heartbeat CPU 9 instructions: 220000050 cycles: 130724191 heartbeat IPC: 1.588 cumulative IPC: 1.481 (Simulation time: 10 hr 27 min 27 sec)
Heartbeat CPU 2 instructions: 220000050 cycles: 130728454 heartbeat IPC: 1.589 cumulative IPC: 1.481 (Simulation time: 10 hr 27 min 28 sec)
Heartbeat CPU 6 instructions: 220000044 cycles: 130742836 heartbeat IPC: 1.589 cumulative IPC: 1.481 (Simulation time: 10 hr 27 min 32 sec)
Heartbeat CPU 5 instructions: 220000044 cycles: 130770994 heartbeat IPC: 1.589 cumulative IPC: 1.481 (Simulation time: 10 hr 27 min 41 sec)
Heartbeat CPU 14 instructions: 220000050 cycles: 130830395 heartbeat IPC: 1.587 cumulative IPC: 1.48 (Simulation time: 10 hr 27 min 59 sec)
Heartbeat CPU 1 instructions: 230000050 cycles: 136671802 heartbeat IPC: 1.63 cumulative IPC: 1.491 (Simulation time: 10 hr 55 min 53 sec)
Heartbeat CPU 10 instructions: 230000044 cycles: 136693271 heartbeat IPC: 1.63 cumulative IPC: 1.491 (Simulation time: 10 hr 55 min 59 sec)
Heartbeat CPU 15 instructions: 230000050 cycles: 136716620 heartbeat IPC: 1.631 cumulative IPC: 1.491 (Simulation time: 10 hr 56 min 05 sec)
Heartbeat CPU 3 instructions: 230000050 cycles: 136718829 heartbeat IPC: 1.628 cumulative IPC: 1.491 (Simulation time: 10 hr 56 min 06 sec)
Heartbeat CPU 13 instructions: 230000050 cycles: 136738998 heartbeat IPC: 1.63 cumulative IPC: 1.49 (Simulation time: 10 hr 56 min 12 sec)
Heartbeat CPU 12 instructions: 230000050 cycles: 136746009 heartbeat IPC: 1.63 cumulative IPC: 1.49 (Simulation time: 10 hr 56 min 14 sec)
Heartbeat CPU 11 instructions: 230000050 cycles: 136759668 heartbeat IPC: 1.631 cumulative IPC: 1.49 (Simulation time: 10 hr 56 min 17 sec)
Heartbeat CPU 0 instructions: 230000050 cycles: 136772161 heartbeat IPC: 1.629 cumulative IPC: 1.49 (Simulation time: 10 hr 56 min 21 sec)
Heartbeat CPU 7 instructions: 230000050 cycles: 136782522 heartbeat IPC: 1.63 cumulative IPC: 1.49 (Simulation time: 10 hr 56 min 24 sec)
Heartbeat CPU 4 instructions: 230000050 cycles: 136803624 heartbeat IPC: 1.631 cumulative IPC: 1.489 (Simulation time: 10 hr 56 min 30 sec)
Heartbeat CPU 8 instructions: 230000044 cycles: 136833520 heartbeat IPC: 1.63 cumulative IPC: 1.489 (Simulation time: 10 hr 56 min 38 sec)
Heartbeat CPU 9 instructions: 230000050 cycles: 136876149 heartbeat IPC: 1.625 cumulative IPC: 1.488 (Simulation time: 10 hr 56 min 50 sec)
Heartbeat CPU 2 instructions: 230000050 cycles: 136877390 heartbeat IPC: 1.626 cumulative IPC: 1.489 (Simulation time: 10 hr 56 min 50 sec)
Heartbeat CPU 6 instructions: 230000044 cycles: 136885817 heartbeat IPC: 1.628 cumulative IPC: 1.488 (Simulation time: 10 hr 56 min 53 sec)
Heartbeat CPU 5 instructions: 230000044 cycles: 136902128 heartbeat IPC: 1.631 cumulative IPC: 1.488 (Simulation time: 10 hr 56 min 57 sec)
Heartbeat CPU 14 instructions: 230000050 cycles: 136978563 heartbeat IPC: 1.627 cumulative IPC: 1.487 (Simulation time: 10 hr 57 min 18 sec)
Heartbeat CPU 1 instructions: 240000051 cycles: 142810085 heartbeat IPC: 1.629 cumulative IPC: 1.498 (Simulation time: 11 hr 24 min 34 sec)
Heartbeat CPU 10 instructions: 240000045 cycles: 142823403 heartbeat IPC: 1.631 cumulative IPC: 1.498 (Simulation time: 11 hr 24 min 38 sec)
Heartbeat CPU 15 instructions: 240000051 cycles: 142850235 heartbeat IPC: 1.63 cumulative IPC: 1.497 (Simulation time: 11 hr 24 min 45 sec)
Heartbeat CPU 3 instructions: 240000051 cycles: 142859815 heartbeat IPC: 1.628 cumulative IPC: 1.497 (Simulation time: 11 hr 24 min 48 sec)
Heartbeat CPU 13 instructions: 240000051 cycles: 142873754 heartbeat IPC: 1.63 cumulative IPC: 1.497 (Simulation time: 11 hr 24 min 52 sec)
Heartbeat CPU 12 instructions: 240000051 cycles: 142877805 heartbeat IPC: 1.631 cumulative IPC: 1.497 (Simulation time: 11 hr 24 min 53 sec)
Heartbeat CPU 11 instructions: 240000051 cycles: 142886350 heartbeat IPC: 1.632 cumulative IPC: 1.497 (Simulation time: 11 hr 24 min 56 sec)
Heartbeat CPU 0 instructions: 240000051 cycles: 142905271 heartbeat IPC: 1.63 cumulative IPC: 1.497 (Simulation time: 11 hr 25 min 01 sec)
Heartbeat CPU 7 instructions: 240000051 cycles: 142917062 heartbeat IPC: 1.63 cumulative IPC: 1.497 (Simulation time: 11 hr 25 min 04 sec)
Heartbeat CPU 4 instructions: 240000051 cycles: 142934300 heartbeat IPC: 1.631 cumulative IPC: 1.496 (Simulation time: 11 hr 25 min 09 sec)
Heartbeat CPU 8 instructions: 240000045 cycles: 142965935 heartbeat IPC: 1.631 cumulative IPC: 1.496 (Simulation time: 11 hr 25 min 18 sec)
Heartbeat CPU 2 instructions: 240000051 cycles: 143008382 heartbeat IPC: 1.631 cumulative IPC: 1.495 (Simulation time: 11 hr 25 min 30 sec)
Heartbeat CPU 9 instructions: 240000051 cycles: 143029712 heartbeat IPC: 1.625 cumulative IPC: 1.495 (Simulation time: 11 hr 25 min 36 sec)
Heartbeat CPU 6 instructions: 240000045 cycles: 143031902 heartbeat IPC: 1.627 cumulative IPC: 1.495 (Simulation time: 11 hr 25 min 37 sec)
Heartbeat CPU 5 instructions: 240000045 cycles: 143040851 heartbeat IPC: 1.629 cumulative IPC: 1.495 (Simulation time: 11 hr 25 min 39 sec)
Heartbeat CPU 14 instructions: 240000051 cycles: 143125203 heartbeat IPC: 1.627 cumulative IPC: 1.494 (Simulation time: 11 hr 26 min 03 sec)
Heartbeat CPU 1 instructions: 250000055 cycles: 148945146 heartbeat IPC: 1.63 cumulative IPC: 1.504 (Simulation time: 11 hr 53 min 07 sec)
Heartbeat CPU 10 instructions: 250000049 cycles: 148957838 heartbeat IPC: 1.63 cumulative IPC: 1.504 (Simulation time: 11 hr 53 min 10 sec)
[LLC] SPM stats: hits=52290625 first_accesses=73879552 dram_direct=0 loaded_lines=73879552
Simulation finished CPU 10 instructions: 200000002 cycles: 133000972 cumulative IPC: 1.504 (Simulation time: 11 hr 53 min 10 sec)
[LLC] SPM stats: hits=52295193 first_accesses=73879552 dram_direct=0 loaded_lines=73879552
Simulation finished CPU 1 instructions: 200000005 cycles: 133007016 cumulative IPC: 1.504 (Simulation time: 11 hr 53 min 12 sec)
Heartbeat CPU 15 instructions: 250000055 cycles: 148977126 heartbeat IPC: 1.632 cumulative IPC: 1.504 (Simulation time: 11 hr 53 min 15 sec)
[LLC] SPM stats: hits=52305219 first_accesses=73879552 dram_direct=0 loaded_lines=73879552
Simulation finished CPU 15 instructions: 200000002 cycles: 133020330 cumulative IPC: 1.504 (Simulation time: 11 hr 53 min 16 sec)
Heartbeat CPU 3 instructions: 250000055 cycles: 148994174 heartbeat IPC: 1.63 cumulative IPC: 1.503 (Simulation time: 11 hr 53 min 20 sec)
[LLC] SPM stats: hits=52317923 first_accesses=73879552 dram_direct=0 loaded_lines=73879552
Simulation finished CPU 3 instructions: 200000002 cycles: 133037094 cumulative IPC: 1.503 (Simulation time: 11 hr 53 min 20 sec)
Heartbeat CPU 13 instructions: 250000055 cycles: 149012404 heartbeat IPC: 1.629 cumulative IPC: 1.503 (Simulation time: 11 hr 53 min 25 sec)
[LLC] SPM stats: hits=52331749 first_accesses=73879552 dram_direct=0 loaded_lines=73879552
Simulation finished CPU 13 instructions: 200000002 cycles: 133055324 cumulative IPC: 1.503 (Simulation time: 11 hr 53 min 25 sec)
Heartbeat CPU 12 instructions: 250000055 cycles: 149014713 heartbeat IPC: 1.629 cumulative IPC: 1.503 (Simulation time: 11 hr 53 min 26 sec)
[LLC] SPM stats: hits=52333495 first_accesses=73879552 dram_direct=0 loaded_lines=73879552
Simulation finished CPU 12 instructions: 200000002 cycles: 133057633 cumulative IPC: 1.503 (Simulation time: 11 hr 53 min 26 sec)
Heartbeat CPU 11 instructions: 250000055 cycles: 149022206 heartbeat IPC: 1.63 cumulative IPC: 1.503 (Simulation time: 11 hr 53 min 28 sec)
[LLC] SPM stats: hits=52339376 first_accesses=73879552 dram_direct=0 loaded_lines=73879552
Simulation finished CPU 11 instructions: 200000000 cycles: 133065449 cumulative IPC: 1.503 (Simulation time: 11 hr 53 min 28 sec)
Heartbeat CPU 0 instructions: 250000055 cycles: 149033744 heartbeat IPC: 1.632 cumulative IPC: 1.503 (Simulation time: 11 hr 53 min 31 sec)
[LLC] SPM stats: hits=52348201 first_accesses=73879552 dram_direct=0 loaded_lines=73879552
Simulation finished CPU 0 instructions: 200000002 cycles: 133077077 cumulative IPC: 1.503 (Simulation time: 11 hr 53 min 31 sec)
Heartbeat CPU 7 instructions: 250000053 cycles: 149048499 heartbeat IPC: 1.631 cumulative IPC: 1.503 (Simulation time: 11 hr 53 min 35 sec)
[LLC] SPM stats: hits=52359567 first_accesses=73879552 dram_direct=0 loaded_lines=73879552
Simulation finished CPU 7 instructions: 200000004 cycles: 133092198 cumulative IPC: 1.503 (Simulation time: 11 hr 53 min 36 sec)
Heartbeat CPU 4 instructions: 250000055 cycles: 149068443 heartbeat IPC: 1.63 cumulative IPC: 1.503 (Simulation time: 11 hr 53 min 41 sec)
[LLC] SPM stats: hits=52374131 first_accesses=73879552 dram_direct=0 loaded_lines=73879552
Simulation finished CPU 4 instructions: 200000002 cycles: 133111362 cumulative IPC: 1.503 (Simulation time: 11 hr 53 min 41 sec)
Heartbeat CPU 8 instructions: 250000049 cycles: 149098130 heartbeat IPC: 1.631 cumulative IPC: 1.502 (Simulation time: 11 hr 53 min 49 sec)
[LLC] SPM stats: hits=52396444 first_accesses=73879552 dram_direct=0 loaded_lines=73879552
Simulation finished CPU 8 instructions: 200000002 cycles: 133141050 cumulative IPC: 1.502 (Simulation time: 11 hr 53 min 49 sec)
Heartbeat CPU 2 instructions: 250000055 cycles: 149141367 heartbeat IPC: 1.631 cumulative IPC: 1.502 (Simulation time: 11 hr 54 min 01 sec)
[LLC] SPM stats: hits=52429173 first_accesses=73879552 dram_direct=0 loaded_lines=73879552
Simulation finished CPU 2 instructions: 200000002 cycles: 133184414 cumulative IPC: 1.502 (Simulation time: 11 hr 54 min 01 sec)
Heartbeat CPU 9 instructions: 250000055 cycles: 149163174 heartbeat IPC: 1.63 cumulative IPC: 1.501 (Simulation time: 11 hr 54 min 07 sec)
[LLC] SPM stats: hits=52458393 first_accesses=73879552 dram_direct=0 loaded_lines=73879552
Simulation finished CPU 6 instructions: 200000001 cycles: 133223035 cumulative IPC: 1.501 (Simulation time: 11 hr 54 min 12 sec)
Heartbeat CPU 6 instructions: 250000049 cycles: 149180235 heartbeat IPC: 1.626 cumulative IPC: 1.501 (Simulation time: 11 hr 54 min 12 sec)
[LLC] SPM stats: hits=52459200 first_accesses=73879552 dram_direct=0 loaded_lines=73879552
Simulation finished CPU 9 instructions: 200000001 cycles: 133224085 cumulative IPC: 1.501 (Simulation time: 11 hr 54 min 12 sec)
Heartbeat CPU 5 instructions: 250000049 cycles: 149184135 heartbeat IPC: 1.628 cumulative IPC: 1.501 (Simulation time: 11 hr 54 min 13 sec)
[LLC] SPM stats: hits=52461417 first_accesses=73879552 dram_direct=0 loaded_lines=73879552
Simulation finished CPU 5 instructions: 200000002 cycles: 133227047 cumulative IPC: 1.501 (Simulation time: 11 hr 54 min 13 sec)
Heartbeat CPU 14 instructions: 250000055 cycles: 149269426 heartbeat IPC: 1.628 cumulative IPC: 1.5 (Simulation time: 11 hr 54 min 37 sec)
[LLC] SPM stats: hits=52526113 first_accesses=73879552 dram_direct=0 loaded_lines=73879552
Simulation finished CPU 14 instructions: 200000004 cycles: 133312656 cumulative IPC: 1.5 (Simulation time: 11 hr 54 min 37 sec)
Simulation complete CPU 9 instructions: 200144812 cycles: 133312656 cumulative IPC: 1.501 (Simulation time: 11 hr 54 min 37 sec)
Simulation complete CPU 8 instructions: 200279302 cycles: 133312656 cumulative IPC: 1.502 (Simulation time: 11 hr 54 min 37 sec)
Simulation complete CPU 7 instructions: 200359531 cycles: 133312656 cumulative IPC: 1.503 (Simulation time: 11 hr 54 min 37 sec)
Simulation complete CPU 6 instructions: 200145100 cycles: 133312656 cumulative IPC: 1.501 (Simulation time: 11 hr 54 min 37 sec)
Simulation complete CPU 5 instructions: 200138731 cycles: 133312656 cumulative IPC: 1.501 (Simulation time: 11 hr 54 min 37 sec)
Simulation complete CPU 4 instructions: 200327904 cycles: 133312656 cumulative IPC: 1.503 (Simulation time: 11 hr 54 min 37 sec)
Simulation complete CPU 3 instructions: 200448465 cycles: 133312656 cumulative IPC: 1.504 (Simulation time: 11 hr 54 min 37 sec)
Simulation complete CPU 2 instructions: 200209202 cycles: 133312656 cumulative IPC: 1.502 (Simulation time: 11 hr 54 min 37 sec)
Simulation complete CPU 15 instructions: 200475343 cycles: 133312656 cumulative IPC: 1.504 (Simulation time: 11 hr 54 min 37 sec)
Simulation complete CPU 14 instructions: 200000004 cycles: 133312656 cumulative IPC: 1.5 (Simulation time: 11 hr 54 min 37 sec)
Simulation complete CPU 13 instructions: 200418280 cycles: 133312656 cumulative IPC: 1.503 (Simulation time: 11 hr 54 min 37 sec)
Simulation complete CPU 12 instructions: 200414668 cycles: 133312656 cumulative IPC: 1.503 (Simulation time: 11 hr 54 min 37 sec)
Simulation complete CPU 11 instructions: 200403015 cycles: 133312656 cumulative IPC: 1.503 (Simulation time: 11 hr 54 min 37 sec)
Simulation complete CPU 10 instructions: 200506833 cycles: 133312656 cumulative IPC: 1.504 (Simulation time: 11 hr 54 min 37 sec)
Simulation complete CPU 1 instructions: 200499232 cycles: 133312656 cumulative IPC: 1.504 (Simulation time: 11 hr 54 min 37 sec)
Simulation complete CPU 0 instructions: 200384388 cycles: 133312656 cumulative IPC: 1.503 (Simulation time: 11 hr 54 min 37 sec)

ChampSim completed all CPUs

=== Simulation ===
CPU 0 runs traces/bench_gemv_q4k_4096x128256_spm.trace.xz
CPU 1 runs traces/bench_gemv_q4k_4096x128256_spm.trace.xz
CPU 2 runs traces/bench_gemv_q4k_4096x128256_spm.trace.xz
CPU 3 runs traces/bench_gemv_q4k_4096x128256_spm.trace.xz
CPU 4 runs traces/bench_gemv_q4k_4096x128256_spm.trace.xz
CPU 5 runs traces/bench_gemv_q4k_4096x128256_spm.trace.xz
CPU 6 runs traces/bench_gemv_q4k_4096x128256_spm.trace.xz
CPU 7 runs traces/bench_gemv_q4k_4096x128256_spm.trace.xz
CPU 8 runs traces/bench_gemv_q4k_4096x128256_spm.trace.xz
CPU 9 runs traces/bench_gemv_q4k_4096x128256_spm.trace.xz
CPU 10 runs traces/bench_gemv_q4k_4096x128256_spm.trace.xz
CPU 11 runs traces/bench_gemv_q4k_4096x128256_spm.trace.xz
CPU 12 runs traces/bench_gemv_q4k_4096x128256_spm.trace.xz
CPU 13 runs traces/bench_gemv_q4k_4096x128256_spm.trace.xz
CPU 14 runs traces/bench_gemv_q4k_4096x128256_spm.trace.xz
CPU 15 runs traces/bench_gemv_q4k_4096x128256_spm.trace.xz

Total Simulation Statistics (not including warmup)

CPU 9 cumulative IPC: 1.501 instructions: 200144812 cycles: 133312656
CPU 9 Branch Prediction Accuracy: 99.66% MPKI: 0.04758 Average ROB Occupancy at Mispredict: 291.7
Branch type MPKI
BRANCH_DIRECT_JUMP: 2.498e-05
BRANCH_INDIRECT: 0
BRANCH_CONDITIONAL: 0.0475
BRANCH_DIRECT_CALL: 9.993e-06
BRANCH_INDIRECT_CALL: 4.996e-06
BRANCH_RETURN: 3.997e-05


CPU 8 cumulative IPC: 1.502 instructions: 200279302 cycles: 133312656
CPU 8 Branch Prediction Accuracy: 99.66% MPKI: 0.04758 Average ROB Occupancy at Mispredict: 291.7
Branch type MPKI
BRANCH_DIRECT_JUMP: 2.497e-05
BRANCH_INDIRECT: 0
BRANCH_CONDITIONAL: 0.0475
BRANCH_DIRECT_CALL: 9.986e-06
BRANCH_INDIRECT_CALL: 4.993e-06
BRANCH_RETURN: 3.994e-05


CPU 7 cumulative IPC: 1.503 instructions: 200359531 cycles: 133312656
CPU 7 Branch Prediction Accuracy: 99.66% MPKI: 0.04759 Average ROB Occupancy at Mispredict: 291.9
Branch type MPKI
BRANCH_DIRECT_JUMP: 2.496e-05
BRANCH_INDIRECT: 0
BRANCH_CONDITIONAL: 0.04751
BRANCH_DIRECT_CALL: 9.982e-06
BRANCH_INDIRECT_CALL: 4.991e-06
BRANCH_RETURN: 3.993e-05


CPU 6 cumulative IPC: 1.501 instructions: 200145100 cycles: 133312656
CPU 6 Branch Prediction Accuracy: 99.66% MPKI: 0.04759 Average ROB Occupancy at Mispredict: 291.7
Branch type MPKI
BRANCH_DIRECT_JUMP: 2.498e-05
BRANCH_INDIRECT: 0
BRANCH_CONDITIONAL: 0.04751
BRANCH_DIRECT_CALL: 9.993e-06
BRANCH_INDIRECT_CALL: 4.996e-06
BRANCH_RETURN: 3.997e-05


CPU 5 cumulative IPC: 1.501 instructions: 200138731 cycles: 133312656
CPU 5 Branch Prediction Accuracy: 99.66% MPKI: 0.04759 Average ROB Occupancy at Mispredict: 291.7
Branch type MPKI
BRANCH_DIRECT_JUMP: 2.498e-05
BRANCH_INDIRECT: 0
BRANCH_CONDITIONAL: 0.04751
BRANCH_DIRECT_CALL: 9.993e-06
BRANCH_INDIRECT_CALL: 4.997e-06
BRANCH_RETURN: 3.997e-05


CPU 4 cumulative IPC: 1.503 instructions: 200327904 cycles: 133312656
CPU 4 Branch Prediction Accuracy: 99.66% MPKI: 0.04758 Average ROB Occupancy at Mispredict: 291.8
Branch type MPKI
BRANCH_DIRECT_JUMP: 2.496e-05
BRANCH_INDIRECT: 0
BRANCH_CONDITIONAL: 0.0475
BRANCH_DIRECT_CALL: 9.984e-06
BRANCH_INDIRECT_CALL: 4.992e-06
BRANCH_RETURN: 3.993e-05


CPU 3 cumulative IPC: 1.504 instructions: 200448465 cycles: 133312656
CPU 3 Branch Prediction Accuracy: 99.66% MPKI: 0.04759 Average ROB Occupancy at Mispredict: 292.1
Branch type MPKI
BRANCH_DIRECT_JUMP: 2.494e-05
BRANCH_INDIRECT: 0
BRANCH_CONDITIONAL: 0.04751
BRANCH_DIRECT_CALL: 9.978e-06
BRANCH_INDIRECT_CALL: 4.989e-06
BRANCH_RETURN: 3.991e-05


CPU 2 cumulative IPC: 1.502 instructions: 200209202 cycles: 133312656
CPU 2 Branch Prediction Accuracy: 99.66% MPKI: 0.04759 Average ROB Occupancy at Mispredict: 292
Branch type MPKI
BRANCH_DIRECT_JUMP: 2.497e-05
BRANCH_INDIRECT: 0
BRANCH_CONDITIONAL: 0.04751
BRANCH_DIRECT_CALL: 9.99e-06
BRANCH_INDIRECT_CALL: 4.995e-06
BRANCH_RETURN: 3.996e-05


CPU 15 cumulative IPC: 1.504 instructions: 200475343 cycles: 133312656
CPU 15 Branch Prediction Accuracy: 99.66% MPKI: 0.04759 Average ROB Occupancy at Mispredict: 292.1
Branch type MPKI
BRANCH_DIRECT_JUMP: 2.494e-05
BRANCH_INDIRECT: 0
BRANCH_CONDITIONAL: 0.04751
BRANCH_DIRECT_CALL: 9.976e-06
BRANCH_INDIRECT_CALL: 4.988e-06
BRANCH_RETURN: 3.991e-05


CPU 14 cumulative IPC: 1.5 instructions: 200000004 cycles: 133312656
CPU 14 Branch Prediction Accuracy: 99.66% MPKI: 0.04758 Average ROB Occupancy at Mispredict: 291.7
Branch type MPKI
BRANCH_DIRECT_JUMP: 2.5e-05
BRANCH_INDIRECT: 0
BRANCH_CONDITIONAL: 0.0475
BRANCH_DIRECT_CALL: 1e-05
BRANCH_INDIRECT_CALL: 5e-06
BRANCH_RETURN: 4e-05


CPU 13 cumulative IPC: 1.503 instructions: 200418280 cycles: 133312656
CPU 13 Branch Prediction Accuracy: 99.66% MPKI: 0.04759 Average ROB Occupancy at Mispredict: 292.1
Branch type MPKI
BRANCH_DIRECT_JUMP: 2.495e-05
BRANCH_INDIRECT: 0
BRANCH_CONDITIONAL: 0.04751
BRANCH_DIRECT_CALL: 9.979e-06
BRANCH_INDIRECT_CALL: 4.99e-06
BRANCH_RETURN: 3.992e-05


CPU 12 cumulative IPC: 1.503 instructions: 200414668 cycles: 133312656
CPU 12 Branch Prediction Accuracy: 99.66% MPKI: 0.04759 Average ROB Occupancy at Mispredict: 292.1
Branch type MPKI
BRANCH_DIRECT_JUMP: 2.495e-05
BRANCH_INDIRECT: 0
BRANCH_CONDITIONAL: 0.04751
BRANCH_DIRECT_CALL: 9.979e-06
BRANCH_INDIRECT_CALL: 4.99e-06
BRANCH_RETURN: 3.992e-05


CPU 11 cumulative IPC: 1.503 instructions: 200403015 cycles: 133312656
CPU 11 Branch Prediction Accuracy: 99.66% MPKI: 0.04758 Average ROB Occupancy at Mispredict: 292.1
Branch type MPKI
BRANCH_DIRECT_JUMP: 2.495e-05
BRANCH_INDIRECT: 0
BRANCH_CONDITIONAL: 0.0475
BRANCH_DIRECT_CALL: 9.98e-06
BRANCH_INDIRECT_CALL: 4.99e-06
BRANCH_RETURN: 3.992e-05


CPU 10 cumulative IPC: 1.504 instructions: 200506833 cycles: 133312656
CPU 10 Branch Prediction Accuracy: 99.66% MPKI: 0.04758 Average ROB Occupancy at Mispredict: 292.1
Branch type MPKI
BRANCH_DIRECT_JUMP: 2.494e-05
BRANCH_INDIRECT: 0
BRANCH_CONDITIONAL: 0.0475
BRANCH_DIRECT_CALL: 9.975e-06
BRANCH_INDIRECT_CALL: 4.987e-06
BRANCH_RETURN: 3.99e-05


CPU 1 cumulative IPC: 1.504 instructions: 200499232 cycles: 133312656
CPU 1 Branch Prediction Accuracy: 99.66% MPKI: 0.04758 Average ROB Occupancy at Mispredict: 292.1
Branch type MPKI
BRANCH_DIRECT_JUMP: 2.494e-05
BRANCH_INDIRECT: 0
BRANCH_CONDITIONAL: 0.0475
BRANCH_DIRECT_CALL: 9.975e-06
BRANCH_INDIRECT_CALL: 4.988e-06
BRANCH_RETURN: 3.99e-05


CPU 0 cumulative IPC: 1.503 instructions: 200384388 cycles: 133312656
CPU 0 Branch Prediction Accuracy: 99.66% MPKI: 0.04758 Average ROB Occupancy at Mispredict: 292
Branch type MPKI
BRANCH_DIRECT_JUMP: 2.495e-05
BRANCH_INDIRECT: 0
BRANCH_CONDITIONAL: 0.0475
BRANCH_DIRECT_CALL: 9.981e-06
BRANCH_INDIRECT_CALL: 4.99e-06
BRANCH_RETURN: 3.992e-05

cpu9->cpu9_STLB TOTAL        ACCESS:      70667 HIT:       2542 MISS:      68125 MSHR_MERGE:          0
cpu9->cpu9_STLB LOAD         ACCESS:      70667 HIT:       2542 MISS:      68125 MSHR_MERGE:          0
cpu9->cpu9_STLB RFO          ACCESS:          0 HIT:          0 MISS:          0 MSHR_MERGE:          0
cpu9->cpu9_STLB PREFETCH     ACCESS:          0 HIT:          0 MISS:          0 MSHR_MERGE:          0
cpu9->cpu9_STLB WRITE        ACCESS:          0 HIT:          0 MISS:          0 MSHR_MERGE:          0
cpu9->cpu9_STLB TRANSLATION  ACCESS:          0 HIT:          0 MISS:          0 MSHR_MERGE:          0
cpu9->cpu9_STLB PREFETCH REQUESTED:          0 ISSUED:          0 USEFUL:          0 USELESS:          0
cpu9->cpu9_STLB AVERAGE MISS LATENCY: 550.4 cycles
cpu9->cpu9_L2C TOTAL        ACCESS:   24396369 HIT:          0 MISS:   24396369 MSHR_MERGE:          0
cpu9->cpu9_L2C LOAD         ACCESS:   21693148 HIT:          0 MISS:   21693148 MSHR_MERGE:          0
cpu9->cpu9_L2C RFO          ACCESS:    2566829 HIT:          0 MISS:    2566829 MSHR_MERGE:          0
cpu9->cpu9_L2C PREFETCH     ACCESS:          8 HIT:          0 MISS:          8 MSHR_MERGE:          0
cpu9->cpu9_L2C WRITE        ACCESS:          0 HIT:          0 MISS:          0 MSHR_MERGE:          0
cpu9->cpu9_L2C TRANSLATION  ACCESS:     136384 HIT:          0 MISS:     136384 MSHR_MERGE:          0
cpu9->cpu9_L2C PREFETCH REQUESTED:          0 ISSUED:          0 USEFUL:          0 USELESS:          0
cpu9->cpu9_L2C AVERAGE MISS LATENCY: 16.55 cycles
cpu9->cpu9_L1I TOTAL        ACCESS:   80612503 HIT:   80612490 MISS:         13 MSHR_MERGE:          3
cpu9->cpu9_L1I LOAD         ACCESS:   40311143 HIT:   40311141 MISS:          2 MSHR_MERGE:          0
cpu9->cpu9_L1I RFO          ACCESS:          0 HIT:          0 MISS:          0 MSHR_MERGE:          0
cpu9->cpu9_L1I PREFETCH     ACCESS:   40301360 HIT:   40301349 MISS:         11 MSHR_MERGE:          3
cpu9->cpu9_L1I WRITE        ACCESS:          0 HIT:          0 MISS:          0 MSHR_MERGE:          0
cpu9->cpu9_L1I TRANSLATION  ACCESS:          0 HIT:          0 MISS:          0 MSHR_MERGE:          0
cpu9->cpu9_L1I PREFETCH REQUESTED:   40311143 ISSUED:   40301363 USEFUL:          5 USELESS:          0
cpu9->cpu9_L1I AVERAGE MISS LATENCY: 186 cycles
cpu9->cpu9_L1D TOTAL        ACCESS:   37095658 HIT:          0 MISS:   37095658 MSHR_MERGE:   12699298
cpu9->cpu9_L1D LOAD         ACCESS:   29854993 HIT:          0 MISS:   29854993 MSHR_MERGE:    8161846
cpu9->cpu9_L1D RFO          ACCESS:          0 HIT:          0 MISS:          0 MSHR_MERGE:          0
cpu9->cpu9_L1D PREFETCH     ACCESS:          0 HIT:          0 MISS:          0 MSHR_MERGE:          0
cpu9->cpu9_L1D WRITE        ACCESS:    7104281 HIT:          0 MISS:    7104281 MSHR_MERGE:    4537452
cpu9->cpu9_L1D TRANSLATION  ACCESS:     136384 HIT:          0 MISS:     136384 MSHR_MERGE:          0
cpu9->cpu9_L1D PREFETCH REQUESTED:          0 ISSUED:          0 USEFUL:          0 USELESS:          0
cpu9->cpu9_L1D AVERAGE MISS LATENCY: 19.56 cycles
cpu9->cpu9_ITLB TOTAL        ACCESS:   53629289 HIT:   53629289 MISS:          0 MSHR_MERGE:          0
cpu9->cpu9_ITLB LOAD         ACCESS:   53629289 HIT:   53629289 MISS:          0 MSHR_MERGE:          0
cpu9->cpu9_ITLB RFO          ACCESS:          0 HIT:          0 MISS:          0 MSHR_MERGE:          0
cpu9->cpu9_ITLB PREFETCH     ACCESS:          0 HIT:          0 MISS:          0 MSHR_MERGE:          0
cpu9->cpu9_ITLB WRITE        ACCESS:          0 HIT:          0 MISS:          0 MSHR_MERGE:          0
cpu9->cpu9_ITLB TRANSLATION  ACCESS:          0 HIT:          0 MISS:          0 MSHR_MERGE:          0
cpu9->cpu9_ITLB PREFETCH REQUESTED:          0 ISSUED:          0 USEFUL:          0 USELESS:          0
cpu9->cpu9_ITLB AVERAGE MISS LATENCY: - cycles
cpu9->cpu9_DTLB TOTAL        ACCESS:   36937424 HIT:   36466504 MISS:     470920 MSHR_MERGE:     400253
cpu9->cpu9_DTLB LOAD         ACCESS:   36937424 HIT:   36466504 MISS:     470920 MSHR_MERGE:     400253
cpu9->cpu9_DTLB RFO          ACCESS:          0 HIT:          0 MISS:          0 MSHR_MERGE:          0
cpu9->cpu9_DTLB PREFETCH     ACCESS:          0 HIT:          0 MISS:          0 MSHR_MERGE:          0
cpu9->cpu9_DTLB WRITE        ACCESS:          0 HIT:          0 MISS:          0 MSHR_MERGE:          0
cpu9->cpu9_DTLB TRANSLATION  ACCESS:          0 HIT:          0 MISS:          0 MSHR_MERGE:          0
cpu9->cpu9_DTLB PREFETCH REQUESTED:          0 ISSUED:          0 USEFUL:          0 USELESS:          0
cpu9->cpu9_DTLB AVERAGE MISS LATENCY: 536.6 cycles
cpu8->cpu8_STLB TOTAL        ACCESS:      70714 HIT:       2543 MISS:      68171 MSHR_MERGE:          0
cpu8->cpu8_STLB LOAD         ACCESS:      70714 HIT:       2543 MISS:      68171 MSHR_MERGE:          0
cpu8->cpu8_STLB RFO          ACCESS:          0 HIT:          0 MISS:          0 MSHR_MERGE:          0
cpu8->cpu8_STLB PREFETCH     ACCESS:          0 HIT:          0 MISS:          0 MSHR_MERGE:          0
cpu8->cpu8_STLB WRITE        ACCESS:          0 HIT:          0 MISS:          0 MSHR_MERGE:          0
cpu8->cpu8_STLB TRANSLATION  ACCESS:          0 HIT:          0 MISS:          0 MSHR_MERGE:          0
cpu8->cpu8_STLB PREFETCH REQUESTED:          0 ISSUED:          0 USEFUL:          0 USELESS:          0
cpu8->cpu8_STLB AVERAGE MISS LATENCY: 550.8 cycles
cpu8->cpu8_L2C TOTAL        ACCESS:   24407189 HIT:          0 MISS:   24407189 MSHR_MERGE:          0
cpu8->cpu8_L2C LOAD         ACCESS:   21702651 HIT:          0 MISS:   21702651 MSHR_MERGE:          0
cpu8->cpu8_L2C RFO          ACCESS:    2568052 HIT:          0 MISS:    2568052 MSHR_MERGE:          0
cpu8->cpu8_L2C PREFETCH     ACCESS:          9 HIT:          0 MISS:          9 MSHR_MERGE:          0
cpu8->cpu8_L2C WRITE        ACCESS:          0 HIT:          0 MISS:          0 MSHR_MERGE:          0
cpu8->cpu8_L2C TRANSLATION  ACCESS:     136477 HIT:          0 MISS:     136477 MSHR_MERGE:          0
cpu8->cpu8_L2C PREFETCH REQUESTED:          0 ISSUED:          0 USEFUL:          0 USELESS:          0
cpu8->cpu8_L2C AVERAGE MISS LATENCY: 16.55 cycles
cpu8->cpu8_L1I TOTAL        ACCESS:   80683215 HIT:   80683201 MISS:         14 MSHR_MERGE:          3
cpu8->cpu8_L1I LOAD         ACCESS:   40346415 HIT:   40346413 MISS:          2 MSHR_MERGE:          0
cpu8->cpu8_L1I RFO          ACCESS:          0 HIT:          0 MISS:          0 MSHR_MERGE:          0
cpu8->cpu8_L1I PREFETCH     ACCESS:   40336800 HIT:   40336788 MISS:         12 MSHR_MERGE:          3
cpu8->cpu8_L1I WRITE        ACCESS:          0 HIT:          0 MISS:          0 MSHR_MERGE:          0
cpu8->cpu8_L1I TRANSLATION  ACCESS:          0 HIT:          0 MISS:          0 MSHR_MERGE:          0
cpu8->cpu8_L1I PREFETCH REQUESTED:   40346415 ISSUED:   40336802 USEFUL:          5 USELESS:          0
cpu8->cpu8_L1I AVERAGE MISS LATENCY: 184.5 cycles
cpu8->cpu8_L1D TOTAL        ACCESS:   37126664 HIT:          0 MISS:   37126664 MSHR_MERGE:   12719485
cpu8->cpu8_L1D LOAD         ACCESS:   29881152 HIT:          0 MISS:   29881152 MSHR_MERGE:    8178502
cpu8->cpu8_L1D RFO          ACCESS:          0 HIT:          0 MISS:          0 MSHR_MERGE:          0
cpu8->cpu8_L1D PREFETCH     ACCESS:          0 HIT:          0 MISS:          0 MSHR_MERGE:          0
cpu8->cpu8_L1D WRITE        ACCESS:    7109035 HIT:          0 MISS:    7109035 MSHR_MERGE:    4540983
cpu8->cpu8_L1D TRANSLATION  ACCESS:     136477 HIT:          0 MISS:     136477 MSHR_MERGE:          0
cpu8->cpu8_L1D PREFETCH REQUESTED:          0 ISSUED:          0 USEFUL:          0 USELESS:          0
cpu8->cpu8_L1D AVERAGE MISS LATENCY: 19.56 cycles
cpu8->cpu8_ITLB TOTAL        ACCESS:   53606958 HIT:   53606958 MISS:          0 MSHR_MERGE:          0
cpu8->cpu8_ITLB LOAD         ACCESS:   53606958 HIT:   53606958 MISS:          0 MSHR_MERGE:          0
cpu8->cpu8_ITLB RFO          ACCESS:          0 HIT:          0 MISS:          0 MSHR_MERGE:          0
cpu8->cpu8_ITLB PREFETCH     ACCESS:          0 HIT:          0 MISS:          0 MSHR_MERGE:          0
cpu8->cpu8_ITLB WRITE        ACCESS:          0 HIT:          0 MISS:          0 MSHR_MERGE:          0
cpu8->cpu8_ITLB TRANSLATION  ACCESS:          0 HIT:          0 MISS:          0 MSHR_MERGE:          0
cpu8->cpu8_ITLB PREFETCH REQUESTED:          0 ISSUED:          0 USEFUL:          0 USELESS:          0
cpu8->cpu8_ITLB AVERAGE MISS LATENCY: - cycles
cpu8->cpu8_DTLB TOTAL        ACCESS:   36972545 HIT:   36503157 MISS:     469388 MSHR_MERGE:     398674
cpu8->cpu8_DTLB LOAD         ACCESS:   36972545 HIT:   36503157 MISS:     469388 MSHR_MERGE:     398674
cpu8->cpu8_DTLB RFO          ACCESS:          0 HIT:          0 MISS:          0 MSHR_MERGE:          0
cpu8->cpu8_DTLB PREFETCH     ACCESS:          0 HIT:          0 MISS:          0 MSHR_MERGE:          0
cpu8->cpu8_DTLB WRITE        ACCESS:          0 HIT:          0 MISS:          0 MSHR_MERGE:          0
cpu8->cpu8_DTLB TRANSLATION  ACCESS:          0 HIT:          0 MISS:          0 MSHR_MERGE:          0
cpu8->cpu8_DTLB PREFETCH REQUESTED:          0 ISSUED:          0 USEFUL:          0 USELESS:          0
cpu8->cpu8_DTLB AVERAGE MISS LATENCY: 537 cycles
cpu7->cpu7_STLB TOTAL        ACCESS:      70742 HIT:       2544 MISS:      68198 MSHR_MERGE:          0
cpu7->cpu7_STLB LOAD         ACCESS:      70742 HIT:       2544 MISS:      68198 MSHR_MERGE:          0
cpu7->cpu7_STLB RFO          ACCESS:          0 HIT:          0 MISS:          0 MSHR_MERGE:          0
cpu7->cpu7_STLB PREFETCH     ACCESS:          0 HIT:          0 MISS:          0 MSHR_MERGE:          0
cpu7->cpu7_STLB WRITE        ACCESS:          0 HIT:          0 MISS:          0 MSHR_MERGE:          0
cpu7->cpu7_STLB TRANSLATION  ACCESS:          0 HIT:          0 MISS:          0 MSHR_MERGE:          0
cpu7->cpu7_STLB PREFETCH REQUESTED:          0 ISSUED:          0 USEFUL:          0 USELESS:          0
cpu7->cpu7_STLB AVERAGE MISS LATENCY: 550.8 cycles
cpu7->cpu7_L2C TOTAL        ACCESS:   24421627 HIT:          0 MISS:   24421627 MSHR_MERGE:          0
cpu7->cpu7_L2C LOAD         ACCESS:   21711926 HIT:          0 MISS:   21711926 MSHR_MERGE:          0
cpu7->cpu7_L2C RFO          ACCESS:    2573162 HIT:          0 MISS:    2573162 MSHR_MERGE:          0
cpu7->cpu7_L2C PREFETCH     ACCESS:          9 HIT:          0 MISS:          9 MSHR_MERGE:          0
cpu7->cpu7_L2C WRITE        ACCESS:          0 HIT:          0 MISS:          0 MSHR_MERGE:          0
cpu7->cpu7_L2C TRANSLATION  ACCESS:     136530 HIT:          0 MISS:     136530 MSHR_MERGE:          0
cpu7->cpu7_L2C PREFETCH REQUESTED:          0 ISSUED:          0 USEFUL:          0 USELESS:          0
cpu7->cpu7_L2C AVERAGE MISS LATENCY: 16.55 cycles
cpu7->cpu7_L1I TOTAL        ACCESS:   80724912 HIT:   80724898 MISS:         14 MSHR_MERGE:          3
cpu7->cpu7_L1I LOAD         ACCESS:   40367342 HIT:   40367340 MISS:          2 MSHR_MERGE:          0
cpu7->cpu7_L1I RFO          ACCESS:          0 HIT:          0 MISS:          0 MSHR_MERGE:          0
cpu7->cpu7_L1I PREFETCH     ACCESS:   40357570 HIT:   40357558 MISS:         12 MSHR_MERGE:          3
cpu7->cpu7_L1I WRITE        ACCESS:          0 HIT:          0 MISS:          0 MSHR_MERGE:          0
cpu7->cpu7_L1I TRANSLATION  ACCESS:          0 HIT:          0 MISS:          0 MSHR_MERGE:          0
cpu7->cpu7_L1I PREFETCH REQUESTED:   40367342 ISSUED:   40357538 USEFUL:          5 USELESS:          0
cpu7->cpu7_L1I AVERAGE MISS LATENCY: 186 cycles
cpu7->cpu7_L1D TOTAL        ACCESS:   37148320 HIT:          0 MISS:   37148320 MSHR_MERGE:   12726704
cpu7->cpu7_L1D LOAD         ACCESS:   29899901 HIT:          0 MISS:   29899901 MSHR_MERGE:    8187977
cpu7->cpu7_L1D RFO          ACCESS:          0 HIT:          0 MISS:          0 MSHR_MERGE:          0
cpu7->cpu7_L1D PREFETCH     ACCESS:          0 HIT:          0 MISS:          0 MSHR_MERGE:          0
cpu7->cpu7_L1D WRITE        ACCESS:    7111889 HIT:          0 MISS:    7111889 MSHR_MERGE:    4538727
cpu7->cpu7_L1D TRANSLATION  ACCESS:     136530 HIT:          0 MISS:     136530 MSHR_MERGE:          0
cpu7->cpu7_L1D PREFETCH REQUESTED:          0 ISSUED:          0 USEFUL:          0 USELESS:          0
cpu7->cpu7_L1D AVERAGE MISS LATENCY: 19.56 cycles
cpu7->cpu7_ITLB TOTAL        ACCESS:   53657150 HIT:   53657150 MISS:          0 MSHR_MERGE:          0
cpu7->cpu7_ITLB LOAD         ACCESS:   53657150 HIT:   53657150 MISS:          0 MSHR_MERGE:          0
cpu7->cpu7_ITLB RFO          ACCESS:          0 HIT:          0 MISS:          0 MSHR_MERGE:          0
cpu7->cpu7_ITLB PREFETCH     ACCESS:          0 HIT:          0 MISS:          0 MSHR_MERGE:          0
cpu7->cpu7_ITLB WRITE        ACCESS:          0 HIT:          0 MISS:          0 MSHR_MERGE:          0
cpu7->cpu7_ITLB TRANSLATION  ACCESS:          0 HIT:          0 MISS:          0 MSHR_MERGE:          0
cpu7->cpu7_ITLB PREFETCH REQUESTED:          0 ISSUED:          0 USEFUL:          0 USELESS:          0
cpu7->cpu7_ITLB AVERAGE MISS LATENCY: - cycles
cpu7->cpu7_DTLB TOTAL        ACCESS:   37006909 HIT:   36538666 MISS:     468243 MSHR_MERGE:     397501
cpu7->cpu7_DTLB LOAD         ACCESS:   37006909 HIT:   36538666 MISS:     468243 MSHR_MERGE:     397501
cpu7->cpu7_DTLB RFO          ACCESS:          0 HIT:          0 MISS:          0 MSHR_MERGE:          0
cpu7->cpu7_DTLB PREFETCH     ACCESS:          0 HIT:          0 MISS:          0 MSHR_MERGE:          0
cpu7->cpu7_DTLB WRITE        ACCESS:          0 HIT:          0 MISS:          0 MSHR_MERGE:          0
cpu7->cpu7_DTLB TRANSLATION  ACCESS:          0 HIT:          0 MISS:          0 MSHR_MERGE:          0
cpu7->cpu7_DTLB PREFETCH REQUESTED:          0 ISSUED:          0 USEFUL:          0 USELESS:          0
cpu7->cpu7_DTLB AVERAGE MISS LATENCY: 536.9 cycles
cpu6->cpu6_STLB TOTAL        ACCESS:      70668 HIT:       2541 MISS:      68127 MSHR_MERGE:          0
cpu6->cpu6_STLB LOAD         ACCESS:      70668 HIT:       2541 MISS:      68127 MSHR_MERGE:          0
cpu6->cpu6_STLB RFO          ACCESS:          0 HIT:          0 MISS:          0 MSHR_MERGE:          0
cpu6->cpu6_STLB PREFETCH     ACCESS:          0 HIT:          0 MISS:          0 MSHR_MERGE:          0
cpu6->cpu6_STLB WRITE        ACCESS:          0 HIT:          0 MISS:          0 MSHR_MERGE:          0
cpu6->cpu6_STLB TRANSLATION  ACCESS:          0 HIT:          0 MISS:          0 MSHR_MERGE:          0
cpu6->cpu6_STLB PREFETCH REQUESTED:          0 ISSUED:          0 USEFUL:          0 USELESS:          0
cpu6->cpu6_STLB AVERAGE MISS LATENCY: 552.2 cycles
cpu6->cpu6_L2C TOTAL        ACCESS:   24393643 HIT:          0 MISS:   24393643 MSHR_MERGE:          0
cpu6->cpu6_L2C LOAD         ACCESS:   21690708 HIT:          0 MISS:   21690708 MSHR_MERGE:          0
cpu6->cpu6_L2C RFO          ACCESS:    2566536 HIT:          0 MISS:    2566536 MSHR_MERGE:          0
cpu6->cpu6_L2C PREFETCH     ACCESS:         10 HIT:          0 MISS:         10 MSHR_MERGE:          0
cpu6->cpu6_L2C WRITE        ACCESS:          0 HIT:          0 MISS:          0 MSHR_MERGE:          0
cpu6->cpu6_L2C TRANSLATION  ACCESS:     136389 HIT:          0 MISS:     136389 MSHR_MERGE:          0
cpu6->cpu6_L2C PREFETCH REQUESTED:          0 ISSUED:          0 USEFUL:          0 USELESS:          0
cpu6->cpu6_L2C AVERAGE MISS LATENCY: 16.55 cycles
cpu6->cpu6_L1I TOTAL        ACCESS:   80595144 HIT:   80595129 MISS:         15 MSHR_MERGE:          3
cpu6->cpu6_L1I LOAD         ACCESS:   40302539 HIT:   40302537 MISS:          2 MSHR_MERGE:          0
cpu6->cpu6_L1I RFO          ACCESS:          0 HIT:          0 MISS:          0 MSHR_MERGE:          0
cpu6->cpu6_L1I PREFETCH     ACCESS:   40292605 HIT:   40292592 MISS:         13 MSHR_MERGE:          3
cpu6->cpu6_L1I WRITE        ACCESS:          0 HIT:          0 MISS:          0 MSHR_MERGE:          0
cpu6->cpu6_L1I TRANSLATION  ACCESS:          0 HIT:          0 MISS:          0 MSHR_MERGE:          0
cpu6->cpu6_L1I PREFETCH REQUESTED:   40302539 ISSUED:   40292606 USEFUL:          5 USELESS:          0
cpu6->cpu6_L1I AVERAGE MISS LATENCY: 161 cycles
cpu6->cpu6_L1D TOTAL        ACCESS:   37092916 HIT:          0 MISS:   37092916 MSHR_MERGE:   12699284
cpu6->cpu6_L1D LOAD         ACCESS:   29852246 HIT:          0 MISS:   29852246 MSHR_MERGE:    8161539
cpu6->cpu6_L1D RFO          ACCESS:          0 HIT:          0 MISS:          0 MSHR_MERGE:          0
cpu6->cpu6_L1D PREFETCH     ACCESS:          0 HIT:          0 MISS:          0 MSHR_MERGE:          0
cpu6->cpu6_L1D WRITE        ACCESS:    7104281 HIT:          0 MISS:    7104281 MSHR_MERGE:    4537745
cpu6->cpu6_L1D TRANSLATION  ACCESS:     136389 HIT:          0 MISS:     136389 MSHR_MERGE:          0
cpu6->cpu6_L1D PREFETCH REQUESTED:          0 ISSUED:          0 USEFUL:          0 USELESS:          0
cpu6->cpu6_L1D AVERAGE MISS LATENCY: 19.56 cycles
cpu6->cpu6_ITLB TOTAL        ACCESS:   53603938 HIT:   53603937 MISS:          1 MSHR_MERGE:          0
cpu6->cpu6_ITLB LOAD         ACCESS:   53603938 HIT:   53603937 MISS:          1 MSHR_MERGE:          0
cpu6->cpu6_ITLB RFO          ACCESS:          0 HIT:          0 MISS:          0 MSHR_MERGE:          0
cpu6->cpu6_ITLB PREFETCH     ACCESS:          0 HIT:          0 MISS:          0 MSHR_MERGE:          0
cpu6->cpu6_ITLB WRITE        ACCESS:          0 HIT:          0 MISS:          0 MSHR_MERGE:          0
cpu6->cpu6_ITLB TRANSLATION  ACCESS:          0 HIT:          0 MISS:          0 MSHR_MERGE:          0
cpu6->cpu6_ITLB PREFETCH REQUESTED:          0 ISSUED:          0 USEFUL:          0 USELESS:          0
cpu6->cpu6_ITLB AVERAGE MISS LATENCY: 809 cycles
cpu6->cpu6_DTLB TOTAL        ACCESS:   36933777 HIT:   36463971 MISS:     469806 MSHR_MERGE:     399139
cpu6->cpu6_DTLB LOAD         ACCESS:   36933777 HIT:   36463971 MISS:     469806 MSHR_MERGE:     399139
cpu6->cpu6_DTLB RFO          ACCESS:          0 HIT:          0 MISS:          0 MSHR_MERGE:          0
cpu6->cpu6_DTLB PREFETCH     ACCESS:          0 HIT:          0 MISS:          0 MSHR_MERGE:          0
cpu6->cpu6_DTLB WRITE        ACCESS:          0 HIT:          0 MISS:          0 MSHR_MERGE:          0
cpu6->cpu6_DTLB TRANSLATION  ACCESS:          0 HIT:          0 MISS:          0 MSHR_MERGE:          0
cpu6->cpu6_DTLB PREFETCH REQUESTED:          0 ISSUED:          0 USEFUL:          0 USELESS:          0
cpu6->cpu6_DTLB AVERAGE MISS LATENCY: 538.3 cycles
cpu5->cpu5_STLB TOTAL        ACCESS:      70664 HIT:       2541 MISS:      68123 MSHR_MERGE:          0
cpu5->cpu5_STLB LOAD         ACCESS:      70664 HIT:       2541 MISS:      68123 MSHR_MERGE:          0
cpu5->cpu5_STLB RFO          ACCESS:          0 HIT:          0 MISS:          0 MSHR_MERGE:          0
cpu5->cpu5_STLB PREFETCH     ACCESS:          0 HIT:          0 MISS:          0 MSHR_MERGE:          0
cpu5->cpu5_STLB WRITE        ACCESS:          0 HIT:          0 MISS:          0 MSHR_MERGE:          0
cpu5->cpu5_STLB TRANSLATION  ACCESS:          0 HIT:          0 MISS:          0 MSHR_MERGE:          0
cpu5->cpu5_STLB PREFETCH REQUESTED:          0 ISSUED:          0 USEFUL:          0 USELESS:          0
cpu5->cpu5_STLB AVERAGE MISS LATENCY: 552.1 cycles
cpu5->cpu5_L2C TOTAL        ACCESS:   24391301 HIT:          0 MISS:   24391301 MSHR_MERGE:          0
cpu5->cpu5_L2C LOAD         ACCESS:   21688785 HIT:          0 MISS:   21688785 MSHR_MERGE:          0
cpu5->cpu5_L2C RFO          ACCESS:    2566126 HIT:          0 MISS:    2566126 MSHR_MERGE:          0
cpu5->cpu5_L2C PREFETCH     ACCESS:          9 HIT:          0 MISS:          9 MSHR_MERGE:          0
cpu5->cpu5_L2C WRITE        ACCESS:          0 HIT:          0 MISS:          0 MSHR_MERGE:          0
cpu5->cpu5_L2C TRANSLATION  ACCESS:     136381 HIT:          0 MISS:     136381 MSHR_MERGE:          0
cpu5->cpu5_L2C PREFETCH REQUESTED:          0 ISSUED:          0 USEFUL:          0 USELESS:          0
cpu5->cpu5_L2C AVERAGE MISS LATENCY: 16.55 cycles
cpu5->cpu5_L1I TOTAL        ACCESS:   80611017 HIT:   80611003 MISS:         14 MSHR_MERGE:          3
cpu5->cpu5_L1I LOAD         ACCESS:   40310447 HIT:   40310445 MISS:          2 MSHR_MERGE:          0
cpu5->cpu5_L1I RFO          ACCESS:          0 HIT:          0 MISS:          0 MSHR_MERGE:          0
cpu5->cpu5_L1I PREFETCH     ACCESS:   40300570 HIT:   40300558 MISS:         12 MSHR_MERGE:          3
cpu5->cpu5_L1I WRITE        ACCESS:          0 HIT:          0 MISS:          0 MSHR_MERGE:          0
cpu5->cpu5_L1I TRANSLATION  ACCESS:          0 HIT:          0 MISS:          0 MSHR_MERGE:          0
cpu5->cpu5_L1I PREFETCH REQUESTED:   40310447 ISSUED:   40300574 USEFUL:          5 USELESS:          0
cpu5->cpu5_L1I AVERAGE MISS LATENCY: 185.5 cycles
cpu5->cpu5_L1D TOTAL        ACCESS:   37099862 HIT:          0 MISS:   37099862 MSHR_MERGE:   12708570
cpu5->cpu5_L1D LOAD         ACCESS:   29859422 HIT:          0 MISS:   29859422 MSHR_MERGE:    8170637
cpu5->cpu5_L1D RFO          ACCESS:          0 HIT:          0 MISS:          0 MSHR_MERGE:          0
cpu5->cpu5_L1D PREFETCH     ACCESS:          0 HIT:          0 MISS:          0 MSHR_MERGE:          0
cpu5->cpu5_L1D WRITE        ACCESS:    7104059 HIT:          0 MISS:    7104059 MSHR_MERGE:    4537933
cpu5->cpu5_L1D TRANSLATION  ACCESS:     136381 HIT:          0 MISS:     136381 MSHR_MERGE:          0
cpu5->cpu5_L1D PREFETCH REQUESTED:          0 ISSUED:          0 USEFUL:          0 USELESS:          0
cpu5->cpu5_L1D AVERAGE MISS LATENCY: 19.56 cycles
cpu5->cpu5_ITLB TOTAL        ACCESS:   53532736 HIT:   53532736 MISS:          0 MSHR_MERGE:          0
cpu5->cpu5_ITLB LOAD         ACCESS:   53532736 HIT:   53532736 MISS:          0 MSHR_MERGE:          0
cpu5->cpu5_ITLB RFO          ACCESS:          0 HIT:          0 MISS:          0 MSHR_MERGE:          0
cpu5->cpu5_ITLB PREFETCH     ACCESS:          0 HIT:          0 MISS:          0 MSHR_MERGE:          0
cpu5->cpu5_ITLB WRITE        ACCESS:          0 HIT:          0 MISS:          0 MSHR_MERGE:          0
cpu5->cpu5_ITLB TRANSLATION  ACCESS:          0 HIT:          0 MISS:          0 MSHR_MERGE:          0
cpu5->cpu5_ITLB PREFETCH REQUESTED:          0 ISSUED:          0 USEFUL:          0 USELESS:          0
cpu5->cpu5_ITLB AVERAGE MISS LATENCY: - cycles
cpu5->cpu5_DTLB TOTAL        ACCESS:   36941321 HIT:   36471929 MISS:     469392 MSHR_MERGE:     398728
cpu5->cpu5_DTLB LOAD         ACCESS:   36941321 HIT:   36471929 MISS:     469392 MSHR_MERGE:     398728
cpu5->cpu5_DTLB RFO          ACCESS:          0 HIT:          0 MISS:          0 MSHR_MERGE:          0
cpu5->cpu5_DTLB PREFETCH     ACCESS:          0 HIT:          0 MISS:          0 MSHR_MERGE:          0
cpu5->cpu5_DTLB WRITE        ACCESS:          0 HIT:          0 MISS:          0 MSHR_MERGE:          0
cpu5->cpu5_DTLB TRANSLATION  ACCESS:          0 HIT:          0 MISS:          0 MSHR_MERGE:          0
cpu5->cpu5_DTLB PREFETCH REQUESTED:          0 ISSUED:          0 USEFUL:          0 USELESS:          0
cpu5->cpu5_DTLB AVERAGE MISS LATENCY: 538.2 cycles
cpu4->cpu4_STLB TOTAL        ACCESS:      70731 HIT:       2543 MISS:      68188 MSHR_MERGE:          0
cpu4->cpu4_STLB LOAD         ACCESS:      70731 HIT:       2543 MISS:      68188 MSHR_MERGE:          0
cpu4->cpu4_STLB RFO          ACCESS:          0 HIT:          0 MISS:          0 MSHR_MERGE:          0
cpu4->cpu4_STLB PREFETCH     ACCESS:          0 HIT:          0 MISS:          0 MSHR_MERGE:          0
cpu4->cpu4_STLB WRITE        ACCESS:          0 HIT:          0 MISS:          0 MSHR_MERGE:          0
cpu4->cpu4_STLB TRANSLATION  ACCESS:          0 HIT:          0 MISS:          0 MSHR_MERGE:          0
cpu4->cpu4_STLB PREFETCH REQUESTED:          0 ISSUED:          0 USEFUL:          0 USELESS:          0
cpu4->cpu4_STLB AVERAGE MISS LATENCY: 550.6 cycles
cpu4->cpu4_L2C TOTAL        ACCESS:   24416126 HIT:          0 MISS:   24416126 MSHR_MERGE:          0
cpu4->cpu4_L2C LOAD         ACCESS:   21710290 HIT:          0 MISS:   21710290 MSHR_MERGE:          0
cpu4->cpu4_L2C RFO          ACCESS:    2569316 HIT:          0 MISS:    2569316 MSHR_MERGE:          0
cpu4->cpu4_L2C PREFETCH     ACCESS:          9 HIT:          0 MISS:          9 MSHR_MERGE:          0
cpu4->cpu4_L2C WRITE        ACCESS:          0 HIT:          0 MISS:          0 MSHR_MERGE:          0
cpu4->cpu4_L2C TRANSLATION  ACCESS:     136511 HIT:          0 MISS:     136511 MSHR_MERGE:          0
cpu4->cpu4_L2C PREFETCH REQUESTED:          0 ISSUED:          0 USEFUL:          0 USELESS:          0
cpu4->cpu4_L2C AVERAGE MISS LATENCY: 16.55 cycles
cpu4->cpu4_L1I TOTAL        ACCESS:   80721174 HIT:   80721160 MISS:         14 MSHR_MERGE:          3
cpu4->cpu4_L1I LOAD         ACCESS:   40365466 HIT:   40365464 MISS:          2 MSHR_MERGE:          0
cpu4->cpu4_L1I RFO          ACCESS:          0 HIT:          0 MISS:          0 MSHR_MERGE:          0
cpu4->cpu4_L1I PREFETCH     ACCESS:   40355708 HIT:   40355696 MISS:         12 MSHR_MERGE:          3
cpu4->cpu4_L1I WRITE        ACCESS:          0 HIT:          0 MISS:          0 MSHR_MERGE:          0
cpu4->cpu4_L1I TRANSLATION  ACCESS:          0 HIT:          0 MISS:          0 MSHR_MERGE:          0
cpu4->cpu4_L1I PREFETCH REQUESTED:   40365466 ISSUED:   40355708 USEFUL:          5 USELESS:          0
cpu4->cpu4_L1I AVERAGE MISS LATENCY: 185.5 cycles
cpu4->cpu4_L1D TOTAL        ACCESS:   37139743 HIT:          0 MISS:   37139743 MSHR_MERGE:   12723628
cpu4->cpu4_L1D LOAD         ACCESS:   29892483 HIT:          0 MISS:   29892483 MSHR_MERGE:    8182195
cpu4->cpu4_L1D RFO          ACCESS:          0 HIT:          0 MISS:          0 MSHR_MERGE:          0
cpu4->cpu4_L1D PREFETCH     ACCESS:          0 HIT:          0 MISS:          0 MSHR_MERGE:          0
cpu4->cpu4_L1D WRITE        ACCESS:    7110749 HIT:          0 MISS:    7110749 MSHR_MERGE:    4541433
cpu4->cpu4_L1D TRANSLATION  ACCESS:     136511 HIT:          0 MISS:     136511 MSHR_MERGE:          0
cpu4->cpu4_L1D PREFETCH REQUESTED:          0 ISSUED:          0 USEFUL:          0 USELESS:          0
cpu4->cpu4_L1D AVERAGE MISS LATENCY: 19.56 cycles
cpu4->cpu4_ITLB TOTAL        ACCESS:   53659519 HIT:   53659518 MISS:          1 MSHR_MERGE:          0
cpu4->cpu4_ITLB LOAD         ACCESS:   53659519 HIT:   53659518 MISS:          1 MSHR_MERGE:          0
cpu4->cpu4_ITLB RFO          ACCESS:          0 HIT:          0 MISS:          0 MSHR_MERGE:          0
cpu4->cpu4_ITLB PREFETCH     ACCESS:          0 HIT:          0 MISS:          0 MSHR_MERGE:          0
cpu4->cpu4_ITLB WRITE        ACCESS:          0 HIT:          0 MISS:          0 MSHR_MERGE:          0
cpu4->cpu4_ITLB TRANSLATION  ACCESS:          0 HIT:          0 MISS:          0 MSHR_MERGE:          0
cpu4->cpu4_ITLB PREFETCH REQUESTED:          0 ISSUED:          0 USEFUL:          0 USELESS:          0
cpu4->cpu4_ITLB AVERAGE MISS LATENCY: 816 cycles
cpu4->cpu4_DTLB TOTAL        ACCESS:   36981099 HIT:   36512225 MISS:     468874 MSHR_MERGE:     398144
cpu4->cpu4_DTLB LOAD         ACCESS:   36981099 HIT:   36512225 MISS:     468874 MSHR_MERGE:     398144
cpu4->cpu4_DTLB RFO          ACCESS:          0 HIT:          0 MISS:          0 MSHR_MERGE:          0
cpu4->cpu4_DTLB PREFETCH     ACCESS:          0 HIT:          0 MISS:          0 MSHR_MERGE:          0
cpu4->cpu4_DTLB WRITE        ACCESS:          0 HIT:          0 MISS:          0 MSHR_MERGE:          0
cpu4->cpu4_DTLB TRANSLATION  ACCESS:          0 HIT:          0 MISS:          0 MSHR_MERGE:          0
cpu4->cpu4_DTLB PREFETCH REQUESTED:          0 ISSUED:          0 USEFUL:          0 USELESS:          0
cpu4->cpu4_DTLB AVERAGE MISS LATENCY: 536.7 cycles
cpu3->cpu3_STLB TOTAL        ACCESS:      70775 HIT:       2546 MISS:      68229 MSHR_MERGE:          0
cpu3->cpu3_STLB LOAD         ACCESS:      70775 HIT:       2546 MISS:      68229 MSHR_MERGE:          0
cpu3->cpu3_STLB RFO          ACCESS:          0 HIT:          0 MISS:          0 MSHR_MERGE:          0
cpu3->cpu3_STLB PREFETCH     ACCESS:          0 HIT:          0 MISS:          0 MSHR_MERGE:          0
cpu3->cpu3_STLB WRITE        ACCESS:          0 HIT:          0 MISS:          0 MSHR_MERGE:          0
cpu3->cpu3_STLB TRANSLATION  ACCESS:          0 HIT:          0 MISS:          0 MSHR_MERGE:          0
cpu3->cpu3_STLB PREFETCH REQUESTED:          0 ISSUED:          0 USEFUL:          0 USELESS:          0
cpu3->cpu3_STLB AVERAGE MISS LATENCY: 550.2 cycles
cpu3->cpu3_L2C TOTAL        ACCESS:   24430608 HIT:          0 MISS:   24430608 MSHR_MERGE:          0
cpu3->cpu3_L2C LOAD         ACCESS:   21717528 HIT:          0 MISS:   21717528 MSHR_MERGE:          0
cpu3->cpu3_L2C RFO          ACCESS:    2576477 HIT:          0 MISS:    2576477 MSHR_MERGE:          0
cpu3->cpu3_L2C PREFETCH     ACCESS:         10 HIT:          0 MISS:         10 MSHR_MERGE:          0
cpu3->cpu3_L2C WRITE        ACCESS:          0 HIT:          0 MISS:          0 MSHR_MERGE:          0
cpu3->cpu3_L2C TRANSLATION  ACCESS:     136593 HIT:          0 MISS:     136593 MSHR_MERGE:          0
cpu3->cpu3_L2C PREFETCH REQUESTED:          0 ISSUED:          0 USEFUL:          0 USELESS:          0
cpu3->cpu3_L2C AVERAGE MISS LATENCY: 16.55 cycles
cpu3->cpu3_L1I TOTAL        ACCESS:   80747725 HIT:   80747710 MISS:         15 MSHR_MERGE:          3
cpu3->cpu3_L1I LOAD         ACCESS:   40378748 HIT:   40378746 MISS:          2 MSHR_MERGE:          0
cpu3->cpu3_L1I RFO          ACCESS:          0 HIT:          0 MISS:          0 MSHR_MERGE:          0
cpu3->cpu3_L1I PREFETCH     ACCESS:   40368977 HIT:   40368964 MISS:         13 MSHR_MERGE:          3
cpu3->cpu3_L1I WRITE        ACCESS:          0 HIT:          0 MISS:          0 MSHR_MERGE:          0
cpu3->cpu3_L1I TRANSLATION  ACCESS:          0 HIT:          0 MISS:          0 MSHR_MERGE:          0
cpu3->cpu3_L1I PREFETCH REQUESTED:   40378748 ISSUED:   40368977 USEFUL:          5 USELESS:          0
cpu3->cpu3_L1I AVERAGE MISS LATENCY: 185.5 cycles
cpu3->cpu3_L1D TOTAL        ACCESS:   37165314 HIT:          0 MISS:   37165314 MSHR_MERGE:   12734718
cpu3->cpu3_L1D LOAD         ACCESS:   29913661 HIT:          0 MISS:   29913661 MSHR_MERGE:    8196135
cpu3->cpu3_L1D RFO          ACCESS:          0 HIT:          0 MISS:          0 MSHR_MERGE:          0
cpu3->cpu3_L1D PREFETCH     ACCESS:          0 HIT:          0 MISS:          0 MSHR_MERGE:          0
cpu3->cpu3_L1D WRITE        ACCESS:    7115060 HIT:          0 MISS:    7115060 MSHR_MERGE:    4538583
cpu3->cpu3_L1D TRANSLATION  ACCESS:     136593 HIT:          0 MISS:     136593 MSHR_MERGE:          0
cpu3->cpu3_L1D PREFETCH REQUESTED:          0 ISSUED:          0 USEFUL:          0 USELESS:          0
cpu3->cpu3_L1D AVERAGE MISS LATENCY: 19.56 cycles
cpu3->cpu3_ITLB TOTAL        ACCESS:   53642921 HIT:   53642920 MISS:          1 MSHR_MERGE:          0
cpu3->cpu3_ITLB LOAD         ACCESS:   53642921 HIT:   53642920 MISS:          1 MSHR_MERGE:          0
cpu3->cpu3_ITLB RFO          ACCESS:          0 HIT:          0 MISS:          0 MSHR_MERGE:          0
cpu3->cpu3_ITLB PREFETCH     ACCESS:          0 HIT:          0 MISS:          0 MSHR_MERGE:          0
cpu3->cpu3_ITLB WRITE        ACCESS:          0 HIT:          0 MISS:          0 MSHR_MERGE:          0
cpu3->cpu3_ITLB TRANSLATION  ACCESS:          0 HIT:          0 MISS:          0 MSHR_MERGE:          0
cpu3->cpu3_ITLB PREFETCH REQUESTED:          0 ISSUED:          0 USEFUL:          0 USELESS:          0
cpu3->cpu3_ITLB AVERAGE MISS LATENCY: 809 cycles
cpu3->cpu3_DTLB TOTAL        ACCESS:   37024253 HIT:   36558110 MISS:     466143 MSHR_MERGE:     395369
cpu3->cpu3_DTLB LOAD         ACCESS:   37024253 HIT:   36558110 MISS:     466143 MSHR_MERGE:     395369
cpu3->cpu3_DTLB RFO          ACCESS:          0 HIT:          0 MISS:          0 MSHR_MERGE:          0
cpu3->cpu3_DTLB PREFETCH     ACCESS:          0 HIT:          0 MISS:          0 MSHR_MERGE:          0
cpu3->cpu3_DTLB WRITE        ACCESS:          0 HIT:          0 MISS:          0 MSHR_MERGE:          0
cpu3->cpu3_DTLB TRANSLATION  ACCESS:          0 HIT:          0 MISS:          0 MSHR_MERGE:          0
cpu3->cpu3_DTLB PREFETCH REQUESTED:          0 ISSUED:          0 USEFUL:          0 USELESS:          0
cpu3->cpu3_DTLB AVERAGE MISS LATENCY: 536.3 cycles
cpu2->cpu2_STLB TOTAL        ACCESS:      70690 HIT:       2542 MISS:      68148 MSHR_MERGE:          0
cpu2->cpu2_STLB LOAD         ACCESS:      70690 HIT:       2542 MISS:      68148 MSHR_MERGE:          0
cpu2->cpu2_STLB RFO          ACCESS:          0 HIT:          0 MISS:          0 MSHR_MERGE:          0
cpu2->cpu2_STLB PREFETCH     ACCESS:          0 HIT:          0 MISS:          0 MSHR_MERGE:          0
cpu2->cpu2_STLB WRITE        ACCESS:          0 HIT:          0 MISS:          0 MSHR_MERGE:          0
cpu2->cpu2_STLB TRANSLATION  ACCESS:          0 HIT:          0 MISS:          0 MSHR_MERGE:          0
cpu2->cpu2_STLB PREFETCH REQUESTED:          0 ISSUED:          0 USEFUL:          0 USELESS:          0
cpu2->cpu2_STLB AVERAGE MISS LATENCY: 552 cycles
cpu2->cpu2_L2C TOTAL        ACCESS:   24400508 HIT:          0 MISS:   24400508 MSHR_MERGE:          0
cpu2->cpu2_L2C LOAD         ACCESS:   21688604 HIT:          0 MISS:   21688604 MSHR_MERGE:          0
cpu2->cpu2_L2C RFO          ACCESS:    2575463 HIT:          0 MISS:    2575463 MSHR_MERGE:          0
cpu2->cpu2_L2C PREFETCH     ACCESS:         10 HIT:          0 MISS:         10 MSHR_MERGE:          0
cpu2->cpu2_L2C WRITE        ACCESS:          0 HIT:          0 MISS:          0 MSHR_MERGE:          0
cpu2->cpu2_L2C TRANSLATION  ACCESS:     136431 HIT:          0 MISS:     136431 MSHR_MERGE:          0
cpu2->cpu2_L2C PREFETCH REQUESTED:          0 ISSUED:          0 USEFUL:          0 USELESS:          0
cpu2->cpu2_L2C AVERAGE MISS LATENCY: 16.56 cycles
cpu2->cpu2_L1I TOTAL        ACCESS:   80653793 HIT:   80653778 MISS:         15 MSHR_MERGE:          3
cpu2->cpu2_L1I LOAD         ACCESS:   40331780 HIT:   40331778 MISS:          2 MSHR_MERGE:          0
cpu2->cpu2_L1I RFO          ACCESS:          0 HIT:          0 MISS:          0 MSHR_MERGE:          0
cpu2->cpu2_L1I PREFETCH     ACCESS:   40322013 HIT:   40322000 MISS:         13 MSHR_MERGE:          3
cpu2->cpu2_L1I WRITE        ACCESS:          0 HIT:          0 MISS:          0 MSHR_MERGE:          0
cpu2->cpu2_L1I TRANSLATION  ACCESS:          0 HIT:          0 MISS:          0 MSHR_MERGE:          0
cpu2->cpu2_L1I PREFETCH REQUESTED:   40331780 ISSUED:   40321995 USEFUL:          5 USELESS:          0
cpu2->cpu2_L1I AVERAGE MISS LATENCY: 185.5 cycles
cpu2->cpu2_L1D TOTAL        ACCESS:   37118846 HIT:          0 MISS:   37118846 MSHR_MERGE:   12718350
cpu2->cpu2_L1D LOAD         ACCESS:   29875870 HIT:          0 MISS:   29875870 MSHR_MERGE:    8187268
cpu2->cpu2_L1D RFO          ACCESS:          0 HIT:          0 MISS:          0 MSHR_MERGE:          0
cpu2->cpu2_L1D PREFETCH     ACCESS:          0 HIT:          0 MISS:          0 MSHR_MERGE:          0
cpu2->cpu2_L1D WRITE        ACCESS:    7106545 HIT:          0 MISS:    7106545 MSHR_MERGE:    4531082
cpu2->cpu2_L1D TRANSLATION  ACCESS:     136431 HIT:          0 MISS:     136431 MSHR_MERGE:          0
cpu2->cpu2_L1D PREFETCH REQUESTED:          0 ISSUED:          0 USEFUL:          0 USELESS:          0
cpu2->cpu2_L1D AVERAGE MISS LATENCY: 19.56 cycles
cpu2->cpu2_ITLB TOTAL        ACCESS:   53599290 HIT:   53599289 MISS:          1 MSHR_MERGE:          0
cpu2->cpu2_ITLB LOAD         ACCESS:   53599290 HIT:   53599289 MISS:          1 MSHR_MERGE:          0
cpu2->cpu2_ITLB RFO          ACCESS:          0 HIT:          0 MISS:          0 MSHR_MERGE:          0
cpu2->cpu2_ITLB PREFETCH     ACCESS:          0 HIT:          0 MISS:          0 MSHR_MERGE:          0
cpu2->cpu2_ITLB WRITE        ACCESS:          0 HIT:          0 MISS:          0 MSHR_MERGE:          0
cpu2->cpu2_ITLB TRANSLATION  ACCESS:          0 HIT:          0 MISS:          0 MSHR_MERGE:          0
cpu2->cpu2_ITLB PREFETCH REQUESTED:          0 ISSUED:          0 USEFUL:          0 USELESS:          0
cpu2->cpu2_ITLB AVERAGE MISS LATENCY: 807 cycles
cpu2->cpu2_DTLB TOTAL        ACCESS:   36978200 HIT:   36513023 MISS:     465177 MSHR_MERGE:     394488
cpu2->cpu2_DTLB LOAD         ACCESS:   36978200 HIT:   36513023 MISS:     465177 MSHR_MERGE:     394488
cpu2->cpu2_DTLB RFO          ACCESS:          0 HIT:          0 MISS:          0 MSHR_MERGE:          0
cpu2->cpu2_DTLB PREFETCH     ACCESS:          0 HIT:          0 MISS:          0 MSHR_MERGE:          0
cpu2->cpu2_DTLB WRITE        ACCESS:          0 HIT:          0 MISS:          0 MSHR_MERGE:          0
cpu2->cpu2_DTLB TRANSLATION  ACCESS:          0 HIT:          0 MISS:          0 MSHR_MERGE:          0
cpu2->cpu2_DTLB PREFETCH REQUESTED:          0 ISSUED:          0 USEFUL:          0 USELESS:          0
cpu2->cpu2_DTLB AVERAGE MISS LATENCY: 538.2 cycles
cpu1->cpu1_STLB TOTAL        ACCESS:      70794 HIT:       2547 MISS:      68247 MSHR_MERGE:          0
cpu1->cpu1_STLB LOAD         ACCESS:      70794 HIT:       2547 MISS:      68247 MSHR_MERGE:          0
cpu1->cpu1_STLB RFO          ACCESS:          0 HIT:          0 MISS:          0 MSHR_MERGE:          0
cpu1->cpu1_STLB PREFETCH     ACCESS:          0 HIT:          0 MISS:          0 MSHR_MERGE:          0
cpu1->cpu1_STLB WRITE        ACCESS:          0 HIT:          0 MISS:          0 MSHR_MERGE:          0
cpu1->cpu1_STLB TRANSLATION  ACCESS:          0 HIT:          0 MISS:          0 MSHR_MERGE:          0
cpu1->cpu1_STLB PREFETCH REQUESTED:          0 ISSUED:          0 USEFUL:          0 USELESS:          0
cpu1->cpu1_STLB AVERAGE MISS LATENCY: 550.3 cycles
cpu1->cpu1_L2C TOTAL        ACCESS:   24447187 HIT:          0 MISS:   24447187 MSHR_MERGE:          0
cpu1->cpu1_L2C LOAD         ACCESS:   21732677 HIT:          0 MISS:   21732677 MSHR_MERGE:          0
cpu1->cpu1_L2C RFO          ACCESS:    2577871 HIT:          0 MISS:    2577871 MSHR_MERGE:          0
cpu1->cpu1_L2C PREFETCH     ACCESS:         10 HIT:          0 MISS:         10 MSHR_MERGE:          0
cpu1->cpu1_L2C WRITE        ACCESS:          0 HIT:          0 MISS:          0 MSHR_MERGE:          0
cpu1->cpu1_L2C TRANSLATION  ACCESS:     136629 HIT:          0 MISS:     136629 MSHR_MERGE:          0
cpu1->cpu1_L2C PREFETCH REQUESTED:          0 ISSUED:          0 USEFUL:          0 USELESS:          0
cpu1->cpu1_L2C AVERAGE MISS LATENCY: 16.55 cycles
cpu1->cpu1_L1I TOTAL        ACCESS:   80773967 HIT:   80773952 MISS:         15 MSHR_MERGE:          3
cpu1->cpu1_L1I LOAD         ACCESS:   40391871 HIT:   40391869 MISS:          2 MSHR_MERGE:          0
cpu1->cpu1_L1I RFO          ACCESS:          0 HIT:          0 MISS:          0 MSHR_MERGE:          0
cpu1->cpu1_L1I PREFETCH     ACCESS:   40382096 HIT:   40382083 MISS:         13 MSHR_MERGE:          3
cpu1->cpu1_L1I WRITE        ACCESS:          0 HIT:          0 MISS:          0 MSHR_MERGE:          0
cpu1->cpu1_L1I TRANSLATION  ACCESS:          0 HIT:          0 MISS:          0 MSHR_MERGE:          0
cpu1->cpu1_L1I PREFETCH REQUESTED:   40391871 ISSUED:   40382068 USEFUL:          5 USELESS:          0
cpu1->cpu1_L1I AVERAGE MISS LATENCY: 186 cycles
cpu1->cpu1_L1D TOTAL        ACCESS:   37184277 HIT:          0 MISS:   37184277 MSHR_MERGE:   12737102
cpu1->cpu1_L1D LOAD         ACCESS:   29930807 HIT:          0 MISS:   29930807 MSHR_MERGE:    8198132
cpu1->cpu1_L1D RFO          ACCESS:          0 HIT:          0 MISS:          0 MSHR_MERGE:          0
cpu1->cpu1_L1D PREFETCH     ACCESS:          0 HIT:          0 MISS:          0 MSHR_MERGE:          0
cpu1->cpu1_L1D WRITE        ACCESS:    7116841 HIT:          0 MISS:    7116841 MSHR_MERGE:    4538970
cpu1->cpu1_L1D TRANSLATION  ACCESS:     136629 HIT:          0 MISS:     136629 MSHR_MERGE:          0
cpu1->cpu1_L1D PREFETCH REQUESTED:          0 ISSUED:          0 USEFUL:          0 USELESS:          0
cpu1->cpu1_L1D AVERAGE MISS LATENCY: 19.56 cycles
cpu1->cpu1_ITLB TOTAL        ACCESS:   53651973 HIT:   53651972 MISS:          1 MSHR_MERGE:          0
cpu1->cpu1_ITLB LOAD         ACCESS:   53651973 HIT:   53651972 MISS:          1 MSHR_MERGE:          0
cpu1->cpu1_ITLB RFO          ACCESS:          0 HIT:          0 MISS:          0 MSHR_MERGE:          0
cpu1->cpu1_ITLB PREFETCH     ACCESS:          0 HIT:          0 MISS:          0 MSHR_MERGE:          0
cpu1->cpu1_ITLB WRITE        ACCESS:          0 HIT:          0 MISS:          0 MSHR_MERGE:          0
cpu1->cpu1_ITLB TRANSLATION  ACCESS:          0 HIT:          0 MISS:          0 MSHR_MERGE:          0
cpu1->cpu1_ITLB PREFETCH REQUESTED:          0 ISSUED:          0 USEFUL:          0 USELESS:          0
cpu1->cpu1_ITLB AVERAGE MISS LATENCY: 760 cycles
cpu1->cpu1_DTLB TOTAL        ACCESS:   37042973 HIT:   36574202 MISS:     468771 MSHR_MERGE:     397978
cpu1->cpu1_DTLB LOAD         ACCESS:   37042973 HIT:   36574202 MISS:     468771 MSHR_MERGE:     397978
cpu1->cpu1_DTLB RFO          ACCESS:          0 HIT:          0 MISS:          0 MSHR_MERGE:          0
cpu1->cpu1_DTLB PREFETCH     ACCESS:          0 HIT:          0 MISS:          0 MSHR_MERGE:          0
cpu1->cpu1_DTLB WRITE        ACCESS:          0 HIT:          0 MISS:          0 MSHR_MERGE:          0
cpu1->cpu1_DTLB TRANSLATION  ACCESS:          0 HIT:          0 MISS:          0 MSHR_MERGE:          0
cpu1->cpu1_DTLB PREFETCH REQUESTED:          0 ISSUED:          0 USEFUL:          0 USELESS:          0
cpu1->cpu1_DTLB AVERAGE MISS LATENCY: 536.4 cycles
cpu15->cpu15_STLB TOTAL        ACCESS:      70784 HIT:       2547 MISS:      68237 MSHR_MERGE:          0
cpu15->cpu15_STLB LOAD         ACCESS:      70784 HIT:       2547 MISS:      68237 MSHR_MERGE:          0
cpu15->cpu15_STLB RFO          ACCESS:          0 HIT:          0 MISS:          0 MSHR_MERGE:          0
cpu15->cpu15_STLB PREFETCH     ACCESS:          0 HIT:          0 MISS:          0 MSHR_MERGE:          0
cpu15->cpu15_STLB WRITE        ACCESS:          0 HIT:          0 MISS:          0 MSHR_MERGE:          0
cpu15->cpu15_STLB TRANSLATION  ACCESS:          0 HIT:          0 MISS:          0 MSHR_MERGE:          0
cpu15->cpu15_STLB PREFETCH REQUESTED:          0 ISSUED:          0 USEFUL:          0 USELESS:          0
cpu15->cpu15_STLB AVERAGE MISS LATENCY: 550.3 cycles
cpu15->cpu15_L2C TOTAL        ACCESS:   24432698 HIT:          0 MISS:   24432698 MSHR_MERGE:          0
cpu15->cpu15_L2C LOAD         ACCESS:   21718375 HIT:          0 MISS:   21718375 MSHR_MERGE:          0
cpu15->cpu15_L2C RFO          ACCESS:    2577706 HIT:          0 MISS:    2577706 MSHR_MERGE:          0
cpu15->cpu15_L2C PREFETCH     ACCESS:          9 HIT:          0 MISS:          9 MSHR_MERGE:          0
cpu15->cpu15_L2C WRITE        ACCESS:          0 HIT:          0 MISS:          0 MSHR_MERGE:          0
cpu15->cpu15_L2C TRANSLATION  ACCESS:     136608 HIT:          0 MISS:     136608 MSHR_MERGE:          0
cpu15->cpu15_L2C PREFETCH REQUESTED:          0 ISSUED:          0 USEFUL:          0 USELESS:          0
cpu15->cpu15_L2C AVERAGE MISS LATENCY: 16.55 cycles
cpu15->cpu15_L1I TOTAL        ACCESS:   80753895 HIT:   80753881 MISS:         14 MSHR_MERGE:          3
cpu15->cpu15_L1I LOAD         ACCESS:   40381838 HIT:   40381836 MISS:          2 MSHR_MERGE:          0
cpu15->cpu15_L1I RFO          ACCESS:          0 HIT:          0 MISS:          0 MSHR_MERGE:          0
cpu15->cpu15_L1I PREFETCH     ACCESS:   40372057 HIT:   40372045 MISS:         12 MSHR_MERGE:          3
cpu15->cpu15_L1I WRITE        ACCESS:          0 HIT:          0 MISS:          0 MSHR_MERGE:          0
cpu15->cpu15_L1I TRANSLATION  ACCESS:          0 HIT:          0 MISS:          0 MSHR_MERGE:          0
cpu15->cpu15_L1I PREFETCH REQUESTED:   40381838 ISSUED:   40372026 USEFUL:          5 USELESS:          0
cpu15->cpu15_L1I AVERAGE MISS LATENCY: 186 cycles
cpu15->cpu15_L1D TOTAL        ACCESS:   37169267 HIT:          0 MISS:   37169267 MSHR_MERGE:   12736580
cpu15->cpu15_L1D LOAD         ACCESS:   29916649 HIT:          0 MISS:   29916649 MSHR_MERGE:    8198276
cpu15->cpu15_L1D RFO          ACCESS:          0 HIT:          0 MISS:          0 MSHR_MERGE:          0
cpu15->cpu15_L1D PREFETCH     ACCESS:          0 HIT:          0 MISS:          0 MSHR_MERGE:          0
cpu15->cpu15_L1D WRITE        ACCESS:    7116010 HIT:          0 MISS:    7116010 MSHR_MERGE:    4538304
cpu15->cpu15_L1D TRANSLATION  ACCESS:     136608 HIT:          0 MISS:     136608 MSHR_MERGE:          0
cpu15->cpu15_L1D PREFETCH REQUESTED:          0 ISSUED:          0 USEFUL:          0 USELESS:          0
cpu15->cpu15_L1D AVERAGE MISS LATENCY: 19.56 cycles
cpu15->cpu15_ITLB TOTAL        ACCESS:   53649098 HIT:   53649098 MISS:          0 MSHR_MERGE:          0
cpu15->cpu15_ITLB LOAD         ACCESS:   53649098 HIT:   53649098 MISS:          0 MSHR_MERGE:          0
cpu15->cpu15_ITLB RFO          ACCESS:          0 HIT:          0 MISS:          0 MSHR_MERGE:          0
cpu15->cpu15_ITLB PREFETCH     ACCESS:          0 HIT:          0 MISS:          0 MSHR_MERGE:          0
cpu15->cpu15_ITLB WRITE        ACCESS:          0 HIT:          0 MISS:          0 MSHR_MERGE:          0
cpu15->cpu15_ITLB TRANSLATION  ACCESS:          0 HIT:          0 MISS:          0 MSHR_MERGE:          0
cpu15->cpu15_ITLB PREFETCH REQUESTED:          0 ISSUED:          0 USEFUL:          0 USELESS:          0
cpu15->cpu15_ITLB AVERAGE MISS LATENCY: - cycles
cpu15->cpu15_DTLB TOTAL        ACCESS:   37028111 HIT:   36561589 MISS:     466522 MSHR_MERGE:     395738
cpu15->cpu15_DTLB LOAD         ACCESS:   37028111 HIT:   36561589 MISS:     466522 MSHR_MERGE:     395738
cpu15->cpu15_DTLB RFO          ACCESS:          0 HIT:          0 MISS:          0 MSHR_MERGE:          0
cpu15->cpu15_DTLB PREFETCH     ACCESS:          0 HIT:          0 MISS:          0 MSHR_MERGE:          0
cpu15->cpu15_DTLB WRITE        ACCESS:          0 HIT:          0 MISS:          0 MSHR_MERGE:          0
cpu15->cpu15_DTLB TRANSLATION  ACCESS:          0 HIT:          0 MISS:          0 MSHR_MERGE:          0
cpu15->cpu15_DTLB PREFETCH REQUESTED:          0 ISSUED:          0 USEFUL:          0 USELESS:          0
cpu15->cpu15_DTLB AVERAGE MISS LATENCY: 536.5 cycles
cpu14->cpu14_STLB TOTAL        ACCESS:      70614 HIT:       2538 MISS:      68076 MSHR_MERGE:          0
cpu14->cpu14_STLB LOAD         ACCESS:      70614 HIT:       2538 MISS:      68076 MSHR_MERGE:          0
cpu14->cpu14_STLB RFO          ACCESS:          0 HIT:          0 MISS:          0 MSHR_MERGE:          0
cpu14->cpu14_STLB PREFETCH     ACCESS:          0 HIT:          0 MISS:          0 MSHR_MERGE:          0
cpu14->cpu14_STLB WRITE        ACCESS:          0 HIT:          0 MISS:          0 MSHR_MERGE:          0
cpu14->cpu14_STLB TRANSLATION  ACCESS:          0 HIT:          0 MISS:          0 MSHR_MERGE:          0
cpu14->cpu14_STLB PREFETCH REQUESTED:          0 ISSUED:          0 USEFUL:          0 USELESS:          0
cpu14->cpu14_STLB AVERAGE MISS LATENCY: 551.7 cycles
cpu14->cpu14_L2C TOTAL        ACCESS:   24373876 HIT:          0 MISS:   24373876 MSHR_MERGE:          0
cpu14->cpu14_L2C LOAD         ACCESS:   21669272 HIT:          0 MISS:   21669272 MSHR_MERGE:          0
cpu14->cpu14_L2C RFO          ACCESS:    2568310 HIT:          0 MISS:    2568310 MSHR_MERGE:          0
cpu14->cpu14_L2C PREFETCH     ACCESS:          9 HIT:          0 MISS:          9 MSHR_MERGE:          0
cpu14->cpu14_L2C WRITE        ACCESS:          0 HIT:          0 MISS:          0 MSHR_MERGE:          0
cpu14->cpu14_L2C TRANSLATION  ACCESS:     136285 HIT:          0 MISS:     136285 MSHR_MERGE:          0
cpu14->cpu14_L2C PREFETCH REQUESTED:          0 ISSUED:          0 USEFUL:          0 USELESS:          0
cpu14->cpu14_L2C AVERAGE MISS LATENCY: 16.55 cycles
cpu14->cpu14_L1I TOTAL        ACCESS:   80532152 HIT:   80532138 MISS:         14 MSHR_MERGE:          3
cpu14->cpu14_L1I LOAD         ACCESS:   40270950 HIT:   40270948 MISS:          2 MSHR_MERGE:          0
cpu14->cpu14_L1I RFO          ACCESS:          0 HIT:          0 MISS:          0 MSHR_MERGE:          0
cpu14->cpu14_L1I PREFETCH     ACCESS:   40261202 HIT:   40261190 MISS:         12 MSHR_MERGE:          3
cpu14->cpu14_L1I WRITE        ACCESS:          0 HIT:          0 MISS:          0 MSHR_MERGE:          0
cpu14->cpu14_L1I TRANSLATION  ACCESS:          0 HIT:          0 MISS:          0 MSHR_MERGE:          0
cpu14->cpu14_L1I PREFETCH REQUESTED:   40270950 ISSUED:   40261170 USEFUL:          5 USELESS:          0
cpu14->cpu14_L1I AVERAGE MISS LATENCY: 185.5 cycles
cpu14->cpu14_L1D TOTAL        ACCESS:   37079923 HIT:          0 MISS:   37079923 MSHR_MERGE:   12706058
cpu14->cpu14_L1D LOAD         ACCESS:   29844522 HIT:          0 MISS:   29844522 MSHR_MERGE:    8175252
cpu14->cpu14_L1D RFO          ACCESS:          0 HIT:          0 MISS:          0 MSHR_MERGE:          0
cpu14->cpu14_L1D PREFETCH     ACCESS:          0 HIT:          0 MISS:          0 MSHR_MERGE:          0
cpu14->cpu14_L1D WRITE        ACCESS:    7099116 HIT:          0 MISS:    7099116 MSHR_MERGE:    4530806
cpu14->cpu14_L1D TRANSLATION  ACCESS:     136285 HIT:          0 MISS:     136285 MSHR_MERGE:          0
cpu14->cpu14_L1D PREFETCH REQUESTED:          0 ISSUED:          0 USEFUL:          0 USELESS:          0
cpu14->cpu14_L1D AVERAGE MISS LATENCY: 19.56 cycles
cpu14->cpu14_ITLB TOTAL        ACCESS:   53658479 HIT:   53658479 MISS:          0 MSHR_MERGE:          0
cpu14->cpu14_ITLB LOAD         ACCESS:   53658479 HIT:   53658479 MISS:          0 MSHR_MERGE:          0
cpu14->cpu14_ITLB RFO          ACCESS:          0 HIT:          0 MISS:          0 MSHR_MERGE:          0
cpu14->cpu14_ITLB PREFETCH     ACCESS:          0 HIT:          0 MISS:          0 MSHR_MERGE:          0
cpu14->cpu14_ITLB WRITE        ACCESS:          0 HIT:          0 MISS:          0 MSHR_MERGE:          0
cpu14->cpu14_ITLB TRANSLATION  ACCESS:          0 HIT:          0 MISS:          0 MSHR_MERGE:          0
cpu14->cpu14_ITLB PREFETCH REQUESTED:          0 ISSUED:          0 USEFUL:          0 USELESS:          0
cpu14->cpu14_ITLB AVERAGE MISS LATENCY: - cycles
cpu14->cpu14_DTLB TOTAL        ACCESS:   36938402 HIT:   36470644 MISS:     467758 MSHR_MERGE:     397144
cpu14->cpu14_DTLB LOAD         ACCESS:   36938402 HIT:   36470644 MISS:     467758 MSHR_MERGE:     397144
cpu14->cpu14_DTLB RFO          ACCESS:          0 HIT:          0 MISS:          0 MSHR_MERGE:          0
cpu14->cpu14_DTLB PREFETCH     ACCESS:          0 HIT:          0 MISS:          0 MSHR_MERGE:          0
cpu14->cpu14_DTLB WRITE        ACCESS:          0 HIT:          0 MISS:          0 MSHR_MERGE:          0
cpu14->cpu14_DTLB TRANSLATION  ACCESS:          0 HIT:          0 MISS:          0 MSHR_MERGE:          0
cpu14->cpu14_DTLB PREFETCH REQUESTED:          0 ISSUED:          0 USEFUL:          0 USELESS:          0
cpu14->cpu14_DTLB AVERAGE MISS LATENCY: 537.9 cycles
cpu13->cpu13_STLB TOTAL        ACCESS:      70763 HIT:       2545 MISS:      68218 MSHR_MERGE:          0
cpu13->cpu13_STLB LOAD         ACCESS:      70763 HIT:       2545 MISS:      68218 MSHR_MERGE:          0
cpu13->cpu13_STLB RFO          ACCESS:          0 HIT:          0 MISS:          0 MSHR_MERGE:          0
cpu13->cpu13_STLB PREFETCH     ACCESS:          0 HIT:          0 MISS:          0 MSHR_MERGE:          0
cpu13->cpu13_STLB WRITE        ACCESS:          0 HIT:          0 MISS:          0 MSHR_MERGE:          0
cpu13->cpu13_STLB TRANSLATION  ACCESS:          0 HIT:          0 MISS:          0 MSHR_MERGE:          0
cpu13->cpu13_STLB PREFETCH REQUESTED:          0 ISSUED:          0 USEFUL:          0 USELESS:          0
cpu13->cpu13_STLB AVERAGE MISS LATENCY: 550.7 cycles
cpu13->cpu13_L2C TOTAL        ACCESS:   24427316 HIT:          0 MISS:   24427316 MSHR_MERGE:          0
cpu13->cpu13_L2C LOAD         ACCESS:   21715223 HIT:          0 MISS:   21715223 MSHR_MERGE:          0
cpu13->cpu13_L2C RFO          ACCESS:    2575514 HIT:          0 MISS:    2575514 MSHR_MERGE:          0
cpu13->cpu13_L2C PREFETCH     ACCESS:          9 HIT:          0 MISS:          9 MSHR_MERGE:          0
cpu13->cpu13_L2C WRITE        ACCESS:          0 HIT:          0 MISS:          0 MSHR_MERGE:          0
cpu13->cpu13_L2C TRANSLATION  ACCESS:     136570 HIT:          0 MISS:     136570 MSHR_MERGE:          0
cpu13->cpu13_L2C PREFETCH REQUESTED:          0 ISSUED:          0 USEFUL:          0 USELESS:          0
cpu13->cpu13_L2C AVERAGE MISS LATENCY: 16.55 cycles
cpu13->cpu13_L1I TOTAL        ACCESS:   80733175 HIT:   80733161 MISS:         14 MSHR_MERGE:          3
cpu13->cpu13_L1I LOAD         ACCESS:   40371472 HIT:   40371470 MISS:          2 MSHR_MERGE:          0
cpu13->cpu13_L1I RFO          ACCESS:          0 HIT:          0 MISS:          0 MSHR_MERGE:          0
cpu13->cpu13_L1I PREFETCH     ACCESS:   40361703 HIT:   40361691 MISS:         12 MSHR_MERGE:          3
cpu13->cpu13_L1I WRITE        ACCESS:          0 HIT:          0 MISS:          0 MSHR_MERGE:          0
cpu13->cpu13_L1I TRANSLATION  ACCESS:          0 HIT:          0 MISS:          0 MSHR_MERGE:          0
cpu13->cpu13_L1I PREFETCH REQUESTED:   40371472 ISSUED:   40361703 USEFUL:          5 USELESS:          0
cpu13->cpu13_L1I AVERAGE MISS LATENCY: 162.5 cycles
cpu13->cpu13_L1D TOTAL        ACCESS:   37159141 HIT:          0 MISS:   37159141 MSHR_MERGE:   12731835
cpu13->cpu13_L1D LOAD         ACCESS:   29908607 HIT:          0 MISS:   29908607 MSHR_MERGE:    8193385
cpu13->cpu13_L1D RFO          ACCESS:          0 HIT:          0 MISS:          0 MSHR_MERGE:          0
cpu13->cpu13_L1D PREFETCH     ACCESS:          0 HIT:          0 MISS:          0 MSHR_MERGE:          0
cpu13->cpu13_L1D WRITE        ACCESS:    7113964 HIT:          0 MISS:    7113964 MSHR_MERGE:    4538450
cpu13->cpu13_L1D TRANSLATION  ACCESS:     136570 HIT:          0 MISS:     136570 MSHR_MERGE:          0
cpu13->cpu13_L1D PREFETCH REQUESTED:          0 ISSUED:          0 USEFUL:          0 USELESS:          0
cpu13->cpu13_L1D AVERAGE MISS LATENCY: 19.56 cycles
cpu13->cpu13_ITLB TOTAL        ACCESS:   53634855 HIT:   53634855 MISS:          0 MSHR_MERGE:          0
cpu13->cpu13_ITLB LOAD         ACCESS:   53634855 HIT:   53634855 MISS:          0 MSHR_MERGE:          0
cpu13->cpu13_ITLB RFO          ACCESS:          0 HIT:          0 MISS:          0 MSHR_MERGE:          0
cpu13->cpu13_ITLB PREFETCH     ACCESS:          0 HIT:          0 MISS:          0 MSHR_MERGE:          0
cpu13->cpu13_ITLB WRITE        ACCESS:          0 HIT:          0 MISS:          0 MSHR_MERGE:          0
cpu13->cpu13_ITLB TRANSLATION  ACCESS:          0 HIT:          0 MISS:          0 MSHR_MERGE:          0
cpu13->cpu13_ITLB PREFETCH REQUESTED:          0 ISSUED:          0 USEFUL:          0 USELESS:          0
cpu13->cpu13_ITLB AVERAGE MISS LATENCY: - cycles
cpu13->cpu13_DTLB TOTAL        ACCESS:   37018096 HIT:   36552043 MISS:     466053 MSHR_MERGE:     395290
cpu13->cpu13_DTLB LOAD         ACCESS:   37018096 HIT:   36552043 MISS:     466053 MSHR_MERGE:     395290
cpu13->cpu13_DTLB RFO          ACCESS:          0 HIT:          0 MISS:          0 MSHR_MERGE:          0
cpu13->cpu13_DTLB PREFETCH     ACCESS:          0 HIT:          0 MISS:          0 MSHR_MERGE:          0
cpu13->cpu13_DTLB WRITE        ACCESS:          0 HIT:          0 MISS:          0 MSHR_MERGE:          0
cpu13->cpu13_DTLB TRANSLATION  ACCESS:          0 HIT:          0 MISS:          0 MSHR_MERGE:          0
cpu13->cpu13_DTLB PREFETCH REQUESTED:          0 ISSUED:          0 USEFUL:          0 USELESS:          0
cpu13->cpu13_DTLB AVERAGE MISS LATENCY: 536.9 cycles
cpu12->cpu12_STLB TOTAL        ACCESS:      70762 HIT:       2545 MISS:      68217 MSHR_MERGE:          0
cpu12->cpu12_STLB LOAD         ACCESS:      70762 HIT:       2545 MISS:      68217 MSHR_MERGE:          0
cpu12->cpu12_STLB RFO          ACCESS:          0 HIT:          0 MISS:          0 MSHR_MERGE:          0
cpu12->cpu12_STLB PREFETCH     ACCESS:          0 HIT:          0 MISS:          0 MSHR_MERGE:          0
cpu12->cpu12_STLB WRITE        ACCESS:          0 HIT:          0 MISS:          0 MSHR_MERGE:          0
cpu12->cpu12_STLB TRANSLATION  ACCESS:          0 HIT:          0 MISS:          0 MSHR_MERGE:          0
cpu12->cpu12_STLB PREFETCH REQUESTED:          0 ISSUED:          0 USEFUL:          0 USELESS:          0
cpu12->cpu12_STLB AVERAGE MISS LATENCY: 551 cycles
cpu12->cpu12_L2C TOTAL        ACCESS:   24426585 HIT:          0 MISS:   24426585 MSHR_MERGE:          0
cpu12->cpu12_L2C LOAD         ACCESS:   21714112 HIT:          0 MISS:   21714112 MSHR_MERGE:          0
cpu12->cpu12_L2C RFO          ACCESS:    2575896 HIT:          0 MISS:    2575896 MSHR_MERGE:          0
cpu12->cpu12_L2C PREFETCH     ACCESS:          9 HIT:          0 MISS:          9 MSHR_MERGE:          0
cpu12->cpu12_L2C WRITE        ACCESS:          0 HIT:          0 MISS:          0 MSHR_MERGE:          0
cpu12->cpu12_L2C TRANSLATION  ACCESS:     136568 HIT:          0 MISS:     136568 MSHR_MERGE:          0
cpu12->cpu12_L2C PREFETCH REQUESTED:          0 ISSUED:          0 USEFUL:          0 USELESS:          0
cpu12->cpu12_L2C AVERAGE MISS LATENCY: 16.55 cycles
cpu12->cpu12_L1I TOTAL        ACCESS:   80735034 HIT:   80735020 MISS:         14 MSHR_MERGE:          3
cpu12->cpu12_L1I LOAD         ACCESS:   40372405 HIT:   40372403 MISS:          2 MSHR_MERGE:          0
cpu12->cpu12_L1I RFO          ACCESS:          0 HIT:          0 MISS:          0 MSHR_MERGE:          0
cpu12->cpu12_L1I PREFETCH     ACCESS:   40362629 HIT:   40362617 MISS:         12 MSHR_MERGE:          3
cpu12->cpu12_L1I WRITE        ACCESS:          0 HIT:          0 MISS:          0 MSHR_MERGE:          0
cpu12->cpu12_L1I TRANSLATION  ACCESS:          0 HIT:          0 MISS:          0 MSHR_MERGE:          0
cpu12->cpu12_L1I PREFETCH REQUESTED:   40372405 ISSUED:   40362636 USEFUL:          5 USELESS:          0
cpu12->cpu12_L1I AVERAGE MISS LATENCY: 138 cycles
cpu12->cpu12_L1D TOTAL        ACCESS:   37157723 HIT:          0 MISS:   37157723 MSHR_MERGE:   12731148
cpu12->cpu12_L1D LOAD         ACCESS:   29907315 HIT:          0 MISS:   29907315 MSHR_MERGE:    8193205
cpu12->cpu12_L1D RFO          ACCESS:          0 HIT:          0 MISS:          0 MSHR_MERGE:          0
cpu12->cpu12_L1D PREFETCH     ACCESS:          0 HIT:          0 MISS:          0 MSHR_MERGE:          0
cpu12->cpu12_L1D WRITE        ACCESS:    7113840 HIT:          0 MISS:    7113840 MSHR_MERGE:    4537943
cpu12->cpu12_L1D TRANSLATION  ACCESS:     136568 HIT:          0 MISS:     136568 MSHR_MERGE:          0
cpu12->cpu12_L1D PREFETCH REQUESTED:          0 ISSUED:          0 USEFUL:          0 USELESS:          0
cpu12->cpu12_L1D AVERAGE MISS LATENCY: 19.56 cycles
cpu12->cpu12_ITLB TOTAL        ACCESS:   53634394 HIT:   53634394 MISS:          0 MSHR_MERGE:          0
cpu12->cpu12_ITLB LOAD         ACCESS:   53634394 HIT:   53634394 MISS:          0 MSHR_MERGE:          0
cpu12->cpu12_ITLB RFO          ACCESS:          0 HIT:          0 MISS:          0 MSHR_MERGE:          0
cpu12->cpu12_ITLB PREFETCH     ACCESS:          0 HIT:          0 MISS:          0 MSHR_MERGE:          0
cpu12->cpu12_ITLB WRITE        ACCESS:          0 HIT:          0 MISS:          0 MSHR_MERGE:          0
cpu12->cpu12_ITLB TRANSLATION  ACCESS:          0 HIT:          0 MISS:          0 MSHR_MERGE:          0
cpu12->cpu12_ITLB PREFETCH REQUESTED:          0 ISSUED:          0 USEFUL:          0 USELESS:          0
cpu12->cpu12_ITLB AVERAGE MISS LATENCY: - cycles
cpu12->cpu12_DTLB TOTAL        ACCESS:   37016687 HIT:   36550858 MISS:     465829 MSHR_MERGE:     395067
cpu12->cpu12_DTLB LOAD         ACCESS:   37016687 HIT:   36550858 MISS:     465829 MSHR_MERGE:     395067
cpu12->cpu12_DTLB RFO          ACCESS:          0 HIT:          0 MISS:          0 MSHR_MERGE:          0
cpu12->cpu12_DTLB PREFETCH     ACCESS:          0 HIT:          0 MISS:          0 MSHR_MERGE:          0
cpu12->cpu12_DTLB WRITE        ACCESS:          0 HIT:          0 MISS:          0 MSHR_MERGE:          0
cpu12->cpu12_DTLB TRANSLATION  ACCESS:          0 HIT:          0 MISS:          0 MSHR_MERGE:          0
cpu12->cpu12_DTLB PREFETCH REQUESTED:          0 ISSUED:          0 USEFUL:          0 USELESS:          0
cpu12->cpu12_DTLB AVERAGE MISS LATENCY: 537.1 cycles
cpu11->cpu11_STLB TOTAL        ACCESS:      70758 HIT:       2545 MISS:      68213 MSHR_MERGE:          0
cpu11->cpu11_STLB LOAD         ACCESS:      70758 HIT:       2545 MISS:      68213 MSHR_MERGE:          0
cpu11->cpu11_STLB RFO          ACCESS:          0 HIT:          0 MISS:          0 MSHR_MERGE:          0
cpu11->cpu11_STLB PREFETCH     ACCESS:          0 HIT:          0 MISS:          0 MSHR_MERGE:          0
cpu11->cpu11_STLB WRITE        ACCESS:          0 HIT:          0 MISS:          0 MSHR_MERGE:          0
cpu11->cpu11_STLB TRANSLATION  ACCESS:          0 HIT:          0 MISS:          0 MSHR_MERGE:          0
cpu11->cpu11_STLB PREFETCH REQUESTED:          0 ISSUED:          0 USEFUL:          0 USELESS:          0
cpu11->cpu11_STLB AVERAGE MISS LATENCY: 551.2 cycles
cpu11->cpu11_L2C TOTAL        ACCESS:   24424344 HIT:          0 MISS:   24424344 MSHR_MERGE:          0
cpu11->cpu11_L2C LOAD         ACCESS:   21710675 HIT:          0 MISS:   21710675 MSHR_MERGE:          0
cpu11->cpu11_L2C RFO          ACCESS:    2577100 HIT:          0 MISS:    2577100 MSHR_MERGE:          0
cpu11->cpu11_L2C PREFETCH     ACCESS:          9 HIT:          0 MISS:          9 MSHR_MERGE:          0
cpu11->cpu11_L2C WRITE        ACCESS:          0 HIT:          0 MISS:          0 MSHR_MERGE:          0
cpu11->cpu11_L2C TRANSLATION  ACCESS:     136560 HIT:          0 MISS:     136560 MSHR_MERGE:          0
cpu11->cpu11_L2C PREFETCH REQUESTED:          0 ISSUED:          0 USEFUL:          0 USELESS:          0
cpu11->cpu11_L2C AVERAGE MISS LATENCY: 16.55 cycles
cpu11->cpu11_L1I TOTAL        ACCESS:   80732579 HIT:   80732565 MISS:         14 MSHR_MERGE:          3
cpu11->cpu11_L1I LOAD         ACCESS:   40371175 HIT:   40371173 MISS:          2 MSHR_MERGE:          0
cpu11->cpu11_L1I RFO          ACCESS:          0 HIT:          0 MISS:          0 MSHR_MERGE:          0
cpu11->cpu11_L1I PREFETCH     ACCESS:   40361404 HIT:   40361392 MISS:         12 MSHR_MERGE:          3
cpu11->cpu11_L1I WRITE        ACCESS:          0 HIT:          0 MISS:          0 MSHR_MERGE:          0
cpu11->cpu11_L1I TRANSLATION  ACCESS:          0 HIT:          0 MISS:          0 MSHR_MERGE:          0
cpu11->cpu11_L1I PREFETCH REQUESTED:   40371175 ISSUED:   40361374 USEFUL:          5 USELESS:          0
cpu11->cpu11_L1I AVERAGE MISS LATENCY: 184.5 cycles
cpu11->cpu11_L1D TOTAL        ACCESS:   37155661 HIT:          0 MISS:   37155661 MSHR_MERGE:   12731328
cpu11->cpu11_L1D LOAD         ACCESS:   29905675 HIT:          0 MISS:   29905675 MSHR_MERGE:    8195003
cpu11->cpu11_L1D RFO          ACCESS:          0 HIT:          0 MISS:          0 MSHR_MERGE:          0
cpu11->cpu11_L1D PREFETCH     ACCESS:          0 HIT:          0 MISS:          0 MSHR_MERGE:          0
cpu11->cpu11_L1D WRITE        ACCESS:    7113426 HIT:          0 MISS:    7113426 MSHR_MERGE:    4536325
cpu11->cpu11_L1D TRANSLATION  ACCESS:     136560 HIT:          0 MISS:     136560 MSHR_MERGE:          0
cpu11->cpu11_L1D PREFETCH REQUESTED:          0 ISSUED:          0 USEFUL:          0 USELESS:          0
cpu11->cpu11_L1D AVERAGE MISS LATENCY: 19.56 cycles
cpu11->cpu11_ITLB TOTAL        ACCESS:   53631736 HIT:   53631736 MISS:          0 MSHR_MERGE:          0
cpu11->cpu11_ITLB LOAD         ACCESS:   53631736 HIT:   53631736 MISS:          0 MSHR_MERGE:          0
cpu11->cpu11_ITLB RFO          ACCESS:          0 HIT:          0 MISS:          0 MSHR_MERGE:          0
cpu11->cpu11_ITLB PREFETCH     ACCESS:          0 HIT:          0 MISS:          0 MSHR_MERGE:          0
cpu11->cpu11_ITLB WRITE        ACCESS:          0 HIT:          0 MISS:          0 MSHR_MERGE:          0
cpu11->cpu11_ITLB TRANSLATION  ACCESS:          0 HIT:          0 MISS:          0 MSHR_MERGE:          0
cpu11->cpu11_ITLB PREFETCH REQUESTED:          0 ISSUED:          0 USEFUL:          0 USELESS:          0
cpu11->cpu11_ITLB AVERAGE MISS LATENCY: - cycles
cpu11->cpu11_DTLB TOTAL        ACCESS:   37014557 HIT:   36547940 MISS:     466617 MSHR_MERGE:     395859
cpu11->cpu11_DTLB LOAD         ACCESS:   37014557 HIT:   36547940 MISS:     466617 MSHR_MERGE:     395859
cpu11->cpu11_DTLB RFO          ACCESS:          0 HIT:          0 MISS:          0 MSHR_MERGE:          0
cpu11->cpu11_DTLB PREFETCH     ACCESS:          0 HIT:          0 MISS:          0 MSHR_MERGE:          0
cpu11->cpu11_DTLB WRITE        ACCESS:          0 HIT:          0 MISS:          0 MSHR_MERGE:          0
cpu11->cpu11_DTLB TRANSLATION  ACCESS:          0 HIT:          0 MISS:          0 MSHR_MERGE:          0
cpu11->cpu11_DTLB PREFETCH REQUESTED:          0 ISSUED:          0 USEFUL:          0 USELESS:          0
cpu11->cpu11_DTLB AVERAGE MISS LATENCY: 537.3 cycles
cpu10->cpu10_STLB TOTAL        ACCESS:      70795 HIT:       2547 MISS:      68248 MSHR_MERGE:          0
cpu10->cpu10_STLB LOAD         ACCESS:      70795 HIT:       2547 MISS:      68248 MSHR_MERGE:          0
cpu10->cpu10_STLB RFO          ACCESS:          0 HIT:          0 MISS:          0 MSHR_MERGE:          0
cpu10->cpu10_STLB PREFETCH     ACCESS:          0 HIT:          0 MISS:          0 MSHR_MERGE:          0
cpu10->cpu10_STLB WRITE        ACCESS:          0 HIT:          0 MISS:          0 MSHR_MERGE:          0
cpu10->cpu10_STLB TRANSLATION  ACCESS:          0 HIT:          0 MISS:          0 MSHR_MERGE:          0
cpu10->cpu10_STLB PREFETCH REQUESTED:          0 ISSUED:          0 USEFUL:          0 USELESS:          0
cpu10->cpu10_STLB AVERAGE MISS LATENCY: 549.8 cycles
cpu10->cpu10_L2C TOTAL        ACCESS:   24439033 HIT:          0 MISS:   24439033 MSHR_MERGE:          0
cpu10->cpu10_L2C LOAD         ACCESS:   21723838 HIT:          0 MISS:   21723838 MSHR_MERGE:          0
cpu10->cpu10_L2C RFO          ACCESS:    2578556 HIT:          0 MISS:    2578556 MSHR_MERGE:          0
cpu10->cpu10_L2C PREFETCH     ACCESS:          9 HIT:          0 MISS:          9 MSHR_MERGE:          0
cpu10->cpu10_L2C WRITE        ACCESS:          0 HIT:          0 MISS:          0 MSHR_MERGE:          0
cpu10->cpu10_L2C TRANSLATION  ACCESS:     136630 HIT:          0 MISS:     136630 MSHR_MERGE:          0
cpu10->cpu10_L2C PREFETCH REQUESTED:          0 ISSUED:          0 USEFUL:          0 USELESS:          0
cpu10->cpu10_L2C AVERAGE MISS LATENCY: 16.55 cycles
cpu10->cpu10_L1I TOTAL        ACCESS:   80772908 HIT:   80772894 MISS:         14 MSHR_MERGE:          3
cpu10->cpu10_L1I LOAD         ACCESS:   40391346 HIT:   40391344 MISS:          2 MSHR_MERGE:          0
cpu10->cpu10_L1I RFO          ACCESS:          0 HIT:          0 MISS:          0 MSHR_MERGE:          0
cpu10->cpu10_L1I PREFETCH     ACCESS:   40381562 HIT:   40381550 MISS:         12 MSHR_MERGE:          3
cpu10->cpu10_L1I WRITE        ACCESS:          0 HIT:          0 MISS:          0 MSHR_MERGE:          0
cpu10->cpu10_L1I TRANSLATION  ACCESS:          0 HIT:          0 MISS:          0 MSHR_MERGE:          0
cpu10->cpu10_L1I PREFETCH REQUESTED:   40391346 ISSUED:   40381531 USEFUL:          5 USELESS:          0
cpu10->cpu10_L1I AVERAGE MISS LATENCY: 185.5 cycles
cpu10->cpu10_L1D TOTAL        ACCESS:   37173840 HIT:          0 MISS:   37173840 MSHR_MERGE:   12734817
cpu10->cpu10_L1D LOAD         ACCESS:   29920097 HIT:          0 MISS:   29920097 MSHR_MERGE:    8196260
cpu10->cpu10_L1D RFO          ACCESS:          0 HIT:          0 MISS:          0 MSHR_MERGE:          0
cpu10->cpu10_L1D PREFETCH     ACCESS:          0 HIT:          0 MISS:          0 MSHR_MERGE:          0
cpu10->cpu10_L1D WRITE        ACCESS:    7117113 HIT:          0 MISS:    7117113 MSHR_MERGE:    4538557
cpu10->cpu10_L1D TRANSLATION  ACCESS:     136630 HIT:          0 MISS:     136630 MSHR_MERGE:          0
cpu10->cpu10_L1D PREFETCH REQUESTED:          0 ISSUED:          0 USEFUL:          0 USELESS:          0
cpu10->cpu10_L1D AVERAGE MISS LATENCY: 19.56 cycles
cpu10->cpu10_ITLB TOTAL        ACCESS:   53667018 HIT:   53667018 MISS:          0 MSHR_MERGE:          0
cpu10->cpu10_ITLB LOAD         ACCESS:   53667018 HIT:   53667018 MISS:          0 MSHR_MERGE:          0
cpu10->cpu10_ITLB RFO          ACCESS:          0 HIT:          0 MISS:          0 MSHR_MERGE:          0
cpu10->cpu10_ITLB PREFETCH     ACCESS:          0 HIT:          0 MISS:          0 MSHR_MERGE:          0
cpu10->cpu10_ITLB WRITE        ACCESS:          0 HIT:          0 MISS:          0 MSHR_MERGE:          0
cpu10->cpu10_ITLB TRANSLATION  ACCESS:          0 HIT:          0 MISS:          0 MSHR_MERGE:          0
cpu10->cpu10_ITLB PREFETCH REQUESTED:          0 ISSUED:          0 USEFUL:          0 USELESS:          0
cpu10->cpu10_ITLB AVERAGE MISS LATENCY: - cycles
cpu10->cpu10_DTLB TOTAL        ACCESS:   37032575 HIT:   36565679 MISS:     466896 MSHR_MERGE:     396101
cpu10->cpu10_DTLB LOAD         ACCESS:   37032575 HIT:   36565679 MISS:     466896 MSHR_MERGE:     396101
cpu10->cpu10_DTLB RFO          ACCESS:          0 HIT:          0 MISS:          0 MSHR_MERGE:          0
cpu10->cpu10_DTLB PREFETCH     ACCESS:          0 HIT:          0 MISS:          0 MSHR_MERGE:          0
cpu10->cpu10_DTLB WRITE        ACCESS:          0 HIT:          0 MISS:          0 MSHR_MERGE:          0
cpu10->cpu10_DTLB TRANSLATION  ACCESS:          0 HIT:          0 MISS:          0 MSHR_MERGE:          0
cpu10->cpu10_DTLB PREFETCH REQUESTED:          0 ISSUED:          0 USEFUL:          0 USELESS:          0
cpu10->cpu10_DTLB AVERAGE MISS LATENCY: 535.9 cycles
cpu0->cpu0_STLB TOTAL        ACCESS:      70752 HIT:       2545 MISS:      68207 MSHR_MERGE:          0
cpu0->cpu0_STLB LOAD         ACCESS:      70752 HIT:       2545 MISS:      68207 MSHR_MERGE:          0
cpu0->cpu0_STLB RFO          ACCESS:          0 HIT:          0 MISS:          0 MSHR_MERGE:          0
cpu0->cpu0_STLB PREFETCH     ACCESS:          0 HIT:          0 MISS:          0 MSHR_MERGE:          0
cpu0->cpu0_STLB WRITE        ACCESS:          0 HIT:          0 MISS:          0 MSHR_MERGE:          0
cpu0->cpu0_STLB TRANSLATION  ACCESS:          0 HIT:          0 MISS:          0 MSHR_MERGE:          0
cpu0->cpu0_STLB PREFETCH REQUESTED:          0 ISSUED:          0 USEFUL:          0 USELESS:          0
cpu0->cpu0_STLB AVERAGE MISS LATENCY: 551.1 cycles
cpu0->cpu0_L2C TOTAL        ACCESS:   24421578 HIT:          0 MISS:   24421578 MSHR_MERGE:          0
cpu0->cpu0_L2C LOAD         ACCESS:   21707877 HIT:          0 MISS:   21707877 MSHR_MERGE:          0
cpu0->cpu0_L2C RFO          ACCESS:    2577144 HIT:          0 MISS:    2577144 MSHR_MERGE:          0
cpu0->cpu0_L2C PREFETCH     ACCESS:          9 HIT:          0 MISS:          9 MSHR_MERGE:          0
cpu0->cpu0_L2C WRITE        ACCESS:          0 HIT:          0 MISS:          0 MSHR_MERGE:          0
cpu0->cpu0_L2C TRANSLATION  ACCESS:     136548 HIT:          0 MISS:     136548 MSHR_MERGE:          0
cpu0->cpu0_L2C PREFETCH REQUESTED:          0 ISSUED:          0 USEFUL:          0 USELESS:          0
cpu0->cpu0_L2C AVERAGE MISS LATENCY: 16.55 cycles
cpu0->cpu0_L1I TOTAL        ACCESS:   80718957 HIT:   80718943 MISS:         14 MSHR_MERGE:          3
cpu0->cpu0_L1I LOAD         ACCESS:   40364364 HIT:   40364362 MISS:          2 MSHR_MERGE:          0
cpu0->cpu0_L1I RFO          ACCESS:          0 HIT:          0 MISS:          0 MSHR_MERGE:          0
cpu0->cpu0_L1I PREFETCH     ACCESS:   40354593 HIT:   40354581 MISS:         12 MSHR_MERGE:          3
cpu0->cpu0_L1I WRITE        ACCESS:          0 HIT:          0 MISS:          0 MSHR_MERGE:          0
cpu0->cpu0_L1I TRANSLATION  ACCESS:          0 HIT:          0 MISS:          0 MSHR_MERGE:          0
cpu0->cpu0_L1I PREFETCH REQUESTED:   40364364 ISSUED:   40354560 USEFUL:          5 USELESS:          0
cpu0->cpu0_L1I AVERAGE MISS LATENCY: 185.5 cycles
cpu0->cpu0_L1D TOTAL        ACCESS:   37152984 HIT:          0 MISS:   37152984 MSHR_MERGE:   12731417
cpu0->cpu0_L1D LOAD         ACCESS:   29903668 HIT:          0 MISS:   29903668 MSHR_MERGE:    8195793
cpu0->cpu0_L1D RFO          ACCESS:          0 HIT:          0 MISS:          0 MSHR_MERGE:          0
cpu0->cpu0_L1D PREFETCH     ACCESS:          0 HIT:          0 MISS:          0 MSHR_MERGE:          0
cpu0->cpu0_L1D WRITE        ACCESS:    7112768 HIT:          0 MISS:    7112768 MSHR_MERGE:    4535624
cpu0->cpu0_L1D TRANSLATION  ACCESS:     136548 HIT:          0 MISS:     136548 MSHR_MERGE:          0
cpu0->cpu0_L1D PREFETCH REQUESTED:          0 ISSUED:          0 USEFUL:          0 USELESS:          0
cpu0->cpu0_L1D AVERAGE MISS LATENCY: 19.56 cycles
cpu0->cpu0_ITLB TOTAL        ACCESS:   53629460 HIT:   53629460 MISS:          0 MSHR_MERGE:          0
cpu0->cpu0_ITLB LOAD         ACCESS:   53629460 HIT:   53629460 MISS:          0 MSHR_MERGE:          0
cpu0->cpu0_ITLB RFO          ACCESS:          0 HIT:          0 MISS:          0 MSHR_MERGE:          0
cpu0->cpu0_ITLB PREFETCH     ACCESS:          0 HIT:          0 MISS:          0 MSHR_MERGE:          0
cpu0->cpu0_ITLB WRITE        ACCESS:          0 HIT:          0 MISS:          0 MSHR_MERGE:          0
cpu0->cpu0_ITLB TRANSLATION  ACCESS:          0 HIT:          0 MISS:          0 MSHR_MERGE:          0
cpu0->cpu0_ITLB PREFETCH REQUESTED:          0 ISSUED:          0 USEFUL:          0 USELESS:          0
cpu0->cpu0_ITLB AVERAGE MISS LATENCY: - cycles
cpu0->cpu0_DTLB TOTAL        ACCESS:   37012061 HIT:   36545708 MISS:     466353 MSHR_MERGE:     395601
cpu0->cpu0_DTLB LOAD         ACCESS:   37012061 HIT:   36545708 MISS:     466353 MSHR_MERGE:     395601
cpu0->cpu0_DTLB RFO          ACCESS:          0 HIT:          0 MISS:          0 MSHR_MERGE:          0
cpu0->cpu0_DTLB PREFETCH     ACCESS:          0 HIT:          0 MISS:          0 MSHR_MERGE:          0
cpu0->cpu0_DTLB WRITE        ACCESS:          0 HIT:          0 MISS:          0 MSHR_MERGE:          0
cpu0->cpu0_DTLB TRANSLATION  ACCESS:          0 HIT:          0 MISS:          0 MSHR_MERGE:          0
cpu0->cpu0_DTLB PREFETCH REQUESTED:          0 ISSUED:          0 USEFUL:          0 USELESS:          0
cpu0->cpu0_DTLB AVERAGE MISS LATENCY: 537.3 cycles
cpu0->LLC TOTAL        ACCESS:   24421577 HIT:   24335200 MISS:      86377 MSHR_MERGE:          0
cpu0->LLC LOAD         ACCESS:   21707876 HIT:   21706651 MISS:       1225 MSHR_MERGE:          0
cpu0->LLC RFO          ACCESS:    2577144 HIT:    2569544 MISS:       7600 MSHR_MERGE:          0
cpu0->LLC PREFETCH     ACCESS:          9 HIT:          0 MISS:          9 MSHR_MERGE:          0
cpu0->LLC WRITE        ACCESS:          0 HIT:          0 MISS:          0 MSHR_MERGE:          0
cpu0->LLC TRANSLATION  ACCESS:     136548 HIT:      59005 MISS:      77543 MSHR_MERGE:          0
cpu0->LLC PREFETCH REQUESTED:          0 ISSUED:          0 USEFUL:          0 USELESS:          0
cpu0->LLC AVERAGE MISS LATENCY: 2475 cycles
cpu1->LLC TOTAL        ACCESS:   24447184 HIT:   24361285 MISS:      85899 MSHR_MERGE:          0
cpu1->LLC LOAD         ACCESS:   21732674 HIT:   21731793 MISS:        881 MSHR_MERGE:          0
cpu1->LLC RFO          ACCESS:    2577871 HIT:    2570264 MISS:       7607 MSHR_MERGE:          0
cpu1->LLC PREFETCH     ACCESS:         10 HIT:          0 MISS:         10 MSHR_MERGE:          0
cpu1->LLC WRITE        ACCESS:          0 HIT:          0 MISS:          0 MSHR_MERGE:          0
cpu1->LLC TRANSLATION  ACCESS:     136629 HIT:      59228 MISS:      77401 MSHR_MERGE:          0
cpu1->LLC PREFETCH REQUESTED:          0 ISSUED:          0 USEFUL:          0 USELESS:          0
cpu1->LLC AVERAGE MISS LATENCY: 2488 cycles
cpu2->LLC TOTAL        ACCESS:   24400500 HIT:   24313758 MISS:      86742 MSHR_MERGE:          0
cpu2->LLC LOAD         ACCESS:   21688597 HIT:   21686960 MISS:       1637 MSHR_MERGE:          0
cpu2->LLC RFO          ACCESS:    2575462 HIT:    2567861 MISS:       7601 MSHR_MERGE:          0
cpu2->LLC PREFETCH     ACCESS:         10 HIT:          0 MISS:         10 MSHR_MERGE:          0
cpu2->LLC WRITE        ACCESS:          0 HIT:          0 MISS:          0 MSHR_MERGE:          0
cpu2->LLC TRANSLATION  ACCESS:     136431 HIT:      58937 MISS:      77494 MSHR_MERGE:          0
cpu2->LLC PREFETCH REQUESTED:          0 ISSUED:          0 USEFUL:          0 USELESS:          0
cpu2->LLC AVERAGE MISS LATENCY: 2464 cycles
cpu3->LLC TOTAL        ACCESS:   24430605 HIT:   24344305 MISS:      86300 MSHR_MERGE:          0
cpu3->LLC LOAD         ACCESS:   21717525 HIT:   21716325 MISS:       1200 MSHR_MERGE:          0
cpu3->LLC RFO          ACCESS:    2576477 HIT:    2568872 MISS:       7605 MSHR_MERGE:          0
cpu3->LLC PREFETCH     ACCESS:         10 HIT:          0 MISS:         10 MSHR_MERGE:          0
cpu3->LLC WRITE        ACCESS:          0 HIT:          0 MISS:          0 MSHR_MERGE:          0
cpu3->LLC TRANSLATION  ACCESS:     136593 HIT:      59108 MISS:      77485 MSHR_MERGE:          0
cpu3->LLC PREFETCH REQUESTED:          0 ISSUED:          0 USEFUL:          0 USELESS:          0
cpu3->LLC AVERAGE MISS LATENCY: 2477 cycles
cpu4->LLC TOTAL        ACCESS:   24416117 HIT:   24330095 MISS:      86022 MSHR_MERGE:          0
cpu4->LLC LOAD         ACCESS:   21710281 HIT:   21709346 MISS:        935 MSHR_MERGE:          0
cpu4->LLC RFO          ACCESS:    2569316 HIT:    2561720 MISS:       7596 MSHR_MERGE:          0
cpu4->LLC PREFETCH     ACCESS:          9 HIT:          0 MISS:          9 MSHR_MERGE:          0
cpu4->LLC WRITE        ACCESS:          0 HIT:          0 MISS:          0 MSHR_MERGE:          0
cpu4->LLC TRANSLATION  ACCESS:     136511 HIT:      59029 MISS:      77482 MSHR_MERGE:          0
cpu4->LLC PREFETCH REQUESTED:          0 ISSUED:          0 USEFUL:          0 USELESS:          0
cpu4->LLC AVERAGE MISS LATENCY: 2485 cycles
cpu5->LLC TOTAL        ACCESS:   24391298 HIT:   24305114 MISS:      86184 MSHR_MERGE:          0
cpu5->LLC LOAD         ACCESS:   21688783 HIT:   21687657 MISS:       1126 MSHR_MERGE:          0
cpu5->LLC RFO          ACCESS:    2566125 HIT:    2558525 MISS:       7600 MSHR_MERGE:          0
cpu5->LLC PREFETCH     ACCESS:          9 HIT:          0 MISS:          9 MSHR_MERGE:          0
cpu5->LLC WRITE        ACCESS:          0 HIT:          0 MISS:          0 MSHR_MERGE:          0
cpu5->LLC TRANSLATION  ACCESS:     136381 HIT:      58932 MISS:      77449 MSHR_MERGE:          0
cpu5->LLC PREFETCH REQUESTED:          0 ISSUED:          0 USEFUL:          0 USELESS:          0
cpu5->LLC AVERAGE MISS LATENCY: 2480 cycles
cpu6->LLC TOTAL        ACCESS:   24393642 HIT:   24307936 MISS:      85706 MSHR_MERGE:          0
cpu6->LLC LOAD         ACCESS:   21690707 HIT:   21690096 MISS:        611 MSHR_MERGE:          0
cpu6->LLC RFO          ACCESS:    2566536 HIT:    2558957 MISS:       7579 MSHR_MERGE:          0
cpu6->LLC PREFETCH     ACCESS:         10 HIT:          0 MISS:         10 MSHR_MERGE:          0
cpu6->LLC WRITE        ACCESS:          0 HIT:          0 MISS:          0 MSHR_MERGE:          0
cpu6->LLC TRANSLATION  ACCESS:     136389 HIT:      58883 MISS:      77506 MSHR_MERGE:          0
cpu6->LLC PREFETCH REQUESTED:          0 ISSUED:          0 USEFUL:          0 USELESS:          0
cpu6->LLC AVERAGE MISS LATENCY: 2494 cycles
cpu7->LLC TOTAL        ACCESS:   24421626 HIT:   24335728 MISS:      85898 MSHR_MERGE:          0
cpu7->LLC LOAD         ACCESS:   21711926 HIT:   21711134 MISS:        792 MSHR_MERGE:          0
cpu7->LLC RFO          ACCESS:    2573161 HIT:    2565573 MISS:       7588 MSHR_MERGE:          0
cpu7->LLC PREFETCH     ACCESS:          9 HIT:          0 MISS:          9 MSHR_MERGE:          0
cpu7->LLC WRITE        ACCESS:          0 HIT:          0 MISS:          0 MSHR_MERGE:          0
cpu7->LLC TRANSLATION  ACCESS:     136530 HIT:      59021 MISS:      77509 MSHR_MERGE:          0
cpu7->LLC PREFETCH REQUESTED:          0 ISSUED:          0 USEFUL:          0 USELESS:          0
cpu7->LLC AVERAGE MISS LATENCY: 2488 cycles
cpu8->LLC TOTAL        ACCESS:   24407187 HIT:   24321187 MISS:      86000 MSHR_MERGE:          0
cpu8->LLC LOAD         ACCESS:   21702649 HIT:   21701699 MISS:        950 MSHR_MERGE:          0
cpu8->LLC RFO          ACCESS:    2568052 HIT:    2560453 MISS:       7599 MSHR_MERGE:          0
cpu8->LLC PREFETCH     ACCESS:          9 HIT:          0 MISS:          9 MSHR_MERGE:          0
cpu8->LLC WRITE        ACCESS:          0 HIT:          0 MISS:          0 MSHR_MERGE:          0
cpu8->LLC TRANSLATION  ACCESS:     136477 HIT:      59035 MISS:      77442 MSHR_MERGE:          0
cpu8->LLC PREFETCH REQUESTED:          0 ISSUED:          0 USEFUL:          0 USELESS:          0
cpu8->LLC AVERAGE MISS LATENCY: 2486 cycles
cpu9->LLC TOTAL        ACCESS:   24396364 HIT:   24309813 MISS:      86551 MSHR_MERGE:          0
cpu9->LLC LOAD         ACCESS:   21693143 HIT:   21691605 MISS:       1538 MSHR_MERGE:          0
cpu9->LLC RFO          ACCESS:    2566829 HIT:    2559241 MISS:       7588 MSHR_MERGE:          0
cpu9->LLC PREFETCH     ACCESS:          8 HIT:          0 MISS:          8 MSHR_MERGE:          0
cpu9->LLC WRITE        ACCESS:          0 HIT:          0 MISS:          0 MSHR_MERGE:          0
cpu9->LLC TRANSLATION  ACCESS:     136384 HIT:      58967 MISS:      77417 MSHR_MERGE:          0
cpu9->LLC PREFETCH REQUESTED:          0 ISSUED:          0 USEFUL:          0 USELESS:          0
cpu9->LLC AVERAGE MISS LATENCY: 2470 cycles
cpu10->LLC TOTAL        ACCESS:   24439030 HIT:   24352796 MISS:      86234 MSHR_MERGE:          0
cpu10->LLC LOAD         ACCESS:   21723835 HIT:   21722676 MISS:       1159 MSHR_MERGE:          0
cpu10->LLC RFO          ACCESS:    2578556 HIT:    2570956 MISS:       7600 MSHR_MERGE:          0
cpu10->LLC PREFETCH     ACCESS:          9 HIT:          0 MISS:          9 MSHR_MERGE:          0
cpu10->LLC WRITE        ACCESS:          0 HIT:          0 MISS:          0 MSHR_MERGE:          0
cpu10->LLC TRANSLATION  ACCESS:     136630 HIT:      59164 MISS:      77466 MSHR_MERGE:          0
cpu10->LLC PREFETCH REQUESTED:          0 ISSUED:          0 USEFUL:          0 USELESS:          0
cpu10->LLC AVERAGE MISS LATENCY: 2479 cycles
cpu11->LLC TOTAL        ACCESS:   24424342 HIT:   24338176 MISS:      86166 MSHR_MERGE:          0
cpu11->LLC LOAD         ACCESS:   21710673 HIT:   21709690 MISS:        983 MSHR_MERGE:          0
cpu11->LLC RFO          ACCESS:    2577100 HIT:    2569504 MISS:       7596 MSHR_MERGE:          0
cpu11->LLC PREFETCH     ACCESS:          9 HIT:          0 MISS:          9 MSHR_MERGE:          0
cpu11->LLC WRITE        ACCESS:          0 HIT:          0 MISS:          0 MSHR_MERGE:          0
cpu11->LLC TRANSLATION  ACCESS:     136560 HIT:      58982 MISS:      77578 MSHR_MERGE:          0
cpu11->LLC PREFETCH REQUESTED:          0 ISSUED:          0 USEFUL:          0 USELESS:          0
cpu11->LLC AVERAGE MISS LATENCY: 2481 cycles
cpu12->LLC TOTAL        ACCESS:   24426580 HIT:   24340405 MISS:      86175 MSHR_MERGE:          0
cpu12->LLC LOAD         ACCESS:   21714107 HIT:   21713112 MISS:        995 MSHR_MERGE:          0
cpu12->LLC RFO          ACCESS:    2575896 HIT:    2568298 MISS:       7598 MSHR_MERGE:          0
cpu12->LLC PREFETCH     ACCESS:          9 HIT:          0 MISS:          9 MSHR_MERGE:          0
cpu12->LLC WRITE        ACCESS:          0 HIT:          0 MISS:          0 MSHR_MERGE:          0
cpu12->LLC TRANSLATION  ACCESS:     136568 HIT:      58995 MISS:      77573 MSHR_MERGE:          0
cpu12->LLC PREFETCH REQUESTED:          0 ISSUED:          0 USEFUL:          0 USELESS:          0
cpu12->LLC AVERAGE MISS LATENCY: 2480 cycles
cpu13->LLC TOTAL        ACCESS:   24427312 HIT:   24341140 MISS:      86172 MSHR_MERGE:          0
cpu13->LLC LOAD         ACCESS:   21715219 HIT:   21714176 MISS:       1043 MSHR_MERGE:          0
cpu13->LLC RFO          ACCESS:    2575514 HIT:    2567927 MISS:       7587 MSHR_MERGE:          0
cpu13->LLC PREFETCH     ACCESS:          9 HIT:          0 MISS:          9 MSHR_MERGE:          0
cpu13->LLC WRITE        ACCESS:          0 HIT:          0 MISS:          0 MSHR_MERGE:          0
cpu13->LLC TRANSLATION  ACCESS:     136570 HIT:      59037 MISS:      77533 MSHR_MERGE:          0
cpu13->LLC PREFETCH REQUESTED:          0 ISSUED:          0 USEFUL:          0 USELESS:          0
cpu13->LLC AVERAGE MISS LATENCY: 2481 cycles
cpu14->LLC TOTAL        ACCESS:   24373871 HIT:   24287823 MISS:      86048 MSHR_MERGE:          0
cpu14->LLC LOAD         ACCESS:   21669268 HIT:   21668116 MISS:       1152 MSHR_MERGE:          0
cpu14->LLC RFO          ACCESS:    2568309 HIT:    2560723 MISS:       7586 MSHR_MERGE:          0
cpu14->LLC PREFETCH     ACCESS:          9 HIT:          0 MISS:          9 MSHR_MERGE:          0
cpu14->LLC WRITE        ACCESS:          0 HIT:          0 MISS:          0 MSHR_MERGE:          0
cpu14->LLC TRANSLATION  ACCESS:     136285 HIT:      58984 MISS:      77301 MSHR_MERGE:          0
cpu14->LLC PREFETCH REQUESTED:          0 ISSUED:          0 USEFUL:          0 USELESS:          0
cpu14->LLC AVERAGE MISS LATENCY: 2484 cycles
cpu15->LLC TOTAL        ACCESS:   24432695 HIT:   24346508 MISS:      86187 MSHR_MERGE:          0
cpu15->LLC LOAD         ACCESS:   21718372 HIT:   21717343 MISS:       1029 MSHR_MERGE:          0
cpu15->LLC RFO          ACCESS:    2577706 HIT:    2570115 MISS:       7591 MSHR_MERGE:          0
cpu15->LLC PREFETCH     ACCESS:          9 HIT:          0 MISS:          9 MSHR_MERGE:          0
cpu15->LLC WRITE        ACCESS:          0 HIT:          0 MISS:          0 MSHR_MERGE:          0
cpu15->LLC TRANSLATION  ACCESS:     136608 HIT:      59050 MISS:      77558 MSHR_MERGE:          0
cpu15->LLC PREFETCH REQUESTED:          0 ISSUED:          0 USEFUL:          0 USELESS:          0
cpu15->LLC AVERAGE MISS LATENCY: 2480 cycles

Region of Interest Statistics

CPU 9 cumulative IPC: 1.501 instructions: 200000001 cycles: 133224085
CPU 9 Branch Prediction Accuracy: 99.66% MPKI: 0.04758 Average ROB Occupancy at Mispredict: 291.7
Branch type MPKI
BRANCH_DIRECT_JUMP: 2.5e-05
BRANCH_INDIRECT: 0
BRANCH_CONDITIONAL: 0.0475
BRANCH_DIRECT_CALL: 1e-05
BRANCH_INDIRECT_CALL: 5e-06
BRANCH_RETURN: 4e-05


CPU 8 cumulative IPC: 1.502 instructions: 200000002 cycles: 133141050
CPU 8 Branch Prediction Accuracy: 99.66% MPKI: 0.04758 Average ROB Occupancy at Mispredict: 291.7
Branch type MPKI
BRANCH_DIRECT_JUMP: 2.5e-05
BRANCH_INDIRECT: 0
BRANCH_CONDITIONAL: 0.0475
BRANCH_DIRECT_CALL: 1e-05
BRANCH_INDIRECT_CALL: 5e-06
BRANCH_RETURN: 4e-05


CPU 7 cumulative IPC: 1.503 instructions: 200000004 cycles: 133092198
CPU 7 Branch Prediction Accuracy: 99.66% MPKI: 0.04758 Average ROB Occupancy at Mispredict: 291.9
Branch type MPKI
BRANCH_DIRECT_JUMP: 2.5e-05
BRANCH_INDIRECT: 0
BRANCH_CONDITIONAL: 0.0475
BRANCH_DIRECT_CALL: 1e-05
BRANCH_INDIRECT_CALL: 5e-06
BRANCH_RETURN: 4e-05


CPU 6 cumulative IPC: 1.501 instructions: 200000001 cycles: 133223035
CPU 6 Branch Prediction Accuracy: 99.66% MPKI: 0.04758 Average ROB Occupancy at Mispredict: 291.7
Branch type MPKI
BRANCH_DIRECT_JUMP: 2.5e-05
BRANCH_INDIRECT: 0
BRANCH_CONDITIONAL: 0.0475
BRANCH_DIRECT_CALL: 1e-05
BRANCH_INDIRECT_CALL: 5e-06
BRANCH_RETURN: 4e-05


CPU 5 cumulative IPC: 1.501 instructions: 200000002 cycles: 133227047
CPU 5 Branch Prediction Accuracy: 99.66% MPKI: 0.04758 Average ROB Occupancy at Mispredict: 291.7
Branch type MPKI
BRANCH_DIRECT_JUMP: 2.5e-05
BRANCH_INDIRECT: 0
BRANCH_CONDITIONAL: 0.0475
BRANCH_DIRECT_CALL: 1e-05
BRANCH_INDIRECT_CALL: 5e-06
BRANCH_RETURN: 4e-05


CPU 4 cumulative IPC: 1.503 instructions: 200000002 cycles: 133111362
CPU 4 Branch Prediction Accuracy: 99.66% MPKI: 0.04758 Average ROB Occupancy at Mispredict: 291.8
Branch type MPKI
BRANCH_DIRECT_JUMP: 2.5e-05
BRANCH_INDIRECT: 0
BRANCH_CONDITIONAL: 0.0475
BRANCH_DIRECT_CALL: 1e-05
BRANCH_INDIRECT_CALL: 5e-06
BRANCH_RETURN: 4e-05


CPU 3 cumulative IPC: 1.503 instructions: 200000002 cycles: 133037094
CPU 3 Branch Prediction Accuracy: 99.66% MPKI: 0.04758 Average ROB Occupancy at Mispredict: 292.1
Branch type MPKI
BRANCH_DIRECT_JUMP: 2.5e-05
BRANCH_INDIRECT: 0
BRANCH_CONDITIONAL: 0.0475
BRANCH_DIRECT_CALL: 1e-05
BRANCH_INDIRECT_CALL: 5e-06
BRANCH_RETURN: 4e-05


CPU 2 cumulative IPC: 1.502 instructions: 200000002 cycles: 133184414
CPU 2 Branch Prediction Accuracy: 99.66% MPKI: 0.04758 Average ROB Occupancy at Mispredict: 292
Branch type MPKI
BRANCH_DIRECT_JUMP: 2.5e-05
BRANCH_INDIRECT: 0
BRANCH_CONDITIONAL: 0.0475
BRANCH_DIRECT_CALL: 1e-05
BRANCH_INDIRECT_CALL: 5e-06
BRANCH_RETURN: 4e-05


CPU 15 cumulative IPC: 1.504 instructions: 200000002 cycles: 133020330
CPU 15 Branch Prediction Accuracy: 99.66% MPKI: 0.04758 Average ROB Occupancy at Mispredict: 292.1
Branch type MPKI
BRANCH_DIRECT_JUMP: 2.5e-05
BRANCH_INDIRECT: 0
BRANCH_CONDITIONAL: 0.0475
BRANCH_DIRECT_CALL: 1e-05
BRANCH_INDIRECT_CALL: 5e-06
BRANCH_RETURN: 4e-05


CPU 14 cumulative IPC: 1.5 instructions: 200000004 cycles: 133312656
CPU 14 Branch Prediction Accuracy: 99.66% MPKI: 0.04758 Average ROB Occupancy at Mispredict: 291.7
Branch type MPKI
BRANCH_DIRECT_JUMP: 2.5e-05
BRANCH_INDIRECT: 0
BRANCH_CONDITIONAL: 0.0475
BRANCH_DIRECT_CALL: 1e-05
BRANCH_INDIRECT_CALL: 5e-06
BRANCH_RETURN: 4e-05


CPU 13 cumulative IPC: 1.503 instructions: 200000002 cycles: 133055324
CPU 13 Branch Prediction Accuracy: 99.66% MPKI: 0.04758 Average ROB Occupancy at Mispredict: 292.1
Branch type MPKI
BRANCH_DIRECT_JUMP: 2.5e-05
BRANCH_INDIRECT: 0
BRANCH_CONDITIONAL: 0.0475
BRANCH_DIRECT_CALL: 1e-05
BRANCH_INDIRECT_CALL: 5e-06
BRANCH_RETURN: 4e-05


CPU 12 cumulative IPC: 1.503 instructions: 200000002 cycles: 133057633
CPU 12 Branch Prediction Accuracy: 99.66% MPKI: 0.04758 Average ROB Occupancy at Mispredict: 292.1
Branch type MPKI
BRANCH_DIRECT_JUMP: 2.5e-05
BRANCH_INDIRECT: 0
BRANCH_CONDITIONAL: 0.0475
BRANCH_DIRECT_CALL: 1e-05
BRANCH_INDIRECT_CALL: 5e-06
BRANCH_RETURN: 4e-05


CPU 11 cumulative IPC: 1.503 instructions: 200000000 cycles: 133065449
CPU 11 Branch Prediction Accuracy: 99.66% MPKI: 0.04759 Average ROB Occupancy at Mispredict: 292.1
Branch type MPKI
BRANCH_DIRECT_JUMP: 2.5e-05
BRANCH_INDIRECT: 0
BRANCH_CONDITIONAL: 0.0475
BRANCH_DIRECT_CALL: 1e-05
BRANCH_INDIRECT_CALL: 5e-06
BRANCH_RETURN: 4e-05


CPU 10 cumulative IPC: 1.504 instructions: 200000002 cycles: 133000972
CPU 10 Branch Prediction Accuracy: 99.66% MPKI: 0.04758 Average ROB Occupancy at Mispredict: 292.1
Branch type MPKI
BRANCH_DIRECT_JUMP: 2.5e-05
BRANCH_INDIRECT: 0
BRANCH_CONDITIONAL: 0.0475
BRANCH_DIRECT_CALL: 1e-05
BRANCH_INDIRECT_CALL: 5e-06
BRANCH_RETURN: 4e-05


CPU 1 cumulative IPC: 1.504 instructions: 200000005 cycles: 133007016
CPU 1 Branch Prediction Accuracy: 99.66% MPKI: 0.04758 Average ROB Occupancy at Mispredict: 292.1
Branch type MPKI
BRANCH_DIRECT_JUMP: 2.5e-05
BRANCH_INDIRECT: 0
BRANCH_CONDITIONAL: 0.0475
BRANCH_DIRECT_CALL: 1e-05
BRANCH_INDIRECT_CALL: 5e-06
BRANCH_RETURN: 4e-05


CPU 0 cumulative IPC: 1.503 instructions: 200000002 cycles: 133077077
CPU 0 Branch Prediction Accuracy: 99.66% MPKI: 0.04758 Average ROB Occupancy at Mispredict: 292
Branch type MPKI
BRANCH_DIRECT_JUMP: 2.5e-05
BRANCH_INDIRECT: 0
BRANCH_CONDITIONAL: 0.0475
BRANCH_DIRECT_CALL: 1e-05
BRANCH_INDIRECT_CALL: 5e-06
BRANCH_RETURN: 4e-05

cpu9->cpu9_STLB TOTAL        ACCESS:      70667 HIT:       2542 MISS:      68125 MSHR_MERGE:          0
cpu9->cpu9_STLB LOAD         ACCESS:      70667 HIT:       2542 MISS:      68125 MSHR_MERGE:          0
cpu9->cpu9_STLB RFO          ACCESS:          0 HIT:          0 MISS:          0 MSHR_MERGE:          0
cpu9->cpu9_STLB PREFETCH     ACCESS:          0 HIT:          0 MISS:          0 MSHR_MERGE:          0
cpu9->cpu9_STLB WRITE        ACCESS:          0 HIT:          0 MISS:          0 MSHR_MERGE:          0
cpu9->cpu9_STLB TRANSLATION  ACCESS:          0 HIT:          0 MISS:          0 MSHR_MERGE:          0
cpu9->cpu9_STLB PREFETCH REQUESTED:          0 ISSUED:          0 USEFUL:          0 USELESS:          0
cpu9->cpu9_STLB AVERAGE MISS LATENCY: 550.4 cycles
cpu9->cpu9_L2C TOTAL        ACCESS:   24396369 HIT:          0 MISS:   24396369 MSHR_MERGE:          0
cpu9->cpu9_L2C LOAD         ACCESS:   21693148 HIT:          0 MISS:   21693148 MSHR_MERGE:          0
cpu9->cpu9_L2C RFO          ACCESS:    2566829 HIT:          0 MISS:    2566829 MSHR_MERGE:          0
cpu9->cpu9_L2C PREFETCH     ACCESS:          8 HIT:          0 MISS:          8 MSHR_MERGE:          0
cpu9->cpu9_L2C WRITE        ACCESS:          0 HIT:          0 MISS:          0 MSHR_MERGE:          0
cpu9->cpu9_L2C TRANSLATION  ACCESS:     136384 HIT:          0 MISS:     136384 MSHR_MERGE:          0
cpu9->cpu9_L2C PREFETCH REQUESTED:          0 ISSUED:          0 USEFUL:          0 USELESS:          0
cpu9->cpu9_L2C AVERAGE MISS LATENCY: 16.55 cycles
cpu9->cpu9_L1I TOTAL        ACCESS:   80612503 HIT:   80612490 MISS:         13 MSHR_MERGE:          3
cpu9->cpu9_L1I LOAD         ACCESS:   40311143 HIT:   40311141 MISS:          2 MSHR_MERGE:          0
cpu9->cpu9_L1I RFO          ACCESS:          0 HIT:          0 MISS:          0 MSHR_MERGE:          0
cpu9->cpu9_L1I PREFETCH     ACCESS:   40301360 HIT:   40301349 MISS:         11 MSHR_MERGE:          3
cpu9->cpu9_L1I WRITE        ACCESS:          0 HIT:          0 MISS:          0 MSHR_MERGE:          0
cpu9->cpu9_L1I TRANSLATION  ACCESS:          0 HIT:          0 MISS:          0 MSHR_MERGE:          0
cpu9->cpu9_L1I PREFETCH REQUESTED:   40311143 ISSUED:   40301363 USEFUL:          5 USELESS:          0
cpu9->cpu9_L1I AVERAGE MISS LATENCY: 186 cycles
cpu9->cpu9_L1D TOTAL        ACCESS:   37095658 HIT:          0 MISS:   37095658 MSHR_MERGE:   12699298
cpu9->cpu9_L1D LOAD         ACCESS:   29854993 HIT:          0 MISS:   29854993 MSHR_MERGE:    8161846
cpu9->cpu9_L1D RFO          ACCESS:          0 HIT:          0 MISS:          0 MSHR_MERGE:          0
cpu9->cpu9_L1D PREFETCH     ACCESS:          0 HIT:          0 MISS:          0 MSHR_MERGE:          0
cpu9->cpu9_L1D WRITE        ACCESS:    7104281 HIT:          0 MISS:    7104281 MSHR_MERGE:    4537452
cpu9->cpu9_L1D TRANSLATION  ACCESS:     136384 HIT:          0 MISS:     136384 MSHR_MERGE:          0
cpu9->cpu9_L1D PREFETCH REQUESTED:          0 ISSUED:          0 USEFUL:          0 USELESS:          0
cpu9->cpu9_L1D AVERAGE MISS LATENCY: 19.56 cycles
cpu9->cpu9_ITLB TOTAL        ACCESS:   53629289 HIT:   53629289 MISS:          0 MSHR_MERGE:          0
cpu9->cpu9_ITLB LOAD         ACCESS:   53629289 HIT:   53629289 MISS:          0 MSHR_MERGE:          0
cpu9->cpu9_ITLB RFO          ACCESS:          0 HIT:          0 MISS:          0 MSHR_MERGE:          0
cpu9->cpu9_ITLB PREFETCH     ACCESS:          0 HIT:          0 MISS:          0 MSHR_MERGE:          0
cpu9->cpu9_ITLB WRITE        ACCESS:          0 HIT:          0 MISS:          0 MSHR_MERGE:          0
cpu9->cpu9_ITLB TRANSLATION  ACCESS:          0 HIT:          0 MISS:          0 MSHR_MERGE:          0
cpu9->cpu9_ITLB PREFETCH REQUESTED:          0 ISSUED:          0 USEFUL:          0 USELESS:          0
cpu9->cpu9_ITLB AVERAGE MISS LATENCY: - cycles
cpu9->cpu9_DTLB TOTAL        ACCESS:   36937424 HIT:   36466504 MISS:     470920 MSHR_MERGE:     400253
cpu9->cpu9_DTLB LOAD         ACCESS:   36937424 HIT:   36466504 MISS:     470920 MSHR_MERGE:     400253
cpu9->cpu9_DTLB RFO          ACCESS:          0 HIT:          0 MISS:          0 MSHR_MERGE:          0
cpu9->cpu9_DTLB PREFETCH     ACCESS:          0 HIT:          0 MISS:          0 MSHR_MERGE:          0
cpu9->cpu9_DTLB WRITE        ACCESS:          0 HIT:          0 MISS:          0 MSHR_MERGE:          0
cpu9->cpu9_DTLB TRANSLATION  ACCESS:          0 HIT:          0 MISS:          0 MSHR_MERGE:          0
cpu9->cpu9_DTLB PREFETCH REQUESTED:          0 ISSUED:          0 USEFUL:          0 USELESS:          0
cpu9->cpu9_DTLB AVERAGE MISS LATENCY: 536.6 cycles
cpu8->cpu8_STLB TOTAL        ACCESS:      70714 HIT:       2543 MISS:      68171 MSHR_MERGE:          0
cpu8->cpu8_STLB LOAD         ACCESS:      70714 HIT:       2543 MISS:      68171 MSHR_MERGE:          0
cpu8->cpu8_STLB RFO          ACCESS:          0 HIT:          0 MISS:          0 MSHR_MERGE:          0
cpu8->cpu8_STLB PREFETCH     ACCESS:          0 HIT:          0 MISS:          0 MSHR_MERGE:          0
cpu8->cpu8_STLB WRITE        ACCESS:          0 HIT:          0 MISS:          0 MSHR_MERGE:          0
cpu8->cpu8_STLB TRANSLATION  ACCESS:          0 HIT:          0 MISS:          0 MSHR_MERGE:          0
cpu8->cpu8_STLB PREFETCH REQUESTED:          0 ISSUED:          0 USEFUL:          0 USELESS:          0
cpu8->cpu8_STLB AVERAGE MISS LATENCY: 550.8 cycles
cpu8->cpu8_L2C TOTAL        ACCESS:   24407189 HIT:          0 MISS:   24407189 MSHR_MERGE:          0
cpu8->cpu8_L2C LOAD         ACCESS:   21702651 HIT:          0 MISS:   21702651 MSHR_MERGE:          0
cpu8->cpu8_L2C RFO          ACCESS:    2568052 HIT:          0 MISS:    2568052 MSHR_MERGE:          0
cpu8->cpu8_L2C PREFETCH     ACCESS:          9 HIT:          0 MISS:          9 MSHR_MERGE:          0
cpu8->cpu8_L2C WRITE        ACCESS:          0 HIT:          0 MISS:          0 MSHR_MERGE:          0
cpu8->cpu8_L2C TRANSLATION  ACCESS:     136477 HIT:          0 MISS:     136477 MSHR_MERGE:          0
cpu8->cpu8_L2C PREFETCH REQUESTED:          0 ISSUED:          0 USEFUL:          0 USELESS:          0
cpu8->cpu8_L2C AVERAGE MISS LATENCY: 16.55 cycles
cpu8->cpu8_L1I TOTAL        ACCESS:   80683215 HIT:   80683201 MISS:         14 MSHR_MERGE:          3
cpu8->cpu8_L1I LOAD         ACCESS:   40346415 HIT:   40346413 MISS:          2 MSHR_MERGE:          0
cpu8->cpu8_L1I RFO          ACCESS:          0 HIT:          0 MISS:          0 MSHR_MERGE:          0
cpu8->cpu8_L1I PREFETCH     ACCESS:   40336800 HIT:   40336788 MISS:         12 MSHR_MERGE:          3
cpu8->cpu8_L1I WRITE        ACCESS:          0 HIT:          0 MISS:          0 MSHR_MERGE:          0
cpu8->cpu8_L1I TRANSLATION  ACCESS:          0 HIT:          0 MISS:          0 MSHR_MERGE:          0
cpu8->cpu8_L1I PREFETCH REQUESTED:   40346415 ISSUED:   40336802 USEFUL:          5 USELESS:          0
cpu8->cpu8_L1I AVERAGE MISS LATENCY: 184.5 cycles
cpu8->cpu8_L1D TOTAL        ACCESS:   37126664 HIT:          0 MISS:   37126664 MSHR_MERGE:   12719485
cpu8->cpu8_L1D LOAD         ACCESS:   29881152 HIT:          0 MISS:   29881152 MSHR_MERGE:    8178502
cpu8->cpu8_L1D RFO          ACCESS:          0 HIT:          0 MISS:          0 MSHR_MERGE:          0
cpu8->cpu8_L1D PREFETCH     ACCESS:          0 HIT:          0 MISS:          0 MSHR_MERGE:          0
cpu8->cpu8_L1D WRITE        ACCESS:    7109035 HIT:          0 MISS:    7109035 MSHR_MERGE:    4540983
cpu8->cpu8_L1D TRANSLATION  ACCESS:     136477 HIT:          0 MISS:     136477 MSHR_MERGE:          0
cpu8->cpu8_L1D PREFETCH REQUESTED:          0 ISSUED:          0 USEFUL:          0 USELESS:          0
cpu8->cpu8_L1D AVERAGE MISS LATENCY: 19.56 cycles
cpu8->cpu8_ITLB TOTAL        ACCESS:   53606958 HIT:   53606958 MISS:          0 MSHR_MERGE:          0
cpu8->cpu8_ITLB LOAD         ACCESS:   53606958 HIT:   53606958 MISS:          0 MSHR_MERGE:          0
cpu8->cpu8_ITLB RFO          ACCESS:          0 HIT:          0 MISS:          0 MSHR_MERGE:          0
cpu8->cpu8_ITLB PREFETCH     ACCESS:          0 HIT:          0 MISS:          0 MSHR_MERGE:          0
cpu8->cpu8_ITLB WRITE        ACCESS:          0 HIT:          0 MISS:          0 MSHR_MERGE:          0
cpu8->cpu8_ITLB TRANSLATION  ACCESS:          0 HIT:          0 MISS:          0 MSHR_MERGE:          0
cpu8->cpu8_ITLB PREFETCH REQUESTED:          0 ISSUED:          0 USEFUL:          0 USELESS:          0
cpu8->cpu8_ITLB AVERAGE MISS LATENCY: - cycles
cpu8->cpu8_DTLB TOTAL        ACCESS:   36972545 HIT:   36503157 MISS:     469388 MSHR_MERGE:     398674
cpu8->cpu8_DTLB LOAD         ACCESS:   36972545 HIT:   36503157 MISS:     469388 MSHR_MERGE:     398674
cpu8->cpu8_DTLB RFO          ACCESS:          0 HIT:          0 MISS:          0 MSHR_MERGE:          0
cpu8->cpu8_DTLB PREFETCH     ACCESS:          0 HIT:          0 MISS:          0 MSHR_MERGE:          0
cpu8->cpu8_DTLB WRITE        ACCESS:          0 HIT:          0 MISS:          0 MSHR_MERGE:          0
cpu8->cpu8_DTLB TRANSLATION  ACCESS:          0 HIT:          0 MISS:          0 MSHR_MERGE:          0
cpu8->cpu8_DTLB PREFETCH REQUESTED:          0 ISSUED:          0 USEFUL:          0 USELESS:          0
cpu8->cpu8_DTLB AVERAGE MISS LATENCY: 537 cycles
cpu7->cpu7_STLB TOTAL        ACCESS:      70742 HIT:       2544 MISS:      68198 MSHR_MERGE:          0
cpu7->cpu7_STLB LOAD         ACCESS:      70742 HIT:       2544 MISS:      68198 MSHR_MERGE:          0
cpu7->cpu7_STLB RFO          ACCESS:          0 HIT:          0 MISS:          0 MSHR_MERGE:          0
cpu7->cpu7_STLB PREFETCH     ACCESS:          0 HIT:          0 MISS:          0 MSHR_MERGE:          0
cpu7->cpu7_STLB WRITE        ACCESS:          0 HIT:          0 MISS:          0 MSHR_MERGE:          0
cpu7->cpu7_STLB TRANSLATION  ACCESS:          0 HIT:          0 MISS:          0 MSHR_MERGE:          0
cpu7->cpu7_STLB PREFETCH REQUESTED:          0 ISSUED:          0 USEFUL:          0 USELESS:          0
cpu7->cpu7_STLB AVERAGE MISS LATENCY: 550.8 cycles
cpu7->cpu7_L2C TOTAL        ACCESS:   24421627 HIT:          0 MISS:   24421627 MSHR_MERGE:          0
cpu7->cpu7_L2C LOAD         ACCESS:   21711926 HIT:          0 MISS:   21711926 MSHR_MERGE:          0
cpu7->cpu7_L2C RFO          ACCESS:    2573162 HIT:          0 MISS:    2573162 MSHR_MERGE:          0
cpu7->cpu7_L2C PREFETCH     ACCESS:          9 HIT:          0 MISS:          9 MSHR_MERGE:          0
cpu7->cpu7_L2C WRITE        ACCESS:          0 HIT:          0 MISS:          0 MSHR_MERGE:          0
cpu7->cpu7_L2C TRANSLATION  ACCESS:     136530 HIT:          0 MISS:     136530 MSHR_MERGE:          0
cpu7->cpu7_L2C PREFETCH REQUESTED:          0 ISSUED:          0 USEFUL:          0 USELESS:          0
cpu7->cpu7_L2C AVERAGE MISS LATENCY: 16.55 cycles
cpu7->cpu7_L1I TOTAL        ACCESS:   80724912 HIT:   80724898 MISS:         14 MSHR_MERGE:          3
cpu7->cpu7_L1I LOAD         ACCESS:   40367342 HIT:   40367340 MISS:          2 MSHR_MERGE:          0
cpu7->cpu7_L1I RFO          ACCESS:          0 HIT:          0 MISS:          0 MSHR_MERGE:          0
cpu7->cpu7_L1I PREFETCH     ACCESS:   40357570 HIT:   40357558 MISS:         12 MSHR_MERGE:          3
cpu7->cpu7_L1I WRITE        ACCESS:          0 HIT:          0 MISS:          0 MSHR_MERGE:          0
cpu7->cpu7_L1I TRANSLATION  ACCESS:          0 HIT:          0 MISS:          0 MSHR_MERGE:          0
cpu7->cpu7_L1I PREFETCH REQUESTED:   40367342 ISSUED:   40357538 USEFUL:          5 USELESS:          0
cpu7->cpu7_L1I AVERAGE MISS LATENCY: 186 cycles
cpu7->cpu7_L1D TOTAL        ACCESS:   37148320 HIT:          0 MISS:   37148320 MSHR_MERGE:   12726704
cpu7->cpu7_L1D LOAD         ACCESS:   29899901 HIT:          0 MISS:   29899901 MSHR_MERGE:    8187977
cpu7->cpu7_L1D RFO          ACCESS:          0 HIT:          0 MISS:          0 MSHR_MERGE:          0
cpu7->cpu7_L1D PREFETCH     ACCESS:          0 HIT:          0 MISS:          0 MSHR_MERGE:          0
cpu7->cpu7_L1D WRITE        ACCESS:    7111889 HIT:          0 MISS:    7111889 MSHR_MERGE:    4538727
cpu7->cpu7_L1D TRANSLATION  ACCESS:     136530 HIT:          0 MISS:     136530 MSHR_MERGE:          0
cpu7->cpu7_L1D PREFETCH REQUESTED:          0 ISSUED:          0 USEFUL:          0 USELESS:          0
cpu7->cpu7_L1D AVERAGE MISS LATENCY: 19.56 cycles
cpu7->cpu7_ITLB TOTAL        ACCESS:   53657150 HIT:   53657150 MISS:          0 MSHR_MERGE:          0
cpu7->cpu7_ITLB LOAD         ACCESS:   53657150 HIT:   53657150 MISS:          0 MSHR_MERGE:          0
cpu7->cpu7_ITLB RFO          ACCESS:          0 HIT:          0 MISS:          0 MSHR_MERGE:          0
cpu7->cpu7_ITLB PREFETCH     ACCESS:          0 HIT:          0 MISS:          0 MSHR_MERGE:          0
cpu7->cpu7_ITLB WRITE        ACCESS:          0 HIT:          0 MISS:          0 MSHR_MERGE:          0
cpu7->cpu7_ITLB TRANSLATION  ACCESS:          0 HIT:          0 MISS:          0 MSHR_MERGE:          0
cpu7->cpu7_ITLB PREFETCH REQUESTED:          0 ISSUED:          0 USEFUL:          0 USELESS:          0
cpu7->cpu7_ITLB AVERAGE MISS LATENCY: - cycles
cpu7->cpu7_DTLB TOTAL        ACCESS:   37006909 HIT:   36538666 MISS:     468243 MSHR_MERGE:     397501
cpu7->cpu7_DTLB LOAD         ACCESS:   37006909 HIT:   36538666 MISS:     468243 MSHR_MERGE:     397501
cpu7->cpu7_DTLB RFO          ACCESS:          0 HIT:          0 MISS:          0 MSHR_MERGE:          0
cpu7->cpu7_DTLB PREFETCH     ACCESS:          0 HIT:          0 MISS:          0 MSHR_MERGE:          0
cpu7->cpu7_DTLB WRITE        ACCESS:          0 HIT:          0 MISS:          0 MSHR_MERGE:          0
cpu7->cpu7_DTLB TRANSLATION  ACCESS:          0 HIT:          0 MISS:          0 MSHR_MERGE:          0
cpu7->cpu7_DTLB PREFETCH REQUESTED:          0 ISSUED:          0 USEFUL:          0 USELESS:          0
cpu7->cpu7_DTLB AVERAGE MISS LATENCY: 536.9 cycles
cpu6->cpu6_STLB TOTAL        ACCESS:      70668 HIT:       2541 MISS:      68127 MSHR_MERGE:          0
cpu6->cpu6_STLB LOAD         ACCESS:      70668 HIT:       2541 MISS:      68127 MSHR_MERGE:          0
cpu6->cpu6_STLB RFO          ACCESS:          0 HIT:          0 MISS:          0 MSHR_MERGE:          0
cpu6->cpu6_STLB PREFETCH     ACCESS:          0 HIT:          0 MISS:          0 MSHR_MERGE:          0
cpu6->cpu6_STLB WRITE        ACCESS:          0 HIT:          0 MISS:          0 MSHR_MERGE:          0
cpu6->cpu6_STLB TRANSLATION  ACCESS:          0 HIT:          0 MISS:          0 MSHR_MERGE:          0
cpu6->cpu6_STLB PREFETCH REQUESTED:          0 ISSUED:          0 USEFUL:          0 USELESS:          0
cpu6->cpu6_STLB AVERAGE MISS LATENCY: 552.2 cycles
cpu6->cpu6_L2C TOTAL        ACCESS:   24393643 HIT:          0 MISS:   24393643 MSHR_MERGE:          0
cpu6->cpu6_L2C LOAD         ACCESS:   21690708 HIT:          0 MISS:   21690708 MSHR_MERGE:          0
cpu6->cpu6_L2C RFO          ACCESS:    2566536 HIT:          0 MISS:    2566536 MSHR_MERGE:          0
cpu6->cpu6_L2C PREFETCH     ACCESS:         10 HIT:          0 MISS:         10 MSHR_MERGE:          0
cpu6->cpu6_L2C WRITE        ACCESS:          0 HIT:          0 MISS:          0 MSHR_MERGE:          0
cpu6->cpu6_L2C TRANSLATION  ACCESS:     136389 HIT:          0 MISS:     136389 MSHR_MERGE:          0
cpu6->cpu6_L2C PREFETCH REQUESTED:          0 ISSUED:          0 USEFUL:          0 USELESS:          0
cpu6->cpu6_L2C AVERAGE MISS LATENCY: 16.55 cycles
cpu6->cpu6_L1I TOTAL        ACCESS:   80595144 HIT:   80595129 MISS:         15 MSHR_MERGE:          3
cpu6->cpu6_L1I LOAD         ACCESS:   40302539 HIT:   40302537 MISS:          2 MSHR_MERGE:          0
cpu6->cpu6_L1I RFO          ACCESS:          0 HIT:          0 MISS:          0 MSHR_MERGE:          0
cpu6->cpu6_L1I PREFETCH     ACCESS:   40292605 HIT:   40292592 MISS:         13 MSHR_MERGE:          3
cpu6->cpu6_L1I WRITE        ACCESS:          0 HIT:          0 MISS:          0 MSHR_MERGE:          0
cpu6->cpu6_L1I TRANSLATION  ACCESS:          0 HIT:          0 MISS:          0 MSHR_MERGE:          0
cpu6->cpu6_L1I PREFETCH REQUESTED:   40302539 ISSUED:   40292606 USEFUL:          5 USELESS:          0
cpu6->cpu6_L1I AVERAGE MISS LATENCY: 161 cycles
cpu6->cpu6_L1D TOTAL        ACCESS:   37092916 HIT:          0 MISS:   37092916 MSHR_MERGE:   12699284
cpu6->cpu6_L1D LOAD         ACCESS:   29852246 HIT:          0 MISS:   29852246 MSHR_MERGE:    8161539
cpu6->cpu6_L1D RFO          ACCESS:          0 HIT:          0 MISS:          0 MSHR_MERGE:          0
cpu6->cpu6_L1D PREFETCH     ACCESS:          0 HIT:          0 MISS:          0 MSHR_MERGE:          0
cpu6->cpu6_L1D WRITE        ACCESS:    7104281 HIT:          0 MISS:    7104281 MSHR_MERGE:    4537745
cpu6->cpu6_L1D TRANSLATION  ACCESS:     136389 HIT:          0 MISS:     136389 MSHR_MERGE:          0
cpu6->cpu6_L1D PREFETCH REQUESTED:          0 ISSUED:          0 USEFUL:          0 USELESS:          0
cpu6->cpu6_L1D AVERAGE MISS LATENCY: 19.56 cycles
cpu6->cpu6_ITLB TOTAL        ACCESS:   53603938 HIT:   53603937 MISS:          1 MSHR_MERGE:          0
cpu6->cpu6_ITLB LOAD         ACCESS:   53603938 HIT:   53603937 MISS:          1 MSHR_MERGE:          0
cpu6->cpu6_ITLB RFO          ACCESS:          0 HIT:          0 MISS:          0 MSHR_MERGE:          0
cpu6->cpu6_ITLB PREFETCH     ACCESS:          0 HIT:          0 MISS:          0 MSHR_MERGE:          0
cpu6->cpu6_ITLB WRITE        ACCESS:          0 HIT:          0 MISS:          0 MSHR_MERGE:          0
cpu6->cpu6_ITLB TRANSLATION  ACCESS:          0 HIT:          0 MISS:          0 MSHR_MERGE:          0
cpu6->cpu6_ITLB PREFETCH REQUESTED:          0 ISSUED:          0 USEFUL:          0 USELESS:          0
cpu6->cpu6_ITLB AVERAGE MISS LATENCY: 809 cycles
cpu6->cpu6_DTLB TOTAL        ACCESS:   36933777 HIT:   36463971 MISS:     469806 MSHR_MERGE:     399139
cpu6->cpu6_DTLB LOAD         ACCESS:   36933777 HIT:   36463971 MISS:     469806 MSHR_MERGE:     399139
cpu6->cpu6_DTLB RFO          ACCESS:          0 HIT:          0 MISS:          0 MSHR_MERGE:          0
cpu6->cpu6_DTLB PREFETCH     ACCESS:          0 HIT:          0 MISS:          0 MSHR_MERGE:          0
cpu6->cpu6_DTLB WRITE        ACCESS:          0 HIT:          0 MISS:          0 MSHR_MERGE:          0
cpu6->cpu6_DTLB TRANSLATION  ACCESS:          0 HIT:          0 MISS:          0 MSHR_MERGE:          0
cpu6->cpu6_DTLB PREFETCH REQUESTED:          0 ISSUED:          0 USEFUL:          0 USELESS:          0
cpu6->cpu6_DTLB AVERAGE MISS LATENCY: 538.3 cycles
cpu5->cpu5_STLB TOTAL        ACCESS:      70664 HIT:       2541 MISS:      68123 MSHR_MERGE:          0
cpu5->cpu5_STLB LOAD         ACCESS:      70664 HIT:       2541 MISS:      68123 MSHR_MERGE:          0
cpu5->cpu5_STLB RFO          ACCESS:          0 HIT:          0 MISS:          0 MSHR_MERGE:          0
cpu5->cpu5_STLB PREFETCH     ACCESS:          0 HIT:          0 MISS:          0 MSHR_MERGE:          0
cpu5->cpu5_STLB WRITE        ACCESS:          0 HIT:          0 MISS:          0 MSHR_MERGE:          0
cpu5->cpu5_STLB TRANSLATION  ACCESS:          0 HIT:          0 MISS:          0 MSHR_MERGE:          0
cpu5->cpu5_STLB PREFETCH REQUESTED:          0 ISSUED:          0 USEFUL:          0 USELESS:          0
cpu5->cpu5_STLB AVERAGE MISS LATENCY: 552.1 cycles
cpu5->cpu5_L2C TOTAL        ACCESS:   24391301 HIT:          0 MISS:   24391301 MSHR_MERGE:          0
cpu5->cpu5_L2C LOAD         ACCESS:   21688785 HIT:          0 MISS:   21688785 MSHR_MERGE:          0
cpu5->cpu5_L2C RFO          ACCESS:    2566126 HIT:          0 MISS:    2566126 MSHR_MERGE:          0
cpu5->cpu5_L2C PREFETCH     ACCESS:          9 HIT:          0 MISS:          9 MSHR_MERGE:          0
cpu5->cpu5_L2C WRITE        ACCESS:          0 HIT:          0 MISS:          0 MSHR_MERGE:          0
cpu5->cpu5_L2C TRANSLATION  ACCESS:     136381 HIT:          0 MISS:     136381 MSHR_MERGE:          0
cpu5->cpu5_L2C PREFETCH REQUESTED:          0 ISSUED:          0 USEFUL:          0 USELESS:          0
cpu5->cpu5_L2C AVERAGE MISS LATENCY: 16.55 cycles
cpu5->cpu5_L1I TOTAL        ACCESS:   80611017 HIT:   80611003 MISS:         14 MSHR_MERGE:          3
cpu5->cpu5_L1I LOAD         ACCESS:   40310447 HIT:   40310445 MISS:          2 MSHR_MERGE:          0
cpu5->cpu5_L1I RFO          ACCESS:          0 HIT:          0 MISS:          0 MSHR_MERGE:          0
cpu5->cpu5_L1I PREFETCH     ACCESS:   40300570 HIT:   40300558 MISS:         12 MSHR_MERGE:          3
cpu5->cpu5_L1I WRITE        ACCESS:          0 HIT:          0 MISS:          0 MSHR_MERGE:          0
cpu5->cpu5_L1I TRANSLATION  ACCESS:          0 HIT:          0 MISS:          0 MSHR_MERGE:          0
cpu5->cpu5_L1I PREFETCH REQUESTED:   40310447 ISSUED:   40300574 USEFUL:          5 USELESS:          0
cpu5->cpu5_L1I AVERAGE MISS LATENCY: 185.5 cycles
cpu5->cpu5_L1D TOTAL        ACCESS:   37099862 HIT:          0 MISS:   37099862 MSHR_MERGE:   12708570
cpu5->cpu5_L1D LOAD         ACCESS:   29859422 HIT:          0 MISS:   29859422 MSHR_MERGE:    8170637
cpu5->cpu5_L1D RFO          ACCESS:          0 HIT:          0 MISS:          0 MSHR_MERGE:          0
cpu5->cpu5_L1D PREFETCH     ACCESS:          0 HIT:          0 MISS:          0 MSHR_MERGE:          0
cpu5->cpu5_L1D WRITE        ACCESS:    7104059 HIT:          0 MISS:    7104059 MSHR_MERGE:    4537933
cpu5->cpu5_L1D TRANSLATION  ACCESS:     136381 HIT:          0 MISS:     136381 MSHR_MERGE:          0
cpu5->cpu5_L1D PREFETCH REQUESTED:          0 ISSUED:          0 USEFUL:          0 USELESS:          0
cpu5->cpu5_L1D AVERAGE MISS LATENCY: 19.56 cycles
cpu5->cpu5_ITLB TOTAL        ACCESS:   53532736 HIT:   53532736 MISS:          0 MSHR_MERGE:          0
cpu5->cpu5_ITLB LOAD         ACCESS:   53532736 HIT:   53532736 MISS:          0 MSHR_MERGE:          0
cpu5->cpu5_ITLB RFO          ACCESS:          0 HIT:          0 MISS:          0 MSHR_MERGE:          0
cpu5->cpu5_ITLB PREFETCH     ACCESS:          0 HIT:          0 MISS:          0 MSHR_MERGE:          0
cpu5->cpu5_ITLB WRITE        ACCESS:          0 HIT:          0 MISS:          0 MSHR_MERGE:          0
cpu5->cpu5_ITLB TRANSLATION  ACCESS:          0 HIT:          0 MISS:          0 MSHR_MERGE:          0
cpu5->cpu5_ITLB PREFETCH REQUESTED:          0 ISSUED:          0 USEFUL:          0 USELESS:          0
cpu5->cpu5_ITLB AVERAGE MISS LATENCY: - cycles
cpu5->cpu5_DTLB TOTAL        ACCESS:   36941321 HIT:   36471929 MISS:     469392 MSHR_MERGE:     398728
cpu5->cpu5_DTLB LOAD         ACCESS:   36941321 HIT:   36471929 MISS:     469392 MSHR_MERGE:     398728
cpu5->cpu5_DTLB RFO          ACCESS:          0 HIT:          0 MISS:          0 MSHR_MERGE:          0
cpu5->cpu5_DTLB PREFETCH     ACCESS:          0 HIT:          0 MISS:          0 MSHR_MERGE:          0
cpu5->cpu5_DTLB WRITE        ACCESS:          0 HIT:          0 MISS:          0 MSHR_MERGE:          0
cpu5->cpu5_DTLB TRANSLATION  ACCESS:          0 HIT:          0 MISS:          0 MSHR_MERGE:          0
cpu5->cpu5_DTLB PREFETCH REQUESTED:          0 ISSUED:          0 USEFUL:          0 USELESS:          0
cpu5->cpu5_DTLB AVERAGE MISS LATENCY: 538.2 cycles
cpu4->cpu4_STLB TOTAL        ACCESS:      70731 HIT:       2543 MISS:      68188 MSHR_MERGE:          0
cpu4->cpu4_STLB LOAD         ACCESS:      70731 HIT:       2543 MISS:      68188 MSHR_MERGE:          0
cpu4->cpu4_STLB RFO          ACCESS:          0 HIT:          0 MISS:          0 MSHR_MERGE:          0
cpu4->cpu4_STLB PREFETCH     ACCESS:          0 HIT:          0 MISS:          0 MSHR_MERGE:          0
cpu4->cpu4_STLB WRITE        ACCESS:          0 HIT:          0 MISS:          0 MSHR_MERGE:          0
cpu4->cpu4_STLB TRANSLATION  ACCESS:          0 HIT:          0 MISS:          0 MSHR_MERGE:          0
cpu4->cpu4_STLB PREFETCH REQUESTED:          0 ISSUED:          0 USEFUL:          0 USELESS:          0
cpu4->cpu4_STLB AVERAGE MISS LATENCY: 550.6 cycles
cpu4->cpu4_L2C TOTAL        ACCESS:   24416126 HIT:          0 MISS:   24416126 MSHR_MERGE:          0
cpu4->cpu4_L2C LOAD         ACCESS:   21710290 HIT:          0 MISS:   21710290 MSHR_MERGE:          0
cpu4->cpu4_L2C RFO          ACCESS:    2569316 HIT:          0 MISS:    2569316 MSHR_MERGE:          0
cpu4->cpu4_L2C PREFETCH     ACCESS:          9 HIT:          0 MISS:          9 MSHR_MERGE:          0
cpu4->cpu4_L2C WRITE        ACCESS:          0 HIT:          0 MISS:          0 MSHR_MERGE:          0
cpu4->cpu4_L2C TRANSLATION  ACCESS:     136511 HIT:          0 MISS:     136511 MSHR_MERGE:          0
cpu4->cpu4_L2C PREFETCH REQUESTED:          0 ISSUED:          0 USEFUL:          0 USELESS:          0
cpu4->cpu4_L2C AVERAGE MISS LATENCY: 16.55 cycles
cpu4->cpu4_L1I TOTAL        ACCESS:   80721174 HIT:   80721160 MISS:         14 MSHR_MERGE:          3
cpu4->cpu4_L1I LOAD         ACCESS:   40365466 HIT:   40365464 MISS:          2 MSHR_MERGE:          0
cpu4->cpu4_L1I RFO          ACCESS:          0 HIT:          0 MISS:          0 MSHR_MERGE:          0
cpu4->cpu4_L1I PREFETCH     ACCESS:   40355708 HIT:   40355696 MISS:         12 MSHR_MERGE:          3
cpu4->cpu4_L1I WRITE        ACCESS:          0 HIT:          0 MISS:          0 MSHR_MERGE:          0
cpu4->cpu4_L1I TRANSLATION  ACCESS:          0 HIT:          0 MISS:          0 MSHR_MERGE:          0
cpu4->cpu4_L1I PREFETCH REQUESTED:   40365466 ISSUED:   40355708 USEFUL:          5 USELESS:          0
cpu4->cpu4_L1I AVERAGE MISS LATENCY: 185.5 cycles
cpu4->cpu4_L1D TOTAL        ACCESS:   37139743 HIT:          0 MISS:   37139743 MSHR_MERGE:   12723628
cpu4->cpu4_L1D LOAD         ACCESS:   29892483 HIT:          0 MISS:   29892483 MSHR_MERGE:    8182195
cpu4->cpu4_L1D RFO          ACCESS:          0 HIT:          0 MISS:          0 MSHR_MERGE:          0
cpu4->cpu4_L1D PREFETCH     ACCESS:          0 HIT:          0 MISS:          0 MSHR_MERGE:          0
cpu4->cpu4_L1D WRITE        ACCESS:    7110749 HIT:          0 MISS:    7110749 MSHR_MERGE:    4541433
cpu4->cpu4_L1D TRANSLATION  ACCESS:     136511 HIT:          0 MISS:     136511 MSHR_MERGE:          0
cpu4->cpu4_L1D PREFETCH REQUESTED:          0 ISSUED:          0 USEFUL:          0 USELESS:          0
cpu4->cpu4_L1D AVERAGE MISS LATENCY: 19.56 cycles
cpu4->cpu4_ITLB TOTAL        ACCESS:   53659519 HIT:   53659518 MISS:          1 MSHR_MERGE:          0
cpu4->cpu4_ITLB LOAD         ACCESS:   53659519 HIT:   53659518 MISS:          1 MSHR_MERGE:          0
cpu4->cpu4_ITLB RFO          ACCESS:          0 HIT:          0 MISS:          0 MSHR_MERGE:          0
cpu4->cpu4_ITLB PREFETCH     ACCESS:          0 HIT:          0 MISS:          0 MSHR_MERGE:          0
cpu4->cpu4_ITLB WRITE        ACCESS:          0 HIT:          0 MISS:          0 MSHR_MERGE:          0
cpu4->cpu4_ITLB TRANSLATION  ACCESS:          0 HIT:          0 MISS:          0 MSHR_MERGE:          0
cpu4->cpu4_ITLB PREFETCH REQUESTED:          0 ISSUED:          0 USEFUL:          0 USELESS:          0
cpu4->cpu4_ITLB AVERAGE MISS LATENCY: 816 cycles
cpu4->cpu4_DTLB TOTAL        ACCESS:   36981099 HIT:   36512225 MISS:     468874 MSHR_MERGE:     398144
cpu4->cpu4_DTLB LOAD         ACCESS:   36981099 HIT:   36512225 MISS:     468874 MSHR_MERGE:     398144
cpu4->cpu4_DTLB RFO          ACCESS:          0 HIT:          0 MISS:          0 MSHR_MERGE:          0
cpu4->cpu4_DTLB PREFETCH     ACCESS:          0 HIT:          0 MISS:          0 MSHR_MERGE:          0
cpu4->cpu4_DTLB WRITE        ACCESS:          0 HIT:          0 MISS:          0 MSHR_MERGE:          0
cpu4->cpu4_DTLB TRANSLATION  ACCESS:          0 HIT:          0 MISS:          0 MSHR_MERGE:          0
cpu4->cpu4_DTLB PREFETCH REQUESTED:          0 ISSUED:          0 USEFUL:          0 USELESS:          0
cpu4->cpu4_DTLB AVERAGE MISS LATENCY: 536.7 cycles
cpu3->cpu3_STLB TOTAL        ACCESS:      70775 HIT:       2546 MISS:      68229 MSHR_MERGE:          0
cpu3->cpu3_STLB LOAD         ACCESS:      70775 HIT:       2546 MISS:      68229 MSHR_MERGE:          0
cpu3->cpu3_STLB RFO          ACCESS:          0 HIT:          0 MISS:          0 MSHR_MERGE:          0
cpu3->cpu3_STLB PREFETCH     ACCESS:          0 HIT:          0 MISS:          0 MSHR_MERGE:          0
cpu3->cpu3_STLB WRITE        ACCESS:          0 HIT:          0 MISS:          0 MSHR_MERGE:          0
cpu3->cpu3_STLB TRANSLATION  ACCESS:          0 HIT:          0 MISS:          0 MSHR_MERGE:          0
cpu3->cpu3_STLB PREFETCH REQUESTED:          0 ISSUED:          0 USEFUL:          0 USELESS:          0
cpu3->cpu3_STLB AVERAGE MISS LATENCY: 550.2 cycles
cpu3->cpu3_L2C TOTAL        ACCESS:   24430608 HIT:          0 MISS:   24430608 MSHR_MERGE:          0
cpu3->cpu3_L2C LOAD         ACCESS:   21717528 HIT:          0 MISS:   21717528 MSHR_MERGE:          0
cpu3->cpu3_L2C RFO          ACCESS:    2576477 HIT:          0 MISS:    2576477 MSHR_MERGE:          0
cpu3->cpu3_L2C PREFETCH     ACCESS:         10 HIT:          0 MISS:         10 MSHR_MERGE:          0
cpu3->cpu3_L2C WRITE        ACCESS:          0 HIT:          0 MISS:          0 MSHR_MERGE:          0
cpu3->cpu3_L2C TRANSLATION  ACCESS:     136593 HIT:          0 MISS:     136593 MSHR_MERGE:          0
cpu3->cpu3_L2C PREFETCH REQUESTED:          0 ISSUED:          0 USEFUL:          0 USELESS:          0
cpu3->cpu3_L2C AVERAGE MISS LATENCY: 16.55 cycles
cpu3->cpu3_L1I TOTAL        ACCESS:   80747725 HIT:   80747710 MISS:         15 MSHR_MERGE:          3
cpu3->cpu3_L1I LOAD         ACCESS:   40378748 HIT:   40378746 MISS:          2 MSHR_MERGE:          0
cpu3->cpu3_L1I RFO          ACCESS:          0 HIT:          0 MISS:          0 MSHR_MERGE:          0
cpu3->cpu3_L1I PREFETCH     ACCESS:   40368977 HIT:   40368964 MISS:         13 MSHR_MERGE:          3
cpu3->cpu3_L1I WRITE        ACCESS:          0 HIT:          0 MISS:          0 MSHR_MERGE:          0
cpu3->cpu3_L1I TRANSLATION  ACCESS:          0 HIT:          0 MISS:          0 MSHR_MERGE:          0
cpu3->cpu3_L1I PREFETCH REQUESTED:   40378748 ISSUED:   40368977 USEFUL:          5 USELESS:          0
cpu3->cpu3_L1I AVERAGE MISS LATENCY: 185.5 cycles
cpu3->cpu3_L1D TOTAL        ACCESS:   37165314 HIT:          0 MISS:   37165314 MSHR_MERGE:   12734718
cpu3->cpu3_L1D LOAD         ACCESS:   29913661 HIT:          0 MISS:   29913661 MSHR_MERGE:    8196135
cpu3->cpu3_L1D RFO          ACCESS:          0 HIT:          0 MISS:          0 MSHR_MERGE:          0
cpu3->cpu3_L1D PREFETCH     ACCESS:          0 HIT:          0 MISS:          0 MSHR_MERGE:          0
cpu3->cpu3_L1D WRITE        ACCESS:    7115060 HIT:          0 MISS:    7115060 MSHR_MERGE:    4538583
cpu3->cpu3_L1D TRANSLATION  ACCESS:     136593 HIT:          0 MISS:     136593 MSHR_MERGE:          0
cpu3->cpu3_L1D PREFETCH REQUESTED:          0 ISSUED:          0 USEFUL:          0 USELESS:          0
cpu3->cpu3_L1D AVERAGE MISS LATENCY: 19.56 cycles
cpu3->cpu3_ITLB TOTAL        ACCESS:   53642921 HIT:   53642920 MISS:          1 MSHR_MERGE:          0
cpu3->cpu3_ITLB LOAD         ACCESS:   53642921 HIT:   53642920 MISS:          1 MSHR_MERGE:          0
cpu3->cpu3_ITLB RFO          ACCESS:          0 HIT:          0 MISS:          0 MSHR_MERGE:          0
cpu3->cpu3_ITLB PREFETCH     ACCESS:          0 HIT:          0 MISS:          0 MSHR_MERGE:          0
cpu3->cpu3_ITLB WRITE        ACCESS:          0 HIT:          0 MISS:          0 MSHR_MERGE:          0
cpu3->cpu3_ITLB TRANSLATION  ACCESS:          0 HIT:          0 MISS:          0 MSHR_MERGE:          0
cpu3->cpu3_ITLB PREFETCH REQUESTED:          0 ISSUED:          0 USEFUL:          0 USELESS:          0
cpu3->cpu3_ITLB AVERAGE MISS LATENCY: 809 cycles
cpu3->cpu3_DTLB TOTAL        ACCESS:   37024253 HIT:   36558110 MISS:     466143 MSHR_MERGE:     395369
cpu3->cpu3_DTLB LOAD         ACCESS:   37024253 HIT:   36558110 MISS:     466143 MSHR_MERGE:     395369
cpu3->cpu3_DTLB RFO          ACCESS:          0 HIT:          0 MISS:          0 MSHR_MERGE:          0
cpu3->cpu3_DTLB PREFETCH     ACCESS:          0 HIT:          0 MISS:          0 MSHR_MERGE:          0
cpu3->cpu3_DTLB WRITE        ACCESS:          0 HIT:          0 MISS:          0 MSHR_MERGE:          0
cpu3->cpu3_DTLB TRANSLATION  ACCESS:          0 HIT:          0 MISS:          0 MSHR_MERGE:          0
cpu3->cpu3_DTLB PREFETCH REQUESTED:          0 ISSUED:          0 USEFUL:          0 USELESS:          0
cpu3->cpu3_DTLB AVERAGE MISS LATENCY: 536.3 cycles
cpu2->cpu2_STLB TOTAL        ACCESS:      70690 HIT:       2542 MISS:      68148 MSHR_MERGE:          0
cpu2->cpu2_STLB LOAD         ACCESS:      70690 HIT:       2542 MISS:      68148 MSHR_MERGE:          0
cpu2->cpu2_STLB RFO          ACCESS:          0 HIT:          0 MISS:          0 MSHR_MERGE:          0
cpu2->cpu2_STLB PREFETCH     ACCESS:          0 HIT:          0 MISS:          0 MSHR_MERGE:          0
cpu2->cpu2_STLB WRITE        ACCESS:          0 HIT:          0 MISS:          0 MSHR_MERGE:          0
cpu2->cpu2_STLB TRANSLATION  ACCESS:          0 HIT:          0 MISS:          0 MSHR_MERGE:          0
cpu2->cpu2_STLB PREFETCH REQUESTED:          0 ISSUED:          0 USEFUL:          0 USELESS:          0
cpu2->cpu2_STLB AVERAGE MISS LATENCY: 552 cycles
cpu2->cpu2_L2C TOTAL        ACCESS:   24400508 HIT:          0 MISS:   24400508 MSHR_MERGE:          0
cpu2->cpu2_L2C LOAD         ACCESS:   21688604 HIT:          0 MISS:   21688604 MSHR_MERGE:          0
cpu2->cpu2_L2C RFO          ACCESS:    2575463 HIT:          0 MISS:    2575463 MSHR_MERGE:          0
cpu2->cpu2_L2C PREFETCH     ACCESS:         10 HIT:          0 MISS:         10 MSHR_MERGE:          0
cpu2->cpu2_L2C WRITE        ACCESS:          0 HIT:          0 MISS:          0 MSHR_MERGE:          0
cpu2->cpu2_L2C TRANSLATION  ACCESS:     136431 HIT:          0 MISS:     136431 MSHR_MERGE:          0
cpu2->cpu2_L2C PREFETCH REQUESTED:          0 ISSUED:          0 USEFUL:          0 USELESS:          0
cpu2->cpu2_L2C AVERAGE MISS LATENCY: 16.56 cycles
cpu2->cpu2_L1I TOTAL        ACCESS:   80653793 HIT:   80653778 MISS:         15 MSHR_MERGE:          3
cpu2->cpu2_L1I LOAD         ACCESS:   40331780 HIT:   40331778 MISS:          2 MSHR_MERGE:          0
cpu2->cpu2_L1I RFO          ACCESS:          0 HIT:          0 MISS:          0 MSHR_MERGE:          0
cpu2->cpu2_L1I PREFETCH     ACCESS:   40322013 HIT:   40322000 MISS:         13 MSHR_MERGE:          3
cpu2->cpu2_L1I WRITE        ACCESS:          0 HIT:          0 MISS:          0 MSHR_MERGE:          0
cpu2->cpu2_L1I TRANSLATION  ACCESS:          0 HIT:          0 MISS:          0 MSHR_MERGE:          0
cpu2->cpu2_L1I PREFETCH REQUESTED:   40331780 ISSUED:   40321995 USEFUL:          5 USELESS:          0
cpu2->cpu2_L1I AVERAGE MISS LATENCY: 185.5 cycles
cpu2->cpu2_L1D TOTAL        ACCESS:   37118846 HIT:          0 MISS:   37118846 MSHR_MERGE:   12718350
cpu2->cpu2_L1D LOAD         ACCESS:   29875870 HIT:          0 MISS:   29875870 MSHR_MERGE:    8187268
cpu2->cpu2_L1D RFO          ACCESS:          0 HIT:          0 MISS:          0 MSHR_MERGE:          0
cpu2->cpu2_L1D PREFETCH     ACCESS:          0 HIT:          0 MISS:          0 MSHR_MERGE:          0
cpu2->cpu2_L1D WRITE        ACCESS:    7106545 HIT:          0 MISS:    7106545 MSHR_MERGE:    4531082
cpu2->cpu2_L1D TRANSLATION  ACCESS:     136431 HIT:          0 MISS:     136431 MSHR_MERGE:          0
cpu2->cpu2_L1D PREFETCH REQUESTED:          0 ISSUED:          0 USEFUL:          0 USELESS:          0
cpu2->cpu2_L1D AVERAGE MISS LATENCY: 19.56 cycles
cpu2->cpu2_ITLB TOTAL        ACCESS:   53599290 HIT:   53599289 MISS:          1 MSHR_MERGE:          0
cpu2->cpu2_ITLB LOAD         ACCESS:   53599290 HIT:   53599289 MISS:          1 MSHR_MERGE:          0
cpu2->cpu2_ITLB RFO          ACCESS:          0 HIT:          0 MISS:          0 MSHR_MERGE:          0
cpu2->cpu2_ITLB PREFETCH     ACCESS:          0 HIT:          0 MISS:          0 MSHR_MERGE:          0
cpu2->cpu2_ITLB WRITE        ACCESS:          0 HIT:          0 MISS:          0 MSHR_MERGE:          0
cpu2->cpu2_ITLB TRANSLATION  ACCESS:          0 HIT:          0 MISS:          0 MSHR_MERGE:          0
cpu2->cpu2_ITLB PREFETCH REQUESTED:          0 ISSUED:          0 USEFUL:          0 USELESS:          0
cpu2->cpu2_ITLB AVERAGE MISS LATENCY: 807 cycles
cpu2->cpu2_DTLB TOTAL        ACCESS:   36978200 HIT:   36513023 MISS:     465177 MSHR_MERGE:     394488
cpu2->cpu2_DTLB LOAD         ACCESS:   36978200 HIT:   36513023 MISS:     465177 MSHR_MERGE:     394488
cpu2->cpu2_DTLB RFO          ACCESS:          0 HIT:          0 MISS:          0 MSHR_MERGE:          0
cpu2->cpu2_DTLB PREFETCH     ACCESS:          0 HIT:          0 MISS:          0 MSHR_MERGE:          0
cpu2->cpu2_DTLB WRITE        ACCESS:          0 HIT:          0 MISS:          0 MSHR_MERGE:          0
cpu2->cpu2_DTLB TRANSLATION  ACCESS:          0 HIT:          0 MISS:          0 MSHR_MERGE:          0
cpu2->cpu2_DTLB PREFETCH REQUESTED:          0 ISSUED:          0 USEFUL:          0 USELESS:          0
cpu2->cpu2_DTLB AVERAGE MISS LATENCY: 538.2 cycles
cpu1->cpu1_STLB TOTAL        ACCESS:      70794 HIT:       2547 MISS:      68247 MSHR_MERGE:          0
cpu1->cpu1_STLB LOAD         ACCESS:      70794 HIT:       2547 MISS:      68247 MSHR_MERGE:          0
cpu1->cpu1_STLB RFO          ACCESS:          0 HIT:          0 MISS:          0 MSHR_MERGE:          0
cpu1->cpu1_STLB PREFETCH     ACCESS:          0 HIT:          0 MISS:          0 MSHR_MERGE:          0
cpu1->cpu1_STLB WRITE        ACCESS:          0 HIT:          0 MISS:          0 MSHR_MERGE:          0
cpu1->cpu1_STLB TRANSLATION  ACCESS:          0 HIT:          0 MISS:          0 MSHR_MERGE:          0
cpu1->cpu1_STLB PREFETCH REQUESTED:          0 ISSUED:          0 USEFUL:          0 USELESS:          0
cpu1->cpu1_STLB AVERAGE MISS LATENCY: 550.3 cycles
cpu1->cpu1_L2C TOTAL        ACCESS:   24447187 HIT:          0 MISS:   24447187 MSHR_MERGE:          0
cpu1->cpu1_L2C LOAD         ACCESS:   21732677 HIT:          0 MISS:   21732677 MSHR_MERGE:          0
cpu1->cpu1_L2C RFO          ACCESS:    2577871 HIT:          0 MISS:    2577871 MSHR_MERGE:          0
cpu1->cpu1_L2C PREFETCH     ACCESS:         10 HIT:          0 MISS:         10 MSHR_MERGE:          0
cpu1->cpu1_L2C WRITE        ACCESS:          0 HIT:          0 MISS:          0 MSHR_MERGE:          0
cpu1->cpu1_L2C TRANSLATION  ACCESS:     136629 HIT:          0 MISS:     136629 MSHR_MERGE:          0
cpu1->cpu1_L2C PREFETCH REQUESTED:          0 ISSUED:          0 USEFUL:          0 USELESS:          0
cpu1->cpu1_L2C AVERAGE MISS LATENCY: 16.55 cycles
cpu1->cpu1_L1I TOTAL        ACCESS:   80773967 HIT:   80773952 MISS:         15 MSHR_MERGE:          3
cpu1->cpu1_L1I LOAD         ACCESS:   40391871 HIT:   40391869 MISS:          2 MSHR_MERGE:          0
cpu1->cpu1_L1I RFO          ACCESS:          0 HIT:          0 MISS:          0 MSHR_MERGE:          0
cpu1->cpu1_L1I PREFETCH     ACCESS:   40382096 HIT:   40382083 MISS:         13 MSHR_MERGE:          3
cpu1->cpu1_L1I WRITE        ACCESS:          0 HIT:          0 MISS:          0 MSHR_MERGE:          0
cpu1->cpu1_L1I TRANSLATION  ACCESS:          0 HIT:          0 MISS:          0 MSHR_MERGE:          0
cpu1->cpu1_L1I PREFETCH REQUESTED:   40391871 ISSUED:   40382068 USEFUL:          5 USELESS:          0
cpu1->cpu1_L1I AVERAGE MISS LATENCY: 186 cycles
cpu1->cpu1_L1D TOTAL        ACCESS:   37184277 HIT:          0 MISS:   37184277 MSHR_MERGE:   12737102
cpu1->cpu1_L1D LOAD         ACCESS:   29930807 HIT:          0 MISS:   29930807 MSHR_MERGE:    8198132
cpu1->cpu1_L1D RFO          ACCESS:          0 HIT:          0 MISS:          0 MSHR_MERGE:          0
cpu1->cpu1_L1D PREFETCH     ACCESS:          0 HIT:          0 MISS:          0 MSHR_MERGE:          0
cpu1->cpu1_L1D WRITE        ACCESS:    7116841 HIT:          0 MISS:    7116841 MSHR_MERGE:    4538970
cpu1->cpu1_L1D TRANSLATION  ACCESS:     136629 HIT:          0 MISS:     136629 MSHR_MERGE:          0
cpu1->cpu1_L1D PREFETCH REQUESTED:          0 ISSUED:          0 USEFUL:          0 USELESS:          0
cpu1->cpu1_L1D AVERAGE MISS LATENCY: 19.56 cycles
cpu1->cpu1_ITLB TOTAL        ACCESS:   53651973 HIT:   53651972 MISS:          1 MSHR_MERGE:          0
cpu1->cpu1_ITLB LOAD         ACCESS:   53651973 HIT:   53651972 MISS:          1 MSHR_MERGE:          0
cpu1->cpu1_ITLB RFO          ACCESS:          0 HIT:          0 MISS:          0 MSHR_MERGE:          0
cpu1->cpu1_ITLB PREFETCH     ACCESS:          0 HIT:          0 MISS:          0 MSHR_MERGE:          0
cpu1->cpu1_ITLB WRITE        ACCESS:          0 HIT:          0 MISS:          0 MSHR_MERGE:          0
cpu1->cpu1_ITLB TRANSLATION  ACCESS:          0 HIT:          0 MISS:          0 MSHR_MERGE:          0
cpu1->cpu1_ITLB PREFETCH REQUESTED:          0 ISSUED:          0 USEFUL:          0 USELESS:          0
cpu1->cpu1_ITLB AVERAGE MISS LATENCY: 760 cycles
cpu1->cpu1_DTLB TOTAL        ACCESS:   37042973 HIT:   36574202 MISS:     468771 MSHR_MERGE:     397978
cpu1->cpu1_DTLB LOAD         ACCESS:   37042973 HIT:   36574202 MISS:     468771 MSHR_MERGE:     397978
cpu1->cpu1_DTLB RFO          ACCESS:          0 HIT:          0 MISS:          0 MSHR_MERGE:          0
cpu1->cpu1_DTLB PREFETCH     ACCESS:          0 HIT:          0 MISS:          0 MSHR_MERGE:          0
cpu1->cpu1_DTLB WRITE        ACCESS:          0 HIT:          0 MISS:          0 MSHR_MERGE:          0
cpu1->cpu1_DTLB TRANSLATION  ACCESS:          0 HIT:          0 MISS:          0 MSHR_MERGE:          0
cpu1->cpu1_DTLB PREFETCH REQUESTED:          0 ISSUED:          0 USEFUL:          0 USELESS:          0
cpu1->cpu1_DTLB AVERAGE MISS LATENCY: 536.4 cycles
cpu15->cpu15_STLB TOTAL        ACCESS:      70784 HIT:       2547 MISS:      68237 MSHR_MERGE:          0
cpu15->cpu15_STLB LOAD         ACCESS:      70784 HIT:       2547 MISS:      68237 MSHR_MERGE:          0
cpu15->cpu15_STLB RFO          ACCESS:          0 HIT:          0 MISS:          0 MSHR_MERGE:          0
cpu15->cpu15_STLB PREFETCH     ACCESS:          0 HIT:          0 MISS:          0 MSHR_MERGE:          0
cpu15->cpu15_STLB WRITE        ACCESS:          0 HIT:          0 MISS:          0 MSHR_MERGE:          0
cpu15->cpu15_STLB TRANSLATION  ACCESS:          0 HIT:          0 MISS:          0 MSHR_MERGE:          0
cpu15->cpu15_STLB PREFETCH REQUESTED:          0 ISSUED:          0 USEFUL:          0 USELESS:          0
cpu15->cpu15_STLB AVERAGE MISS LATENCY: 550.3 cycles
cpu15->cpu15_L2C TOTAL        ACCESS:   24432698 HIT:          0 MISS:   24432698 MSHR_MERGE:          0
cpu15->cpu15_L2C LOAD         ACCESS:   21718375 HIT:          0 MISS:   21718375 MSHR_MERGE:          0
cpu15->cpu15_L2C RFO          ACCESS:    2577706 HIT:          0 MISS:    2577706 MSHR_MERGE:          0
cpu15->cpu15_L2C PREFETCH     ACCESS:          9 HIT:          0 MISS:          9 MSHR_MERGE:          0
cpu15->cpu15_L2C WRITE        ACCESS:          0 HIT:          0 MISS:          0 MSHR_MERGE:          0
cpu15->cpu15_L2C TRANSLATION  ACCESS:     136608 HIT:          0 MISS:     136608 MSHR_MERGE:          0
cpu15->cpu15_L2C PREFETCH REQUESTED:          0 ISSUED:          0 USEFUL:          0 USELESS:          0
cpu15->cpu15_L2C AVERAGE MISS LATENCY: 16.55 cycles
cpu15->cpu15_L1I TOTAL        ACCESS:   80753895 HIT:   80753881 MISS:         14 MSHR_MERGE:          3
cpu15->cpu15_L1I LOAD         ACCESS:   40381838 HIT:   40381836 MISS:          2 MSHR_MERGE:          0
cpu15->cpu15_L1I RFO          ACCESS:          0 HIT:          0 MISS:          0 MSHR_MERGE:          0
cpu15->cpu15_L1I PREFETCH     ACCESS:   40372057 HIT:   40372045 MISS:         12 MSHR_MERGE:          3
cpu15->cpu15_L1I WRITE        ACCESS:          0 HIT:          0 MISS:          0 MSHR_MERGE:          0
cpu15->cpu15_L1I TRANSLATION  ACCESS:          0 HIT:          0 MISS:          0 MSHR_MERGE:          0
cpu15->cpu15_L1I PREFETCH REQUESTED:   40381838 ISSUED:   40372026 USEFUL:          5 USELESS:          0
cpu15->cpu15_L1I AVERAGE MISS LATENCY: 186 cycles
cpu15->cpu15_L1D TOTAL        ACCESS:   37169267 HIT:          0 MISS:   37169267 MSHR_MERGE:   12736580
cpu15->cpu15_L1D LOAD         ACCESS:   29916649 HIT:          0 MISS:   29916649 MSHR_MERGE:    8198276
cpu15->cpu15_L1D RFO          ACCESS:          0 HIT:          0 MISS:          0 MSHR_MERGE:          0
cpu15->cpu15_L1D PREFETCH     ACCESS:          0 HIT:          0 MISS:          0 MSHR_MERGE:          0
cpu15->cpu15_L1D WRITE        ACCESS:    7116010 HIT:          0 MISS:    7116010 MSHR_MERGE:    4538304
cpu15->cpu15_L1D TRANSLATION  ACCESS:     136608 HIT:          0 MISS:     136608 MSHR_MERGE:          0
cpu15->cpu15_L1D PREFETCH REQUESTED:          0 ISSUED:          0 USEFUL:          0 USELESS:          0
cpu15->cpu15_L1D AVERAGE MISS LATENCY: 19.56 cycles
cpu15->cpu15_ITLB TOTAL        ACCESS:   53649098 HIT:   53649098 MISS:          0 MSHR_MERGE:          0
cpu15->cpu15_ITLB LOAD         ACCESS:   53649098 HIT:   53649098 MISS:          0 MSHR_MERGE:          0
cpu15->cpu15_ITLB RFO          ACCESS:          0 HIT:          0 MISS:          0 MSHR_MERGE:          0
cpu15->cpu15_ITLB PREFETCH     ACCESS:          0 HIT:          0 MISS:          0 MSHR_MERGE:          0
cpu15->cpu15_ITLB WRITE        ACCESS:          0 HIT:          0 MISS:          0 MSHR_MERGE:          0
cpu15->cpu15_ITLB TRANSLATION  ACCESS:          0 HIT:          0 MISS:          0 MSHR_MERGE:          0
cpu15->cpu15_ITLB PREFETCH REQUESTED:          0 ISSUED:          0 USEFUL:          0 USELESS:          0
cpu15->cpu15_ITLB AVERAGE MISS LATENCY: - cycles
cpu15->cpu15_DTLB TOTAL        ACCESS:   37028111 HIT:   36561589 MISS:     466522 MSHR_MERGE:     395738
cpu15->cpu15_DTLB LOAD         ACCESS:   37028111 HIT:   36561589 MISS:     466522 MSHR_MERGE:     395738
cpu15->cpu15_DTLB RFO          ACCESS:          0 HIT:          0 MISS:          0 MSHR_MERGE:          0
cpu15->cpu15_DTLB PREFETCH     ACCESS:          0 HIT:          0 MISS:          0 MSHR_MERGE:          0
cpu15->cpu15_DTLB WRITE        ACCESS:          0 HIT:          0 MISS:          0 MSHR_MERGE:          0
cpu15->cpu15_DTLB TRANSLATION  ACCESS:          0 HIT:          0 MISS:          0 MSHR_MERGE:          0
cpu15->cpu15_DTLB PREFETCH REQUESTED:          0 ISSUED:          0 USEFUL:          0 USELESS:          0
cpu15->cpu15_DTLB AVERAGE MISS LATENCY: 536.5 cycles
cpu14->cpu14_STLB TOTAL        ACCESS:      70614 HIT:       2538 MISS:      68076 MSHR_MERGE:          0
cpu14->cpu14_STLB LOAD         ACCESS:      70614 HIT:       2538 MISS:      68076 MSHR_MERGE:          0
cpu14->cpu14_STLB RFO          ACCESS:          0 HIT:          0 MISS:          0 MSHR_MERGE:          0
cpu14->cpu14_STLB PREFETCH     ACCESS:          0 HIT:          0 MISS:          0 MSHR_MERGE:          0
cpu14->cpu14_STLB WRITE        ACCESS:          0 HIT:          0 MISS:          0 MSHR_MERGE:          0
cpu14->cpu14_STLB TRANSLATION  ACCESS:          0 HIT:          0 MISS:          0 MSHR_MERGE:          0
cpu14->cpu14_STLB PREFETCH REQUESTED:          0 ISSUED:          0 USEFUL:          0 USELESS:          0
cpu14->cpu14_STLB AVERAGE MISS LATENCY: 551.7 cycles
cpu14->cpu14_L2C TOTAL        ACCESS:   24373876 HIT:          0 MISS:   24373876 MSHR_MERGE:          0
cpu14->cpu14_L2C LOAD         ACCESS:   21669272 HIT:          0 MISS:   21669272 MSHR_MERGE:          0
cpu14->cpu14_L2C RFO          ACCESS:    2568310 HIT:          0 MISS:    2568310 MSHR_MERGE:          0
cpu14->cpu14_L2C PREFETCH     ACCESS:          9 HIT:          0 MISS:          9 MSHR_MERGE:          0
cpu14->cpu14_L2C WRITE        ACCESS:          0 HIT:          0 MISS:          0 MSHR_MERGE:          0
cpu14->cpu14_L2C TRANSLATION  ACCESS:     136285 HIT:          0 MISS:     136285 MSHR_MERGE:          0
cpu14->cpu14_L2C PREFETCH REQUESTED:          0 ISSUED:          0 USEFUL:          0 USELESS:          0
cpu14->cpu14_L2C AVERAGE MISS LATENCY: 16.55 cycles
cpu14->cpu14_L1I TOTAL        ACCESS:   80532152 HIT:   80532138 MISS:         14 MSHR_MERGE:          3
cpu14->cpu14_L1I LOAD         ACCESS:   40270950 HIT:   40270948 MISS:          2 MSHR_MERGE:          0
cpu14->cpu14_L1I RFO          ACCESS:          0 HIT:          0 MISS:          0 MSHR_MERGE:          0
cpu14->cpu14_L1I PREFETCH     ACCESS:   40261202 HIT:   40261190 MISS:         12 MSHR_MERGE:          3
cpu14->cpu14_L1I WRITE        ACCESS:          0 HIT:          0 MISS:          0 MSHR_MERGE:          0
cpu14->cpu14_L1I TRANSLATION  ACCESS:          0 HIT:          0 MISS:          0 MSHR_MERGE:          0
cpu14->cpu14_L1I PREFETCH REQUESTED:   40270950 ISSUED:   40261170 USEFUL:          5 USELESS:          0
cpu14->cpu14_L1I AVERAGE MISS LATENCY: 185.5 cycles
cpu14->cpu14_L1D TOTAL        ACCESS:   37079923 HIT:          0 MISS:   37079923 MSHR_MERGE:   12706058
cpu14->cpu14_L1D LOAD         ACCESS:   29844522 HIT:          0 MISS:   29844522 MSHR_MERGE:    8175252
cpu14->cpu14_L1D RFO          ACCESS:          0 HIT:          0 MISS:          0 MSHR_MERGE:          0
cpu14->cpu14_L1D PREFETCH     ACCESS:          0 HIT:          0 MISS:          0 MSHR_MERGE:          0
cpu14->cpu14_L1D WRITE        ACCESS:    7099116 HIT:          0 MISS:    7099116 MSHR_MERGE:    4530806
cpu14->cpu14_L1D TRANSLATION  ACCESS:     136285 HIT:          0 MISS:     136285 MSHR_MERGE:          0
cpu14->cpu14_L1D PREFETCH REQUESTED:          0 ISSUED:          0 USEFUL:          0 USELESS:          0
cpu14->cpu14_L1D AVERAGE MISS LATENCY: 19.56 cycles
cpu14->cpu14_ITLB TOTAL        ACCESS:   53658479 HIT:   53658479 MISS:          0 MSHR_MERGE:          0
cpu14->cpu14_ITLB LOAD         ACCESS:   53658479 HIT:   53658479 MISS:          0 MSHR_MERGE:          0
cpu14->cpu14_ITLB RFO          ACCESS:          0 HIT:          0 MISS:          0 MSHR_MERGE:          0
cpu14->cpu14_ITLB PREFETCH     ACCESS:          0 HIT:          0 MISS:          0 MSHR_MERGE:          0
cpu14->cpu14_ITLB WRITE        ACCESS:          0 HIT:          0 MISS:          0 MSHR_MERGE:          0
cpu14->cpu14_ITLB TRANSLATION  ACCESS:          0 HIT:          0 MISS:          0 MSHR_MERGE:          0
cpu14->cpu14_ITLB PREFETCH REQUESTED:          0 ISSUED:          0 USEFUL:          0 USELESS:          0
cpu14->cpu14_ITLB AVERAGE MISS LATENCY: - cycles
cpu14->cpu14_DTLB TOTAL        ACCESS:   36938402 HIT:   36470644 MISS:     467758 MSHR_MERGE:     397144
cpu14->cpu14_DTLB LOAD         ACCESS:   36938402 HIT:   36470644 MISS:     467758 MSHR_MERGE:     397144
cpu14->cpu14_DTLB RFO          ACCESS:          0 HIT:          0 MISS:          0 MSHR_MERGE:          0
cpu14->cpu14_DTLB PREFETCH     ACCESS:          0 HIT:          0 MISS:          0 MSHR_MERGE:          0
cpu14->cpu14_DTLB WRITE        ACCESS:          0 HIT:          0 MISS:          0 MSHR_MERGE:          0
cpu14->cpu14_DTLB TRANSLATION  ACCESS:          0 HIT:          0 MISS:          0 MSHR_MERGE:          0
cpu14->cpu14_DTLB PREFETCH REQUESTED:          0 ISSUED:          0 USEFUL:          0 USELESS:          0
cpu14->cpu14_DTLB AVERAGE MISS LATENCY: 537.9 cycles
cpu13->cpu13_STLB TOTAL        ACCESS:      70763 HIT:       2545 MISS:      68218 MSHR_MERGE:          0
cpu13->cpu13_STLB LOAD         ACCESS:      70763 HIT:       2545 MISS:      68218 MSHR_MERGE:          0
cpu13->cpu13_STLB RFO          ACCESS:          0 HIT:          0 MISS:          0 MSHR_MERGE:          0
cpu13->cpu13_STLB PREFETCH     ACCESS:          0 HIT:          0 MISS:          0 MSHR_MERGE:          0
cpu13->cpu13_STLB WRITE        ACCESS:          0 HIT:          0 MISS:          0 MSHR_MERGE:          0
cpu13->cpu13_STLB TRANSLATION  ACCESS:          0 HIT:          0 MISS:          0 MSHR_MERGE:          0
cpu13->cpu13_STLB PREFETCH REQUESTED:          0 ISSUED:          0 USEFUL:          0 USELESS:          0
cpu13->cpu13_STLB AVERAGE MISS LATENCY: 550.7 cycles
cpu13->cpu13_L2C TOTAL        ACCESS:   24427316 HIT:          0 MISS:   24427316 MSHR_MERGE:          0
cpu13->cpu13_L2C LOAD         ACCESS:   21715223 HIT:          0 MISS:   21715223 MSHR_MERGE:          0
cpu13->cpu13_L2C RFO          ACCESS:    2575514 HIT:          0 MISS:    2575514 MSHR_MERGE:          0
cpu13->cpu13_L2C PREFETCH     ACCESS:          9 HIT:          0 MISS:          9 MSHR_MERGE:          0
cpu13->cpu13_L2C WRITE        ACCESS:          0 HIT:          0 MISS:          0 MSHR_MERGE:          0
cpu13->cpu13_L2C TRANSLATION  ACCESS:     136570 HIT:          0 MISS:     136570 MSHR_MERGE:          0
cpu13->cpu13_L2C PREFETCH REQUESTED:          0 ISSUED:          0 USEFUL:          0 USELESS:          0
cpu13->cpu13_L2C AVERAGE MISS LATENCY: 16.55 cycles
cpu13->cpu13_L1I TOTAL        ACCESS:   80733175 HIT:   80733161 MISS:         14 MSHR_MERGE:          3
cpu13->cpu13_L1I LOAD         ACCESS:   40371472 HIT:   40371470 MISS:          2 MSHR_MERGE:          0
cpu13->cpu13_L1I RFO          ACCESS:          0 HIT:          0 MISS:          0 MSHR_MERGE:          0
cpu13->cpu13_L1I PREFETCH     ACCESS:   40361703 HIT:   40361691 MISS:         12 MSHR_MERGE:          3
cpu13->cpu13_L1I WRITE        ACCESS:          0 HIT:          0 MISS:          0 MSHR_MERGE:          0
cpu13->cpu13_L1I TRANSLATION  ACCESS:          0 HIT:          0 MISS:          0 MSHR_MERGE:          0
cpu13->cpu13_L1I PREFETCH REQUESTED:   40371472 ISSUED:   40361703 USEFUL:          5 USELESS:          0
cpu13->cpu13_L1I AVERAGE MISS LATENCY: 162.5 cycles
cpu13->cpu13_L1D TOTAL        ACCESS:   37159141 HIT:          0 MISS:   37159141 MSHR_MERGE:   12731835
cpu13->cpu13_L1D LOAD         ACCESS:   29908607 HIT:          0 MISS:   29908607 MSHR_MERGE:    8193385
cpu13->cpu13_L1D RFO          ACCESS:          0 HIT:          0 MISS:          0 MSHR_MERGE:          0
cpu13->cpu13_L1D PREFETCH     ACCESS:          0 HIT:          0 MISS:          0 MSHR_MERGE:          0
cpu13->cpu13_L1D WRITE        ACCESS:    7113964 HIT:          0 MISS:    7113964 MSHR_MERGE:    4538450
cpu13->cpu13_L1D TRANSLATION  ACCESS:     136570 HIT:          0 MISS:     136570 MSHR_MERGE:          0
cpu13->cpu13_L1D PREFETCH REQUESTED:          0 ISSUED:          0 USEFUL:          0 USELESS:          0
cpu13->cpu13_L1D AVERAGE MISS LATENCY: 19.56 cycles
cpu13->cpu13_ITLB TOTAL        ACCESS:   53634855 HIT:   53634855 MISS:          0 MSHR_MERGE:          0
cpu13->cpu13_ITLB LOAD         ACCESS:   53634855 HIT:   53634855 MISS:          0 MSHR_MERGE:          0
cpu13->cpu13_ITLB RFO          ACCESS:          0 HIT:          0 MISS:          0 MSHR_MERGE:          0
cpu13->cpu13_ITLB PREFETCH     ACCESS:          0 HIT:          0 MISS:          0 MSHR_MERGE:          0
cpu13->cpu13_ITLB WRITE        ACCESS:          0 HIT:          0 MISS:          0 MSHR_MERGE:          0
cpu13->cpu13_ITLB TRANSLATION  ACCESS:          0 HIT:          0 MISS:          0 MSHR_MERGE:          0
cpu13->cpu13_ITLB PREFETCH REQUESTED:          0 ISSUED:          0 USEFUL:          0 USELESS:          0
cpu13->cpu13_ITLB AVERAGE MISS LATENCY: - cycles
cpu13->cpu13_DTLB TOTAL        ACCESS:   37018096 HIT:   36552043 MISS:     466053 MSHR_MERGE:     395290
cpu13->cpu13_DTLB LOAD         ACCESS:   37018096 HIT:   36552043 MISS:     466053 MSHR_MERGE:     395290
cpu13->cpu13_DTLB RFO          ACCESS:          0 HIT:          0 MISS:          0 MSHR_MERGE:          0
cpu13->cpu13_DTLB PREFETCH     ACCESS:          0 HIT:          0 MISS:          0 MSHR_MERGE:          0
cpu13->cpu13_DTLB WRITE        ACCESS:          0 HIT:          0 MISS:          0 MSHR_MERGE:          0
cpu13->cpu13_DTLB TRANSLATION  ACCESS:          0 HIT:          0 MISS:          0 MSHR_MERGE:          0
cpu13->cpu13_DTLB PREFETCH REQUESTED:          0 ISSUED:          0 USEFUL:          0 USELESS:          0
cpu13->cpu13_DTLB AVERAGE MISS LATENCY: 536.9 cycles
cpu12->cpu12_STLB TOTAL        ACCESS:      70762 HIT:       2545 MISS:      68217 MSHR_MERGE:          0
cpu12->cpu12_STLB LOAD         ACCESS:      70762 HIT:       2545 MISS:      68217 MSHR_MERGE:          0
cpu12->cpu12_STLB RFO          ACCESS:          0 HIT:          0 MISS:          0 MSHR_MERGE:          0
cpu12->cpu12_STLB PREFETCH     ACCESS:          0 HIT:          0 MISS:          0 MSHR_MERGE:          0
cpu12->cpu12_STLB WRITE        ACCESS:          0 HIT:          0 MISS:          0 MSHR_MERGE:          0
cpu12->cpu12_STLB TRANSLATION  ACCESS:          0 HIT:          0 MISS:          0 MSHR_MERGE:          0
cpu12->cpu12_STLB PREFETCH REQUESTED:          0 ISSUED:          0 USEFUL:          0 USELESS:          0
cpu12->cpu12_STLB AVERAGE MISS LATENCY: 551 cycles
cpu12->cpu12_L2C TOTAL        ACCESS:   24426585 HIT:          0 MISS:   24426585 MSHR_MERGE:          0
cpu12->cpu12_L2C LOAD         ACCESS:   21714112 HIT:          0 MISS:   21714112 MSHR_MERGE:          0
cpu12->cpu12_L2C RFO          ACCESS:    2575896 HIT:          0 MISS:    2575896 MSHR_MERGE:          0
cpu12->cpu12_L2C PREFETCH     ACCESS:          9 HIT:          0 MISS:          9 MSHR_MERGE:          0
cpu12->cpu12_L2C WRITE        ACCESS:          0 HIT:          0 MISS:          0 MSHR_MERGE:          0
cpu12->cpu12_L2C TRANSLATION  ACCESS:     136568 HIT:          0 MISS:     136568 MSHR_MERGE:          0
cpu12->cpu12_L2C PREFETCH REQUESTED:          0 ISSUED:          0 USEFUL:          0 USELESS:          0
cpu12->cpu12_L2C AVERAGE MISS LATENCY: 16.55 cycles
cpu12->cpu12_L1I TOTAL        ACCESS:   80735034 HIT:   80735020 MISS:         14 MSHR_MERGE:          3
cpu12->cpu12_L1I LOAD         ACCESS:   40372405 HIT:   40372403 MISS:          2 MSHR_MERGE:          0
cpu12->cpu12_L1I RFO          ACCESS:          0 HIT:          0 MISS:          0 MSHR_MERGE:          0
cpu12->cpu12_L1I PREFETCH     ACCESS:   40362629 HIT:   40362617 MISS:         12 MSHR_MERGE:          3
cpu12->cpu12_L1I WRITE        ACCESS:          0 HIT:          0 MISS:          0 MSHR_MERGE:          0
cpu12->cpu12_L1I TRANSLATION  ACCESS:          0 HIT:          0 MISS:          0 MSHR_MERGE:          0
cpu12->cpu12_L1I PREFETCH REQUESTED:   40372405 ISSUED:   40362636 USEFUL:          5 USELESS:          0
cpu12->cpu12_L1I AVERAGE MISS LATENCY: 138 cycles
cpu12->cpu12_L1D TOTAL        ACCESS:   37157723 HIT:          0 MISS:   37157723 MSHR_MERGE:   12731148
cpu12->cpu12_L1D LOAD         ACCESS:   29907315 HIT:          0 MISS:   29907315 MSHR_MERGE:    8193205
cpu12->cpu12_L1D RFO          ACCESS:          0 HIT:          0 MISS:          0 MSHR_MERGE:          0
cpu12->cpu12_L1D PREFETCH     ACCESS:          0 HIT:          0 MISS:          0 MSHR_MERGE:          0
cpu12->cpu12_L1D WRITE        ACCESS:    7113840 HIT:          0 MISS:    7113840 MSHR_MERGE:    4537943
cpu12->cpu12_L1D TRANSLATION  ACCESS:     136568 HIT:          0 MISS:     136568 MSHR_MERGE:          0
cpu12->cpu12_L1D PREFETCH REQUESTED:          0 ISSUED:          0 USEFUL:          0 USELESS:          0
cpu12->cpu12_L1D AVERAGE MISS LATENCY: 19.56 cycles
cpu12->cpu12_ITLB TOTAL        ACCESS:   53634394 HIT:   53634394 MISS:          0 MSHR_MERGE:          0
cpu12->cpu12_ITLB LOAD         ACCESS:   53634394 HIT:   53634394 MISS:          0 MSHR_MERGE:          0
cpu12->cpu12_ITLB RFO          ACCESS:          0 HIT:          0 MISS:          0 MSHR_MERGE:          0
cpu12->cpu12_ITLB PREFETCH     ACCESS:          0 HIT:          0 MISS:          0 MSHR_MERGE:          0
cpu12->cpu12_ITLB WRITE        ACCESS:          0 HIT:          0 MISS:          0 MSHR_MERGE:          0
cpu12->cpu12_ITLB TRANSLATION  ACCESS:          0 HIT:          0 MISS:          0 MSHR_MERGE:          0
cpu12->cpu12_ITLB PREFETCH REQUESTED:          0 ISSUED:          0 USEFUL:          0 USELESS:          0
cpu12->cpu12_ITLB AVERAGE MISS LATENCY: - cycles
cpu12->cpu12_DTLB TOTAL        ACCESS:   37016687 HIT:   36550858 MISS:     465829 MSHR_MERGE:     395067
cpu12->cpu12_DTLB LOAD         ACCESS:   37016687 HIT:   36550858 MISS:     465829 MSHR_MERGE:     395067
cpu12->cpu12_DTLB RFO          ACCESS:          0 HIT:          0 MISS:          0 MSHR_MERGE:          0
cpu12->cpu12_DTLB PREFETCH     ACCESS:          0 HIT:          0 MISS:          0 MSHR_MERGE:          0
cpu12->cpu12_DTLB WRITE        ACCESS:          0 HIT:          0 MISS:          0 MSHR_MERGE:          0
cpu12->cpu12_DTLB TRANSLATION  ACCESS:          0 HIT:          0 MISS:          0 MSHR_MERGE:          0
cpu12->cpu12_DTLB PREFETCH REQUESTED:          0 ISSUED:          0 USEFUL:          0 USELESS:          0
cpu12->cpu12_DTLB AVERAGE MISS LATENCY: 537.1 cycles
cpu11->cpu11_STLB TOTAL        ACCESS:      70758 HIT:       2545 MISS:      68213 MSHR_MERGE:          0
cpu11->cpu11_STLB LOAD         ACCESS:      70758 HIT:       2545 MISS:      68213 MSHR_MERGE:          0
cpu11->cpu11_STLB RFO          ACCESS:          0 HIT:          0 MISS:          0 MSHR_MERGE:          0
cpu11->cpu11_STLB PREFETCH     ACCESS:          0 HIT:          0 MISS:          0 MSHR_MERGE:          0
cpu11->cpu11_STLB WRITE        ACCESS:          0 HIT:          0 MISS:          0 MSHR_MERGE:          0
cpu11->cpu11_STLB TRANSLATION  ACCESS:          0 HIT:          0 MISS:          0 MSHR_MERGE:          0
cpu11->cpu11_STLB PREFETCH REQUESTED:          0 ISSUED:          0 USEFUL:          0 USELESS:          0
cpu11->cpu11_STLB AVERAGE MISS LATENCY: 551.2 cycles
cpu11->cpu11_L2C TOTAL        ACCESS:   24424344 HIT:          0 MISS:   24424344 MSHR_MERGE:          0
cpu11->cpu11_L2C LOAD         ACCESS:   21710675 HIT:          0 MISS:   21710675 MSHR_MERGE:          0
cpu11->cpu11_L2C RFO          ACCESS:    2577100 HIT:          0 MISS:    2577100 MSHR_MERGE:          0
cpu11->cpu11_L2C PREFETCH     ACCESS:          9 HIT:          0 MISS:          9 MSHR_MERGE:          0
cpu11->cpu11_L2C WRITE        ACCESS:          0 HIT:          0 MISS:          0 MSHR_MERGE:          0
cpu11->cpu11_L2C TRANSLATION  ACCESS:     136560 HIT:          0 MISS:     136560 MSHR_MERGE:          0
cpu11->cpu11_L2C PREFETCH REQUESTED:          0 ISSUED:          0 USEFUL:          0 USELESS:          0
cpu11->cpu11_L2C AVERAGE MISS LATENCY: 16.55 cycles
cpu11->cpu11_L1I TOTAL        ACCESS:   80732579 HIT:   80732565 MISS:         14 MSHR_MERGE:          3
cpu11->cpu11_L1I LOAD         ACCESS:   40371175 HIT:   40371173 MISS:          2 MSHR_MERGE:          0
cpu11->cpu11_L1I RFO          ACCESS:          0 HIT:          0 MISS:          0 MSHR_MERGE:          0
cpu11->cpu11_L1I PREFETCH     ACCESS:   40361404 HIT:   40361392 MISS:         12 MSHR_MERGE:          3
cpu11->cpu11_L1I WRITE        ACCESS:          0 HIT:          0 MISS:          0 MSHR_MERGE:          0
cpu11->cpu11_L1I TRANSLATION  ACCESS:          0 HIT:          0 MISS:          0 MSHR_MERGE:          0
cpu11->cpu11_L1I PREFETCH REQUESTED:   40371175 ISSUED:   40361374 USEFUL:          5 USELESS:          0
cpu11->cpu11_L1I AVERAGE MISS LATENCY: 184.5 cycles
cpu11->cpu11_L1D TOTAL        ACCESS:   37155661 HIT:          0 MISS:   37155661 MSHR_MERGE:   12731328
cpu11->cpu11_L1D LOAD         ACCESS:   29905675 HIT:          0 MISS:   29905675 MSHR_MERGE:    8195003
cpu11->cpu11_L1D RFO          ACCESS:          0 HIT:          0 MISS:          0 MSHR_MERGE:          0
cpu11->cpu11_L1D PREFETCH     ACCESS:          0 HIT:          0 MISS:          0 MSHR_MERGE:          0
cpu11->cpu11_L1D WRITE        ACCESS:    7113426 HIT:          0 MISS:    7113426 MSHR_MERGE:    4536325
cpu11->cpu11_L1D TRANSLATION  ACCESS:     136560 HIT:          0 MISS:     136560 MSHR_MERGE:          0
cpu11->cpu11_L1D PREFETCH REQUESTED:          0 ISSUED:          0 USEFUL:          0 USELESS:          0
cpu11->cpu11_L1D AVERAGE MISS LATENCY: 19.56 cycles
cpu11->cpu11_ITLB TOTAL        ACCESS:   53631736 HIT:   53631736 MISS:          0 MSHR_MERGE:          0
cpu11->cpu11_ITLB LOAD         ACCESS:   53631736 HIT:   53631736 MISS:          0 MSHR_MERGE:          0
cpu11->cpu11_ITLB RFO          ACCESS:          0 HIT:          0 MISS:          0 MSHR_MERGE:          0
cpu11->cpu11_ITLB PREFETCH     ACCESS:          0 HIT:          0 MISS:          0 MSHR_MERGE:          0
cpu11->cpu11_ITLB WRITE        ACCESS:          0 HIT:          0 MISS:          0 MSHR_MERGE:          0
cpu11->cpu11_ITLB TRANSLATION  ACCESS:          0 HIT:          0 MISS:          0 MSHR_MERGE:          0
cpu11->cpu11_ITLB PREFETCH REQUESTED:          0 ISSUED:          0 USEFUL:          0 USELESS:          0
cpu11->cpu11_ITLB AVERAGE MISS LATENCY: - cycles
cpu11->cpu11_DTLB TOTAL        ACCESS:   37014557 HIT:   36547940 MISS:     466617 MSHR_MERGE:     395859
cpu11->cpu11_DTLB LOAD         ACCESS:   37014557 HIT:   36547940 MISS:     466617 MSHR_MERGE:     395859
cpu11->cpu11_DTLB RFO          ACCESS:          0 HIT:          0 MISS:          0 MSHR_MERGE:          0
cpu11->cpu11_DTLB PREFETCH     ACCESS:          0 HIT:          0 MISS:          0 MSHR_MERGE:          0
cpu11->cpu11_DTLB WRITE        ACCESS:          0 HIT:          0 MISS:          0 MSHR_MERGE:          0
cpu11->cpu11_DTLB TRANSLATION  ACCESS:          0 HIT:          0 MISS:          0 MSHR_MERGE:          0
cpu11->cpu11_DTLB PREFETCH REQUESTED:          0 ISSUED:          0 USEFUL:          0 USELESS:          0
cpu11->cpu11_DTLB AVERAGE MISS LATENCY: 537.3 cycles
cpu10->cpu10_STLB TOTAL        ACCESS:      70795 HIT:       2547 MISS:      68248 MSHR_MERGE:          0
cpu10->cpu10_STLB LOAD         ACCESS:      70795 HIT:       2547 MISS:      68248 MSHR_MERGE:          0
cpu10->cpu10_STLB RFO          ACCESS:          0 HIT:          0 MISS:          0 MSHR_MERGE:          0
cpu10->cpu10_STLB PREFETCH     ACCESS:          0 HIT:          0 MISS:          0 MSHR_MERGE:          0
cpu10->cpu10_STLB WRITE        ACCESS:          0 HIT:          0 MISS:          0 MSHR_MERGE:          0
cpu10->cpu10_STLB TRANSLATION  ACCESS:          0 HIT:          0 MISS:          0 MSHR_MERGE:          0
cpu10->cpu10_STLB PREFETCH REQUESTED:          0 ISSUED:          0 USEFUL:          0 USELESS:          0
cpu10->cpu10_STLB AVERAGE MISS LATENCY: 549.8 cycles
cpu10->cpu10_L2C TOTAL        ACCESS:   24439033 HIT:          0 MISS:   24439033 MSHR_MERGE:          0
cpu10->cpu10_L2C LOAD         ACCESS:   21723838 HIT:          0 MISS:   21723838 MSHR_MERGE:          0
cpu10->cpu10_L2C RFO          ACCESS:    2578556 HIT:          0 MISS:    2578556 MSHR_MERGE:          0
cpu10->cpu10_L2C PREFETCH     ACCESS:          9 HIT:          0 MISS:          9 MSHR_MERGE:          0
cpu10->cpu10_L2C WRITE        ACCESS:          0 HIT:          0 MISS:          0 MSHR_MERGE:          0
cpu10->cpu10_L2C TRANSLATION  ACCESS:     136630 HIT:          0 MISS:     136630 MSHR_MERGE:          0
cpu10->cpu10_L2C PREFETCH REQUESTED:          0 ISSUED:          0 USEFUL:          0 USELESS:          0
cpu10->cpu10_L2C AVERAGE MISS LATENCY: 16.55 cycles
cpu10->cpu10_L1I TOTAL        ACCESS:   80772908 HIT:   80772894 MISS:         14 MSHR_MERGE:          3
cpu10->cpu10_L1I LOAD         ACCESS:   40391346 HIT:   40391344 MISS:          2 MSHR_MERGE:          0
cpu10->cpu10_L1I RFO          ACCESS:          0 HIT:          0 MISS:          0 MSHR_MERGE:          0
cpu10->cpu10_L1I PREFETCH     ACCESS:   40381562 HIT:   40381550 MISS:         12 MSHR_MERGE:          3
cpu10->cpu10_L1I WRITE        ACCESS:          0 HIT:          0 MISS:          0 MSHR_MERGE:          0
cpu10->cpu10_L1I TRANSLATION  ACCESS:          0 HIT:          0 MISS:          0 MSHR_MERGE:          0
cpu10->cpu10_L1I PREFETCH REQUESTED:   40391346 ISSUED:   40381531 USEFUL:          5 USELESS:          0
cpu10->cpu10_L1I AVERAGE MISS LATENCY: 185.5 cycles
cpu10->cpu10_L1D TOTAL        ACCESS:   37173840 HIT:          0 MISS:   37173840 MSHR_MERGE:   12734817
cpu10->cpu10_L1D LOAD         ACCESS:   29920097 HIT:          0 MISS:   29920097 MSHR_MERGE:    8196260
cpu10->cpu10_L1D RFO          ACCESS:          0 HIT:          0 MISS:          0 MSHR_MERGE:          0
cpu10->cpu10_L1D PREFETCH     ACCESS:          0 HIT:          0 MISS:          0 MSHR_MERGE:          0
cpu10->cpu10_L1D WRITE        ACCESS:    7117113 HIT:          0 MISS:    7117113 MSHR_MERGE:    4538557
cpu10->cpu10_L1D TRANSLATION  ACCESS:     136630 HIT:          0 MISS:     136630 MSHR_MERGE:          0
cpu10->cpu10_L1D PREFETCH REQUESTED:          0 ISSUED:          0 USEFUL:          0 USELESS:          0
cpu10->cpu10_L1D AVERAGE MISS LATENCY: 19.56 cycles
cpu10->cpu10_ITLB TOTAL        ACCESS:   53667018 HIT:   53667018 MISS:          0 MSHR_MERGE:          0
cpu10->cpu10_ITLB LOAD         ACCESS:   53667018 HIT:   53667018 MISS:          0 MSHR_MERGE:          0
cpu10->cpu10_ITLB RFO          ACCESS:          0 HIT:          0 MISS:          0 MSHR_MERGE:          0
cpu10->cpu10_ITLB PREFETCH     ACCESS:          0 HIT:          0 MISS:          0 MSHR_MERGE:          0
cpu10->cpu10_ITLB WRITE        ACCESS:          0 HIT:          0 MISS:          0 MSHR_MERGE:          0
cpu10->cpu10_ITLB TRANSLATION  ACCESS:          0 HIT:          0 MISS:          0 MSHR_MERGE:          0
cpu10->cpu10_ITLB PREFETCH REQUESTED:          0 ISSUED:          0 USEFUL:          0 USELESS:          0
cpu10->cpu10_ITLB AVERAGE MISS LATENCY: - cycles
cpu10->cpu10_DTLB TOTAL        ACCESS:   37032575 HIT:   36565679 MISS:     466896 MSHR_MERGE:     396101
cpu10->cpu10_DTLB LOAD         ACCESS:   37032575 HIT:   36565679 MISS:     466896 MSHR_MERGE:     396101
cpu10->cpu10_DTLB RFO          ACCESS:          0 HIT:          0 MISS:          0 MSHR_MERGE:          0
cpu10->cpu10_DTLB PREFETCH     ACCESS:          0 HIT:          0 MISS:          0 MSHR_MERGE:          0
cpu10->cpu10_DTLB WRITE        ACCESS:          0 HIT:          0 MISS:          0 MSHR_MERGE:          0
cpu10->cpu10_DTLB TRANSLATION  ACCESS:          0 HIT:          0 MISS:          0 MSHR_MERGE:          0
cpu10->cpu10_DTLB PREFETCH REQUESTED:          0 ISSUED:          0 USEFUL:          0 USELESS:          0
cpu10->cpu10_DTLB AVERAGE MISS LATENCY: 535.9 cycles
cpu0->cpu0_STLB TOTAL        ACCESS:      70752 HIT:       2545 MISS:      68207 MSHR_MERGE:          0
cpu0->cpu0_STLB LOAD         ACCESS:      70752 HIT:       2545 MISS:      68207 MSHR_MERGE:          0
cpu0->cpu0_STLB RFO          ACCESS:          0 HIT:          0 MISS:          0 MSHR_MERGE:          0
cpu0->cpu0_STLB PREFETCH     ACCESS:          0 HIT:          0 MISS:          0 MSHR_MERGE:          0
cpu0->cpu0_STLB WRITE        ACCESS:          0 HIT:          0 MISS:          0 MSHR_MERGE:          0
cpu0->cpu0_STLB TRANSLATION  ACCESS:          0 HIT:          0 MISS:          0 MSHR_MERGE:          0
cpu0->cpu0_STLB PREFETCH REQUESTED:          0 ISSUED:          0 USEFUL:          0 USELESS:          0
cpu0->cpu0_STLB AVERAGE MISS LATENCY: 551.1 cycles
cpu0->cpu0_L2C TOTAL        ACCESS:   24421578 HIT:          0 MISS:   24421578 MSHR_MERGE:          0
cpu0->cpu0_L2C LOAD         ACCESS:   21707877 HIT:          0 MISS:   21707877 MSHR_MERGE:          0
cpu0->cpu0_L2C RFO          ACCESS:    2577144 HIT:          0 MISS:    2577144 MSHR_MERGE:          0
cpu0->cpu0_L2C PREFETCH     ACCESS:          9 HIT:          0 MISS:          9 MSHR_MERGE:          0
cpu0->cpu0_L2C WRITE        ACCESS:          0 HIT:          0 MISS:          0 MSHR_MERGE:          0
cpu0->cpu0_L2C TRANSLATION  ACCESS:     136548 HIT:          0 MISS:     136548 MSHR_MERGE:          0
cpu0->cpu0_L2C PREFETCH REQUESTED:          0 ISSUED:          0 USEFUL:          0 USELESS:          0
cpu0->cpu0_L2C AVERAGE MISS LATENCY: 16.55 cycles
cpu0->cpu0_L1I TOTAL        ACCESS:   80718957 HIT:   80718943 MISS:         14 MSHR_MERGE:          3
cpu0->cpu0_L1I LOAD         ACCESS:   40364364 HIT:   40364362 MISS:          2 MSHR_MERGE:          0
cpu0->cpu0_L1I RFO          ACCESS:          0 HIT:          0 MISS:          0 MSHR_MERGE:          0
cpu0->cpu0_L1I PREFETCH     ACCESS:   40354593 HIT:   40354581 MISS:         12 MSHR_MERGE:          3
cpu0->cpu0_L1I WRITE        ACCESS:          0 HIT:          0 MISS:          0 MSHR_MERGE:          0
cpu0->cpu0_L1I TRANSLATION  ACCESS:          0 HIT:          0 MISS:          0 MSHR_MERGE:          0
cpu0->cpu0_L1I PREFETCH REQUESTED:   40364364 ISSUED:   40354560 USEFUL:          5 USELESS:          0
cpu0->cpu0_L1I AVERAGE MISS LATENCY: 185.5 cycles
cpu0->cpu0_L1D TOTAL        ACCESS:   37152984 HIT:          0 MISS:   37152984 MSHR_MERGE:   12731417
cpu0->cpu0_L1D LOAD         ACCESS:   29903668 HIT:          0 MISS:   29903668 MSHR_MERGE:    8195793
cpu0->cpu0_L1D RFO          ACCESS:          0 HIT:          0 MISS:          0 MSHR_MERGE:          0
cpu0->cpu0_L1D PREFETCH     ACCESS:          0 HIT:          0 MISS:          0 MSHR_MERGE:          0
cpu0->cpu0_L1D WRITE        ACCESS:    7112768 HIT:          0 MISS:    7112768 MSHR_MERGE:    4535624
cpu0->cpu0_L1D TRANSLATION  ACCESS:     136548 HIT:          0 MISS:     136548 MSHR_MERGE:          0
cpu0->cpu0_L1D PREFETCH REQUESTED:          0 ISSUED:          0 USEFUL:          0 USELESS:          0
cpu0->cpu0_L1D AVERAGE MISS LATENCY: 19.56 cycles
cpu0->cpu0_ITLB TOTAL        ACCESS:   53629460 HIT:   53629460 MISS:          0 MSHR_MERGE:          0
cpu0->cpu0_ITLB LOAD         ACCESS:   53629460 HIT:   53629460 MISS:          0 MSHR_MERGE:          0
cpu0->cpu0_ITLB RFO          ACCESS:          0 HIT:          0 MISS:          0 MSHR_MERGE:          0
cpu0->cpu0_ITLB PREFETCH     ACCESS:          0 HIT:          0 MISS:          0 MSHR_MERGE:          0
cpu0->cpu0_ITLB WRITE        ACCESS:          0 HIT:          0 MISS:          0 MSHR_MERGE:          0
cpu0->cpu0_ITLB TRANSLATION  ACCESS:          0 HIT:          0 MISS:          0 MSHR_MERGE:          0
cpu0->cpu0_ITLB PREFETCH REQUESTED:          0 ISSUED:          0 USEFUL:          0 USELESS:          0
cpu0->cpu0_ITLB AVERAGE MISS LATENCY: - cycles
cpu0->cpu0_DTLB TOTAL        ACCESS:   37012061 HIT:   36545708 MISS:     466353 MSHR_MERGE:     395601
cpu0->cpu0_DTLB LOAD         ACCESS:   37012061 HIT:   36545708 MISS:     466353 MSHR_MERGE:     395601
cpu0->cpu0_DTLB RFO          ACCESS:          0 HIT:          0 MISS:          0 MSHR_MERGE:          0
cpu0->cpu0_DTLB PREFETCH     ACCESS:          0 HIT:          0 MISS:          0 MSHR_MERGE:          0
cpu0->cpu0_DTLB WRITE        ACCESS:          0 HIT:          0 MISS:          0 MSHR_MERGE:          0
cpu0->cpu0_DTLB TRANSLATION  ACCESS:          0 HIT:          0 MISS:          0 MSHR_MERGE:          0
cpu0->cpu0_DTLB PREFETCH REQUESTED:          0 ISSUED:          0 USEFUL:          0 USELESS:          0
cpu0->cpu0_DTLB AVERAGE MISS LATENCY: 537.3 cycles
cpu0->LLC TOTAL        ACCESS:   24421577 HIT:   24335200 MISS:      86377 MSHR_MERGE:          0
cpu0->LLC LOAD         ACCESS:   21707876 HIT:   21706651 MISS:       1225 MSHR_MERGE:          0
cpu0->LLC RFO          ACCESS:    2577144 HIT:    2569544 MISS:       7600 MSHR_MERGE:          0
cpu0->LLC PREFETCH     ACCESS:          9 HIT:          0 MISS:          9 MSHR_MERGE:          0
cpu0->LLC WRITE        ACCESS:          0 HIT:          0 MISS:          0 MSHR_MERGE:          0
cpu0->LLC TRANSLATION  ACCESS:     136548 HIT:      59005 MISS:      77543 MSHR_MERGE:          0
cpu0->LLC PREFETCH REQUESTED:          0 ISSUED:          0 USEFUL:          0 USELESS:          0
cpu0->LLC AVERAGE MISS LATENCY: 2475 cycles
cpu1->LLC TOTAL        ACCESS:   24447184 HIT:   24361285 MISS:      85899 MSHR_MERGE:          0
cpu1->LLC LOAD         ACCESS:   21732674 HIT:   21731793 MISS:        881 MSHR_MERGE:          0
cpu1->LLC RFO          ACCESS:    2577871 HIT:    2570264 MISS:       7607 MSHR_MERGE:          0
cpu1->LLC PREFETCH     ACCESS:         10 HIT:          0 MISS:         10 MSHR_MERGE:          0
cpu1->LLC WRITE        ACCESS:          0 HIT:          0 MISS:          0 MSHR_MERGE:          0
cpu1->LLC TRANSLATION  ACCESS:     136629 HIT:      59228 MISS:      77401 MSHR_MERGE:          0
cpu1->LLC PREFETCH REQUESTED:          0 ISSUED:          0 USEFUL:          0 USELESS:          0
cpu1->LLC AVERAGE MISS LATENCY: 2488 cycles
cpu2->LLC TOTAL        ACCESS:   24400500 HIT:   24313758 MISS:      86742 MSHR_MERGE:          0
cpu2->LLC LOAD         ACCESS:   21688597 HIT:   21686960 MISS:       1637 MSHR_MERGE:          0
cpu2->LLC RFO          ACCESS:    2575462 HIT:    2567861 MISS:       7601 MSHR_MERGE:          0
cpu2->LLC PREFETCH     ACCESS:         10 HIT:          0 MISS:         10 MSHR_MERGE:          0
cpu2->LLC WRITE        ACCESS:          0 HIT:          0 MISS:          0 MSHR_MERGE:          0
cpu2->LLC TRANSLATION  ACCESS:     136431 HIT:      58937 MISS:      77494 MSHR_MERGE:          0
cpu2->LLC PREFETCH REQUESTED:          0 ISSUED:          0 USEFUL:          0 USELESS:          0
cpu2->LLC AVERAGE MISS LATENCY: 2464 cycles
cpu3->LLC TOTAL        ACCESS:   24430605 HIT:   24344305 MISS:      86300 MSHR_MERGE:          0
cpu3->LLC LOAD         ACCESS:   21717525 HIT:   21716325 MISS:       1200 MSHR_MERGE:          0
cpu3->LLC RFO          ACCESS:    2576477 HIT:    2568872 MISS:       7605 MSHR_MERGE:          0
cpu3->LLC PREFETCH     ACCESS:         10 HIT:          0 MISS:         10 MSHR_MERGE:          0
cpu3->LLC WRITE        ACCESS:          0 HIT:          0 MISS:          0 MSHR_MERGE:          0
cpu3->LLC TRANSLATION  ACCESS:     136593 HIT:      59108 MISS:      77485 MSHR_MERGE:          0
cpu3->LLC PREFETCH REQUESTED:          0 ISSUED:          0 USEFUL:          0 USELESS:          0
cpu3->LLC AVERAGE MISS LATENCY: 2477 cycles
cpu4->LLC TOTAL        ACCESS:   24416117 HIT:   24330095 MISS:      86022 MSHR_MERGE:          0
cpu4->LLC LOAD         ACCESS:   21710281 HIT:   21709346 MISS:        935 MSHR_MERGE:          0
cpu4->LLC RFO          ACCESS:    2569316 HIT:    2561720 MISS:       7596 MSHR_MERGE:          0
cpu4->LLC PREFETCH     ACCESS:          9 HIT:          0 MISS:          9 MSHR_MERGE:          0
cpu4->LLC WRITE        ACCESS:          0 HIT:          0 MISS:          0 MSHR_MERGE:          0
cpu4->LLC TRANSLATION  ACCESS:     136511 HIT:      59029 MISS:      77482 MSHR_MERGE:          0
cpu4->LLC PREFETCH REQUESTED:          0 ISSUED:          0 USEFUL:          0 USELESS:          0
cpu4->LLC AVERAGE MISS LATENCY: 2485 cycles
cpu5->LLC TOTAL        ACCESS:   24391298 HIT:   24305114 MISS:      86184 MSHR_MERGE:          0
cpu5->LLC LOAD         ACCESS:   21688783 HIT:   21687657 MISS:       1126 MSHR_MERGE:          0
cpu5->LLC RFO          ACCESS:    2566125 HIT:    2558525 MISS:       7600 MSHR_MERGE:          0
cpu5->LLC PREFETCH     ACCESS:          9 HIT:          0 MISS:          9 MSHR_MERGE:          0
cpu5->LLC WRITE        ACCESS:          0 HIT:          0 MISS:          0 MSHR_MERGE:          0
cpu5->LLC TRANSLATION  ACCESS:     136381 HIT:      58932 MISS:      77449 MSHR_MERGE:          0
cpu5->LLC PREFETCH REQUESTED:          0 ISSUED:          0 USEFUL:          0 USELESS:          0
cpu5->LLC AVERAGE MISS LATENCY: 2480 cycles
cpu6->LLC TOTAL        ACCESS:   24393642 HIT:   24307936 MISS:      85706 MSHR_MERGE:          0
cpu6->LLC LOAD         ACCESS:   21690707 HIT:   21690096 MISS:        611 MSHR_MERGE:          0
cpu6->LLC RFO          ACCESS:    2566536 HIT:    2558957 MISS:       7579 MSHR_MERGE:          0
cpu6->LLC PREFETCH     ACCESS:         10 HIT:          0 MISS:         10 MSHR_MERGE:          0
cpu6->LLC WRITE        ACCESS:          0 HIT:          0 MISS:          0 MSHR_MERGE:          0
cpu6->LLC TRANSLATION  ACCESS:     136389 HIT:      58883 MISS:      77506 MSHR_MERGE:          0
cpu6->LLC PREFETCH REQUESTED:          0 ISSUED:          0 USEFUL:          0 USELESS:          0
cpu6->LLC AVERAGE MISS LATENCY: 2494 cycles
cpu7->LLC TOTAL        ACCESS:   24421626 HIT:   24335728 MISS:      85898 MSHR_MERGE:          0
cpu7->LLC LOAD         ACCESS:   21711926 HIT:   21711134 MISS:        792 MSHR_MERGE:          0
cpu7->LLC RFO          ACCESS:    2573161 HIT:    2565573 MISS:       7588 MSHR_MERGE:          0
cpu7->LLC PREFETCH     ACCESS:          9 HIT:          0 MISS:          9 MSHR_MERGE:          0
cpu7->LLC WRITE        ACCESS:          0 HIT:          0 MISS:          0 MSHR_MERGE:          0
cpu7->LLC TRANSLATION  ACCESS:     136530 HIT:      59021 MISS:      77509 MSHR_MERGE:          0
cpu7->LLC PREFETCH REQUESTED:          0 ISSUED:          0 USEFUL:          0 USELESS:          0
cpu7->LLC AVERAGE MISS LATENCY: 2488 cycles
cpu8->LLC TOTAL        ACCESS:   24407187 HIT:   24321187 MISS:      86000 MSHR_MERGE:          0
cpu8->LLC LOAD         ACCESS:   21702649 HIT:   21701699 MISS:        950 MSHR_MERGE:          0
cpu8->LLC RFO          ACCESS:    2568052 HIT:    2560453 MISS:       7599 MSHR_MERGE:          0
cpu8->LLC PREFETCH     ACCESS:          9 HIT:          0 MISS:          9 MSHR_MERGE:          0
cpu8->LLC WRITE        ACCESS:          0 HIT:          0 MISS:          0 MSHR_MERGE:          0
cpu8->LLC TRANSLATION  ACCESS:     136477 HIT:      59035 MISS:      77442 MSHR_MERGE:          0
cpu8->LLC PREFETCH REQUESTED:          0 ISSUED:          0 USEFUL:          0 USELESS:          0
cpu8->LLC AVERAGE MISS LATENCY: 2486 cycles
cpu9->LLC TOTAL        ACCESS:   24396364 HIT:   24309813 MISS:      86551 MSHR_MERGE:          0
cpu9->LLC LOAD         ACCESS:   21693143 HIT:   21691605 MISS:       1538 MSHR_MERGE:          0
cpu9->LLC RFO          ACCESS:    2566829 HIT:    2559241 MISS:       7588 MSHR_MERGE:          0
cpu9->LLC PREFETCH     ACCESS:          8 HIT:          0 MISS:          8 MSHR_MERGE:          0
cpu9->LLC WRITE        ACCESS:          0 HIT:          0 MISS:          0 MSHR_MERGE:          0
cpu9->LLC TRANSLATION  ACCESS:     136384 HIT:      58967 MISS:      77417 MSHR_MERGE:          0
cpu9->LLC PREFETCH REQUESTED:          0 ISSUED:          0 USEFUL:          0 USELESS:          0
cpu9->LLC AVERAGE MISS LATENCY: 2470 cycles
cpu10->LLC TOTAL        ACCESS:   24439030 HIT:   24352796 MISS:      86234 MSHR_MERGE:          0
cpu10->LLC LOAD         ACCESS:   21723835 HIT:   21722676 MISS:       1159 MSHR_MERGE:          0
cpu10->LLC RFO          ACCESS:    2578556 HIT:    2570956 MISS:       7600 MSHR_MERGE:          0
cpu10->LLC PREFETCH     ACCESS:          9 HIT:          0 MISS:          9 MSHR_MERGE:          0
cpu10->LLC WRITE        ACCESS:          0 HIT:          0 MISS:          0 MSHR_MERGE:          0
cpu10->LLC TRANSLATION  ACCESS:     136630 HIT:      59164 MISS:      77466 MSHR_MERGE:          0
cpu10->LLC PREFETCH REQUESTED:          0 ISSUED:          0 USEFUL:          0 USELESS:          0
cpu10->LLC AVERAGE MISS LATENCY: 2479 cycles
cpu11->LLC TOTAL        ACCESS:   24424342 HIT:   24338176 MISS:      86166 MSHR_MERGE:          0
cpu11->LLC LOAD         ACCESS:   21710673 HIT:   21709690 MISS:        983 MSHR_MERGE:          0
cpu11->LLC RFO          ACCESS:    2577100 HIT:    2569504 MISS:       7596 MSHR_MERGE:          0
cpu11->LLC PREFETCH     ACCESS:          9 HIT:          0 MISS:          9 MSHR_MERGE:          0
cpu11->LLC WRITE        ACCESS:          0 HIT:          0 MISS:          0 MSHR_MERGE:          0
cpu11->LLC TRANSLATION  ACCESS:     136560 HIT:      58982 MISS:      77578 MSHR_MERGE:          0
cpu11->LLC PREFETCH REQUESTED:          0 ISSUED:          0 USEFUL:          0 USELESS:          0
cpu11->LLC AVERAGE MISS LATENCY: 2481 cycles
cpu12->LLC TOTAL        ACCESS:   24426580 HIT:   24340405 MISS:      86175 MSHR_MERGE:          0
cpu12->LLC LOAD         ACCESS:   21714107 HIT:   21713112 MISS:        995 MSHR_MERGE:          0
cpu12->LLC RFO          ACCESS:    2575896 HIT:    2568298 MISS:       7598 MSHR_MERGE:          0
cpu12->LLC PREFETCH     ACCESS:          9 HIT:          0 MISS:          9 MSHR_MERGE:          0
cpu12->LLC WRITE        ACCESS:          0 HIT:          0 MISS:          0 MSHR_MERGE:          0
cpu12->LLC TRANSLATION  ACCESS:     136568 HIT:      58995 MISS:      77573 MSHR_MERGE:          0
cpu12->LLC PREFETCH REQUESTED:          0 ISSUED:          0 USEFUL:          0 USELESS:          0
cpu12->LLC AVERAGE MISS LATENCY: 2480 cycles
cpu13->LLC TOTAL        ACCESS:   24427312 HIT:   24341140 MISS:      86172 MSHR_MERGE:          0
cpu13->LLC LOAD         ACCESS:   21715219 HIT:   21714176 MISS:       1043 MSHR_MERGE:          0
cpu13->LLC RFO          ACCESS:    2575514 HIT:    2567927 MISS:       7587 MSHR_MERGE:          0
cpu13->LLC PREFETCH     ACCESS:          9 HIT:          0 MISS:          9 MSHR_MERGE:          0
cpu13->LLC WRITE        ACCESS:          0 HIT:          0 MISS:          0 MSHR_MERGE:          0
cpu13->LLC TRANSLATION  ACCESS:     136570 HIT:      59037 MISS:      77533 MSHR_MERGE:          0
cpu13->LLC PREFETCH REQUESTED:          0 ISSUED:          0 USEFUL:          0 USELESS:          0
cpu13->LLC AVERAGE MISS LATENCY: 2481 cycles
cpu14->LLC TOTAL        ACCESS:   24373871 HIT:   24287823 MISS:      86048 MSHR_MERGE:          0
cpu14->LLC LOAD         ACCESS:   21669268 HIT:   21668116 MISS:       1152 MSHR_MERGE:          0
cpu14->LLC RFO          ACCESS:    2568309 HIT:    2560723 MISS:       7586 MSHR_MERGE:          0
cpu14->LLC PREFETCH     ACCESS:          9 HIT:          0 MISS:          9 MSHR_MERGE:          0
cpu14->LLC WRITE        ACCESS:          0 HIT:          0 MISS:          0 MSHR_MERGE:          0
cpu14->LLC TRANSLATION  ACCESS:     136285 HIT:      58984 MISS:      77301 MSHR_MERGE:          0
cpu14->LLC PREFETCH REQUESTED:          0 ISSUED:          0 USEFUL:          0 USELESS:          0
cpu14->LLC AVERAGE MISS LATENCY: 2484 cycles
cpu15->LLC TOTAL        ACCESS:   24432695 HIT:   24346508 MISS:      86187 MSHR_MERGE:          0
cpu15->LLC LOAD         ACCESS:   21718372 HIT:   21717343 MISS:       1029 MSHR_MERGE:          0
cpu15->LLC RFO          ACCESS:    2577706 HIT:    2570115 MISS:       7591 MSHR_MERGE:          0
cpu15->LLC PREFETCH     ACCESS:          9 HIT:          0 MISS:          9 MSHR_MERGE:          0
cpu15->LLC WRITE        ACCESS:          0 HIT:          0 MISS:          0 MSHR_MERGE:          0
cpu15->LLC TRANSLATION  ACCESS:     136608 HIT:      59050 MISS:      77558 MSHR_MERGE:          0
cpu15->LLC PREFETCH REQUESTED:          0 ISSUED:          0 USEFUL:          0 USELESS:          0
cpu15->LLC AVERAGE MISS LATENCY: 2480 cycles

DRAM Statistics

Channel 0 RQ ROW_BUFFER_HIT:       2422
  ROW_BUFFER_MISS:     341443
  AVG DBUS CONGESTED CYCLE: 2.588
Channel 0 WQ ROW_BUFFER_HIT:          0
  ROW_BUFFER_MISS:          0
  FULL:          0
Channel 0 REFRESHES ISSUED:       5599

Channel 1 RQ ROW_BUFFER_HIT:       2292
  ROW_BUFFER_MISS:     342036
  AVG DBUS CONGESTED CYCLE: 2.594
Channel 1 WQ ROW_BUFFER_HIT:          0
  ROW_BUFFER_MISS:          0
  FULL:          0
Channel 1 REFRESHES ISSUED:       5599

Channel 2 RQ ROW_BUFFER_HIT:       2528
  ROW_BUFFER_MISS:     342195
  AVG DBUS CONGESTED CYCLE: 2.589
Channel 2 WQ ROW_BUFFER_HIT:          0
  ROW_BUFFER_MISS:          0
  FULL:          0
Channel 2 REFRESHES ISSUED:       5599

Channel 3 RQ ROW_BUFFER_HIT:       2634
  ROW_BUFFER_MISS:     343111
  AVG DBUS CONGESTED CYCLE: 2.59
Channel 3 WQ ROW_BUFFER_HIT:          0
  ROW_BUFFER_MISS:          0
  FULL:          0
Channel 3 REFRESHES ISSUED:       5599
