[VMEM] WARNING: physical memory size is smaller than virtual memory size.

*** ChampSim Multicore Out-of-Order Simulator ***
Warmup Instructions: 50000000
Simulation Instructions: 200000000
Number of CPUs: 32
Page size: 4096

Off-chip DRAM Size: 32 GiB Channels: 2 Width: 64-bit Data Rate: 5208 MT/s
Heartbeat CPU 9 instructions: 10000004 cycles: 2112485 heartbeat IPC: 4.734 cumulative IPC: 4.734 (Simulation time: 00 hr 35 min 14 sec)
Heartbeat CPU 19 instructions: 10000004 cycles: 2112711 heartbeat IPC: 4.733 cumulative IPC: 4.733 (Simulation time: 00 hr 35 min 15 sec)
Heartbeat CPU 14 instructions: 10000004 cycles: 2112712 heartbeat IPC: 4.733 cumulative IPC: 4.733 (Simulation time: 00 hr 35 min 15 sec)
Heartbeat CPU 1 instructions: 10000004 cycles: 2112712 heartbeat IPC: 4.733 cumulative IPC: 4.733 (Simulation time: 00 hr 35 min 15 sec)
Heartbeat CPU 23 instructions: 10000004 cycles: 2112723 heartbeat IPC: 4.733 cumulative IPC: 4.733 (Simulation time: 00 hr 35 min 15 sec)
Heartbeat CPU 16 instructions: 10000004 cycles: 2112729 heartbeat IPC: 4.733 cumulative IPC: 4.733 (Simulation time: 00 hr 35 min 15 sec)
Heartbeat CPU 10 instructions: 10000004 cycles: 2112729 heartbeat IPC: 4.733 cumulative IPC: 4.733 (Simulation time: 00 hr 35 min 15 sec)
Heartbeat CPU 26 instructions: 10000004 cycles: 2112731 heartbeat IPC: 4.733 cumulative IPC: 4.733 (Simulation time: 00 hr 35 min 15 sec)
Heartbeat CPU 5 instructions: 10000004 cycles: 2112736 heartbeat IPC: 4.733 cumulative IPC: 4.733 (Simulation time: 00 hr 35 min 15 sec)
Heartbeat CPU 4 instructions: 10000004 cycles: 2112737 heartbeat IPC: 4.733 cumulative IPC: 4.733 (Simulation time: 00 hr 35 min 15 sec)
Heartbeat CPU 3 instructions: 10000004 cycles: 2112737 heartbeat IPC: 4.733 cumulative IPC: 4.733 (Simulation time: 00 hr 35 min 15 sec)
Heartbeat CPU 28 instructions: 10000004 cycles: 2112737 heartbeat IPC: 4.733 cumulative IPC: 4.733 (Simulation time: 00 hr 35 min 15 sec)
Heartbeat CPU 17 instructions: 10000004 cycles: 2112738 heartbeat IPC: 4.733 cumulative IPC: 4.733 (Simulation time: 00 hr 35 min 15 sec)
Heartbeat CPU 21 instructions: 10000004 cycles: 2112740 heartbeat IPC: 4.733 cumulative IPC: 4.733 (Simulation time: 00 hr 35 min 15 sec)
Heartbeat CPU 13 instructions: 10000004 cycles: 2112740 heartbeat IPC: 4.733 cumulative IPC: 4.733 (Simulation time: 00 hr 35 min 15 sec)
Heartbeat CPU 2 instructions: 10000004 cycles: 2112741 heartbeat IPC: 4.733 cumulative IPC: 4.733 (Simulation time: 00 hr 35 min 15 sec)
Heartbeat CPU 15 instructions: 10000004 cycles: 2112742 heartbeat IPC: 4.733 cumulative IPC: 4.733 (Simulation time: 00 hr 35 min 15 sec)
Heartbeat CPU 0 instructions: 10000004 cycles: 2112742 heartbeat IPC: 4.733 cumulative IPC: 4.733 (Simulation time: 00 hr 35 min 15 sec)
Heartbeat CPU 24 instructions: 10000004 cycles: 2112748 heartbeat IPC: 4.733 cumulative IPC: 4.733 (Simulation time: 00 hr 35 min 15 sec)
Heartbeat CPU 6 instructions: 10000004 cycles: 2112752 heartbeat IPC: 4.733 cumulative IPC: 4.733 (Simulation time: 00 hr 35 min 15 sec)
Heartbeat CPU 27 instructions: 10000004 cycles: 2112753 heartbeat IPC: 4.733 cumulative IPC: 4.733 (Simulation time: 00 hr 35 min 15 sec)
Heartbeat CPU 20 instructions: 10000004 cycles: 2112756 heartbeat IPC: 4.733 cumulative IPC: 4.733 (Simulation time: 00 hr 35 min 15 sec)
Heartbeat CPU 8 instructions: 10000004 cycles: 2112759 heartbeat IPC: 4.733 cumulative IPC: 4.733 (Simulation time: 00 hr 35 min 15 sec)
Heartbeat CPU 12 instructions: 10000004 cycles: 2112759 heartbeat IPC: 4.733 cumulative IPC: 4.733 (Simulation time: 00 hr 35 min 15 sec)
Heartbeat CPU 11 instructions: 10000004 cycles: 2112765 heartbeat IPC: 4.733 cumulative IPC: 4.733 (Simulation time: 00 hr 35 min 15 sec)
Heartbeat CPU 30 instructions: 10000004 cycles: 2112767 heartbeat IPC: 4.733 cumulative IPC: 4.733 (Simulation time: 00 hr 35 min 15 sec)
Heartbeat CPU 18 instructions: 10000004 cycles: 2112784 heartbeat IPC: 4.733 cumulative IPC: 4.733 (Simulation time: 00 hr 35 min 15 sec)
Heartbeat CPU 22 instructions: 10000004 cycles: 2112908 heartbeat IPC: 4.733 cumulative IPC: 4.733 (Simulation time: 00 hr 35 min 15 sec)
Heartbeat CPU 7 instructions: 10000004 cycles: 2112921 heartbeat IPC: 4.733 cumulative IPC: 4.733 (Simulation time: 00 hr 35 min 15 sec)
Heartbeat CPU 31 instructions: 10000004 cycles: 2112949 heartbeat IPC: 4.733 cumulative IPC: 4.733 (Simulation time: 00 hr 35 min 15 sec)
Heartbeat CPU 29 instructions: 10000004 cycles: 2112964 heartbeat IPC: 4.733 cumulative IPC: 4.733 (Simulation time: 00 hr 35 min 15 sec)
Heartbeat CPU 25 instructions: 10000004 cycles: 2113151 heartbeat IPC: 4.732 cumulative IPC: 4.732 (Simulation time: 00 hr 35 min 15 sec)
Heartbeat CPU 9 instructions: 20000006 cycles: 4176579 heartbeat IPC: 4.845 cumulative IPC: 4.789 (Simulation time: 01 hr 12 min 49 sec)
Heartbeat CPU 14 instructions: 20000006 cycles: 4177085 heartbeat IPC: 4.844 cumulative IPC: 4.788 (Simulation time: 01 hr 12 min 50 sec)
Heartbeat CPU 1 instructions: 20000006 cycles: 4177085 heartbeat IPC: 4.844 cumulative IPC: 4.788 (Simulation time: 01 hr 12 min 50 sec)
Heartbeat CPU 19 instructions: 20000006 cycles: 4177089 heartbeat IPC: 4.844 cumulative IPC: 4.788 (Simulation time: 01 hr 12 min 50 sec)
Heartbeat CPU 16 instructions: 20000006 cycles: 4177091 heartbeat IPC: 4.844 cumulative IPC: 4.788 (Simulation time: 01 hr 12 min 50 sec)
Heartbeat CPU 0 instructions: 20000006 cycles: 4177107 heartbeat IPC: 4.844 cumulative IPC: 4.788 (Simulation time: 01 hr 12 min 50 sec)
Heartbeat CPU 15 instructions: 20000006 cycles: 4177115 heartbeat IPC: 4.844 cumulative IPC: 4.788 (Simulation time: 01 hr 12 min 50 sec)
Heartbeat CPU 13 instructions: 20000006 cycles: 4177115 heartbeat IPC: 4.844 cumulative IPC: 4.788 (Simulation time: 01 hr 12 min 50 sec)
Heartbeat CPU 10 instructions: 20000006 cycles: 4177115 heartbeat IPC: 4.844 cumulative IPC: 4.788 (Simulation time: 01 hr 12 min 50 sec)
Heartbeat CPU 5 instructions: 20000006 cycles: 4177117 heartbeat IPC: 4.844 cumulative IPC: 4.788 (Simulation time: 01 hr 12 min 50 sec)
Heartbeat CPU 4 instructions: 20000006 cycles: 4177117 heartbeat IPC: 4.844 cumulative IPC: 4.788 (Simulation time: 01 hr 12 min 50 sec)
Heartbeat CPU 3 instructions: 20000006 cycles: 4177117 heartbeat IPC: 4.844 cumulative IPC: 4.788 (Simulation time: 01 hr 12 min 50 sec)
Heartbeat CPU 17 instructions: 20000006 cycles: 4177118 heartbeat IPC: 4.844 cumulative IPC: 4.788 (Simulation time: 01 hr 12 min 50 sec)
Heartbeat CPU 28 instructions: 20000006 cycles: 4177126 heartbeat IPC: 4.844 cumulative IPC: 4.788 (Simulation time: 01 hr 12 min 50 sec)
Heartbeat CPU 27 instructions: 20000006 cycles: 4177126 heartbeat IPC: 4.844 cumulative IPC: 4.788 (Simulation time: 01 hr 12 min 50 sec)
Heartbeat CPU 23 instructions: 20000006 cycles: 4177126 heartbeat IPC: 4.844 cumulative IPC: 4.788 (Simulation time: 01 hr 12 min 50 sec)
Heartbeat CPU 6 instructions: 20000006 cycles: 4177127 heartbeat IPC: 4.844 cumulative IPC: 4.788 (Simulation time: 01 hr 12 min 50 sec)
Heartbeat CPU 30 instructions: 20000006 cycles: 4177134 heartbeat IPC: 4.844 cumulative IPC: 4.788 (Simulation time: 01 hr 12 min 50 sec)
Heartbeat CPU 26 instructions: 20000006 cycles: 4177134 heartbeat IPC: 4.844 cumulative IPC: 4.788 (Simulation time: 01 hr 12 min 50 sec)
Heartbeat CPU 24 instructions: 20000006 cycles: 4177134 heartbeat IPC: 4.844 cumulative IPC: 4.788 (Simulation time: 01 hr 12 min 50 sec)
Heartbeat CPU 20 instructions: 20000006 cycles: 4177140 heartbeat IPC: 4.844 cumulative IPC: 4.788 (Simulation time: 01 hr 12 min 50 sec)
Heartbeat CPU 21 instructions: 20000006 cycles: 4177142 heartbeat IPC: 4.844 cumulative IPC: 4.788 (Simulation time: 01 hr 12 min 50 sec)
Heartbeat CPU 2 instructions: 20000006 cycles: 4177143 heartbeat IPC: 4.844 cumulative IPC: 4.788 (Simulation time: 01 hr 12 min 50 sec)
Heartbeat CPU 12 instructions: 20000006 cycles: 4177145 heartbeat IPC: 4.844 cumulative IPC: 4.788 (Simulation time: 01 hr 12 min 50 sec)
Heartbeat CPU 18 instructions: 20000006 cycles: 4177157 heartbeat IPC: 4.844 cumulative IPC: 4.788 (Simulation time: 01 hr 12 min 50 sec)
Heartbeat CPU 8 instructions: 20000006 cycles: 4177161 heartbeat IPC: 4.844 cumulative IPC: 4.788 (Simulation time: 01 hr 12 min 50 sec)
Heartbeat CPU 11 instructions: 20000006 cycles: 4177171 heartbeat IPC: 4.844 cumulative IPC: 4.788 (Simulation time: 01 hr 12 min 50 sec)
Heartbeat CPU 22 instructions: 20000006 cycles: 4177282 heartbeat IPC: 4.844 cumulative IPC: 4.788 (Simulation time: 01 hr 12 min 50 sec)
Heartbeat CPU 31 instructions: 20000006 cycles: 4177314 heartbeat IPC: 4.844 cumulative IPC: 4.788 (Simulation time: 01 hr 12 min 50 sec)
Heartbeat CPU 7 instructions: 20000006 cycles: 4177326 heartbeat IPC: 4.844 cumulative IPC: 4.788 (Simulation time: 01 hr 12 min 50 sec)
Heartbeat CPU 29 instructions: 20000006 cycles: 4177367 heartbeat IPC: 4.844 cumulative IPC: 4.788 (Simulation time: 01 hr 12 min 50 sec)
Heartbeat CPU 25 instructions: 20000006 cycles: 4177540 heartbeat IPC: 4.844 cumulative IPC: 4.788 (Simulation time: 01 hr 12 min 50 sec)
Heartbeat CPU 9 instructions: 30000010 cycles: 6241807 heartbeat IPC: 4.842 cumulative IPC: 4.806 (Simulation time: 01 hr 50 min 55 sec)
Heartbeat CPU 19 instructions: 30000009 cycles: 6242583 heartbeat IPC: 4.841 cumulative IPC: 4.806 (Simulation time: 01 hr 50 min 56 sec)
Heartbeat CPU 14 instructions: 30000009 cycles: 6242593 heartbeat IPC: 4.841 cumulative IPC: 4.806 (Simulation time: 01 hr 50 min 56 sec)
Heartbeat CPU 1 instructions: 30000009 cycles: 6242593 heartbeat IPC: 4.841 cumulative IPC: 4.806 (Simulation time: 01 hr 50 min 56 sec)
Heartbeat CPU 16 instructions: 30000009 cycles: 6242601 heartbeat IPC: 4.841 cumulative IPC: 4.806 (Simulation time: 01 hr 50 min 56 sec)
Heartbeat CPU 0 instructions: 30000009 cycles: 6242601 heartbeat IPC: 4.841 cumulative IPC: 4.806 (Simulation time: 01 hr 50 min 56 sec)
Heartbeat CPU 5 instructions: 30000009 cycles: 6242611 heartbeat IPC: 4.841 cumulative IPC: 4.806 (Simulation time: 01 hr 50 min 56 sec)
Heartbeat CPU 17 instructions: 30000009 cycles: 6242613 heartbeat IPC: 4.841 cumulative IPC: 4.806 (Simulation time: 01 hr 50 min 56 sec)
Heartbeat CPU 4 instructions: 30000009 cycles: 6242620 heartbeat IPC: 4.841 cumulative IPC: 4.806 (Simulation time: 01 hr 50 min 56 sec)
Heartbeat CPU 3 instructions: 30000009 cycles: 6242620 heartbeat IPC: 4.841 cumulative IPC: 4.806 (Simulation time: 01 hr 50 min 56 sec)
Heartbeat CPU 13 instructions: 30000009 cycles: 6242622 heartbeat IPC: 4.841 cumulative IPC: 4.806 (Simulation time: 01 hr 50 min 56 sec)
Heartbeat CPU 27 instructions: 30000009 cycles: 6242625 heartbeat IPC: 4.841 cumulative IPC: 4.806 (Simulation time: 01 hr 50 min 56 sec)
Heartbeat CPU 15 instructions: 30000009 cycles: 6242631 heartbeat IPC: 4.841 cumulative IPC: 4.806 (Simulation time: 01 hr 50 min 56 sec)
Heartbeat CPU 10 instructions: 30000009 cycles: 6242631 heartbeat IPC: 4.841 cumulative IPC: 4.806 (Simulation time: 01 hr 50 min 56 sec)
Heartbeat CPU 6 instructions: 30000009 cycles: 6242641 heartbeat IPC: 4.841 cumulative IPC: 4.806 (Simulation time: 01 hr 50 min 56 sec)
Heartbeat CPU 18 instructions: 30000009 cycles: 6242643 heartbeat IPC: 4.841 cumulative IPC: 4.806 (Simulation time: 01 hr 50 min 56 sec)
Heartbeat CPU 28 instructions: 30000009 cycles: 6242644 heartbeat IPC: 4.841 cumulative IPC: 4.806 (Simulation time: 01 hr 50 min 56 sec)
Heartbeat CPU 23 instructions: 30000009 cycles: 6242644 heartbeat IPC: 4.841 cumulative IPC: 4.806 (Simulation time: 01 hr 50 min 56 sec)
Heartbeat CPU 30 instructions: 30000009 cycles: 6242652 heartbeat IPC: 4.841 cumulative IPC: 4.806 (Simulation time: 01 hr 50 min 56 sec)
Heartbeat CPU 26 instructions: 30000009 cycles: 6242652 heartbeat IPC: 4.841 cumulative IPC: 4.806 (Simulation time: 01 hr 50 min 56 sec)
Heartbeat CPU 24 instructions: 30000009 cycles: 6242652 heartbeat IPC: 4.841 cumulative IPC: 4.806 (Simulation time: 01 hr 50 min 56 sec)
Heartbeat CPU 20 instructions: 30000009 cycles: 6242652 heartbeat IPC: 4.841 cumulative IPC: 4.806 (Simulation time: 01 hr 50 min 56 sec)
Heartbeat CPU 12 instructions: 30000009 cycles: 6242652 heartbeat IPC: 4.841 cumulative IPC: 4.806 (Simulation time: 01 hr 50 min 56 sec)
Heartbeat CPU 21 instructions: 30000009 cycles: 6242661 heartbeat IPC: 4.841 cumulative IPC: 4.806 (Simulation time: 01 hr 50 min 56 sec)
Heartbeat CPU 2 instructions: 30000009 cycles: 6242662 heartbeat IPC: 4.841 cumulative IPC: 4.806 (Simulation time: 01 hr 50 min 56 sec)
Heartbeat CPU 8 instructions: 30000009 cycles: 6242682 heartbeat IPC: 4.841 cumulative IPC: 4.806 (Simulation time: 01 hr 50 min 56 sec)
Heartbeat CPU 11 instructions: 30000010 cycles: 6242691 heartbeat IPC: 4.841 cumulative IPC: 4.806 (Simulation time: 01 hr 50 min 56 sec)
Heartbeat CPU 22 instructions: 30000009 cycles: 6242789 heartbeat IPC: 4.841 cumulative IPC: 4.806 (Simulation time: 01 hr 50 min 56 sec)
Heartbeat CPU 31 instructions: 30000009 cycles: 6242808 heartbeat IPC: 4.841 cumulative IPC: 4.806 (Simulation time: 01 hr 50 min 56 sec)
Heartbeat CPU 7 instructions: 30000009 cycles: 6242842 heartbeat IPC: 4.841 cumulative IPC: 4.806 (Simulation time: 01 hr 50 min 56 sec)
Heartbeat CPU 29 instructions: 30000009 cycles: 6242898 heartbeat IPC: 4.841 cumulative IPC: 4.805 (Simulation time: 01 hr 50 min 56 sec)
Heartbeat CPU 25 instructions: 30000009 cycles: 6243026 heartbeat IPC: 4.841 cumulative IPC: 4.805 (Simulation time: 01 hr 50 min 56 sec)
Heartbeat CPU 9 instructions: 40000017 cycles: 8307757 heartbeat IPC: 4.84 cumulative IPC: 4.815 (Simulation time: 02 hr 28 min 49 sec)
Heartbeat CPU 14 instructions: 40000009 cycles: 8308792 heartbeat IPC: 4.84 cumulative IPC: 4.814 (Simulation time: 02 hr 28 min 50 sec)
Heartbeat CPU 1 instructions: 40000009 cycles: 8308792 heartbeat IPC: 4.84 cumulative IPC: 4.814 (Simulation time: 02 hr 28 min 50 sec)
Heartbeat CPU 19 instructions: 40000009 cycles: 8308799 heartbeat IPC: 4.84 cumulative IPC: 4.814 (Simulation time: 02 hr 28 min 50 sec)
Heartbeat CPU 16 instructions: 40000009 cycles: 8308809 heartbeat IPC: 4.84 cumulative IPC: 4.814 (Simulation time: 02 hr 28 min 50 sec)
Heartbeat CPU 5 instructions: 40000009 cycles: 8308827 heartbeat IPC: 4.84 cumulative IPC: 4.814 (Simulation time: 02 hr 28 min 50 sec)
Heartbeat CPU 17 instructions: 40000009 cycles: 8308829 heartbeat IPC: 4.84 cumulative IPC: 4.814 (Simulation time: 02 hr 28 min 50 sec)
Heartbeat CPU 4 instructions: 40000009 cycles: 8308836 heartbeat IPC: 4.84 cumulative IPC: 4.814 (Simulation time: 02 hr 28 min 50 sec)
Heartbeat CPU 3 instructions: 40000009 cycles: 8308836 heartbeat IPC: 4.84 cumulative IPC: 4.814 (Simulation time: 02 hr 28 min 50 sec)
Heartbeat CPU 0 instructions: 40000009 cycles: 8308839 heartbeat IPC: 4.84 cumulative IPC: 4.814 (Simulation time: 02 hr 28 min 50 sec)
Heartbeat CPU 27 instructions: 40000009 cycles: 8308841 heartbeat IPC: 4.84 cumulative IPC: 4.814 (Simulation time: 02 hr 28 min 50 sec)
Heartbeat CPU 15 instructions: 40000009 cycles: 8308847 heartbeat IPC: 4.84 cumulative IPC: 4.814 (Simulation time: 02 hr 28 min 50 sec)
Heartbeat CPU 13 instructions: 40000009 cycles: 8308847 heartbeat IPC: 4.84 cumulative IPC: 4.814 (Simulation time: 02 hr 28 min 50 sec)
Heartbeat CPU 10 instructions: 40000009 cycles: 8308849 heartbeat IPC: 4.84 cumulative IPC: 4.814 (Simulation time: 02 hr 28 min 50 sec)
Heartbeat CPU 6 instructions: 40000009 cycles: 8308865 heartbeat IPC: 4.84 cumulative IPC: 4.814 (Simulation time: 02 hr 28 min 50 sec)
Heartbeat CPU 28 instructions: 40000009 cycles: 8308866 heartbeat IPC: 4.84 cumulative IPC: 4.814 (Simulation time: 02 hr 28 min 50 sec)
Heartbeat CPU 18 instructions: 40000009 cycles: 8308867 heartbeat IPC: 4.84 cumulative IPC: 4.814 (Simulation time: 02 hr 28 min 50 sec)
Heartbeat CPU 20 instructions: 40000009 cycles: 8308868 heartbeat IPC: 4.84 cumulative IPC: 4.814 (Simulation time: 02 hr 28 min 50 sec)
Heartbeat CPU 12 instructions: 40000009 cycles: 8308871 heartbeat IPC: 4.84 cumulative IPC: 4.814 (Simulation time: 02 hr 28 min 50 sec)
Heartbeat CPU 23 instructions: 40000009 cycles: 8308891 heartbeat IPC: 4.84 cumulative IPC: 4.814 (Simulation time: 02 hr 28 min 50 sec)
Heartbeat CPU 30 instructions: 40000009 cycles: 8308898 heartbeat IPC: 4.84 cumulative IPC: 4.814 (Simulation time: 02 hr 28 min 50 sec)
Heartbeat CPU 26 instructions: 40000009 cycles: 8308898 heartbeat IPC: 4.84 cumulative IPC: 4.814 (Simulation time: 02 hr 28 min 50 sec)
Heartbeat CPU 24 instructions: 40000009 cycles: 8308898 heartbeat IPC: 4.84 cumulative IPC: 4.814 (Simulation time: 02 hr 28 min 50 sec)
Heartbeat CPU 21 instructions: 40000009 cycles: 8308907 heartbeat IPC: 4.84 cumulative IPC: 4.814 (Simulation time: 02 hr 28 min 50 sec)
Heartbeat CPU 2 instructions: 40000009 cycles: 8308911 heartbeat IPC: 4.84 cumulative IPC: 4.814 (Simulation time: 02 hr 28 min 50 sec)
Heartbeat CPU 8 instructions: 40000009 cycles: 8308928 heartbeat IPC: 4.84 cumulative IPC: 4.814 (Simulation time: 02 hr 28 min 50 sec)
Heartbeat CPU 11 instructions: 40000017 cycles: 8308938 heartbeat IPC: 4.84 cumulative IPC: 4.814 (Simulation time: 02 hr 28 min 50 sec)
Heartbeat CPU 22 instructions: 40000009 cycles: 8309005 heartbeat IPC: 4.84 cumulative IPC: 4.814 (Simulation time: 02 hr 28 min 50 sec)
Heartbeat CPU 31 instructions: 40000009 cycles: 8309024 heartbeat IPC: 4.84 cumulative IPC: 4.814 (Simulation time: 02 hr 28 min 50 sec)
Heartbeat CPU 7 instructions: 40000009 cycles: 8309088 heartbeat IPC: 4.84 cumulative IPC: 4.814 (Simulation time: 02 hr 28 min 50 sec)
Heartbeat CPU 29 instructions: 40000009 cycles: 8309143 heartbeat IPC: 4.84 cumulative IPC: 4.814 (Simulation time: 02 hr 28 min 50 sec)
Heartbeat CPU 25 instructions: 40000009 cycles: 8309242 heartbeat IPC: 4.84 cumulative IPC: 4.814 (Simulation time: 02 hr 28 min 50 sec)
[LLC] SPM stats: hits=76759215 first_accesses=2269184 dram_direct=0 loaded_lines=2269184
Warmup finished CPU 9 instructions: 50000002 cycles: 10371139 cumulative IPC: 4.821 (Simulation time: 03 hr 05 min 34 sec)
Heartbeat CPU 9 instructions: 50000022 cycles: 10371143 heartbeat IPC: 4.846 cumulative IPC: 4.821 (Simulation time: 03 hr 05 min 34 sec)
[LLC] SPM stats: hits=76769477 first_accesses=2269184 dram_direct=0 loaded_lines=2269184
Warmup finished CPU 14 instructions: 50000002 cycles: 10372459 cumulative IPC: 4.82 (Simulation time: 03 hr 05 min 36 sec)
[LLC] SPM stats: hits=76769477 first_accesses=2269184 dram_direct=0 loaded_lines=2269184
Warmup finished CPU 1 instructions: 50000002 cycles: 10372459 cumulative IPC: 4.82 (Simulation time: 03 hr 05 min 36 sec)
Heartbeat CPU 14 instructions: 50000014 cycles: 10372461 heartbeat IPC: 4.846 cumulative IPC: 4.82 (Simulation time: 03 hr 05 min 36 sec)
Heartbeat CPU 1 instructions: 50000014 cycles: 10372461 heartbeat IPC: 4.846 cumulative IPC: 4.82 (Simulation time: 03 hr 05 min 36 sec)
[LLC] SPM stats: hits=76769548 first_accesses=2269184 dram_direct=0 loaded_lines=2269184
Warmup finished CPU 16 instructions: 50000002 cycles: 10372467 cumulative IPC: 4.82 (Simulation time: 03 hr 05 min 36 sec)
Heartbeat CPU 16 instructions: 50000014 cycles: 10372469 heartbeat IPC: 4.846 cumulative IPC: 4.82 (Simulation time: 03 hr 05 min 36 sec)
[LLC] SPM stats: hits=76769651 first_accesses=2269184 dram_direct=0 loaded_lines=2269184
Warmup finished CPU 19 instructions: 50000002 cycles: 10372479 cumulative IPC: 4.82 (Simulation time: 03 hr 05 min 36 sec)
Heartbeat CPU 19 instructions: 50000014 cycles: 10372481 heartbeat IPC: 4.846 cumulative IPC: 4.82 (Simulation time: 03 hr 05 min 36 sec)
[LLC] SPM stats: hits=76769678 first_accesses=2269184 dram_direct=0 loaded_lines=2269184
Warmup finished CPU 5 instructions: 50000002 cycles: 10372482 cumulative IPC: 4.82 (Simulation time: 03 hr 05 min 36 sec)
Heartbeat CPU 5 instructions: 50000014 cycles: 10372484 heartbeat IPC: 4.846 cumulative IPC: 4.82 (Simulation time: 03 hr 05 min 36 sec)
[LLC] SPM stats: hits=76769687 first_accesses=2269184 dram_direct=0 loaded_lines=2269184
Warmup finished CPU 17 instructions: 50000002 cycles: 10372484 cumulative IPC: 4.82 (Simulation time: 03 hr 05 min 36 sec)
Heartbeat CPU 17 instructions: 50000014 cycles: 10372486 heartbeat IPC: 4.846 cumulative IPC: 4.82 (Simulation time: 03 hr 05 min 36 sec)
[LLC] SPM stats: hits=76769729 first_accesses=2269184 dram_direct=0 loaded_lines=2269184
Warmup finished CPU 0 instructions: 50000002 cycles: 10372489 cumulative IPC: 4.82 (Simulation time: 03 hr 05 min 36 sec)
Heartbeat CPU 0 instructions: 50000014 cycles: 10372491 heartbeat IPC: 4.846 cumulative IPC: 4.82 (Simulation time: 03 hr 05 min 36 sec)
[LLC] SPM stats: hits=76769791 first_accesses=2269184 dram_direct=0 loaded_lines=2269184
Warmup finished CPU 15 instructions: 50000002 cycles: 10372497 cumulative IPC: 4.82 (Simulation time: 03 hr 05 min 36 sec)
[LLC] SPM stats: hits=76769791 first_accesses=2269184 dram_direct=0 loaded_lines=2269184
Warmup finished CPU 13 instructions: 50000002 cycles: 10372497 cumulative IPC: 4.82 (Simulation time: 03 hr 05 min 36 sec)
Heartbeat CPU 15 instructions: 50000014 cycles: 10372499 heartbeat IPC: 4.846 cumulative IPC: 4.82 (Simulation time: 03 hr 05 min 36 sec)
Heartbeat CPU 13 instructions: 50000014 cycles: 10372499 heartbeat IPC: 4.846 cumulative IPC: 4.82 (Simulation time: 03 hr 05 min 36 sec)
[LLC] SPM stats: hits=76769835 first_accesses=2269184 dram_direct=0 loaded_lines=2269184
Warmup finished CPU 3 instructions: 50000002 cycles: 10372503 cumulative IPC: 4.82 (Simulation time: 03 hr 05 min 36 sec)
Heartbeat CPU 3 instructions: 50000014 cycles: 10372505 heartbeat IPC: 4.846 cumulative IPC: 4.82 (Simulation time: 03 hr 05 min 36 sec)
[LLC] SPM stats: hits=76769869 first_accesses=2269184 dram_direct=0 loaded_lines=2269184
Warmup finished CPU 4 instructions: 50000002 cycles: 10372508 cumulative IPC: 4.82 (Simulation time: 03 hr 05 min 36 sec)
[LLC] SPM stats: hits=76769869 first_accesses=2269184 dram_direct=0 loaded_lines=2269184
Warmup finished CPU 27 instructions: 50000002 cycles: 10372508 cumulative IPC: 4.82 (Simulation time: 03 hr 05 min 36 sec)
Heartbeat CPU 4 instructions: 50000014 cycles: 10372510 heartbeat IPC: 4.846 cumulative IPC: 4.82 (Simulation time: 03 hr 05 min 36 sec)
Heartbeat CPU 27 instructions: 50000014 cycles: 10372510 heartbeat IPC: 4.846 cumulative IPC: 4.82 (Simulation time: 03 hr 05 min 36 sec)
[LLC] SPM stats: hits=76769889 first_accesses=2269184 dram_direct=0 loaded_lines=2269184
Warmup finished CPU 18 instructions: 50000002 cycles: 10372510 cumulative IPC: 4.82 (Simulation time: 03 hr 05 min 36 sec)
Heartbeat CPU 18 instructions: 50000014 cycles: 10372512 heartbeat IPC: 4.846 cumulative IPC: 4.82 (Simulation time: 03 hr 05 min 36 sec)
[LLC] SPM stats: hits=76769904 first_accesses=2269184 dram_direct=0 loaded_lines=2269184
Warmup finished CPU 6 instructions: 50000002 cycles: 10372512 cumulative IPC: 4.82 (Simulation time: 03 hr 05 min 36 sec)
Heartbeat CPU 6 instructions: 50000014 cycles: 10372514 heartbeat IPC: 4.846 cumulative IPC: 4.82 (Simulation time: 03 hr 05 min 36 sec)
[LLC] SPM stats: hits=76770012 first_accesses=2269184 dram_direct=0 loaded_lines=2269184
Warmup finished CPU 20 instructions: 50000002 cycles: 10372527 cumulative IPC: 4.82 (Simulation time: 03 hr 05 min 36 sec)
[LLC] SPM stats: hits=76770012 first_accesses=2269184 dram_direct=0 loaded_lines=2269184
Warmup finished CPU 10 instructions: 50000002 cycles: 10372527 cumulative IPC: 4.82 (Simulation time: 03 hr 05 min 36 sec)
Heartbeat CPU 20 instructions: 50000014 cycles: 10372529 heartbeat IPC: 4.846 cumulative IPC: 4.82 (Simulation time: 03 hr 05 min 36 sec)
Heartbeat CPU 10 instructions: 50000014 cycles: 10372529 heartbeat IPC: 4.846 cumulative IPC: 4.82 (Simulation time: 03 hr 05 min 36 sec)
[LLC] SPM stats: hits=76770058 first_accesses=2269184 dram_direct=0 loaded_lines=2269184
Warmup finished CPU 12 instructions: 50000002 cycles: 10372533 cumulative IPC: 4.82 (Simulation time: 03 hr 05 min 36 sec)
Heartbeat CPU 12 instructions: 50000014 cycles: 10372535 heartbeat IPC: 4.846 cumulative IPC: 4.82 (Simulation time: 03 hr 05 min 36 sec)
[LLC] SPM stats: hits=76770089 first_accesses=2269184 dram_direct=0 loaded_lines=2269184
Warmup finished CPU 28 instructions: 50000002 cycles: 10372538 cumulative IPC: 4.82 (Simulation time: 03 hr 05 min 36 sec)
Heartbeat CPU 28 instructions: 50000014 cycles: 10372540 heartbeat IPC: 4.846 cumulative IPC: 4.82 (Simulation time: 03 hr 05 min 36 sec)
[LLC] SPM stats: hits=76770268 first_accesses=2269184 dram_direct=0 loaded_lines=2269184
Warmup finished CPU 23 instructions: 50000002 cycles: 10372566 cumulative IPC: 4.82 (Simulation time: 03 hr 05 min 36 sec)
Heartbeat CPU 23 instructions: 50000014 cycles: 10372568 heartbeat IPC: 4.846 cumulative IPC: 4.82 (Simulation time: 03 hr 05 min 36 sec)
[LLC] SPM stats: hits=76770333 first_accesses=2269184 dram_direct=0 loaded_lines=2269184
Warmup finished CPU 26 instructions: 50000002 cycles: 10372576 cumulative IPC: 4.82 (Simulation time: 03 hr 05 min 36 sec)
[LLC] SPM stats: hits=76770333 first_accesses=2269184 dram_direct=0 loaded_lines=2269184
Warmup finished CPU 24 instructions: 50000002 cycles: 10372576 cumulative IPC: 4.82 (Simulation time: 03 hr 05 min 36 sec)
Heartbeat CPU 26 instructions: 50000014 cycles: 10372578 heartbeat IPC: 4.846 cumulative IPC: 4.82 (Simulation time: 03 hr 05 min 36 sec)
Heartbeat CPU 24 instructions: 50000014 cycles: 10372578 heartbeat IPC: 4.846 cumulative IPC: 4.82 (Simulation time: 03 hr 05 min 36 sec)
[LLC] SPM stats: hits=76770357 first_accesses=2269184 dram_direct=0 loaded_lines=2269184
Warmup finished CPU 30 instructions: 50000002 cycles: 10372579 cumulative IPC: 4.82 (Simulation time: 03 hr 05 min 36 sec)
Heartbeat CPU 30 instructions: 50000014 cycles: 10372581 heartbeat IPC: 4.846 cumulative IPC: 4.82 (Simulation time: 03 hr 05 min 36 sec)
[LLC] SPM stats: hits=76770410 first_accesses=2269184 dram_direct=0 loaded_lines=2269184
Warmup finished CPU 21 instructions: 50000002 cycles: 10372587 cumulative IPC: 4.82 (Simulation time: 03 hr 05 min 36 sec)
[LLC] SPM stats: hits=76770419 first_accesses=2269184 dram_direct=0 loaded_lines=2269184
Warmup finished CPU 2 instructions: 50000002 cycles: 10372588 cumulative IPC: 4.82 (Simulation time: 03 hr 05 min 36 sec)
Heartbeat CPU 21 instructions: 50000014 cycles: 10372589 heartbeat IPC: 4.846 cumulative IPC: 4.82 (Simulation time: 03 hr 05 min 36 sec)
Heartbeat CPU 2 instructions: 50000014 cycles: 10372590 heartbeat IPC: 4.846 cumulative IPC: 4.82 (Simulation time: 03 hr 05 min 36 sec)
[LLC] SPM stats: hits=76770518 first_accesses=2269184 dram_direct=0 loaded_lines=2269184
Warmup finished CPU 8 instructions: 50000002 cycles: 10372601 cumulative IPC: 4.82 (Simulation time: 03 hr 05 min 36 sec)
Heartbeat CPU 8 instructions: 50000014 cycles: 10372603 heartbeat IPC: 4.846 cumulative IPC: 4.82 (Simulation time: 03 hr 05 min 36 sec)
[LLC] SPM stats: hits=76770608 first_accesses=2269184 dram_direct=0 loaded_lines=2269184
Warmup finished CPU 11 instructions: 50000003 cycles: 10372612 cumulative IPC: 4.82 (Simulation time: 03 hr 05 min 36 sec)
Heartbeat CPU 11 instructions: 50000022 cycles: 10372616 heartbeat IPC: 4.846 cumulative IPC: 4.82 (Simulation time: 03 hr 05 min 36 sec)
[LLC] SPM stats: hits=76771076 first_accesses=2269184 dram_direct=0 loaded_lines=2269184
Warmup finished CPU 31 instructions: 50000002 cycles: 10372674 cumulative IPC: 4.82 (Simulation time: 03 hr 05 min 36 sec)
Heartbeat CPU 31 instructions: 50000014 cycles: 10372676 heartbeat IPC: 4.846 cumulative IPC: 4.82 (Simulation time: 03 hr 05 min 36 sec)
[LLC] SPM stats: hits=76771102 first_accesses=2269184 dram_direct=0 loaded_lines=2269184
Warmup finished CPU 22 instructions: 50000002 cycles: 10372677 cumulative IPC: 4.82 (Simulation time: 03 hr 05 min 36 sec)
Heartbeat CPU 22 instructions: 50000014 cycles: 10372679 heartbeat IPC: 4.846 cumulative IPC: 4.82 (Simulation time: 03 hr 05 min 36 sec)
[LLC] SPM stats: hits=76771840 first_accesses=2269184 dram_direct=0 loaded_lines=2269184
Warmup finished CPU 7 instructions: 50000002 cycles: 10372763 cumulative IPC: 4.82 (Simulation time: 03 hr 05 min 36 sec)
Heartbeat CPU 7 instructions: 50000014 cycles: 10372765 heartbeat IPC: 4.846 cumulative IPC: 4.82 (Simulation time: 03 hr 05 min 36 sec)
[LLC] SPM stats: hits=76772408 first_accesses=2269184 dram_direct=0 loaded_lines=2269184
Warmup finished CPU 29 instructions: 50000002 cycles: 10372828 cumulative IPC: 4.82 (Simulation time: 03 hr 05 min 36 sec)
Heartbeat CPU 29 instructions: 50000014 cycles: 10372830 heartbeat IPC: 4.846 cumulative IPC: 4.82 (Simulation time: 03 hr 05 min 36 sec)
[LLC] SPM stats: hits=76772901 first_accesses=2269184 dram_direct=0 loaded_lines=2269184
Warmup finished CPU 25 instructions: 50000002 cycles: 10372897 cumulative IPC: 4.82 (Simulation time: 03 hr 05 min 36 sec)
Warmup complete CPU 9 instructions: 50008792 cycles: 10372897 cumulative IPC: 4.821 (Simulation time: 03 hr 05 min 36 sec)
Warmup complete CPU 8 instructions: 50001480 cycles: 10372897 cumulative IPC: 4.82 (Simulation time: 03 hr 05 min 36 sec)
Warmup complete CPU 7 instructions: 50000673 cycles: 10372897 cumulative IPC: 4.82 (Simulation time: 03 hr 05 min 36 sec)
Warmup complete CPU 6 instructions: 50001923 cycles: 10372897 cumulative IPC: 4.82 (Simulation time: 03 hr 05 min 36 sec)
Warmup complete CPU 5 instructions: 50002062 cycles: 10372897 cumulative IPC: 4.82 (Simulation time: 03 hr 05 min 36 sec)
Warmup complete CPU 4 instructions: 50001926 cycles: 10372897 cumulative IPC: 4.82 (Simulation time: 03 hr 05 min 36 sec)
Warmup complete CPU 31 instructions: 50001123 cycles: 10372897 cumulative IPC: 4.82 (Simulation time: 03 hr 05 min 36 sec)
Warmup complete CPU 30 instructions: 50001602 cycles: 10372897 cumulative IPC: 4.82 (Simulation time: 03 hr 05 min 36 sec)
Warmup complete CPU 3 instructions: 50001926 cycles: 10372897 cumulative IPC: 4.82 (Simulation time: 03 hr 05 min 36 sec)
Warmup complete CPU 29 instructions: 50000296 cycles: 10372897 cumulative IPC: 4.82 (Simulation time: 03 hr 05 min 36 sec)
Warmup complete CPU 28 instructions: 50001802 cycles: 10372897 cumulative IPC: 4.82 (Simulation time: 03 hr 05 min 36 sec)
Warmup complete CPU 27 instructions: 50001926 cycles: 10372897 cumulative IPC: 4.82 (Simulation time: 03 hr 05 min 36 sec)
Warmup complete CPU 26 instructions: 50001613 cycles: 10372897 cumulative IPC: 4.82 (Simulation time: 03 hr 05 min 36 sec)
Warmup complete CPU 25 instructions: 50000002 cycles: 10372897 cumulative IPC: 4.82 (Simulation time: 03 hr 05 min 36 sec)
Warmup complete CPU 24 instructions: 50001613 cycles: 10372897 cumulative IPC: 4.82 (Simulation time: 03 hr 05 min 36 sec)
Warmup complete CPU 23 instructions: 50001650 cycles: 10372897 cumulative IPC: 4.82 (Simulation time: 03 hr 05 min 36 sec)
Warmup complete CPU 22 instructions: 50001112 cycles: 10372897 cumulative IPC: 4.82 (Simulation time: 03 hr 05 min 36 sec)
Warmup complete CPU 21 instructions: 50001547 cycles: 10372897 cumulative IPC: 4.82 (Simulation time: 03 hr 05 min 36 sec)
Warmup complete CPU 20 instructions: 50001849 cycles: 10372897 cumulative IPC: 4.82 (Simulation time: 03 hr 05 min 36 sec)
Warmup complete CPU 2 instructions: 50001542 cycles: 10372897 cumulative IPC: 4.82 (Simulation time: 03 hr 05 min 36 sec)
Warmup complete CPU 19 instructions: 50002086 cycles: 10372897 cumulative IPC: 4.82 (Simulation time: 03 hr 05 min 36 sec)
Warmup complete CPU 18 instructions: 50001926 cycles: 10372897 cumulative IPC: 4.82 (Simulation time: 03 hr 05 min 36 sec)
Warmup complete CPU 17 instructions: 50002046 cycles: 10372897 cumulative IPC: 4.82 (Simulation time: 03 hr 05 min 36 sec)
Warmup complete CPU 16 instructions: 50002152 cycles: 10372897 cumulative IPC: 4.82 (Simulation time: 03 hr 05 min 36 sec)
Warmup complete CPU 15 instructions: 50001948 cycles: 10372897 cumulative IPC: 4.82 (Simulation time: 03 hr 05 min 36 sec)
Warmup complete CPU 14 instructions: 50002189 cycles: 10372897 cumulative IPC: 4.82 (Simulation time: 03 hr 05 min 36 sec)
Warmup complete CPU 13 instructions: 50001948 cycles: 10372897 cumulative IPC: 4.82 (Simulation time: 03 hr 05 min 36 sec)
Warmup complete CPU 12 instructions: 50001819 cycles: 10372897 cumulative IPC: 4.82 (Simulation time: 03 hr 05 min 36 sec)
Warmup complete CPU 11 instructions: 50001427 cycles: 10372897 cumulative IPC: 4.82 (Simulation time: 03 hr 05 min 36 sec)
Warmup complete CPU 10 instructions: 50001849 cycles: 10372897 cumulative IPC: 4.82 (Simulation time: 03 hr 05 min 36 sec)
Warmup complete CPU 1 instructions: 50002189 cycles: 10372897 cumulative IPC: 4.82 (Simulation time: 03 hr 05 min 36 sec)
Warmup complete CPU 0 instructions: 50002012 cycles: 10372897 cumulative IPC: 4.82 (Simulation time: 03 hr 05 min 36 sec)
Heartbeat CPU 25 instructions: 50000014 cycles: 10372899 heartbeat IPC: 4.846 cumulative IPC: 6 (Simulation time: 03 hr 05 min 36 sec)
Heartbeat CPU 5 instructions: 60000014 cycles: 14627691 heartbeat IPC: 2.35 cumulative IPC: 2.35 (Simulation time: 04 hr 38 min 39 sec)
Heartbeat CPU 3 instructions: 60000014 cycles: 14630056 heartbeat IPC: 2.349 cumulative IPC: 2.349 (Simulation time: 04 hr 38 min 42 sec)
Heartbeat CPU 18 instructions: 60000014 cycles: 14637003 heartbeat IPC: 2.345 cumulative IPC: 2.345 (Simulation time: 04 hr 38 min 52 sec)
Heartbeat CPU 27 instructions: 60000014 cycles: 14637808 heartbeat IPC: 2.345 cumulative IPC: 2.344 (Simulation time: 04 hr 38 min 53 sec)
Heartbeat CPU 31 instructions: 60000014 cycles: 14640132 heartbeat IPC: 2.343 cumulative IPC: 2.343 (Simulation time: 04 hr 38 min 56 sec)
Heartbeat CPU 28 instructions: 60000014 cycles: 14640689 heartbeat IPC: 2.343 cumulative IPC: 2.343 (Simulation time: 04 hr 38 min 57 sec)
Heartbeat CPU 21 instructions: 60000014 cycles: 14641845 heartbeat IPC: 2.342 cumulative IPC: 2.342 (Simulation time: 04 hr 38 min 59 sec)
Heartbeat CPU 25 instructions: 60000014 cycles: 14641857 heartbeat IPC: 2.342 cumulative IPC: 2.342 (Simulation time: 04 hr 38 min 59 sec)
Heartbeat CPU 8 instructions: 60000014 cycles: 14643367 heartbeat IPC: 2.342 cumulative IPC: 2.341 (Simulation time: 04 hr 39 min 01 sec)
Heartbeat CPU 7 instructions: 60000014 cycles: 14643696 heartbeat IPC: 2.341 cumulative IPC: 2.341 (Simulation time: 04 hr 39 min 01 sec)
Heartbeat CPU 26 instructions: 60000014 cycles: 14644306 heartbeat IPC: 2.341 cumulative IPC: 2.341 (Simulation time: 04 hr 39 min 02 sec)
Heartbeat CPU 22 instructions: 60000014 cycles: 14646989 heartbeat IPC: 2.34 cumulative IPC: 2.339 (Simulation time: 04 hr 39 min 06 sec)
Heartbeat CPU 30 instructions: 60000016 cycles: 14649034 heartbeat IPC: 2.338 cumulative IPC: 2.338 (Simulation time: 04 hr 39 min 08 sec)
Heartbeat CPU 2 instructions: 60000014 cycles: 14651075 heartbeat IPC: 2.337 cumulative IPC: 2.337 (Simulation time: 04 hr 39 min 11 sec)
Heartbeat CPU 24 instructions: 60000016 cycles: 14651289 heartbeat IPC: 2.337 cumulative IPC: 2.337 (Simulation time: 04 hr 39 min 11 sec)
Heartbeat CPU 4 instructions: 60000014 cycles: 14653076 heartbeat IPC: 2.336 cumulative IPC: 2.336 (Simulation time: 04 hr 39 min 14 sec)
Heartbeat CPU 29 instructions: 60000014 cycles: 14659714 heartbeat IPC: 2.333 cumulative IPC: 2.333 (Simulation time: 04 hr 39 min 23 sec)
Heartbeat CPU 13 instructions: 60000014 cycles: 14663916 heartbeat IPC: 2.33 cumulative IPC: 2.33 (Simulation time: 04 hr 39 min 29 sec)
Heartbeat CPU 0 instructions: 60000014 cycles: 14664680 heartbeat IPC: 2.33 cumulative IPC: 2.33 (Simulation time: 04 hr 39 min 30 sec)
Heartbeat CPU 11 instructions: 60000024 cycles: 14664907 heartbeat IPC: 2.33 cumulative IPC: 2.33 (Simulation time: 04 hr 39 min 30 sec)
Heartbeat CPU 1 instructions: 60000014 cycles: 14665372 heartbeat IPC: 2.329 cumulative IPC: 2.329 (Simulation time: 04 hr 39 min 31 sec)
Heartbeat CPU 14 instructions: 60000014 cycles: 14666250 heartbeat IPC: 2.329 cumulative IPC: 2.329 (Simulation time: 04 hr 39 min 32 sec)
Heartbeat CPU 15 instructions: 60000014 cycles: 14671559 heartbeat IPC: 2.326 cumulative IPC: 2.326 (Simulation time: 04 hr 39 min 39 sec)
Heartbeat CPU 23 instructions: 60000014 cycles: 14672016 heartbeat IPC: 2.326 cumulative IPC: 2.326 (Simulation time: 04 hr 39 min 40 sec)
Heartbeat CPU 20 instructions: 60000014 cycles: 14672109 heartbeat IPC: 2.326 cumulative IPC: 2.326 (Simulation time: 04 hr 39 min 40 sec)
Heartbeat CPU 16 instructions: 60000014 cycles: 14672542 heartbeat IPC: 2.326 cumulative IPC: 2.325 (Simulation time: 04 hr 39 min 41 sec)
Heartbeat CPU 10 instructions: 60000014 cycles: 14675119 heartbeat IPC: 2.324 cumulative IPC: 2.324 (Simulation time: 04 hr 39 min 44 sec)
Heartbeat CPU 12 instructions: 60000014 cycles: 14675485 heartbeat IPC: 2.324 cumulative IPC: 2.324 (Simulation time: 04 hr 39 min 45 sec)
Heartbeat CPU 17 instructions: 60000014 cycles: 14681401 heartbeat IPC: 2.321 cumulative IPC: 2.321 (Simulation time: 04 hr 39 min 53 sec)
Heartbeat CPU 19 instructions: 60000014 cycles: 14681691 heartbeat IPC: 2.321 cumulative IPC: 2.32 (Simulation time: 04 hr 39 min 53 sec)
Heartbeat CPU 9 instructions: 60000022 cycles: 14696553 heartbeat IPC: 2.312 cumulative IPC: 2.311 (Simulation time: 04 hr 40 min 14 sec)
Heartbeat CPU 6 instructions: 60000014 cycles: 14713185 heartbeat IPC: 2.304 cumulative IPC: 2.304 (Simulation time: 04 hr 40 min 36 sec)
Heartbeat CPU 5 instructions: 70000014 cycles: 18879688 heartbeat IPC: 2.352 cumulative IPC: 2.351 (Simulation time: 06 hr 16 min 13 sec)
Heartbeat CPU 3 instructions: 70000014 cycles: 18888779 heartbeat IPC: 2.348 cumulative IPC: 2.348 (Simulation time: 06 hr 16 min 26 sec)
Heartbeat CPU 27 instructions: 70000014 cycles: 18898119 heartbeat IPC: 2.347 cumulative IPC: 2.346 (Simulation time: 06 hr 16 min 38 sec)
Heartbeat CPU 18 instructions: 70000014 cycles: 18902765 heartbeat IPC: 2.344 cumulative IPC: 2.344 (Simulation time: 06 hr 16 min 45 sec)
Heartbeat CPU 25 instructions: 70000014 cycles: 18904673 heartbeat IPC: 2.346 cumulative IPC: 2.344 (Simulation time: 06 hr 16 min 47 sec)
Heartbeat CPU 31 instructions: 70000014 cycles: 18904745 heartbeat IPC: 2.345 cumulative IPC: 2.344 (Simulation time: 06 hr 16 min 48 sec)
Heartbeat CPU 7 instructions: 70000014 cycles: 18907286 heartbeat IPC: 2.345 cumulative IPC: 2.343 (Simulation time: 06 hr 16 min 51 sec)
Heartbeat CPU 28 instructions: 70000014 cycles: 18910054 heartbeat IPC: 2.342 cumulative IPC: 2.342 (Simulation time: 06 hr 16 min 55 sec)
Heartbeat CPU 21 instructions: 70000016 cycles: 18910452 heartbeat IPC: 2.343 cumulative IPC: 2.342 (Simulation time: 06 hr 16 min 55 sec)
Heartbeat CPU 8 instructions: 70000014 cycles: 18911834 heartbeat IPC: 2.343 cumulative IPC: 2.342 (Simulation time: 06 hr 16 min 57 sec)
Heartbeat CPU 26 instructions: 70000016 cycles: 18916907 heartbeat IPC: 2.34 cumulative IPC: 2.341 (Simulation time: 06 hr 17 min 04 sec)
Heartbeat CPU 22 instructions: 70000014 cycles: 18917909 heartbeat IPC: 2.341 cumulative IPC: 2.34 (Simulation time: 06 hr 17 min 06 sec)
Heartbeat CPU 30 instructions: 70000016 cycles: 18924149 heartbeat IPC: 2.339 cumulative IPC: 2.339 (Simulation time: 06 hr 17 min 14 sec)
Heartbeat CPU 24 instructions: 70000016 cycles: 18925798 heartbeat IPC: 2.339 cumulative IPC: 2.338 (Simulation time: 06 hr 17 min 16 sec)
Heartbeat CPU 2 instructions: 70000014 cycles: 18926540 heartbeat IPC: 2.339 cumulative IPC: 2.338 (Simulation time: 06 hr 17 min 18 sec)
Heartbeat CPU 4 instructions: 70000014 cycles: 18928470 heartbeat IPC: 2.339 cumulative IPC: 2.337 (Simulation time: 06 hr 17 min 20 sec)
Heartbeat CPU 13 instructions: 70000014 cycles: 18937972 heartbeat IPC: 2.34 cumulative IPC: 2.335 (Simulation time: 06 hr 17 min 33 sec)
Heartbeat CPU 29 instructions: 70000014 cycles: 18941614 heartbeat IPC: 2.335 cumulative IPC: 2.334 (Simulation time: 06 hr 17 min 38 sec)
Heartbeat CPU 1 instructions: 70000016 cycles: 18952259 heartbeat IPC: 2.333 cumulative IPC: 2.331 (Simulation time: 06 hr 17 min 53 sec)
Heartbeat CPU 0 instructions: 70000016 cycles: 18957423 heartbeat IPC: 2.33 cumulative IPC: 2.33 (Simulation time: 06 hr 18 min 00 sec)
Heartbeat CPU 11 instructions: 70000025 cycles: 18958531 heartbeat IPC: 2.329 cumulative IPC: 2.329 (Simulation time: 06 hr 18 min 01 sec)
Heartbeat CPU 14 instructions: 70000016 cycles: 18960173 heartbeat IPC: 2.329 cumulative IPC: 2.329 (Simulation time: 06 hr 18 min 04 sec)
Heartbeat CPU 20 instructions: 70000016 cycles: 18965521 heartbeat IPC: 2.329 cumulative IPC: 2.327 (Simulation time: 06 hr 18 min 11 sec)
Heartbeat CPU 23 instructions: 70000016 cycles: 18966604 heartbeat IPC: 2.329 cumulative IPC: 2.327 (Simulation time: 06 hr 18 min 13 sec)
Heartbeat CPU 15 instructions: 70000014 cycles: 18967478 heartbeat IPC: 2.328 cumulative IPC: 2.327 (Simulation time: 06 hr 18 min 14 sec)
Heartbeat CPU 12 instructions: 70000014 cycles: 18973976 heartbeat IPC: 2.326 cumulative IPC: 2.325 (Simulation time: 06 hr 18 min 23 sec)
Heartbeat CPU 10 instructions: 70000016 cycles: 18975592 heartbeat IPC: 2.325 cumulative IPC: 2.325 (Simulation time: 06 hr 18 min 25 sec)
Heartbeat CPU 17 instructions: 70000016 cycles: 18977423 heartbeat IPC: 2.328 cumulative IPC: 2.324 (Simulation time: 06 hr 18 min 28 sec)
Heartbeat CPU 16 instructions: 70000014 cycles: 18977824 heartbeat IPC: 2.323 cumulative IPC: 2.324 (Simulation time: 06 hr 18 min 28 sec)
Heartbeat CPU 19 instructions: 70000014 cycles: 18984170 heartbeat IPC: 2.324 cumulative IPC: 2.322 (Simulation time: 06 hr 18 min 37 sec)
Heartbeat CPU 9 instructions: 70000022 cycles: 19012118 heartbeat IPC: 2.317 cumulative IPC: 2.314 (Simulation time: 06 hr 19 min 16 sec)
Heartbeat CPU 6 instructions: 70000014 cycles: 19047409 heartbeat IPC: 2.307 cumulative IPC: 2.305 (Simulation time: 06 hr 20 min 05 sec)
Heartbeat CPU 5 instructions: 80000014 cycles: 23125353 heartbeat IPC: 2.355 cumulative IPC: 2.352 (Simulation time: 07 hr 53 min 49 sec)
Heartbeat CPU 3 instructions: 80000014 cycles: 23139996 heartbeat IPC: 2.352 cumulative IPC: 2.35 (Simulation time: 07 hr 54 min 09 sec)
Heartbeat CPU 27 instructions: 80000014 cycles: 23151509 heartbeat IPC: 2.351 cumulative IPC: 2.348 (Simulation time: 07 hr 54 min 25 sec)
Heartbeat CPU 18 instructions: 80000014 cycles: 23157656 heartbeat IPC: 2.35 cumulative IPC: 2.346 (Simulation time: 07 hr 54 min 33 sec)
Heartbeat CPU 31 instructions: 80000014 cycles: 23159176 heartbeat IPC: 2.35 cumulative IPC: 2.346 (Simulation time: 07 hr 54 min 35 sec)
Heartbeat CPU 25 instructions: 80000014 cycles: 23162949 heartbeat IPC: 2.348 cumulative IPC: 2.346 (Simulation time: 07 hr 54 min 40 sec)
Heartbeat CPU 7 instructions: 80000014 cycles: 23167932 heartbeat IPC: 2.347 cumulative IPC: 2.345 (Simulation time: 07 hr 54 min 47 sec)
Heartbeat CPU 28 instructions: 80000014 cycles: 23168868 heartbeat IPC: 2.348 cumulative IPC: 2.344 (Simulation time: 07 hr 54 min 48 sec)
Heartbeat CPU 21 instructions: 80000017 cycles: 23169817 heartbeat IPC: 2.348 cumulative IPC: 2.344 (Simulation time: 07 hr 54 min 50 sec)
Heartbeat CPU 8 instructions: 80000014 cycles: 23173258 heartbeat IPC: 2.347 cumulative IPC: 2.344 (Simulation time: 07 hr 54 min 54 sec)
Heartbeat CPU 22 instructions: 80000014 cycles: 23178072 heartbeat IPC: 2.347 cumulative IPC: 2.343 (Simulation time: 07 hr 55 min 01 sec)
Heartbeat CPU 26 instructions: 80000017 cycles: 23179145 heartbeat IPC: 2.346 cumulative IPC: 2.342 (Simulation time: 07 hr 55 min 02 sec)
Heartbeat CPU 30 instructions: 80000017 cycles: 23188888 heartbeat IPC: 2.345 cumulative IPC: 2.341 (Simulation time: 07 hr 55 min 15 sec)
Heartbeat CPU 24 instructions: 80000017 cycles: 23193591 heartbeat IPC: 2.343 cumulative IPC: 2.34 (Simulation time: 07 hr 55 min 22 sec)
Heartbeat CPU 4 instructions: 80000014 cycles: 23194608 heartbeat IPC: 2.344 cumulative IPC: 2.34 (Simulation time: 07 hr 55 min 23 sec)
Heartbeat CPU 2 instructions: 80000014 cycles: 23195773 heartbeat IPC: 2.342 cumulative IPC: 2.339 (Simulation time: 07 hr 55 min 25 sec)
Heartbeat CPU 13 instructions: 80000014 cycles: 23207235 heartbeat IPC: 2.342 cumulative IPC: 2.337 (Simulation time: 07 hr 55 min 40 sec)
Heartbeat CPU 29 instructions: 80000014 cycles: 23217973 heartbeat IPC: 2.338 cumulative IPC: 2.336 (Simulation time: 07 hr 55 min 54 sec)
Heartbeat CPU 1 instructions: 80000017 cycles: 23232583 heartbeat IPC: 2.336 cumulative IPC: 2.333 (Simulation time: 07 hr 56 min 14 sec)
Heartbeat CPU 0 instructions: 80000017 cycles: 23238617 heartbeat IPC: 2.336 cumulative IPC: 2.332 (Simulation time: 07 hr 56 min 22 sec)
Heartbeat CPU 11 instructions: 80000025 cycles: 23241669 heartbeat IPC: 2.335 cumulative IPC: 2.331 (Simulation time: 07 hr 56 min 26 sec)
Heartbeat CPU 20 instructions: 80000017 cycles: 23248035 heartbeat IPC: 2.335 cumulative IPC: 2.33 (Simulation time: 07 hr 56 min 35 sec)
Heartbeat CPU 14 instructions: 80000017 cycles: 23248633 heartbeat IPC: 2.332 cumulative IPC: 2.33 (Simulation time: 07 hr 56 min 36 sec)
Heartbeat CPU 23 instructions: 80000017 cycles: 23255869 heartbeat IPC: 2.331 cumulative IPC: 2.329 (Simulation time: 07 hr 56 min 45 sec)
Heartbeat CPU 15 instructions: 80000014 cycles: 23258819 heartbeat IPC: 2.33 cumulative IPC: 2.328 (Simulation time: 07 hr 56 min 49 sec)
Heartbeat CPU 17 instructions: 80000017 cycles: 23264443 heartbeat IPC: 2.333 cumulative IPC: 2.327 (Simulation time: 07 hr 56 min 57 sec)
Heartbeat CPU 12 instructions: 80000014 cycles: 23265994 heartbeat IPC: 2.33 cumulative IPC: 2.327 (Simulation time: 07 hr 56 min 59 sec)
Heartbeat CPU 16 instructions: 80000014 cycles: 23274143 heartbeat IPC: 2.328 cumulative IPC: 2.325 (Simulation time: 07 hr 57 min 10 sec)
Heartbeat CPU 10 instructions: 80000017 cycles: 23274311 heartbeat IPC: 2.326 cumulative IPC: 2.325 (Simulation time: 07 hr 57 min 10 sec)
Heartbeat CPU 19 instructions: 80000014 cycles: 23280741 heartbeat IPC: 2.327 cumulative IPC: 2.324 (Simulation time: 07 hr 57 min 19 sec)
Heartbeat CPU 9 instructions: 80000025 cycles: 23323781 heartbeat IPC: 2.319 cumulative IPC: 2.316 (Simulation time: 07 hr 58 min 17 sec)
Heartbeat CPU 6 instructions: 80000014 cycles: 23368273 heartbeat IPC: 2.314 cumulative IPC: 2.308 (Simulation time: 07 hr 59 min 18 sec)
Heartbeat CPU 5 instructions: 90000020 cycles: 27374059 heartbeat IPC: 2.354 cumulative IPC: 2.353 (Simulation time: 09 hr 29 min 17 sec)
Heartbeat CPU 3 instructions: 90000020 cycles: 27397568 heartbeat IPC: 2.349 cumulative IPC: 2.349 (Simulation time: 09 hr 29 min 48 sec)
Heartbeat CPU 27 instructions: 90000020 cycles: 27412603 heartbeat IPC: 2.347 cumulative IPC: 2.347 (Simulation time: 09 hr 30 min 08 sec)
Heartbeat CPU 18 instructions: 90000020 cycles: 27416924 heartbeat IPC: 2.348 cumulative IPC: 2.347 (Simulation time: 09 hr 30 min 14 sec)
Heartbeat CPU 31 instructions: 90000020 cycles: 27422048 heartbeat IPC: 2.346 cumulative IPC: 2.346 (Simulation time: 09 hr 30 min 20 sec)
Heartbeat CPU 25 instructions: 90000020 cycles: 27425508 heartbeat IPC: 2.346 cumulative IPC: 2.346 (Simulation time: 09 hr 30 min 25 sec)
Heartbeat CPU 21 instructions: 90000020 cycles: 27432225 heartbeat IPC: 2.346 cumulative IPC: 2.345 (Simulation time: 09 hr 30 min 34 sec)
Heartbeat CPU 28 instructions: 90000020 cycles: 27433063 heartbeat IPC: 2.345 cumulative IPC: 2.345 (Simulation time: 09 hr 30 min 35 sec)
Heartbeat CPU 7 instructions: 90000020 cycles: 27436844 heartbeat IPC: 2.343 cumulative IPC: 2.344 (Simulation time: 09 hr 30 min 40 sec)
Heartbeat CPU 8 instructions: 90000020 cycles: 27442516 heartbeat IPC: 2.342 cumulative IPC: 2.343 (Simulation time: 09 hr 30 min 48 sec)
Heartbeat CPU 22 instructions: 90000020 cycles: 27444230 heartbeat IPC: 2.344 cumulative IPC: 2.343 (Simulation time: 09 hr 30 min 50 sec)
Heartbeat CPU 26 instructions: 90000020 cycles: 27456249 heartbeat IPC: 2.338 cumulative IPC: 2.341 (Simulation time: 09 hr 31 min 06 sec)
Heartbeat CPU 30 instructions: 90000020 cycles: 27459923 heartbeat IPC: 2.341 cumulative IPC: 2.341 (Simulation time: 09 hr 31 min 11 sec)
Heartbeat CPU 4 instructions: 90000020 cycles: 27465567 heartbeat IPC: 2.341 cumulative IPC: 2.34 (Simulation time: 09 hr 31 min 19 sec)
Heartbeat CPU 24 instructions: 90000020 cycles: 27467869 heartbeat IPC: 2.34 cumulative IPC: 2.34 (Simulation time: 09 hr 31 min 22 sec)
Heartbeat CPU 2 instructions: 90000020 cycles: 27471184 heartbeat IPC: 2.339 cumulative IPC: 2.339 (Simulation time: 09 hr 31 min 26 sec)
Heartbeat CPU 13 instructions: 90000020 cycles: 27490042 heartbeat IPC: 2.335 cumulative IPC: 2.337 (Simulation time: 09 hr 31 min 51 sec)
Heartbeat CPU 29 instructions: 90000020 cycles: 27499474 heartbeat IPC: 2.336 cumulative IPC: 2.336 (Simulation time: 09 hr 32 min 04 sec)
Heartbeat CPU 1 instructions: 90000020 cycles: 27520723 heartbeat IPC: 2.332 cumulative IPC: 2.333 (Simulation time: 09 hr 32 min 32 sec)
Heartbeat CPU 0 instructions: 90000020 cycles: 27528605 heartbeat IPC: 2.331 cumulative IPC: 2.331 (Simulation time: 09 hr 32 min 43 sec)
Heartbeat CPU 11 instructions: 90000028 cycles: 27530583 heartbeat IPC: 2.332 cumulative IPC: 2.331 (Simulation time: 09 hr 32 min 45 sec)
Heartbeat CPU 20 instructions: 90000020 cycles: 27536693 heartbeat IPC: 2.332 cumulative IPC: 2.33 (Simulation time: 09 hr 32 min 53 sec)
Heartbeat CPU 14 instructions: 90000020 cycles: 27538431 heartbeat IPC: 2.331 cumulative IPC: 2.33 (Simulation time: 09 hr 32 min 56 sec)
Heartbeat CPU 23 instructions: 90000020 cycles: 27549558 heartbeat IPC: 2.329 cumulative IPC: 2.329 (Simulation time: 09 hr 33 min 10 sec)
Heartbeat CPU 17 instructions: 90000020 cycles: 27557678 heartbeat IPC: 2.329 cumulative IPC: 2.328 (Simulation time: 09 hr 33 min 21 sec)
Heartbeat CPU 12 instructions: 90000020 cycles: 27562176 heartbeat IPC: 2.328 cumulative IPC: 2.327 (Simulation time: 09 hr 33 min 27 sec)
Heartbeat CPU 16 instructions: 90000020 cycles: 27573416 heartbeat IPC: 2.326 cumulative IPC: 2.325 (Simulation time: 09 hr 33 min 42 sec)
Heartbeat CPU 10 instructions: 90000020 cycles: 27576885 heartbeat IPC: 2.324 cumulative IPC: 2.325 (Simulation time: 09 hr 33 min 47 sec)
Heartbeat CPU 19 instructions: 90000020 cycles: 27582785 heartbeat IPC: 2.324 cumulative IPC: 2.324 (Simulation time: 09 hr 33 min 55 sec)
Heartbeat CPU 15 instructions: 90000020 cycles: 27586122 heartbeat IPC: 2.311 cumulative IPC: 2.324 (Simulation time: 09 hr 33 min 59 sec)
Heartbeat CPU 9 instructions: 90000028 cycles: 27652348 heartbeat IPC: 2.31 cumulative IPC: 2.314 (Simulation time: 09 hr 35 min 28 sec)
Heartbeat CPU 6 instructions: 90000020 cycles: 27726577 heartbeat IPC: 2.294 cumulative IPC: 2.305 (Simulation time: 09 hr 37 min 07 sec)
Heartbeat CPU 5 instructions: 100000026 cycles: 31628487 heartbeat IPC: 2.35 cumulative IPC: 2.352 (Simulation time: 11 hr 01 min 39 sec)
Heartbeat CPU 3 instructions: 100000026 cycles: 31652247 heartbeat IPC: 2.35 cumulative IPC: 2.35 (Simulation time: 11 hr 02 min 09 sec)
Heartbeat CPU 27 instructions: 100000026 cycles: 31673192 heartbeat IPC: 2.347 cumulative IPC: 2.347 (Simulation time: 11 hr 02 min 36 sec)
Heartbeat CPU 18 instructions: 100000026 cycles: 31678216 heartbeat IPC: 2.347 cumulative IPC: 2.347 (Simulation time: 11 hr 02 min 42 sec)
Heartbeat CPU 31 instructions: 100000022 cycles: 31686016 heartbeat IPC: 2.345 cumulative IPC: 2.346 (Simulation time: 11 hr 02 min 52 sec)
Heartbeat CPU 25 instructions: 100000026 cycles: 31686059 heartbeat IPC: 2.347 cumulative IPC: 2.346 (Simulation time: 11 hr 02 min 52 sec)
Heartbeat CPU 28 instructions: 100000022 cycles: 31691596 heartbeat IPC: 2.348 cumulative IPC: 2.345 (Simulation time: 11 hr 02 min 59 sec)
Heartbeat CPU 21 instructions: 100000026 cycles: 31694227 heartbeat IPC: 2.346 cumulative IPC: 2.345 (Simulation time: 11 hr 03 min 02 sec)
Heartbeat CPU 7 instructions: 100000026 cycles: 31703604 heartbeat IPC: 2.344 cumulative IPC: 2.344 (Simulation time: 11 hr 03 min 14 sec)
Heartbeat CPU 8 instructions: 100000026 cycles: 31710595 heartbeat IPC: 2.343 cumulative IPC: 2.343 (Simulation time: 11 hr 03 min 23 sec)
Heartbeat CPU 22 instructions: 100000026 cycles: 31712333 heartbeat IPC: 2.343 cumulative IPC: 2.343 (Simulation time: 11 hr 03 min 26 sec)
Heartbeat CPU 26 instructions: 100000026 cycles: 31724549 heartbeat IPC: 2.343 cumulative IPC: 2.342 (Simulation time: 11 hr 03 min 41 sec)
Heartbeat CPU 30 instructions: 100000026 cycles: 31730663 heartbeat IPC: 2.342 cumulative IPC: 2.341 (Simulation time: 11 hr 03 min 49 sec)
Heartbeat CPU 4 instructions: 100000026 cycles: 31737456 heartbeat IPC: 2.341 cumulative IPC: 2.34 (Simulation time: 11 hr 03 min 58 sec)
Heartbeat CPU 24 instructions: 100000026 cycles: 31737683 heartbeat IPC: 2.342 cumulative IPC: 2.34 (Simulation time: 11 hr 03 min 58 sec)
Heartbeat CPU 2 instructions: 100000026 cycles: 31749125 heartbeat IPC: 2.338 cumulative IPC: 2.339 (Simulation time: 11 hr 04 min 13 sec)
Heartbeat CPU 13 instructions: 100000026 cycles: 31769139 heartbeat IPC: 2.337 cumulative IPC: 2.337 (Simulation time: 11 hr 04 min 39 sec)
Heartbeat CPU 29 instructions: 100000026 cycles: 31784522 heartbeat IPC: 2.334 cumulative IPC: 2.335 (Simulation time: 11 hr 04 min 58 sec)
Heartbeat CPU 1 instructions: 100000026 cycles: 31806251 heartbeat IPC: 2.333 cumulative IPC: 2.333 (Simulation time: 11 hr 05 min 25 sec)
Heartbeat CPU 0 instructions: 100000026 cycles: 31823007 heartbeat IPC: 2.329 cumulative IPC: 2.331 (Simulation time: 11 hr 05 min 45 sec)
Heartbeat CPU 11 instructions: 100000034 cycles: 31826133 heartbeat IPC: 2.328 cumulative IPC: 2.331 (Simulation time: 11 hr 05 min 49 sec)
Heartbeat CPU 20 instructions: 100000026 cycles: 31831056 heartbeat IPC: 2.329 cumulative IPC: 2.33 (Simulation time: 11 hr 05 min 56 sec)
Heartbeat CPU 14 instructions: 100000026 cycles: 31831134 heartbeat IPC: 2.33 cumulative IPC: 2.33 (Simulation time: 11 hr 05 min 56 sec)
Heartbeat CPU 23 instructions: 100000026 cycles: 31844857 heartbeat IPC: 2.328 cumulative IPC: 2.329 (Simulation time: 11 hr 06 min 13 sec)
Heartbeat CPU 17 instructions: 100000026 cycles: 31852365 heartbeat IPC: 2.328 cumulative IPC: 2.328 (Simulation time: 11 hr 06 min 23 sec)
Heartbeat CPU 12 instructions: 100000026 cycles: 31859858 heartbeat IPC: 2.327 cumulative IPC: 2.327 (Simulation time: 11 hr 06 min 32 sec)
Heartbeat CPU 10 instructions: 100000026 cycles: 31878873 heartbeat IPC: 2.325 cumulative IPC: 2.325 (Simulation time: 11 hr 06 min 57 sec)
Heartbeat CPU 16 instructions: 100000026 cycles: 31879806 heartbeat IPC: 2.322 cumulative IPC: 2.325 (Simulation time: 11 hr 06 min 58 sec)
Heartbeat CPU 19 instructions: 100000026 cycles: 31901854 heartbeat IPC: 2.315 cumulative IPC: 2.322 (Simulation time: 11 hr 07 min 26 sec)
Heartbeat CPU 15 instructions: 100000026 cycles: 31926219 heartbeat IPC: 2.304 cumulative IPC: 2.32 (Simulation time: 11 hr 07 min 57 sec)
Heartbeat CPU 9 instructions: 100000034 cycles: 32025843 heartbeat IPC: 2.287 cumulative IPC: 2.309 (Simulation time: 11 hr 10 min 02 sec)
Heartbeat CPU 6 instructions: 100000026 cycles: 32045459 heartbeat IPC: 2.315 cumulative IPC: 2.307 (Simulation time: 11 hr 10 min 27 sec)
Heartbeat CPU 5 instructions: 110000027 cycles: 35876403 heartbeat IPC: 2.354 cumulative IPC: 2.353 (Simulation time: 12 hr 27 min 47 sec)
Heartbeat CPU 3 instructions: 110000027 cycles: 35900781 heartbeat IPC: 2.354 cumulative IPC: 2.35 (Simulation time: 12 hr 28 min 15 sec)
Heartbeat CPU 27 instructions: 110000027 cycles: 35926331 heartbeat IPC: 2.351 cumulative IPC: 2.348 (Simulation time: 12 hr 28 min 45 sec)
Heartbeat CPU 18 instructions: 110000027 cycles: 35933531 heartbeat IPC: 2.35 cumulative IPC: 2.347 (Simulation time: 12 hr 28 min 54 sec)
Heartbeat CPU 25 instructions: 110000027 cycles: 35939449 heartbeat IPC: 2.351 cumulative IPC: 2.347 (Simulation time: 12 hr 29 min 01 sec)
Heartbeat CPU 31 instructions: 110000023 cycles: 35949738 heartbeat IPC: 2.345 cumulative IPC: 2.346 (Simulation time: 12 hr 29 min 13 sec)
Heartbeat CPU 28 instructions: 110000023 cycles: 35953032 heartbeat IPC: 2.347 cumulative IPC: 2.346 (Simulation time: 12 hr 29 min 17 sec)
Heartbeat CPU 21 instructions: 110000027 cycles: 35956665 heartbeat IPC: 2.346 cumulative IPC: 2.345 (Simulation time: 12 hr 29 min 21 sec)
Heartbeat CPU 7 instructions: 110000027 cycles: 35963807 heartbeat IPC: 2.347 cumulative IPC: 2.345 (Simulation time: 12 hr 29 min 30 sec)
Heartbeat CPU 8 instructions: 110000027 cycles: 35974235 heartbeat IPC: 2.345 cumulative IPC: 2.344 (Simulation time: 12 hr 29 min 42 sec)
Heartbeat CPU 22 instructions: 110000027 cycles: 35976700 heartbeat IPC: 2.345 cumulative IPC: 2.343 (Simulation time: 12 hr 29 min 45 sec)
Heartbeat CPU 26 instructions: 110000027 cycles: 35985979 heartbeat IPC: 2.347 cumulative IPC: 2.342 (Simulation time: 12 hr 29 min 56 sec)
Heartbeat CPU 30 instructions: 110000027 cycles: 35992742 heartbeat IPC: 2.346 cumulative IPC: 2.342 (Simulation time: 12 hr 30 min 04 sec)
Heartbeat CPU 4 instructions: 110000027 cycles: 36004773 heartbeat IPC: 2.343 cumulative IPC: 2.341 (Simulation time: 12 hr 30 min 18 sec)
Heartbeat CPU 24 instructions: 110000027 cycles: 36006054 heartbeat IPC: 2.343 cumulative IPC: 2.341 (Simulation time: 12 hr 30 min 20 sec)
Heartbeat CPU 2 instructions: 110000027 cycles: 36018845 heartbeat IPC: 2.342 cumulative IPC: 2.339 (Simulation time: 12 hr 30 min 34 sec)
Heartbeat CPU 13 instructions: 110000027 cycles: 36034363 heartbeat IPC: 2.345 cumulative IPC: 2.338 (Simulation time: 12 hr 30 min 52 sec)
Heartbeat CPU 29 instructions: 110000027 cycles: 36057495 heartbeat IPC: 2.34 cumulative IPC: 2.336 (Simulation time: 12 hr 31 min 21 sec)
Heartbeat CPU 1 instructions: 110000027 cycles: 36091024 heartbeat IPC: 2.334 cumulative IPC: 2.333 (Simulation time: 12 hr 32 min 03 sec)
Heartbeat CPU 11 instructions: 110000040 cycles: 36107409 heartbeat IPC: 2.336 cumulative IPC: 2.331 (Simulation time: 12 hr 32 min 24 sec)
Heartbeat CPU 0 instructions: 110000027 cycles: 36109000 heartbeat IPC: 2.333 cumulative IPC: 2.331 (Simulation time: 12 hr 32 min 26 sec)
Heartbeat CPU 14 instructions: 110000027 cycles: 36115985 heartbeat IPC: 2.334 cumulative IPC: 2.331 (Simulation time: 12 hr 32 min 35 sec)
Heartbeat CPU 20 instructions: 110000027 cycles: 36117433 heartbeat IPC: 2.333 cumulative IPC: 2.331 (Simulation time: 12 hr 32 min 36 sec)
Heartbeat CPU 23 instructions: 110000027 cycles: 36137520 heartbeat IPC: 2.33 cumulative IPC: 2.329 (Simulation time: 12 hr 33 min 02 sec)
Heartbeat CPU 17 instructions: 110000027 cycles: 36146980 heartbeat IPC: 2.328 cumulative IPC: 2.328 (Simulation time: 12 hr 33 min 14 sec)
Heartbeat CPU 12 instructions: 110000027 cycles: 36153440 heartbeat IPC: 2.329 cumulative IPC: 2.327 (Simulation time: 12 hr 33 min 22 sec)
Heartbeat CPU 10 instructions: 110000027 cycles: 36174521 heartbeat IPC: 2.328 cumulative IPC: 2.325 (Simulation time: 12 hr 33 min 48 sec)
Heartbeat CPU 16 instructions: 110000027 cycles: 36223335 heartbeat IPC: 2.302 cumulative IPC: 2.321 (Simulation time: 12 hr 34 min 50 sec)
Heartbeat CPU 15 instructions: 110000027 cycles: 36235113 heartbeat IPC: 2.321 cumulative IPC: 2.32 (Simulation time: 12 hr 35 min 05 sec)
Heartbeat CPU 19 instructions: 110000027 cycles: 36238133 heartbeat IPC: 2.306 cumulative IPC: 2.32 (Simulation time: 12 hr 35 min 09 sec)
Heartbeat CPU 9 instructions: 110000040 cycles: 36373812 heartbeat IPC: 2.3 cumulative IPC: 2.307 (Simulation time: 12 hr 38 min 00 sec)
Heartbeat CPU 6 instructions: 110000027 cycles: 36384664 heartbeat IPC: 2.305 cumulative IPC: 2.307 (Simulation time: 12 hr 38 min 14 sec)
Heartbeat CPU 5 instructions: 120000033 cycles: 40128763 heartbeat IPC: 2.352 cumulative IPC: 2.352 (Simulation time: 13 hr 55 min 16 sec)
Heartbeat CPU 3 instructions: 120000033 cycles: 40157570 heartbeat IPC: 2.349 cumulative IPC: 2.35 (Simulation time: 13 hr 55 min 51 sec)
Heartbeat CPU 27 instructions: 120000033 cycles: 40183908 heartbeat IPC: 2.349 cumulative IPC: 2.348 (Simulation time: 13 hr 56 min 23 sec)
Heartbeat CPU 18 instructions: 120000033 cycles: 40190337 heartbeat IPC: 2.349 cumulative IPC: 2.348 (Simulation time: 13 hr 56 min 30 sec)
Heartbeat CPU 25 instructions: 120000033 cycles: 40196018 heartbeat IPC: 2.349 cumulative IPC: 2.347 (Simulation time: 13 hr 56 min 37 sec)
Heartbeat CPU 31 instructions: 120000025 cycles: 40216088 heartbeat IPC: 2.344 cumulative IPC: 2.346 (Simulation time: 13 hr 57 min 02 sec)
Heartbeat CPU 28 instructions: 120000025 cycles: 40222652 heartbeat IPC: 2.342 cumulative IPC: 2.345 (Simulation time: 13 hr 57 min 10 sec)
Heartbeat CPU 21 instructions: 120000033 cycles: 40224320 heartbeat IPC: 2.343 cumulative IPC: 2.345 (Simulation time: 13 hr 57 min 12 sec)
Heartbeat CPU 7 instructions: 120000033 cycles: 40232245 heartbeat IPC: 2.343 cumulative IPC: 2.344 (Simulation time: 13 hr 57 min 21 sec)
Heartbeat CPU 8 instructions: 120000033 cycles: 40244223 heartbeat IPC: 2.342 cumulative IPC: 2.343 (Simulation time: 13 hr 57 min 36 sec)
Heartbeat CPU 22 instructions: 120000033 cycles: 40245283 heartbeat IPC: 2.343 cumulative IPC: 2.343 (Simulation time: 13 hr 57 min 38 sec)
Heartbeat CPU 26 instructions: 120000033 cycles: 40256578 heartbeat IPC: 2.342 cumulative IPC: 2.342 (Simulation time: 13 hr 57 min 52 sec)
Heartbeat CPU 30 instructions: 120000033 cycles: 40263933 heartbeat IPC: 2.341 cumulative IPC: 2.342 (Simulation time: 13 hr 58 min 01 sec)
Heartbeat CPU 4 instructions: 120000033 cycles: 40277026 heartbeat IPC: 2.341 cumulative IPC: 2.341 (Simulation time: 13 hr 58 min 16 sec)
Heartbeat CPU 24 instructions: 120000033 cycles: 40280516 heartbeat IPC: 2.339 cumulative IPC: 2.34 (Simulation time: 13 hr 58 min 21 sec)
Heartbeat CPU 2 instructions: 120000033 cycles: 40295287 heartbeat IPC: 2.338 cumulative IPC: 2.339 (Simulation time: 13 hr 58 min 38 sec)
Heartbeat CPU 13 instructions: 120000033 cycles: 40312111 heartbeat IPC: 2.338 cumulative IPC: 2.338 (Simulation time: 13 hr 58 min 59 sec)
Heartbeat CPU 29 instructions: 120000033 cycles: 40341753 heartbeat IPC: 2.334 cumulative IPC: 2.336 (Simulation time: 13 hr 59 min 34 sec)
Heartbeat CPU 1 instructions: 120000033 cycles: 40382292 heartbeat IPC: 2.33 cumulative IPC: 2.333 (Simulation time: 14 hr 00 min 23 sec)
Heartbeat CPU 11 instructions: 120000041 cycles: 40392263 heartbeat IPC: 2.334 cumulative IPC: 2.332 (Simulation time: 14 hr 00 min 36 sec)
Heartbeat CPU 0 instructions: 120000033 cycles: 40400354 heartbeat IPC: 2.33 cumulative IPC: 2.331 (Simulation time: 14 hr 00 min 46 sec)
Heartbeat CPU 14 instructions: 120000033 cycles: 40409696 heartbeat IPC: 2.329 cumulative IPC: 2.33 (Simulation time: 14 hr 00 min 57 sec)
Heartbeat CPU 20 instructions: 120000033 cycles: 40412756 heartbeat IPC: 2.328 cumulative IPC: 2.33 (Simulation time: 14 hr 01 min 01 sec)
Heartbeat CPU 23 instructions: 120000033 cycles: 40434706 heartbeat IPC: 2.327 cumulative IPC: 2.328 (Simulation time: 14 hr 01 min 27 sec)
Heartbeat CPU 17 instructions: 120000033 cycles: 40444165 heartbeat IPC: 2.327 cumulative IPC: 2.328 (Simulation time: 14 hr 01 min 39 sec)
Heartbeat CPU 12 instructions: 120000033 cycles: 40452542 heartbeat IPC: 2.326 cumulative IPC: 2.327 (Simulation time: 14 hr 01 min 49 sec)
Heartbeat CPU 10 instructions: 120000033 cycles: 40474910 heartbeat IPC: 2.325 cumulative IPC: 2.325 (Simulation time: 14 hr 02 min 16 sec)
Heartbeat CPU 16 instructions: 120000033 cycles: 40529382 heartbeat IPC: 2.322 cumulative IPC: 2.321 (Simulation time: 14 hr 03 min 22 sec)
Heartbeat CPU 15 instructions: 120000033 cycles: 40534076 heartbeat IPC: 2.326 cumulative IPC: 2.321 (Simulation time: 14 hr 03 min 28 sec)
Heartbeat CPU 19 instructions: 120000033 cycles: 40613580 heartbeat IPC: 2.285 cumulative IPC: 2.315 (Simulation time: 14 hr 05 min 04 sec)
Heartbeat CPU 9 instructions: 120000041 cycles: 40701808 heartbeat IPC: 2.311 cumulative IPC: 2.308 (Simulation time: 14 hr 06 min 50 sec)
Heartbeat CPU 6 instructions: 120000033 cycles: 40788376 heartbeat IPC: 2.271 cumulative IPC: 2.301 (Simulation time: 14 hr 08 min 34 sec)
Heartbeat CPU 5 instructions: 130000038 cycles: 44381594 heartbeat IPC: 2.351 cumulative IPC: 2.352 (Simulation time: 15 hr 21 min 37 sec)
Heartbeat CPU 3 instructions: 130000038 cycles: 44415913 heartbeat IPC: 2.348 cumulative IPC: 2.35 (Simulation time: 15 hr 22 min 17 sec)
Heartbeat CPU 27 instructions: 130000036 cycles: 44444142 heartbeat IPC: 2.347 cumulative IPC: 2.348 (Simulation time: 15 hr 22 min 50 sec)
Heartbeat CPU 18 instructions: 130000038 cycles: 44453443 heartbeat IPC: 2.346 cumulative IPC: 2.347 (Simulation time: 15 hr 23 min 01 sec)
Heartbeat CPU 25 instructions: 130000038 cycles: 44454259 heartbeat IPC: 2.348 cumulative IPC: 2.347 (Simulation time: 15 hr 23 min 02 sec)
Heartbeat CPU 31 instructions: 130000030 cycles: 44482516 heartbeat IPC: 2.344 cumulative IPC: 2.345 (Simulation time: 15 hr 23 min 35 sec)
Heartbeat CPU 21 instructions: 130000038 cycles: 44490087 heartbeat IPC: 2.344 cumulative IPC: 2.345 (Simulation time: 15 hr 23 min 44 sec)
Heartbeat CPU 28 instructions: 130000030 cycles: 44496465 heartbeat IPC: 2.34 cumulative IPC: 2.344 (Simulation time: 15 hr 23 min 52 sec)
Heartbeat CPU 7 instructions: 130000038 cycles: 44498777 heartbeat IPC: 2.344 cumulative IPC: 2.344 (Simulation time: 15 hr 23 min 54 sec)
Heartbeat CPU 8 instructions: 130000036 cycles: 44514025 heartbeat IPC: 2.342 cumulative IPC: 2.343 (Simulation time: 15 hr 24 min 12 sec)
Heartbeat CPU 22 instructions: 130000038 cycles: 44518237 heartbeat IPC: 2.34 cumulative IPC: 2.343 (Simulation time: 15 hr 24 min 16 sec)
Heartbeat CPU 26 instructions: 130000036 cycles: 44529764 heartbeat IPC: 2.34 cumulative IPC: 2.342 (Simulation time: 15 hr 24 min 30 sec)
Heartbeat CPU 30 instructions: 130000036 cycles: 44535921 heartbeat IPC: 2.341 cumulative IPC: 2.342 (Simulation time: 15 hr 24 min 37 sec)
Heartbeat CPU 4 instructions: 130000038 cycles: 44546816 heartbeat IPC: 2.342 cumulative IPC: 2.341 (Simulation time: 15 hr 24 min 49 sec)
Heartbeat CPU 24 instructions: 130000036 cycles: 44552825 heartbeat IPC: 2.341 cumulative IPC: 2.341 (Simulation time: 15 hr 24 min 56 sec)
Heartbeat CPU 2 instructions: 130000038 cycles: 44568927 heartbeat IPC: 2.34 cumulative IPC: 2.339 (Simulation time: 15 hr 25 min 15 sec)
Heartbeat CPU 13 instructions: 130000038 cycles: 44591245 heartbeat IPC: 2.337 cumulative IPC: 2.338 (Simulation time: 15 hr 25 min 41 sec)
Heartbeat CPU 29 instructions: 130000038 cycles: 44623194 heartbeat IPC: 2.336 cumulative IPC: 2.336 (Simulation time: 15 hr 26 min 18 sec)
Heartbeat CPU 1 instructions: 130000036 cycles: 44673127 heartbeat IPC: 2.331 cumulative IPC: 2.332 (Simulation time: 15 hr 27 min 16 sec)
Heartbeat CPU 11 instructions: 130000046 cycles: 44678029 heartbeat IPC: 2.333 cumulative IPC: 2.332 (Simulation time: 15 hr 27 min 22 sec)
Heartbeat CPU 0 instructions: 130000036 cycles: 44694283 heartbeat IPC: 2.329 cumulative IPC: 2.331 (Simulation time: 15 hr 27 min 40 sec)
Heartbeat CPU 14 instructions: 130000036 cycles: 44701099 heartbeat IPC: 2.33 cumulative IPC: 2.33 (Simulation time: 15 hr 27 min 48 sec)
Heartbeat CPU 20 instructions: 130000036 cycles: 44710091 heartbeat IPC: 2.327 cumulative IPC: 2.33 (Simulation time: 15 hr 27 min 59 sec)
Heartbeat CPU 23 instructions: 130000036 cycles: 44729849 heartbeat IPC: 2.328 cumulative IPC: 2.328 (Simulation time: 15 hr 28 min 21 sec)
Heartbeat CPU 17 instructions: 130000038 cycles: 44736457 heartbeat IPC: 2.33 cumulative IPC: 2.328 (Simulation time: 15 hr 28 min 29 sec)
Heartbeat CPU 12 instructions: 130000036 cycles: 44750837 heartbeat IPC: 2.327 cumulative IPC: 2.327 (Simulation time: 15 hr 28 min 46 sec)
Heartbeat CPU 10 instructions: 130000036 cycles: 44774214 heartbeat IPC: 2.326 cumulative IPC: 2.325 (Simulation time: 15 hr 29 min 13 sec)
Heartbeat CPU 15 instructions: 130000038 cycles: 44831134 heartbeat IPC: 2.327 cumulative IPC: 2.322 (Simulation time: 15 hr 30 min 19 sec)
Heartbeat CPU 16 instructions: 130000038 cycles: 44833030 heartbeat IPC: 2.324 cumulative IPC: 2.321 (Simulation time: 15 hr 30 min 22 sec)
Heartbeat CPU 19 instructions: 130000038 cycles: 44911808 heartbeat IPC: 2.327 cumulative IPC: 2.316 (Simulation time: 15 hr 31 min 52 sec)
Heartbeat CPU 9 instructions: 130000044 cycles: 45009075 heartbeat IPC: 2.322 cumulative IPC: 2.309 (Simulation time: 15 hr 33 min 46 sec)
Heartbeat CPU 6 instructions: 130000036 cycles: 45124457 heartbeat IPC: 2.306 cumulative IPC: 2.302 (Simulation time: 15 hr 35 min 59 sec)
Heartbeat CPU 5 instructions: 140000038 cycles: 48630174 heartbeat IPC: 2.354 cumulative IPC: 2.352 (Simulation time: 16 hr 42 min 38 sec)
Heartbeat CPU 3 instructions: 140000038 cycles: 48668867 heartbeat IPC: 2.351 cumulative IPC: 2.35 (Simulation time: 16 hr 43 min 18 sec)
Heartbeat CPU 25 instructions: 140000038 cycles: 48704038 heartbeat IPC: 2.353 cumulative IPC: 2.348 (Simulation time: 16 hr 43 min 56 sec)
Heartbeat CPU 27 instructions: 140000038 cycles: 48705806 heartbeat IPC: 2.347 cumulative IPC: 2.348 (Simulation time: 16 hr 43 min 58 sec)
Heartbeat CPU 18 instructions: 140000038 cycles: 48709217 heartbeat IPC: 2.35 cumulative IPC: 2.348 (Simulation time: 16 hr 44 min 01 sec)
Heartbeat CPU 31 instructions: 140000030 cycles: 48740083 heartbeat IPC: 2.349 cumulative IPC: 2.346 (Simulation time: 16 hr 44 min 33 sec)
Heartbeat CPU 21 instructions: 140000038 cycles: 48746057 heartbeat IPC: 2.35 cumulative IPC: 2.345 (Simulation time: 16 hr 44 min 40 sec)
Heartbeat CPU 28 instructions: 140000030 cycles: 48757189 heartbeat IPC: 2.347 cumulative IPC: 2.345 (Simulation time: 16 hr 44 min 51 sec)
Heartbeat CPU 7 instructions: 140000038 cycles: 48760593 heartbeat IPC: 2.346 cumulative IPC: 2.344 (Simulation time: 16 hr 44 min 55 sec)
Heartbeat CPU 8 instructions: 140000039 cycles: 48772096 heartbeat IPC: 2.348 cumulative IPC: 2.344 (Simulation time: 16 hr 45 min 07 sec)
Heartbeat CPU 22 instructions: 140000038 cycles: 48780011 heartbeat IPC: 2.346 cumulative IPC: 2.343 (Simulation time: 16 hr 45 min 15 sec)
Heartbeat CPU 26 instructions: 140000038 cycles: 48795069 heartbeat IPC: 2.344 cumulative IPC: 2.342 (Simulation time: 16 hr 45 min 31 sec)
Heartbeat CPU 30 instructions: 140000038 cycles: 48799250 heartbeat IPC: 2.346 cumulative IPC: 2.342 (Simulation time: 16 hr 45 min 35 sec)
Heartbeat CPU 4 instructions: 140000038 cycles: 48810515 heartbeat IPC: 2.345 cumulative IPC: 2.341 (Simulation time: 16 hr 45 min 47 sec)
Heartbeat CPU 24 instructions: 140000038 cycles: 48818641 heartbeat IPC: 2.344 cumulative IPC: 2.341 (Simulation time: 16 hr 45 min 56 sec)
Heartbeat CPU 2 instructions: 140000038 cycles: 48836265 heartbeat IPC: 2.343 cumulative IPC: 2.34 (Simulation time: 16 hr 46 min 14 sec)
Heartbeat CPU 13 instructions: 140000038 cycles: 48863457 heartbeat IPC: 2.341 cumulative IPC: 2.338 (Simulation time: 16 hr 46 min 42 sec)
Heartbeat CPU 29 instructions: 140000038 cycles: 48900533 heartbeat IPC: 2.338 cumulative IPC: 2.336 (Simulation time: 16 hr 47 min 21 sec)
Heartbeat CPU 1 instructions: 140000038 cycles: 48954513 heartbeat IPC: 2.336 cumulative IPC: 2.333 (Simulation time: 16 hr 48 min 18 sec)
Heartbeat CPU 11 instructions: 140000046 cycles: 48956554 heartbeat IPC: 2.337 cumulative IPC: 2.333 (Simulation time: 16 hr 48 min 21 sec)
Heartbeat CPU 0 instructions: 140000038 cycles: 48977768 heartbeat IPC: 2.335 cumulative IPC: 2.331 (Simulation time: 16 hr 48 min 44 sec)
Heartbeat CPU 14 instructions: 140000038 cycles: 48990972 heartbeat IPC: 2.331 cumulative IPC: 2.33 (Simulation time: 16 hr 48 min 57 sec)
Heartbeat CPU 20 instructions: 140000038 cycles: 48998589 heartbeat IPC: 2.332 cumulative IPC: 2.33 (Simulation time: 16 hr 49 min 05 sec)
Heartbeat CPU 23 instructions: 140000038 cycles: 49020284 heartbeat IPC: 2.331 cumulative IPC: 2.329 (Simulation time: 16 hr 49 min 27 sec)
Heartbeat CPU 17 instructions: 140000038 cycles: 49027382 heartbeat IPC: 2.33 cumulative IPC: 2.328 (Simulation time: 16 hr 49 min 35 sec)
Heartbeat CPU 12 instructions: 140000038 cycles: 49041383 heartbeat IPC: 2.331 cumulative IPC: 2.327 (Simulation time: 16 hr 49 min 49 sec)
Heartbeat CPU 10 instructions: 140000038 cycles: 49066193 heartbeat IPC: 2.33 cumulative IPC: 2.326 (Simulation time: 16 hr 50 min 15 sec)
Heartbeat CPU 15 instructions: 140000038 cycles: 49121423 heartbeat IPC: 2.331 cumulative IPC: 2.323 (Simulation time: 16 hr 51 min 14 sec)
Heartbeat CPU 16 instructions: 140000038 cycles: 49127802 heartbeat IPC: 2.328 cumulative IPC: 2.322 (Simulation time: 16 hr 51 min 20 sec)
Heartbeat CPU 19 instructions: 140000038 cycles: 49209229 heartbeat IPC: 2.327 cumulative IPC: 2.317 (Simulation time: 16 hr 52 min 47 sec)
Heartbeat CPU 9 instructions: 140000046 cycles: 49304788 heartbeat IPC: 2.328 cumulative IPC: 2.312 (Simulation time: 16 hr 54 min 27 sec)
Heartbeat CPU 6 instructions: 140000038 cycles: 49438492 heartbeat IPC: 2.318 cumulative IPC: 2.304 (Simulation time: 16 hr 56 min 47 sec)
Heartbeat CPU 5 instructions: 150000044 cycles: 52883044 heartbeat IPC: 2.351 cumulative IPC: 2.352 (Simulation time: 17 hr 54 min 49 sec)
Heartbeat CPU 3 instructions: 150000044 cycles: 52934293 heartbeat IPC: 2.344 cumulative IPC: 2.35 (Simulation time: 17 hr 55 min 39 sec)
Heartbeat CPU 25 instructions: 150000044 cycles: 52959996 heartbeat IPC: 2.35 cumulative IPC: 2.348 (Simulation time: 17 hr 56 min 04 sec)
Heartbeat CPU 18 instructions: 150000044 cycles: 52973561 heartbeat IPC: 2.345 cumulative IPC: 2.347 (Simulation time: 17 hr 56 min 18 sec)
Heartbeat CPU 27 instructions: 150000044 cycles: 52980564 heartbeat IPC: 2.339 cumulative IPC: 2.347 (Simulation time: 17 hr 56 min 25 sec)
Heartbeat CPU 31 instructions: 150000036 cycles: 53000538 heartbeat IPC: 2.347 cumulative IPC: 2.346 (Simulation time: 17 hr 56 min 45 sec)
Heartbeat CPU 21 instructions: 150000044 cycles: 53006341 heartbeat IPC: 2.347 cumulative IPC: 2.346 (Simulation time: 17 hr 56 min 51 sec)
Heartbeat CPU 28 instructions: 150000036 cycles: 53020819 heartbeat IPC: 2.345 cumulative IPC: 2.345 (Simulation time: 17 hr 57 min 05 sec)
Heartbeat CPU 7 instructions: 150000044 cycles: 53023971 heartbeat IPC: 2.346 cumulative IPC: 2.345 (Simulation time: 17 hr 57 min 08 sec)
Heartbeat CPU 8 instructions: 150000044 cycles: 53033390 heartbeat IPC: 2.347 cumulative IPC: 2.344 (Simulation time: 17 hr 57 min 17 sec)
Heartbeat CPU 22 instructions: 150000044 cycles: 53046253 heartbeat IPC: 2.344 cumulative IPC: 2.343 (Simulation time: 17 hr 57 min 30 sec)
Heartbeat CPU 26 instructions: 150000044 cycles: 53070262 heartbeat IPC: 2.339 cumulative IPC: 2.342 (Simulation time: 17 hr 57 min 54 sec)
Heartbeat CPU 30 instructions: 150000044 cycles: 53075617 heartbeat IPC: 2.338 cumulative IPC: 2.342 (Simulation time: 17 hr 57 min 59 sec)
Heartbeat CPU 4 instructions: 150000044 cycles: 53084666 heartbeat IPC: 2.34 cumulative IPC: 2.341 (Simulation time: 17 hr 58 min 08 sec)
Heartbeat CPU 24 instructions: 150000044 cycles: 53093126 heartbeat IPC: 2.339 cumulative IPC: 2.341 (Simulation time: 17 hr 58 min 17 sec)
Heartbeat CPU 2 instructions: 150000044 cycles: 53108565 heartbeat IPC: 2.341 cumulative IPC: 2.34 (Simulation time: 17 hr 58 min 33 sec)
Heartbeat CPU 13 instructions: 150000044 cycles: 53142815 heartbeat IPC: 2.337 cumulative IPC: 2.338 (Simulation time: 17 hr 59 min 08 sec)
Heartbeat CPU 29 instructions: 150000044 cycles: 53184680 heartbeat IPC: 2.334 cumulative IPC: 2.336 (Simulation time: 17 hr 59 min 51 sec)
Heartbeat CPU 1 instructions: 150000044 cycles: 53241127 heartbeat IPC: 2.333 cumulative IPC: 2.333 (Simulation time: 18 hr 00 min 48 sec)
Heartbeat CPU 11 instructions: 150000052 cycles: 53243610 heartbeat IPC: 2.333 cumulative IPC: 2.333 (Simulation time: 18 hr 00 min 51 sec)
Heartbeat CPU 0 instructions: 150000044 cycles: 53271233 heartbeat IPC: 2.329 cumulative IPC: 2.331 (Simulation time: 18 hr 01 min 19 sec)
Heartbeat CPU 14 instructions: 150000044 cycles: 53282934 heartbeat IPC: 2.33 cumulative IPC: 2.33 (Simulation time: 18 hr 01 min 31 sec)
Heartbeat CPU 20 instructions: 150000044 cycles: 53291966 heartbeat IPC: 2.329 cumulative IPC: 2.33 (Simulation time: 18 hr 01 min 40 sec)
Heartbeat CPU 23 instructions: 150000044 cycles: 53314824 heartbeat IPC: 2.329 cumulative IPC: 2.329 (Simulation time: 18 hr 02 min 03 sec)
Heartbeat CPU 17 instructions: 150000044 cycles: 53324078 heartbeat IPC: 2.327 cumulative IPC: 2.328 (Simulation time: 18 hr 02 min 13 sec)
Heartbeat CPU 12 instructions: 150000044 cycles: 53340035 heartbeat IPC: 2.326 cumulative IPC: 2.327 (Simulation time: 18 hr 02 min 30 sec)
Heartbeat CPU 10 instructions: 150000044 cycles: 53365605 heartbeat IPC: 2.326 cumulative IPC: 2.326 (Simulation time: 18 hr 02 min 56 sec)
Heartbeat CPU 15 instructions: 150000044 cycles: 53413953 heartbeat IPC: 2.33 cumulative IPC: 2.323 (Simulation time: 18 hr 03 min 45 sec)
Heartbeat CPU 16 instructions: 150000044 cycles: 53428698 heartbeat IPC: 2.325 cumulative IPC: 2.323 (Simulation time: 18 hr 04 min 00 sec)
Heartbeat CPU 19 instructions: 150000044 cycles: 53533862 heartbeat IPC: 2.312 cumulative IPC: 2.317 (Simulation time: 18 hr 05 min 48 sec)
Heartbeat CPU 9 instructions: 150000052 cycles: 53638253 heartbeat IPC: 2.308 cumulative IPC: 2.311 (Simulation time: 18 hr 07 min 35 sec)
Heartbeat CPU 6 instructions: 150000044 cycles: 53779188 heartbeat IPC: 2.304 cumulative IPC: 2.304 (Simulation time: 18 hr 09 min 59 sec)
Heartbeat CPU 5 instructions: 160000050 cycles: 57131975 heartbeat IPC: 2.354 cumulative IPC: 2.352 (Simulation time: 19 hr 06 min 54 sec)
Heartbeat CPU 3 instructions: 160000050 cycles: 57186726 heartbeat IPC: 2.352 cumulative IPC: 2.35 (Simulation time: 19 hr 07 min 50 sec)
Heartbeat CPU 25 instructions: 160000050 cycles: 57212007 heartbeat IPC: 2.352 cumulative IPC: 2.348 (Simulation time: 19 hr 08 min 15 sec)
Heartbeat CPU 18 instructions: 160000050 cycles: 57228902 heartbeat IPC: 2.35 cumulative IPC: 2.348 (Simulation time: 19 hr 08 min 32 sec)
Heartbeat CPU 27 instructions: 160000050 cycles: 57245209 heartbeat IPC: 2.345 cumulative IPC: 2.347 (Simulation time: 19 hr 08 min 48 sec)
Heartbeat CPU 31 instructions: 160000042 cycles: 57256366 heartbeat IPC: 2.35 cumulative IPC: 2.346 (Simulation time: 19 hr 09 min 00 sec)
Heartbeat CPU 21 instructions: 160000050 cycles: 57263707 heartbeat IPC: 2.349 cumulative IPC: 2.346 (Simulation time: 19 hr 09 min 07 sec)
Heartbeat CPU 28 instructions: 160000042 cycles: 57271795 heartbeat IPC: 2.352 cumulative IPC: 2.345 (Simulation time: 19 hr 09 min 16 sec)
Heartbeat CPU 7 instructions: 160000050 cycles: 57279885 heartbeat IPC: 2.35 cumulative IPC: 2.345 (Simulation time: 19 hr 09 min 24 sec)
Heartbeat CPU 8 instructions: 160000050 cycles: 57291898 heartbeat IPC: 2.348 cumulative IPC: 2.344 (Simulation time: 19 hr 09 min 36 sec)
Heartbeat CPU 22 instructions: 160000050 cycles: 57313200 heartbeat IPC: 2.344 cumulative IPC: 2.343 (Simulation time: 19 hr 09 min 58 sec)
Heartbeat CPU 26 instructions: 160000050 cycles: 57337130 heartbeat IPC: 2.344 cumulative IPC: 2.342 (Simulation time: 19 hr 10 min 22 sec)
Heartbeat CPU 30 instructions: 160000050 cycles: 57341463 heartbeat IPC: 2.344 cumulative IPC: 2.342 (Simulation time: 19 hr 10 min 27 sec)
Heartbeat CPU 4 instructions: 160000050 cycles: 57346468 heartbeat IPC: 2.346 cumulative IPC: 2.342 (Simulation time: 19 hr 10 min 32 sec)
Heartbeat CPU 24 instructions: 160000050 cycles: 57360524 heartbeat IPC: 2.343 cumulative IPC: 2.341 (Simulation time: 19 hr 10 min 46 sec)
Heartbeat CPU 2 instructions: 160000050 cycles: 57376487 heartbeat IPC: 2.343 cumulative IPC: 2.34 (Simulation time: 19 hr 11 min 01 sec)
Heartbeat CPU 13 instructions: 160000050 cycles: 57413902 heartbeat IPC: 2.341 cumulative IPC: 2.338 (Simulation time: 19 hr 11 min 39 sec)
Heartbeat CPU 29 instructions: 160000050 cycles: 57459513 heartbeat IPC: 2.339 cumulative IPC: 2.336 (Simulation time: 19 hr 12 min 25 sec)
Heartbeat CPU 11 instructions: 160000052 cycles: 57521681 heartbeat IPC: 2.338 cumulative IPC: 2.333 (Simulation time: 19 hr 13 min 29 sec)
Heartbeat CPU 1 instructions: 160000050 cycles: 57523087 heartbeat IPC: 2.335 cumulative IPC: 2.333 (Simulation time: 19 hr 13 min 30 sec)
Heartbeat CPU 0 instructions: 160000050 cycles: 57553833 heartbeat IPC: 2.335 cumulative IPC: 2.331 (Simulation time: 19 hr 14 min 02 sec)
Heartbeat CPU 14 instructions: 160000050 cycles: 57570744 heartbeat IPC: 2.332 cumulative IPC: 2.331 (Simulation time: 19 hr 14 min 18 sec)
Heartbeat CPU 20 instructions: 160000050 cycles: 57577521 heartbeat IPC: 2.333 cumulative IPC: 2.33 (Simulation time: 19 hr 14 min 25 sec)
Heartbeat CPU 23 instructions: 160000050 cycles: 57604170 heartbeat IPC: 2.331 cumulative IPC: 2.329 (Simulation time: 19 hr 14 min 52 sec)
Heartbeat CPU 17 instructions: 160000050 cycles: 57614497 heartbeat IPC: 2.331 cumulative IPC: 2.328 (Simulation time: 19 hr 15 min 02 sec)
Heartbeat CPU 12 instructions: 160000050 cycles: 57630812 heartbeat IPC: 2.331 cumulative IPC: 2.328 (Simulation time: 19 hr 15 min 18 sec)
Heartbeat CPU 10 instructions: 160000050 cycles: 57658943 heartbeat IPC: 2.329 cumulative IPC: 2.326 (Simulation time: 19 hr 15 min 47 sec)
Heartbeat CPU 15 instructions: 160000050 cycles: 57704874 heartbeat IPC: 2.331 cumulative IPC: 2.324 (Simulation time: 19 hr 16 min 34 sec)
Heartbeat CPU 16 instructions: 160000050 cycles: 57777700 heartbeat IPC: 2.299 cumulative IPC: 2.32 (Simulation time: 19 hr 17 min 48 sec)
Heartbeat CPU 19 instructions: 160000050 cycles: 57833001 heartbeat IPC: 2.326 cumulative IPC: 2.318 (Simulation time: 19 hr 18 min 43 sec)
Heartbeat CPU 9 instructions: 160000052 cycles: 57942671 heartbeat IPC: 2.323 cumulative IPC: 2.312 (Simulation time: 19 hr 20 min 35 sec)
Heartbeat CPU 6 instructions: 160000050 cycles: 58156443 heartbeat IPC: 2.285 cumulative IPC: 2.302 (Simulation time: 19 hr 24 min 12 sec)
Heartbeat CPU 5 instructions: 170000056 cycles: 61388263 heartbeat IPC: 2.349 cumulative IPC: 2.352 (Simulation time: 20 hr 18 min 41 sec)
Heartbeat CPU 3 instructions: 170000056 cycles: 61444189 heartbeat IPC: 2.349 cumulative IPC: 2.35 (Simulation time: 20 hr 19 min 37 sec)
Heartbeat CPU 25 instructions: 170000056 cycles: 61469389 heartbeat IPC: 2.349 cumulative IPC: 2.348 (Simulation time: 20 hr 20 min 02 sec)
Heartbeat CPU 18 instructions: 170000056 cycles: 61494412 heartbeat IPC: 2.344 cumulative IPC: 2.347 (Simulation time: 20 hr 20 min 27 sec)
Heartbeat CPU 27 instructions: 170000056 cycles: 61519574 heartbeat IPC: 2.34 cumulative IPC: 2.346 (Simulation time: 20 hr 20 min 52 sec)
Heartbeat CPU 31 instructions: 170000048 cycles: 61525178 heartbeat IPC: 2.343 cumulative IPC: 2.346 (Simulation time: 20 hr 20 min 57 sec)
Heartbeat CPU 21 instructions: 170000056 cycles: 61526741 heartbeat IPC: 2.346 cumulative IPC: 2.346 (Simulation time: 20 hr 20 min 59 sec)
Heartbeat CPU 28 instructions: 170000048 cycles: 61534603 heartbeat IPC: 2.346 cumulative IPC: 2.345 (Simulation time: 20 hr 21 min 07 sec)
Heartbeat CPU 7 instructions: 170000056 cycles: 61546637 heartbeat IPC: 2.344 cumulative IPC: 2.345 (Simulation time: 20 hr 21 min 19 sec)
Heartbeat CPU 8 instructions: 170000056 cycles: 61554120 heartbeat IPC: 2.346 cumulative IPC: 2.345 (Simulation time: 20 hr 21 min 26 sec)
Heartbeat CPU 22 instructions: 170000056 cycles: 61584248 heartbeat IPC: 2.341 cumulative IPC: 2.343 (Simulation time: 20 hr 21 min 57 sec)
Heartbeat CPU 26 instructions: 170000056 cycles: 61603641 heartbeat IPC: 2.344 cumulative IPC: 2.342 (Simulation time: 20 hr 22 min 16 sec)
Heartbeat CPU 4 instructions: 170000056 cycles: 61616915 heartbeat IPC: 2.342 cumulative IPC: 2.342 (Simulation time: 20 hr 22 min 29 sec)
Heartbeat CPU 30 instructions: 170000056 cycles: 61616944 heartbeat IPC: 2.339 cumulative IPC: 2.342 (Simulation time: 20 hr 22 min 30 sec)
Heartbeat CPU 24 instructions: 170000056 cycles: 61631475 heartbeat IPC: 2.341 cumulative IPC: 2.341 (Simulation time: 20 hr 22 min 44 sec)
Heartbeat CPU 2 instructions: 170000056 cycles: 61650794 heartbeat IPC: 2.34 cumulative IPC: 2.34 (Simulation time: 20 hr 23 min 03 sec)
Heartbeat CPU 13 instructions: 170000056 cycles: 61693043 heartbeat IPC: 2.337 cumulative IPC: 2.338 (Simulation time: 20 hr 23 min 45 sec)
Heartbeat CPU 29 instructions: 170000056 cycles: 61742499 heartbeat IPC: 2.335 cumulative IPC: 2.336 (Simulation time: 20 hr 24 min 35 sec)
Heartbeat CPU 11 instructions: 170000056 cycles: 61804923 heartbeat IPC: 2.335 cumulative IPC: 2.333 (Simulation time: 20 hr 25 min 37 sec)
Heartbeat CPU 1 instructions: 170000056 cycles: 61814866 heartbeat IPC: 2.33 cumulative IPC: 2.333 (Simulation time: 20 hr 25 min 47 sec)
Heartbeat CPU 0 instructions: 170000056 cycles: 61846807 heartbeat IPC: 2.329 cumulative IPC: 2.331 (Simulation time: 20 hr 26 min 19 sec)
Heartbeat CPU 14 instructions: 170000056 cycles: 61862736 heartbeat IPC: 2.33 cumulative IPC: 2.331 (Simulation time: 20 hr 26 min 35 sec)
Heartbeat CPU 20 instructions: 170000056 cycles: 61867805 heartbeat IPC: 2.331 cumulative IPC: 2.33 (Simulation time: 20 hr 26 min 40 sec)
Heartbeat CPU 23 instructions: 170000056 cycles: 61894816 heartbeat IPC: 2.331 cumulative IPC: 2.329 (Simulation time: 20 hr 27 min 07 sec)
Heartbeat CPU 17 instructions: 170000056 cycles: 61917048 heartbeat IPC: 2.324 cumulative IPC: 2.328 (Simulation time: 20 hr 27 min 29 sec)
Heartbeat CPU 12 instructions: 170000056 cycles: 61930366 heartbeat IPC: 2.326 cumulative IPC: 2.327 (Simulation time: 20 hr 27 min 42 sec)
Heartbeat CPU 10 instructions: 170000056 cycles: 61955180 heartbeat IPC: 2.328 cumulative IPC: 2.326 (Simulation time: 20 hr 28 min 07 sec)
Heartbeat CPU 15 instructions: 170000056 cycles: 62024960 heartbeat IPC: 2.315 cumulative IPC: 2.323 (Simulation time: 20 hr 29 min 16 sec)
Heartbeat CPU 16 instructions: 170000056 cycles: 62078304 heartbeat IPC: 2.325 cumulative IPC: 2.321 (Simulation time: 20 hr 30 min 09 sec)
Heartbeat CPU 19 instructions: 170000056 cycles: 62185368 heartbeat IPC: 2.298 cumulative IPC: 2.316 (Simulation time: 20 hr 31 min 54 sec)
Heartbeat CPU 9 instructions: 170000056 cycles: 62266891 heartbeat IPC: 2.313 cumulative IPC: 2.312 (Simulation time: 20 hr 33 min 16 sec)
Heartbeat CPU 6 instructions: 170000056 cycles: 62544445 heartbeat IPC: 2.279 cumulative IPC: 2.3 (Simulation time: 20 hr 37 min 52 sec)
Heartbeat CPU 5 instructions: 180000062 cycles: 65646343 heartbeat IPC: 2.348 cumulative IPC: 2.352 (Simulation time: 21 hr 29 min 48 sec)
Heartbeat CPU 3 instructions: 180000062 cycles: 65699668 heartbeat IPC: 2.35 cumulative IPC: 2.35 (Simulation time: 21 hr 30 min 43 sec)
Heartbeat CPU 25 instructions: 180000062 cycles: 65724689 heartbeat IPC: 2.35 cumulative IPC: 2.349 (Simulation time: 21 hr 31 min 09 sec)
Heartbeat CPU 18 instructions: 180000062 cycles: 65759088 heartbeat IPC: 2.345 cumulative IPC: 2.347 (Simulation time: 21 hr 31 min 43 sec)
Heartbeat CPU 27 instructions: 180000062 cycles: 65785027 heartbeat IPC: 2.344 cumulative IPC: 2.346 (Simulation time: 21 hr 32 min 10 sec)
Heartbeat CPU 31 instructions: 180000054 cycles: 65788122 heartbeat IPC: 2.346 cumulative IPC: 2.346 (Simulation time: 21 hr 32 min 13 sec)
Heartbeat CPU 21 instructions: 180000062 cycles: 65792739 heartbeat IPC: 2.344 cumulative IPC: 2.346 (Simulation time: 21 hr 32 min 18 sec)
Heartbeat CPU 28 instructions: 180000054 cycles: 65796590 heartbeat IPC: 2.346 cumulative IPC: 2.346 (Simulation time: 21 hr 32 min 22 sec)
Heartbeat CPU 7 instructions: 180000063 cycles: 65814281 heartbeat IPC: 2.343 cumulative IPC: 2.345 (Simulation time: 21 hr 32 min 40 sec)
Heartbeat CPU 8 instructions: 180000062 cycles: 65820040 heartbeat IPC: 2.344 cumulative IPC: 2.345 (Simulation time: 21 hr 32 min 46 sec)
Heartbeat CPU 22 instructions: 180000062 cycles: 65857235 heartbeat IPC: 2.34 cumulative IPC: 2.343 (Simulation time: 21 hr 33 min 24 sec)
Heartbeat CPU 26 instructions: 180000063 cycles: 65874428 heartbeat IPC: 2.341 cumulative IPC: 2.342 (Simulation time: 21 hr 33 min 41 sec)
Heartbeat CPU 4 instructions: 180000062 cycles: 65883253 heartbeat IPC: 2.344 cumulative IPC: 2.342 (Simulation time: 21 hr 33 min 50 sec)
Heartbeat CPU 30 instructions: 180000062 cycles: 65889883 heartbeat IPC: 2.34 cumulative IPC: 2.342 (Simulation time: 21 hr 33 min 57 sec)
Heartbeat CPU 24 instructions: 180000062 cycles: 65900015 heartbeat IPC: 2.343 cumulative IPC: 2.341 (Simulation time: 21 hr 34 min 08 sec)
Heartbeat CPU 2 instructions: 180000062 cycles: 65921858 heartbeat IPC: 2.341 cumulative IPC: 2.34 (Simulation time: 21 hr 34 min 30 sec)
Heartbeat CPU 13 instructions: 180000062 cycles: 65971430 heartbeat IPC: 2.337 cumulative IPC: 2.338 (Simulation time: 21 hr 35 min 20 sec)
Heartbeat CPU 29 instructions: 180000062 cycles: 66025539 heartbeat IPC: 2.335 cumulative IPC: 2.336 (Simulation time: 21 hr 36 min 15 sec)
Heartbeat CPU 11 instructions: 180000062 cycles: 66089672 heartbeat IPC: 2.334 cumulative IPC: 2.333 (Simulation time: 21 hr 37 min 22 sec)
Heartbeat CPU 1 instructions: 180000062 cycles: 66107371 heartbeat IPC: 2.33 cumulative IPC: 2.332 (Simulation time: 21 hr 37 min 39 sec)
Heartbeat CPU 0 instructions: 180000062 cycles: 66136572 heartbeat IPC: 2.331 cumulative IPC: 2.331 (Simulation time: 21 hr 38 min 09 sec)
Heartbeat CPU 14 instructions: 180000062 cycles: 66158754 heartbeat IPC: 2.328 cumulative IPC: 2.33 (Simulation time: 21 hr 38 min 32 sec)
Heartbeat CPU 20 instructions: 180000062 cycles: 66161906 heartbeat IPC: 2.329 cumulative IPC: 2.33 (Simulation time: 21 hr 38 min 35 sec)
Heartbeat CPU 23 instructions: 180000062 cycles: 66187962 heartbeat IPC: 2.329 cumulative IPC: 2.329 (Simulation time: 21 hr 39 min 02 sec)
Heartbeat CPU 12 instructions: 180000062 cycles: 66233760 heartbeat IPC: 2.324 cumulative IPC: 2.327 (Simulation time: 21 hr 39 min 48 sec)
Heartbeat CPU 17 instructions: 180000062 cycles: 66236179 heartbeat IPC: 2.315 cumulative IPC: 2.327 (Simulation time: 21 hr 39 min 51 sec)
Heartbeat CPU 10 instructions: 180000062 cycles: 66251528 heartbeat IPC: 2.328 cumulative IPC: 2.326 (Simulation time: 21 hr 40 min 07 sec)
Heartbeat CPU 15 instructions: 180000062 cycles: 66329359 heartbeat IPC: 2.323 cumulative IPC: 2.323 (Simulation time: 21 hr 41 min 26 sec)
Heartbeat CPU 16 instructions: 180000062 cycles: 66376085 heartbeat IPC: 2.327 cumulative IPC: 2.321 (Simulation time: 21 hr 42 min 14 sec)
Heartbeat CPU 19 instructions: 180000062 cycles: 66492672 heartbeat IPC: 2.322 cumulative IPC: 2.316 (Simulation time: 21 hr 44 min 13 sec)
Heartbeat CPU 9 instructions: 180000062 cycles: 66580165 heartbeat IPC: 2.318 cumulative IPC: 2.313 (Simulation time: 21 hr 45 min 42 sec)
Heartbeat CPU 6 instructions: 180000062 cycles: 66874759 heartbeat IPC: 2.309 cumulative IPC: 2.301 (Simulation time: 21 hr 50 min 42 sec)
Heartbeat CPU 5 instructions: 190000063 cycles: 69895598 heartbeat IPC: 2.353 cumulative IPC: 2.352 (Simulation time: 22 hr 40 min 51 sec)
Heartbeat CPU 3 instructions: 190000063 cycles: 69951823 heartbeat IPC: 2.352 cumulative IPC: 2.35 (Simulation time: 22 hr 41 min 45 sec)
Heartbeat CPU 25 instructions: 190000063 cycles: 69974397 heartbeat IPC: 2.353 cumulative IPC: 2.349 (Simulation time: 22 hr 42 min 07 sec)
Heartbeat CPU 18 instructions: 190000063 cycles: 70018063 heartbeat IPC: 2.348 cumulative IPC: 2.347 (Simulation time: 22 hr 42 min 48 sec)
Heartbeat CPU 27 instructions: 190000063 cycles: 70040177 heartbeat IPC: 2.35 cumulative IPC: 2.346 (Simulation time: 22 hr 43 min 09 sec)
Heartbeat CPU 31 instructions: 190000056 cycles: 70042281 heartbeat IPC: 2.351 cumulative IPC: 2.346 (Simulation time: 22 hr 43 min 11 sec)
Heartbeat CPU 21 instructions: 190000063 cycles: 70051979 heartbeat IPC: 2.348 cumulative IPC: 2.346 (Simulation time: 22 hr 43 min 20 sec)
Heartbeat CPU 28 instructions: 190000056 cycles: 70056930 heartbeat IPC: 2.347 cumulative IPC: 2.346 (Simulation time: 22 hr 43 min 25 sec)
Heartbeat CPU 7 instructions: 190000063 cycles: 70077350 heartbeat IPC: 2.346 cumulative IPC: 2.345 (Simulation time: 22 hr 43 min 44 sec)
Heartbeat CPU 8 instructions: 190000063 cycles: 70081574 heartbeat IPC: 2.347 cumulative IPC: 2.345 (Simulation time: 22 hr 43 min 48 sec)
Heartbeat CPU 22 instructions: 190000063 cycles: 70125150 heartbeat IPC: 2.343 cumulative IPC: 2.343 (Simulation time: 22 hr 44 min 30 sec)
Heartbeat CPU 26 instructions: 190000063 cycles: 70139779 heartbeat IPC: 2.344 cumulative IPC: 2.342 (Simulation time: 22 hr 44 min 44 sec)
Heartbeat CPU 4 instructions: 190000063 cycles: 70147750 heartbeat IPC: 2.345 cumulative IPC: 2.342 (Simulation time: 22 hr 44 min 52 sec)
Heartbeat CPU 24 instructions: 190000062 cycles: 70162332 heartbeat IPC: 2.346 cumulative IPC: 2.342 (Simulation time: 22 hr 45 min 06 sec)
Heartbeat CPU 30 instructions: 190000063 cycles: 70162436 heartbeat IPC: 2.341 cumulative IPC: 2.342 (Simulation time: 22 hr 45 min 07 sec)
Heartbeat CPU 2 instructions: 190000062 cycles: 70187767 heartbeat IPC: 2.344 cumulative IPC: 2.341 (Simulation time: 22 hr 45 min 31 sec)
Heartbeat CPU 13 instructions: 190000063 cycles: 70238253 heartbeat IPC: 2.344 cumulative IPC: 2.339 (Simulation time: 22 hr 46 min 20 sec)
Heartbeat CPU 29 instructions: 190000063 cycles: 70294893 heartbeat IPC: 2.342 cumulative IPC: 2.336 (Simulation time: 22 hr 47 min 15 sec)
Heartbeat CPU 11 instructions: 190000063 cycles: 70366241 heartbeat IPC: 2.338 cumulative IPC: 2.334 (Simulation time: 22 hr 48 min 24 sec)
Heartbeat CPU 1 instructions: 190000063 cycles: 70387357 heartbeat IPC: 2.336 cumulative IPC: 2.333 (Simulation time: 22 hr 48 min 44 sec)
Heartbeat CPU 0 instructions: 190000063 cycles: 70420761 heartbeat IPC: 2.334 cumulative IPC: 2.331 (Simulation time: 22 hr 49 min 17 sec)
Heartbeat CPU 14 instructions: 190000063 cycles: 70443483 heartbeat IPC: 2.334 cumulative IPC: 2.331 (Simulation time: 22 hr 49 min 39 sec)
Heartbeat CPU 20 instructions: 190000063 cycles: 70445246 heartbeat IPC: 2.335 cumulative IPC: 2.33 (Simulation time: 22 hr 49 min 40 sec)
Heartbeat CPU 23 instructions: 190000063 cycles: 70472932 heartbeat IPC: 2.334 cumulative IPC: 2.329 (Simulation time: 22 hr 50 min 07 sec)
Heartbeat CPU 17 instructions: 190000063 cycles: 70529796 heartbeat IPC: 2.329 cumulative IPC: 2.327 (Simulation time: 22 hr 51 min 04 sec)
Heartbeat CPU 12 instructions: 190000063 cycles: 70531490 heartbeat IPC: 2.327 cumulative IPC: 2.327 (Simulation time: 22 hr 51 min 05 sec)
Heartbeat CPU 10 instructions: 190000063 cycles: 70542185 heartbeat IPC: 2.331 cumulative IPC: 2.327 (Simulation time: 22 hr 51 min 16 sec)
Heartbeat CPU 15 instructions: 190000063 cycles: 70618513 heartbeat IPC: 2.331 cumulative IPC: 2.324 (Simulation time: 22 hr 52 min 30 sec)
Heartbeat CPU 16 instructions: 190000063 cycles: 70667861 heartbeat IPC: 2.33 cumulative IPC: 2.322 (Simulation time: 22 hr 53 min 18 sec)
Heartbeat CPU 19 instructions: 190000063 cycles: 70785133 heartbeat IPC: 2.33 cumulative IPC: 2.317 (Simulation time: 22 hr 55 min 15 sec)
Heartbeat CPU 9 instructions: 190000062 cycles: 70867261 heartbeat IPC: 2.333 cumulative IPC: 2.314 (Simulation time: 22 hr 56 min 35 sec)
Heartbeat CPU 6 instructions: 190000063 cycles: 71209298 heartbeat IPC: 2.307 cumulative IPC: 2.301 (Simulation time: 23 hr 02 min 14 sec)
Heartbeat CPU 5 instructions: 200000070 cycles: 74148779 heartbeat IPC: 2.351 cumulative IPC: 2.352 (Simulation time: 23 hr 49 min 10 sec)
Heartbeat CPU 3 instructions: 200000070 cycles: 74210204 heartbeat IPC: 2.348 cumulative IPC: 2.35 (Simulation time: 23 hr 50 min 07 sec)
Heartbeat CPU 25 instructions: 200000070 cycles: 74232111 heartbeat IPC: 2.349 cumulative IPC: 2.349 (Simulation time: 23 hr 50 min 28 sec)
Heartbeat CPU 18 instructions: 200000070 cycles: 74282459 heartbeat IPC: 2.345 cumulative IPC: 2.347 (Simulation time: 23 hr 51 min 17 sec)
Heartbeat CPU 31 instructions: 200000062 cycles: 74305360 heartbeat IPC: 2.346 cumulative IPC: 2.346 (Simulation time: 23 hr 51 min 39 sec)
Heartbeat CPU 27 instructions: 200000070 cycles: 74305742 heartbeat IPC: 2.344 cumulative IPC: 2.346 (Simulation time: 23 hr 51 min 39 sec)
Heartbeat CPU 21 instructions: 200000070 cycles: 74318178 heartbeat IPC: 2.344 cumulative IPC: 2.346 (Simulation time: 23 hr 51 min 51 sec)
Heartbeat CPU 28 instructions: 200000062 cycles: 74327788 heartbeat IPC: 2.341 cumulative IPC: 2.345 (Simulation time: 23 hr 52 min 00 sec)
Heartbeat CPU 7 instructions: 200000070 cycles: 74343937 heartbeat IPC: 2.344 cumulative IPC: 2.345 (Simulation time: 23 hr 52 min 16 sec)
Heartbeat CPU 8 instructions: 200000070 cycles: 74346503 heartbeat IPC: 2.345 cumulative IPC: 2.345 (Simulation time: 23 hr 52 min 19 sec)
Heartbeat CPU 22 instructions: 200000070 cycles: 74401739 heartbeat IPC: 2.338 cumulative IPC: 2.343 (Simulation time: 23 hr 53 min 13 sec)
Heartbeat CPU 26 instructions: 200000070 cycles: 74412282 heartbeat IPC: 2.341 cumulative IPC: 2.342 (Simulation time: 23 hr 53 min 23 sec)
Heartbeat CPU 4 instructions: 200000070 cycles: 74415709 heartbeat IPC: 2.343 cumulative IPC: 2.342 (Simulation time: 23 hr 53 min 26 sec)
Heartbeat CPU 30 instructions: 200000070 cycles: 74435611 heartbeat IPC: 2.34 cumulative IPC: 2.341 (Simulation time: 23 hr 53 min 46 sec)
Heartbeat CPU 24 instructions: 200000062 cycles: 74437164 heartbeat IPC: 2.339 cumulative IPC: 2.341 (Simulation time: 23 hr 53 min 47 sec)
Heartbeat CPU 2 instructions: 200000062 cycles: 74461343 heartbeat IPC: 2.34 cumulative IPC: 2.34 (Simulation time: 23 hr 54 min 11 sec)
Heartbeat CPU 13 instructions: 200000070 cycles: 74511146 heartbeat IPC: 2.34 cumulative IPC: 2.339 (Simulation time: 23 hr 54 min 59 sec)
Heartbeat CPU 29 instructions: 200000070 cycles: 74574630 heartbeat IPC: 2.337 cumulative IPC: 2.336 (Simulation time: 23 hr 56 min 01 sec)
Heartbeat CPU 11 instructions: 200000070 cycles: 74650362 heartbeat IPC: 2.334 cumulative IPC: 2.334 (Simulation time: 23 hr 57 min 16 sec)
Heartbeat CPU 1 instructions: 200000070 cycles: 74674827 heartbeat IPC: 2.332 cumulative IPC: 2.333 (Simulation time: 23 hr 57 min 41 sec)
Heartbeat CPU 0 instructions: 200000070 cycles: 74711820 heartbeat IPC: 2.33 cumulative IPC: 2.331 (Simulation time: 23 hr 58 min 18 sec)
Heartbeat CPU 20 instructions: 200000070 cycles: 74734814 heartbeat IPC: 2.331 cumulative IPC: 2.331 (Simulation time: 23 hr 58 min 41 sec)
Heartbeat CPU 14 instructions: 200000070 cycles: 74737114 heartbeat IPC: 2.329 cumulative IPC: 2.33 (Simulation time: 23 hr 58 min 43 sec)
Heartbeat CPU 23 instructions: 200000070 cycles: 74767229 heartbeat IPC: 2.329 cumulative IPC: 2.329 (Simulation time: 23 hr 59 min 14 sec)
Heartbeat CPU 17 instructions: 200000070 cycles: 74826776 heartbeat IPC: 2.327 cumulative IPC: 2.327 (Simulation time: 00 hr 00 min 13 sec)
Heartbeat CPU 12 instructions: 200000070 cycles: 74828903 heartbeat IPC: 2.327 cumulative IPC: 2.327 (Simulation time: 00 hr 00 min 15 sec)
Heartbeat CPU 10 instructions: 200000070 cycles: 74839031 heartbeat IPC: 2.327 cumulative IPC: 2.327 (Simulation time: 00 hr 00 min 25 sec)
Heartbeat CPU 15 instructions: 200000070 cycles: 74910300 heartbeat IPC: 2.33 cumulative IPC: 2.324 (Simulation time: 00 hr 01 min 37 sec)
Heartbeat CPU 16 instructions: 200000070 cycles: 74978440 heartbeat IPC: 2.32 cumulative IPC: 2.322 (Simulation time: 00 hr 02 min 46 sec)
Heartbeat CPU 19 instructions: 200000070 cycles: 75083553 heartbeat IPC: 2.326 cumulative IPC: 2.318 (Simulation time: 00 hr 04 min 33 sec)
Heartbeat CPU 9 instructions: 200000062 cycles: 75158651 heartbeat IPC: 2.33 cumulative IPC: 2.315 (Simulation time: 00 hr 05 min 47 sec)
Heartbeat CPU 6 instructions: 200000070 cycles: 75556407 heartbeat IPC: 2.3 cumulative IPC: 2.301 (Simulation time: 00 hr 12 min 11 sec)
Heartbeat CPU 5 instructions: 210000077 cycles: 78404052 heartbeat IPC: 2.35 cumulative IPC: 2.352 (Simulation time: 00 hr 58 min 21 sec)
Heartbeat CPU 3 instructions: 210000077 cycles: 78467917 heartbeat IPC: 2.349 cumulative IPC: 2.35 (Simulation time: 00 hr 59 min 24 sec)
Heartbeat CPU 25 instructions: 210000077 cycles: 78489911 heartbeat IPC: 2.349 cumulative IPC: 2.349 (Simulation time: 00 hr 59 min 46 sec)
Heartbeat CPU 18 instructions: 210000077 cycles: 78548631 heartbeat IPC: 2.344 cumulative IPC: 2.347 (Simulation time: 01 hr 00 min 43 sec)
Heartbeat CPU 31 instructions: 210000069 cycles: 78570936 heartbeat IPC: 2.344 cumulative IPC: 2.346 (Simulation time: 01 hr 01 min 05 sec)
Heartbeat CPU 27 instructions: 210000077 cycles: 78575727 heartbeat IPC: 2.342 cumulative IPC: 2.346 (Simulation time: 01 hr 01 min 10 sec)
Heartbeat CPU 21 instructions: 210000077 cycles: 78585784 heartbeat IPC: 2.343 cumulative IPC: 2.346 (Simulation time: 01 hr 01 min 20 sec)
Heartbeat CPU 28 instructions: 210000069 cycles: 78597651 heartbeat IPC: 2.342 cumulative IPC: 2.345 (Simulation time: 01 hr 01 min 32 sec)
Heartbeat CPU 7 instructions: 210000077 cycles: 78607743 heartbeat IPC: 2.345 cumulative IPC: 2.345 (Simulation time: 01 hr 01 min 42 sec)
Heartbeat CPU 8 instructions: 210000077 cycles: 78612120 heartbeat IPC: 2.344 cumulative IPC: 2.345 (Simulation time: 01 hr 01 min 46 sec)
Heartbeat CPU 22 instructions: 210000077 cycles: 78678269 heartbeat IPC: 2.338 cumulative IPC: 2.342 (Simulation time: 01 hr 02 min 52 sec)
Heartbeat CPU 26 instructions: 210000077 cycles: 78681217 heartbeat IPC: 2.343 cumulative IPC: 2.342 (Simulation time: 01 hr 02 min 55 sec)
Heartbeat CPU 4 instructions: 210000077 cycles: 78686869 heartbeat IPC: 2.341 cumulative IPC: 2.342 (Simulation time: 01 hr 03 min 00 sec)
Heartbeat CPU 30 instructions: 210000077 cycles: 78707011 heartbeat IPC: 2.341 cumulative IPC: 2.341 (Simulation time: 01 hr 03 min 20 sec)
Heartbeat CPU 24 instructions: 210000065 cycles: 78708374 heartbeat IPC: 2.341 cumulative IPC: 2.341 (Simulation time: 01 hr 03 min 22 sec)
Heartbeat CPU 2 instructions: 210000069 cycles: 78735560 heartbeat IPC: 2.34 cumulative IPC: 2.34 (Simulation time: 01 hr 03 min 48 sec)
Heartbeat CPU 13 instructions: 210000077 cycles: 78782216 heartbeat IPC: 2.341 cumulative IPC: 2.339 (Simulation time: 01 hr 04 min 35 sec)
Heartbeat CPU 29 instructions: 210000077 cycles: 78854932 heartbeat IPC: 2.336 cumulative IPC: 2.336 (Simulation time: 01 hr 05 min 46 sec)
Heartbeat CPU 11 instructions: 210000077 cycles: 78930654 heartbeat IPC: 2.336 cumulative IPC: 2.334 (Simulation time: 01 hr 06 min 58 sec)
Heartbeat CPU 1 instructions: 210000077 cycles: 78964937 heartbeat IPC: 2.331 cumulative IPC: 2.333 (Simulation time: 01 hr 07 min 32 sec)
Heartbeat CPU 0 instructions: 210000077 cycles: 78999589 heartbeat IPC: 2.332 cumulative IPC: 2.331 (Simulation time: 01 hr 08 min 05 sec)
Heartbeat CPU 20 instructions: 210000077 cycles: 79025865 heartbeat IPC: 2.33 cumulative IPC: 2.331 (Simulation time: 01 hr 08 min 31 sec)
Heartbeat CPU 14 instructions: 210000077 cycles: 79028046 heartbeat IPC: 2.33 cumulative IPC: 2.33 (Simulation time: 01 hr 08 min 33 sec)
Heartbeat CPU 23 instructions: 210000077 cycles: 79058555 heartbeat IPC: 2.33 cumulative IPC: 2.329 (Simulation time: 01 hr 09 min 02 sec)
Heartbeat CPU 17 instructions: 210000077 cycles: 79117611 heartbeat IPC: 2.331 cumulative IPC: 2.327 (Simulation time: 01 hr 09 min 59 sec)
Heartbeat CPU 12 instructions: 210000077 cycles: 79127678 heartbeat IPC: 2.326 cumulative IPC: 2.327 (Simulation time: 01 hr 10 min 09 sec)
Heartbeat CPU 10 instructions: 210000077 cycles: 79139927 heartbeat IPC: 2.325 cumulative IPC: 2.327 (Simulation time: 01 hr 10 min 21 sec)
Heartbeat CPU 15 instructions: 210000077 cycles: 79232561 heartbeat IPC: 2.314 cumulative IPC: 2.324 (Simulation time: 01 hr 11 min 53 sec)
Heartbeat CPU 16 instructions: 210000077 cycles: 79277900 heartbeat IPC: 2.326 cumulative IPC: 2.322 (Simulation time: 01 hr 12 min 38 sec)
Heartbeat CPU 19 instructions: 210000077 cycles: 79408691 heartbeat IPC: 2.312 cumulative IPC: 2.318 (Simulation time: 01 hr 14 min 47 sec)
Heartbeat CPU 9 instructions: 210000069 cycles: 79453073 heartbeat IPC: 2.329 cumulative IPC: 2.316 (Simulation time: 01 hr 15 min 31 sec)
Heartbeat CPU 6 instructions: 210000077 cycles: 79942555 heartbeat IPC: 2.28 cumulative IPC: 2.3 (Simulation time: 01 hr 23 min 39 sec)
Heartbeat CPU 5 instructions: 220000080 cycles: 82653479 heartbeat IPC: 2.353 cumulative IPC: 2.352 (Simulation time: 02 hr 07 min 34 sec)
Heartbeat CPU 3 instructions: 220000080 cycles: 82722326 heartbeat IPC: 2.351 cumulative IPC: 2.35 (Simulation time: 02 hr 08 min 41 sec)
Heartbeat CPU 25 instructions: 220000080 cycles: 82740700 heartbeat IPC: 2.353 cumulative IPC: 2.349 (Simulation time: 02 hr 08 min 59 sec)
Heartbeat CPU 18 instructions: 220000080 cycles: 82807288 heartbeat IPC: 2.348 cumulative IPC: 2.347 (Simulation time: 02 hr 10 min 05 sec)
Heartbeat CPU 31 instructions: 220000072 cycles: 82829910 heartbeat IPC: 2.348 cumulative IPC: 2.346 (Simulation time: 02 hr 10 min 29 sec)
Heartbeat CPU 27 instructions: 220000080 cycles: 82839010 heartbeat IPC: 2.346 cumulative IPC: 2.346 (Simulation time: 02 hr 10 min 38 sec)
Heartbeat CPU 21 instructions: 220000080 cycles: 82843876 heartbeat IPC: 2.348 cumulative IPC: 2.346 (Simulation time: 02 hr 10 min 43 sec)
Heartbeat CPU 7 instructions: 220000080 cycles: 82868481 heartbeat IPC: 2.347 cumulative IPC: 2.345 (Simulation time: 02 hr 11 min 06 sec)
Heartbeat CPU 28 instructions: 220000072 cycles: 82871082 heartbeat IPC: 2.34 cumulative IPC: 2.345 (Simulation time: 02 hr 11 min 09 sec)
Heartbeat CPU 8 instructions: 220000080 cycles: 82872262 heartbeat IPC: 2.347 cumulative IPC: 2.345 (Simulation time: 02 hr 11 min 10 sec)
Heartbeat CPU 26 instructions: 220000080 cycles: 82947458 heartbeat IPC: 2.344 cumulative IPC: 2.342 (Simulation time: 02 hr 12 min 24 sec)
Heartbeat CPU 22 instructions: 220000080 cycles: 82947769 heartbeat IPC: 2.342 cumulative IPC: 2.342 (Simulation time: 02 hr 12 min 24 sec)
Heartbeat CPU 4 instructions: 220000080 cycles: 82949324 heartbeat IPC: 2.346 cumulative IPC: 2.342 (Simulation time: 02 hr 12 min 26 sec)
Heartbeat CPU 30 instructions: 220000080 cycles: 82973069 heartbeat IPC: 2.344 cumulative IPC: 2.342 (Simulation time: 02 hr 12 min 49 sec)
Heartbeat CPU 24 instructions: 220000072 cycles: 82973582 heartbeat IPC: 2.345 cumulative IPC: 2.342 (Simulation time: 02 hr 12 min 50 sec)
Heartbeat CPU 2 instructions: 220000076 cycles: 83004697 heartbeat IPC: 2.342 cumulative IPC: 2.341 (Simulation time: 02 hr 13 min 20 sec)
Heartbeat CPU 13 instructions: 220000080 cycles: 83052961 heartbeat IPC: 2.342 cumulative IPC: 2.339 (Simulation time: 02 hr 14 min 08 sec)
Heartbeat CPU 29 instructions: 220000080 cycles: 83128519 heartbeat IPC: 2.34 cumulative IPC: 2.337 (Simulation time: 02 hr 15 min 22 sec)
Heartbeat CPU 11 instructions: 220000080 cycles: 83204129 heartbeat IPC: 2.34 cumulative IPC: 2.334 (Simulation time: 02 hr 16 min 38 sec)
Heartbeat CPU 1 instructions: 220000080 cycles: 83246733 heartbeat IPC: 2.335 cumulative IPC: 2.333 (Simulation time: 02 hr 17 min 19 sec)
Heartbeat CPU 0 instructions: 220000080 cycles: 83283946 heartbeat IPC: 2.334 cumulative IPC: 2.332 (Simulation time: 02 hr 17 min 55 sec)
Heartbeat CPU 14 instructions: 220000080 cycles: 83312712 heartbeat IPC: 2.334 cumulative IPC: 2.331 (Simulation time: 02 hr 18 min 23 sec)
Heartbeat CPU 20 instructions: 220000080 cycles: 83313789 heartbeat IPC: 2.332 cumulative IPC: 2.331 (Simulation time: 02 hr 18 min 24 sec)
Heartbeat CPU 23 instructions: 220000080 cycles: 83347742 heartbeat IPC: 2.331 cumulative IPC: 2.33 (Simulation time: 02 hr 18 min 57 sec)
Heartbeat CPU 17 instructions: 220000080 cycles: 83419785 heartbeat IPC: 2.324 cumulative IPC: 2.327 (Simulation time: 02 hr 20 min 05 sec)
Heartbeat CPU 12 instructions: 220000080 cycles: 83421719 heartbeat IPC: 2.329 cumulative IPC: 2.327 (Simulation time: 02 hr 20 min 07 sec)
Heartbeat CPU 10 instructions: 220000080 cycles: 83439266 heartbeat IPC: 2.326 cumulative IPC: 2.327 (Simulation time: 02 hr 20 min 24 sec)
Heartbeat CPU 15 instructions: 220000080 cycles: 83531491 heartbeat IPC: 2.326 cumulative IPC: 2.324 (Simulation time: 02 hr 21 min 52 sec)
Heartbeat CPU 16 instructions: 220000080 cycles: 83572224 heartbeat IPC: 2.329 cumulative IPC: 2.322 (Simulation time: 02 hr 22 min 32 sec)
Heartbeat CPU 19 instructions: 220000080 cycles: 83709181 heartbeat IPC: 2.325 cumulative IPC: 2.318 (Simulation time: 02 hr 24 min 46 sec)
Heartbeat CPU 9 instructions: 220000072 cycles: 83777319 heartbeat IPC: 2.313 cumulative IPC: 2.316 (Simulation time: 02 hr 25 min 53 sec)
Heartbeat CPU 6 instructions: 220000080 cycles: 84273144 heartbeat IPC: 2.309 cumulative IPC: 2.3 (Simulation time: 02 hr 33 min 56 sec)
Heartbeat CPU 5 instructions: 230000086 cycles: 86909382 heartbeat IPC: 2.35 cumulative IPC: 2.352 (Simulation time: 03 hr 16 min 14 sec)
Heartbeat CPU 3 instructions: 230000082 cycles: 86979287 heartbeat IPC: 2.349 cumulative IPC: 2.35 (Simulation time: 03 hr 17 min 20 sec)
Heartbeat CPU 25 instructions: 230000086 cycles: 86997288 heartbeat IPC: 2.349 cumulative IPC: 2.349 (Simulation time: 03 hr 17 min 37 sec)
Heartbeat CPU 18 instructions: 230000086 cycles: 87066592 heartbeat IPC: 2.348 cumulative IPC: 2.347 (Simulation time: 03 hr 18 min 42 sec)
Heartbeat CPU 31 instructions: 230000078 cycles: 87092886 heartbeat IPC: 2.346 cumulative IPC: 2.346 (Simulation time: 03 hr 19 min 07 sec)
Heartbeat CPU 27 instructions: 230000086 cycles: 87096256 heartbeat IPC: 2.349 cumulative IPC: 2.346 (Simulation time: 03 hr 19 min 10 sec)
Heartbeat CPU 21 instructions: 230000086 cycles: 87106324 heartbeat IPC: 2.346 cumulative IPC: 2.346 (Simulation time: 03 hr 19 min 20 sec)
Heartbeat CPU 28 instructions: 230000078 cycles: 87135259 heartbeat IPC: 2.345 cumulative IPC: 2.345 (Simulation time: 03 hr 19 min 47 sec)
Heartbeat CPU 7 instructions: 230000086 cycles: 87135607 heartbeat IPC: 2.343 cumulative IPC: 2.345 (Simulation time: 03 hr 19 min 48 sec)
Heartbeat CPU 8 instructions: 230000086 cycles: 87136090 heartbeat IPC: 2.345 cumulative IPC: 2.345 (Simulation time: 03 hr 19 min 48 sec)
Heartbeat CPU 26 instructions: 230000086 cycles: 87218374 heartbeat IPC: 2.341 cumulative IPC: 2.342 (Simulation time: 03 hr 21 min 06 sec)
Heartbeat CPU 22 instructions: 230000086 cycles: 87221270 heartbeat IPC: 2.34 cumulative IPC: 2.342 (Simulation time: 03 hr 21 min 08 sec)
Heartbeat CPU 4 instructions: 230000086 cycles: 87222404 heartbeat IPC: 2.34 cumulative IPC: 2.342 (Simulation time: 03 hr 21 min 09 sec)
Heartbeat CPU 30 instructions: 230000086 cycles: 87240320 heartbeat IPC: 2.343 cumulative IPC: 2.342 (Simulation time: 03 hr 21 min 26 sec)
Heartbeat CPU 24 instructions: 230000078 cycles: 87244799 heartbeat IPC: 2.341 cumulative IPC: 2.342 (Simulation time: 03 hr 21 min 30 sec)
Heartbeat CPU 2 instructions: 230000078 cycles: 87285971 heartbeat IPC: 2.336 cumulative IPC: 2.34 (Simulation time: 03 hr 22 min 09 sec)
Heartbeat CPU 13 instructions: 230000086 cycles: 87323769 heartbeat IPC: 2.341 cumulative IPC: 2.339 (Simulation time: 03 hr 22 min 45 sec)
Heartbeat CPU 29 instructions: 230000086 cycles: 87406332 heartbeat IPC: 2.338 cumulative IPC: 2.337 (Simulation time: 03 hr 24 min 04 sec)
Heartbeat CPU 11 instructions: 230000086 cycles: 87481948 heartbeat IPC: 2.338 cumulative IPC: 2.334 (Simulation time: 03 hr 25 min 15 sec)
Heartbeat CPU 1 instructions: 230000086 cycles: 87533711 heartbeat IPC: 2.333 cumulative IPC: 2.333 (Simulation time: 03 hr 26 min 04 sec)
Heartbeat CPU 0 instructions: 230000086 cycles: 87574440 heartbeat IPC: 2.331 cumulative IPC: 2.332 (Simulation time: 03 hr 26 min 42 sec)
Heartbeat CPU 14 instructions: 230000086 cycles: 87603718 heartbeat IPC: 2.33 cumulative IPC: 2.331 (Simulation time: 03 hr 27 min 10 sec)
Heartbeat CPU 20 instructions: 230000086 cycles: 87607723 heartbeat IPC: 2.329 cumulative IPC: 2.331 (Simulation time: 03 hr 27 min 14 sec)
Heartbeat CPU 23 instructions: 230000086 cycles: 87640830 heartbeat IPC: 2.329 cumulative IPC: 2.33 (Simulation time: 03 hr 27 min 45 sec)
Heartbeat CPU 12 instructions: 230000086 cycles: 87721066 heartbeat IPC: 2.326 cumulative IPC: 2.327 (Simulation time: 03 hr 29 min 01 sec)
Heartbeat CPU 10 instructions: 230000086 cycles: 87737099 heartbeat IPC: 2.327 cumulative IPC: 2.327 (Simulation time: 03 hr 29 min 16 sec)
Heartbeat CPU 17 instructions: 230000086 cycles: 87737117 heartbeat IPC: 2.316 cumulative IPC: 2.327 (Simulation time: 03 hr 29 min 16 sec)
Heartbeat CPU 15 instructions: 230000086 cycles: 87827053 heartbeat IPC: 2.328 cumulative IPC: 2.324 (Simulation time: 03 hr 30 min 41 sec)
Heartbeat CPU 16 instructions: 230000086 cycles: 87870409 heartbeat IPC: 2.327 cumulative IPC: 2.323 (Simulation time: 03 hr 31 min 23 sec)
Heartbeat CPU 19 instructions: 230000086 cycles: 88011969 heartbeat IPC: 2.324 cumulative IPC: 2.318 (Simulation time: 03 hr 33 min 37 sec)
Heartbeat CPU 9 instructions: 230000078 cycles: 88075849 heartbeat IPC: 2.326 cumulative IPC: 2.316 (Simulation time: 03 hr 34 min 38 sec)
Heartbeat CPU 6 instructions: 230000086 cycles: 88602829 heartbeat IPC: 2.31 cumulative IPC: 2.301 (Simulation time: 03 hr 42 min 59 sec)
Heartbeat CPU 5 instructions: 240000092 cycles: 91163874 heartbeat IPC: 2.35 cumulative IPC: 2.352 (Simulation time: 04 hr 23 min 16 sec)
Heartbeat CPU 3 instructions: 240000084 cycles: 91234478 heartbeat IPC: 2.35 cumulative IPC: 2.35 (Simulation time: 04 hr 24 min 18 sec)
Heartbeat CPU 25 instructions: 240000092 cycles: 91254339 heartbeat IPC: 2.349 cumulative IPC: 2.349 (Simulation time: 04 hr 24 min 36 sec)
Heartbeat CPU 18 instructions: 240000092 cycles: 91327501 heartbeat IPC: 2.347 cumulative IPC: 2.347 (Simulation time: 04 hr 25 min 41 sec)
Heartbeat CPU 31 instructions: 240000084 cycles: 91357596 heartbeat IPC: 2.345 cumulative IPC: 2.346 (Simulation time: 04 hr 26 min 08 sec)
Heartbeat CPU 27 instructions: 240000092 cycles: 91358742 heartbeat IPC: 2.346 cumulative IPC: 2.346 (Simulation time: 04 hr 26 min 09 sec)
Heartbeat CPU 21 instructions: 240000092 cycles: 91365479 heartbeat IPC: 2.348 cumulative IPC: 2.346 (Simulation time: 04 hr 26 min 15 sec)
Heartbeat CPU 8 instructions: 240000092 cycles: 91401567 heartbeat IPC: 2.344 cumulative IPC: 2.345 (Simulation time: 04 hr 26 min 47 sec)
Heartbeat CPU 28 instructions: 240000084 cycles: 91402583 heartbeat IPC: 2.343 cumulative IPC: 2.345 (Simulation time: 04 hr 26 min 48 sec)
Heartbeat CPU 7 instructions: 240000092 cycles: 91407897 heartbeat IPC: 2.341 cumulative IPC: 2.345 (Simulation time: 04 hr 26 min 52 sec)
Heartbeat CPU 26 instructions: 240000092 cycles: 91488188 heartbeat IPC: 2.342 cumulative IPC: 2.342 (Simulation time: 04 hr 28 min 03 sec)
Heartbeat CPU 22 instructions: 240000092 cycles: 91495345 heartbeat IPC: 2.34 cumulative IPC: 2.342 (Simulation time: 04 hr 28 min 10 sec)
Heartbeat CPU 4 instructions: 240000092 cycles: 91496211 heartbeat IPC: 2.34 cumulative IPC: 2.342 (Simulation time: 04 hr 28 min 10 sec)
Heartbeat CPU 30 instructions: 240000092 cycles: 91510200 heartbeat IPC: 2.342 cumulative IPC: 2.342 (Simulation time: 04 hr 28 min 23 sec)
Heartbeat CPU 24 instructions: 240000084 cycles: 91515293 heartbeat IPC: 2.342 cumulative IPC: 2.342 (Simulation time: 04 hr 28 min 27 sec)
Heartbeat CPU 2 instructions: 240000084 cycles: 91563532 heartbeat IPC: 2.338 cumulative IPC: 2.34 (Simulation time: 04 hr 29 min 10 sec)
Heartbeat CPU 13 instructions: 240000092 cycles: 91596515 heartbeat IPC: 2.34 cumulative IPC: 2.339 (Simulation time: 04 hr 29 min 39 sec)
Heartbeat CPU 29 instructions: 240000092 cycles: 91688179 heartbeat IPC: 2.335 cumulative IPC: 2.337 (Simulation time: 04 hr 31 min 01 sec)
Heartbeat CPU 11 instructions: 240000092 cycles: 91758413 heartbeat IPC: 2.338 cumulative IPC: 2.335 (Simulation time: 04 hr 32 min 03 sec)
Heartbeat CPU 1 instructions: 240000092 cycles: 91816043 heartbeat IPC: 2.335 cumulative IPC: 2.333 (Simulation time: 04 hr 32 min 55 sec)
Heartbeat CPU 0 instructions: 240000092 cycles: 91866168 heartbeat IPC: 2.33 cumulative IPC: 2.331 (Simulation time: 04 hr 33 min 39 sec)
Heartbeat CPU 14 instructions: 240000092 cycles: 91892836 heartbeat IPC: 2.331 cumulative IPC: 2.331 (Simulation time: 04 hr 34 min 02 sec)
Heartbeat CPU 20 instructions: 240000092 cycles: 91896503 heartbeat IPC: 2.332 cumulative IPC: 2.331 (Simulation time: 04 hr 34 min 06 sec)
Heartbeat CPU 23 instructions: 240000092 cycles: 91934685 heartbeat IPC: 2.329 cumulative IPC: 2.33 (Simulation time: 04 hr 34 min 40 sec)
Heartbeat CPU 12 instructions: 240000092 cycles: 92021699 heartbeat IPC: 2.325 cumulative IPC: 2.327 (Simulation time: 04 hr 35 min 57 sec)
Heartbeat CPU 17 instructions: 240000092 cycles: 92033024 heartbeat IPC: 2.328 cumulative IPC: 2.327 (Simulation time: 04 hr 36 min 07 sec)
Heartbeat CPU 10 instructions: 240000092 cycles: 92036244 heartbeat IPC: 2.326 cumulative IPC: 2.327 (Simulation time: 04 hr 36 min 10 sec)
Heartbeat CPU 15 instructions: 240000092 cycles: 92123480 heartbeat IPC: 2.328 cumulative IPC: 2.324 (Simulation time: 04 hr 37 min 27 sec)
Heartbeat CPU 16 instructions: 240000092 cycles: 92178653 heartbeat IPC: 2.321 cumulative IPC: 2.323 (Simulation time: 04 hr 38 min 17 sec)
Heartbeat CPU 19 instructions: 240000092 cycles: 92316434 heartbeat IPC: 2.323 cumulative IPC: 2.319 (Simulation time: 04 hr 40 min 19 sec)
Heartbeat CPU 9 instructions: 240000084 cycles: 92371889 heartbeat IPC: 2.328 cumulative IPC: 2.317 (Simulation time: 04 hr 41 min 08 sec)
Heartbeat CPU 6 instructions: 240000092 cycles: 92954433 heartbeat IPC: 2.298 cumulative IPC: 2.301 (Simulation time: 04 hr 49 min 41 sec)
Heartbeat CPU 5 instructions: 250000096 cycles: 95413183 heartbeat IPC: 2.353 cumulative IPC: 2.352 (Simulation time: 05 hr 25 min 42 sec)
[LLC] SPM stats: hits=226763527 first_accesses=10932415 dram_direct=0 loaded_lines=10932415
Simulation finished CPU 5 instructions: 200000001 cycles: 85041092 cumulative IPC: 2.352 (Simulation time: 05 hr 25 min 43 sec)
Heartbeat CPU 3 instructions: 250000088 cycles: 95483786 heartbeat IPC: 2.353 cumulative IPC: 2.35 (Simulation time: 05 hr 26 min 44 sec)
[LLC] SPM stats: hits=226884927 first_accesses=10941425 dram_direct=0 loaded_lines=10941425
Simulation finished CPU 3 instructions: 200000002 cycles: 85111638 cumulative IPC: 2.35 (Simulation time: 05 hr 26 min 45 sec)
[LLC] SPM stats: hits=226917170 first_accesses=10943734 dram_direct=0 loaded_lines=10943734
Simulation finished CPU 25 instructions: 200000000 cycles: 85130268 cumulative IPC: 2.349 (Simulation time: 05 hr 27 min 01 sec)
Heartbeat CPU 25 instructions: 250000096 cycles: 95503186 heartbeat IPC: 2.354 cumulative IPC: 2.349 (Simulation time: 05 hr 27 min 01 sec)
Heartbeat CPU 18 instructions: 250000096 cycles: 95585264 heartbeat IPC: 2.349 cumulative IPC: 2.347 (Simulation time: 05 hr 28 min 14 sec)
[LLC] SPM stats: hits=227065791 first_accesses=10950656 dram_direct=0 loaded_lines=10950656
Simulation finished CPU 18 instructions: 200000002 cycles: 85213115 cumulative IPC: 2.347 (Simulation time: 05 hr 28 min 14 sec)
Heartbeat CPU 31 instructions: 250000088 cycles: 95612581 heartbeat IPC: 2.35 cumulative IPC: 2.346 (Simulation time: 05 hr 28 min 38 sec)
[LLC] SPM stats: hits=227116527 first_accesses=10951604 dram_direct=0 loaded_lines=10951604
Simulation finished CPU 31 instructions: 200000002 cycles: 85240084 cumulative IPC: 2.346 (Simulation time: 05 hr 28 min 38 sec)
Heartbeat CPU 27 instructions: 250000096 cycles: 95617897 heartbeat IPC: 2.348 cumulative IPC: 2.346 (Simulation time: 05 hr 28 min 43 sec)
[LLC] SPM stats: hits=227126569 first_accesses=10952125 dram_direct=0 loaded_lines=10952125
Simulation finished CPU 27 instructions: 200000002 cycles: 85245748 cumulative IPC: 2.346 (Simulation time: 05 hr 28 min 43 sec)
Heartbeat CPU 21 instructions: 250000096 cycles: 95624959 heartbeat IPC: 2.348 cumulative IPC: 2.346 (Simulation time: 05 hr 28 min 49 sec)
[LLC] SPM stats: hits=227139173 first_accesses=10952618 dram_direct=0 loaded_lines=10952618
Simulation finished CPU 21 instructions: 200000005 cycles: 85252638 cumulative IPC: 2.346 (Simulation time: 05 hr 28 min 49 sec)
Heartbeat CPU 28 instructions: 250000088 cycles: 95660853 heartbeat IPC: 2.348 cumulative IPC: 2.345 (Simulation time: 05 hr 29 min 20 sec)
Heartbeat CPU 8 instructions: 250000096 cycles: 95661258 heartbeat IPC: 2.348 cumulative IPC: 2.345 (Simulation time: 05 hr 29 min 20 sec)
[LLC] SPM stats: hits=227197076 first_accesses=10959482 dram_direct=0 loaded_lines=10959482
Simulation finished CPU 28 instructions: 200000004 cycles: 85288675 cumulative IPC: 2.345 (Simulation time: 05 hr 29 min 21 sec)
[LLC] SPM stats: hits=227197544 first_accesses=10959514 dram_direct=0 loaded_lines=10959514
Simulation finished CPU 8 instructions: 200000004 cycles: 85288956 cumulative IPC: 2.345 (Simulation time: 05 hr 29 min 21 sec)
Heartbeat CPU 7 instructions: 250000096 cycles: 95671024 heartbeat IPC: 2.346 cumulative IPC: 2.345 (Simulation time: 05 hr 29 min 29 sec)
[LLC] SPM stats: hits=227214254 first_accesses=10960459 dram_direct=0 loaded_lines=10960459
Simulation finished CPU 7 instructions: 200000001 cycles: 85298338 cumulative IPC: 2.345 (Simulation time: 05 hr 29 min 29 sec)
Heartbeat CPU 26 instructions: 250000096 cycles: 95753729 heartbeat IPC: 2.344 cumulative IPC: 2.342 (Simulation time: 05 hr 30 min 42 sec)
[LLC] SPM stats: hits=227361635 first_accesses=10968703 dram_direct=0 loaded_lines=10968703
Simulation finished CPU 26 instructions: 200000001 cycles: 85381482 cumulative IPC: 2.342 (Simulation time: 05 hr 30 min 42 sec)
Heartbeat CPU 4 instructions: 250000096 cycles: 95768018 heartbeat IPC: 2.341 cumulative IPC: 2.342 (Simulation time: 05 hr 30 min 55 sec)
Heartbeat CPU 22 instructions: 250000096 cycles: 95768591 heartbeat IPC: 2.34 cumulative IPC: 2.342 (Simulation time: 05 hr 30 min 55 sec)
[LLC] SPM stats: hits=227388780 first_accesses=10969088 dram_direct=0 loaded_lines=10969088
Simulation finished CPU 4 instructions: 200000002 cycles: 85395869 cumulative IPC: 2.342 (Simulation time: 05 hr 30 min 55 sec)
[LLC] SPM stats: hits=227389211 first_accesses=10969088 dram_direct=0 loaded_lines=10969088
Simulation finished CPU 22 instructions: 200000004 cycles: 85396093 cumulative IPC: 2.342 (Simulation time: 05 hr 30 min 55 sec)
Heartbeat CPU 30 instructions: 250000092 cycles: 95776970 heartbeat IPC: 2.344 cumulative IPC: 2.342 (Simulation time: 05 hr 31 min 03 sec)
[LLC] SPM stats: hits=227405533 first_accesses=10969308 dram_direct=0 loaded_lines=10969308
Simulation finished CPU 30 instructions: 200000004 cycles: 85404738 cumulative IPC: 2.342 (Simulation time: 05 hr 31 min 03 sec)
Heartbeat CPU 24 instructions: 250000088 cycles: 95780704 heartbeat IPC: 2.344 cumulative IPC: 2.342 (Simulation time: 05 hr 31 min 06 sec)
[LLC] SPM stats: hits=227412520 first_accesses=10969440 dram_direct=0 loaded_lines=10969440
Simulation finished CPU 24 instructions: 200000001 cycles: 85408449 cumulative IPC: 2.342 (Simulation time: 05 hr 31 min 06 sec)
Heartbeat CPU 2 instructions: 250000088 cycles: 95827983 heartbeat IPC: 2.345 cumulative IPC: 2.34 (Simulation time: 05 hr 31 min 47 sec)
[LLC] SPM stats: hits=227494036 first_accesses=10975188 dram_direct=0 loaded_lines=10975188
Simulation finished CPU 2 instructions: 200000002 cycles: 85455695 cumulative IPC: 2.34 (Simulation time: 05 hr 31 min 48 sec)
Heartbeat CPU 13 instructions: 250000096 cycles: 95867074 heartbeat IPC: 2.342 cumulative IPC: 2.339 (Simulation time: 05 hr 32 min 21 sec)
[LLC] SPM stats: hits=227561056 first_accesses=10980605 dram_direct=0 loaded_lines=10980605
Simulation finished CPU 13 instructions: 200000001 cycles: 85494930 cumulative IPC: 2.339 (Simulation time: 05 hr 32 min 22 sec)
Heartbeat CPU 29 instructions: 250000096 cycles: 95961590 heartbeat IPC: 2.34 cumulative IPC: 2.337 (Simulation time: 05 hr 33 min 45 sec)
[LLC] SPM stats: hits=227730700 first_accesses=10987839 dram_direct=0 loaded_lines=10987839
Simulation finished CPU 29 instructions: 200000004 cycles: 85588768 cumulative IPC: 2.337 (Simulation time: 05 hr 33 min 45 sec)
Heartbeat CPU 11 instructions: 250000096 cycles: 96028534 heartbeat IPC: 2.342 cumulative IPC: 2.335 (Simulation time: 05 hr 34 min 43 sec)
[LLC] SPM stats: hits=227845584 first_accesses=10997127 dram_direct=0 loaded_lines=10997127
Simulation finished CPU 11 instructions: 200000007 cycles: 85656215 cumulative IPC: 2.335 (Simulation time: 05 hr 34 min 44 sec)
Heartbeat CPU 1 instructions: 250000096 cycles: 96091876 heartbeat IPC: 2.339 cumulative IPC: 2.333 (Simulation time: 05 hr 35 min 39 sec)
[LLC] SPM stats: hits=227957507 first_accesses=11003831 dram_direct=0 loaded_lines=11003831
Simulation finished CPU 1 instructions: 200000001 cycles: 85719849 cumulative IPC: 2.333 (Simulation time: 05 hr 35 min 40 sec)
Heartbeat CPU 0 instructions: 250000096 cycles: 96149385 heartbeat IPC: 2.335 cumulative IPC: 2.332 (Simulation time: 05 hr 36 min 30 sec)
[LLC] SPM stats: hits=228064184 first_accesses=11006587 dram_direct=0 loaded_lines=11006587
Simulation finished CPU 0 instructions: 200000006 cycles: 85777282 cumulative IPC: 2.332 (Simulation time: 05 hr 36 min 31 sec)
Heartbeat CPU 14 instructions: 250000096 cycles: 96172784 heartbeat IPC: 2.336 cumulative IPC: 2.331 (Simulation time: 05 hr 36 min 51 sec)
[LLC] SPM stats: hits=228106307 first_accesses=11008552 dram_direct=0 loaded_lines=11008552
Simulation finished CPU 14 instructions: 200000001 cycles: 85800761 cumulative IPC: 2.331 (Simulation time: 05 hr 36 min 51 sec)
Heartbeat CPU 20 instructions: 250000096 cycles: 96179167 heartbeat IPC: 2.335 cumulative IPC: 2.331 (Simulation time: 05 hr 36 min 56 sec)
[LLC] SPM stats: hits=228116580 first_accesses=11009573 dram_direct=0 loaded_lines=11009573
Simulation finished CPU 20 instructions: 200000005 cycles: 85806993 cumulative IPC: 2.331 (Simulation time: 05 hr 36 min 57 sec)
Heartbeat CPU 23 instructions: 250000096 cycles: 96223599 heartbeat IPC: 2.332 cumulative IPC: 2.33 (Simulation time: 05 hr 37 min 35 sec)
[LLC] SPM stats: hits=228190218 first_accesses=11016759 dram_direct=0 loaded_lines=11016759
Simulation finished CPU 23 instructions: 200000004 cycles: 85851361 cumulative IPC: 2.33 (Simulation time: 05 hr 37 min 35 sec)
Heartbeat CPU 12 instructions: 250000096 cycles: 96318387 heartbeat IPC: 2.327 cumulative IPC: 2.327 (Simulation time: 05 hr 38 min 59 sec)
[LLC] SPM stats: hits=228360744 first_accesses=11024572 dram_direct=0 loaded_lines=11024572
Simulation finished CPU 12 instructions: 200000003 cycles: 85946214 cumulative IPC: 2.327 (Simulation time: 05 hr 38 min 59 sec)
Heartbeat CPU 17 instructions: 250000096 cycles: 96324158 heartbeat IPC: 2.33 cumulative IPC: 2.327 (Simulation time: 05 hr 39 min 04 sec)
[LLC] SPM stats: hits=228371706 first_accesses=11024767 dram_direct=0 loaded_lines=11024767
Simulation finished CPU 17 instructions: 200000004 cycles: 85952057 cumulative IPC: 2.327 (Simulation time: 05 hr 39 min 04 sec)
Heartbeat CPU 10 instructions: 250000096 cycles: 96331738 heartbeat IPC: 2.328 cumulative IPC: 2.327 (Simulation time: 05 hr 39 min 10 sec)
[LLC] SPM stats: hits=228385814 first_accesses=11025023 dram_direct=0 loaded_lines=11025023
Simulation finished CPU 10 instructions: 200000005 cycles: 85959572 cumulative IPC: 2.327 (Simulation time: 05 hr 39 min 11 sec)
Heartbeat CPU 15 instructions: 250000096 cycles: 96413059 heartbeat IPC: 2.331 cumulative IPC: 2.324 (Simulation time: 05 hr 40 min 22 sec)
[LLC] SPM stats: hits=228524653 first_accesses=11035886 dram_direct=0 loaded_lines=11035886
Simulation finished CPU 15 instructions: 200000001 cycles: 86040915 cumulative IPC: 2.324 (Simulation time: 05 hr 40 min 22 sec)
Heartbeat CPU 16 instructions: 250000096 cycles: 96469596 heartbeat IPC: 2.33 cumulative IPC: 2.323 (Simulation time: 05 hr 41 min 11 sec)
[LLC] SPM stats: hits=228623673 first_accesses=11042239 dram_direct=0 loaded_lines=11042239
Simulation finished CPU 16 instructions: 200000002 cycles: 86097557 cumulative IPC: 2.323 (Simulation time: 05 hr 41 min 12 sec)
Heartbeat CPU 19 instructions: 250000096 cycles: 96616648 heartbeat IPC: 2.325 cumulative IPC: 2.319 (Simulation time: 05 hr 43 min 21 sec)
[LLC] SPM stats: hits=228882613 first_accesses=11057157 dram_direct=0 loaded_lines=11057157
Simulation finished CPU 19 instructions: 200000006 cycles: 86244563 cumulative IPC: 2.319 (Simulation time: 05 hr 43 min 21 sec)
Heartbeat CPU 9 instructions: 250000088 cycles: 96660961 heartbeat IPC: 2.332 cumulative IPC: 2.318 (Simulation time: 05 hr 44 min 00 sec)
[LLC] SPM stats: hits=228967352 first_accesses=11060917 dram_direct=0 loaded_lines=11060917
Simulation finished CPU 9 instructions: 200000006 cycles: 86291560 cumulative IPC: 2.318 (Simulation time: 05 hr 44 min 03 sec)
Heartbeat CPU 6 instructions: 250000096 cycles: 97289586 heartbeat IPC: 2.307 cumulative IPC: 2.301 (Simulation time: 05 hr 53 min 13 sec)
[LLC] SPM stats: hits=230070561 first_accesses=11125414 dram_direct=0 loaded_lines=11125414
Simulation finished CPU 6 instructions: 200000005 cycles: 86917434 cumulative IPC: 2.301 (Simulation time: 05 hr 53 min 14 sec)
Simulation complete CPU 9 instructions: 201439460 cycles: 86917434 cumulative IPC: 2.318 (Simulation time: 05 hr 53 min 14 sec)
Simulation complete CPU 8 instructions: 203818096 cycles: 86917434 cumulative IPC: 2.345 (Simulation time: 05 hr 53 min 14 sec)
Simulation complete CPU 7 instructions: 203793536 cycles: 86917434 cumulative IPC: 2.345 (Simulation time: 05 hr 53 min 14 sec)
Simulation complete CPU 6 instructions: 200000005 cycles: 86917434 cumulative IPC: 2.301 (Simulation time: 05 hr 53 min 14 sec)
Simulation complete CPU 5 instructions: 204406365 cycles: 86917434 cumulative IPC: 2.352 (Simulation time: 05 hr 53 min 14 sec)
Simulation complete CPU 4 instructions: 203557198 cycles: 86917434 cumulative IPC: 2.342 (Simulation time: 05 hr 53 min 14 sec)
Simulation complete CPU 31 instructions: 203931160 cycles: 86917434 cumulative IPC: 2.346 (Simulation time: 05 hr 53 min 14 sec)
Simulation complete CPU 30 instructions: 203532578 cycles: 86917434 cumulative IPC: 2.342 (Simulation time: 05 hr 53 min 14 sec)
Simulation complete CPU 3 instructions: 204241705 cycles: 86917434 cumulative IPC: 2.35 (Simulation time: 05 hr 53 min 14 sec)
Simulation complete CPU 29 instructions: 203095574 cycles: 86917434 cumulative IPC: 2.337 (Simulation time: 05 hr 53 min 14 sec)
Simulation complete CPU 28 instructions: 203821758 cycles: 86917434 cumulative IPC: 2.345 (Simulation time: 05 hr 53 min 14 sec)
Simulation complete CPU 27 instructions: 203916038 cycles: 86917434 cumulative IPC: 2.346 (Simulation time: 05 hr 53 min 14 sec)
Simulation complete CPU 26 instructions: 203595956 cycles: 86917434 cumulative IPC: 2.342 (Simulation time: 05 hr 53 min 14 sec)
Simulation complete CPU 25 instructions: 204201268 cycles: 86917434 cumulative IPC: 2.349 (Simulation time: 05 hr 53 min 14 sec)
Simulation complete CPU 24 instructions: 203524347 cycles: 86917434 cumulative IPC: 2.342 (Simulation time: 05 hr 53 min 14 sec)
Simulation complete CPU 23 instructions: 202484148 cycles: 86917434 cumulative IPC: 2.33 (Simulation time: 05 hr 53 min 14 sec)
Simulation complete CPU 22 instructions: 203549823 cycles: 86917434 cumulative IPC: 2.342 (Simulation time: 05 hr 53 min 14 sec)
Simulation complete CPU 21 instructions: 203911329 cycles: 86917434 cumulative IPC: 2.346 (Simulation time: 05 hr 53 min 14 sec)
Simulation complete CPU 20 instructions: 202593160 cycles: 86917434 cumulative IPC: 2.331 (Simulation time: 05 hr 53 min 14 sec)
Simulation complete CPU 2 instructions: 203417047 cycles: 86917434 cumulative IPC: 2.34 (Simulation time: 05 hr 53 min 14 sec)
Simulation complete CPU 19 instructions: 201558976 cycles: 86917434 cumulative IPC: 2.319 (Simulation time: 05 hr 53 min 14 sec)
Simulation complete CPU 18 instructions: 203988068 cycles: 86917434 cumulative IPC: 2.347 (Simulation time: 05 hr 53 min 14 sec)
Simulation complete CPU 17 instructions: 202236847 cycles: 86917434 cumulative IPC: 2.327 (Simulation time: 05 hr 53 min 14 sec)
Simulation complete CPU 16 instructions: 201899089 cycles: 86917434 cumulative IPC: 2.323 (Simulation time: 05 hr 53 min 14 sec)
Simulation complete CPU 15 instructions: 202034674 cycles: 86917434 cumulative IPC: 2.324 (Simulation time: 05 hr 53 min 14 sec)
Simulation complete CPU 14 instructions: 202602488 cycles: 86917434 cumulative IPC: 2.331 (Simulation time: 05 hr 53 min 14 sec)
Simulation complete CPU 13 instructions: 203333867 cycles: 86917434 cumulative IPC: 2.339 (Simulation time: 05 hr 53 min 14 sec)
Simulation complete CPU 12 instructions: 202246924 cycles: 86917434 cumulative IPC: 2.327 (Simulation time: 05 hr 53 min 14 sec)
Simulation complete CPU 11 instructions: 202952407 cycles: 86917434 cumulative IPC: 2.335 (Simulation time: 05 hr 53 min 14 sec)
Simulation complete CPU 10 instructions: 202222584 cycles: 86917434 cumulative IPC: 2.327 (Simulation time: 05 hr 53 min 14 sec)
Simulation complete CPU 1 instructions: 202793107 cycles: 86917434 cumulative IPC: 2.333 (Simulation time: 05 hr 53 min 14 sec)
Simulation complete CPU 0 instructions: 202652564 cycles: 86917434 cumulative IPC: 2.332 (Simulation time: 05 hr 53 min 14 sec)

ChampSim completed all CPUs

=== Simulation ===
CPU 0 runs traces/bench_gemm_q4k_M16_K4096_N128256_spm.trace.xz
CPU 1 runs traces/bench_gemm_q4k_M16_K4096_N128256_spm.trace.xz
CPU 2 runs traces/bench_gemm_q4k_M16_K4096_N128256_spm.trace.xz
CPU 3 runs traces/bench_gemm_q4k_M16_K4096_N128256_spm.trace.xz
CPU 4 runs traces/bench_gemm_q4k_M16_K4096_N128256_spm.trace.xz
CPU 5 runs traces/bench_gemm_q4k_M16_K4096_N128256_spm.trace.xz
CPU 6 runs traces/bench_gemm_q4k_M16_K4096_N128256_spm.trace.xz
CPU 7 runs traces/bench_gemm_q4k_M16_K4096_N128256_spm.trace.xz
CPU 8 runs traces/bench_gemm_q4k_M16_K4096_N128256_spm.trace.xz
CPU 9 runs traces/bench_gemm_q4k_M16_K4096_N128256_spm.trace.xz
CPU 10 runs traces/bench_gemm_q4k_M16_K4096_N128256_spm.trace.xz
CPU 11 runs traces/bench_gemm_q4k_M16_K4096_N128256_spm.trace.xz
CPU 12 runs traces/bench_gemm_q4k_M16_K4096_N128256_spm.trace.xz
CPU 13 runs traces/bench_gemm_q4k_M16_K4096_N128256_spm.trace.xz
CPU 14 runs traces/bench_gemm_q4k_M16_K4096_N128256_spm.trace.xz
CPU 15 runs traces/bench_gemm_q4k_M16_K4096_N128256_spm.trace.xz
CPU 16 runs traces/bench_gemm_q4k_M16_K4096_N128256_spm.trace.xz
CPU 17 runs traces/bench_gemm_q4k_M16_K4096_N128256_spm.trace.xz
CPU 18 runs traces/bench_gemm_q4k_M16_K4096_N128256_spm.trace.xz
CPU 19 runs traces/bench_gemm_q4k_M16_K4096_N128256_spm.trace.xz
CPU 20 runs traces/bench_gemm_q4k_M16_K4096_N128256_spm.trace.xz
CPU 21 runs traces/bench_gemm_q4k_M16_K4096_N128256_spm.trace.xz
CPU 22 runs traces/bench_gemm_q4k_M16_K4096_N128256_spm.trace.xz
CPU 23 runs traces/bench_gemm_q4k_M16_K4096_N128256_spm.trace.xz
CPU 24 runs traces/bench_gemm_q4k_M16_K4096_N128256_spm.trace.xz
CPU 25 runs traces/bench_gemm_q4k_M16_K4096_N128256_spm.trace.xz
CPU 26 runs traces/bench_gemm_q4k_M16_K4096_N128256_spm.trace.xz
CPU 27 runs traces/bench_gemm_q4k_M16_K4096_N128256_spm.trace.xz
CPU 28 runs traces/bench_gemm_q4k_M16_K4096_N128256_spm.trace.xz
CPU 29 runs traces/bench_gemm_q4k_M16_K4096_N128256_spm.trace.xz
CPU 30 runs traces/bench_gemm_q4k_M16_K4096_N128256_spm.trace.xz
CPU 31 runs traces/bench_gemm_q4k_M16_K4096_N128256_spm.trace.xz

Total Simulation Statistics (not including warmup)

CPU 9 cumulative IPC: 2.318 instructions: 201439460 cycles: 86917434
CPU 9 Branch Prediction Accuracy: 99.71% MPKI: 0.0402 Average ROB Occupancy at Mispredict: 476.5
Branch type MPKI
BRANCH_DIRECT_JUMP: 0
BRANCH_INDIRECT: 0
BRANCH_CONDITIONAL: 0.0402
BRANCH_DIRECT_CALL: 0
BRANCH_INDIRECT_CALL: 0
BRANCH_RETURN: 0


CPU 8 cumulative IPC: 2.345 instructions: 203818096 cycles: 86917434
CPU 8 Branch Prediction Accuracy: 99.71% MPKI: 0.04019 Average ROB Occupancy at Mispredict: 476.4
Branch type MPKI
BRANCH_DIRECT_JUMP: 0
BRANCH_INDIRECT: 0
BRANCH_CONDITIONAL: 0.04019
BRANCH_DIRECT_CALL: 0
BRANCH_INDIRECT_CALL: 0
BRANCH_RETURN: 0


CPU 7 cumulative IPC: 2.345 instructions: 203793536 cycles: 86917434
CPU 7 Branch Prediction Accuracy: 99.71% MPKI: 0.04019 Average ROB Occupancy at Mispredict: 479.5
Branch type MPKI
BRANCH_DIRECT_JUMP: 0
BRANCH_INDIRECT: 0
BRANCH_CONDITIONAL: 0.04019
BRANCH_DIRECT_CALL: 0
BRANCH_INDIRECT_CALL: 0
BRANCH_RETURN: 0


CPU 6 cumulative IPC: 2.301 instructions: 200000005 cycles: 86917434
CPU 6 Branch Prediction Accuracy: 99.71% MPKI: 0.04019 Average ROB Occupancy at Mispredict: 477.2
Branch type MPKI
BRANCH_DIRECT_JUMP: 0
BRANCH_INDIRECT: 0
BRANCH_CONDITIONAL: 0.04019
BRANCH_DIRECT_CALL: 0
BRANCH_INDIRECT_CALL: 0
BRANCH_RETURN: 0


CPU 5 cumulative IPC: 2.352 instructions: 204406365 cycles: 86917434
CPU 5 Branch Prediction Accuracy: 99.71% MPKI: 0.04019 Average ROB Occupancy at Mispredict: 483.3
Branch type MPKI
BRANCH_DIRECT_JUMP: 0
BRANCH_INDIRECT: 0
BRANCH_CONDITIONAL: 0.04019
BRANCH_DIRECT_CALL: 0
BRANCH_INDIRECT_CALL: 0
BRANCH_RETURN: 0


CPU 4 cumulative IPC: 2.342 instructions: 203557198 cycles: 86917434
CPU 4 Branch Prediction Accuracy: 99.71% MPKI: 0.04019 Average ROB Occupancy at Mispredict: 483.3
Branch type MPKI
BRANCH_DIRECT_JUMP: 0
BRANCH_INDIRECT: 0
BRANCH_CONDITIONAL: 0.04019
BRANCH_DIRECT_CALL: 0
BRANCH_INDIRECT_CALL: 0
BRANCH_RETURN: 0


CPU 31 cumulative IPC: 2.346 instructions: 203931160 cycles: 86917434
CPU 31 Branch Prediction Accuracy: 99.71% MPKI: 0.04019 Average ROB Occupancy at Mispredict: 483.3
Branch type MPKI
BRANCH_DIRECT_JUMP: 0
BRANCH_INDIRECT: 0
BRANCH_CONDITIONAL: 0.04019
BRANCH_DIRECT_CALL: 0
BRANCH_INDIRECT_CALL: 0
BRANCH_RETURN: 0


CPU 30 cumulative IPC: 2.342 instructions: 203532578 cycles: 86917434
CPU 30 Branch Prediction Accuracy: 99.71% MPKI: 0.04019 Average ROB Occupancy at Mispredict: 477.5
Branch type MPKI
BRANCH_DIRECT_JUMP: 0
BRANCH_INDIRECT: 0
BRANCH_CONDITIONAL: 0.04019
BRANCH_DIRECT_CALL: 0
BRANCH_INDIRECT_CALL: 0
BRANCH_RETURN: 0


CPU 3 cumulative IPC: 2.35 instructions: 204241705 cycles: 86917434
CPU 3 Branch Prediction Accuracy: 99.71% MPKI: 0.04019 Average ROB Occupancy at Mispredict: 483.3
Branch type MPKI
BRANCH_DIRECT_JUMP: 0
BRANCH_INDIRECT: 0
BRANCH_CONDITIONAL: 0.04019
BRANCH_DIRECT_CALL: 0
BRANCH_INDIRECT_CALL: 0
BRANCH_RETURN: 0


CPU 29 cumulative IPC: 2.337 instructions: 203095574 cycles: 86917434
CPU 29 Branch Prediction Accuracy: 99.71% MPKI: 0.04019 Average ROB Occupancy at Mispredict: 479.2
Branch type MPKI
BRANCH_DIRECT_JUMP: 0
BRANCH_INDIRECT: 0
BRANCH_CONDITIONAL: 0.04019
BRANCH_DIRECT_CALL: 0
BRANCH_INDIRECT_CALL: 0
BRANCH_RETURN: 0


CPU 28 cumulative IPC: 2.345 instructions: 203821758 cycles: 86917434
CPU 28 Branch Prediction Accuracy: 99.71% MPKI: 0.04019 Average ROB Occupancy at Mispredict: 483.3
Branch type MPKI
BRANCH_DIRECT_JUMP: 0
BRANCH_INDIRECT: 0
BRANCH_CONDITIONAL: 0.04019
BRANCH_DIRECT_CALL: 0
BRANCH_INDIRECT_CALL: 0
BRANCH_RETURN: 0


CPU 27 cumulative IPC: 2.346 instructions: 203916038 cycles: 86917434
CPU 27 Branch Prediction Accuracy: 99.71% MPKI: 0.04019 Average ROB Occupancy at Mispredict: 483.3
Branch type MPKI
BRANCH_DIRECT_JUMP: 0
BRANCH_INDIRECT: 0
BRANCH_CONDITIONAL: 0.04019
BRANCH_DIRECT_CALL: 0
BRANCH_INDIRECT_CALL: 0
BRANCH_RETURN: 0


CPU 26 cumulative IPC: 2.342 instructions: 203595956 cycles: 86917434
CPU 26 Branch Prediction Accuracy: 99.71% MPKI: 0.04019 Average ROB Occupancy at Mispredict: 479.5
Branch type MPKI
BRANCH_DIRECT_JUMP: 0
BRANCH_INDIRECT: 0
BRANCH_CONDITIONAL: 0.04019
BRANCH_DIRECT_CALL: 0
BRANCH_INDIRECT_CALL: 0
BRANCH_RETURN: 0


CPU 25 cumulative IPC: 2.349 instructions: 204201268 cycles: 86917434
CPU 25 Branch Prediction Accuracy: 99.71% MPKI: 0.04019 Average ROB Occupancy at Mispredict: 483.3
Branch type MPKI
BRANCH_DIRECT_JUMP: 0
BRANCH_INDIRECT: 0
BRANCH_CONDITIONAL: 0.04019
BRANCH_DIRECT_CALL: 0
BRANCH_INDIRECT_CALL: 0
BRANCH_RETURN: 0


CPU 24 cumulative IPC: 2.342 instructions: 203524347 cycles: 86917434
CPU 24 Branch Prediction Accuracy: 99.71% MPKI: 0.04019 Average ROB Occupancy at Mispredict: 477.4
Branch type MPKI
BRANCH_DIRECT_JUMP: 0
BRANCH_INDIRECT: 0
BRANCH_CONDITIONAL: 0.04019
BRANCH_DIRECT_CALL: 0
BRANCH_INDIRECT_CALL: 0
BRANCH_RETURN: 0


CPU 23 cumulative IPC: 2.33 instructions: 202484148 cycles: 86917434
CPU 23 Branch Prediction Accuracy: 99.71% MPKI: 0.04019 Average ROB Occupancy at Mispredict: 477
Branch type MPKI
BRANCH_DIRECT_JUMP: 0
BRANCH_INDIRECT: 0
BRANCH_CONDITIONAL: 0.04019
BRANCH_DIRECT_CALL: 0
BRANCH_INDIRECT_CALL: 0
BRANCH_RETURN: 0


CPU 22 cumulative IPC: 2.342 instructions: 203549823 cycles: 86917434
CPU 22 Branch Prediction Accuracy: 99.71% MPKI: 0.04019 Average ROB Occupancy at Mispredict: 483.3
Branch type MPKI
BRANCH_DIRECT_JUMP: 0
BRANCH_INDIRECT: 0
BRANCH_CONDITIONAL: 0.04019
BRANCH_DIRECT_CALL: 0
BRANCH_INDIRECT_CALL: 0
BRANCH_RETURN: 0


CPU 21 cumulative IPC: 2.346 instructions: 203911329 cycles: 86917434
CPU 21 Branch Prediction Accuracy: 99.71% MPKI: 0.04019 Average ROB Occupancy at Mispredict: 477.2
Branch type MPKI
BRANCH_DIRECT_JUMP: 0
BRANCH_INDIRECT: 0
BRANCH_CONDITIONAL: 0.04019
BRANCH_DIRECT_CALL: 0
BRANCH_INDIRECT_CALL: 0
BRANCH_RETURN: 0


CPU 20 cumulative IPC: 2.331 instructions: 202593160 cycles: 86917434
CPU 20 Branch Prediction Accuracy: 99.71% MPKI: 0.04019 Average ROB Occupancy at Mispredict: 477.2
Branch type MPKI
BRANCH_DIRECT_JUMP: 0
BRANCH_INDIRECT: 0
BRANCH_CONDITIONAL: 0.04019
BRANCH_DIRECT_CALL: 0
BRANCH_INDIRECT_CALL: 0
BRANCH_RETURN: 0


CPU 2 cumulative IPC: 2.34 instructions: 203417047 cycles: 86917434
CPU 2 Branch Prediction Accuracy: 99.71% MPKI: 0.04019 Average ROB Occupancy at Mispredict: 476.4
Branch type MPKI
BRANCH_DIRECT_JUMP: 0
BRANCH_INDIRECT: 0
BRANCH_CONDITIONAL: 0.04019
BRANCH_DIRECT_CALL: 0
BRANCH_INDIRECT_CALL: 0
BRANCH_RETURN: 0


CPU 19 cumulative IPC: 2.319 instructions: 201558976 cycles: 86917434
CPU 19 Branch Prediction Accuracy: 99.71% MPKI: 0.04019 Average ROB Occupancy at Mispredict: 483.3
Branch type MPKI
BRANCH_DIRECT_JUMP: 0
BRANCH_INDIRECT: 0
BRANCH_CONDITIONAL: 0.04019
BRANCH_DIRECT_CALL: 0
BRANCH_INDIRECT_CALL: 0
BRANCH_RETURN: 0


CPU 18 cumulative IPC: 2.347 instructions: 203988068 cycles: 86917434
CPU 18 Branch Prediction Accuracy: 99.71% MPKI: 0.04019 Average ROB Occupancy at Mispredict: 483.3
Branch type MPKI
BRANCH_DIRECT_JUMP: 0
BRANCH_INDIRECT: 0
BRANCH_CONDITIONAL: 0.04019
BRANCH_DIRECT_CALL: 0
BRANCH_INDIRECT_CALL: 0
BRANCH_RETURN: 0


CPU 17 cumulative IPC: 2.327 instructions: 202236847 cycles: 86917434
CPU 17 Branch Prediction Accuracy: 99.71% MPKI: 0.04019 Average ROB Occupancy at Mispredict: 477.1
Branch type MPKI
BRANCH_DIRECT_JUMP: 0
BRANCH_INDIRECT: 0
BRANCH_CONDITIONAL: 0.04019
BRANCH_DIRECT_CALL: 0
BRANCH_INDIRECT_CALL: 0
BRANCH_RETURN: 0


CPU 16 cumulative IPC: 2.323 instructions: 201899089 cycles: 86917434
CPU 16 Branch Prediction Accuracy: 99.71% MPKI: 0.04019 Average ROB Occupancy at Mispredict: 483.3
Branch type MPKI
BRANCH_DIRECT_JUMP: 0
BRANCH_INDIRECT: 0
BRANCH_CONDITIONAL: 0.04019
BRANCH_DIRECT_CALL: 0
BRANCH_INDIRECT_CALL: 0
BRANCH_RETURN: 0


CPU 15 cumulative IPC: 2.324 instructions: 202034674 cycles: 86917434
CPU 15 Branch Prediction Accuracy: 99.71% MPKI: 0.04019 Average ROB Occupancy at Mispredict: 483.3
Branch type MPKI
BRANCH_DIRECT_JUMP: 0
BRANCH_INDIRECT: 0
BRANCH_CONDITIONAL: 0.04019
BRANCH_DIRECT_CALL: 0
BRANCH_INDIRECT_CALL: 0
BRANCH_RETURN: 0


CPU 14 cumulative IPC: 2.331 instructions: 202602488 cycles: 86917434
CPU 14 Branch Prediction Accuracy: 99.71% MPKI: 0.04019 Average ROB Occupancy at Mispredict: 477.2
Branch type MPKI
BRANCH_DIRECT_JUMP: 0
BRANCH_INDIRECT: 0
BRANCH_CONDITIONAL: 0.04019
BRANCH_DIRECT_CALL: 0
BRANCH_INDIRECT_CALL: 0
BRANCH_RETURN: 0


CPU 13 cumulative IPC: 2.339 instructions: 203333867 cycles: 86917434
CPU 13 Branch Prediction Accuracy: 99.71% MPKI: 0.04019 Average ROB Occupancy at Mispredict: 483.3
Branch type MPKI
BRANCH_DIRECT_JUMP: 0
BRANCH_INDIRECT: 0
BRANCH_CONDITIONAL: 0.04019
BRANCH_DIRECT_CALL: 0
BRANCH_INDIRECT_CALL: 0
BRANCH_RETURN: 0


CPU 12 cumulative IPC: 2.327 instructions: 202246924 cycles: 86917434
CPU 12 Branch Prediction Accuracy: 99.71% MPKI: 0.04019 Average ROB Occupancy at Mispredict: 477.1
Branch type MPKI
BRANCH_DIRECT_JUMP: 0
BRANCH_INDIRECT: 0
BRANCH_CONDITIONAL: 0.04019
BRANCH_DIRECT_CALL: 0
BRANCH_INDIRECT_CALL: 0
BRANCH_RETURN: 0


CPU 11 cumulative IPC: 2.335 instructions: 202952407 cycles: 86917434
CPU 11 Branch Prediction Accuracy: 99.71% MPKI: 0.04019 Average ROB Occupancy at Mispredict: 479.3
Branch type MPKI
BRANCH_DIRECT_JUMP: 0
BRANCH_INDIRECT: 0
BRANCH_CONDITIONAL: 0.04019
BRANCH_DIRECT_CALL: 0
BRANCH_INDIRECT_CALL: 0
BRANCH_RETURN: 0


CPU 10 cumulative IPC: 2.327 instructions: 202222584 cycles: 86917434
CPU 10 Branch Prediction Accuracy: 99.71% MPKI: 0.04019 Average ROB Occupancy at Mispredict: 477
Branch type MPKI
BRANCH_DIRECT_JUMP: 0
BRANCH_INDIRECT: 0
BRANCH_CONDITIONAL: 0.04019
BRANCH_DIRECT_CALL: 0
BRANCH_INDIRECT_CALL: 0
BRANCH_RETURN: 0


CPU 1 cumulative IPC: 2.333 instructions: 202793107 cycles: 86917434
CPU 1 Branch Prediction Accuracy: 99.71% MPKI: 0.04019 Average ROB Occupancy at Mispredict: 477.2
Branch type MPKI
BRANCH_DIRECT_JUMP: 0
BRANCH_INDIRECT: 0
BRANCH_CONDITIONAL: 0.04019
BRANCH_DIRECT_CALL: 0
BRANCH_INDIRECT_CALL: 0
BRANCH_RETURN: 0


CPU 0 cumulative IPC: 2.332 instructions: 202652564 cycles: 86917434
CPU 0 Branch Prediction Accuracy: 99.71% MPKI: 0.04019 Average ROB Occupancy at Mispredict: 477.1
Branch type MPKI
BRANCH_DIRECT_JUMP: 0
BRANCH_INDIRECT: 0
BRANCH_CONDITIONAL: 0.04019
BRANCH_DIRECT_CALL: 0
BRANCH_INDIRECT_CALL: 0
BRANCH_RETURN: 0

cpu9->cpu9_STLB TOTAL        ACCESS:      11968 HIT:       7550 MISS:       4418 MSHR_MERGE:          0
cpu9->cpu9_STLB LOAD         ACCESS:      11968 HIT:       7550 MISS:       4418 MSHR_MERGE:          0
cpu9->cpu9_STLB RFO          ACCESS:          0 HIT:          0 MISS:          0 MSHR_MERGE:          0
cpu9->cpu9_STLB PREFETCH     ACCESS:          0 HIT:          0 MISS:          0 MSHR_MERGE:          0
cpu9->cpu9_STLB WRITE        ACCESS:          0 HIT:          0 MISS:          0 MSHR_MERGE:          0
cpu9->cpu9_STLB TRANSLATION  ACCESS:          0 HIT:          0 MISS:          0 MSHR_MERGE:          0
cpu9->cpu9_STLB PREFETCH REQUESTED:          0 ISSUED:          0 USEFUL:          0 USELESS:          0
cpu9->cpu9_STLB AVERAGE MISS LATENCY: 684.8 cycles
cpu9->cpu9_L2C TOTAL        ACCESS:   22926427 HIT:          0 MISS:   22926427 MSHR_MERGE:          0
cpu9->cpu9_L2C LOAD         ACCESS:   20507867 HIT:          0 MISS:   20507867 MSHR_MERGE:          0
cpu9->cpu9_L2C RFO          ACCESS:    2409715 HIT:          0 MISS:    2409715 MSHR_MERGE:          0
cpu9->cpu9_L2C PREFETCH     ACCESS:          1 HIT:          0 MISS:          1 MSHR_MERGE:          0
cpu9->cpu9_L2C WRITE        ACCESS:          0 HIT:          0 MISS:          0 MSHR_MERGE:          0
cpu9->cpu9_L2C TRANSLATION  ACCESS:       8844 HIT:          0 MISS:       8844 MSHR_MERGE:          0
cpu9->cpu9_L2C PREFETCH REQUESTED:          0 ISSUED:          0 USEFUL:          0 USELESS:          0
cpu9->cpu9_L2C AVERAGE MISS LATENCY: 18.43 cycles
cpu9->cpu9_L1I TOTAL        ACCESS:   72682256 HIT:   72682255 MISS:          1 MSHR_MERGE:          0
cpu9->cpu9_L1I LOAD         ACCESS:   36347993 HIT:   36347993 MISS:          0 MSHR_MERGE:          0
cpu9->cpu9_L1I RFO          ACCESS:          0 HIT:          0 MISS:          0 MSHR_MERGE:          0
cpu9->cpu9_L1I PREFETCH     ACCESS:   36334263 HIT:   36334262 MISS:          1 MSHR_MERGE:          0
cpu9->cpu9_L1I WRITE        ACCESS:          0 HIT:          0 MISS:          0 MSHR_MERGE:          0
cpu9->cpu9_L1I TRANSLATION  ACCESS:          0 HIT:          0 MISS:          0 MSHR_MERGE:          0
cpu9->cpu9_L1I PREFETCH REQUESTED:   36347993 ISSUED:   36334231 USEFUL:          0 USELESS:          0
cpu9->cpu9_L1I AVERAGE MISS LATENCY: - cycles
cpu9->cpu9_L1D TOTAL        ACCESS:   33801057 HIT:          0 MISS:   33801057 MSHR_MERGE:   10874632
cpu9->cpu9_L1D LOAD         ACCESS:   26734646 HIT:          0 MISS:   26734646 MSHR_MERGE:    6226780
cpu9->cpu9_L1D RFO          ACCESS:          0 HIT:          0 MISS:          0 MSHR_MERGE:          0
cpu9->cpu9_L1D PREFETCH     ACCESS:          0 HIT:          0 MISS:          0 MSHR_MERGE:          0
cpu9->cpu9_L1D WRITE        ACCESS:    7057567 HIT:          0 MISS:    7057567 MSHR_MERGE:    4647852
cpu9->cpu9_L1D TRANSLATION  ACCESS:       8844 HIT:          0 MISS:       8844 MSHR_MERGE:          0
cpu9->cpu9_L1D PREFETCH REQUESTED:          0 ISSUED:          0 USEFUL:          0 USELESS:          0
cpu9->cpu9_L1D AVERAGE MISS LATENCY: 21.43 cycles
cpu9->cpu9_ITLB TOTAL        ACCESS:   48694956 HIT:   48694956 MISS:          0 MSHR_MERGE:          0
cpu9->cpu9_ITLB LOAD         ACCESS:   48694956 HIT:   48694956 MISS:          0 MSHR_MERGE:          0
cpu9->cpu9_ITLB RFO          ACCESS:          0 HIT:          0 MISS:          0 MSHR_MERGE:          0
cpu9->cpu9_ITLB PREFETCH     ACCESS:          0 HIT:          0 MISS:          0 MSHR_MERGE:          0
cpu9->cpu9_ITLB WRITE        ACCESS:          0 HIT:          0 MISS:          0 MSHR_MERGE:          0
cpu9->cpu9_ITLB TRANSLATION  ACCESS:          0 HIT:          0 MISS:          0 MSHR_MERGE:          0
cpu9->cpu9_ITLB PREFETCH REQUESTED:          0 ISSUED:          0 USEFUL:          0 USELESS:          0
cpu9->cpu9_ITLB AVERAGE MISS LATENCY: - cycles
cpu9->cpu9_DTLB TOTAL        ACCESS:   33703203 HIT:   33661861 MISS:      41342 MSHR_MERGE:      29374
cpu9->cpu9_DTLB LOAD         ACCESS:   33703203 HIT:   33661861 MISS:      41342 MSHR_MERGE:      29374
cpu9->cpu9_DTLB RFO          ACCESS:          0 HIT:          0 MISS:          0 MSHR_MERGE:          0
cpu9->cpu9_DTLB PREFETCH     ACCESS:          0 HIT:          0 MISS:          0 MSHR_MERGE:          0
cpu9->cpu9_DTLB WRITE        ACCESS:          0 HIT:          0 MISS:          0 MSHR_MERGE:          0
cpu9->cpu9_DTLB TRANSLATION  ACCESS:          0 HIT:          0 MISS:          0 MSHR_MERGE:          0
cpu9->cpu9_DTLB PREFETCH REQUESTED:          0 ISSUED:          0 USEFUL:          0 USELESS:          0
cpu9->cpu9_DTLB AVERAGE MISS LATENCY: 258.2 cycles
cpu8->cpu8_STLB TOTAL        ACCESS:      12100 HIT:       7637 MISS:       4463 MSHR_MERGE:          0
cpu8->cpu8_STLB LOAD         ACCESS:      12100 HIT:       7637 MISS:       4463 MSHR_MERGE:          0
cpu8->cpu8_STLB RFO          ACCESS:          0 HIT:          0 MISS:          0 MSHR_MERGE:          0
cpu8->cpu8_STLB PREFETCH     ACCESS:          0 HIT:          0 MISS:          0 MSHR_MERGE:          0
cpu8->cpu8_STLB WRITE        ACCESS:          0 HIT:          0 MISS:          0 MSHR_MERGE:          0
cpu8->cpu8_STLB TRANSLATION  ACCESS:          0 HIT:          0 MISS:          0 MSHR_MERGE:          0
cpu8->cpu8_STLB PREFETCH REQUESTED:          0 ISSUED:          0 USEFUL:          0 USELESS:          0
cpu8->cpu8_STLB AVERAGE MISS LATENCY: 691.2 cycles
cpu8->cpu8_L2C TOTAL        ACCESS:   23136868 HIT:          0 MISS:   23136868 MSHR_MERGE:          0
cpu8->cpu8_L2C LOAD         ACCESS:   20722159 HIT:          0 MISS:   20722159 MSHR_MERGE:          0
cpu8->cpu8_L2C RFO          ACCESS:    2405774 HIT:          0 MISS:    2405774 MSHR_MERGE:          0
cpu8->cpu8_L2C PREFETCH     ACCESS:          1 HIT:          0 MISS:          1 MSHR_MERGE:          0
cpu8->cpu8_L2C WRITE        ACCESS:          0 HIT:          0 MISS:          0 MSHR_MERGE:          0
cpu8->cpu8_L2C TRANSLATION  ACCESS:       8934 HIT:          0 MISS:       8934 MSHR_MERGE:          0
cpu8->cpu8_L2C PREFETCH REQUESTED:          0 ISSUED:          0 USEFUL:          0 USELESS:          0
cpu8->cpu8_L2C AVERAGE MISS LATENCY: 18.12 cycles
cpu8->cpu8_L1I TOTAL        ACCESS:   73619486 HIT:   73619485 MISS:          1 MSHR_MERGE:          0
cpu8->cpu8_L1I LOAD         ACCESS:   36815834 HIT:   36815834 MISS:          0 MSHR_MERGE:          0
cpu8->cpu8_L1I RFO          ACCESS:          0 HIT:          0 MISS:          0 MSHR_MERGE:          0
cpu8->cpu8_L1I PREFETCH     ACCESS:   36803652 HIT:   36803651 MISS:          1 MSHR_MERGE:          0
cpu8->cpu8_L1I WRITE        ACCESS:          0 HIT:          0 MISS:          0 MSHR_MERGE:          0
cpu8->cpu8_L1I TRANSLATION  ACCESS:          0 HIT:          0 MISS:          0 MSHR_MERGE:          0
cpu8->cpu8_L1I PREFETCH REQUESTED:   36815834 ISSUED:   36803628 USEFUL:          0 USELESS:          0
cpu8->cpu8_L1I AVERAGE MISS LATENCY: - cycles
cpu8->cpu8_L1D TOTAL        ACCESS:   34260318 HIT:          0 MISS:   34260318 MSHR_MERGE:   11123453
cpu8->cpu8_L1D LOAD         ACCESS:   27110504 HIT:          0 MISS:   27110504 MSHR_MERGE:    6388346
cpu8->cpu8_L1D RFO          ACCESS:          0 HIT:          0 MISS:          0 MSHR_MERGE:          0
cpu8->cpu8_L1D PREFETCH     ACCESS:          0 HIT:          0 MISS:          0 MSHR_MERGE:          0
cpu8->cpu8_L1D WRITE        ACCESS:    7140880 HIT:          0 MISS:    7140880 MSHR_MERGE:    4735107
cpu8->cpu8_L1D TRANSLATION  ACCESS:       8934 HIT:          0 MISS:       8934 MSHR_MERGE:          0
cpu8->cpu8_L1D PREFETCH REQUESTED:          0 ISSUED:          0 USEFUL:          0 USELESS:          0
cpu8->cpu8_L1D AVERAGE MISS LATENCY: 21.13 cycles
cpu8->cpu8_ITLB TOTAL        ACCESS:   49779778 HIT:   49779778 MISS:          0 MSHR_MERGE:          0
cpu8->cpu8_ITLB LOAD         ACCESS:   49779778 HIT:   49779778 MISS:          0 MSHR_MERGE:          0
cpu8->cpu8_ITLB RFO          ACCESS:          0 HIT:          0 MISS:          0 MSHR_MERGE:          0
cpu8->cpu8_ITLB PREFETCH     ACCESS:          0 HIT:          0 MISS:          0 MSHR_MERGE:          0
cpu8->cpu8_ITLB WRITE        ACCESS:          0 HIT:          0 MISS:          0 MSHR_MERGE:          0
cpu8->cpu8_ITLB TRANSLATION  ACCESS:          0 HIT:          0 MISS:          0 MSHR_MERGE:          0
cpu8->cpu8_ITLB PREFETCH REQUESTED:          0 ISSUED:          0 USEFUL:          0 USELESS:          0
cpu8->cpu8_ITLB AVERAGE MISS LATENCY: - cycles
cpu8->cpu8_DTLB TOTAL        ACCESS:   34185155 HIT:   34143254 MISS:      41901 MSHR_MERGE:      29801
cpu8->cpu8_DTLB LOAD         ACCESS:   34185155 HIT:   34143254 MISS:      41901 MSHR_MERGE:      29801
cpu8->cpu8_DTLB RFO          ACCESS:          0 HIT:          0 MISS:          0 MSHR_MERGE:          0
cpu8->cpu8_DTLB PREFETCH     ACCESS:          0 HIT:          0 MISS:          0 MSHR_MERGE:          0
cpu8->cpu8_DTLB WRITE        ACCESS:          0 HIT:          0 MISS:          0 MSHR_MERGE:          0
cpu8->cpu8_DTLB TRANSLATION  ACCESS:          0 HIT:          0 MISS:          0 MSHR_MERGE:          0
cpu8->cpu8_DTLB PREFETCH REQUESTED:          0 ISSUED:          0 USEFUL:          0 USELESS:          0
cpu8->cpu8_DTLB AVERAGE MISS LATENCY: 260.3 cycles
cpu7->cpu7_STLB TOTAL        ACCESS:      12099 HIT:       7636 MISS:       4463 MSHR_MERGE:          0
cpu7->cpu7_STLB LOAD         ACCESS:      12099 HIT:       7636 MISS:       4463 MSHR_MERGE:          0
cpu7->cpu7_STLB RFO          ACCESS:          0 HIT:          0 MISS:          0 MSHR_MERGE:          0
cpu7->cpu7_STLB PREFETCH     ACCESS:          0 HIT:          0 MISS:          0 MSHR_MERGE:          0
cpu7->cpu7_STLB WRITE        ACCESS:          0 HIT:          0 MISS:          0 MSHR_MERGE:          0
cpu7->cpu7_STLB TRANSLATION  ACCESS:          0 HIT:          0 MISS:          0 MSHR_MERGE:          0
cpu7->cpu7_STLB PREFETCH REQUESTED:          0 ISSUED:          0 USEFUL:          0 USELESS:          0
cpu7->cpu7_STLB AVERAGE MISS LATENCY: 692.4 cycles
cpu7->cpu7_L2C TOTAL        ACCESS:   23138383 HIT:          0 MISS:   23138383 MSHR_MERGE:          0
cpu7->cpu7_L2C LOAD         ACCESS:   20689040 HIT:          0 MISS:   20689040 MSHR_MERGE:          0
cpu7->cpu7_L2C RFO          ACCESS:    2440408 HIT:          0 MISS:    2440408 MSHR_MERGE:          0
cpu7->cpu7_L2C PREFETCH     ACCESS:          1 HIT:          0 MISS:          1 MSHR_MERGE:          0
cpu7->cpu7_L2C WRITE        ACCESS:          0 HIT:          0 MISS:          0 MSHR_MERGE:          0
cpu7->cpu7_L2C TRANSLATION  ACCESS:       8934 HIT:          0 MISS:       8934 MSHR_MERGE:          0
cpu7->cpu7_L2C PREFETCH REQUESTED:          0 ISSUED:          0 USEFUL:          0 USELESS:          0
cpu7->cpu7_L2C AVERAGE MISS LATENCY: 18.12 cycles
cpu7->cpu7_L1I TOTAL        ACCESS:   73396567 HIT:   73396566 MISS:          1 MSHR_MERGE:          0
cpu7->cpu7_L1I LOAD         ACCESS:   36704457 HIT:   36704457 MISS:          0 MSHR_MERGE:          0
cpu7->cpu7_L1I RFO          ACCESS:          0 HIT:          0 MISS:          0 MSHR_MERGE:          0
cpu7->cpu7_L1I PREFETCH     ACCESS:   36692110 HIT:   36692109 MISS:          1 MSHR_MERGE:          0
cpu7->cpu7_L1I WRITE        ACCESS:          0 HIT:          0 MISS:          0 MSHR_MERGE:          0
cpu7->cpu7_L1I TRANSLATION  ACCESS:          0 HIT:          0 MISS:          0 MSHR_MERGE:          0
cpu7->cpu7_L1I PREFETCH REQUESTED:   36704457 ISSUED:   36692089 USEFUL:          0 USELESS:          0
cpu7->cpu7_L1I AVERAGE MISS LATENCY: - cycles
cpu7->cpu7_L1D TOTAL        ACCESS:   34027997 HIT:          0 MISS:   34027997 MSHR_MERGE:   10889615
cpu7->cpu7_L1D LOAD         ACCESS:   26879041 HIT:          0 MISS:   26879041 MSHR_MERGE:    6190001
cpu7->cpu7_L1D RFO          ACCESS:          0 HIT:          0 MISS:          0 MSHR_MERGE:          0
cpu7->cpu7_L1D PREFETCH     ACCESS:          0 HIT:          0 MISS:          0 MSHR_MERGE:          0
cpu7->cpu7_L1D WRITE        ACCESS:    7140022 HIT:          0 MISS:    7140022 MSHR_MERGE:    4699614
cpu7->cpu7_L1D TRANSLATION  ACCESS:       8934 HIT:          0 MISS:       8934 MSHR_MERGE:          0
cpu7->cpu7_L1D PREFETCH REQUESTED:          0 ISSUED:          0 USEFUL:          0 USELESS:          0
cpu7->cpu7_L1D AVERAGE MISS LATENCY: 21.13 cycles
cpu7->cpu7_ITLB TOTAL        ACCESS:   49607206 HIT:   49607206 MISS:          0 MSHR_MERGE:          0
cpu7->cpu7_ITLB LOAD         ACCESS:   49607206 HIT:   49607206 MISS:          0 MSHR_MERGE:          0
cpu7->cpu7_ITLB RFO          ACCESS:          0 HIT:          0 MISS:          0 MSHR_MERGE:          0
cpu7->cpu7_ITLB PREFETCH     ACCESS:          0 HIT:          0 MISS:          0 MSHR_MERGE:          0
cpu7->cpu7_ITLB WRITE        ACCESS:          0 HIT:          0 MISS:          0 MSHR_MERGE:          0
cpu7->cpu7_ITLB TRANSLATION  ACCESS:          0 HIT:          0 MISS:          0 MSHR_MERGE:          0
cpu7->cpu7_ITLB PREFETCH REQUESTED:          0 ISSUED:          0 USEFUL:          0 USELESS:          0
cpu7->cpu7_ITLB AVERAGE MISS LATENCY: - cycles
cpu7->cpu7_DTLB TOTAL        ACCESS:   34016056 HIT:   33974127 MISS:      41929 MSHR_MERGE:      29830
cpu7->cpu7_DTLB LOAD         ACCESS:   34016056 HIT:   33974127 MISS:      41929 MSHR_MERGE:      29830
cpu7->cpu7_DTLB RFO          ACCESS:          0 HIT:          0 MISS:          0 MSHR_MERGE:          0
cpu7->cpu7_DTLB PREFETCH     ACCESS:          0 HIT:          0 MISS:          0 MSHR_MERGE:          0
cpu7->cpu7_DTLB WRITE        ACCESS:          0 HIT:          0 MISS:          0 MSHR_MERGE:          0
cpu7->cpu7_DTLB TRANSLATION  ACCESS:          0 HIT:          0 MISS:          0 MSHR_MERGE:          0
cpu7->cpu7_DTLB PREFETCH REQUESTED:          0 ISSUED:          0 USEFUL:          0 USELESS:          0
cpu7->cpu7_DTLB AVERAGE MISS LATENCY: 260.8 cycles
cpu6->cpu6_STLB TOTAL        ACCESS:      11873 HIT:       7495 MISS:       4378 MSHR_MERGE:          0
cpu6->cpu6_STLB LOAD         ACCESS:      11873 HIT:       7495 MISS:       4378 MSHR_MERGE:          0
cpu6->cpu6_STLB RFO          ACCESS:          0 HIT:          0 MISS:          0 MSHR_MERGE:          0
cpu6->cpu6_STLB PREFETCH     ACCESS:          0 HIT:          0 MISS:          0 MSHR_MERGE:          0
cpu6->cpu6_STLB WRITE        ACCESS:          0 HIT:          0 MISS:          0 MSHR_MERGE:          0
cpu6->cpu6_STLB TRANSLATION  ACCESS:          0 HIT:          0 MISS:          0 MSHR_MERGE:          0
cpu6->cpu6_STLB PREFETCH REQUESTED:          0 ISSUED:          0 USEFUL:          0 USELESS:          0
cpu6->cpu6_STLB AVERAGE MISS LATENCY: 690.6 cycles
cpu6->cpu6_L2C TOTAL        ACCESS:   22611738 HIT:          0 MISS:   22611738 MSHR_MERGE:          0
cpu6->cpu6_L2C LOAD         ACCESS:   20240273 HIT:          0 MISS:   20240273 MSHR_MERGE:          0
cpu6->cpu6_L2C RFO          ACCESS:    2362700 HIT:          0 MISS:    2362700 MSHR_MERGE:          0
cpu6->cpu6_L2C PREFETCH     ACCESS:          1 HIT:          0 MISS:          1 MSHR_MERGE:          0
cpu6->cpu6_L2C WRITE        ACCESS:          0 HIT:          0 MISS:          0 MSHR_MERGE:          0
cpu6->cpu6_L2C TRANSLATION  ACCESS:       8764 HIT:          0 MISS:       8764 MSHR_MERGE:          0
cpu6->cpu6_L2C PREFETCH REQUESTED:          0 ISSUED:          0 USEFUL:          0 USELESS:          0
cpu6->cpu6_L2C AVERAGE MISS LATENCY: 18.44 cycles
cpu6->cpu6_L1I TOTAL        ACCESS:   72198018 HIT:   72198017 MISS:          1 MSHR_MERGE:          0
cpu6->cpu6_L1I LOAD         ACCESS:   36105058 HIT:   36105058 MISS:          0 MSHR_MERGE:          0
cpu6->cpu6_L1I RFO          ACCESS:          0 HIT:          0 MISS:          0 MSHR_MERGE:          0
cpu6->cpu6_L1I PREFETCH     ACCESS:   36092960 HIT:   36092959 MISS:          1 MSHR_MERGE:          0
cpu6->cpu6_L1I WRITE        ACCESS:          0 HIT:          0 MISS:          0 MSHR_MERGE:          0
cpu6->cpu6_L1I TRANSLATION  ACCESS:          0 HIT:          0 MISS:          0 MSHR_MERGE:          0
cpu6->cpu6_L1I PREFETCH REQUESTED:   36105058 ISSUED:   36092934 USEFUL:          0 USELESS:          0
cpu6->cpu6_L1I AVERAGE MISS LATENCY: - cycles
cpu6->cpu6_L1D TOTAL        ACCESS:   33579914 HIT:          0 MISS:   33579914 MSHR_MERGE:   10968177
cpu6->cpu6_L1D LOAD         ACCESS:   26564031 HIT:          0 MISS:   26564031 MSHR_MERGE:    6323758
cpu6->cpu6_L1D RFO          ACCESS:          0 HIT:          0 MISS:          0 MSHR_MERGE:          0
cpu6->cpu6_L1D PREFETCH     ACCESS:          0 HIT:          0 MISS:          0 MSHR_MERGE:          0
cpu6->cpu6_L1D WRITE        ACCESS:    7007119 HIT:          0 MISS:    7007119 MSHR_MERGE:    4644419
cpu6->cpu6_L1D TRANSLATION  ACCESS:       8764 HIT:          0 MISS:       8764 MSHR_MERGE:          0
cpu6->cpu6_L1D PREFETCH REQUESTED:          0 ISSUED:          0 USEFUL:          0 USELESS:          0
cpu6->cpu6_L1D AVERAGE MISS LATENCY: 21.45 cycles
cpu6->cpu6_ITLB TOTAL        ACCESS:   48339646 HIT:   48339646 MISS:          0 MSHR_MERGE:          0
cpu6->cpu6_ITLB LOAD         ACCESS:   48339646 HIT:   48339646 MISS:          0 MSHR_MERGE:          0
cpu6->cpu6_ITLB RFO          ACCESS:          0 HIT:          0 MISS:          0 MSHR_MERGE:          0
cpu6->cpu6_ITLB PREFETCH     ACCESS:          0 HIT:          0 MISS:          0 MSHR_MERGE:          0
cpu6->cpu6_ITLB WRITE        ACCESS:          0 HIT:          0 MISS:          0 MSHR_MERGE:          0
cpu6->cpu6_ITLB TRANSLATION  ACCESS:          0 HIT:          0 MISS:          0 MSHR_MERGE:          0
cpu6->cpu6_ITLB PREFETCH REQUESTED:          0 ISSUED:          0 USEFUL:          0 USELESS:          0
cpu6->cpu6_ITLB AVERAGE MISS LATENCY: - cycles
cpu6->cpu6_DTLB TOTAL        ACCESS:   33568701 HIT:   33527295 MISS:      41406 MSHR_MERGE:      29533
cpu6->cpu6_DTLB LOAD         ACCESS:   33568701 HIT:   33527295 MISS:      41406 MSHR_MERGE:      29533
cpu6->cpu6_DTLB RFO          ACCESS:          0 HIT:          0 MISS:          0 MSHR_MERGE:          0
cpu6->cpu6_DTLB PREFETCH     ACCESS:          0 HIT:          0 MISS:          0 MSHR_MERGE:          0
cpu6->cpu6_DTLB WRITE        ACCESS:          0 HIT:          0 MISS:          0 MSHR_MERGE:          0
cpu6->cpu6_DTLB TRANSLATION  ACCESS:          0 HIT:          0 MISS:          0 MSHR_MERGE:          0
cpu6->cpu6_DTLB PREFETCH REQUESTED:          0 ISSUED:          0 USEFUL:          0 USELESS:          0
cpu6->cpu6_DTLB AVERAGE MISS LATENCY: 260 cycles
cpu5->cpu5_STLB TOTAL        ACCESS:      12142 HIT:       7661 MISS:       4481 MSHR_MERGE:          0
cpu5->cpu5_STLB LOAD         ACCESS:      12142 HIT:       7661 MISS:       4481 MSHR_MERGE:          0
cpu5->cpu5_STLB RFO          ACCESS:          0 HIT:          0 MISS:          0 MSHR_MERGE:          0
cpu5->cpu5_STLB PREFETCH     ACCESS:          0 HIT:          0 MISS:          0 MSHR_MERGE:          0
cpu5->cpu5_STLB WRITE        ACCESS:          0 HIT:          0 MISS:          0 MSHR_MERGE:          0
cpu5->cpu5_STLB TRANSLATION  ACCESS:          0 HIT:          0 MISS:          0 MSHR_MERGE:          0
cpu5->cpu5_STLB PREFETCH REQUESTED:          0 ISSUED:          0 USEFUL:          0 USELESS:          0
cpu5->cpu5_STLB AVERAGE MISS LATENCY: 691 cycles
cpu5->cpu5_L2C TOTAL        ACCESS:   23174654 HIT:          0 MISS:   23174654 MSHR_MERGE:          0
cpu5->cpu5_L2C LOAD         ACCESS:   20693595 HIT:          0 MISS:   20693595 MSHR_MERGE:          0
cpu5->cpu5_L2C RFO          ACCESS:    2472088 HIT:          0 MISS:    2472088 MSHR_MERGE:          0
cpu5->cpu5_L2C PREFETCH     ACCESS:          1 HIT:          0 MISS:          1 MSHR_MERGE:          0
cpu5->cpu5_L2C WRITE        ACCESS:          0 HIT:          0 MISS:          0 MSHR_MERGE:          0
cpu5->cpu5_L2C TRANSLATION  ACCESS:       8970 HIT:          0 MISS:       8970 MSHR_MERGE:          0
cpu5->cpu5_L2C PREFETCH REQUESTED:          0 ISSUED:          0 USEFUL:          0 USELESS:          0
cpu5->cpu5_L2C AVERAGE MISS LATENCY: 18.12 cycles
cpu5->cpu5_L1I TOTAL        ACCESS:   73261714 HIT:   73261713 MISS:          1 MSHR_MERGE:          0
cpu5->cpu5_L1I LOAD         ACCESS:   36637045 HIT:   36637045 MISS:          0 MSHR_MERGE:          0
cpu5->cpu5_L1I RFO          ACCESS:          0 HIT:          0 MISS:          0 MSHR_MERGE:          0
cpu5->cpu5_L1I PREFETCH     ACCESS:   36624669 HIT:   36624668 MISS:          1 MSHR_MERGE:          0
cpu5->cpu5_L1I WRITE        ACCESS:          0 HIT:          0 MISS:          0 MSHR_MERGE:          0
cpu5->cpu5_L1I TRANSLATION  ACCESS:          0 HIT:          0 MISS:          0 MSHR_MERGE:          0
cpu5->cpu5_L1I PREFETCH REQUESTED:   36637045 ISSUED:   36624645 USEFUL:          0 USELESS:          0
cpu5->cpu5_L1I AVERAGE MISS LATENCY: - cycles
cpu5->cpu5_L1D TOTAL        ACCESS:   34040952 HIT:          0 MISS:   34040952 MSHR_MERGE:   10866299
cpu5->cpu5_L1D LOAD         ACCESS:   26870466 HIT:          0 MISS:   26870466 MSHR_MERGE:    6176870
cpu5->cpu5_L1D RFO          ACCESS:          0 HIT:          0 MISS:          0 MSHR_MERGE:          0
cpu5->cpu5_L1D PREFETCH     ACCESS:          0 HIT:          0 MISS:          0 MSHR_MERGE:          0
cpu5->cpu5_L1D WRITE        ACCESS:    7161516 HIT:          0 MISS:    7161516 MSHR_MERGE:    4689429
cpu5->cpu5_L1D TRANSLATION  ACCESS:       8970 HIT:          0 MISS:       8970 MSHR_MERGE:          0
cpu5->cpu5_L1D PREFETCH REQUESTED:          0 ISSUED:          0 USEFUL:          0 USELESS:          0
cpu5->cpu5_L1D AVERAGE MISS LATENCY: 21.13 cycles
cpu5->cpu5_ITLB TOTAL        ACCESS:   49188314 HIT:   49188314 MISS:          0 MSHR_MERGE:          0
cpu5->cpu5_ITLB LOAD         ACCESS:   49188314 HIT:   49188314 MISS:          0 MSHR_MERGE:          0
cpu5->cpu5_ITLB RFO          ACCESS:          0 HIT:          0 MISS:          0 MSHR_MERGE:          0
cpu5->cpu5_ITLB PREFETCH     ACCESS:          0 HIT:          0 MISS:          0 MSHR_MERGE:          0
cpu5->cpu5_ITLB WRITE        ACCESS:          0 HIT:          0 MISS:          0 MSHR_MERGE:          0
cpu5->cpu5_ITLB TRANSLATION  ACCESS:          0 HIT:          0 MISS:          0 MSHR_MERGE:          0
cpu5->cpu5_ITLB PREFETCH REQUESTED:          0 ISSUED:          0 USEFUL:          0 USELESS:          0
cpu5->cpu5_ITLB AVERAGE MISS LATENCY: - cycles
cpu5->cpu5_DTLB TOTAL        ACCESS:   34029710 HIT:   33987762 MISS:      41948 MSHR_MERGE:      29806
cpu5->cpu5_DTLB LOAD         ACCESS:   34029710 HIT:   33987762 MISS:      41948 MSHR_MERGE:      29806
cpu5->cpu5_DTLB RFO          ACCESS:          0 HIT:          0 MISS:          0 MSHR_MERGE:          0
cpu5->cpu5_DTLB PREFETCH     ACCESS:          0 HIT:          0 MISS:          0 MSHR_MERGE:          0
cpu5->cpu5_DTLB WRITE        ACCESS:          0 HIT:          0 MISS:          0 MSHR_MERGE:          0
cpu5->cpu5_DTLB TRANSLATION  ACCESS:          0 HIT:          0 MISS:          0 MSHR_MERGE:          0
cpu5->cpu5_DTLB PREFETCH REQUESTED:          0 ISSUED:          0 USEFUL:          0 USELESS:          0
cpu5->cpu5_DTLB AVERAGE MISS LATENCY: 260.4 cycles
cpu4->cpu4_STLB TOTAL        ACCESS:      12090 HIT:       7627 MISS:       4463 MSHR_MERGE:          0
cpu4->cpu4_STLB LOAD         ACCESS:      12090 HIT:       7627 MISS:       4463 MSHR_MERGE:          0
cpu4->cpu4_STLB RFO          ACCESS:          0 HIT:          0 MISS:          0 MSHR_MERGE:          0
cpu4->cpu4_STLB PREFETCH     ACCESS:          0 HIT:          0 MISS:          0 MSHR_MERGE:          0
cpu4->cpu4_STLB WRITE        ACCESS:          0 HIT:          0 MISS:          0 MSHR_MERGE:          0
cpu4->cpu4_STLB TRANSLATION  ACCESS:          0 HIT:          0 MISS:          0 MSHR_MERGE:          0
cpu4->cpu4_STLB PREFETCH REQUESTED:          0 ISSUED:          0 USEFUL:          0 USELESS:          0
cpu4->cpu4_STLB AVERAGE MISS LATENCY: 694.4 cycles
cpu4->cpu4_L2C TOTAL        ACCESS:   23069983 HIT:          0 MISS:   23069983 MSHR_MERGE:          0
cpu4->cpu4_L2C LOAD         ACCESS:   20601069 HIT:          0 MISS:   20601069 MSHR_MERGE:          0
cpu4->cpu4_L2C RFO          ACCESS:    2459979 HIT:          0 MISS:    2459979 MSHR_MERGE:          0
cpu4->cpu4_L2C PREFETCH     ACCESS:          1 HIT:          0 MISS:          1 MSHR_MERGE:          0
cpu4->cpu4_L2C WRITE        ACCESS:          0 HIT:          0 MISS:          0 MSHR_MERGE:          0
cpu4->cpu4_L2C TRANSLATION  ACCESS:       8934 HIT:          0 MISS:       8934 MSHR_MERGE:          0
cpu4->cpu4_L2C PREFETCH REQUESTED:          0 ISSUED:          0 USEFUL:          0 USELESS:          0
cpu4->cpu4_L2C AVERAGE MISS LATENCY: 18.16 cycles
cpu4->cpu4_L1I TOTAL        ACCESS:   72884901 HIT:   72884900 MISS:          1 MSHR_MERGE:          0
cpu4->cpu4_L1I LOAD         ACCESS:   36447939 HIT:   36447939 MISS:          0 MSHR_MERGE:          0
cpu4->cpu4_L1I RFO          ACCESS:          0 HIT:          0 MISS:          0 MSHR_MERGE:          0
cpu4->cpu4_L1I PREFETCH     ACCESS:   36436962 HIT:   36436961 MISS:          1 MSHR_MERGE:          0
cpu4->cpu4_L1I WRITE        ACCESS:          0 HIT:          0 MISS:          0 MSHR_MERGE:          0
cpu4->cpu4_L1I TRANSLATION  ACCESS:          0 HIT:          0 MISS:          0 MSHR_MERGE:          0
cpu4->cpu4_L1I PREFETCH REQUESTED:   36447939 ISSUED:   36436934 USEFUL:          0 USELESS:          0
cpu4->cpu4_L1I AVERAGE MISS LATENCY: - cycles
cpu4->cpu4_L1D TOTAL        ACCESS:   33905147 HIT:          0 MISS:   33905147 MSHR_MERGE:   10835165
cpu4->cpu4_L1D LOAD         ACCESS:   26764447 HIT:          0 MISS:   26764447 MSHR_MERGE:    6163377
cpu4->cpu4_L1D RFO          ACCESS:          0 HIT:          0 MISS:          0 MSHR_MERGE:          0
cpu4->cpu4_L1D PREFETCH     ACCESS:          0 HIT:          0 MISS:          0 MSHR_MERGE:          0
cpu4->cpu4_L1D WRITE        ACCESS:    7131766 HIT:          0 MISS:    7131766 MSHR_MERGE:    4671788
cpu4->cpu4_L1D TRANSLATION  ACCESS:       8934 HIT:          0 MISS:       8934 MSHR_MERGE:          0
cpu4->cpu4_L1D PREFETCH REQUESTED:          0 ISSUED:          0 USEFUL:          0 USELESS:          0
cpu4->cpu4_L1D AVERAGE MISS LATENCY: 21.16 cycles
cpu4->cpu4_ITLB TOTAL        ACCESS:   49117906 HIT:   49117906 MISS:          0 MSHR_MERGE:          0
cpu4->cpu4_ITLB LOAD         ACCESS:   49117906 HIT:   49117906 MISS:          0 MSHR_MERGE:          0
cpu4->cpu4_ITLB RFO          ACCESS:          0 HIT:          0 MISS:          0 MSHR_MERGE:          0
cpu4->cpu4_ITLB PREFETCH     ACCESS:          0 HIT:          0 MISS:          0 MSHR_MERGE:          0
cpu4->cpu4_ITLB WRITE        ACCESS:          0 HIT:          0 MISS:          0 MSHR_MERGE:          0
cpu4->cpu4_ITLB TRANSLATION  ACCESS:          0 HIT:          0 MISS:          0 MSHR_MERGE:          0
cpu4->cpu4_ITLB PREFETCH REQUESTED:          0 ISSUED:          0 USEFUL:          0 USELESS:          0
cpu4->cpu4_ITLB AVERAGE MISS LATENCY: - cycles
cpu4->cpu4_DTLB TOTAL        ACCESS:   33893978 HIT:   33851849 MISS:      42129 MSHR_MERGE:      30039
cpu4->cpu4_DTLB LOAD         ACCESS:   33893978 HIT:   33851849 MISS:      42129 MSHR_MERGE:      30039
cpu4->cpu4_DTLB RFO          ACCESS:          0 HIT:          0 MISS:          0 MSHR_MERGE:          0
cpu4->cpu4_DTLB PREFETCH     ACCESS:          0 HIT:          0 MISS:          0 MSHR_MERGE:          0
cpu4->cpu4_DTLB WRITE        ACCESS:          0 HIT:          0 MISS:          0 MSHR_MERGE:          0
cpu4->cpu4_DTLB TRANSLATION  ACCESS:          0 HIT:          0 MISS:          0 MSHR_MERGE:          0
cpu4->cpu4_DTLB PREFETCH REQUESTED:          0 ISSUED:          0 USEFUL:          0 USELESS:          0
cpu4->cpu4_DTLB AVERAGE MISS LATENCY: 261.7 cycles
cpu3->cpu3_STLB TOTAL        ACCESS:      12124 HIT:       7652 MISS:       4472 MSHR_MERGE:          0
cpu3->cpu3_STLB LOAD         ACCESS:      12124 HIT:       7652 MISS:       4472 MSHR_MERGE:          0
cpu3->cpu3_STLB RFO          ACCESS:          0 HIT:          0 MISS:          0 MSHR_MERGE:          0
cpu3->cpu3_STLB PREFETCH     ACCESS:          0 HIT:          0 MISS:          0 MSHR_MERGE:          0
cpu3->cpu3_STLB WRITE        ACCESS:          0 HIT:          0 MISS:          0 MSHR_MERGE:          0
cpu3->cpu3_STLB TRANSLATION  ACCESS:          0 HIT:          0 MISS:          0 MSHR_MERGE:          0
cpu3->cpu3_STLB PREFETCH REQUESTED:          0 ISSUED:          0 USEFUL:          0 USELESS:          0
cpu3->cpu3_STLB AVERAGE MISS LATENCY: 687.9 cycles
cpu3->cpu3_L2C TOTAL        ACCESS:   23154434 HIT:          0 MISS:   23154434 MSHR_MERGE:          0
cpu3->cpu3_L2C LOAD         ACCESS:   20676056 HIT:          0 MISS:   20676056 MSHR_MERGE:          0
cpu3->cpu3_L2C RFO          ACCESS:    2469425 HIT:          0 MISS:    2469425 MSHR_MERGE:          0
cpu3->cpu3_L2C PREFETCH     ACCESS:          1 HIT:          0 MISS:          1 MSHR_MERGE:          0
cpu3->cpu3_L2C WRITE        ACCESS:          0 HIT:          0 MISS:          0 MSHR_MERGE:          0
cpu3->cpu3_L2C TRANSLATION  ACCESS:       8952 HIT:          0 MISS:       8952 MSHR_MERGE:          0
cpu3->cpu3_L2C PREFETCH REQUESTED:          0 ISSUED:          0 USEFUL:          0 USELESS:          0
cpu3->cpu3_L2C AVERAGE MISS LATENCY: 18.12 cycles
cpu3->cpu3_L1I TOTAL        ACCESS:   73207272 HIT:   73207271 MISS:          1 MSHR_MERGE:          0
cpu3->cpu3_L1I LOAD         ACCESS:   36609812 HIT:   36609812 MISS:          0 MSHR_MERGE:          0
cpu3->cpu3_L1I RFO          ACCESS:          0 HIT:          0 MISS:          0 MSHR_MERGE:          0
cpu3->cpu3_L1I PREFETCH     ACCESS:   36597460 HIT:   36597459 MISS:          1 MSHR_MERGE:          0
cpu3->cpu3_L1I WRITE        ACCESS:          0 HIT:          0 MISS:          0 MSHR_MERGE:          0
cpu3->cpu3_L1I TRANSLATION  ACCESS:          0 HIT:          0 MISS:          0 MSHR_MERGE:          0
cpu3->cpu3_L1I PREFETCH REQUESTED:   36609812 ISSUED:   36597440 USEFUL:          0 USELESS:          0
cpu3->cpu3_L1I AVERAGE MISS LATENCY: - cycles
cpu3->cpu3_L1D TOTAL        ACCESS:   34013709 HIT:          0 MISS:   34013709 MSHR_MERGE:   10859276
cpu3->cpu3_L1D LOAD         ACCESS:   26849037 HIT:          0 MISS:   26849037 MSHR_MERGE:    6172981
cpu3->cpu3_L1D RFO          ACCESS:          0 HIT:          0 MISS:          0 MSHR_MERGE:          0
cpu3->cpu3_L1D PREFETCH     ACCESS:          0 HIT:          0 MISS:          0 MSHR_MERGE:          0
cpu3->cpu3_L1D WRITE        ACCESS:    7155720 HIT:          0 MISS:    7155720 MSHR_MERGE:    4686295
cpu3->cpu3_L1D TRANSLATION  ACCESS:       8952 HIT:          0 MISS:       8952 MSHR_MERGE:          0
cpu3->cpu3_L1D PREFETCH REQUESTED:          0 ISSUED:          0 USEFUL:          0 USELESS:          0
cpu3->cpu3_L1D AVERAGE MISS LATENCY: 21.13 cycles
cpu3->cpu3_ITLB TOTAL        ACCESS:   49164227 HIT:   49164227 MISS:          0 MSHR_MERGE:          0
cpu3->cpu3_ITLB LOAD         ACCESS:   49164227 HIT:   49164227 MISS:          0 MSHR_MERGE:          0
cpu3->cpu3_ITLB RFO          ACCESS:          0 HIT:          0 MISS:          0 MSHR_MERGE:          0
cpu3->cpu3_ITLB PREFETCH     ACCESS:          0 HIT:          0 MISS:          0 MSHR_MERGE:          0
cpu3->cpu3_ITLB WRITE        ACCESS:          0 HIT:          0 MISS:          0 MSHR_MERGE:          0
cpu3->cpu3_ITLB TRANSLATION  ACCESS:          0 HIT:          0 MISS:          0 MSHR_MERGE:          0
cpu3->cpu3_ITLB PREFETCH REQUESTED:          0 ISSUED:          0 USEFUL:          0 USELESS:          0
cpu3->cpu3_ITLB AVERAGE MISS LATENCY: - cycles
cpu3->cpu3_DTLB TOTAL        ACCESS:   34002471 HIT:   33960566 MISS:      41905 MSHR_MERGE:      29781
cpu3->cpu3_DTLB LOAD         ACCESS:   34002471 HIT:   33960566 MISS:      41905 MSHR_MERGE:      29781
cpu3->cpu3_DTLB RFO          ACCESS:          0 HIT:          0 MISS:          0 MSHR_MERGE:          0
cpu3->cpu3_DTLB PREFETCH     ACCESS:          0 HIT:          0 MISS:          0 MSHR_MERGE:          0
cpu3->cpu3_DTLB WRITE        ACCESS:          0 HIT:          0 MISS:          0 MSHR_MERGE:          0
cpu3->cpu3_DTLB TRANSLATION  ACCESS:          0 HIT:          0 MISS:          0 MSHR_MERGE:          0
cpu3->cpu3_DTLB PREFETCH REQUESTED:          0 ISSUED:          0 USEFUL:          0 USELESS:          0
cpu3->cpu3_DTLB AVERAGE MISS LATENCY: 259.1 cycles
cpu31->cpu31_STLB TOTAL        ACCESS:      12113 HIT:       7642 MISS:       4471 MSHR_MERGE:          0
cpu31->cpu31_STLB LOAD         ACCESS:      12113 HIT:       7642 MISS:       4471 MSHR_MERGE:          0
cpu31->cpu31_STLB RFO          ACCESS:          0 HIT:          0 MISS:          0 MSHR_MERGE:          0
cpu31->cpu31_STLB PREFETCH     ACCESS:          0 HIT:          0 MISS:          0 MSHR_MERGE:          0
cpu31->cpu31_STLB WRITE        ACCESS:          0 HIT:          0 MISS:          0 MSHR_MERGE:          0
cpu31->cpu31_STLB TRANSLATION  ACCESS:          0 HIT:          0 MISS:          0 MSHR_MERGE:          0
cpu31->cpu31_STLB PREFETCH REQUESTED:          0 ISSUED:          0 USEFUL:          0 USELESS:          0
cpu31->cpu31_STLB AVERAGE MISS LATENCY: 688.9 cycles
cpu31->cpu31_L2C TOTAL        ACCESS:   23117651 HIT:          0 MISS:   23117651 MSHR_MERGE:          0
cpu31->cpu31_L2C LOAD         ACCESS:   20642492 HIT:          0 MISS:   20642492 MSHR_MERGE:          0
cpu31->cpu31_L2C RFO          ACCESS:    2466208 HIT:          0 MISS:    2466208 MSHR_MERGE:          0
cpu31->cpu31_L2C PREFETCH     ACCESS:          1 HIT:          0 MISS:          1 MSHR_MERGE:          0
cpu31->cpu31_L2C WRITE        ACCESS:          0 HIT:          0 MISS:          0 MSHR_MERGE:          0
cpu31->cpu31_L2C TRANSLATION  ACCESS:       8950 HIT:          0 MISS:       8950 MSHR_MERGE:          0
cpu31->cpu31_L2C PREFETCH REQUESTED:          0 ISSUED:          0 USEFUL:          0 USELESS:          0
cpu31->cpu31_L2C AVERAGE MISS LATENCY: 18.13 cycles
cpu31->cpu31_L1I TOTAL        ACCESS:   73087909 HIT:   73087908 MISS:          1 MSHR_MERGE:          0
cpu31->cpu31_L1I LOAD         ACCESS:   36549887 HIT:   36549887 MISS:          0 MSHR_MERGE:          0
cpu31->cpu31_L1I RFO          ACCESS:          0 HIT:          0 MISS:          0 MSHR_MERGE:          0
cpu31->cpu31_L1I PREFETCH     ACCESS:   36538022 HIT:   36538021 MISS:          1 MSHR_MERGE:          0
cpu31->cpu31_L1I WRITE        ACCESS:          0 HIT:          0 MISS:          0 MSHR_MERGE:          0
cpu31->cpu31_L1I TRANSLATION  ACCESS:          0 HIT:          0 MISS:          0 MSHR_MERGE:          0
cpu31->cpu31_L1I PREFETCH REQUESTED:   36549887 ISSUED:   36537992 USEFUL:          0 USELESS:          0
cpu31->cpu31_L1I AVERAGE MISS LATENCY: - cycles
cpu31->cpu31_L1D TOTAL        ACCESS:   33961483 HIT:          0 MISS:   33961483 MSHR_MERGE:   10843833
cpu31->cpu31_L1D LOAD         ACCESS:   26807658 HIT:          0 MISS:   26807658 MSHR_MERGE:    6165166
cpu31->cpu31_L1D RFO          ACCESS:          0 HIT:          0 MISS:          0 MSHR_MERGE:          0
cpu31->cpu31_L1D PREFETCH     ACCESS:          0 HIT:          0 MISS:          0 MSHR_MERGE:          0
cpu31->cpu31_L1D WRITE        ACCESS:    7144875 HIT:          0 MISS:    7144875 MSHR_MERGE:    4678667
cpu31->cpu31_L1D TRANSLATION  ACCESS:       8950 HIT:          0 MISS:       8950 MSHR_MERGE:          0
cpu31->cpu31_L1D PREFETCH REQUESTED:          0 ISSUED:          0 USEFUL:          0 USELESS:          0
cpu31->cpu31_L1D AVERAGE MISS LATENCY: 21.14 cycles
cpu31->cpu31_ITLB TOTAL        ACCESS:   49096750 HIT:   49096750 MISS:          0 MSHR_MERGE:          0
cpu31->cpu31_ITLB LOAD         ACCESS:   49096750 HIT:   49096750 MISS:          0 MSHR_MERGE:          0
cpu31->cpu31_ITLB RFO          ACCESS:          0 HIT:          0 MISS:          0 MSHR_MERGE:          0
cpu31->cpu31_ITLB PREFETCH     ACCESS:          0 HIT:          0 MISS:          0 MSHR_MERGE:          0
cpu31->cpu31_ITLB WRITE        ACCESS:          0 HIT:          0 MISS:          0 MSHR_MERGE:          0
cpu31->cpu31_ITLB TRANSLATION  ACCESS:          0 HIT:          0 MISS:          0 MSHR_MERGE:          0
cpu31->cpu31_ITLB PREFETCH REQUESTED:          0 ISSUED:          0 USEFUL:          0 USELESS:          0
cpu31->cpu31_ITLB AVERAGE MISS LATENCY: - cycles
cpu31->cpu31_DTLB TOTAL        ACCESS:   33950267 HIT:   33908072 MISS:      42195 MSHR_MERGE:      30082
cpu31->cpu31_DTLB LOAD         ACCESS:   33950267 HIT:   33908072 MISS:      42195 MSHR_MERGE:      30082
cpu31->cpu31_DTLB RFO          ACCESS:          0 HIT:          0 MISS:          0 MSHR_MERGE:          0
cpu31->cpu31_DTLB PREFETCH     ACCESS:          0 HIT:          0 MISS:          0 MSHR_MERGE:          0
cpu31->cpu31_DTLB WRITE        ACCESS:          0 HIT:          0 MISS:          0 MSHR_MERGE:          0
cpu31->cpu31_DTLB TRANSLATION  ACCESS:          0 HIT:          0 MISS:          0 MSHR_MERGE:          0
cpu31->cpu31_DTLB PREFETCH REQUESTED:          0 ISSUED:          0 USEFUL:          0 USELESS:          0
cpu31->cpu31_DTLB AVERAGE MISS LATENCY: 259.7 cycles
cpu30->cpu30_STLB TOTAL        ACCESS:      12088 HIT:       7625 MISS:       4463 MSHR_MERGE:          0
cpu30->cpu30_STLB LOAD         ACCESS:      12088 HIT:       7625 MISS:       4463 MSHR_MERGE:          0
cpu30->cpu30_STLB RFO          ACCESS:          0 HIT:          0 MISS:          0 MSHR_MERGE:          0
cpu30->cpu30_STLB PREFETCH     ACCESS:          0 HIT:          0 MISS:          0 MSHR_MERGE:          0
cpu30->cpu30_STLB WRITE        ACCESS:          0 HIT:          0 MISS:          0 MSHR_MERGE:          0
cpu30->cpu30_STLB TRANSLATION  ACCESS:          0 HIT:          0 MISS:          0 MSHR_MERGE:          0
cpu30->cpu30_STLB PREFETCH REQUESTED:          0 ISSUED:          0 USEFUL:          0 USELESS:          0
cpu30->cpu30_STLB AVERAGE MISS LATENCY: 692.1 cycles
cpu30->cpu30_L2C TOTAL        ACCESS:   23133686 HIT:          0 MISS:   23133686 MSHR_MERGE:          0
cpu30->cpu30_L2C LOAD         ACCESS:   20698853 HIT:          0 MISS:   20698853 MSHR_MERGE:          0
cpu30->cpu30_L2C RFO          ACCESS:    2425898 HIT:          0 MISS:    2425898 MSHR_MERGE:          0
cpu30->cpu30_L2C PREFETCH     ACCESS:          1 HIT:          0 MISS:          1 MSHR_MERGE:          0
cpu30->cpu30_L2C WRITE        ACCESS:          0 HIT:          0 MISS:          0 MSHR_MERGE:          0
cpu30->cpu30_L2C TRANSLATION  ACCESS:       8934 HIT:          0 MISS:       8934 MSHR_MERGE:          0
cpu30->cpu30_L2C PREFETCH REQUESTED:          0 ISSUED:          0 USEFUL:          0 USELESS:          0
cpu30->cpu30_L2C AVERAGE MISS LATENCY: 18.14 cycles
cpu30->cpu30_L1I TOTAL        ACCESS:   73508671 HIT:   73508670 MISS:          1 MSHR_MERGE:          0
cpu30->cpu30_L1I LOAD         ACCESS:   36760596 HIT:   36760596 MISS:          0 MSHR_MERGE:          0
cpu30->cpu30_L1I RFO          ACCESS:          0 HIT:          0 MISS:          0 MSHR_MERGE:          0
cpu30->cpu30_L1I PREFETCH     ACCESS:   36748075 HIT:   36748074 MISS:          1 MSHR_MERGE:          0
cpu30->cpu30_L1I WRITE        ACCESS:          0 HIT:          0 MISS:          0 MSHR_MERGE:          0
cpu30->cpu30_L1I TRANSLATION  ACCESS:          0 HIT:          0 MISS:          0 MSHR_MERGE:          0
cpu30->cpu30_L1I PREFETCH REQUESTED:   36760596 ISSUED:   36748053 USEFUL:          0 USELESS:          0
cpu30->cpu30_L1I AVERAGE MISS LATENCY: - cycles
cpu30->cpu30_L1D TOTAL        ACCESS:   34075037 HIT:          0 MISS:   34075037 MSHR_MERGE:   10941352
cpu30->cpu30_L1D LOAD         ACCESS:   26935192 HIT:          0 MISS:   26935192 MSHR_MERGE:    6236339
cpu30->cpu30_L1D RFO          ACCESS:          0 HIT:          0 MISS:          0 MSHR_MERGE:          0
cpu30->cpu30_L1D PREFETCH     ACCESS:          0 HIT:          0 MISS:          0 MSHR_MERGE:          0
cpu30->cpu30_L1D WRITE        ACCESS:    7130911 HIT:          0 MISS:    7130911 MSHR_MERGE:    4705013
cpu30->cpu30_L1D TRANSLATION  ACCESS:       8934 HIT:          0 MISS:       8934 MSHR_MERGE:          0
cpu30->cpu30_L1D PREFETCH REQUESTED:          0 ISSUED:          0 USEFUL:          0 USELESS:          0
cpu30->cpu30_L1D AVERAGE MISS LATENCY: 21.15 cycles
cpu30->cpu30_ITLB TOTAL        ACCESS:   49388226 HIT:   49388226 MISS:          0 MSHR_MERGE:          0
cpu30->cpu30_ITLB LOAD         ACCESS:   49388226 HIT:   49388226 MISS:          0 MSHR_MERGE:          0
cpu30->cpu30_ITLB RFO          ACCESS:          0 HIT:          0 MISS:          0 MSHR_MERGE:          0
cpu30->cpu30_ITLB PREFETCH     ACCESS:          0 HIT:          0 MISS:          0 MSHR_MERGE:          0
cpu30->cpu30_ITLB WRITE        ACCESS:          0 HIT:          0 MISS:          0 MSHR_MERGE:          0
cpu30->cpu30_ITLB TRANSLATION  ACCESS:          0 HIT:          0 MISS:          0 MSHR_MERGE:          0
cpu30->cpu30_ITLB PREFETCH REQUESTED:          0 ISSUED:          0 USEFUL:          0 USELESS:          0
cpu30->cpu30_ITLB AVERAGE MISS LATENCY: - cycles
cpu30->cpu30_DTLB TOTAL        ACCESS:   33982991 HIT:   33941001 MISS:      41990 MSHR_MERGE:      29902
cpu30->cpu30_DTLB LOAD         ACCESS:   33982991 HIT:   33941001 MISS:      41990 MSHR_MERGE:      29902
cpu30->cpu30_DTLB RFO          ACCESS:          0 HIT:          0 MISS:          0 MSHR_MERGE:          0
cpu30->cpu30_DTLB PREFETCH     ACCESS:          0 HIT:          0 MISS:          0 MSHR_MERGE:          0
cpu30->cpu30_DTLB WRITE        ACCESS:          0 HIT:          0 MISS:          0 MSHR_MERGE:          0
cpu30->cpu30_DTLB TRANSLATION  ACCESS:          0 HIT:          0 MISS:          0 MSHR_MERGE:          0
cpu30->cpu30_DTLB PREFETCH REQUESTED:          0 ISSUED:          0 USEFUL:          0 USELESS:          0
cpu30->cpu30_DTLB AVERAGE MISS LATENCY: 260.9 cycles
cpu2->cpu2_STLB TOTAL        ACCESS:      12074 HIT:       7620 MISS:       4454 MSHR_MERGE:          0
cpu2->cpu2_STLB LOAD         ACCESS:      12074 HIT:       7620 MISS:       4454 MSHR_MERGE:          0
cpu2->cpu2_STLB RFO          ACCESS:          0 HIT:          0 MISS:          0 MSHR_MERGE:          0
cpu2->cpu2_STLB PREFETCH     ACCESS:          0 HIT:          0 MISS:          0 MSHR_MERGE:          0
cpu2->cpu2_STLB WRITE        ACCESS:          0 HIT:          0 MISS:          0 MSHR_MERGE:          0
cpu2->cpu2_STLB TRANSLATION  ACCESS:          0 HIT:          0 MISS:          0 MSHR_MERGE:          0
cpu2->cpu2_STLB PREFETCH REQUESTED:          0 ISSUED:          0 USEFUL:          0 USELESS:          0
cpu2->cpu2_STLB AVERAGE MISS LATENCY: 693.4 cycles
cpu2->cpu2_L2C TOTAL        ACCESS:   23121963 HIT:          0 MISS:   23121963 MSHR_MERGE:          0
cpu2->cpu2_L2C LOAD         ACCESS:   20708450 HIT:          0 MISS:   20708450 MSHR_MERGE:          0
cpu2->cpu2_L2C RFO          ACCESS:    2404596 HIT:          0 MISS:    2404596 MSHR_MERGE:          0
cpu2->cpu2_L2C PREFETCH     ACCESS:          1 HIT:          0 MISS:          1 MSHR_MERGE:          0
cpu2->cpu2_L2C WRITE        ACCESS:          0 HIT:          0 MISS:          0 MSHR_MERGE:          0
cpu2->cpu2_L2C TRANSLATION  ACCESS:       8916 HIT:          0 MISS:       8916 MSHR_MERGE:          0
cpu2->cpu2_L2C PREFETCH REQUESTED:          0 ISSUED:          0 USEFUL:          0 USELESS:          0
cpu2->cpu2_L2C AVERAGE MISS LATENCY: 18.13 cycles
cpu2->cpu2_L1I TOTAL        ACCESS:   73515836 HIT:   73515835 MISS:          1 MSHR_MERGE:          0
cpu2->cpu2_L1I LOAD         ACCESS:   36764264 HIT:   36764264 MISS:          0 MSHR_MERGE:          0
cpu2->cpu2_L1I RFO          ACCESS:          0 HIT:          0 MISS:          0 MSHR_MERGE:          0
cpu2->cpu2_L1I PREFETCH     ACCESS:   36751572 HIT:   36751571 MISS:          1 MSHR_MERGE:          0
cpu2->cpu2_L1I WRITE        ACCESS:          0 HIT:          0 MISS:          0 MSHR_MERGE:          0
cpu2->cpu2_L1I TRANSLATION  ACCESS:          0 HIT:          0 MISS:          0 MSHR_MERGE:          0
cpu2->cpu2_L1I PREFETCH REQUESTED:   36764264 ISSUED:   36751540 USEFUL:          0 USELESS:          0
cpu2->cpu2_L1I AVERAGE MISS LATENCY: - cycles
cpu2->cpu2_L1D TOTAL        ACCESS:   34196170 HIT:          0 MISS:   34196170 MSHR_MERGE:   11074208
cpu2->cpu2_L1D LOAD         ACCESS:   27060421 HIT:          0 MISS:   27060421 MSHR_MERGE:    6351971
cpu2->cpu2_L1D RFO          ACCESS:          0 HIT:          0 MISS:          0 MSHR_MERGE:          0
cpu2->cpu2_L1D PREFETCH     ACCESS:          0 HIT:          0 MISS:          0 MSHR_MERGE:          0
cpu2->cpu2_L1D WRITE        ACCESS:    7126833 HIT:          0 MISS:    7126833 MSHR_MERGE:    4722237
cpu2->cpu2_L1D TRANSLATION  ACCESS:       8916 HIT:          0 MISS:       8916 MSHR_MERGE:          0
cpu2->cpu2_L1D PREFETCH REQUESTED:          0 ISSUED:          0 USEFUL:          0 USELESS:          0
cpu2->cpu2_L1D AVERAGE MISS LATENCY: 21.14 cycles
cpu2->cpu2_ITLB TOTAL        ACCESS:   49352870 HIT:   49352870 MISS:          0 MSHR_MERGE:          0
cpu2->cpu2_ITLB LOAD         ACCESS:   49352870 HIT:   49352870 MISS:          0 MSHR_MERGE:          0
cpu2->cpu2_ITLB RFO          ACCESS:          0 HIT:          0 MISS:          0 MSHR_MERGE:          0
cpu2->cpu2_ITLB PREFETCH     ACCESS:          0 HIT:          0 MISS:          0 MSHR_MERGE:          0
cpu2->cpu2_ITLB WRITE        ACCESS:          0 HIT:          0 MISS:          0 MSHR_MERGE:          0
cpu2->cpu2_ITLB TRANSLATION  ACCESS:          0 HIT:          0 MISS:          0 MSHR_MERGE:          0
cpu2->cpu2_ITLB PREFETCH REQUESTED:          0 ISSUED:          0 USEFUL:          0 USELESS:          0
cpu2->cpu2_ITLB AVERAGE MISS LATENCY: - cycles
cpu2->cpu2_DTLB TOTAL        ACCESS:   34102329 HIT:   34060455 MISS:      41874 MSHR_MERGE:      29800
cpu2->cpu2_DTLB LOAD         ACCESS:   34102329 HIT:   34060455 MISS:      41874 MSHR_MERGE:      29800
cpu2->cpu2_DTLB RFO          ACCESS:          0 HIT:          0 MISS:          0 MSHR_MERGE:          0
cpu2->cpu2_DTLB PREFETCH     ACCESS:          0 HIT:          0 MISS:          0 MSHR_MERGE:          0
cpu2->cpu2_DTLB WRITE        ACCESS:          0 HIT:          0 MISS:          0 MSHR_MERGE:          0
cpu2->cpu2_DTLB TRANSLATION  ACCESS:          0 HIT:          0 MISS:          0 MSHR_MERGE:          0
cpu2->cpu2_DTLB PREFETCH REQUESTED:          0 ISSUED:          0 USEFUL:          0 USELESS:          0
cpu2->cpu2_DTLB AVERAGE MISS LATENCY: 261.1 cycles
cpu29->cpu29_STLB TOTAL        ACCESS:      12061 HIT:       7607 MISS:       4454 MSHR_MERGE:          0
cpu29->cpu29_STLB LOAD         ACCESS:      12061 HIT:       7607 MISS:       4454 MSHR_MERGE:          0
cpu29->cpu29_STLB RFO          ACCESS:          0 HIT:          0 MISS:          0 MSHR_MERGE:          0
cpu29->cpu29_STLB PREFETCH     ACCESS:          0 HIT:          0 MISS:          0 MSHR_MERGE:          0
cpu29->cpu29_STLB WRITE        ACCESS:          0 HIT:          0 MISS:          0 MSHR_MERGE:          0
cpu29->cpu29_STLB TRANSLATION  ACCESS:          0 HIT:          0 MISS:          0 MSHR_MERGE:          0
cpu29->cpu29_STLB PREFETCH REQUESTED:          0 ISSUED:          0 USEFUL:          0 USELESS:          0
cpu29->cpu29_STLB AVERAGE MISS LATENCY: 690.8 cycles
cpu29->cpu29_L2C TOTAL        ACCESS:   23084935 HIT:          0 MISS:   23084935 MSHR_MERGE:          0
cpu29->cpu29_L2C LOAD         ACCESS:   20642081 HIT:          0 MISS:   20642081 MSHR_MERGE:          0
cpu29->cpu29_L2C RFO          ACCESS:    2433937 HIT:          0 MISS:    2433937 MSHR_MERGE:          0
cpu29->cpu29_L2C PREFETCH     ACCESS:          1 HIT:          0 MISS:          1 MSHR_MERGE:          0
cpu29->cpu29_L2C WRITE        ACCESS:          0 HIT:          0 MISS:          0 MSHR_MERGE:          0
cpu29->cpu29_L2C TRANSLATION  ACCESS:       8916 HIT:          0 MISS:       8916 MSHR_MERGE:          0
cpu29->cpu29_L2C PREFETCH REQUESTED:          0 ISSUED:          0 USEFUL:          0 USELESS:          0
cpu29->cpu29_L2C AVERAGE MISS LATENCY: 18.13 cycles
cpu29->cpu29_L1I TOTAL        ACCESS:   73195731 HIT:   73195730 MISS:          1 MSHR_MERGE:          0
cpu29->cpu29_L1I LOAD         ACCESS:   36604112 HIT:   36604112 MISS:          0 MSHR_MERGE:          0
cpu29->cpu29_L1I RFO          ACCESS:          0 HIT:          0 MISS:          0 MSHR_MERGE:          0
cpu29->cpu29_L1I PREFETCH     ACCESS:   36591619 HIT:   36591618 MISS:          1 MSHR_MERGE:          0
cpu29->cpu29_L1I WRITE        ACCESS:          0 HIT:          0 MISS:          0 MSHR_MERGE:          0
cpu29->cpu29_L1I TRANSLATION  ACCESS:          0 HIT:          0 MISS:          0 MSHR_MERGE:          0
cpu29->cpu29_L1I PREFETCH REQUESTED:   36604112 ISSUED:   36591587 USEFUL:          0 USELESS:          0
cpu29->cpu29_L1I AVERAGE MISS LATENCY: - cycles
cpu29->cpu29_L1D TOTAL        ACCESS:   33930075 HIT:          0 MISS:   33930075 MSHR_MERGE:   10845141
cpu29->cpu29_L1D LOAD         ACCESS:   26805562 HIT:          0 MISS:   26805562 MSHR_MERGE:    6163481
cpu29->cpu29_L1D RFO          ACCESS:          0 HIT:          0 MISS:          0 MSHR_MERGE:          0
cpu29->cpu29_L1D PREFETCH     ACCESS:          0 HIT:          0 MISS:          0 MSHR_MERGE:          0
cpu29->cpu29_L1D WRITE        ACCESS:    7115597 HIT:          0 MISS:    7115597 MSHR_MERGE:    4681660
cpu29->cpu29_L1D TRANSLATION  ACCESS:       8916 HIT:          0 MISS:       8916 MSHR_MERGE:          0
cpu29->cpu29_L1D PREFETCH REQUESTED:          0 ISSUED:          0 USEFUL:          0 USELESS:          0
cpu29->cpu29_L1D AVERAGE MISS LATENCY: 21.14 cycles
cpu29->cpu29_ITLB TOTAL        ACCESS:   49341892 HIT:   49341892 MISS:          0 MSHR_MERGE:          0
cpu29->cpu29_ITLB LOAD         ACCESS:   49341892 HIT:   49341892 MISS:          0 MSHR_MERGE:          0
cpu29->cpu29_ITLB RFO          ACCESS:          0 HIT:          0 MISS:          0 MSHR_MERGE:          0
cpu29->cpu29_ITLB PREFETCH     ACCESS:          0 HIT:          0 MISS:          0 MSHR_MERGE:          0
cpu29->cpu29_ITLB WRITE        ACCESS:          0 HIT:          0 MISS:          0 MSHR_MERGE:          0
cpu29->cpu29_ITLB TRANSLATION  ACCESS:          0 HIT:          0 MISS:          0 MSHR_MERGE:          0
cpu29->cpu29_ITLB PREFETCH REQUESTED:          0 ISSUED:          0 USEFUL:          0 USELESS:          0
cpu29->cpu29_ITLB AVERAGE MISS LATENCY: - cycles
cpu29->cpu29_DTLB TOTAL        ACCESS:   33918169 HIT:   33876227 MISS:      41942 MSHR_MERGE:      29881
cpu29->cpu29_DTLB LOAD         ACCESS:   33918169 HIT:   33876227 MISS:      41942 MSHR_MERGE:      29881
cpu29->cpu29_DTLB RFO          ACCESS:          0 HIT:          0 MISS:          0 MSHR_MERGE:          0
cpu29->cpu29_DTLB PREFETCH     ACCESS:          0 HIT:          0 MISS:          0 MSHR_MERGE:          0
cpu29->cpu29_DTLB WRITE        ACCESS:          0 HIT:          0 MISS:          0 MSHR_MERGE:          0
cpu29->cpu29_DTLB TRANSLATION  ACCESS:          0 HIT:          0 MISS:          0 MSHR_MERGE:          0
cpu29->cpu29_DTLB PREFETCH REQUESTED:          0 ISSUED:          0 USEFUL:          0 USELESS:          0
cpu29->cpu29_DTLB AVERAGE MISS LATENCY: 260.5 cycles
cpu28->cpu28_STLB TOTAL        ACCESS:      12100 HIT:       7637 MISS:       4463 MSHR_MERGE:          0
cpu28->cpu28_STLB LOAD         ACCESS:      12100 HIT:       7637 MISS:       4463 MSHR_MERGE:          0
cpu28->cpu28_STLB RFO          ACCESS:          0 HIT:          0 MISS:          0 MSHR_MERGE:          0
cpu28->cpu28_STLB PREFETCH     ACCESS:          0 HIT:          0 MISS:          0 MSHR_MERGE:          0
cpu28->cpu28_STLB WRITE        ACCESS:          0 HIT:          0 MISS:          0 MSHR_MERGE:          0
cpu28->cpu28_STLB TRANSLATION  ACCESS:          0 HIT:          0 MISS:          0 MSHR_MERGE:          0
cpu28->cpu28_STLB PREFETCH REQUESTED:          0 ISSUED:          0 USEFUL:          0 USELESS:          0
cpu28->cpu28_STLB AVERAGE MISS LATENCY: 692.3 cycles
cpu28->cpu28_L2C TOTAL        ACCESS:   23101879 HIT:          0 MISS:   23101879 MSHR_MERGE:          0
cpu28->cpu28_L2C LOAD         ACCESS:   20629007 HIT:          0 MISS:   20629007 MSHR_MERGE:          0
cpu28->cpu28_L2C RFO          ACCESS:    2463937 HIT:          0 MISS:    2463937 MSHR_MERGE:          0
cpu28->cpu28_L2C PREFETCH     ACCESS:          1 HIT:          0 MISS:          1 MSHR_MERGE:          0
cpu28->cpu28_L2C WRITE        ACCESS:          0 HIT:          0 MISS:          0 MSHR_MERGE:          0
cpu28->cpu28_L2C TRANSLATION  ACCESS:       8934 HIT:          0 MISS:       8934 MSHR_MERGE:          0
cpu28->cpu28_L2C PREFETCH REQUESTED:          0 ISSUED:          0 USEFUL:          0 USELESS:          0
cpu28->cpu28_L2C AVERAGE MISS LATENCY: 18.15 cycles
cpu28->cpu28_L1I TOTAL        ACCESS:   73032955 HIT:   73032954 MISS:          1 MSHR_MERGE:          0
cpu28->cpu28_L1I LOAD         ACCESS:   36522644 HIT:   36522644 MISS:          0 MSHR_MERGE:          0
cpu28->cpu28_L1I RFO          ACCESS:          0 HIT:          0 MISS:          0 MSHR_MERGE:          0
cpu28->cpu28_L1I PREFETCH     ACCESS:   36510311 HIT:   36510310 MISS:          1 MSHR_MERGE:          0
cpu28->cpu28_L1I WRITE        ACCESS:          0 HIT:          0 MISS:          0 MSHR_MERGE:          0
cpu28->cpu28_L1I TRANSLATION  ACCESS:          0 HIT:          0 MISS:          0 MSHR_MERGE:          0
cpu28->cpu28_L1I PREFETCH REQUESTED:   36522644 ISSUED:   36510287 USEFUL:          0 USELESS:          0
cpu28->cpu28_L1I AVERAGE MISS LATENCY: - cycles
cpu28->cpu28_L1D TOTAL        ACCESS:   33944589 HIT:          0 MISS:   33944589 MSHR_MERGE:   10842713
cpu28->cpu28_L1D LOAD         ACCESS:   26794644 HIT:          0 MISS:   26794644 MSHR_MERGE:    6165638
cpu28->cpu28_L1D RFO          ACCESS:          0 HIT:          0 MISS:          0 MSHR_MERGE:          0
cpu28->cpu28_L1D PREFETCH     ACCESS:          0 HIT:          0 MISS:          0 MSHR_MERGE:          0
cpu28->cpu28_L1D WRITE        ACCESS:    7141011 HIT:          0 MISS:    7141011 MSHR_MERGE:    4677075
cpu28->cpu28_L1D TRANSLATION  ACCESS:       8934 HIT:          0 MISS:       8934 MSHR_MERGE:          0
cpu28->cpu28_L1D PREFETCH REQUESTED:          0 ISSUED:          0 USEFUL:          0 USELESS:          0
cpu28->cpu28_L1D AVERAGE MISS LATENCY: 21.16 cycles
cpu28->cpu28_ITLB TOTAL        ACCESS:   49062898 HIT:   49062898 MISS:          0 MSHR_MERGE:          0
cpu28->cpu28_ITLB LOAD         ACCESS:   49062898 HIT:   49062898 MISS:          0 MSHR_MERGE:          0
cpu28->cpu28_ITLB RFO          ACCESS:          0 HIT:          0 MISS:          0 MSHR_MERGE:          0
cpu28->cpu28_ITLB PREFETCH     ACCESS:          0 HIT:          0 MISS:          0 MSHR_MERGE:          0
cpu28->cpu28_ITLB WRITE        ACCESS:          0 HIT:          0 MISS:          0 MSHR_MERGE:          0
cpu28->cpu28_ITLB TRANSLATION  ACCESS:          0 HIT:          0 MISS:          0 MSHR_MERGE:          0
cpu28->cpu28_ITLB PREFETCH REQUESTED:          0 ISSUED:          0 USEFUL:          0 USELESS:          0
cpu28->cpu28_ITLB AVERAGE MISS LATENCY: - cycles
cpu28->cpu28_DTLB TOTAL        ACCESS:   33933358 HIT:   33891556 MISS:      41802 MSHR_MERGE:      29702
cpu28->cpu28_DTLB LOAD         ACCESS:   33933358 HIT:   33891556 MISS:      41802 MSHR_MERGE:      29702
cpu28->cpu28_DTLB RFO          ACCESS:          0 HIT:          0 MISS:          0 MSHR_MERGE:          0
cpu28->cpu28_DTLB PREFETCH     ACCESS:          0 HIT:          0 MISS:          0 MSHR_MERGE:          0
cpu28->cpu28_DTLB WRITE        ACCESS:          0 HIT:          0 MISS:          0 MSHR_MERGE:          0
cpu28->cpu28_DTLB TRANSLATION  ACCESS:          0 HIT:          0 MISS:          0 MSHR_MERGE:          0
cpu28->cpu28_DTLB PREFETCH REQUESTED:          0 ISSUED:          0 USEFUL:          0 USELESS:          0
cpu28->cpu28_DTLB AVERAGE MISS LATENCY: 260.7 cycles
cpu27->cpu27_STLB TOTAL        ACCESS:      12108 HIT:       7642 MISS:       4466 MSHR_MERGE:          0
cpu27->cpu27_STLB LOAD         ACCESS:      12108 HIT:       7642 MISS:       4466 MSHR_MERGE:          0
cpu27->cpu27_STLB RFO          ACCESS:          0 HIT:          0 MISS:          0 MSHR_MERGE:          0
cpu27->cpu27_STLB PREFETCH     ACCESS:          0 HIT:          0 MISS:          0 MSHR_MERGE:          0
cpu27->cpu27_STLB WRITE        ACCESS:          0 HIT:          0 MISS:          0 MSHR_MERGE:          0
cpu27->cpu27_STLB TRANSLATION  ACCESS:          0 HIT:          0 MISS:          0 MSHR_MERGE:          0
cpu27->cpu27_STLB PREFETCH REQUESTED:          0 ISSUED:          0 USEFUL:          0 USELESS:          0
cpu27->cpu27_STLB AVERAGE MISS LATENCY: 688.1 cycles
cpu27->cpu27_L2C TOTAL        ACCESS:   23116950 HIT:          0 MISS:   23116950 MSHR_MERGE:          0
cpu27->cpu27_L2C LOAD         ACCESS:   20643366 HIT:          0 MISS:   20643366 MSHR_MERGE:          0
cpu27->cpu27_L2C RFO          ACCESS:    2464643 HIT:          0 MISS:    2464643 MSHR_MERGE:          0
cpu27->cpu27_L2C PREFETCH     ACCESS:          1 HIT:          0 MISS:          1 MSHR_MERGE:          0
cpu27->cpu27_L2C WRITE        ACCESS:          0 HIT:          0 MISS:          0 MSHR_MERGE:          0
cpu27->cpu27_L2C TRANSLATION  ACCESS:       8940 HIT:          0 MISS:       8940 MSHR_MERGE:          0
cpu27->cpu27_L2C PREFETCH REQUESTED:          0 ISSUED:          0 USEFUL:          0 USELESS:          0
cpu27->cpu27_L2C AVERAGE MISS LATENCY: 18.13 cycles
cpu27->cpu27_L1I TOTAL        ACCESS:   73088802 HIT:   73088801 MISS:          1 MSHR_MERGE:          0
cpu27->cpu27_L1I LOAD         ACCESS:   36550572 HIT:   36550572 MISS:          0 MSHR_MERGE:          0
cpu27->cpu27_L1I RFO          ACCESS:          0 HIT:          0 MISS:          0 MSHR_MERGE:          0
cpu27->cpu27_L1I PREFETCH     ACCESS:   36538230 HIT:   36538229 MISS:          1 MSHR_MERGE:          0
cpu27->cpu27_L1I WRITE        ACCESS:          0 HIT:          0 MISS:          0 MSHR_MERGE:          0
cpu27->cpu27_L1I TRANSLATION  ACCESS:          0 HIT:          0 MISS:          0 MSHR_MERGE:          0
cpu27->cpu27_L1I PREFETCH REQUESTED:   36550572 ISSUED:   36538202 USEFUL:          0 USELESS:          0
cpu27->cpu27_L1I AVERAGE MISS LATENCY: - cycles
cpu27->cpu27_L1D TOTAL        ACCESS:   33959634 HIT:          0 MISS:   33959634 MSHR_MERGE:   10842684
cpu27->cpu27_L1D LOAD         ACCESS:   26806347 HIT:          0 MISS:   26806347 MSHR_MERGE:    6162979
cpu27->cpu27_L1D RFO          ACCESS:          0 HIT:          0 MISS:          0 MSHR_MERGE:          0
cpu27->cpu27_L1D PREFETCH     ACCESS:          0 HIT:          0 MISS:          0 MSHR_MERGE:          0
cpu27->cpu27_L1D WRITE        ACCESS:    7144347 HIT:          0 MISS:    7144347 MSHR_MERGE:    4679705
cpu27->cpu27_L1D TRANSLATION  ACCESS:       8940 HIT:          0 MISS:       8940 MSHR_MERGE:          0
cpu27->cpu27_L1D PREFETCH REQUESTED:          0 ISSUED:          0 USEFUL:          0 USELESS:          0
cpu27->cpu27_L1D AVERAGE MISS LATENCY: 21.14 cycles
cpu27->cpu27_ITLB TOTAL        ACCESS:   49093247 HIT:   49093247 MISS:          0 MSHR_MERGE:          0
cpu27->cpu27_ITLB LOAD         ACCESS:   49093247 HIT:   49093247 MISS:          0 MSHR_MERGE:          0
cpu27->cpu27_ITLB RFO          ACCESS:          0 HIT:          0 MISS:          0 MSHR_MERGE:          0
cpu27->cpu27_ITLB PREFETCH     ACCESS:          0 HIT:          0 MISS:          0 MSHR_MERGE:          0
cpu27->cpu27_ITLB WRITE        ACCESS:          0 HIT:          0 MISS:          0 MSHR_MERGE:          0
cpu27->cpu27_ITLB TRANSLATION  ACCESS:          0 HIT:          0 MISS:          0 MSHR_MERGE:          0
cpu27->cpu27_ITLB PREFETCH REQUESTED:          0 ISSUED:          0 USEFUL:          0 USELESS:          0
cpu27->cpu27_ITLB AVERAGE MISS LATENCY: - cycles
cpu27->cpu27_DTLB TOTAL        ACCESS:   33948430 HIT:   33906602 MISS:      41828 MSHR_MERGE:      29720
cpu27->cpu27_DTLB LOAD         ACCESS:   33948430 HIT:   33906602 MISS:      41828 MSHR_MERGE:      29720
cpu27->cpu27_DTLB RFO          ACCESS:          0 HIT:          0 MISS:          0 MSHR_MERGE:          0
cpu27->cpu27_DTLB PREFETCH     ACCESS:          0 HIT:          0 MISS:          0 MSHR_MERGE:          0
cpu27->cpu27_DTLB WRITE        ACCESS:          0 HIT:          0 MISS:          0 MSHR_MERGE:          0
cpu27->cpu27_DTLB TRANSLATION  ACCESS:          0 HIT:          0 MISS:          0 MSHR_MERGE:          0
cpu27->cpu27_DTLB PREFETCH REQUESTED:          0 ISSUED:          0 USEFUL:          0 USELESS:          0
cpu27->cpu27_DTLB AVERAGE MISS LATENCY: 259.2 cycles
cpu26->cpu26_STLB TOTAL        ACCESS:      12092 HIT:       7629 MISS:       4463 MSHR_MERGE:          0
cpu26->cpu26_STLB LOAD         ACCESS:      12092 HIT:       7629 MISS:       4463 MSHR_MERGE:          0
cpu26->cpu26_STLB RFO          ACCESS:          0 HIT:          0 MISS:          0 MSHR_MERGE:          0
cpu26->cpu26_STLB PREFETCH     ACCESS:          0 HIT:          0 MISS:          0 MSHR_MERGE:          0
cpu26->cpu26_STLB WRITE        ACCESS:          0 HIT:          0 MISS:          0 MSHR_MERGE:          0
cpu26->cpu26_STLB TRANSLATION  ACCESS:          0 HIT:          0 MISS:          0 MSHR_MERGE:          0
cpu26->cpu26_STLB PREFETCH REQUESTED:          0 ISSUED:          0 USEFUL:          0 USELESS:          0
cpu26->cpu26_STLB AVERAGE MISS LATENCY: 693.5 cycles
cpu26->cpu26_L2C TOTAL        ACCESS:   23113893 HIT:          0 MISS:   23113893 MSHR_MERGE:          0
cpu26->cpu26_L2C LOAD         ACCESS:   20667764 HIT:          0 MISS:   20667764 MSHR_MERGE:          0
cpu26->cpu26_L2C RFO          ACCESS:    2437194 HIT:          0 MISS:    2437194 MSHR_MERGE:          0
cpu26->cpu26_L2C PREFETCH     ACCESS:          1 HIT:          0 MISS:          1 MSHR_MERGE:          0
cpu26->cpu26_L2C WRITE        ACCESS:          0 HIT:          0 MISS:          0 MSHR_MERGE:          0
cpu26->cpu26_L2C TRANSLATION  ACCESS:       8934 HIT:          0 MISS:       8934 MSHR_MERGE:          0
cpu26->cpu26_L2C PREFETCH REQUESTED:          0 ISSUED:          0 USEFUL:          0 USELESS:          0
cpu26->cpu26_L2C AVERAGE MISS LATENCY: 18.12 cycles
cpu26->cpu26_L1I TOTAL        ACCESS:   73320041 HIT:   73320040 MISS:          1 MSHR_MERGE:          0
cpu26->cpu26_L1I LOAD         ACCESS:   36666173 HIT:   36666173 MISS:          0 MSHR_MERGE:          0
cpu26->cpu26_L1I RFO          ACCESS:          0 HIT:          0 MISS:          0 MSHR_MERGE:          0
cpu26->cpu26_L1I PREFETCH     ACCESS:   36653868 HIT:   36653867 MISS:          1 MSHR_MERGE:          0
cpu26->cpu26_L1I WRITE        ACCESS:          0 HIT:          0 MISS:          0 MSHR_MERGE:          0
cpu26->cpu26_L1I TRANSLATION  ACCESS:          0 HIT:          0 MISS:          0 MSHR_MERGE:          0
cpu26->cpu26_L1I PREFETCH REQUESTED:   36666173 ISSUED:   36653836 USEFUL:          0 USELESS:          0
cpu26->cpu26_L1I AVERAGE MISS LATENCY: - cycles
cpu26->cpu26_L1D TOTAL        ACCESS:   33992208 HIT:          0 MISS:   33992208 MSHR_MERGE:   10878317
cpu26->cpu26_L1D LOAD         ACCESS:   26850148 HIT:          0 MISS:   26850148 MSHR_MERGE:    6182385
cpu26->cpu26_L1D RFO          ACCESS:          0 HIT:          0 MISS:          0 MSHR_MERGE:          0
cpu26->cpu26_L1D PREFETCH     ACCESS:          0 HIT:          0 MISS:          0 MSHR_MERGE:          0
cpu26->cpu26_L1D WRITE        ACCESS:    7133126 HIT:          0 MISS:    7133126 MSHR_MERGE:    4695932
cpu26->cpu26_L1D TRANSLATION  ACCESS:       8934 HIT:          0 MISS:       8934 MSHR_MERGE:          0
cpu26->cpu26_L1D PREFETCH REQUESTED:          0 ISSUED:          0 USEFUL:          0 USELESS:          0
cpu26->cpu26_L1D AVERAGE MISS LATENCY: 21.13 cycles
cpu26->cpu26_ITLB TOTAL        ACCESS:   49574406 HIT:   49574406 MISS:          0 MSHR_MERGE:          0
cpu26->cpu26_ITLB LOAD         ACCESS:   49574406 HIT:   49574406 MISS:          0 MSHR_MERGE:          0
cpu26->cpu26_ITLB RFO          ACCESS:          0 HIT:          0 MISS:          0 MSHR_MERGE:          0
cpu26->cpu26_ITLB PREFETCH     ACCESS:          0 HIT:          0 MISS:          0 MSHR_MERGE:          0
cpu26->cpu26_ITLB WRITE        ACCESS:          0 HIT:          0 MISS:          0 MSHR_MERGE:          0
cpu26->cpu26_ITLB TRANSLATION  ACCESS:          0 HIT:          0 MISS:          0 MSHR_MERGE:          0
cpu26->cpu26_ITLB PREFETCH REQUESTED:          0 ISSUED:          0 USEFUL:          0 USELESS:          0
cpu26->cpu26_ITLB AVERAGE MISS LATENCY: - cycles
cpu26->cpu26_DTLB TOTAL        ACCESS:   33980302 HIT:   33938413 MISS:      41889 MSHR_MERGE:      29797
cpu26->cpu26_DTLB LOAD         ACCESS:   33980302 HIT:   33938413 MISS:      41889 MSHR_MERGE:      29797
cpu26->cpu26_DTLB RFO          ACCESS:          0 HIT:          0 MISS:          0 MSHR_MERGE:          0
cpu26->cpu26_DTLB PREFETCH     ACCESS:          0 HIT:          0 MISS:          0 MSHR_MERGE:          0
cpu26->cpu26_DTLB WRITE        ACCESS:          0 HIT:          0 MISS:          0 MSHR_MERGE:          0
cpu26->cpu26_DTLB TRANSLATION  ACCESS:          0 HIT:          0 MISS:          0 MSHR_MERGE:          0
cpu26->cpu26_DTLB PREFETCH REQUESTED:          0 ISSUED:          0 USEFUL:          0 USELESS:          0
cpu26->cpu26_DTLB AVERAGE MISS LATENCY: 261.3 cycles
cpu25->cpu25_STLB TOTAL        ACCESS:      12124 HIT:       7652 MISS:       4472 MSHR_MERGE:          0
cpu25->cpu25_STLB LOAD         ACCESS:      12124 HIT:       7652 MISS:       4472 MSHR_MERGE:          0
cpu25->cpu25_STLB RFO          ACCESS:          0 HIT:          0 MISS:          0 MSHR_MERGE:          0
cpu25->cpu25_STLB PREFETCH     ACCESS:          0 HIT:          0 MISS:          0 MSHR_MERGE:          0
cpu25->cpu25_STLB WRITE        ACCESS:          0 HIT:          0 MISS:          0 MSHR_MERGE:          0
cpu25->cpu25_STLB TRANSLATION  ACCESS:          0 HIT:          0 MISS:          0 MSHR_MERGE:          0
cpu25->cpu25_STLB PREFETCH REQUESTED:          0 ISSUED:          0 USEFUL:          0 USELESS:          0
cpu25->cpu25_STLB AVERAGE MISS LATENCY: 689.6 cycles
cpu25->cpu25_L2C TOTAL        ACCESS:   23148952 HIT:          0 MISS:   23148952 MSHR_MERGE:          0
cpu25->cpu25_L2C LOAD         ACCESS:   20671158 HIT:          0 MISS:   20671158 MSHR_MERGE:          0
cpu25->cpu25_L2C RFO          ACCESS:    2468841 HIT:          0 MISS:    2468841 MSHR_MERGE:          0
cpu25->cpu25_L2C PREFETCH     ACCESS:          1 HIT:          0 MISS:          1 MSHR_MERGE:          0
cpu25->cpu25_L2C WRITE        ACCESS:          0 HIT:          0 MISS:          0 MSHR_MERGE:          0
cpu25->cpu25_L2C TRANSLATION  ACCESS:       8952 HIT:          0 MISS:       8952 MSHR_MERGE:          0
cpu25->cpu25_L2C PREFETCH REQUESTED:          0 ISSUED:          0 USEFUL:          0 USELESS:          0
cpu25->cpu25_L2C AVERAGE MISS LATENCY: 18.12 cycles
cpu25->cpu25_L1I TOTAL        ACCESS:   73191070 HIT:   73191069 MISS:          1 MSHR_MERGE:          0
cpu25->cpu25_L1I LOAD         ACCESS:   36601702 HIT:   36601702 MISS:          0 MSHR_MERGE:          0
cpu25->cpu25_L1I RFO          ACCESS:          0 HIT:          0 MISS:          0 MSHR_MERGE:          0
cpu25->cpu25_L1I PREFETCH     ACCESS:   36589368 HIT:   36589367 MISS:          1 MSHR_MERGE:          0
cpu25->cpu25_L1I WRITE        ACCESS:          0 HIT:          0 MISS:          0 MSHR_MERGE:          0
cpu25->cpu25_L1I TRANSLATION  ACCESS:          0 HIT:          0 MISS:          0 MSHR_MERGE:          0
cpu25->cpu25_L1I PREFETCH REQUESTED:   36601702 ISSUED:   36589336 USEFUL:          0 USELESS:          0
cpu25->cpu25_L1I AVERAGE MISS LATENCY: - cycles
cpu25->cpu25_L1D TOTAL        ACCESS:   34005882 HIT:          0 MISS:   34005882 MSHR_MERGE:   10856931
cpu25->cpu25_L1D LOAD         ACCESS:   26842616 HIT:          0 MISS:   26842616 MSHR_MERGE:    6171458
cpu25->cpu25_L1D RFO          ACCESS:          0 HIT:          0 MISS:          0 MSHR_MERGE:          0
cpu25->cpu25_L1D PREFETCH     ACCESS:          0 HIT:          0 MISS:          0 MSHR_MERGE:          0
cpu25->cpu25_L1D WRITE        ACCESS:    7154314 HIT:          0 MISS:    7154314 MSHR_MERGE:    4685473
cpu25->cpu25_L1D TRANSLATION  ACCESS:       8952 HIT:          0 MISS:       8952 MSHR_MERGE:          0
cpu25->cpu25_L1D PREFETCH REQUESTED:          0 ISSUED:          0 USEFUL:          0 USELESS:          0
cpu25->cpu25_L1D AVERAGE MISS LATENCY: 21.13 cycles
cpu25->cpu25_ITLB TOTAL        ACCESS:   49155454 HIT:   49155454 MISS:          0 MSHR_MERGE:          0
cpu25->cpu25_ITLB LOAD         ACCESS:   49155454 HIT:   49155454 MISS:          0 MSHR_MERGE:          0
cpu25->cpu25_ITLB RFO          ACCESS:          0 HIT:          0 MISS:          0 MSHR_MERGE:          0
cpu25->cpu25_ITLB PREFETCH     ACCESS:          0 HIT:          0 MISS:          0 MSHR_MERGE:          0
cpu25->cpu25_ITLB WRITE        ACCESS:          0 HIT:          0 MISS:          0 MSHR_MERGE:          0
cpu25->cpu25_ITLB TRANSLATION  ACCESS:          0 HIT:          0 MISS:          0 MSHR_MERGE:          0
cpu25->cpu25_ITLB PREFETCH REQUESTED:          0 ISSUED:          0 USEFUL:          0 USELESS:          0
cpu25->cpu25_ITLB AVERAGE MISS LATENCY: - cycles
cpu25->cpu25_DTLB TOTAL        ACCESS:   33994627 HIT:   33952764 MISS:      41863 MSHR_MERGE:      29739
cpu25->cpu25_DTLB LOAD         ACCESS:   33994627 HIT:   33952764 MISS:      41863 MSHR_MERGE:      29739
cpu25->cpu25_DTLB RFO          ACCESS:          0 HIT:          0 MISS:          0 MSHR_MERGE:          0
cpu25->cpu25_DTLB PREFETCH     ACCESS:          0 HIT:          0 MISS:          0 MSHR_MERGE:          0
cpu25->cpu25_DTLB WRITE        ACCESS:          0 HIT:          0 MISS:          0 MSHR_MERGE:          0
cpu25->cpu25_DTLB TRANSLATION  ACCESS:          0 HIT:          0 MISS:          0 MSHR_MERGE:          0
cpu25->cpu25_DTLB PREFETCH REQUESTED:          0 ISSUED:          0 USEFUL:          0 USELESS:          0
cpu25->cpu25_DTLB AVERAGE MISS LATENCY: 259.7 cycles
cpu24->cpu24_STLB TOTAL        ACCESS:      12088 HIT:       7625 MISS:       4463 MSHR_MERGE:          0
cpu24->cpu24_STLB LOAD         ACCESS:      12088 HIT:       7625 MISS:       4463 MSHR_MERGE:          0
cpu24->cpu24_STLB RFO          ACCESS:          0 HIT:          0 MISS:          0 MSHR_MERGE:          0
cpu24->cpu24_STLB PREFETCH     ACCESS:          0 HIT:          0 MISS:          0 MSHR_MERGE:          0
cpu24->cpu24_STLB WRITE        ACCESS:          0 HIT:          0 MISS:          0 MSHR_MERGE:          0
cpu24->cpu24_STLB TRANSLATION  ACCESS:          0 HIT:          0 MISS:          0 MSHR_MERGE:          0
cpu24->cpu24_STLB PREFETCH REQUESTED:          0 ISSUED:          0 USEFUL:          0 USELESS:          0
cpu24->cpu24_STLB AVERAGE MISS LATENCY: 694.6 cycles
cpu24->cpu24_L2C TOTAL        ACCESS:   23134880 HIT:          0 MISS:   23134880 MSHR_MERGE:          0
cpu24->cpu24_L2C LOAD         ACCESS:   20699689 HIT:          0 MISS:   20699689 MSHR_MERGE:          0
cpu24->cpu24_L2C RFO          ACCESS:    2426256 HIT:          0 MISS:    2426256 MSHR_MERGE:          0
cpu24->cpu24_L2C PREFETCH     ACCESS:          1 HIT:          0 MISS:          1 MSHR_MERGE:          0
cpu24->cpu24_L2C WRITE        ACCESS:          0 HIT:          0 MISS:          0 MSHR_MERGE:          0
cpu24->cpu24_L2C TRANSLATION  ACCESS:       8934 HIT:          0 MISS:       8934 MSHR_MERGE:          0
cpu24->cpu24_L2C PREFETCH REQUESTED:          0 ISSUED:          0 USEFUL:          0 USELESS:          0
cpu24->cpu24_L2C AVERAGE MISS LATENCY: 18.14 cycles
cpu24->cpu24_L1I TOTAL        ACCESS:   73536997 HIT:   73536996 MISS:          1 MSHR_MERGE:          0
cpu24->cpu24_L1I LOAD         ACCESS:   36774686 HIT:   36774686 MISS:          0 MSHR_MERGE:          0
cpu24->cpu24_L1I RFO          ACCESS:          0 HIT:          0 MISS:          0 MSHR_MERGE:          0
cpu24->cpu24_L1I PREFETCH     ACCESS:   36762311 HIT:   36762310 MISS:          1 MSHR_MERGE:          0
cpu24->cpu24_L1I WRITE        ACCESS:          0 HIT:          0 MISS:          0 MSHR_MERGE:          0
cpu24->cpu24_L1I TRANSLATION  ACCESS:          0 HIT:          0 MISS:          0 MSHR_MERGE:          0
cpu24->cpu24_L1I PREFETCH REQUESTED:   36774686 ISSUED:   36762279 USEFUL:          0 USELESS:          0
cpu24->cpu24_L1I AVERAGE MISS LATENCY: - cycles
cpu24->cpu24_L1D TOTAL        ACCESS:   34075024 HIT:          0 MISS:   34075024 MSHR_MERGE:   10940145
cpu24->cpu24_L1D LOAD         ACCESS:   26935465 HIT:          0 MISS:   26935465 MSHR_MERGE:    6235776
cpu24->cpu24_L1D RFO          ACCESS:          0 HIT:          0 MISS:          0 MSHR_MERGE:          0
cpu24->cpu24_L1D PREFETCH     ACCESS:          0 HIT:          0 MISS:          0 MSHR_MERGE:          0
cpu24->cpu24_L1D WRITE        ACCESS:    7130625 HIT:          0 MISS:    7130625 MSHR_MERGE:    4704369
cpu24->cpu24_L1D TRANSLATION  ACCESS:       8934 HIT:          0 MISS:       8934 MSHR_MERGE:          0
cpu24->cpu24_L1D PREFETCH REQUESTED:          0 ISSUED:          0 USEFUL:          0 USELESS:          0
cpu24->cpu24_L1D AVERAGE MISS LATENCY: 21.15 cycles
cpu24->cpu24_ITLB TOTAL        ACCESS:   49652196 HIT:   49652196 MISS:          0 MSHR_MERGE:          0
cpu24->cpu24_ITLB LOAD         ACCESS:   49652196 HIT:   49652196 MISS:          0 MSHR_MERGE:          0
cpu24->cpu24_ITLB RFO          ACCESS:          0 HIT:          0 MISS:          0 MSHR_MERGE:          0
cpu24->cpu24_ITLB PREFETCH     ACCESS:          0 HIT:          0 MISS:          0 MSHR_MERGE:          0
cpu24->cpu24_ITLB WRITE        ACCESS:          0 HIT:          0 MISS:          0 MSHR_MERGE:          0
cpu24->cpu24_ITLB TRANSLATION  ACCESS:          0 HIT:          0 MISS:          0 MSHR_MERGE:          0
cpu24->cpu24_ITLB PREFETCH REQUESTED:          0 ISSUED:          0 USEFUL:          0 USELESS:          0
cpu24->cpu24_ITLB AVERAGE MISS LATENCY: - cycles
cpu24->cpu24_DTLB TOTAL        ACCESS:   33983522 HIT:   33941562 MISS:      41960 MSHR_MERGE:      29872
cpu24->cpu24_DTLB LOAD         ACCESS:   33983522 HIT:   33941562 MISS:      41960 MSHR_MERGE:      29872
cpu24->cpu24_DTLB RFO          ACCESS:          0 HIT:          0 MISS:          0 MSHR_MERGE:          0
cpu24->cpu24_DTLB PREFETCH     ACCESS:          0 HIT:          0 MISS:          0 MSHR_MERGE:          0
cpu24->cpu24_DTLB WRITE        ACCESS:          0 HIT:          0 MISS:          0 MSHR_MERGE:          0
cpu24->cpu24_DTLB TRANSLATION  ACCESS:          0 HIT:          0 MISS:          0 MSHR_MERGE:          0
cpu24->cpu24_DTLB PREFETCH REQUESTED:          0 ISSUED:          0 USEFUL:          0 USELESS:          0
cpu24->cpu24_DTLB AVERAGE MISS LATENCY: 261.8 cycles
cpu23->cpu23_STLB TOTAL        ACCESS:      12021 HIT:       7585 MISS:       4436 MSHR_MERGE:          0
cpu23->cpu23_STLB LOAD         ACCESS:      12021 HIT:       7585 MISS:       4436 MSHR_MERGE:          0
cpu23->cpu23_STLB RFO          ACCESS:          0 HIT:          0 MISS:          0 MSHR_MERGE:          0
cpu23->cpu23_STLB PREFETCH     ACCESS:          0 HIT:          0 MISS:          0 MSHR_MERGE:          0
cpu23->cpu23_STLB WRITE        ACCESS:          0 HIT:          0 MISS:          0 MSHR_MERGE:          0
cpu23->cpu23_STLB TRANSLATION  ACCESS:          0 HIT:          0 MISS:          0 MSHR_MERGE:          0
cpu23->cpu23_STLB PREFETCH REQUESTED:          0 ISSUED:          0 USEFUL:          0 USELESS:          0
cpu23->cpu23_STLB AVERAGE MISS LATENCY: 695.5 cycles
cpu23->cpu23_L2C TOTAL        ACCESS:   22932039 HIT:          0 MISS:   22932039 MSHR_MERGE:          0
cpu23->cpu23_L2C LOAD         ACCESS:   20536958 HIT:          0 MISS:   20536958 MSHR_MERGE:          0
cpu23->cpu23_L2C RFO          ACCESS:    2386200 HIT:          0 MISS:    2386200 MSHR_MERGE:          0
cpu23->cpu23_L2C PREFETCH     ACCESS:          1 HIT:          0 MISS:          1 MSHR_MERGE:          0
cpu23->cpu23_L2C WRITE        ACCESS:          0 HIT:          0 MISS:          0 MSHR_MERGE:          0
cpu23->cpu23_L2C TRANSLATION  ACCESS:       8880 HIT:          0 MISS:       8880 MSHR_MERGE:          0
cpu23->cpu23_L2C PREFETCH REQUESTED:          0 ISSUED:          0 USEFUL:          0 USELESS:          0
cpu23->cpu23_L2C AVERAGE MISS LATENCY: 18.13 cycles
cpu23->cpu23_L1I TOTAL        ACCESS:   73161580 HIT:   73161579 MISS:          1 MSHR_MERGE:          0
cpu23->cpu23_L1I LOAD         ACCESS:   36586905 HIT:   36586905 MISS:          0 MSHR_MERGE:          0
cpu23->cpu23_L1I RFO          ACCESS:          0 HIT:          0 MISS:          0 MSHR_MERGE:          0
cpu23->cpu23_L1I PREFETCH     ACCESS:   36574675 HIT:   36574674 MISS:          1 MSHR_MERGE:          0
cpu23->cpu23_L1I WRITE        ACCESS:          0 HIT:          0 MISS:          0 MSHR_MERGE:          0
cpu23->cpu23_L1I TRANSLATION  ACCESS:          0 HIT:          0 MISS:          0 MSHR_MERGE:          0
cpu23->cpu23_L1I PREFETCH REQUESTED:   36586905 ISSUED:   36574647 USEFUL:          0 USELESS:          0
cpu23->cpu23_L1I AVERAGE MISS LATENCY: - cycles
cpu23->cpu23_L1D TOTAL        ACCESS:   33984615 HIT:          0 MISS:   33984615 MSHR_MERGE:   11052577
cpu23->cpu23_L1D LOAD         ACCESS:   26881579 HIT:          0 MISS:   26881579 MSHR_MERGE:    6344621
cpu23->cpu23_L1D RFO          ACCESS:          0 HIT:          0 MISS:          0 MSHR_MERGE:          0
cpu23->cpu23_L1D PREFETCH     ACCESS:          0 HIT:          0 MISS:          0 MSHR_MERGE:          0
cpu23->cpu23_L1D WRITE        ACCESS:    7094156 HIT:          0 MISS:    7094156 MSHR_MERGE:    4707956
cpu23->cpu23_L1D TRANSLATION  ACCESS:       8880 HIT:          0 MISS:       8880 MSHR_MERGE:          0
cpu23->cpu23_L1D PREFETCH REQUESTED:          0 ISSUED:          0 USEFUL:          0 USELESS:          0
cpu23->cpu23_L1D AVERAGE MISS LATENCY: 21.13 cycles
cpu23->cpu23_ITLB TOTAL        ACCESS:   49252065 HIT:   49252065 MISS:          0 MSHR_MERGE:          0
cpu23->cpu23_ITLB LOAD         ACCESS:   49252065 HIT:   49252065 MISS:          0 MSHR_MERGE:          0
cpu23->cpu23_ITLB RFO          ACCESS:          0 HIT:          0 MISS:          0 MSHR_MERGE:          0
cpu23->cpu23_ITLB PREFETCH     ACCESS:          0 HIT:          0 MISS:          0 MSHR_MERGE:          0
cpu23->cpu23_ITLB WRITE        ACCESS:          0 HIT:          0 MISS:          0 MSHR_MERGE:          0
cpu23->cpu23_ITLB TRANSLATION  ACCESS:          0 HIT:          0 MISS:          0 MSHR_MERGE:          0
cpu23->cpu23_ITLB PREFETCH REQUESTED:          0 ISSUED:          0 USEFUL:          0 USELESS:          0
cpu23->cpu23_ITLB AVERAGE MISS LATENCY: - cycles
cpu23->cpu23_DTLB TOTAL        ACCESS:   33973223 HIT:   33931469 MISS:      41754 MSHR_MERGE:      29733
cpu23->cpu23_DTLB LOAD         ACCESS:   33973223 HIT:   33931469 MISS:      41754 MSHR_MERGE:      29733
cpu23->cpu23_DTLB RFO          ACCESS:          0 HIT:          0 MISS:          0 MSHR_MERGE:          0
cpu23->cpu23_DTLB PREFETCH     ACCESS:          0 HIT:          0 MISS:          0 MSHR_MERGE:          0
cpu23->cpu23_DTLB WRITE        ACCESS:          0 HIT:          0 MISS:          0 MSHR_MERGE:          0
cpu23->cpu23_DTLB TRANSLATION  ACCESS:          0 HIT:          0 MISS:          0 MSHR_MERGE:          0
cpu23->cpu23_DTLB PREFETCH REQUESTED:          0 ISSUED:          0 USEFUL:          0 USELESS:          0
cpu23->cpu23_DTLB AVERAGE MISS LATENCY: 262 cycles
cpu22->cpu22_STLB TOTAL        ACCESS:      12090 HIT:       7627 MISS:       4463 MSHR_MERGE:          0
cpu22->cpu22_STLB LOAD         ACCESS:      12090 HIT:       7627 MISS:       4463 MSHR_MERGE:          0
cpu22->cpu22_STLB RFO          ACCESS:          0 HIT:          0 MISS:          0 MSHR_MERGE:          0
cpu22->cpu22_STLB PREFETCH     ACCESS:          0 HIT:          0 MISS:          0 MSHR_MERGE:          0
cpu22->cpu22_STLB WRITE        ACCESS:          0 HIT:          0 MISS:          0 MSHR_MERGE:          0
cpu22->cpu22_STLB TRANSLATION  ACCESS:          0 HIT:          0 MISS:          0 MSHR_MERGE:          0
cpu22->cpu22_STLB PREFETCH REQUESTED:          0 ISSUED:          0 USEFUL:          0 USELESS:          0
cpu22->cpu22_STLB AVERAGE MISS LATENCY: 692.8 cycles
cpu22->cpu22_L2C TOTAL        ACCESS:   23076676 HIT:          0 MISS:   23076676 MSHR_MERGE:          0
cpu22->cpu22_L2C LOAD         ACCESS:   20608229 HIT:          0 MISS:   20608229 MSHR_MERGE:          0
cpu22->cpu22_L2C RFO          ACCESS:    2459512 HIT:          0 MISS:    2459512 MSHR_MERGE:          0
cpu22->cpu22_L2C PREFETCH     ACCESS:          1 HIT:          0 MISS:          1 MSHR_MERGE:          0
cpu22->cpu22_L2C WRITE        ACCESS:          0 HIT:          0 MISS:          0 MSHR_MERGE:          0
cpu22->cpu22_L2C TRANSLATION  ACCESS:       8934 HIT:          0 MISS:       8934 MSHR_MERGE:          0
cpu22->cpu22_L2C PREFETCH REQUESTED:          0 ISSUED:          0 USEFUL:          0 USELESS:          0
cpu22->cpu22_L2C AVERAGE MISS LATENCY: 18.14 cycles
cpu22->cpu22_L1I TOTAL        ACCESS:   72955093 HIT:   72955092 MISS:          1 MSHR_MERGE:          0
cpu22->cpu22_L1I LOAD         ACCESS:   36483708 HIT:   36483708 MISS:          0 MSHR_MERGE:          0
cpu22->cpu22_L1I RFO          ACCESS:          0 HIT:          0 MISS:          0 MSHR_MERGE:          0
cpu22->cpu22_L1I PREFETCH     ACCESS:   36471385 HIT:   36471384 MISS:          1 MSHR_MERGE:          0
cpu22->cpu22_L1I WRITE        ACCESS:          0 HIT:          0 MISS:          0 MSHR_MERGE:          0
cpu22->cpu22_L1I TRANSLATION  ACCESS:          0 HIT:          0 MISS:          0 MSHR_MERGE:          0
cpu22->cpu22_L1I PREFETCH REQUESTED:   36483708 ISSUED:   36471353 USEFUL:          0 USELESS:          0
cpu22->cpu22_L1I AVERAGE MISS LATENCY: - cycles
cpu22->cpu22_L1D TOTAL        ACCESS:   33904313 HIT:          0 MISS:   33904313 MSHR_MERGE:   10827638
cpu22->cpu22_L1D LOAD         ACCESS:   26763866 HIT:          0 MISS:   26763866 MSHR_MERGE:    6155636
cpu22->cpu22_L1D RFO          ACCESS:          0 HIT:          0 MISS:          0 MSHR_MERGE:          0
cpu22->cpu22_L1D PREFETCH     ACCESS:          0 HIT:          0 MISS:          0 MSHR_MERGE:          0
cpu22->cpu22_L1D WRITE        ACCESS:    7131513 HIT:          0 MISS:    7131513 MSHR_MERGE:    4672002
cpu22->cpu22_L1D TRANSLATION  ACCESS:       8934 HIT:          0 MISS:       8934 MSHR_MERGE:          0
cpu22->cpu22_L1D PREFETCH REQUESTED:          0 ISSUED:          0 USEFUL:          0 USELESS:          0
cpu22->cpu22_L1D AVERAGE MISS LATENCY: 21.15 cycles
cpu22->cpu22_ITLB TOTAL        ACCESS:   48989325 HIT:   48989325 MISS:          0 MSHR_MERGE:          0
cpu22->cpu22_ITLB LOAD         ACCESS:   48989325 HIT:   48989325 MISS:          0 MSHR_MERGE:          0
cpu22->cpu22_ITLB RFO          ACCESS:          0 HIT:          0 MISS:          0 MSHR_MERGE:          0
cpu22->cpu22_ITLB PREFETCH     ACCESS:          0 HIT:          0 MISS:          0 MSHR_MERGE:          0
cpu22->cpu22_ITLB WRITE        ACCESS:          0 HIT:          0 MISS:          0 MSHR_MERGE:          0
cpu22->cpu22_ITLB TRANSLATION  ACCESS:          0 HIT:          0 MISS:          0 MSHR_MERGE:          0
cpu22->cpu22_ITLB PREFETCH REQUESTED:          0 ISSUED:          0 USEFUL:          0 USELESS:          0
cpu22->cpu22_ITLB AVERAGE MISS LATENCY: - cycles
cpu22->cpu22_DTLB TOTAL        ACCESS:   33893125 HIT:   33851325 MISS:      41800 MSHR_MERGE:      29710
cpu22->cpu22_DTLB LOAD         ACCESS:   33893125 HIT:   33851325 MISS:      41800 MSHR_MERGE:      29710
cpu22->cpu22_DTLB RFO          ACCESS:          0 HIT:          0 MISS:          0 MSHR_MERGE:          0
cpu22->cpu22_DTLB PREFETCH     ACCESS:          0 HIT:          0 MISS:          0 MSHR_MERGE:          0
cpu22->cpu22_DTLB WRITE        ACCESS:          0 HIT:          0 MISS:          0 MSHR_MERGE:          0
cpu22->cpu22_DTLB TRANSLATION  ACCESS:          0 HIT:          0 MISS:          0 MSHR_MERGE:          0
cpu22->cpu22_DTLB PREFETCH REQUESTED:          0 ISSUED:          0 USEFUL:          0 USELESS:          0
cpu22->cpu22_DTLB AVERAGE MISS LATENCY: 261.1 cycles
cpu21->cpu21_STLB TOTAL        ACCESS:      12106 HIT:       7642 MISS:       4464 MSHR_MERGE:          0
cpu21->cpu21_STLB LOAD         ACCESS:      12106 HIT:       7642 MISS:       4464 MSHR_MERGE:          0
cpu21->cpu21_STLB RFO          ACCESS:          0 HIT:          0 MISS:          0 MSHR_MERGE:          0
cpu21->cpu21_STLB PREFETCH     ACCESS:          0 HIT:          0 MISS:          0 MSHR_MERGE:          0
cpu21->cpu21_STLB WRITE        ACCESS:          0 HIT:          0 MISS:          0 MSHR_MERGE:          0
cpu21->cpu21_STLB TRANSLATION  ACCESS:          0 HIT:          0 MISS:          0 MSHR_MERGE:          0
cpu21->cpu21_STLB PREFETCH REQUESTED:          0 ISSUED:          0 USEFUL:          0 USELESS:          0
cpu21->cpu21_STLB AVERAGE MISS LATENCY: 694.5 cycles
cpu21->cpu21_L2C TOTAL        ACCESS:   23211094 HIT:          0 MISS:   23211094 MSHR_MERGE:          0
cpu21->cpu21_L2C LOAD         ACCESS:   20756300 HIT:          0 MISS:   20756300 MSHR_MERGE:          0
cpu21->cpu21_L2C RFO          ACCESS:    2445857 HIT:          0 MISS:    2445857 MSHR_MERGE:          0
cpu21->cpu21_L2C PREFETCH     ACCESS:          1 HIT:          0 MISS:          1 MSHR_MERGE:          0
cpu21->cpu21_L2C WRITE        ACCESS:          0 HIT:          0 MISS:          0 MSHR_MERGE:          0
cpu21->cpu21_L2C TRANSLATION  ACCESS:       8936 HIT:          0 MISS:       8936 MSHR_MERGE:          0
cpu21->cpu21_L2C PREFETCH REQUESTED:          0 ISSUED:          0 USEFUL:          0 USELESS:          0
cpu21->cpu21_L2C AVERAGE MISS LATENCY: 18.14 cycles
cpu21->cpu21_L1I TOTAL        ACCESS:   73611037 HIT:   73611036 MISS:          1 MSHR_MERGE:          0
cpu21->cpu21_L1I LOAD         ACCESS:   36812049 HIT:   36812049 MISS:          0 MSHR_MERGE:          0
cpu21->cpu21_L1I RFO          ACCESS:          0 HIT:          0 MISS:          0 MSHR_MERGE:          0
cpu21->cpu21_L1I PREFETCH     ACCESS:   36798988 HIT:   36798987 MISS:          1 MSHR_MERGE:          0
cpu21->cpu21_L1I WRITE        ACCESS:          0 HIT:          0 MISS:          0 MSHR_MERGE:          0
cpu21->cpu21_L1I TRANSLATION  ACCESS:          0 HIT:          0 MISS:          0 MSHR_MERGE:          0
cpu21->cpu21_L1I PREFETCH REQUESTED:   36812049 ISSUED:   36798956 USEFUL:          0 USELESS:          0
cpu21->cpu21_L1I AVERAGE MISS LATENCY: - cycles
cpu21->cpu21_L1D TOTAL        ACCESS:   34179637 HIT:          0 MISS:   34179637 MSHR_MERGE:   10968544
cpu21->cpu21_L1D LOAD         ACCESS:   27026512 HIT:          0 MISS:   27026512 MSHR_MERGE:    6270212
cpu21->cpu21_L1D RFO          ACCESS:          0 HIT:          0 MISS:          0 MSHR_MERGE:          0
cpu21->cpu21_L1D PREFETCH     ACCESS:          0 HIT:          0 MISS:          0 MSHR_MERGE:          0
cpu21->cpu21_L1D WRITE        ACCESS:    7144189 HIT:          0 MISS:    7144189 MSHR_MERGE:    4698332
cpu21->cpu21_L1D TRANSLATION  ACCESS:       8936 HIT:          0 MISS:       8936 MSHR_MERGE:          0
cpu21->cpu21_L1D PREFETCH REQUESTED:          0 ISSUED:          0 USEFUL:          0 USELESS:          0
cpu21->cpu21_L1D AVERAGE MISS LATENCY: 21.15 cycles
cpu21->cpu21_ITLB TOTAL        ACCESS:   49333861 HIT:   49333861 MISS:          0 MSHR_MERGE:          0
cpu21->cpu21_ITLB LOAD         ACCESS:   49333861 HIT:   49333861 MISS:          0 MSHR_MERGE:          0
cpu21->cpu21_ITLB RFO          ACCESS:          0 HIT:          0 MISS:          0 MSHR_MERGE:          0
cpu21->cpu21_ITLB PREFETCH     ACCESS:          0 HIT:          0 MISS:          0 MSHR_MERGE:          0
cpu21->cpu21_ITLB WRITE        ACCESS:          0 HIT:          0 MISS:          0 MSHR_MERGE:          0
cpu21->cpu21_ITLB TRANSLATION  ACCESS:          0 HIT:          0 MISS:          0 MSHR_MERGE:          0
cpu21->cpu21_ITLB PREFETCH REQUESTED:          0 ISSUED:          0 USEFUL:          0 USELESS:          0
cpu21->cpu21_ITLB AVERAGE MISS LATENCY: - cycles
cpu21->cpu21_DTLB TOTAL        ACCESS:   34087365 HIT:   34045477 MISS:      41888 MSHR_MERGE:      29782
cpu21->cpu21_DTLB LOAD         ACCESS:   34087365 HIT:   34045477 MISS:      41888 MSHR_MERGE:      29782
cpu21->cpu21_DTLB RFO          ACCESS:          0 HIT:          0 MISS:          0 MSHR_MERGE:          0
cpu21->cpu21_DTLB PREFETCH     ACCESS:          0 HIT:          0 MISS:          0 MSHR_MERGE:          0
cpu21->cpu21_DTLB WRITE        ACCESS:          0 HIT:          0 MISS:          0 MSHR_MERGE:          0
cpu21->cpu21_DTLB TRANSLATION  ACCESS:          0 HIT:          0 MISS:          0 MSHR_MERGE:          0
cpu21->cpu21_DTLB PREFETCH REQUESTED:          0 ISSUED:          0 USEFUL:          0 USELESS:          0
cpu21->cpu21_DTLB AVERAGE MISS LATENCY: 261.5 cycles
cpu20->cpu20_STLB TOTAL        ACCESS:      12024 HIT:       7588 MISS:       4436 MSHR_MERGE:          0
cpu20->cpu20_STLB LOAD         ACCESS:      12024 HIT:       7588 MISS:       4436 MSHR_MERGE:          0
cpu20->cpu20_STLB RFO          ACCESS:          0 HIT:          0 MISS:          0 MSHR_MERGE:          0
cpu20->cpu20_STLB PREFETCH     ACCESS:          0 HIT:          0 MISS:          0 MSHR_MERGE:          0
cpu20->cpu20_STLB WRITE        ACCESS:          0 HIT:          0 MISS:          0 MSHR_MERGE:          0
cpu20->cpu20_STLB TRANSLATION  ACCESS:          0 HIT:          0 MISS:          0 MSHR_MERGE:          0
cpu20->cpu20_STLB PREFETCH REQUESTED:          0 ISSUED:          0 USEFUL:          0 USELESS:          0
cpu20->cpu20_STLB AVERAGE MISS LATENCY: 697.4 cycles
cpu20->cpu20_L2C TOTAL        ACCESS:   22899903 HIT:          0 MISS:   22899903 MSHR_MERGE:          0
cpu20->cpu20_L2C LOAD         ACCESS:   20500494 HIT:          0 MISS:   20500494 MSHR_MERGE:          0
cpu20->cpu20_L2C RFO          ACCESS:    2390528 HIT:          0 MISS:    2390528 MSHR_MERGE:          0
cpu20->cpu20_L2C PREFETCH     ACCESS:          1 HIT:          0 MISS:          1 MSHR_MERGE:          0
cpu20->cpu20_L2C WRITE        ACCESS:          0 HIT:          0 MISS:          0 MSHR_MERGE:          0
cpu20->cpu20_L2C TRANSLATION  ACCESS:       8880 HIT:          0 MISS:       8880 MSHR_MERGE:          0
cpu20->cpu20_L2C PREFETCH REQUESTED:          0 ISSUED:          0 USEFUL:          0 USELESS:          0
cpu20->cpu20_L2C AVERAGE MISS LATENCY: 18.13 cycles
cpu20->cpu20_L1I TOTAL        ACCESS:   73119019 HIT:   73119018 MISS:          1 MSHR_MERGE:          0
cpu20->cpu20_L1I LOAD         ACCESS:   36564895 HIT:   36564895 MISS:          0 MSHR_MERGE:          0
cpu20->cpu20_L1I RFO          ACCESS:          0 HIT:          0 MISS:          0 MSHR_MERGE:          0
cpu20->cpu20_L1I PREFETCH     ACCESS:   36554124 HIT:   36554123 MISS:          1 MSHR_MERGE:          0
cpu20->cpu20_L1I WRITE        ACCESS:          0 HIT:          0 MISS:          0 MSHR_MERGE:          0
cpu20->cpu20_L1I TRANSLATION  ACCESS:          0 HIT:          0 MISS:          0 MSHR_MERGE:          0
cpu20->cpu20_L1I PREFETCH REQUESTED:   36564895 ISSUED:   36554092 USEFUL:          0 USELESS:          0
cpu20->cpu20_L1I AVERAGE MISS LATENCY: - cycles
cpu20->cpu20_L1D TOTAL        ACCESS:   34000030 HIT:          0 MISS:   34000030 MSHR_MERGE:   11100127
cpu20->cpu20_L1D LOAD         ACCESS:   26893185 HIT:          0 MISS:   26893185 MSHR_MERGE:    6392690
cpu20->cpu20_L1D RFO          ACCESS:          0 HIT:          0 MISS:          0 MSHR_MERGE:          0
cpu20->cpu20_L1D PREFETCH     ACCESS:          0 HIT:          0 MISS:          0 MSHR_MERGE:          0
cpu20->cpu20_L1D WRITE        ACCESS:    7097965 HIT:          0 MISS:    7097965 MSHR_MERGE:    4707437
cpu20->cpu20_L1D TRANSLATION  ACCESS:       8880 HIT:          0 MISS:       8880 MSHR_MERGE:          0
cpu20->cpu20_L1D PREFETCH REQUESTED:          0 ISSUED:          0 USEFUL:          0 USELESS:          0
cpu20->cpu20_L1D AVERAGE MISS LATENCY: 21.14 cycles
cpu20->cpu20_ITLB TOTAL        ACCESS:   48928812 HIT:   48928812 MISS:          0 MSHR_MERGE:          0
cpu20->cpu20_ITLB LOAD         ACCESS:   48928812 HIT:   48928812 MISS:          0 MSHR_MERGE:          0
cpu20->cpu20_ITLB RFO          ACCESS:          0 HIT:          0 MISS:          0 MSHR_MERGE:          0
cpu20->cpu20_ITLB PREFETCH     ACCESS:          0 HIT:          0 MISS:          0 MSHR_MERGE:          0
cpu20->cpu20_ITLB WRITE        ACCESS:          0 HIT:          0 MISS:          0 MSHR_MERGE:          0
cpu20->cpu20_ITLB TRANSLATION  ACCESS:          0 HIT:          0 MISS:          0 MSHR_MERGE:          0
cpu20->cpu20_ITLB PREFETCH REQUESTED:          0 ISSUED:          0 USEFUL:          0 USELESS:          0
cpu20->cpu20_ITLB AVERAGE MISS LATENCY: - cycles
cpu20->cpu20_DTLB TOTAL        ACCESS:   33988759 HIT:   33946795 MISS:      41964 MSHR_MERGE:      29940
cpu20->cpu20_DTLB LOAD         ACCESS:   33988759 HIT:   33946795 MISS:      41964 MSHR_MERGE:      29940
cpu20->cpu20_DTLB RFO          ACCESS:          0 HIT:          0 MISS:          0 MSHR_MERGE:          0
cpu20->cpu20_DTLB PREFETCH     ACCESS:          0 HIT:          0 MISS:          0 MSHR_MERGE:          0
cpu20->cpu20_DTLB WRITE        ACCESS:          0 HIT:          0 MISS:          0 MSHR_MERGE:          0
cpu20->cpu20_DTLB TRANSLATION  ACCESS:          0 HIT:          0 MISS:          0 MSHR_MERGE:          0
cpu20->cpu20_DTLB PREFETCH REQUESTED:          0 ISSUED:          0 USEFUL:          0 USELESS:          0
cpu20->cpu20_DTLB AVERAGE MISS LATENCY: 262.6 cycles
cpu1->cpu1_STLB TOTAL        ACCESS:      12041 HIT:       7596 MISS:       4445 MSHR_MERGE:          0
cpu1->cpu1_STLB LOAD         ACCESS:      12041 HIT:       7596 MISS:       4445 MSHR_MERGE:          0
cpu1->cpu1_STLB RFO          ACCESS:          0 HIT:          0 MISS:          0 MSHR_MERGE:          0
cpu1->cpu1_STLB PREFETCH     ACCESS:          0 HIT:          0 MISS:          0 MSHR_MERGE:          0
cpu1->cpu1_STLB WRITE        ACCESS:          0 HIT:          0 MISS:          0 MSHR_MERGE:          0
cpu1->cpu1_STLB TRANSLATION  ACCESS:          0 HIT:          0 MISS:          0 MSHR_MERGE:          0
cpu1->cpu1_STLB PREFETCH REQUESTED:          0 ISSUED:          0 USEFUL:          0 USELESS:          0
cpu1->cpu1_STLB AVERAGE MISS LATENCY: 693.9 cycles
cpu1->cpu1_L2C TOTAL        ACCESS:   22923159 HIT:          0 MISS:   22923159 MSHR_MERGE:          0
cpu1->cpu1_L2C LOAD         ACCESS:   20520296 HIT:          0 MISS:   20520296 MSHR_MERGE:          0
cpu1->cpu1_L2C RFO          ACCESS:    2393964 HIT:          0 MISS:    2393964 MSHR_MERGE:          0
cpu1->cpu1_L2C PREFETCH     ACCESS:          1 HIT:          0 MISS:          1 MSHR_MERGE:          0
cpu1->cpu1_L2C WRITE        ACCESS:          0 HIT:          0 MISS:          0 MSHR_MERGE:          0
cpu1->cpu1_L2C TRANSLATION  ACCESS:       8898 HIT:          0 MISS:       8898 MSHR_MERGE:          0
cpu1->cpu1_L2C PREFETCH REQUESTED:          0 ISSUED:          0 USEFUL:          0 USELESS:          0
cpu1->cpu1_L2C AVERAGE MISS LATENCY: 18.12 cycles
cpu1->cpu1_L1I TOTAL        ACCESS:   73191189 HIT:   73191188 MISS:          1 MSHR_MERGE:          0
cpu1->cpu1_L1I LOAD         ACCESS:   36601724 HIT:   36601724 MISS:          0 MSHR_MERGE:          0
cpu1->cpu1_L1I RFO          ACCESS:          0 HIT:          0 MISS:          0 MSHR_MERGE:          0
cpu1->cpu1_L1I PREFETCH     ACCESS:   36589465 HIT:   36589464 MISS:          1 MSHR_MERGE:          0
cpu1->cpu1_L1I WRITE        ACCESS:          0 HIT:          0 MISS:          0 MSHR_MERGE:          0
cpu1->cpu1_L1I TRANSLATION  ACCESS:          0 HIT:          0 MISS:          0 MSHR_MERGE:          0
cpu1->cpu1_L1I PREFETCH REQUESTED:   36601724 ISSUED:   36589433 USEFUL:          0 USELESS:          0
cpu1->cpu1_L1I AVERAGE MISS LATENCY: - cycles
cpu1->cpu1_L1D TOTAL        ACCESS:   34036031 HIT:          0 MISS:   34036031 MSHR_MERGE:   11112873
cpu1->cpu1_L1D LOAD         ACCESS:   26922145 HIT:          0 MISS:   26922145 MSHR_MERGE:    6401849
cpu1->cpu1_L1D RFO          ACCESS:          0 HIT:          0 MISS:          0 MSHR_MERGE:          0
cpu1->cpu1_L1D PREFETCH     ACCESS:          0 HIT:          0 MISS:          0 MSHR_MERGE:          0
cpu1->cpu1_L1D WRITE        ACCESS:    7104988 HIT:          0 MISS:    7104988 MSHR_MERGE:    4711024
cpu1->cpu1_L1D TRANSLATION  ACCESS:       8898 HIT:          0 MISS:       8898 MSHR_MERGE:          0
cpu1->cpu1_L1D PREFETCH REQUESTED:          0 ISSUED:          0 USEFUL:          0 USELESS:          0
cpu1->cpu1_L1D AVERAGE MISS LATENCY: 21.13 cycles
cpu1->cpu1_ITLB TOTAL        ACCESS:   48971927 HIT:   48971927 MISS:          0 MSHR_MERGE:          0
cpu1->cpu1_ITLB LOAD         ACCESS:   48971927 HIT:   48971927 MISS:          0 MSHR_MERGE:          0
cpu1->cpu1_ITLB RFO          ACCESS:          0 HIT:          0 MISS:          0 MSHR_MERGE:          0
cpu1->cpu1_ITLB PREFETCH     ACCESS:          0 HIT:          0 MISS:          0 MSHR_MERGE:          0
cpu1->cpu1_ITLB WRITE        ACCESS:          0 HIT:          0 MISS:          0 MSHR_MERGE:          0
cpu1->cpu1_ITLB TRANSLATION  ACCESS:          0 HIT:          0 MISS:          0 MSHR_MERGE:          0
cpu1->cpu1_ITLB PREFETCH REQUESTED:          0 ISSUED:          0 USEFUL:          0 USELESS:          0
cpu1->cpu1_ITLB AVERAGE MISS LATENCY: - cycles
cpu1->cpu1_DTLB TOTAL        ACCESS:   34024783 HIT:   33982853 MISS:      41930 MSHR_MERGE:      29889
cpu1->cpu1_DTLB LOAD         ACCESS:   34024783 HIT:   33982853 MISS:      41930 MSHR_MERGE:      29889
cpu1->cpu1_DTLB RFO          ACCESS:          0 HIT:          0 MISS:          0 MSHR_MERGE:          0
cpu1->cpu1_DTLB PREFETCH     ACCESS:          0 HIT:          0 MISS:          0 MSHR_MERGE:          0
cpu1->cpu1_DTLB WRITE        ACCESS:          0 HIT:          0 MISS:          0 MSHR_MERGE:          0
cpu1->cpu1_DTLB TRANSLATION  ACCESS:          0 HIT:          0 MISS:          0 MSHR_MERGE:          0
cpu1->cpu1_DTLB PREFETCH REQUESTED:          0 ISSUED:          0 USEFUL:          0 USELESS:          0
cpu1->cpu1_DTLB AVERAGE MISS LATENCY: 261.5 cycles
cpu19->cpu19_STLB TOTAL        ACCESS:      11972 HIT:       7554 MISS:       4418 MSHR_MERGE:          0
cpu19->cpu19_STLB LOAD         ACCESS:      11972 HIT:       7554 MISS:       4418 MSHR_MERGE:          0
cpu19->cpu19_STLB RFO          ACCESS:          0 HIT:          0 MISS:          0 MSHR_MERGE:          0
cpu19->cpu19_STLB PREFETCH     ACCESS:          0 HIT:          0 MISS:          0 MSHR_MERGE:          0
cpu19->cpu19_STLB WRITE        ACCESS:          0 HIT:          0 MISS:          0 MSHR_MERGE:          0
cpu19->cpu19_STLB TRANSLATION  ACCESS:          0 HIT:          0 MISS:          0 MSHR_MERGE:          0
cpu19->cpu19_STLB PREFETCH REQUESTED:          0 ISSUED:          0 USEFUL:          0 USELESS:          0
cpu19->cpu19_STLB AVERAGE MISS LATENCY: 687.5 cycles
cpu19->cpu19_L2C TOTAL        ACCESS:   22839801 HIT:          0 MISS:   22839801 MSHR_MERGE:          0
cpu19->cpu19_L2C LOAD         ACCESS:   20394992 HIT:          0 MISS:   20394992 MSHR_MERGE:          0
cpu19->cpu19_L2C RFO          ACCESS:    2435964 HIT:          0 MISS:    2435964 MSHR_MERGE:          0
cpu19->cpu19_L2C PREFETCH     ACCESS:          1 HIT:          0 MISS:          1 MSHR_MERGE:          0
cpu19->cpu19_L2C WRITE        ACCESS:          0 HIT:          0 MISS:          0 MSHR_MERGE:          0
cpu19->cpu19_L2C TRANSLATION  ACCESS:       8844 HIT:          0 MISS:       8844 MSHR_MERGE:          0
cpu19->cpu19_L2C PREFETCH REQUESTED:          0 ISSUED:          0 USEFUL:          0 USELESS:          0
cpu19->cpu19_L2C AVERAGE MISS LATENCY: 18.43 cycles
cpu19->cpu19_L1I TOTAL        ACCESS:   72242733 HIT:   72242732 MISS:          1 MSHR_MERGE:          0
cpu19->cpu19_L1I LOAD         ACCESS:   36127465 HIT:   36127465 MISS:          0 MSHR_MERGE:          0
cpu19->cpu19_L1I RFO          ACCESS:          0 HIT:          0 MISS:          0 MSHR_MERGE:          0
cpu19->cpu19_L1I PREFETCH     ACCESS:   36115268 HIT:   36115267 MISS:          1 MSHR_MERGE:          0
cpu19->cpu19_L1I WRITE        ACCESS:          0 HIT:          0 MISS:          0 MSHR_MERGE:          0
cpu19->cpu19_L1I TRANSLATION  ACCESS:          0 HIT:          0 MISS:          0 MSHR_MERGE:          0
cpu19->cpu19_L1I PREFETCH REQUESTED:   36127465 ISSUED:   36115236 USEFUL:          0 USELESS:          0
cpu19->cpu19_L1I AVERAGE MISS LATENCY: - cycles
cpu19->cpu19_L1D TOTAL        ACCESS:   33574254 HIT:          0 MISS:   33574254 MSHR_MERGE:   10734454
cpu19->cpu19_L1D LOAD         ACCESS:   26503660 HIT:          0 MISS:   26503660 MSHR_MERGE:    6108668
cpu19->cpu19_L1D RFO          ACCESS:          0 HIT:          0 MISS:          0 MSHR_MERGE:          0
cpu19->cpu19_L1D PREFETCH     ACCESS:          0 HIT:          0 MISS:          0 MSHR_MERGE:          0
cpu19->cpu19_L1D WRITE        ACCESS:    7061750 HIT:          0 MISS:    7061750 MSHR_MERGE:    4625786
cpu19->cpu19_L1D TRANSLATION  ACCESS:       8844 HIT:          0 MISS:       8844 MSHR_MERGE:          0
cpu19->cpu19_L1D PREFETCH REQUESTED:          0 ISSUED:          0 USEFUL:          0 USELESS:          0
cpu19->cpu19_L1D AVERAGE MISS LATENCY: 21.44 cycles
cpu19->cpu19_ITLB TOTAL        ACCESS:   48543730 HIT:   48543730 MISS:          0 MSHR_MERGE:          0
cpu19->cpu19_ITLB LOAD         ACCESS:   48543730 HIT:   48543730 MISS:          0 MSHR_MERGE:          0
cpu19->cpu19_ITLB RFO          ACCESS:          0 HIT:          0 MISS:          0 MSHR_MERGE:          0
cpu19->cpu19_ITLB PREFETCH     ACCESS:          0 HIT:          0 MISS:          0 MSHR_MERGE:          0
cpu19->cpu19_ITLB WRITE        ACCESS:          0 HIT:          0 MISS:          0 MSHR_MERGE:          0
cpu19->cpu19_ITLB TRANSLATION  ACCESS:          0 HIT:          0 MISS:          0 MSHR_MERGE:          0
cpu19->cpu19_ITLB PREFETCH REQUESTED:          0 ISSUED:          0 USEFUL:          0 USELESS:          0
cpu19->cpu19_ITLB AVERAGE MISS LATENCY: - cycles
cpu19->cpu19_DTLB TOTAL        ACCESS:   33563136 HIT:   33521769 MISS:      41367 MSHR_MERGE:      29395
cpu19->cpu19_DTLB LOAD         ACCESS:   33563136 HIT:   33521769 MISS:      41367 MSHR_MERGE:      29395
cpu19->cpu19_DTLB RFO          ACCESS:          0 HIT:          0 MISS:          0 MSHR_MERGE:          0
cpu19->cpu19_DTLB PREFETCH     ACCESS:          0 HIT:          0 MISS:          0 MSHR_MERGE:          0
cpu19->cpu19_DTLB WRITE        ACCESS:          0 HIT:          0 MISS:          0 MSHR_MERGE:          0
cpu19->cpu19_DTLB TRANSLATION  ACCESS:          0 HIT:          0 MISS:          0 MSHR_MERGE:          0
cpu19->cpu19_DTLB PREFETCH REQUESTED:          0 ISSUED:          0 USEFUL:          0 USELESS:          0
cpu19->cpu19_DTLB AVERAGE MISS LATENCY: 259.1 cycles
cpu18->cpu18_STLB TOTAL        ACCESS:      12120 HIT:       7648 MISS:       4472 MSHR_MERGE:          0
cpu18->cpu18_STLB LOAD         ACCESS:      12120 HIT:       7648 MISS:       4472 MSHR_MERGE:          0
cpu18->cpu18_STLB RFO          ACCESS:          0 HIT:          0 MISS:          0 MSHR_MERGE:          0
cpu18->cpu18_STLB PREFETCH     ACCESS:          0 HIT:          0 MISS:          0 MSHR_MERGE:          0
cpu18->cpu18_STLB WRITE        ACCESS:          0 HIT:          0 MISS:          0 MSHR_MERGE:          0
cpu18->cpu18_STLB TRANSLATION  ACCESS:          0 HIT:          0 MISS:          0 MSHR_MERGE:          0
cpu18->cpu18_STLB PREFETCH REQUESTED:          0 ISSUED:          0 USEFUL:          0 USELESS:          0
cpu18->cpu18_STLB AVERAGE MISS LATENCY: 689.9 cycles
cpu18->cpu18_L2C TOTAL        ACCESS:   23121264 HIT:          0 MISS:   23121264 MSHR_MERGE:          0
cpu18->cpu18_L2C LOAD         ACCESS:   20647122 HIT:          0 MISS:   20647122 MSHR_MERGE:          0
cpu18->cpu18_L2C RFO          ACCESS:    2465189 HIT:          0 MISS:    2465189 MSHR_MERGE:          0
cpu18->cpu18_L2C PREFETCH     ACCESS:          1 HIT:          0 MISS:          1 MSHR_MERGE:          0
cpu18->cpu18_L2C WRITE        ACCESS:          0 HIT:          0 MISS:          0 MSHR_MERGE:          0
cpu18->cpu18_L2C TRANSLATION  ACCESS:       8952 HIT:          0 MISS:       8952 MSHR_MERGE:          0
cpu18->cpu18_L2C PREFETCH REQUESTED:          0 ISSUED:          0 USEFUL:          0 USELESS:          0
cpu18->cpu18_L2C AVERAGE MISS LATENCY: 18.13 cycles
cpu18->cpu18_L1I TOTAL        ACCESS:   73106672 HIT:   73106671 MISS:          1 MSHR_MERGE:          0
cpu18->cpu18_L1I LOAD         ACCESS:   36559510 HIT:   36559510 MISS:          0 MSHR_MERGE:          0
cpu18->cpu18_L1I RFO          ACCESS:          0 HIT:          0 MISS:          0 MSHR_MERGE:          0
cpu18->cpu18_L1I PREFETCH     ACCESS:   36547162 HIT:   36547161 MISS:          1 MSHR_MERGE:          0
cpu18->cpu18_L1I WRITE        ACCESS:          0 HIT:          0 MISS:          0 MSHR_MERGE:          0
cpu18->cpu18_L1I TRANSLATION  ACCESS:          0 HIT:          0 MISS:          0 MSHR_MERGE:          0
cpu18->cpu18_L1I PREFETCH REQUESTED:   36559510 ISSUED:   36547136 USEFUL:          0 USELESS:          0
cpu18->cpu18_L1I AVERAGE MISS LATENCY: - cycles
cpu18->cpu18_L1D TOTAL        ACCESS:   33970838 HIT:          0 MISS:   33970838 MSHR_MERGE:   10849574
cpu18->cpu18_L1D LOAD         ACCESS:   26815022 HIT:          0 MISS:   26815022 MSHR_MERGE:    6167899
cpu18->cpu18_L1D RFO          ACCESS:          0 HIT:          0 MISS:          0 MSHR_MERGE:          0
cpu18->cpu18_L1D PREFETCH     ACCESS:          0 HIT:          0 MISS:          0 MSHR_MERGE:          0
cpu18->cpu18_L1D WRITE        ACCESS:    7146864 HIT:          0 MISS:    7146864 MSHR_MERGE:    4681675
cpu18->cpu18_L1D TRANSLATION  ACCESS:       8952 HIT:          0 MISS:       8952 MSHR_MERGE:          0
cpu18->cpu18_L1D PREFETCH REQUESTED:          0 ISSUED:          0 USEFUL:          0 USELESS:          0
cpu18->cpu18_L1D AVERAGE MISS LATENCY: 21.14 cycles
cpu18->cpu18_ITLB TOTAL        ACCESS:   49108511 HIT:   49108511 MISS:          0 MSHR_MERGE:          0
cpu18->cpu18_ITLB LOAD         ACCESS:   49108511 HIT:   49108511 MISS:          0 MSHR_MERGE:          0
cpu18->cpu18_ITLB RFO          ACCESS:          0 HIT:          0 MISS:          0 MSHR_MERGE:          0
cpu18->cpu18_ITLB PREFETCH     ACCESS:          0 HIT:          0 MISS:          0 MSHR_MERGE:          0
cpu18->cpu18_ITLB WRITE        ACCESS:          0 HIT:          0 MISS:          0 MSHR_MERGE:          0
cpu18->cpu18_ITLB TRANSLATION  ACCESS:          0 HIT:          0 MISS:          0 MSHR_MERGE:          0
cpu18->cpu18_ITLB PREFETCH REQUESTED:          0 ISSUED:          0 USEFUL:          0 USELESS:          0
cpu18->cpu18_ITLB AVERAGE MISS LATENCY: - cycles
cpu18->cpu18_DTLB TOTAL        ACCESS:   33959597 HIT:   33917640 MISS:      41957 MSHR_MERGE:      29837
cpu18->cpu18_DTLB LOAD         ACCESS:   33959597 HIT:   33917640 MISS:      41957 MSHR_MERGE:      29837
cpu18->cpu18_DTLB RFO          ACCESS:          0 HIT:          0 MISS:          0 MSHR_MERGE:          0
cpu18->cpu18_DTLB PREFETCH     ACCESS:          0 HIT:          0 MISS:          0 MSHR_MERGE:          0
cpu18->cpu18_DTLB WRITE        ACCESS:          0 HIT:          0 MISS:          0 MSHR_MERGE:          0
cpu18->cpu18_DTLB TRANSLATION  ACCESS:          0 HIT:          0 MISS:          0 MSHR_MERGE:          0
cpu18->cpu18_DTLB PREFETCH REQUESTED:          0 ISSUED:          0 USEFUL:          0 USELESS:          0
cpu18->cpu18_DTLB AVERAGE MISS LATENCY: 259.9 cycles
cpu17->cpu17_STLB TOTAL        ACCESS:      12009 HIT:       7574 MISS:       4435 MSHR_MERGE:          0
cpu17->cpu17_STLB LOAD         ACCESS:      12009 HIT:       7574 MISS:       4435 MSHR_MERGE:          0
cpu17->cpu17_STLB RFO          ACCESS:          0 HIT:          0 MISS:          0 MSHR_MERGE:          0
cpu17->cpu17_STLB PREFETCH     ACCESS:          0 HIT:          0 MISS:          0 MSHR_MERGE:          0
cpu17->cpu17_STLB WRITE        ACCESS:          0 HIT:          0 MISS:          0 MSHR_MERGE:          0
cpu17->cpu17_STLB TRANSLATION  ACCESS:          0 HIT:          0 MISS:          0 MSHR_MERGE:          0
cpu17->cpu17_STLB PREFETCH REQUESTED:          0 ISSUED:          0 USEFUL:          0 USELESS:          0
cpu17->cpu17_STLB AVERAGE MISS LATENCY: 699.2 cycles
cpu17->cpu17_L2C TOTAL        ACCESS:   22870864 HIT:          0 MISS:   22870864 MSHR_MERGE:          0
cpu17->cpu17_L2C LOAD         ACCESS:   20471922 HIT:          0 MISS:   20471922 MSHR_MERGE:          0
cpu17->cpu17_L2C RFO          ACCESS:    2390063 HIT:          0 MISS:    2390063 MSHR_MERGE:          0
cpu17->cpu17_L2C PREFETCH     ACCESS:          1 HIT:          0 MISS:          1 MSHR_MERGE:          0
cpu17->cpu17_L2C WRITE        ACCESS:          0 HIT:          0 MISS:          0 MSHR_MERGE:          0
cpu17->cpu17_L2C TRANSLATION  ACCESS:       8878 HIT:          0 MISS:       8878 MSHR_MERGE:          0
cpu17->cpu17_L2C PREFETCH REQUESTED:          0 ISSUED:          0 USEFUL:          0 USELESS:          0
cpu17->cpu17_L2C AVERAGE MISS LATENCY: 18.17 cycles
cpu17->cpu17_L1I TOTAL        ACCESS:   73000172 HIT:   73000171 MISS:          1 MSHR_MERGE:          0
cpu17->cpu17_L1I LOAD         ACCESS:   36506190 HIT:   36506190 MISS:          0 MSHR_MERGE:          0
cpu17->cpu17_L1I RFO          ACCESS:          0 HIT:          0 MISS:          0 MSHR_MERGE:          0
cpu17->cpu17_L1I PREFETCH     ACCESS:   36493982 HIT:   36493981 MISS:          1 MSHR_MERGE:          0
cpu17->cpu17_L1I WRITE        ACCESS:          0 HIT:          0 MISS:          0 MSHR_MERGE:          0
cpu17->cpu17_L1I TRANSLATION  ACCESS:          0 HIT:          0 MISS:          0 MSHR_MERGE:          0
cpu17->cpu17_L1I PREFETCH REQUESTED:   36506190 ISSUED:   36493950 USEFUL:          0 USELESS:          0
cpu17->cpu17_L1I AVERAGE MISS LATENCY: - cycles
cpu17->cpu17_L1D TOTAL        ACCESS:   33946797 HIT:          0 MISS:   33946797 MSHR_MERGE:   11075934
cpu17->cpu17_L1D LOAD         ACCESS:   26852405 HIT:          0 MISS:   26852405 MSHR_MERGE:    6380483
cpu17->cpu17_L1D RFO          ACCESS:          0 HIT:          0 MISS:          0 MSHR_MERGE:          0
cpu17->cpu17_L1D PREFETCH     ACCESS:          0 HIT:          0 MISS:          0 MSHR_MERGE:          0
cpu17->cpu17_L1D WRITE        ACCESS:    7085514 HIT:          0 MISS:    7085514 MSHR_MERGE:    4695451
cpu17->cpu17_L1D TRANSLATION  ACCESS:       8878 HIT:          0 MISS:       8878 MSHR_MERGE:          0
cpu17->cpu17_L1D PREFETCH REQUESTED:          0 ISSUED:          0 USEFUL:          0 USELESS:          0
cpu17->cpu17_L1D AVERAGE MISS LATENCY: 21.17 cycles
cpu17->cpu17_ITLB TOTAL        ACCESS:   48843592 HIT:   48843592 MISS:          0 MSHR_MERGE:          0
cpu17->cpu17_ITLB LOAD         ACCESS:   48843592 HIT:   48843592 MISS:          0 MSHR_MERGE:          0
cpu17->cpu17_ITLB RFO          ACCESS:          0 HIT:          0 MISS:          0 MSHR_MERGE:          0
cpu17->cpu17_ITLB PREFETCH     ACCESS:          0 HIT:          0 MISS:          0 MSHR_MERGE:          0
cpu17->cpu17_ITLB WRITE        ACCESS:          0 HIT:          0 MISS:          0 MSHR_MERGE:          0
cpu17->cpu17_ITLB TRANSLATION  ACCESS:          0 HIT:          0 MISS:          0 MSHR_MERGE:          0
cpu17->cpu17_ITLB PREFETCH REQUESTED:          0 ISSUED:          0 USEFUL:          0 USELESS:          0
cpu17->cpu17_ITLB AVERAGE MISS LATENCY: - cycles
cpu17->cpu17_DTLB TOTAL        ACCESS:   33935545 HIT:   33893719 MISS:      41826 MSHR_MERGE:      29817
cpu17->cpu17_DTLB LOAD         ACCESS:   33935545 HIT:   33893719 MISS:      41826 MSHR_MERGE:      29817
cpu17->cpu17_DTLB RFO          ACCESS:          0 HIT:          0 MISS:          0 MSHR_MERGE:          0
cpu17->cpu17_DTLB PREFETCH     ACCESS:          0 HIT:          0 MISS:          0 MSHR_MERGE:          0
cpu17->cpu17_DTLB WRITE        ACCESS:          0 HIT:          0 MISS:          0 MSHR_MERGE:          0
cpu17->cpu17_DTLB TRANSLATION  ACCESS:          0 HIT:          0 MISS:          0 MSHR_MERGE:          0
cpu17->cpu17_DTLB PREFETCH REQUESTED:          0 ISSUED:          0 USEFUL:          0 USELESS:          0
cpu17->cpu17_DTLB AVERAGE MISS LATENCY: 263.5 cycles
cpu16->cpu16_STLB TOTAL        ACCESS:      11992 HIT:       7565 MISS:       4427 MSHR_MERGE:          0
cpu16->cpu16_STLB LOAD         ACCESS:      11992 HIT:       7565 MISS:       4427 MSHR_MERGE:          0
cpu16->cpu16_STLB RFO          ACCESS:          0 HIT:          0 MISS:          0 MSHR_MERGE:          0
cpu16->cpu16_STLB PREFETCH     ACCESS:          0 HIT:          0 MISS:          0 MSHR_MERGE:          0
cpu16->cpu16_STLB WRITE        ACCESS:          0 HIT:          0 MISS:          0 MSHR_MERGE:          0
cpu16->cpu16_STLB TRANSLATION  ACCESS:          0 HIT:          0 MISS:          0 MSHR_MERGE:          0
cpu16->cpu16_STLB PREFETCH REQUESTED:          0 ISSUED:          0 USEFUL:          0 USELESS:          0
cpu16->cpu16_STLB AVERAGE MISS LATENCY: 689.6 cycles
cpu16->cpu16_L2C TOTAL        ACCESS:   22881433 HIT:          0 MISS:   22881433 MSHR_MERGE:          0
cpu16->cpu16_L2C LOAD         ACCESS:   20432572 HIT:          0 MISS:   20432572 MSHR_MERGE:          0
cpu16->cpu16_L2C RFO          ACCESS:    2439998 HIT:          0 MISS:    2439998 MSHR_MERGE:          0
cpu16->cpu16_L2C PREFETCH     ACCESS:          1 HIT:          0 MISS:          1 MSHR_MERGE:          0
cpu16->cpu16_L2C WRITE        ACCESS:          0 HIT:          0 MISS:          0 MSHR_MERGE:          0
cpu16->cpu16_L2C TRANSLATION  ACCESS:       8862 HIT:          0 MISS:       8862 MSHR_MERGE:          0
cpu16->cpu16_L2C PREFETCH REQUESTED:          0 ISSUED:          0 USEFUL:          0 USELESS:          0
cpu16->cpu16_L2C AVERAGE MISS LATENCY: 18.43 cycles
cpu16->cpu16_L1I TOTAL        ACCESS:   72365683 HIT:   72365682 MISS:          1 MSHR_MERGE:          0
cpu16->cpu16_L1I LOAD         ACCESS:   36188957 HIT:   36188957 MISS:          0 MSHR_MERGE:          0
cpu16->cpu16_L1I RFO          ACCESS:          0 HIT:          0 MISS:          0 MSHR_MERGE:          0
cpu16->cpu16_L1I PREFETCH     ACCESS:   36176726 HIT:   36176725 MISS:          1 MSHR_MERGE:          0
cpu16->cpu16_L1I WRITE        ACCESS:          0 HIT:          0 MISS:          0 MSHR_MERGE:          0
cpu16->cpu16_L1I TRANSLATION  ACCESS:          0 HIT:          0 MISS:          0 MSHR_MERGE:          0
cpu16->cpu16_L1I PREFETCH REQUESTED:   36188957 ISSUED:   36176702 USEFUL:          0 USELESS:          0
cpu16->cpu16_L1I AVERAGE MISS LATENCY: - cycles
cpu16->cpu16_L1D TOTAL        ACCESS:   33636896 HIT:          0 MISS:   33636896 MSHR_MERGE:   10755465
cpu16->cpu16_L1D LOAD         ACCESS:   26554362 HIT:          0 MISS:   26554362 MSHR_MERGE:    6121791
cpu16->cpu16_L1D RFO          ACCESS:          0 HIT:          0 MISS:          0 MSHR_MERGE:          0
cpu16->cpu16_L1D PREFETCH     ACCESS:          0 HIT:          0 MISS:          0 MSHR_MERGE:          0
cpu16->cpu16_L1D WRITE        ACCESS:    7073672 HIT:          0 MISS:    7073672 MSHR_MERGE:    4633674
cpu16->cpu16_L1D TRANSLATION  ACCESS:       8862 HIT:          0 MISS:       8862 MSHR_MERGE:          0
cpu16->cpu16_L1D PREFETCH REQUESTED:          0 ISSUED:          0 USEFUL:          0 USELESS:          0
cpu16->cpu16_L1D AVERAGE MISS LATENCY: 21.44 cycles
cpu16->cpu16_ITLB TOTAL        ACCESS:   48634278 HIT:   48634278 MISS:          0 MSHR_MERGE:          0
cpu16->cpu16_ITLB LOAD         ACCESS:   48634278 HIT:   48634278 MISS:          0 MSHR_MERGE:          0
cpu16->cpu16_ITLB RFO          ACCESS:          0 HIT:          0 MISS:          0 MSHR_MERGE:          0
cpu16->cpu16_ITLB PREFETCH     ACCESS:          0 HIT:          0 MISS:          0 MSHR_MERGE:          0
cpu16->cpu16_ITLB WRITE        ACCESS:          0 HIT:          0 MISS:          0 MSHR_MERGE:          0
cpu16->cpu16_ITLB TRANSLATION  ACCESS:          0 HIT:          0 MISS:          0 MSHR_MERGE:          0
cpu16->cpu16_ITLB PREFETCH REQUESTED:          0 ISSUED:          0 USEFUL:          0 USELESS:          0
cpu16->cpu16_ITLB AVERAGE MISS LATENCY: - cycles
cpu16->cpu16_DTLB TOTAL        ACCESS:   33625759 HIT:   33584310 MISS:      41449 MSHR_MERGE:      29457
cpu16->cpu16_DTLB LOAD         ACCESS:   33625759 HIT:   33584310 MISS:      41449 MSHR_MERGE:      29457
cpu16->cpu16_DTLB RFO          ACCESS:          0 HIT:          0 MISS:          0 MSHR_MERGE:          0
cpu16->cpu16_DTLB PREFETCH     ACCESS:          0 HIT:          0 MISS:          0 MSHR_MERGE:          0
cpu16->cpu16_DTLB WRITE        ACCESS:          0 HIT:          0 MISS:          0 MSHR_MERGE:          0
cpu16->cpu16_DTLB TRANSLATION  ACCESS:          0 HIT:          0 MISS:          0 MSHR_MERGE:          0
cpu16->cpu16_DTLB PREFETCH REQUESTED:          0 ISSUED:          0 USEFUL:          0 USELESS:          0
cpu16->cpu16_DTLB AVERAGE MISS LATENCY: 259.9 cycles
cpu15->cpu15_STLB TOTAL        ACCESS:      11996 HIT:       7569 MISS:       4427 MSHR_MERGE:          0
cpu15->cpu15_STLB LOAD         ACCESS:      11996 HIT:       7569 MISS:       4427 MSHR_MERGE:          0
cpu15->cpu15_STLB RFO          ACCESS:          0 HIT:          0 MISS:          0 MSHR_MERGE:          0
cpu15->cpu15_STLB PREFETCH     ACCESS:          0 HIT:          0 MISS:          0 MSHR_MERGE:          0
cpu15->cpu15_STLB WRITE        ACCESS:          0 HIT:          0 MISS:          0 MSHR_MERGE:          0
cpu15->cpu15_STLB TRANSLATION  ACCESS:          0 HIT:          0 MISS:          0 MSHR_MERGE:          0
cpu15->cpu15_STLB PREFETCH REQUESTED:          0 ISSUED:          0 USEFUL:          0 USELESS:          0
cpu15->cpu15_STLB AVERAGE MISS LATENCY: 693.2 cycles
cpu15->cpu15_L2C TOTAL        ACCESS:   22892538 HIT:          0 MISS:   22892538 MSHR_MERGE:          0
cpu15->cpu15_L2C LOAD         ACCESS:   20440716 HIT:          0 MISS:   20440716 MSHR_MERGE:          0
cpu15->cpu15_L2C RFO          ACCESS:    2442959 HIT:          0 MISS:    2442959 MSHR_MERGE:          0
cpu15->cpu15_L2C PREFETCH     ACCESS:          1 HIT:          0 MISS:          1 MSHR_MERGE:          0
cpu15->cpu15_L2C WRITE        ACCESS:          0 HIT:          0 MISS:          0 MSHR_MERGE:          0
cpu15->cpu15_L2C TRANSLATION  ACCESS:       8862 HIT:          0 MISS:       8862 MSHR_MERGE:          0
cpu15->cpu15_L2C PREFETCH REQUESTED:          0 ISSUED:          0 USEFUL:          0 USELESS:          0
cpu15->cpu15_L2C AVERAGE MISS LATENCY: 18.41 cycles
cpu15->cpu15_L1I TOTAL        ACCESS:   72393031 HIT:   72393030 MISS:          1 MSHR_MERGE:          0
cpu15->cpu15_L1I LOAD         ACCESS:   36202627 HIT:   36202627 MISS:          0 MSHR_MERGE:          0
cpu15->cpu15_L1I RFO          ACCESS:          0 HIT:          0 MISS:          0 MSHR_MERGE:          0
cpu15->cpu15_L1I PREFETCH     ACCESS:   36190404 HIT:   36190403 MISS:          1 MSHR_MERGE:          0
cpu15->cpu15_L1I WRITE        ACCESS:          0 HIT:          0 MISS:          0 MSHR_MERGE:          0
cpu15->cpu15_L1I TRANSLATION  ACCESS:          0 HIT:          0 MISS:          0 MSHR_MERGE:          0
cpu15->cpu15_L1I PREFETCH REQUESTED:   36202627 ISSUED:   36190372 USEFUL:          0 USELESS:          0
cpu15->cpu15_L1I AVERAGE MISS LATENCY: - cycles
cpu15->cpu15_L1D TOTAL        ACCESS:   33654954 HIT:          0 MISS:   33654954 MSHR_MERGE:   10762418
cpu15->cpu15_L1D LOAD         ACCESS:   26567685 HIT:          0 MISS:   26567685 MSHR_MERGE:    6126970
cpu15->cpu15_L1D RFO          ACCESS:          0 HIT:          0 MISS:          0 MSHR_MERGE:          0
cpu15->cpu15_L1D PREFETCH     ACCESS:          0 HIT:          0 MISS:          0 MSHR_MERGE:          0
cpu15->cpu15_L1D WRITE        ACCESS:    7078407 HIT:          0 MISS:    7078407 MSHR_MERGE:    4635448
cpu15->cpu15_L1D TRANSLATION  ACCESS:       8862 HIT:          0 MISS:       8862 MSHR_MERGE:          0
cpu15->cpu15_L1D PREFETCH REQUESTED:          0 ISSUED:          0 USEFUL:          0 USELESS:          0
cpu15->cpu15_L1D AVERAGE MISS LATENCY: 21.41 cycles
cpu15->cpu15_ITLB TOTAL        ACCESS:   48607706 HIT:   48607706 MISS:          0 MSHR_MERGE:          0
cpu15->cpu15_ITLB LOAD         ACCESS:   48607706 HIT:   48607706 MISS:          0 MSHR_MERGE:          0
cpu15->cpu15_ITLB RFO          ACCESS:          0 HIT:          0 MISS:          0 MSHR_MERGE:          0
cpu15->cpu15_ITLB PREFETCH     ACCESS:          0 HIT:          0 MISS:          0 MSHR_MERGE:          0
cpu15->cpu15_ITLB WRITE        ACCESS:          0 HIT:          0 MISS:          0 MSHR_MERGE:          0
cpu15->cpu15_ITLB TRANSLATION  ACCESS:          0 HIT:          0 MISS:          0 MSHR_MERGE:          0
cpu15->cpu15_ITLB PREFETCH REQUESTED:          0 ISSUED:          0 USEFUL:          0 USELESS:          0
cpu15->cpu15_ITLB AVERAGE MISS LATENCY: - cycles
cpu15->cpu15_DTLB TOTAL        ACCESS:   33643837 HIT:   33602386 MISS:      41451 MSHR_MERGE:      29455
cpu15->cpu15_DTLB LOAD         ACCESS:   33643837 HIT:   33602386 MISS:      41451 MSHR_MERGE:      29455
cpu15->cpu15_DTLB RFO          ACCESS:          0 HIT:          0 MISS:          0 MSHR_MERGE:          0
cpu15->cpu15_DTLB PREFETCH     ACCESS:          0 HIT:          0 MISS:          0 MSHR_MERGE:          0
cpu15->cpu15_DTLB WRITE        ACCESS:          0 HIT:          0 MISS:          0 MSHR_MERGE:          0
cpu15->cpu15_DTLB TRANSLATION  ACCESS:          0 HIT:          0 MISS:          0 MSHR_MERGE:          0
cpu15->cpu15_DTLB PREFETCH REQUESTED:          0 ISSUED:          0 USEFUL:          0 USELESS:          0
cpu15->cpu15_DTLB AVERAGE MISS LATENCY: 261.2 cycles
cpu14->cpu14_STLB TOTAL        ACCESS:      12024 HIT:       7588 MISS:       4436 MSHR_MERGE:          0
cpu14->cpu14_STLB LOAD         ACCESS:      12024 HIT:       7588 MISS:       4436 MSHR_MERGE:          0
cpu14->cpu14_STLB RFO          ACCESS:          0 HIT:          0 MISS:          0 MSHR_MERGE:          0
cpu14->cpu14_STLB PREFETCH     ACCESS:          0 HIT:          0 MISS:          0 MSHR_MERGE:          0
cpu14->cpu14_STLB WRITE        ACCESS:          0 HIT:          0 MISS:          0 MSHR_MERGE:          0
cpu14->cpu14_STLB TRANSLATION  ACCESS:          0 HIT:          0 MISS:          0 MSHR_MERGE:          0
cpu14->cpu14_STLB PREFETCH REQUESTED:          0 ISSUED:          0 USEFUL:          0 USELESS:          0
cpu14->cpu14_STLB AVERAGE MISS LATENCY: 694.4 cycles
cpu14->cpu14_L2C TOTAL        ACCESS:   22901941 HIT:          0 MISS:   22901941 MSHR_MERGE:          0
cpu14->cpu14_L2C LOAD         ACCESS:   20501295 HIT:          0 MISS:   20501295 MSHR_MERGE:          0
cpu14->cpu14_L2C RFO          ACCESS:    2391765 HIT:          0 MISS:    2391765 MSHR_MERGE:          0
cpu14->cpu14_L2C PREFETCH     ACCESS:          1 HIT:          0 MISS:          1 MSHR_MERGE:          0
cpu14->cpu14_L2C WRITE        ACCESS:          0 HIT:          0 MISS:          0 MSHR_MERGE:          0
cpu14->cpu14_L2C TRANSLATION  ACCESS:       8880 HIT:          0 MISS:       8880 MSHR_MERGE:          0
cpu14->cpu14_L2C PREFETCH REQUESTED:          0 ISSUED:          0 USEFUL:          0 USELESS:          0
cpu14->cpu14_L2C AVERAGE MISS LATENCY: 18.13 cycles
cpu14->cpu14_L1I TOTAL        ACCESS:   73125214 HIT:   73125213 MISS:          1 MSHR_MERGE:          0
cpu14->cpu14_L1I LOAD         ACCESS:   36568739 HIT:   36568739 MISS:          0 MSHR_MERGE:          0
cpu14->cpu14_L1I RFO          ACCESS:          0 HIT:          0 MISS:          0 MSHR_MERGE:          0
cpu14->cpu14_L1I PREFETCH     ACCESS:   36556475 HIT:   36556474 MISS:          1 MSHR_MERGE:          0
cpu14->cpu14_L1I WRITE        ACCESS:          0 HIT:          0 MISS:          0 MSHR_MERGE:          0
cpu14->cpu14_L1I TRANSLATION  ACCESS:          0 HIT:          0 MISS:          0 MSHR_MERGE:          0
cpu14->cpu14_L1I PREFETCH REQUESTED:   36568739 ISSUED:   36556449 USEFUL:          0 USELESS:          0
cpu14->cpu14_L1I AVERAGE MISS LATENCY: - cycles
cpu14->cpu14_L1D TOTAL        ACCESS:   34005128 HIT:          0 MISS:   34005128 MSHR_MERGE:   11103188
cpu14->cpu14_L1D LOAD         ACCESS:   26897965 HIT:          0 MISS:   26897965 MSHR_MERGE:    6396670
cpu14->cpu14_L1D RFO          ACCESS:          0 HIT:          0 MISS:          0 MSHR_MERGE:          0
cpu14->cpu14_L1D PREFETCH     ACCESS:          0 HIT:          0 MISS:          0 MSHR_MERGE:          0
cpu14->cpu14_L1D WRITE        ACCESS:    7098283 HIT:          0 MISS:    7098283 MSHR_MERGE:    4706518
cpu14->cpu14_L1D TRANSLATION  ACCESS:       8880 HIT:          0 MISS:       8880 MSHR_MERGE:          0
cpu14->cpu14_L1D PREFETCH REQUESTED:          0 ISSUED:          0 USEFUL:          0 USELESS:          0
cpu14->cpu14_L1D AVERAGE MISS LATENCY: 21.13 cycles
cpu14->cpu14_ITLB TOTAL        ACCESS:   48923639 HIT:   48923639 MISS:          0 MSHR_MERGE:          0
cpu14->cpu14_ITLB LOAD         ACCESS:   48923639 HIT:   48923639 MISS:          0 MSHR_MERGE:          0
cpu14->cpu14_ITLB RFO          ACCESS:          0 HIT:          0 MISS:          0 MSHR_MERGE:          0
cpu14->cpu14_ITLB PREFETCH     ACCESS:          0 HIT:          0 MISS:          0 MSHR_MERGE:          0
cpu14->cpu14_ITLB WRITE        ACCESS:          0 HIT:          0 MISS:          0 MSHR_MERGE:          0
cpu14->cpu14_ITLB TRANSLATION  ACCESS:          0 HIT:          0 MISS:          0 MSHR_MERGE:          0
cpu14->cpu14_ITLB PREFETCH REQUESTED:          0 ISSUED:          0 USEFUL:          0 USELESS:          0
cpu14->cpu14_ITLB AVERAGE MISS LATENCY: - cycles
cpu14->cpu14_DTLB TOTAL        ACCESS:   33993896 HIT:   33952036 MISS:      41860 MSHR_MERGE:      29836
cpu14->cpu14_DTLB LOAD         ACCESS:   33993896 HIT:   33952036 MISS:      41860 MSHR_MERGE:      29836
cpu14->cpu14_DTLB RFO          ACCESS:          0 HIT:          0 MISS:          0 MSHR_MERGE:          0
cpu14->cpu14_DTLB PREFETCH     ACCESS:          0 HIT:          0 MISS:          0 MSHR_MERGE:          0
cpu14->cpu14_DTLB WRITE        ACCESS:          0 HIT:          0 MISS:          0 MSHR_MERGE:          0
cpu14->cpu14_DTLB TRANSLATION  ACCESS:          0 HIT:          0 MISS:          0 MSHR_MERGE:          0
cpu14->cpu14_DTLB PREFETCH REQUESTED:          0 ISSUED:          0 USEFUL:          0 USELESS:          0
cpu14->cpu14_DTLB AVERAGE MISS LATENCY: 261.5 cycles
cpu13->cpu13_STLB TOTAL        ACCESS:      12071 HIT:       7617 MISS:       4454 MSHR_MERGE:          0
cpu13->cpu13_STLB LOAD         ACCESS:      12071 HIT:       7617 MISS:       4454 MSHR_MERGE:          0
cpu13->cpu13_STLB RFO          ACCESS:          0 HIT:          0 MISS:          0 MSHR_MERGE:          0
cpu13->cpu13_STLB PREFETCH     ACCESS:          0 HIT:          0 MISS:          0 MSHR_MERGE:          0
cpu13->cpu13_STLB WRITE        ACCESS:          0 HIT:          0 MISS:          0 MSHR_MERGE:          0
cpu13->cpu13_STLB TRANSLATION  ACCESS:          0 HIT:          0 MISS:          0 MSHR_MERGE:          0
cpu13->cpu13_STLB PREFETCH REQUESTED:          0 ISSUED:          0 USEFUL:          0 USELESS:          0
cpu13->cpu13_STLB AVERAGE MISS LATENCY: 692.8 cycles
cpu13->cpu13_L2C TOTAL        ACCESS:   23049739 HIT:          0 MISS:   23049739 MSHR_MERGE:          0
cpu13->cpu13_L2C LOAD         ACCESS:   20582121 HIT:          0 MISS:   20582121 MSHR_MERGE:          0
cpu13->cpu13_L2C RFO          ACCESS:    2458701 HIT:          0 MISS:    2458701 MSHR_MERGE:          0
cpu13->cpu13_L2C PREFETCH     ACCESS:          1 HIT:          0 MISS:          1 MSHR_MERGE:          0
cpu13->cpu13_L2C WRITE        ACCESS:          0 HIT:          0 MISS:          0 MSHR_MERGE:          0
cpu13->cpu13_L2C TRANSLATION  ACCESS:       8916 HIT:          0 MISS:       8916 MSHR_MERGE:          0
cpu13->cpu13_L2C PREFETCH REQUESTED:          0 ISSUED:          0 USEFUL:          0 USELESS:          0
cpu13->cpu13_L2C AVERAGE MISS LATENCY: 18.15 cycles
cpu13->cpu13_L1I TOTAL        ACCESS:   72874358 HIT:   72874357 MISS:          1 MSHR_MERGE:          0
cpu13->cpu13_L1I LOAD         ACCESS:   36443336 HIT:   36443336 MISS:          0 MSHR_MERGE:          0
cpu13->cpu13_L1I RFO          ACCESS:          0 HIT:          0 MISS:          0 MSHR_MERGE:          0
cpu13->cpu13_L1I PREFETCH     ACCESS:   36431022 HIT:   36431021 MISS:          1 MSHR_MERGE:          0
cpu13->cpu13_L1I WRITE        ACCESS:          0 HIT:          0 MISS:          0 MSHR_MERGE:          0
cpu13->cpu13_L1I TRANSLATION  ACCESS:          0 HIT:          0 MISS:          0 MSHR_MERGE:          0
cpu13->cpu13_L1I PREFETCH REQUESTED:   36443336 ISSUED:   36431001 USEFUL:          0 USELESS:          0
cpu13->cpu13_L1I AVERAGE MISS LATENCY: - cycles
cpu13->cpu13_L1D TOTAL        ACCESS:   33868182 HIT:          0 MISS:   33868182 MSHR_MERGE:   10818444
cpu13->cpu13_L1D LOAD         ACCESS:   26735341 HIT:          0 MISS:   26735341 MSHR_MERGE:    6153220
cpu13->cpu13_L1D RFO          ACCESS:          0 HIT:          0 MISS:          0 MSHR_MERGE:          0
cpu13->cpu13_L1D PREFETCH     ACCESS:          0 HIT:          0 MISS:          0 MSHR_MERGE:          0
cpu13->cpu13_L1D WRITE        ACCESS:    7123925 HIT:          0 MISS:    7123925 MSHR_MERGE:    4665224
cpu13->cpu13_L1D TRANSLATION  ACCESS:       8916 HIT:          0 MISS:       8916 MSHR_MERGE:          0
cpu13->cpu13_L1D PREFETCH REQUESTED:          0 ISSUED:          0 USEFUL:          0 USELESS:          0
cpu13->cpu13_L1D AVERAGE MISS LATENCY: 21.15 cycles
cpu13->cpu13_ITLB TOTAL        ACCESS:   48928414 HIT:   48928414 MISS:          0 MSHR_MERGE:          0
cpu13->cpu13_ITLB LOAD         ACCESS:   48928414 HIT:   48928414 MISS:          0 MSHR_MERGE:          0
cpu13->cpu13_ITLB RFO          ACCESS:          0 HIT:          0 MISS:          0 MSHR_MERGE:          0
cpu13->cpu13_ITLB PREFETCH     ACCESS:          0 HIT:          0 MISS:          0 MSHR_MERGE:          0
cpu13->cpu13_ITLB WRITE        ACCESS:          0 HIT:          0 MISS:          0 MSHR_MERGE:          0
cpu13->cpu13_ITLB TRANSLATION  ACCESS:          0 HIT:          0 MISS:          0 MSHR_MERGE:          0
cpu13->cpu13_ITLB PREFETCH REQUESTED:          0 ISSUED:          0 USEFUL:          0 USELESS:          0
cpu13->cpu13_ITLB AVERAGE MISS LATENCY: - cycles
cpu13->cpu13_DTLB TOTAL        ACCESS:   33856757 HIT:   33815042 MISS:      41715 MSHR_MERGE:      29644
cpu13->cpu13_DTLB LOAD         ACCESS:   33856757 HIT:   33815042 MISS:      41715 MSHR_MERGE:      29644
cpu13->cpu13_DTLB RFO          ACCESS:          0 HIT:          0 MISS:          0 MSHR_MERGE:          0
cpu13->cpu13_DTLB PREFETCH     ACCESS:          0 HIT:          0 MISS:          0 MSHR_MERGE:          0
cpu13->cpu13_DTLB WRITE        ACCESS:          0 HIT:          0 MISS:          0 MSHR_MERGE:          0
cpu13->cpu13_DTLB TRANSLATION  ACCESS:          0 HIT:          0 MISS:          0 MSHR_MERGE:          0
cpu13->cpu13_DTLB PREFETCH REQUESTED:          0 ISSUED:          0 USEFUL:          0 USELESS:          0
cpu13->cpu13_DTLB AVERAGE MISS LATENCY: 261 cycles
cpu12->cpu12_STLB TOTAL        ACCESS:      12012 HIT:       7576 MISS:       4436 MSHR_MERGE:          0
cpu12->cpu12_STLB LOAD         ACCESS:      12012 HIT:       7576 MISS:       4436 MSHR_MERGE:          0
cpu12->cpu12_STLB RFO          ACCESS:          0 HIT:          0 MISS:          0 MSHR_MERGE:          0
cpu12->cpu12_STLB PREFETCH     ACCESS:          0 HIT:          0 MISS:          0 MSHR_MERGE:          0
cpu12->cpu12_STLB WRITE        ACCESS:          0 HIT:          0 MISS:          0 MSHR_MERGE:          0
cpu12->cpu12_STLB TRANSLATION  ACCESS:          0 HIT:          0 MISS:          0 MSHR_MERGE:          0
cpu12->cpu12_STLB PREFETCH REQUESTED:          0 ISSUED:          0 USEFUL:          0 USELESS:          0
cpu12->cpu12_STLB AVERAGE MISS LATENCY: 691.9 cycles
cpu12->cpu12_L2C TOTAL        ACCESS:   22862815 HIT:          0 MISS:   22862815 MSHR_MERGE:          0
cpu12->cpu12_L2C LOAD         ACCESS:   20465721 HIT:          0 MISS:   20465721 MSHR_MERGE:          0
cpu12->cpu12_L2C RFO          ACCESS:    2388213 HIT:          0 MISS:    2388213 MSHR_MERGE:          0
cpu12->cpu12_L2C PREFETCH     ACCESS:          1 HIT:          0 MISS:          1 MSHR_MERGE:          0
cpu12->cpu12_L2C WRITE        ACCESS:          0 HIT:          0 MISS:          0 MSHR_MERGE:          0
cpu12->cpu12_L2C TRANSLATION  ACCESS:       8880 HIT:          0 MISS:       8880 MSHR_MERGE:          0
cpu12->cpu12_L2C PREFETCH REQUESTED:          0 ISSUED:          0 USEFUL:          0 USELESS:          0
cpu12->cpu12_L2C AVERAGE MISS LATENCY: 18.13 cycles
cpu12->cpu12_L1I TOTAL        ACCESS:   72997699 HIT:   72997698 MISS:          1 MSHR_MERGE:          0
cpu12->cpu12_L1I LOAD         ACCESS:   36504970 HIT:   36504970 MISS:          0 MSHR_MERGE:          0
cpu12->cpu12_L1I RFO          ACCESS:          0 HIT:          0 MISS:          0 MSHR_MERGE:          0
cpu12->cpu12_L1I PREFETCH     ACCESS:   36492729 HIT:   36492728 MISS:          1 MSHR_MERGE:          0
cpu12->cpu12_L1I WRITE        ACCESS:          0 HIT:          0 MISS:          0 MSHR_MERGE:          0
cpu12->cpu12_L1I TRANSLATION  ACCESS:          0 HIT:          0 MISS:          0 MSHR_MERGE:          0
cpu12->cpu12_L1I PREFETCH REQUESTED:   36504970 ISSUED:   36492704 USEFUL:          0 USELESS:          0
cpu12->cpu12_L1I AVERAGE MISS LATENCY: - cycles
cpu12->cpu12_L1D TOTAL        ACCESS:   33941896 HIT:          0 MISS:   33941896 MSHR_MERGE:   11079083
cpu12->cpu12_L1D LOAD         ACCESS:   26847142 HIT:          0 MISS:   26847142 MSHR_MERGE:    6381422
cpu12->cpu12_L1D RFO          ACCESS:          0 HIT:          0 MISS:          0 MSHR_MERGE:          0
cpu12->cpu12_L1D PREFETCH     ACCESS:          0 HIT:          0 MISS:          0 MSHR_MERGE:          0
cpu12->cpu12_L1D WRITE        ACCESS:    7085874 HIT:          0 MISS:    7085874 MSHR_MERGE:    4697661
cpu12->cpu12_L1D TRANSLATION  ACCESS:       8880 HIT:          0 MISS:       8880 MSHR_MERGE:          0
cpu12->cpu12_L1D PREFETCH REQUESTED:          0 ISSUED:          0 USEFUL:          0 USELESS:          0
cpu12->cpu12_L1D AVERAGE MISS LATENCY: 21.14 cycles
cpu12->cpu12_ITLB TOTAL        ACCESS:   48844155 HIT:   48844155 MISS:          0 MSHR_MERGE:          0
cpu12->cpu12_ITLB LOAD         ACCESS:   48844155 HIT:   48844155 MISS:          0 MSHR_MERGE:          0
cpu12->cpu12_ITLB RFO          ACCESS:          0 HIT:          0 MISS:          0 MSHR_MERGE:          0
cpu12->cpu12_ITLB PREFETCH     ACCESS:          0 HIT:          0 MISS:          0 MSHR_MERGE:          0
cpu12->cpu12_ITLB WRITE        ACCESS:          0 HIT:          0 MISS:          0 MSHR_MERGE:          0
cpu12->cpu12_ITLB TRANSLATION  ACCESS:          0 HIT:          0 MISS:          0 MSHR_MERGE:          0
cpu12->cpu12_ITLB PREFETCH REQUESTED:          0 ISSUED:          0 USEFUL:          0 USELESS:          0
cpu12->cpu12_ITLB AVERAGE MISS LATENCY: - cycles
cpu12->cpu12_DTLB TOTAL        ACCESS:   33930676 HIT:   33888971 MISS:      41705 MSHR_MERGE:      29693
cpu12->cpu12_DTLB LOAD         ACCESS:   33930676 HIT:   33888971 MISS:      41705 MSHR_MERGE:      29693
cpu12->cpu12_DTLB RFO          ACCESS:          0 HIT:          0 MISS:          0 MSHR_MERGE:          0
cpu12->cpu12_DTLB PREFETCH     ACCESS:          0 HIT:          0 MISS:          0 MSHR_MERGE:          0
cpu12->cpu12_DTLB WRITE        ACCESS:          0 HIT:          0 MISS:          0 MSHR_MERGE:          0
cpu12->cpu12_DTLB TRANSLATION  ACCESS:          0 HIT:          0 MISS:          0 MSHR_MERGE:          0
cpu12->cpu12_DTLB PREFETCH REQUESTED:          0 ISSUED:          0 USEFUL:          0 USELESS:          0
cpu12->cpu12_DTLB AVERAGE MISS LATENCY: 260.9 cycles
cpu11->cpu11_STLB TOTAL        ACCESS:      12045 HIT:       7600 MISS:       4445 MSHR_MERGE:          0
cpu11->cpu11_STLB LOAD         ACCESS:      12045 HIT:       7600 MISS:       4445 MSHR_MERGE:          0
cpu11->cpu11_STLB RFO          ACCESS:          0 HIT:          0 MISS:          0 MSHR_MERGE:          0
cpu11->cpu11_STLB PREFETCH     ACCESS:          0 HIT:          0 MISS:          0 MSHR_MERGE:          0
cpu11->cpu11_STLB WRITE        ACCESS:          0 HIT:          0 MISS:          0 MSHR_MERGE:          0
cpu11->cpu11_STLB TRANSLATION  ACCESS:          0 HIT:          0 MISS:          0 MSHR_MERGE:          0
cpu11->cpu11_STLB PREFETCH REQUESTED:          0 ISSUED:          0 USEFUL:          0 USELESS:          0
cpu11->cpu11_STLB AVERAGE MISS LATENCY: 693.5 cycles
cpu11->cpu11_L2C TOTAL        ACCESS:   23070135 HIT:          0 MISS:   23070135 MSHR_MERGE:          0
cpu11->cpu11_L2C LOAD         ACCESS:   20628013 HIT:          0 MISS:   20628013 MSHR_MERGE:          0
cpu11->cpu11_L2C RFO          ACCESS:    2433223 HIT:          0 MISS:    2433223 MSHR_MERGE:          0
cpu11->cpu11_L2C PREFETCH     ACCESS:          1 HIT:          0 MISS:          1 MSHR_MERGE:          0
cpu11->cpu11_L2C WRITE        ACCESS:          0 HIT:          0 MISS:          0 MSHR_MERGE:          0
cpu11->cpu11_L2C TRANSLATION  ACCESS:       8898 HIT:          0 MISS:       8898 MSHR_MERGE:          0
cpu11->cpu11_L2C PREFETCH REQUESTED:          0 ISSUED:          0 USEFUL:          0 USELESS:          0
cpu11->cpu11_L2C AVERAGE MISS LATENCY: 18.14 cycles
cpu11->cpu11_L1I TOTAL        ACCESS:   73037910 HIT:   73037909 MISS:          1 MSHR_MERGE:          0
cpu11->cpu11_L1I LOAD         ACCESS:   36526290 HIT:   36526290 MISS:          0 MSHR_MERGE:          0
cpu11->cpu11_L1I RFO          ACCESS:          0 HIT:          0 MISS:          0 MSHR_MERGE:          0
cpu11->cpu11_L1I PREFETCH     ACCESS:   36511620 HIT:   36511619 MISS:          1 MSHR_MERGE:          0
cpu11->cpu11_L1I WRITE        ACCESS:          0 HIT:          0 MISS:          0 MSHR_MERGE:          0
cpu11->cpu11_L1I TRANSLATION  ACCESS:          0 HIT:          0 MISS:          0 MSHR_MERGE:          0
cpu11->cpu11_L1I PREFETCH REQUESTED:   36526290 ISSUED:   36511588 USEFUL:          0 USELESS:          0
cpu11->cpu11_L1I AVERAGE MISS LATENCY: - cycles
cpu11->cpu11_L1D TOTAL        ACCESS:   33909796 HIT:          0 MISS:   33909796 MSHR_MERGE:   10839662
cpu11->cpu11_L1D LOAD         ACCESS:   26790342 HIT:          0 MISS:   26790342 MSHR_MERGE:    6162329
cpu11->cpu11_L1D RFO          ACCESS:          0 HIT:          0 MISS:          0 MSHR_MERGE:          0
cpu11->cpu11_L1D PREFETCH     ACCESS:          0 HIT:          0 MISS:          0 MSHR_MERGE:          0
cpu11->cpu11_L1D WRITE        ACCESS:    7110556 HIT:          0 MISS:    7110556 MSHR_MERGE:    4677333
cpu11->cpu11_L1D TRANSLATION  ACCESS:       8898 HIT:          0 MISS:       8898 MSHR_MERGE:          0
cpu11->cpu11_L1D PREFETCH REQUESTED:          0 ISSUED:          0 USEFUL:          0 USELESS:          0
cpu11->cpu11_L1D AVERAGE MISS LATENCY: 21.15 cycles
cpu11->cpu11_ITLB TOTAL        ACCESS:   49267313 HIT:   49267313 MISS:          0 MSHR_MERGE:          0
cpu11->cpu11_ITLB LOAD         ACCESS:   49267313 HIT:   49267313 MISS:          0 MSHR_MERGE:          0
cpu11->cpu11_ITLB RFO          ACCESS:          0 HIT:          0 MISS:          0 MSHR_MERGE:          0
cpu11->cpu11_ITLB PREFETCH     ACCESS:          0 HIT:          0 MISS:          0 MSHR_MERGE:          0
cpu11->cpu11_ITLB WRITE        ACCESS:          0 HIT:          0 MISS:          0 MSHR_MERGE:          0
cpu11->cpu11_ITLB TRANSLATION  ACCESS:          0 HIT:          0 MISS:          0 MSHR_MERGE:          0
cpu11->cpu11_ITLB PREFETCH REQUESTED:          0 ISSUED:          0 USEFUL:          0 USELESS:          0
cpu11->cpu11_ITLB AVERAGE MISS LATENCY: - cycles
cpu11->cpu11_DTLB TOTAL        ACCESS:   33897870 HIT:   33855939 MISS:      41931 MSHR_MERGE:      29886
cpu11->cpu11_DTLB LOAD         ACCESS:   33897870 HIT:   33855939 MISS:      41931 MSHR_MERGE:      29886
cpu11->cpu11_DTLB RFO          ACCESS:          0 HIT:          0 MISS:          0 MSHR_MERGE:          0
cpu11->cpu11_DTLB PREFETCH     ACCESS:          0 HIT:          0 MISS:          0 MSHR_MERGE:          0
cpu11->cpu11_DTLB WRITE        ACCESS:          0 HIT:          0 MISS:          0 MSHR_MERGE:          0
cpu11->cpu11_DTLB TRANSLATION  ACCESS:          0 HIT:          0 MISS:          0 MSHR_MERGE:          0
cpu11->cpu11_DTLB PREFETCH REQUESTED:          0 ISSUED:          0 USEFUL:          0 USELESS:          0
cpu11->cpu11_DTLB AVERAGE MISS LATENCY: 261.3 cycles
cpu10->cpu10_STLB TOTAL        ACCESS:      12004 HIT:       7574 MISS:       4430 MSHR_MERGE:          0
cpu10->cpu10_STLB LOAD         ACCESS:      12004 HIT:       7574 MISS:       4430 MSHR_MERGE:          0
cpu10->cpu10_STLB RFO          ACCESS:          0 HIT:          0 MISS:          0 MSHR_MERGE:          0
cpu10->cpu10_STLB PREFETCH     ACCESS:          0 HIT:          0 MISS:          0 MSHR_MERGE:          0
cpu10->cpu10_STLB WRITE        ACCESS:          0 HIT:          0 MISS:          0 MSHR_MERGE:          0
cpu10->cpu10_STLB TRANSLATION  ACCESS:          0 HIT:          0 MISS:          0 MSHR_MERGE:          0
cpu10->cpu10_STLB PREFETCH REQUESTED:          0 ISSUED:          0 USEFUL:          0 USELESS:          0
cpu10->cpu10_STLB AVERAGE MISS LATENCY: 692 cycles
cpu10->cpu10_L2C TOTAL        ACCESS:   22868840 HIT:          0 MISS:   22868840 MSHR_MERGE:          0
cpu10->cpu10_L2C LOAD         ACCESS:   20471090 HIT:          0 MISS:   20471090 MSHR_MERGE:          0
cpu10->cpu10_L2C RFO          ACCESS:    2388881 HIT:          0 MISS:    2388881 MSHR_MERGE:          0
cpu10->cpu10_L2C PREFETCH     ACCESS:          1 HIT:          0 MISS:          1 MSHR_MERGE:          0
cpu10->cpu10_L2C WRITE        ACCESS:          0 HIT:          0 MISS:          0 MSHR_MERGE:          0
cpu10->cpu10_L2C TRANSLATION  ACCESS:       8868 HIT:          0 MISS:       8868 MSHR_MERGE:          0
cpu10->cpu10_L2C PREFETCH REQUESTED:          0 ISSUED:          0 USEFUL:          0 USELESS:          0
cpu10->cpu10_L2C AVERAGE MISS LATENCY: 18.14 cycles
cpu10->cpu10_L1I TOTAL        ACCESS:   72980940 HIT:   72980939 MISS:          1 MSHR_MERGE:          0
cpu10->cpu10_L1I LOAD         ACCESS:   36496585 HIT:   36496585 MISS:          0 MSHR_MERGE:          0
cpu10->cpu10_L1I RFO          ACCESS:          0 HIT:          0 MISS:          0 MSHR_MERGE:          0
cpu10->cpu10_L1I PREFETCH     ACCESS:   36484355 HIT:   36484354 MISS:          1 MSHR_MERGE:          0
cpu10->cpu10_L1I WRITE        ACCESS:          0 HIT:          0 MISS:          0 MSHR_MERGE:          0
cpu10->cpu10_L1I TRANSLATION  ACCESS:          0 HIT:          0 MISS:          0 MSHR_MERGE:          0
cpu10->cpu10_L1I PREFETCH REQUESTED:   36496585 ISSUED:   36484329 USEFUL:          0 USELESS:          0
cpu10->cpu10_L1I AVERAGE MISS LATENCY: - cycles
cpu10->cpu10_L1D TOTAL        ACCESS:   33946709 HIT:          0 MISS:   33946709 MSHR_MERGE:   11077870
cpu10->cpu10_L1D LOAD         ACCESS:   26852819 HIT:          0 MISS:   26852819 MSHR_MERGE:    6381729
cpu10->cpu10_L1D RFO          ACCESS:          0 HIT:          0 MISS:          0 MSHR_MERGE:          0
cpu10->cpu10_L1D PREFETCH     ACCESS:          0 HIT:          0 MISS:          0 MSHR_MERGE:          0
cpu10->cpu10_L1D WRITE        ACCESS:    7085022 HIT:          0 MISS:    7085022 MSHR_MERGE:    4696141
cpu10->cpu10_L1D TRANSLATION  ACCESS:       8868 HIT:          0 MISS:       8868 MSHR_MERGE:          0
cpu10->cpu10_L1D PREFETCH REQUESTED:          0 ISSUED:          0 USEFUL:          0 USELESS:          0
cpu10->cpu10_L1D AVERAGE MISS LATENCY: 21.15 cycles
cpu10->cpu10_ITLB TOTAL        ACCESS:   48804801 HIT:   48804801 MISS:          0 MSHR_MERGE:          0
cpu10->cpu10_ITLB LOAD         ACCESS:   48804801 HIT:   48804801 MISS:          0 MSHR_MERGE:          0
cpu10->cpu10_ITLB RFO          ACCESS:          0 HIT:          0 MISS:          0 MSHR_MERGE:          0
cpu10->cpu10_ITLB PREFETCH     ACCESS:          0 HIT:          0 MISS:          0 MSHR_MERGE:          0
cpu10->cpu10_ITLB WRITE        ACCESS:          0 HIT:          0 MISS:          0 MSHR_MERGE:          0
cpu10->cpu10_ITLB TRANSLATION  ACCESS:          0 HIT:          0 MISS:          0 MSHR_MERGE:          0
cpu10->cpu10_ITLB PREFETCH REQUESTED:          0 ISSUED:          0 USEFUL:          0 USELESS:          0
cpu10->cpu10_ITLB AVERAGE MISS LATENCY: - cycles
cpu10->cpu10_DTLB TOTAL        ACCESS:   33935495 HIT:   33893683 MISS:      41812 MSHR_MERGE:      29808
cpu10->cpu10_DTLB LOAD         ACCESS:   33935495 HIT:   33893683 MISS:      41812 MSHR_MERGE:      29808
cpu10->cpu10_DTLB RFO          ACCESS:          0 HIT:          0 MISS:          0 MSHR_MERGE:          0
cpu10->cpu10_DTLB PREFETCH     ACCESS:          0 HIT:          0 MISS:          0 MSHR_MERGE:          0
cpu10->cpu10_DTLB WRITE        ACCESS:          0 HIT:          0 MISS:          0 MSHR_MERGE:          0
cpu10->cpu10_DTLB TRANSLATION  ACCESS:          0 HIT:          0 MISS:          0 MSHR_MERGE:          0
cpu10->cpu10_DTLB PREFETCH REQUESTED:          0 ISSUED:          0 USEFUL:          0 USELESS:          0
cpu10->cpu10_DTLB AVERAGE MISS LATENCY: 260.8 cycles
cpu0->cpu0_STLB TOTAL        ACCESS:      12029 HIT:       7588 MISS:       4441 MSHR_MERGE:          0
cpu0->cpu0_STLB LOAD         ACCESS:      12029 HIT:       7588 MISS:       4441 MSHR_MERGE:          0
cpu0->cpu0_STLB RFO          ACCESS:          0 HIT:          0 MISS:          0 MSHR_MERGE:          0
cpu0->cpu0_STLB PREFETCH     ACCESS:          0 HIT:          0 MISS:          0 MSHR_MERGE:          0
cpu0->cpu0_STLB WRITE        ACCESS:          0 HIT:          0 MISS:          0 MSHR_MERGE:          0
cpu0->cpu0_STLB TRANSLATION  ACCESS:          0 HIT:          0 MISS:          0 MSHR_MERGE:          0
cpu0->cpu0_STLB PREFETCH REQUESTED:          0 ISSUED:          0 USEFUL:          0 USELESS:          0
cpu0->cpu0_STLB AVERAGE MISS LATENCY: 693.4 cycles
cpu0->cpu0_L2C TOTAL        ACCESS:   22910719 HIT:          0 MISS:   22910719 MSHR_MERGE:          0
cpu0->cpu0_L2C LOAD         ACCESS:   20508946 HIT:          0 MISS:   20508946 MSHR_MERGE:          0
cpu0->cpu0_L2C RFO          ACCESS:    2392882 HIT:          0 MISS:    2392882 MSHR_MERGE:          0
cpu0->cpu0_L2C PREFETCH     ACCESS:          1 HIT:          0 MISS:          1 MSHR_MERGE:          0
cpu0->cpu0_L2C WRITE        ACCESS:          0 HIT:          0 MISS:          0 MSHR_MERGE:          0
cpu0->cpu0_L2C TRANSLATION  ACCESS:       8890 HIT:          0 MISS:       8890 MSHR_MERGE:          0
cpu0->cpu0_L2C PREFETCH REQUESTED:          0 ISSUED:          0 USEFUL:          0 USELESS:          0
cpu0->cpu0_L2C AVERAGE MISS LATENCY: 18.13 cycles
cpu0->cpu0_L1I TOTAL        ACCESS:   73145086 HIT:   73145085 MISS:          1 MSHR_MERGE:          0
cpu0->cpu0_L1I LOAD         ACCESS:   36578439 HIT:   36578439 MISS:          0 MSHR_MERGE:          0
cpu0->cpu0_L1I RFO          ACCESS:          0 HIT:          0 MISS:          0 MSHR_MERGE:          0
cpu0->cpu0_L1I PREFETCH     ACCESS:   36566647 HIT:   36566646 MISS:          1 MSHR_MERGE:          0
cpu0->cpu0_L1I WRITE        ACCESS:          0 HIT:          0 MISS:          0 MSHR_MERGE:          0
cpu0->cpu0_L1I TRANSLATION  ACCESS:          0 HIT:          0 MISS:          0 MSHR_MERGE:          0
cpu0->cpu0_L1I PREFETCH REQUESTED:   36578439 ISSUED:   36566615 USEFUL:          0 USELESS:          0
cpu0->cpu0_L1I AVERAGE MISS LATENCY: - cycles
cpu0->cpu0_L1D TOTAL        ACCESS:   34013976 HIT:          0 MISS:   34013976 MSHR_MERGE:   11103259
cpu0->cpu0_L1D LOAD         ACCESS:   26905010 HIT:          0 MISS:   26905010 MSHR_MERGE:    6396065
cpu0->cpu0_L1D RFO          ACCESS:          0 HIT:          0 MISS:          0 MSHR_MERGE:          0
cpu0->cpu0_L1D PREFETCH     ACCESS:          0 HIT:          0 MISS:          0 MSHR_MERGE:          0
cpu0->cpu0_L1D WRITE        ACCESS:    7100076 HIT:          0 MISS:    7100076 MSHR_MERGE:    4707194
cpu0->cpu0_L1D TRANSLATION  ACCESS:       8890 HIT:          0 MISS:       8890 MSHR_MERGE:          0
cpu0->cpu0_L1D PREFETCH REQUESTED:          0 ISSUED:          0 USEFUL:          0 USELESS:          0
cpu0->cpu0_L1D AVERAGE MISS LATENCY: 21.13 cycles
cpu0->cpu0_ITLB TOTAL        ACCESS:   48944134 HIT:   48944134 MISS:          0 MSHR_MERGE:          0
cpu0->cpu0_ITLB LOAD         ACCESS:   48944134 HIT:   48944134 MISS:          0 MSHR_MERGE:          0
cpu0->cpu0_ITLB RFO          ACCESS:          0 HIT:          0 MISS:          0 MSHR_MERGE:          0
cpu0->cpu0_ITLB PREFETCH     ACCESS:          0 HIT:          0 MISS:          0 MSHR_MERGE:          0
cpu0->cpu0_ITLB WRITE        ACCESS:          0 HIT:          0 MISS:          0 MSHR_MERGE:          0
cpu0->cpu0_ITLB TRANSLATION  ACCESS:          0 HIT:          0 MISS:          0 MSHR_MERGE:          0
cpu0->cpu0_ITLB PREFETCH REQUESTED:          0 ISSUED:          0 USEFUL:          0 USELESS:          0
cpu0->cpu0_ITLB AVERAGE MISS LATENCY: - cycles
cpu0->cpu0_DTLB TOTAL        ACCESS:   34002662 HIT:   33960837 MISS:      41825 MSHR_MERGE:      29796
cpu0->cpu0_DTLB LOAD         ACCESS:   34002662 HIT:   33960837 MISS:      41825 MSHR_MERGE:      29796
cpu0->cpu0_DTLB RFO          ACCESS:          0 HIT:          0 MISS:          0 MSHR_MERGE:          0
cpu0->cpu0_DTLB PREFETCH     ACCESS:          0 HIT:          0 MISS:          0 MSHR_MERGE:          0
cpu0->cpu0_DTLB WRITE        ACCESS:          0 HIT:          0 MISS:          0 MSHR_MERGE:          0
cpu0->cpu0_DTLB TRANSLATION  ACCESS:          0 HIT:          0 MISS:          0 MSHR_MERGE:          0
cpu0->cpu0_DTLB PREFETCH REQUESTED:          0 ISSUED:          0 USEFUL:          0 USELESS:          0
cpu0->cpu0_DTLB AVERAGE MISS LATENCY: 261.4 cycles
cpu0->LLC TOTAL        ACCESS:   22910711 HIT:   22896638 MISS:      14073 MSHR_MERGE:          0
cpu0->LLC LOAD         ACCESS:   20508938 HIT:   20507707 MISS:       1231 MSHR_MERGE:          0
cpu0->LLC RFO          ACCESS:    2392882 HIT:    2385215 MISS:       7667 MSHR_MERGE:          0
cpu0->LLC PREFETCH     ACCESS:          1 HIT:          0 MISS:          1 MSHR_MERGE:          0
cpu0->LLC WRITE        ACCESS:          0 HIT:          0 MISS:          0 MSHR_MERGE:          0
cpu0->LLC TRANSLATION  ACCESS:       8890 HIT:       3716 MISS:       5174 MSHR_MERGE:          0
cpu0->LLC PREFETCH REQUESTED:          0 ISSUED:          0 USEFUL:          0 USELESS:          0
cpu0->LLC AVERAGE MISS LATENCY: 9374 cycles
cpu1->LLC TOTAL        ACCESS:   22923151 HIT:   22909393 MISS:      13758 MSHR_MERGE:          0
cpu1->LLC LOAD         ACCESS:   20520289 HIT:   20519393 MISS:        896 MSHR_MERGE:          0
cpu1->LLC RFO          ACCESS:    2393963 HIT:    2386292 MISS:       7671 MSHR_MERGE:          0
cpu1->LLC PREFETCH     ACCESS:          1 HIT:          0 MISS:          1 MSHR_MERGE:          0
cpu1->LLC WRITE        ACCESS:          0 HIT:          0 MISS:          0 MSHR_MERGE:          0
cpu1->LLC TRANSLATION  ACCESS:       8898 HIT:       3708 MISS:       5190 MSHR_MERGE:          0
cpu1->LLC PREFETCH REQUESTED:          0 ISSUED:          0 USEFUL:          0 USELESS:          0
cpu1->LLC AVERAGE MISS LATENCY: 9588 cycles
cpu2->LLC TOTAL        ACCESS:   23121957 HIT:   23107206 MISS:      14751 MSHR_MERGE:          0
cpu2->LLC LOAD         ACCESS:   20708445 HIT:   20706590 MISS:       1855 MSHR_MERGE:          0
cpu2->LLC RFO          ACCESS:    2404595 HIT:    2396898 MISS:       7697 MSHR_MERGE:          0
cpu2->LLC PREFETCH     ACCESS:          1 HIT:          0 MISS:          1 MSHR_MERGE:          0
cpu2->LLC WRITE        ACCESS:          0 HIT:          0 MISS:          0 MSHR_MERGE:          0
cpu2->LLC TRANSLATION  ACCESS:       8916 HIT:       3718 MISS:       5198 MSHR_MERGE:          0
cpu2->LLC PREFETCH REQUESTED:          0 ISSUED:          0 USEFUL:          0 USELESS:          0
cpu2->LLC AVERAGE MISS LATENCY: 8943 cycles
cpu3->LLC TOTAL        ACCESS:   23154430 HIT:   23140351 MISS:      14079 MSHR_MERGE:          0
cpu3->LLC LOAD         ACCESS:   20676053 HIT:   20674907 MISS:       1146 MSHR_MERGE:          0
cpu3->LLC RFO          ACCESS:    2469424 HIT:    2461697 MISS:       7727 MSHR_MERGE:          0
cpu3->LLC PREFETCH     ACCESS:          1 HIT:          0 MISS:          1 MSHR_MERGE:          0
cpu3->LLC WRITE        ACCESS:          0 HIT:          0 MISS:          0 MSHR_MERGE:          0
cpu3->LLC TRANSLATION  ACCESS:       8952 HIT:       3747 MISS:       5205 MSHR_MERGE:          0
cpu3->LLC PREFETCH REQUESTED:          0 ISSUED:          0 USEFUL:          0 USELESS:          0
cpu3->LLC AVERAGE MISS LATENCY: 9370 cycles
cpu4->LLC TOTAL        ACCESS:   23069981 HIT:   23052054 MISS:      17927 MSHR_MERGE:          0
cpu4->LLC LOAD         ACCESS:   20601067 HIT:   20596056 MISS:       5011 MSHR_MERGE:          0
cpu4->LLC RFO          ACCESS:    2459979 HIT:    2452279 MISS:       7700 MSHR_MERGE:          0
cpu4->LLC PREFETCH     ACCESS:          1 HIT:          0 MISS:          1 MSHR_MERGE:          0
cpu4->LLC WRITE        ACCESS:          0 HIT:          0 MISS:          0 MSHR_MERGE:          0
cpu4->LLC TRANSLATION  ACCESS:       8934 HIT:       3719 MISS:       5215 MSHR_MERGE:          0
cpu4->LLC PREFETCH REQUESTED:          0 ISSUED:          0 USEFUL:          0 USELESS:          0
cpu4->LLC AVERAGE MISS LATENCY: 7359 cycles
cpu5->LLC TOTAL        ACCESS:   23174649 HIT:   23161047 MISS:      13602 MSHR_MERGE:          0
cpu5->LLC LOAD         ACCESS:   20693591 HIT:   20692932 MISS:        659 MSHR_MERGE:          0
cpu5->LLC RFO          ACCESS:    2472087 HIT:    2464355 MISS:       7732 MSHR_MERGE:          0
cpu5->LLC PREFETCH     ACCESS:          1 HIT:          0 MISS:          1 MSHR_MERGE:          0
cpu5->LLC WRITE        ACCESS:          0 HIT:          0 MISS:          0 MSHR_MERGE:          0
cpu5->LLC TRANSLATION  ACCESS:       8970 HIT:       3760 MISS:       5210 MSHR_MERGE:          0
cpu5->LLC PREFETCH REQUESTED:          0 ISSUED:          0 USEFUL:          0 USELESS:          0
cpu5->LLC AVERAGE MISS LATENCY: 9698 cycles
cpu6->LLC TOTAL        ACCESS:   22611734 HIT:   22561754 MISS:      49980 MSHR_MERGE:          0
cpu6->LLC LOAD         ACCESS:   20240269 HIT:   20202952 MISS:      37317 MSHR_MERGE:          0
cpu6->LLC RFO          ACCESS:    2362700 HIT:    2355133 MISS:       7567 MSHR_MERGE:          0
cpu6->LLC PREFETCH     ACCESS:          1 HIT:          0 MISS:          1 MSHR_MERGE:          0
cpu6->LLC WRITE        ACCESS:          0 HIT:          0 MISS:          0 MSHR_MERGE:          0
cpu6->LLC TRANSLATION  ACCESS:       8764 HIT:       3669 MISS:       5095 MSHR_MERGE:          0
cpu6->LLC PREFETCH REQUESTED:          0 ISSUED:          0 USEFUL:          0 USELESS:          0
cpu6->LLC AVERAGE MISS LATENCY: 2639 cycles
cpu7->LLC TOTAL        ACCESS:   23138379 HIT:   23124716 MISS:      13663 MSHR_MERGE:          0
cpu7->LLC LOAD         ACCESS:   20689037 HIT:   20688279 MISS:        758 MSHR_MERGE:          0
cpu7->LLC RFO          ACCESS:    2440407 HIT:    2432699 MISS:       7708 MSHR_MERGE:          0
cpu7->LLC PREFETCH     ACCESS:          1 HIT:          0 MISS:          1 MSHR_MERGE:          0
cpu7->LLC WRITE        ACCESS:          0 HIT:          0 MISS:          0 MSHR_MERGE:          0
cpu7->LLC TRANSLATION  ACCESS:       8934 HIT:       3738 MISS:       5196 MSHR_MERGE:          0
cpu7->LLC PREFETCH REQUESTED:          0 ISSUED:          0 USEFUL:          0 USELESS:          0
cpu7->LLC AVERAGE MISS LATENCY: 9655 cycles
cpu8->LLC TOTAL        ACCESS:   23136863 HIT:   23123223 MISS:      13640 MSHR_MERGE:          0
cpu8->LLC LOAD         ACCESS:   20722155 HIT:   20721430 MISS:        725 MSHR_MERGE:          0
cpu8->LLC RFO          ACCESS:    2405773 HIT:    2398062 MISS:       7711 MSHR_MERGE:          0
cpu8->LLC PREFETCH     ACCESS:          1 HIT:          0 MISS:          1 MSHR_MERGE:          0
cpu8->LLC WRITE        ACCESS:          0 HIT:          0 MISS:          0 MSHR_MERGE:          0
cpu8->LLC TRANSLATION  ACCESS:       8934 HIT:       3731 MISS:       5203 MSHR_MERGE:          0
cpu8->LLC PREFETCH REQUESTED:          0 ISSUED:          0 USEFUL:          0 USELESS:          0
cpu8->LLC AVERAGE MISS LATENCY: 9671 cycles
cpu9->LLC TOTAL        ACCESS:   22926422 HIT:   22876978 MISS:      49444 MSHR_MERGE:          0
cpu9->LLC LOAD         ACCESS:   20507862 HIT:   20471190 MISS:      36672 MSHR_MERGE:          0
cpu9->LLC RFO          ACCESS:    2409715 HIT:    2402087 MISS:       7628 MSHR_MERGE:          0
cpu9->LLC PREFETCH     ACCESS:          1 HIT:          0 MISS:          1 MSHR_MERGE:          0
cpu9->LLC WRITE        ACCESS:          0 HIT:          0 MISS:          0 MSHR_MERGE:          0
cpu9->LLC TRANSLATION  ACCESS:       8844 HIT:       3701 MISS:       5143 MSHR_MERGE:          0
cpu9->LLC PREFETCH REQUESTED:          0 ISSUED:          0 USEFUL:          0 USELESS:          0
cpu9->LLC AVERAGE MISS LATENCY: 2668 cycles
cpu10->LLC TOTAL        ACCESS:   22868832 HIT:   22852652 MISS:      16180 MSHR_MERGE:          0
cpu10->LLC LOAD         ACCESS:   20471083 HIT:   20467733 MISS:       3350 MSHR_MERGE:          0
cpu10->LLC RFO          ACCESS:    2388880 HIT:    2381230 MISS:       7650 MSHR_MERGE:          0
cpu10->LLC PREFETCH     ACCESS:          1 HIT:          0 MISS:          1 MSHR_MERGE:          0
cpu10->LLC WRITE        ACCESS:          0 HIT:          0 MISS:          0 MSHR_MERGE:          0
cpu10->LLC TRANSLATION  ACCESS:       8868 HIT:       3689 MISS:       5179 MSHR_MERGE:          0
cpu10->LLC PREFETCH REQUESTED:          0 ISSUED:          0 USEFUL:          0 USELESS:          0
cpu10->LLC AVERAGE MISS LATENCY: 8153 cycles
cpu11->LLC TOTAL        ACCESS:   23070131 HIT:   23054504 MISS:      15627 MSHR_MERGE:          0
cpu11->LLC LOAD         ACCESS:   20628013 HIT:   20625245 MISS:       2768 MSHR_MERGE:          0
cpu11->LLC RFO          ACCESS:    2433219 HIT:    2425541 MISS:       7678 MSHR_MERGE:          0
cpu11->LLC PREFETCH     ACCESS:          1 HIT:          0 MISS:          1 MSHR_MERGE:          0
cpu11->LLC WRITE        ACCESS:          0 HIT:          0 MISS:          0 MSHR_MERGE:          0
cpu11->LLC TRANSLATION  ACCESS:       8898 HIT:       3718 MISS:       5180 MSHR_MERGE:          0
cpu11->LLC PREFETCH REQUESTED:          0 ISSUED:          0 USEFUL:          0 USELESS:          0
cpu11->LLC AVERAGE MISS LATENCY: 8442 cycles
cpu12->LLC TOTAL        ACCESS:   22862810 HIT:   22847811 MISS:      14999 MSHR_MERGE:          0
cpu12->LLC LOAD         ACCESS:   20465717 HIT:   20463548 MISS:       2169 MSHR_MERGE:          0
cpu12->LLC RFO          ACCESS:    2388212 HIT:    2380559 MISS:       7653 MSHR_MERGE:          0
cpu12->LLC PREFETCH     ACCESS:          1 HIT:          0 MISS:          1 MSHR_MERGE:          0
cpu12->LLC WRITE        ACCESS:          0 HIT:          0 MISS:          0 MSHR_MERGE:          0
cpu12->LLC TRANSLATION  ACCESS:       8880 HIT:       3704 MISS:       5176 MSHR_MERGE:          0
cpu12->LLC PREFETCH REQUESTED:          0 ISSUED:          0 USEFUL:          0 USELESS:          0
cpu12->LLC AVERAGE MISS LATENCY: 8795 cycles
cpu13->LLC TOTAL        ACCESS:   23049734 HIT:   23032721 MISS:      17013 MSHR_MERGE:          0
cpu13->LLC LOAD         ACCESS:   20582116 HIT:   20577995 MISS:       4121 MSHR_MERGE:          0
cpu13->LLC RFO          ACCESS:    2458701 HIT:    2451007 MISS:       7694 MSHR_MERGE:          0
cpu13->LLC PREFETCH     ACCESS:          1 HIT:          0 MISS:          1 MSHR_MERGE:          0
cpu13->LLC WRITE        ACCESS:          0 HIT:          0 MISS:          0 MSHR_MERGE:          0
cpu13->LLC TRANSLATION  ACCESS:       8916 HIT:       3719 MISS:       5197 MSHR_MERGE:          0
cpu13->LLC PREFETCH REQUESTED:          0 ISSUED:          0 USEFUL:          0 USELESS:          0
cpu13->LLC AVERAGE MISS LATENCY: 7754 cycles
cpu14->LLC TOTAL        ACCESS:   22901936 HIT:   22887586 MISS:      14350 MSHR_MERGE:          0
cpu14->LLC LOAD         ACCESS:   20501290 HIT:   20499776 MISS:       1514 MSHR_MERGE:          0
cpu14->LLC RFO          ACCESS:    2391765 HIT:    2384101 MISS:       7664 MSHR_MERGE:          0
cpu14->LLC PREFETCH     ACCESS:          1 HIT:          0 MISS:          1 MSHR_MERGE:          0
cpu14->LLC WRITE        ACCESS:          0 HIT:          0 MISS:          0 MSHR_MERGE:          0
cpu14->LLC TRANSLATION  ACCESS:       8880 HIT:       3709 MISS:       5171 MSHR_MERGE:          0
cpu14->LLC PREFETCH REQUESTED:          0 ISSUED:          0 USEFUL:          0 USELESS:          0
cpu14->LLC AVERAGE MISS LATENCY: 9193 cycles
cpu15->LLC TOTAL        ACCESS:   22892531 HIT:   22845858 MISS:      46673 MSHR_MERGE:          0
cpu15->LLC LOAD         ACCESS:   20440709 HIT:   20406837 MISS:      33872 MSHR_MERGE:          0
cpu15->LLC RFO          ACCESS:    2442959 HIT:    2435315 MISS:       7644 MSHR_MERGE:          0
cpu15->LLC PREFETCH     ACCESS:          1 HIT:          0 MISS:          1 MSHR_MERGE:          0
cpu15->LLC WRITE        ACCESS:          0 HIT:          0 MISS:          0 MSHR_MERGE:          0
cpu15->LLC TRANSLATION  ACCESS:       8862 HIT:       3706 MISS:       5156 MSHR_MERGE:          0
cpu15->LLC PREFETCH REQUESTED:          0 ISSUED:          0 USEFUL:          0 USELESS:          0
cpu15->LLC AVERAGE MISS LATENCY: 2826 cycles
cpu16->LLC TOTAL        ACCESS:   22881427 HIT:   22831926 MISS:      49501 MSHR_MERGE:          0
cpu16->LLC LOAD         ACCESS:   20432567 HIT:   20395861 MISS:      36706 MSHR_MERGE:          0
cpu16->LLC RFO          ACCESS:    2439997 HIT:    2432360 MISS:       7637 MSHR_MERGE:          0
cpu16->LLC PREFETCH     ACCESS:          1 HIT:          0 MISS:          1 MSHR_MERGE:          0
cpu16->LLC WRITE        ACCESS:          0 HIT:          0 MISS:          0 MSHR_MERGE:          0
cpu16->LLC TRANSLATION  ACCESS:       8862 HIT:       3705 MISS:       5157 MSHR_MERGE:          0
cpu16->LLC PREFETCH REQUESTED:          0 ISSUED:          0 USEFUL:          0 USELESS:          0
cpu16->LLC AVERAGE MISS LATENCY: 2665 cycles
cpu17->LLC TOTAL        ACCESS:   22870863 HIT:   22851902 MISS:      18961 MSHR_MERGE:          0
cpu17->LLC LOAD         ACCESS:   20471922 HIT:   20465784 MISS:       6138 MSHR_MERGE:          0
cpu17->LLC RFO          ACCESS:    2390063 HIT:    2382412 MISS:       7651 MSHR_MERGE:          0
cpu17->LLC PREFETCH     ACCESS:          1 HIT:          0 MISS:          1 MSHR_MERGE:          0
cpu17->LLC WRITE        ACCESS:          0 HIT:          0 MISS:          0 MSHR_MERGE:          0
cpu17->LLC TRANSLATION  ACCESS:       8877 HIT:       3706 MISS:       5171 MSHR_MERGE:          0
cpu17->LLC PREFETCH REQUESTED:          0 ISSUED:          0 USEFUL:          0 USELESS:          0
cpu17->LLC AVERAGE MISS LATENCY: 6957 cycles
cpu18->LLC TOTAL        ACCESS:   23121261 HIT:   23106492 MISS:      14769 MSHR_MERGE:          0
cpu18->LLC LOAD         ACCESS:   20647120 HIT:   20645280 MISS:       1840 MSHR_MERGE:          0
cpu18->LLC RFO          ACCESS:    2465188 HIT:    2457470 MISS:       7718 MSHR_MERGE:          0
cpu18->LLC PREFETCH     ACCESS:          1 HIT:          0 MISS:          1 MSHR_MERGE:          0
cpu18->LLC WRITE        ACCESS:          0 HIT:          0 MISS:          0 MSHR_MERGE:          0
cpu18->LLC TRANSLATION  ACCESS:       8952 HIT:       3742 MISS:       5210 MSHR_MERGE:          0
cpu18->LLC PREFETCH REQUESTED:          0 ISSUED:          0 USEFUL:          0 USELESS:          0
cpu18->LLC AVERAGE MISS LATENCY: 8932 cycles
cpu19->LLC TOTAL        ACCESS:   22839792 HIT:   22790435 MISS:      49357 MSHR_MERGE:          0
cpu19->LLC LOAD         ACCESS:   20394983 HIT:   20358395 MISS:      36588 MSHR_MERGE:          0
cpu19->LLC RFO          ACCESS:    2435964 HIT:    2428338 MISS:       7626 MSHR_MERGE:          0
cpu19->LLC PREFETCH     ACCESS:          1 HIT:          0 MISS:          1 MSHR_MERGE:          0
cpu19->LLC WRITE        ACCESS:          0 HIT:          0 MISS:          0 MSHR_MERGE:          0
cpu19->LLC TRANSLATION  ACCESS:       8844 HIT:       3702 MISS:       5142 MSHR_MERGE:          0
cpu19->LLC PREFETCH REQUESTED:          0 ISSUED:          0 USEFUL:          0 USELESS:          0
cpu19->LLC AVERAGE MISS LATENCY: 2673 cycles
cpu20->LLC TOTAL        ACCESS:   22899897 HIT:   22885251 MISS:      14646 MSHR_MERGE:          0
cpu20->LLC LOAD         ACCESS:   20500488 HIT:   20498684 MISS:       1804 MSHR_MERGE:          0
cpu20->LLC RFO          ACCESS:    2390528 HIT:    2382864 MISS:       7664 MSHR_MERGE:          0
cpu20->LLC PREFETCH     ACCESS:          1 HIT:          0 MISS:          1 MSHR_MERGE:          0
cpu20->LLC WRITE        ACCESS:          0 HIT:          0 MISS:          0 MSHR_MERGE:          0
cpu20->LLC TRANSLATION  ACCESS:       8880 HIT:       3703 MISS:       5177 MSHR_MERGE:          0
cpu20->LLC PREFETCH REQUESTED:          0 ISSUED:          0 USEFUL:          0 USELESS:          0
cpu20->LLC AVERAGE MISS LATENCY: 9007 cycles
cpu21->LLC TOTAL        ACCESS:   23211090 HIT:   23195055 MISS:      16035 MSHR_MERGE:          0
cpu21->LLC LOAD         ACCESS:   20756297 HIT:   20753167 MISS:       3130 MSHR_MERGE:          0
cpu21->LLC RFO          ACCESS:    2445856 HIT:    2438142 MISS:       7714 MSHR_MERGE:          0
cpu21->LLC PREFETCH     ACCESS:          1 HIT:          0 MISS:          1 MSHR_MERGE:          0
cpu21->LLC WRITE        ACCESS:          0 HIT:          0 MISS:          0 MSHR_MERGE:          0
cpu21->LLC TRANSLATION  ACCESS:       8936 HIT:       3746 MISS:       5190 MSHR_MERGE:          0
cpu21->LLC PREFETCH REQUESTED:          0 ISSUED:          0 USEFUL:          0 USELESS:          0
cpu21->LLC AVERAGE MISS LATENCY: 8227 cycles
cpu22->LLC TOTAL        ACCESS:   23076672 HIT:   23060403 MISS:      16269 MSHR_MERGE:          0
cpu22->LLC LOAD         ACCESS:   20608226 HIT:   20604857 MISS:       3369 MSHR_MERGE:          0
cpu22->LLC RFO          ACCESS:    2459511 HIT:    2451808 MISS:       7703 MSHR_MERGE:          0
cpu22->LLC PREFETCH     ACCESS:          1 HIT:          0 MISS:          1 MSHR_MERGE:          0
cpu22->LLC WRITE        ACCESS:          0 HIT:          0 MISS:          0 MSHR_MERGE:          0
cpu22->LLC TRANSLATION  ACCESS:       8934 HIT:       3738 MISS:       5196 MSHR_MERGE:          0
cpu22->LLC PREFETCH REQUESTED:          0 ISSUED:          0 USEFUL:          0 USELESS:          0
cpu22->LLC AVERAGE MISS LATENCY: 8108 cycles
cpu23->LLC TOTAL        ACCESS:   22932036 HIT:   22917827 MISS:      14209 MSHR_MERGE:          0
cpu23->LLC LOAD         ACCESS:   20536956 HIT:   20535592 MISS:       1364 MSHR_MERGE:          0
cpu23->LLC RFO          ACCESS:    2386199 HIT:    2378536 MISS:       7663 MSHR_MERGE:          0
cpu23->LLC PREFETCH     ACCESS:          1 HIT:          0 MISS:          1 MSHR_MERGE:          0
cpu23->LLC WRITE        ACCESS:          0 HIT:          0 MISS:          0 MSHR_MERGE:          0
cpu23->LLC TRANSLATION  ACCESS:       8880 HIT:       3699 MISS:       5181 MSHR_MERGE:          0
cpu23->LLC PREFETCH REQUESTED:          0 ISSUED:          0 USEFUL:          0 USELESS:          0
cpu23->LLC AVERAGE MISS LATENCY: 9284 cycles
cpu24->LLC TOTAL        ACCESS:   23134876 HIT:   23118401 MISS:      16475 MSHR_MERGE:          0
cpu24->LLC LOAD         ACCESS:   20699686 HIT:   20696143 MISS:       3543 MSHR_MERGE:          0
cpu24->LLC RFO          ACCESS:    2426255 HIT:    2418557 MISS:       7698 MSHR_MERGE:          0
cpu24->LLC PREFETCH     ACCESS:          1 HIT:          0 MISS:          1 MSHR_MERGE:          0
cpu24->LLC WRITE        ACCESS:          0 HIT:          0 MISS:          0 MSHR_MERGE:          0
cpu24->LLC TRANSLATION  ACCESS:       8934 HIT:       3701 MISS:       5233 MSHR_MERGE:          0
cpu24->LLC PREFETCH REQUESTED:          0 ISSUED:          0 USEFUL:          0 USELESS:          0
cpu24->LLC AVERAGE MISS LATENCY: 8007 cycles
cpu25->LLC TOTAL        ACCESS:   23148947 HIT:   23134852 MISS:      14095 MSHR_MERGE:          0
cpu25->LLC LOAD         ACCESS:   20671153 HIT:   20669987 MISS:       1166 MSHR_MERGE:          0
cpu25->LLC RFO          ACCESS:    2468841 HIT:    2461116 MISS:       7725 MSHR_MERGE:          0
cpu25->LLC PREFETCH     ACCESS:          1 HIT:          0 MISS:          1 MSHR_MERGE:          0
cpu25->LLC WRITE        ACCESS:          0 HIT:          0 MISS:          0 MSHR_MERGE:          0
cpu25->LLC TRANSLATION  ACCESS:       8952 HIT:       3749 MISS:       5203 MSHR_MERGE:          0
cpu25->LLC PREFETCH REQUESTED:          0 ISSUED:          0 USEFUL:          0 USELESS:          0
cpu25->LLC AVERAGE MISS LATENCY: 9359 cycles
cpu26->LLC TOTAL        ACCESS:   23113887 HIT:   23099769 MISS:      14118 MSHR_MERGE:          0
cpu26->LLC LOAD         ACCESS:   20667758 HIT:   20666546 MISS:       1212 MSHR_MERGE:          0
cpu26->LLC RFO          ACCESS:    2437194 HIT:    2429492 MISS:       7702 MSHR_MERGE:          0
cpu26->LLC PREFETCH     ACCESS:          1 HIT:          0 MISS:          1 MSHR_MERGE:          0
cpu26->LLC WRITE        ACCESS:          0 HIT:          0 MISS:          0 MSHR_MERGE:          0
cpu26->LLC TRANSLATION  ACCESS:       8934 HIT:       3731 MISS:       5203 MSHR_MERGE:          0
cpu26->LLC PREFETCH REQUESTED:          0 ISSUED:          0 USEFUL:          0 USELESS:          0
cpu26->LLC AVERAGE MISS LATENCY: 9344 cycles
cpu27->LLC TOTAL        ACCESS:   23116949 HIT:   23101956 MISS:      14993 MSHR_MERGE:          0
cpu27->LLC LOAD         ACCESS:   20643365 HIT:   20641276 MISS:       2089 MSHR_MERGE:          0
cpu27->LLC RFO          ACCESS:    2464643 HIT:    2456928 MISS:       7715 MSHR_MERGE:          0
cpu27->LLC PREFETCH     ACCESS:          1 HIT:          0 MISS:          1 MSHR_MERGE:          0
cpu27->LLC WRITE        ACCESS:          0 HIT:          0 MISS:          0 MSHR_MERGE:          0
cpu27->LLC TRANSLATION  ACCESS:       8940 HIT:       3752 MISS:       5188 MSHR_MERGE:          0
cpu27->LLC PREFETCH REQUESTED:          0 ISSUED:          0 USEFUL:          0 USELESS:          0
cpu27->LLC AVERAGE MISS LATENCY: 8799 cycles
cpu28->LLC TOTAL        ACCESS:   23101874 HIT:   23084754 MISS:      17120 MSHR_MERGE:          0
cpu28->LLC LOAD         ACCESS:   20629003 HIT:   20624803 MISS:       4200 MSHR_MERGE:          0
cpu28->LLC RFO          ACCESS:    2463936 HIT:    2456224 MISS:       7712 MSHR_MERGE:          0
cpu28->LLC PREFETCH     ACCESS:          1 HIT:          0 MISS:          1 MSHR_MERGE:          0
cpu28->LLC WRITE        ACCESS:          0 HIT:          0 MISS:          0 MSHR_MERGE:          0
cpu28->LLC TRANSLATION  ACCESS:       8934 HIT:       3727 MISS:       5207 MSHR_MERGE:          0
cpu28->LLC PREFETCH REQUESTED:          0 ISSUED:          0 USEFUL:          0 USELESS:          0
cpu28->LLC AVERAGE MISS LATENCY: 7705 cycles
cpu29->LLC TOTAL        ACCESS:   23084929 HIT:   23069865 MISS:      15064 MSHR_MERGE:          0
cpu29->LLC LOAD         ACCESS:   20642075 HIT:   20639884 MISS:       2191 MSHR_MERGE:          0
cpu29->LLC RFO          ACCESS:    2433937 HIT:    2426253 MISS:       7684 MSHR_MERGE:          0
cpu29->LLC PREFETCH     ACCESS:          1 HIT:          0 MISS:          1 MSHR_MERGE:          0
cpu29->LLC WRITE        ACCESS:          0 HIT:          0 MISS:          0 MSHR_MERGE:          0
cpu29->LLC TRANSLATION  ACCESS:       8916 HIT:       3728 MISS:       5188 MSHR_MERGE:          0
cpu29->LLC PREFETCH REQUESTED:          0 ISSUED:          0 USEFUL:          0 USELESS:          0
cpu29->LLC AVERAGE MISS LATENCY: 8757 cycles
cpu30->LLC TOTAL        ACCESS:   23133682 HIT:   23117420 MISS:      16262 MSHR_MERGE:          0
cpu30->LLC LOAD         ACCESS:   20698849 HIT:   20695492 MISS:       3357 MSHR_MERGE:          0
cpu30->LLC RFO          ACCESS:    2425898 HIT:    2418199 MISS:       7699 MSHR_MERGE:          0
cpu30->LLC PREFETCH     ACCESS:          1 HIT:          0 MISS:          1 MSHR_MERGE:          0
cpu30->LLC WRITE        ACCESS:          0 HIT:          0 MISS:          0 MSHR_MERGE:          0
cpu30->LLC TRANSLATION  ACCESS:       8934 HIT:       3729 MISS:       5205 MSHR_MERGE:          0
cpu30->LLC PREFETCH REQUESTED:          0 ISSUED:          0 USEFUL:          0 USELESS:          0
cpu30->LLC AVERAGE MISS LATENCY: 8112 cycles
cpu31->LLC TOTAL        ACCESS:   23117650 HIT:   23102492 MISS:      15158 MSHR_MERGE:          0
cpu31->LLC LOAD         ACCESS:   20642492 HIT:   20640241 MISS:       2251 MSHR_MERGE:          0
cpu31->LLC RFO          ACCESS:    2466207 HIT:    2458490 MISS:       7717 MSHR_MERGE:          0
cpu31->LLC PREFETCH     ACCESS:          1 HIT:          0 MISS:          1 MSHR_MERGE:          0
cpu31->LLC WRITE        ACCESS:          0 HIT:          0 MISS:          0 MSHR_MERGE:          0
cpu31->LLC TRANSLATION  ACCESS:       8950 HIT:       3761 MISS:       5189 MSHR_MERGE:          0
cpu31->LLC PREFETCH REQUESTED:          0 ISSUED:          0 USEFUL:          0 USELESS:          0
cpu31->LLC AVERAGE MISS LATENCY: 8703 cycles

Region of Interest Statistics

CPU 9 cumulative IPC: 2.318 instructions: 200000006 cycles: 86291560
CPU 9 Branch Prediction Accuracy: 99.71% MPKI: 0.04019 Average ROB Occupancy at Mispredict: 476.5
Branch type MPKI
BRANCH_DIRECT_JUMP: 0
BRANCH_INDIRECT: 0
BRANCH_CONDITIONAL: 0.04019
BRANCH_DIRECT_CALL: 0
BRANCH_INDIRECT_CALL: 0
BRANCH_RETURN: 0


CPU 8 cumulative IPC: 2.345 instructions: 200000004 cycles: 85288956
CPU 8 Branch Prediction Accuracy: 99.71% MPKI: 0.04019 Average ROB Occupancy at Mispredict: 476.4
Branch type MPKI
BRANCH_DIRECT_JUMP: 0
BRANCH_INDIRECT: 0
BRANCH_CONDITIONAL: 0.04019
BRANCH_DIRECT_CALL: 0
BRANCH_INDIRECT_CALL: 0
BRANCH_RETURN: 0


CPU 7 cumulative IPC: 2.345 instructions: 200000001 cycles: 85298338
CPU 7 Branch Prediction Accuracy: 99.71% MPKI: 0.04019 Average ROB Occupancy at Mispredict: 479.6
Branch type MPKI
BRANCH_DIRECT_JUMP: 0
BRANCH_INDIRECT: 0
BRANCH_CONDITIONAL: 0.04019
BRANCH_DIRECT_CALL: 0
BRANCH_INDIRECT_CALL: 0
BRANCH_RETURN: 0


CPU 6 cumulative IPC: 2.301 instructions: 200000005 cycles: 86917434
CPU 6 Branch Prediction Accuracy: 99.71% MPKI: 0.04019 Average ROB Occupancy at Mispredict: 477.2
Branch type MPKI
BRANCH_DIRECT_JUMP: 0
BRANCH_INDIRECT: 0
BRANCH_CONDITIONAL: 0.04019
BRANCH_DIRECT_CALL: 0
BRANCH_INDIRECT_CALL: 0
BRANCH_RETURN: 0


CPU 5 cumulative IPC: 2.352 instructions: 200000001 cycles: 85041092
CPU 5 Branch Prediction Accuracy: 99.71% MPKI: 0.04019 Average ROB Occupancy at Mispredict: 483.3
Branch type MPKI
BRANCH_DIRECT_JUMP: 0
BRANCH_INDIRECT: 0
BRANCH_CONDITIONAL: 0.04019
BRANCH_DIRECT_CALL: 0
BRANCH_INDIRECT_CALL: 0
BRANCH_RETURN: 0


CPU 4 cumulative IPC: 2.342 instructions: 200000002 cycles: 85395869
CPU 4 Branch Prediction Accuracy: 99.71% MPKI: 0.04019 Average ROB Occupancy at Mispredict: 483.3
Branch type MPKI
BRANCH_DIRECT_JUMP: 0
BRANCH_INDIRECT: 0
BRANCH_CONDITIONAL: 0.04019
BRANCH_DIRECT_CALL: 0
BRANCH_INDIRECT_CALL: 0
BRANCH_RETURN: 0


CPU 31 cumulative IPC: 2.346 instructions: 200000002 cycles: 85240084
CPU 31 Branch Prediction Accuracy: 99.71% MPKI: 0.04019 Average ROB Occupancy at Mispredict: 483.3
Branch type MPKI
BRANCH_DIRECT_JUMP: 0
BRANCH_INDIRECT: 0
BRANCH_CONDITIONAL: 0.04019
BRANCH_DIRECT_CALL: 0
BRANCH_INDIRECT_CALL: 0
BRANCH_RETURN: 0


CPU 30 cumulative IPC: 2.342 instructions: 200000004 cycles: 85404738
CPU 30 Branch Prediction Accuracy: 99.71% MPKI: 0.04019 Average ROB Occupancy at Mispredict: 477.5
Branch type MPKI
BRANCH_DIRECT_JUMP: 0
BRANCH_INDIRECT: 0
BRANCH_CONDITIONAL: 0.04019
BRANCH_DIRECT_CALL: 0
BRANCH_INDIRECT_CALL: 0
BRANCH_RETURN: 0


CPU 3 cumulative IPC: 2.35 instructions: 200000002 cycles: 85111638
CPU 3 Branch Prediction Accuracy: 99.71% MPKI: 0.04019 Average ROB Occupancy at Mispredict: 483.3
Branch type MPKI
BRANCH_DIRECT_JUMP: 0
BRANCH_INDIRECT: 0
BRANCH_CONDITIONAL: 0.04019
BRANCH_DIRECT_CALL: 0
BRANCH_INDIRECT_CALL: 0
BRANCH_RETURN: 0


CPU 29 cumulative IPC: 2.337 instructions: 200000004 cycles: 85588768
CPU 29 Branch Prediction Accuracy: 99.71% MPKI: 0.04019 Average ROB Occupancy at Mispredict: 479.3
Branch type MPKI
BRANCH_DIRECT_JUMP: 0
BRANCH_INDIRECT: 0
BRANCH_CONDITIONAL: 0.04019
BRANCH_DIRECT_CALL: 0
BRANCH_INDIRECT_CALL: 0
BRANCH_RETURN: 0


CPU 28 cumulative IPC: 2.345 instructions: 200000004 cycles: 85288675
CPU 28 Branch Prediction Accuracy: 99.71% MPKI: 0.04019 Average ROB Occupancy at Mispredict: 483.3
Branch type MPKI
BRANCH_DIRECT_JUMP: 0
BRANCH_INDIRECT: 0
BRANCH_CONDITIONAL: 0.04019
BRANCH_DIRECT_CALL: 0
BRANCH_INDIRECT_CALL: 0
BRANCH_RETURN: 0


CPU 27 cumulative IPC: 2.346 instructions: 200000002 cycles: 85245748
CPU 27 Branch Prediction Accuracy: 99.71% MPKI: 0.04019 Average ROB Occupancy at Mispredict: 483.3
Branch type MPKI
BRANCH_DIRECT_JUMP: 0
BRANCH_INDIRECT: 0
BRANCH_CONDITIONAL: 0.04019
BRANCH_DIRECT_CALL: 0
BRANCH_INDIRECT_CALL: 0
BRANCH_RETURN: 0


CPU 26 cumulative IPC: 2.342 instructions: 200000001 cycles: 85381482
CPU 26 Branch Prediction Accuracy: 99.71% MPKI: 0.04019 Average ROB Occupancy at Mispredict: 479.5
Branch type MPKI
BRANCH_DIRECT_JUMP: 0
BRANCH_INDIRECT: 0
BRANCH_CONDITIONAL: 0.04019
BRANCH_DIRECT_CALL: 0
BRANCH_INDIRECT_CALL: 0
BRANCH_RETURN: 0


CPU 25 cumulative IPC: 2.349 instructions: 200000000 cycles: 85130268
CPU 25 Branch Prediction Accuracy: 99.71% MPKI: 0.04019 Average ROB Occupancy at Mispredict: 483.3
Branch type MPKI
BRANCH_DIRECT_JUMP: 0
BRANCH_INDIRECT: 0
BRANCH_CONDITIONAL: 0.04019
BRANCH_DIRECT_CALL: 0
BRANCH_INDIRECT_CALL: 0
BRANCH_RETURN: 0


CPU 24 cumulative IPC: 2.342 instructions: 200000001 cycles: 85408449
CPU 24 Branch Prediction Accuracy: 99.71% MPKI: 0.04019 Average ROB Occupancy at Mispredict: 477.4
Branch type MPKI
BRANCH_DIRECT_JUMP: 0
BRANCH_INDIRECT: 0
BRANCH_CONDITIONAL: 0.04019
BRANCH_DIRECT_CALL: 0
BRANCH_INDIRECT_CALL: 0
BRANCH_RETURN: 0


CPU 23 cumulative IPC: 2.33 instructions: 200000004 cycles: 85851361
CPU 23 Branch Prediction Accuracy: 99.71% MPKI: 0.04019 Average ROB Occupancy at Mispredict: 477.1
Branch type MPKI
BRANCH_DIRECT_JUMP: 0
BRANCH_INDIRECT: 0
BRANCH_CONDITIONAL: 0.04019
BRANCH_DIRECT_CALL: 0
BRANCH_INDIRECT_CALL: 0
BRANCH_RETURN: 0


CPU 22 cumulative IPC: 2.342 instructions: 200000004 cycles: 85396093
CPU 22 Branch Prediction Accuracy: 99.71% MPKI: 0.04019 Average ROB Occupancy at Mispredict: 483.3
Branch type MPKI
BRANCH_DIRECT_JUMP: 0
BRANCH_INDIRECT: 0
BRANCH_CONDITIONAL: 0.04019
BRANCH_DIRECT_CALL: 0
BRANCH_INDIRECT_CALL: 0
BRANCH_RETURN: 0


CPU 21 cumulative IPC: 2.346 instructions: 200000005 cycles: 85252638
CPU 21 Branch Prediction Accuracy: 99.71% MPKI: 0.04019 Average ROB Occupancy at Mispredict: 477.3
Branch type MPKI
BRANCH_DIRECT_JUMP: 0
BRANCH_INDIRECT: 0
BRANCH_CONDITIONAL: 0.04019
BRANCH_DIRECT_CALL: 0
BRANCH_INDIRECT_CALL: 0
BRANCH_RETURN: 0


CPU 20 cumulative IPC: 2.331 instructions: 200000005 cycles: 85806993
CPU 20 Branch Prediction Accuracy: 99.71% MPKI: 0.04019 Average ROB Occupancy at Mispredict: 477.1
Branch type MPKI
BRANCH_DIRECT_JUMP: 0
BRANCH_INDIRECT: 0
BRANCH_CONDITIONAL: 0.04019
BRANCH_DIRECT_CALL: 0
BRANCH_INDIRECT_CALL: 0
BRANCH_RETURN: 0


CPU 2 cumulative IPC: 2.34 instructions: 200000002 cycles: 85455695
CPU 2 Branch Prediction Accuracy: 99.71% MPKI: 0.04019 Average ROB Occupancy at Mispredict: 476.4
Branch type MPKI
BRANCH_DIRECT_JUMP: 0
BRANCH_INDIRECT: 0
BRANCH_CONDITIONAL: 0.04019
BRANCH_DIRECT_CALL: 0
BRANCH_INDIRECT_CALL: 0
BRANCH_RETURN: 0


CPU 19 cumulative IPC: 2.319 instructions: 200000006 cycles: 86244563
CPU 19 Branch Prediction Accuracy: 99.71% MPKI: 0.04019 Average ROB Occupancy at Mispredict: 483.3
Branch type MPKI
BRANCH_DIRECT_JUMP: 0
BRANCH_INDIRECT: 0
BRANCH_CONDITIONAL: 0.04019
BRANCH_DIRECT_CALL: 0
BRANCH_INDIRECT_CALL: 0
BRANCH_RETURN: 0


CPU 18 cumulative IPC: 2.347 instructions: 200000002 cycles: 85213115
CPU 18 Branch Prediction Accuracy: 99.71% MPKI: 0.04019 Average ROB Occupancy at Mispredict: 483.4
Branch type MPKI
BRANCH_DIRECT_JUMP: 0
BRANCH_INDIRECT: 0
BRANCH_CONDITIONAL: 0.04019
BRANCH_DIRECT_CALL: 0
BRANCH_INDIRECT_CALL: 0
BRANCH_RETURN: 0


CPU 17 cumulative IPC: 2.327 instructions: 200000004 cycles: 85952057
CPU 17 Branch Prediction Accuracy: 99.71% MPKI: 0.04019 Average ROB Occupancy at Mispredict: 477.2
Branch type MPKI
BRANCH_DIRECT_JUMP: 0
BRANCH_INDIRECT: 0
BRANCH_CONDITIONAL: 0.04019
BRANCH_DIRECT_CALL: 0
BRANCH_INDIRECT_CALL: 0
BRANCH_RETURN: 0


CPU 16 cumulative IPC: 2.323 instructions: 200000002 cycles: 86097557
CPU 16 Branch Prediction Accuracy: 99.71% MPKI: 0.04019 Average ROB Occupancy at Mispredict: 483.3
Branch type MPKI
BRANCH_DIRECT_JUMP: 0
BRANCH_INDIRECT: 0
BRANCH_CONDITIONAL: 0.04019
BRANCH_DIRECT_CALL: 0
BRANCH_INDIRECT_CALL: 0
BRANCH_RETURN: 0


CPU 15 cumulative IPC: 2.324 instructions: 200000001 cycles: 86040915
CPU 15 Branch Prediction Accuracy: 99.71% MPKI: 0.04019 Average ROB Occupancy at Mispredict: 483.3
Branch type MPKI
BRANCH_DIRECT_JUMP: 0
BRANCH_INDIRECT: 0
BRANCH_CONDITIONAL: 0.04019
BRANCH_DIRECT_CALL: 0
BRANCH_INDIRECT_CALL: 0
BRANCH_RETURN: 0


CPU 14 cumulative IPC: 2.331 instructions: 200000001 cycles: 85800761
CPU 14 Branch Prediction Accuracy: 99.71% MPKI: 0.04019 Average ROB Occupancy at Mispredict: 477.2
Branch type MPKI
BRANCH_DIRECT_JUMP: 0
BRANCH_INDIRECT: 0
BRANCH_CONDITIONAL: 0.04019
BRANCH_DIRECT_CALL: 0
BRANCH_INDIRECT_CALL: 0
BRANCH_RETURN: 0


CPU 13 cumulative IPC: 2.339 instructions: 200000001 cycles: 85494930
CPU 13 Branch Prediction Accuracy: 99.71% MPKI: 0.04019 Average ROB Occupancy at Mispredict: 483.4
Branch type MPKI
BRANCH_DIRECT_JUMP: 0
BRANCH_INDIRECT: 0
BRANCH_CONDITIONAL: 0.04019
BRANCH_DIRECT_CALL: 0
BRANCH_INDIRECT_CALL: 0
BRANCH_RETURN: 0


CPU 12 cumulative IPC: 2.327 instructions: 200000003 cycles: 85946214
CPU 12 Branch Prediction Accuracy: 99.71% MPKI: 0.04019 Average ROB Occupancy at Mispredict: 477.1
Branch type MPKI
BRANCH_DIRECT_JUMP: 0
BRANCH_INDIRECT: 0
BRANCH_CONDITIONAL: 0.04019
BRANCH_DIRECT_CALL: 0
BRANCH_INDIRECT_CALL: 0
BRANCH_RETURN: 0


CPU 11 cumulative IPC: 2.335 instructions: 200000007 cycles: 85656215
CPU 11 Branch Prediction Accuracy: 99.71% MPKI: 0.04019 Average ROB Occupancy at Mispredict: 479.3
Branch type MPKI
BRANCH_DIRECT_JUMP: 0
BRANCH_INDIRECT: 0
BRANCH_CONDITIONAL: 0.04019
BRANCH_DIRECT_CALL: 0
BRANCH_INDIRECT_CALL: 0
BRANCH_RETURN: 0


CPU 10 cumulative IPC: 2.327 instructions: 200000005 cycles: 85959572
CPU 10 Branch Prediction Accuracy: 99.71% MPKI: 0.04019 Average ROB Occupancy at Mispredict: 477.1
Branch type MPKI
BRANCH_DIRECT_JUMP: 0
BRANCH_INDIRECT: 0
BRANCH_CONDITIONAL: 0.04019
BRANCH_DIRECT_CALL: 0
BRANCH_INDIRECT_CALL: 0
BRANCH_RETURN: 0


CPU 1 cumulative IPC: 2.333 instructions: 200000001 cycles: 85719849
CPU 1 Branch Prediction Accuracy: 99.71% MPKI: 0.04019 Average ROB Occupancy at Mispredict: 477.2
Branch type MPKI
BRANCH_DIRECT_JUMP: 0
BRANCH_INDIRECT: 0
BRANCH_CONDITIONAL: 0.04019
BRANCH_DIRECT_CALL: 0
BRANCH_INDIRECT_CALL: 0
BRANCH_RETURN: 0


CPU 0 cumulative IPC: 2.332 instructions: 200000006 cycles: 85777282
CPU 0 Branch Prediction Accuracy: 99.71% MPKI: 0.04019 Average ROB Occupancy at Mispredict: 477.2
Branch type MPKI
BRANCH_DIRECT_JUMP: 0
BRANCH_INDIRECT: 0
BRANCH_CONDITIONAL: 0.04019
BRANCH_DIRECT_CALL: 0
BRANCH_INDIRECT_CALL: 0
BRANCH_RETURN: 0

cpu9->cpu9_STLB TOTAL        ACCESS:      11968 HIT:       7550 MISS:       4418 MSHR_MERGE:          0
cpu9->cpu9_STLB LOAD         ACCESS:      11968 HIT:       7550 MISS:       4418 MSHR_MERGE:          0
cpu9->cpu9_STLB RFO          ACCESS:          0 HIT:          0 MISS:          0 MSHR_MERGE:          0
cpu9->cpu9_STLB PREFETCH     ACCESS:          0 HIT:          0 MISS:          0 MSHR_MERGE:          0
cpu9->cpu9_STLB WRITE        ACCESS:          0 HIT:          0 MISS:          0 MSHR_MERGE:          0
cpu9->cpu9_STLB TRANSLATION  ACCESS:          0 HIT:          0 MISS:          0 MSHR_MERGE:          0
cpu9->cpu9_STLB PREFETCH REQUESTED:          0 ISSUED:          0 USEFUL:          0 USELESS:          0
cpu9->cpu9_STLB AVERAGE MISS LATENCY: 684.8 cycles
cpu9->cpu9_L2C TOTAL        ACCESS:   22926427 HIT:          0 MISS:   22926427 MSHR_MERGE:          0
cpu9->cpu9_L2C LOAD         ACCESS:   20507867 HIT:          0 MISS:   20507867 MSHR_MERGE:          0
cpu9->cpu9_L2C RFO          ACCESS:    2409715 HIT:          0 MISS:    2409715 MSHR_MERGE:          0
cpu9->cpu9_L2C PREFETCH     ACCESS:          1 HIT:          0 MISS:          1 MSHR_MERGE:          0
cpu9->cpu9_L2C WRITE        ACCESS:          0 HIT:          0 MISS:          0 MSHR_MERGE:          0
cpu9->cpu9_L2C TRANSLATION  ACCESS:       8844 HIT:          0 MISS:       8844 MSHR_MERGE:          0
cpu9->cpu9_L2C PREFETCH REQUESTED:          0 ISSUED:          0 USEFUL:          0 USELESS:          0
cpu9->cpu9_L2C AVERAGE MISS LATENCY: 18.43 cycles
cpu9->cpu9_L1I TOTAL        ACCESS:   72682256 HIT:   72682255 MISS:          1 MSHR_MERGE:          0
cpu9->cpu9_L1I LOAD         ACCESS:   36347993 HIT:   36347993 MISS:          0 MSHR_MERGE:          0
cpu9->cpu9_L1I RFO          ACCESS:          0 HIT:          0 MISS:          0 MSHR_MERGE:          0
cpu9->cpu9_L1I PREFETCH     ACCESS:   36334263 HIT:   36334262 MISS:          1 MSHR_MERGE:          0
cpu9->cpu9_L1I WRITE        ACCESS:          0 HIT:          0 MISS:          0 MSHR_MERGE:          0
cpu9->cpu9_L1I TRANSLATION  ACCESS:          0 HIT:          0 MISS:          0 MSHR_MERGE:          0
cpu9->cpu9_L1I PREFETCH REQUESTED:   36347993 ISSUED:   36334231 USEFUL:          0 USELESS:          0
cpu9->cpu9_L1I AVERAGE MISS LATENCY: - cycles
cpu9->cpu9_L1D TOTAL        ACCESS:   33801057 HIT:          0 MISS:   33801057 MSHR_MERGE:   10874632
cpu9->cpu9_L1D LOAD         ACCESS:   26734646 HIT:          0 MISS:   26734646 MSHR_MERGE:    6226780
cpu9->cpu9_L1D RFO          ACCESS:          0 HIT:          0 MISS:          0 MSHR_MERGE:          0
cpu9->cpu9_L1D PREFETCH     ACCESS:          0 HIT:          0 MISS:          0 MSHR_MERGE:          0
cpu9->cpu9_L1D WRITE        ACCESS:    7057567 HIT:          0 MISS:    7057567 MSHR_MERGE:    4647852
cpu9->cpu9_L1D TRANSLATION  ACCESS:       8844 HIT:          0 MISS:       8844 MSHR_MERGE:          0
cpu9->cpu9_L1D PREFETCH REQUESTED:          0 ISSUED:          0 USEFUL:          0 USELESS:          0
cpu9->cpu9_L1D AVERAGE MISS LATENCY: 21.43 cycles
cpu9->cpu9_ITLB TOTAL        ACCESS:   48694956 HIT:   48694956 MISS:          0 MSHR_MERGE:          0
cpu9->cpu9_ITLB LOAD         ACCESS:   48694956 HIT:   48694956 MISS:          0 MSHR_MERGE:          0
cpu9->cpu9_ITLB RFO          ACCESS:          0 HIT:          0 MISS:          0 MSHR_MERGE:          0
cpu9->cpu9_ITLB PREFETCH     ACCESS:          0 HIT:          0 MISS:          0 MSHR_MERGE:          0
cpu9->cpu9_ITLB WRITE        ACCESS:          0 HIT:          0 MISS:          0 MSHR_MERGE:          0
cpu9->cpu9_ITLB TRANSLATION  ACCESS:          0 HIT:          0 MISS:          0 MSHR_MERGE:          0
cpu9->cpu9_ITLB PREFETCH REQUESTED:          0 ISSUED:          0 USEFUL:          0 USELESS:          0
cpu9->cpu9_ITLB AVERAGE MISS LATENCY: - cycles
cpu9->cpu9_DTLB TOTAL        ACCESS:   33703203 HIT:   33661861 MISS:      41342 MSHR_MERGE:      29374
cpu9->cpu9_DTLB LOAD         ACCESS:   33703203 HIT:   33661861 MISS:      41342 MSHR_MERGE:      29374
cpu9->cpu9_DTLB RFO          ACCESS:          0 HIT:          0 MISS:          0 MSHR_MERGE:          0
cpu9->cpu9_DTLB PREFETCH     ACCESS:          0 HIT:          0 MISS:          0 MSHR_MERGE:          0
cpu9->cpu9_DTLB WRITE        ACCESS:          0 HIT:          0 MISS:          0 MSHR_MERGE:          0
cpu9->cpu9_DTLB TRANSLATION  ACCESS:          0 HIT:          0 MISS:          0 MSHR_MERGE:          0
cpu9->cpu9_DTLB PREFETCH REQUESTED:          0 ISSUED:          0 USEFUL:          0 USELESS:          0
cpu9->cpu9_DTLB AVERAGE MISS LATENCY: 258.2 cycles
cpu8->cpu8_STLB TOTAL        ACCESS:      12100 HIT:       7637 MISS:       4463 MSHR_MERGE:          0
cpu8->cpu8_STLB LOAD         ACCESS:      12100 HIT:       7637 MISS:       4463 MSHR_MERGE:          0
cpu8->cpu8_STLB RFO          ACCESS:          0 HIT:          0 MISS:          0 MSHR_MERGE:          0
cpu8->cpu8_STLB PREFETCH     ACCESS:          0 HIT:          0 MISS:          0 MSHR_MERGE:          0
cpu8->cpu8_STLB WRITE        ACCESS:          0 HIT:          0 MISS:          0 MSHR_MERGE:          0
cpu8->cpu8_STLB TRANSLATION  ACCESS:          0 HIT:          0 MISS:          0 MSHR_MERGE:          0
cpu8->cpu8_STLB PREFETCH REQUESTED:          0 ISSUED:          0 USEFUL:          0 USELESS:          0
cpu8->cpu8_STLB AVERAGE MISS LATENCY: 691.2 cycles
cpu8->cpu8_L2C TOTAL        ACCESS:   23136868 HIT:          0 MISS:   23136868 MSHR_MERGE:          0
cpu8->cpu8_L2C LOAD         ACCESS:   20722159 HIT:          0 MISS:   20722159 MSHR_MERGE:          0
cpu8->cpu8_L2C RFO          ACCESS:    2405774 HIT:          0 MISS:    2405774 MSHR_MERGE:          0
cpu8->cpu8_L2C PREFETCH     ACCESS:          1 HIT:          0 MISS:          1 MSHR_MERGE:          0
cpu8->cpu8_L2C WRITE        ACCESS:          0 HIT:          0 MISS:          0 MSHR_MERGE:          0
cpu8->cpu8_L2C TRANSLATION  ACCESS:       8934 HIT:          0 MISS:       8934 MSHR_MERGE:          0
cpu8->cpu8_L2C PREFETCH REQUESTED:          0 ISSUED:          0 USEFUL:          0 USELESS:          0
cpu8->cpu8_L2C AVERAGE MISS LATENCY: 18.12 cycles
cpu8->cpu8_L1I TOTAL        ACCESS:   73619486 HIT:   73619485 MISS:          1 MSHR_MERGE:          0
cpu8->cpu8_L1I LOAD         ACCESS:   36815834 HIT:   36815834 MISS:          0 MSHR_MERGE:          0
cpu8->cpu8_L1I RFO          ACCESS:          0 HIT:          0 MISS:          0 MSHR_MERGE:          0
cpu8->cpu8_L1I PREFETCH     ACCESS:   36803652 HIT:   36803651 MISS:          1 MSHR_MERGE:          0
cpu8->cpu8_L1I WRITE        ACCESS:          0 HIT:          0 MISS:          0 MSHR_MERGE:          0
cpu8->cpu8_L1I TRANSLATION  ACCESS:          0 HIT:          0 MISS:          0 MSHR_MERGE:          0
cpu8->cpu8_L1I PREFETCH REQUESTED:   36815834 ISSUED:   36803628 USEFUL:          0 USELESS:          0
cpu8->cpu8_L1I AVERAGE MISS LATENCY: - cycles
cpu8->cpu8_L1D TOTAL        ACCESS:   34260318 HIT:          0 MISS:   34260318 MSHR_MERGE:   11123453
cpu8->cpu8_L1D LOAD         ACCESS:   27110504 HIT:          0 MISS:   27110504 MSHR_MERGE:    6388346
cpu8->cpu8_L1D RFO          ACCESS:          0 HIT:          0 MISS:          0 MSHR_MERGE:          0
cpu8->cpu8_L1D PREFETCH     ACCESS:          0 HIT:          0 MISS:          0 MSHR_MERGE:          0
cpu8->cpu8_L1D WRITE        ACCESS:    7140880 HIT:          0 MISS:    7140880 MSHR_MERGE:    4735107
cpu8->cpu8_L1D TRANSLATION  ACCESS:       8934 HIT:          0 MISS:       8934 MSHR_MERGE:          0
cpu8->cpu8_L1D PREFETCH REQUESTED:          0 ISSUED:          0 USEFUL:          0 USELESS:          0
cpu8->cpu8_L1D AVERAGE MISS LATENCY: 21.13 cycles
cpu8->cpu8_ITLB TOTAL        ACCESS:   49779778 HIT:   49779778 MISS:          0 MSHR_MERGE:          0
cpu8->cpu8_ITLB LOAD         ACCESS:   49779778 HIT:   49779778 MISS:          0 MSHR_MERGE:          0
cpu8->cpu8_ITLB RFO          ACCESS:          0 HIT:          0 MISS:          0 MSHR_MERGE:          0
cpu8->cpu8_ITLB PREFETCH     ACCESS:          0 HIT:          0 MISS:          0 MSHR_MERGE:          0
cpu8->cpu8_ITLB WRITE        ACCESS:          0 HIT:          0 MISS:          0 MSHR_MERGE:          0
cpu8->cpu8_ITLB TRANSLATION  ACCESS:          0 HIT:          0 MISS:          0 MSHR_MERGE:          0
cpu8->cpu8_ITLB PREFETCH REQUESTED:          0 ISSUED:          0 USEFUL:          0 USELESS:          0
cpu8->cpu8_ITLB AVERAGE MISS LATENCY: - cycles
cpu8->cpu8_DTLB TOTAL        ACCESS:   34185155 HIT:   34143254 MISS:      41901 MSHR_MERGE:      29801
cpu8->cpu8_DTLB LOAD         ACCESS:   34185155 HIT:   34143254 MISS:      41901 MSHR_MERGE:      29801
cpu8->cpu8_DTLB RFO          ACCESS:          0 HIT:          0 MISS:          0 MSHR_MERGE:          0
cpu8->cpu8_DTLB PREFETCH     ACCESS:          0 HIT:          0 MISS:          0 MSHR_MERGE:          0
cpu8->cpu8_DTLB WRITE        ACCESS:          0 HIT:          0 MISS:          0 MSHR_MERGE:          0
cpu8->cpu8_DTLB TRANSLATION  ACCESS:          0 HIT:          0 MISS:          0 MSHR_MERGE:          0
cpu8->cpu8_DTLB PREFETCH REQUESTED:          0 ISSUED:          0 USEFUL:          0 USELESS:          0
cpu8->cpu8_DTLB AVERAGE MISS LATENCY: 260.3 cycles
cpu7->cpu7_STLB TOTAL        ACCESS:      12099 HIT:       7636 MISS:       4463 MSHR_MERGE:          0
cpu7->cpu7_STLB LOAD         ACCESS:      12099 HIT:       7636 MISS:       4463 MSHR_MERGE:          0
cpu7->cpu7_STLB RFO          ACCESS:          0 HIT:          0 MISS:          0 MSHR_MERGE:          0
cpu7->cpu7_STLB PREFETCH     ACCESS:          0 HIT:          0 MISS:          0 MSHR_MERGE:          0
cpu7->cpu7_STLB WRITE        ACCESS:          0 HIT:          0 MISS:          0 MSHR_MERGE:          0
cpu7->cpu7_STLB TRANSLATION  ACCESS:          0 HIT:          0 MISS:          0 MSHR_MERGE:          0
cpu7->cpu7_STLB PREFETCH REQUESTED:          0 ISSUED:          0 USEFUL:          0 USELESS:          0
cpu7->cpu7_STLB AVERAGE MISS LATENCY: 692.4 cycles
cpu7->cpu7_L2C TOTAL        ACCESS:   23138383 HIT:          0 MISS:   23138383 MSHR_MERGE:          0
cpu7->cpu7_L2C LOAD         ACCESS:   20689040 HIT:          0 MISS:   20689040 MSHR_MERGE:          0
cpu7->cpu7_L2C RFO          ACCESS:    2440408 HIT:          0 MISS:    2440408 MSHR_MERGE:          0
cpu7->cpu7_L2C PREFETCH     ACCESS:          1 HIT:          0 MISS:          1 MSHR_MERGE:          0
cpu7->cpu7_L2C WRITE        ACCESS:          0 HIT:          0 MISS:          0 MSHR_MERGE:          0
cpu7->cpu7_L2C TRANSLATION  ACCESS:       8934 HIT:          0 MISS:       8934 MSHR_MERGE:          0
cpu7->cpu7_L2C PREFETCH REQUESTED:          0 ISSUED:          0 USEFUL:          0 USELESS:          0
cpu7->cpu7_L2C AVERAGE MISS LATENCY: 18.12 cycles
cpu7->cpu7_L1I TOTAL        ACCESS:   73396567 HIT:   73396566 MISS:          1 MSHR_MERGE:          0
cpu7->cpu7_L1I LOAD         ACCESS:   36704457 HIT:   36704457 MISS:          0 MSHR_MERGE:          0
cpu7->cpu7_L1I RFO          ACCESS:          0 HIT:          0 MISS:          0 MSHR_MERGE:          0
cpu7->cpu7_L1I PREFETCH     ACCESS:   36692110 HIT:   36692109 MISS:          1 MSHR_MERGE:          0
cpu7->cpu7_L1I WRITE        ACCESS:          0 HIT:          0 MISS:          0 MSHR_MERGE:          0
cpu7->cpu7_L1I TRANSLATION  ACCESS:          0 HIT:          0 MISS:          0 MSHR_MERGE:          0
cpu7->cpu7_L1I PREFETCH REQUESTED:   36704457 ISSUED:   36692089 USEFUL:          0 USELESS:          0
cpu7->cpu7_L1I AVERAGE MISS LATENCY: - cycles
cpu7->cpu7_L1D TOTAL        ACCESS:   34027997 HIT:          0 MISS:   34027997 MSHR_MERGE:   10889615
cpu7->cpu7_L1D LOAD         ACCESS:   26879041 HIT:          0 MISS:   26879041 MSHR_MERGE:    6190001
cpu7->cpu7_L1D RFO          ACCESS:          0 HIT:          0 MISS:          0 MSHR_MERGE:          0
cpu7->cpu7_L1D PREFETCH     ACCESS:          0 HIT:          0 MISS:          0 MSHR_MERGE:          0
cpu7->cpu7_L1D WRITE        ACCESS:    7140022 HIT:          0 MISS:    7140022 MSHR_MERGE:    4699614
cpu7->cpu7_L1D TRANSLATION  ACCESS:       8934 HIT:          0 MISS:       8934 MSHR_MERGE:          0
cpu7->cpu7_L1D PREFETCH REQUESTED:          0 ISSUED:          0 USEFUL:          0 USELESS:          0
cpu7->cpu7_L1D AVERAGE MISS LATENCY: 21.13 cycles
cpu7->cpu7_ITLB TOTAL        ACCESS:   49607206 HIT:   49607206 MISS:          0 MSHR_MERGE:          0
cpu7->cpu7_ITLB LOAD         ACCESS:   49607206 HIT:   49607206 MISS:          0 MSHR_MERGE:          0
cpu7->cpu7_ITLB RFO          ACCESS:          0 HIT:          0 MISS:          0 MSHR_MERGE:          0
cpu7->cpu7_ITLB PREFETCH     ACCESS:          0 HIT:          0 MISS:          0 MSHR_MERGE:          0
cpu7->cpu7_ITLB WRITE        ACCESS:          0 HIT:          0 MISS:          0 MSHR_MERGE:          0
cpu7->cpu7_ITLB TRANSLATION  ACCESS:          0 HIT:          0 MISS:          0 MSHR_MERGE:          0
cpu7->cpu7_ITLB PREFETCH REQUESTED:          0 ISSUED:          0 USEFUL:          0 USELESS:          0
cpu7->cpu7_ITLB AVERAGE MISS LATENCY: - cycles
cpu7->cpu7_DTLB TOTAL        ACCESS:   34016056 HIT:   33974127 MISS:      41929 MSHR_MERGE:      29830
cpu7->cpu7_DTLB LOAD         ACCESS:   34016056 HIT:   33974127 MISS:      41929 MSHR_MERGE:      29830
cpu7->cpu7_DTLB RFO          ACCESS:          0 HIT:          0 MISS:          0 MSHR_MERGE:          0
cpu7->cpu7_DTLB PREFETCH     ACCESS:          0 HIT:          0 MISS:          0 MSHR_MERGE:          0
cpu7->cpu7_DTLB WRITE        ACCESS:          0 HIT:          0 MISS:          0 MSHR_MERGE:          0
cpu7->cpu7_DTLB TRANSLATION  ACCESS:          0 HIT:          0 MISS:          0 MSHR_MERGE:          0
cpu7->cpu7_DTLB PREFETCH REQUESTED:          0 ISSUED:          0 USEFUL:          0 USELESS:          0
cpu7->cpu7_DTLB AVERAGE MISS LATENCY: 260.8 cycles
cpu6->cpu6_STLB TOTAL        ACCESS:      11873 HIT:       7495 MISS:       4378 MSHR_MERGE:          0
cpu6->cpu6_STLB LOAD         ACCESS:      11873 HIT:       7495 MISS:       4378 MSHR_MERGE:          0
cpu6->cpu6_STLB RFO          ACCESS:          0 HIT:          0 MISS:          0 MSHR_MERGE:          0
cpu6->cpu6_STLB PREFETCH     ACCESS:          0 HIT:          0 MISS:          0 MSHR_MERGE:          0
cpu6->cpu6_STLB WRITE        ACCESS:          0 HIT:          0 MISS:          0 MSHR_MERGE:          0
cpu6->cpu6_STLB TRANSLATION  ACCESS:          0 HIT:          0 MISS:          0 MSHR_MERGE:          0
cpu6->cpu6_STLB PREFETCH REQUESTED:          0 ISSUED:          0 USEFUL:          0 USELESS:          0
cpu6->cpu6_STLB AVERAGE MISS LATENCY: 690.6 cycles
cpu6->cpu6_L2C TOTAL        ACCESS:   22611738 HIT:          0 MISS:   22611738 MSHR_MERGE:          0
cpu6->cpu6_L2C LOAD         ACCESS:   20240273 HIT:          0 MISS:   20240273 MSHR_MERGE:          0
cpu6->cpu6_L2C RFO          ACCESS:    2362700 HIT:          0 MISS:    2362700 MSHR_MERGE:          0
cpu6->cpu6_L2C PREFETCH     ACCESS:          1 HIT:          0 MISS:          1 MSHR_MERGE:          0
cpu6->cpu6_L2C WRITE        ACCESS:          0 HIT:          0 MISS:          0 MSHR_MERGE:          0
cpu6->cpu6_L2C TRANSLATION  ACCESS:       8764 HIT:          0 MISS:       8764 MSHR_MERGE:          0
cpu6->cpu6_L2C PREFETCH REQUESTED:          0 ISSUED:          0 USEFUL:          0 USELESS:          0
cpu6->cpu6_L2C AVERAGE MISS LATENCY: 18.44 cycles
cpu6->cpu6_L1I TOTAL        ACCESS:   72198018 HIT:   72198017 MISS:          1 MSHR_MERGE:          0
cpu6->cpu6_L1I LOAD         ACCESS:   36105058 HIT:   36105058 MISS:          0 MSHR_MERGE:          0
cpu6->cpu6_L1I RFO          ACCESS:          0 HIT:          0 MISS:          0 MSHR_MERGE:          0
cpu6->cpu6_L1I PREFETCH     ACCESS:   36092960 HIT:   36092959 MISS:          1 MSHR_MERGE:          0
cpu6->cpu6_L1I WRITE        ACCESS:          0 HIT:          0 MISS:          0 MSHR_MERGE:          0
cpu6->cpu6_L1I TRANSLATION  ACCESS:          0 HIT:          0 MISS:          0 MSHR_MERGE:          0
cpu6->cpu6_L1I PREFETCH REQUESTED:   36105058 ISSUED:   36092934 USEFUL:          0 USELESS:          0
cpu6->cpu6_L1I AVERAGE MISS LATENCY: - cycles
cpu6->cpu6_L1D TOTAL        ACCESS:   33579914 HIT:          0 MISS:   33579914 MSHR_MERGE:   10968177
cpu6->cpu6_L1D LOAD         ACCESS:   26564031 HIT:          0 MISS:   26564031 MSHR_MERGE:    6323758
cpu6->cpu6_L1D RFO          ACCESS:          0 HIT:          0 MISS:          0 MSHR_MERGE:          0
cpu6->cpu6_L1D PREFETCH     ACCESS:          0 HIT:          0 MISS:          0 MSHR_MERGE:          0
cpu6->cpu6_L1D WRITE        ACCESS:    7007119 HIT:          0 MISS:    7007119 MSHR_MERGE:    4644419
cpu6->cpu6_L1D TRANSLATION  ACCESS:       8764 HIT:          0 MISS:       8764 MSHR_MERGE:          0
cpu6->cpu6_L1D PREFETCH REQUESTED:          0 ISSUED:          0 USEFUL:          0 USELESS:          0
cpu6->cpu6_L1D AVERAGE MISS LATENCY: 21.45 cycles
cpu6->cpu6_ITLB TOTAL        ACCESS:   48339646 HIT:   48339646 MISS:          0 MSHR_MERGE:          0
cpu6->cpu6_ITLB LOAD         ACCESS:   48339646 HIT:   48339646 MISS:          0 MSHR_MERGE:          0
cpu6->cpu6_ITLB RFO          ACCESS:          0 HIT:          0 MISS:          0 MSHR_MERGE:          0
cpu6->cpu6_ITLB PREFETCH     ACCESS:          0 HIT:          0 MISS:          0 MSHR_MERGE:          0
cpu6->cpu6_ITLB WRITE        ACCESS:          0 HIT:          0 MISS:          0 MSHR_MERGE:          0
cpu6->cpu6_ITLB TRANSLATION  ACCESS:          0 HIT:          0 MISS:          0 MSHR_MERGE:          0
cpu6->cpu6_ITLB PREFETCH REQUESTED:          0 ISSUED:          0 USEFUL:          0 USELESS:          0
cpu6->cpu6_ITLB AVERAGE MISS LATENCY: - cycles
cpu6->cpu6_DTLB TOTAL        ACCESS:   33568701 HIT:   33527295 MISS:      41406 MSHR_MERGE:      29533
cpu6->cpu6_DTLB LOAD         ACCESS:   33568701 HIT:   33527295 MISS:      41406 MSHR_MERGE:      29533
cpu6->cpu6_DTLB RFO          ACCESS:          0 HIT:          0 MISS:          0 MSHR_MERGE:          0
cpu6->cpu6_DTLB PREFETCH     ACCESS:          0 HIT:          0 MISS:          0 MSHR_MERGE:          0
cpu6->cpu6_DTLB WRITE        ACCESS:          0 HIT:          0 MISS:          0 MSHR_MERGE:          0
cpu6->cpu6_DTLB TRANSLATION  ACCESS:          0 HIT:          0 MISS:          0 MSHR_MERGE:          0
cpu6->cpu6_DTLB PREFETCH REQUESTED:          0 ISSUED:          0 USEFUL:          0 USELESS:          0
cpu6->cpu6_DTLB AVERAGE MISS LATENCY: 260 cycles
cpu5->cpu5_STLB TOTAL        ACCESS:      12142 HIT:       7661 MISS:       4481 MSHR_MERGE:          0
cpu5->cpu5_STLB LOAD         ACCESS:      12142 HIT:       7661 MISS:       4481 MSHR_MERGE:          0
cpu5->cpu5_STLB RFO          ACCESS:          0 HIT:          0 MISS:          0 MSHR_MERGE:          0
cpu5->cpu5_STLB PREFETCH     ACCESS:          0 HIT:          0 MISS:          0 MSHR_MERGE:          0
cpu5->cpu5_STLB WRITE        ACCESS:          0 HIT:          0 MISS:          0 MSHR_MERGE:          0
cpu5->cpu5_STLB TRANSLATION  ACCESS:          0 HIT:          0 MISS:          0 MSHR_MERGE:          0
cpu5->cpu5_STLB PREFETCH REQUESTED:          0 ISSUED:          0 USEFUL:          0 USELESS:          0
cpu5->cpu5_STLB AVERAGE MISS LATENCY: 691 cycles
cpu5->cpu5_L2C TOTAL        ACCESS:   23174654 HIT:          0 MISS:   23174654 MSHR_MERGE:          0
cpu5->cpu5_L2C LOAD         ACCESS:   20693595 HIT:          0 MISS:   20693595 MSHR_MERGE:          0
cpu5->cpu5_L2C RFO          ACCESS:    2472088 HIT:          0 MISS:    2472088 MSHR_MERGE:          0
cpu5->cpu5_L2C PREFETCH     ACCESS:          1 HIT:          0 MISS:          1 MSHR_MERGE:          0
cpu5->cpu5_L2C WRITE        ACCESS:          0 HIT:          0 MISS:          0 MSHR_MERGE:          0
cpu5->cpu5_L2C TRANSLATION  ACCESS:       8970 HIT:          0 MISS:       8970 MSHR_MERGE:          0
cpu5->cpu5_L2C PREFETCH REQUESTED:          0 ISSUED:          0 USEFUL:          0 USELESS:          0
cpu5->cpu5_L2C AVERAGE MISS LATENCY: 18.12 cycles
cpu5->cpu5_L1I TOTAL        ACCESS:   73261714 HIT:   73261713 MISS:          1 MSHR_MERGE:          0
cpu5->cpu5_L1I LOAD         ACCESS:   36637045 HIT:   36637045 MISS:          0 MSHR_MERGE:          0
cpu5->cpu5_L1I RFO          ACCESS:          0 HIT:          0 MISS:          0 MSHR_MERGE:          0
cpu5->cpu5_L1I PREFETCH     ACCESS:   36624669 HIT:   36624668 MISS:          1 MSHR_MERGE:          0
cpu5->cpu5_L1I WRITE        ACCESS:          0 HIT:          0 MISS:          0 MSHR_MERGE:          0
cpu5->cpu5_L1I TRANSLATION  ACCESS:          0 HIT:          0 MISS:          0 MSHR_MERGE:          0
cpu5->cpu5_L1I PREFETCH REQUESTED:   36637045 ISSUED:   36624645 USEFUL:          0 USELESS:          0
cpu5->cpu5_L1I AVERAGE MISS LATENCY: - cycles
cpu5->cpu5_L1D TOTAL        ACCESS:   34040952 HIT:          0 MISS:   34040952 MSHR_MERGE:   10866299
cpu5->cpu5_L1D LOAD         ACCESS:   26870466 HIT:          0 MISS:   26870466 MSHR_MERGE:    6176870
cpu5->cpu5_L1D RFO          ACCESS:          0 HIT:          0 MISS:          0 MSHR_MERGE:          0
cpu5->cpu5_L1D PREFETCH     ACCESS:          0 HIT:          0 MISS:          0 MSHR_MERGE:          0
cpu5->cpu5_L1D WRITE        ACCESS:    7161516 HIT:          0 MISS:    7161516 MSHR_MERGE:    4689429
cpu5->cpu5_L1D TRANSLATION  ACCESS:       8970 HIT:          0 MISS:       8970 MSHR_MERGE:          0
cpu5->cpu5_L1D PREFETCH REQUESTED:          0 ISSUED:          0 USEFUL:          0 USELESS:          0
cpu5->cpu5_L1D AVERAGE MISS LATENCY: 21.13 cycles
cpu5->cpu5_ITLB TOTAL        ACCESS:   49188314 HIT:   49188314 MISS:          0 MSHR_MERGE:          0
cpu5->cpu5_ITLB LOAD         ACCESS:   49188314 HIT:   49188314 MISS:          0 MSHR_MERGE:          0
cpu5->cpu5_ITLB RFO          ACCESS:          0 HIT:          0 MISS:          0 MSHR_MERGE:          0
cpu5->cpu5_ITLB PREFETCH     ACCESS:          0 HIT:          0 MISS:          0 MSHR_MERGE:          0
cpu5->cpu5_ITLB WRITE        ACCESS:          0 HIT:          0 MISS:          0 MSHR_MERGE:          0
cpu5->cpu5_ITLB TRANSLATION  ACCESS:          0 HIT:          0 MISS:          0 MSHR_MERGE:          0
cpu5->cpu5_ITLB PREFETCH REQUESTED:          0 ISSUED:          0 USEFUL:          0 USELESS:          0
cpu5->cpu5_ITLB AVERAGE MISS LATENCY: - cycles
cpu5->cpu5_DTLB TOTAL        ACCESS:   34029710 HIT:   33987762 MISS:      41948 MSHR_MERGE:      29806
cpu5->cpu5_DTLB LOAD         ACCESS:   34029710 HIT:   33987762 MISS:      41948 MSHR_MERGE:      29806
cpu5->cpu5_DTLB RFO          ACCESS:          0 HIT:          0 MISS:          0 MSHR_MERGE:          0
cpu5->cpu5_DTLB PREFETCH     ACCESS:          0 HIT:          0 MISS:          0 MSHR_MERGE:          0
cpu5->cpu5_DTLB WRITE        ACCESS:          0 HIT:          0 MISS:          0 MSHR_MERGE:          0
cpu5->cpu5_DTLB TRANSLATION  ACCESS:          0 HIT:          0 MISS:          0 MSHR_MERGE:          0
cpu5->cpu5_DTLB PREFETCH REQUESTED:          0 ISSUED:          0 USEFUL:          0 USELESS:          0
cpu5->cpu5_DTLB AVERAGE MISS LATENCY: 260.4 cycles
cpu4->cpu4_STLB TOTAL        ACCESS:      12090 HIT:       7627 MISS:       4463 MSHR_MERGE:          0
cpu4->cpu4_STLB LOAD         ACCESS:      12090 HIT:       7627 MISS:       4463 MSHR_MERGE:          0
cpu4->cpu4_STLB RFO          ACCESS:          0 HIT:          0 MISS:          0 MSHR_MERGE:          0
cpu4->cpu4_STLB PREFETCH     ACCESS:          0 HIT:          0 MISS:          0 MSHR_MERGE:          0
cpu4->cpu4_STLB WRITE        ACCESS:          0 HIT:          0 MISS:          0 MSHR_MERGE:          0
cpu4->cpu4_STLB TRANSLATION  ACCESS:          0 HIT:          0 MISS:          0 MSHR_MERGE:          0
cpu4->cpu4_STLB PREFETCH REQUESTED:          0 ISSUED:          0 USEFUL:          0 USELESS:          0
cpu4->cpu4_STLB AVERAGE MISS LATENCY: 694.4 cycles
cpu4->cpu4_L2C TOTAL        ACCESS:   23069983 HIT:          0 MISS:   23069983 MSHR_MERGE:          0
cpu4->cpu4_L2C LOAD         ACCESS:   20601069 HIT:          0 MISS:   20601069 MSHR_MERGE:          0
cpu4->cpu4_L2C RFO          ACCESS:    2459979 HIT:          0 MISS:    2459979 MSHR_MERGE:          0
cpu4->cpu4_L2C PREFETCH     ACCESS:          1 HIT:          0 MISS:          1 MSHR_MERGE:          0
cpu4->cpu4_L2C WRITE        ACCESS:          0 HIT:          0 MISS:          0 MSHR_MERGE:          0
cpu4->cpu4_L2C TRANSLATION  ACCESS:       8934 HIT:          0 MISS:       8934 MSHR_MERGE:          0
cpu4->cpu4_L2C PREFETCH REQUESTED:          0 ISSUED:          0 USEFUL:          0 USELESS:          0
cpu4->cpu4_L2C AVERAGE MISS LATENCY: 18.16 cycles
cpu4->cpu4_L1I TOTAL        ACCESS:   72884901 HIT:   72884900 MISS:          1 MSHR_MERGE:          0
cpu4->cpu4_L1I LOAD         ACCESS:   36447939 HIT:   36447939 MISS:          0 MSHR_MERGE:          0
cpu4->cpu4_L1I RFO          ACCESS:          0 HIT:          0 MISS:          0 MSHR_MERGE:          0
cpu4->cpu4_L1I PREFETCH     ACCESS:   36436962 HIT:   36436961 MISS:          1 MSHR_MERGE:          0
cpu4->cpu4_L1I WRITE        ACCESS:          0 HIT:          0 MISS:          0 MSHR_MERGE:          0
cpu4->cpu4_L1I TRANSLATION  ACCESS:          0 HIT:          0 MISS:          0 MSHR_MERGE:          0
cpu4->cpu4_L1I PREFETCH REQUESTED:   36447939 ISSUED:   36436934 USEFUL:          0 USELESS:          0
cpu4->cpu4_L1I AVERAGE MISS LATENCY: - cycles
cpu4->cpu4_L1D TOTAL        ACCESS:   33905147 HIT:          0 MISS:   33905147 MSHR_MERGE:   10835165
cpu4->cpu4_L1D LOAD         ACCESS:   26764447 HIT:          0 MISS:   26764447 MSHR_MERGE:    6163377
cpu4->cpu4_L1D RFO          ACCESS:          0 HIT:          0 MISS:          0 MSHR_MERGE:          0
cpu4->cpu4_L1D PREFETCH     ACCESS:          0 HIT:          0 MISS:          0 MSHR_MERGE:          0
cpu4->cpu4_L1D WRITE        ACCESS:    7131766 HIT:          0 MISS:    7131766 MSHR_MERGE:    4671788
cpu4->cpu4_L1D TRANSLATION  ACCESS:       8934 HIT:          0 MISS:       8934 MSHR_MERGE:          0
cpu4->cpu4_L1D PREFETCH REQUESTED:          0 ISSUED:          0 USEFUL:          0 USELESS:          0
cpu4->cpu4_L1D AVERAGE MISS LATENCY: 21.16 cycles
cpu4->cpu4_ITLB TOTAL        ACCESS:   49117906 HIT:   49117906 MISS:          0 MSHR_MERGE:          0
cpu4->cpu4_ITLB LOAD         ACCESS:   49117906 HIT:   49117906 MISS:          0 MSHR_MERGE:          0
cpu4->cpu4_ITLB RFO          ACCESS:          0 HIT:          0 MISS:          0 MSHR_MERGE:          0
cpu4->cpu4_ITLB PREFETCH     ACCESS:          0 HIT:          0 MISS:          0 MSHR_MERGE:          0
cpu4->cpu4_ITLB WRITE        ACCESS:          0 HIT:          0 MISS:          0 MSHR_MERGE:          0
cpu4->cpu4_ITLB TRANSLATION  ACCESS:          0 HIT:          0 MISS:          0 MSHR_MERGE:          0
cpu4->cpu4_ITLB PREFETCH REQUESTED:          0 ISSUED:          0 USEFUL:          0 USELESS:          0
cpu4->cpu4_ITLB AVERAGE MISS LATENCY: - cycles
cpu4->cpu4_DTLB TOTAL        ACCESS:   33893978 HIT:   33851849 MISS:      42129 MSHR_MERGE:      30039
cpu4->cpu4_DTLB LOAD         ACCESS:   33893978 HIT:   33851849 MISS:      42129 MSHR_MERGE:      30039
cpu4->cpu4_DTLB RFO          ACCESS:          0 HIT:          0 MISS:          0 MSHR_MERGE:          0
cpu4->cpu4_DTLB PREFETCH     ACCESS:          0 HIT:          0 MISS:          0 MSHR_MERGE:          0
cpu4->cpu4_DTLB WRITE        ACCESS:          0 HIT:          0 MISS:          0 MSHR_MERGE:          0
cpu4->cpu4_DTLB TRANSLATION  ACCESS:          0 HIT:          0 MISS:          0 MSHR_MERGE:          0
cpu4->cpu4_DTLB PREFETCH REQUESTED:          0 ISSUED:          0 USEFUL:          0 USELESS:          0
cpu4->cpu4_DTLB AVERAGE MISS LATENCY: 261.7 cycles
cpu3->cpu3_STLB TOTAL        ACCESS:      12124 HIT:       7652 MISS:       4472 MSHR_MERGE:          0
cpu3->cpu3_STLB LOAD         ACCESS:      12124 HIT:       7652 MISS:       4472 MSHR_MERGE:          0
cpu3->cpu3_STLB RFO          ACCESS:          0 HIT:          0 MISS:          0 MSHR_MERGE:          0
cpu3->cpu3_STLB PREFETCH     ACCESS:          0 HIT:          0 MISS:          0 MSHR_MERGE:          0
cpu3->cpu3_STLB WRITE        ACCESS:          0 HIT:          0 MISS:          0 MSHR_MERGE:          0
cpu3->cpu3_STLB TRANSLATION  ACCESS:          0 HIT:          0 MISS:          0 MSHR_MERGE:          0
cpu3->cpu3_STLB PREFETCH REQUESTED:          0 ISSUED:          0 USEFUL:          0 USELESS:          0
cpu3->cpu3_STLB AVERAGE MISS LATENCY: 687.9 cycles
cpu3->cpu3_L2C TOTAL        ACCESS:   23154434 HIT:          0 MISS:   23154434 MSHR_MERGE:          0
cpu3->cpu3_L2C LOAD         ACCESS:   20676056 HIT:          0 MISS:   20676056 MSHR_MERGE:          0
cpu3->cpu3_L2C RFO          ACCESS:    2469425 HIT:          0 MISS:    2469425 MSHR_MERGE:          0
cpu3->cpu3_L2C PREFETCH     ACCESS:          1 HIT:          0 MISS:          1 MSHR_MERGE:          0
cpu3->cpu3_L2C WRITE        ACCESS:          0 HIT:          0 MISS:          0 MSHR_MERGE:          0
cpu3->cpu3_L2C TRANSLATION  ACCESS:       8952 HIT:          0 MISS:       8952 MSHR_MERGE:          0
cpu3->cpu3_L2C PREFETCH REQUESTED:          0 ISSUED:          0 USEFUL:          0 USELESS:          0
cpu3->cpu3_L2C AVERAGE MISS LATENCY: 18.12 cycles
cpu3->cpu3_L1I TOTAL        ACCESS:   73207272 HIT:   73207271 MISS:          1 MSHR_MERGE:          0
cpu3->cpu3_L1I LOAD         ACCESS:   36609812 HIT:   36609812 MISS:          0 MSHR_MERGE:          0
cpu3->cpu3_L1I RFO          ACCESS:          0 HIT:          0 MISS:          0 MSHR_MERGE:          0
cpu3->cpu3_L1I PREFETCH     ACCESS:   36597460 HIT:   36597459 MISS:          1 MSHR_MERGE:          0
cpu3->cpu3_L1I WRITE        ACCESS:          0 HIT:          0 MISS:          0 MSHR_MERGE:          0
cpu3->cpu3_L1I TRANSLATION  ACCESS:          0 HIT:          0 MISS:          0 MSHR_MERGE:          0
cpu3->cpu3_L1I PREFETCH REQUESTED:   36609812 ISSUED:   36597440 USEFUL:          0 USELESS:          0
cpu3->cpu3_L1I AVERAGE MISS LATENCY: - cycles
cpu3->cpu3_L1D TOTAL        ACCESS:   34013709 HIT:          0 MISS:   34013709 MSHR_MERGE:   10859276
cpu3->cpu3_L1D LOAD         ACCESS:   26849037 HIT:          0 MISS:   26849037 MSHR_MERGE:    6172981
cpu3->cpu3_L1D RFO          ACCESS:          0 HIT:          0 MISS:          0 MSHR_MERGE:          0
cpu3->cpu3_L1D PREFETCH     ACCESS:          0 HIT:          0 MISS:          0 MSHR_MERGE:          0
cpu3->cpu3_L1D WRITE        ACCESS:    7155720 HIT:          0 MISS:    7155720 MSHR_MERGE:    4686295
cpu3->cpu3_L1D TRANSLATION  ACCESS:       8952 HIT:          0 MISS:       8952 MSHR_MERGE:          0
cpu3->cpu3_L1D PREFETCH REQUESTED:          0 ISSUED:          0 USEFUL:          0 USELESS:          0
cpu3->cpu3_L1D AVERAGE MISS LATENCY: 21.13 cycles
cpu3->cpu3_ITLB TOTAL        ACCESS:   49164227 HIT:   49164227 MISS:          0 MSHR_MERGE:          0
cpu3->cpu3_ITLB LOAD         ACCESS:   49164227 HIT:   49164227 MISS:          0 MSHR_MERGE:          0
cpu3->cpu3_ITLB RFO          ACCESS:          0 HIT:          0 MISS:          0 MSHR_MERGE:          0
cpu3->cpu3_ITLB PREFETCH     ACCESS:          0 HIT:          0 MISS:          0 MSHR_MERGE:          0
cpu3->cpu3_ITLB WRITE        ACCESS:          0 HIT:          0 MISS:          0 MSHR_MERGE:          0
cpu3->cpu3_ITLB TRANSLATION  ACCESS:          0 HIT:          0 MISS:          0 MSHR_MERGE:          0
cpu3->cpu3_ITLB PREFETCH REQUESTED:          0 ISSUED:          0 USEFUL:          0 USELESS:          0
cpu3->cpu3_ITLB AVERAGE MISS LATENCY: - cycles
cpu3->cpu3_DTLB TOTAL        ACCESS:   34002471 HIT:   33960566 MISS:      41905 MSHR_MERGE:      29781
cpu3->cpu3_DTLB LOAD         ACCESS:   34002471 HIT:   33960566 MISS:      41905 MSHR_MERGE:      29781
cpu3->cpu3_DTLB RFO          ACCESS:          0 HIT:          0 MISS:          0 MSHR_MERGE:          0
cpu3->cpu3_DTLB PREFETCH     ACCESS:          0 HIT:          0 MISS:          0 MSHR_MERGE:          0
cpu3->cpu3_DTLB WRITE        ACCESS:          0 HIT:          0 MISS:          0 MSHR_MERGE:          0
cpu3->cpu3_DTLB TRANSLATION  ACCESS:          0 HIT:          0 MISS:          0 MSHR_MERGE:          0
cpu3->cpu3_DTLB PREFETCH REQUESTED:          0 ISSUED:          0 USEFUL:          0 USELESS:          0
cpu3->cpu3_DTLB AVERAGE MISS LATENCY: 259.1 cycles
cpu31->cpu31_STLB TOTAL        ACCESS:      12113 HIT:       7642 MISS:       4471 MSHR_MERGE:          0
cpu31->cpu31_STLB LOAD         ACCESS:      12113 HIT:       7642 MISS:       4471 MSHR_MERGE:          0
cpu31->cpu31_STLB RFO          ACCESS:          0 HIT:          0 MISS:          0 MSHR_MERGE:          0
cpu31->cpu31_STLB PREFETCH     ACCESS:          0 HIT:          0 MISS:          0 MSHR_MERGE:          0
cpu31->cpu31_STLB WRITE        ACCESS:          0 HIT:          0 MISS:          0 MSHR_MERGE:          0
cpu31->cpu31_STLB TRANSLATION  ACCESS:          0 HIT:          0 MISS:          0 MSHR_MERGE:          0
cpu31->cpu31_STLB PREFETCH REQUESTED:          0 ISSUED:          0 USEFUL:          0 USELESS:          0
cpu31->cpu31_STLB AVERAGE MISS LATENCY: 688.9 cycles
cpu31->cpu31_L2C TOTAL        ACCESS:   23117651 HIT:          0 MISS:   23117651 MSHR_MERGE:          0
cpu31->cpu31_L2C LOAD         ACCESS:   20642492 HIT:          0 MISS:   20642492 MSHR_MERGE:          0
cpu31->cpu31_L2C RFO          ACCESS:    2466208 HIT:          0 MISS:    2466208 MSHR_MERGE:          0
cpu31->cpu31_L2C PREFETCH     ACCESS:          1 HIT:          0 MISS:          1 MSHR_MERGE:          0
cpu31->cpu31_L2C WRITE        ACCESS:          0 HIT:          0 MISS:          0 MSHR_MERGE:          0
cpu31->cpu31_L2C TRANSLATION  ACCESS:       8950 HIT:          0 MISS:       8950 MSHR_MERGE:          0
cpu31->cpu31_L2C PREFETCH REQUESTED:          0 ISSUED:          0 USEFUL:          0 USELESS:          0
cpu31->cpu31_L2C AVERAGE MISS LATENCY: 18.13 cycles
cpu31->cpu31_L1I TOTAL        ACCESS:   73087909 HIT:   73087908 MISS:          1 MSHR_MERGE:          0
cpu31->cpu31_L1I LOAD         ACCESS:   36549887 HIT:   36549887 MISS:          0 MSHR_MERGE:          0
cpu31->cpu31_L1I RFO          ACCESS:          0 HIT:          0 MISS:          0 MSHR_MERGE:          0
cpu31->cpu31_L1I PREFETCH     ACCESS:   36538022 HIT:   36538021 MISS:          1 MSHR_MERGE:          0
cpu31->cpu31_L1I WRITE        ACCESS:          0 HIT:          0 MISS:          0 MSHR_MERGE:          0
cpu31->cpu31_L1I TRANSLATION  ACCESS:          0 HIT:          0 MISS:          0 MSHR_MERGE:          0
cpu31->cpu31_L1I PREFETCH REQUESTED:   36549887 ISSUED:   36537992 USEFUL:          0 USELESS:          0
cpu31->cpu31_L1I AVERAGE MISS LATENCY: - cycles
cpu31->cpu31_L1D TOTAL        ACCESS:   33961483 HIT:          0 MISS:   33961483 MSHR_MERGE:   10843833
cpu31->cpu31_L1D LOAD         ACCESS:   26807658 HIT:          0 MISS:   26807658 MSHR_MERGE:    6165166
cpu31->cpu31_L1D RFO          ACCESS:          0 HIT:          0 MISS:          0 MSHR_MERGE:          0
cpu31->cpu31_L1D PREFETCH     ACCESS:          0 HIT:          0 MISS:          0 MSHR_MERGE:          0
cpu31->cpu31_L1D WRITE        ACCESS:    7144875 HIT:          0 MISS:    7144875 MSHR_MERGE:    4678667
cpu31->cpu31_L1D TRANSLATION  ACCESS:       8950 HIT:          0 MISS:       8950 MSHR_MERGE:          0
cpu31->cpu31_L1D PREFETCH REQUESTED:          0 ISSUED:          0 USEFUL:          0 USELESS:          0
cpu31->cpu31_L1D AVERAGE MISS LATENCY: 21.14 cycles
cpu31->cpu31_ITLB TOTAL        ACCESS:   49096750 HIT:   49096750 MISS:          0 MSHR_MERGE:          0
cpu31->cpu31_ITLB LOAD         ACCESS:   49096750 HIT:   49096750 MISS:          0 MSHR_MERGE:          0
cpu31->cpu31_ITLB RFO          ACCESS:          0 HIT:          0 MISS:          0 MSHR_MERGE:          0
cpu31->cpu31_ITLB PREFETCH     ACCESS:          0 HIT:          0 MISS:          0 MSHR_MERGE:          0
cpu31->cpu31_ITLB WRITE        ACCESS:          0 HIT:          0 MISS:          0 MSHR_MERGE:          0
cpu31->cpu31_ITLB TRANSLATION  ACCESS:          0 HIT:          0 MISS:          0 MSHR_MERGE:          0
cpu31->cpu31_ITLB PREFETCH REQUESTED:          0 ISSUED:          0 USEFUL:          0 USELESS:          0
cpu31->cpu31_ITLB AVERAGE MISS LATENCY: - cycles
cpu31->cpu31_DTLB TOTAL        ACCESS:   33950267 HIT:   33908072 MISS:      42195 MSHR_MERGE:      30082
cpu31->cpu31_DTLB LOAD         ACCESS:   33950267 HIT:   33908072 MISS:      42195 MSHR_MERGE:      30082
cpu31->cpu31_DTLB RFO          ACCESS:          0 HIT:          0 MISS:          0 MSHR_MERGE:          0
cpu31->cpu31_DTLB PREFETCH     ACCESS:          0 HIT:          0 MISS:          0 MSHR_MERGE:          0
cpu31->cpu31_DTLB WRITE        ACCESS:          0 HIT:          0 MISS:          0 MSHR_MERGE:          0
cpu31->cpu31_DTLB TRANSLATION  ACCESS:          0 HIT:          0 MISS:          0 MSHR_MERGE:          0
cpu31->cpu31_DTLB PREFETCH REQUESTED:          0 ISSUED:          0 USEFUL:          0 USELESS:          0
cpu31->cpu31_DTLB AVERAGE MISS LATENCY: 259.7 cycles
cpu30->cpu30_STLB TOTAL        ACCESS:      12088 HIT:       7625 MISS:       4463 MSHR_MERGE:          0
cpu30->cpu30_STLB LOAD         ACCESS:      12088 HIT:       7625 MISS:       4463 MSHR_MERGE:          0
cpu30->cpu30_STLB RFO          ACCESS:          0 HIT:          0 MISS:          0 MSHR_MERGE:          0
cpu30->cpu30_STLB PREFETCH     ACCESS:          0 HIT:          0 MISS:          0 MSHR_MERGE:          0
cpu30->cpu30_STLB WRITE        ACCESS:          0 HIT:          0 MISS:          0 MSHR_MERGE:          0
cpu30->cpu30_STLB TRANSLATION  ACCESS:          0 HIT:          0 MISS:          0 MSHR_MERGE:          0
cpu30->cpu30_STLB PREFETCH REQUESTED:          0 ISSUED:          0 USEFUL:          0 USELESS:          0
cpu30->cpu30_STLB AVERAGE MISS LATENCY: 692.1 cycles
cpu30->cpu30_L2C TOTAL        ACCESS:   23133686 HIT:          0 MISS:   23133686 MSHR_MERGE:          0
cpu30->cpu30_L2C LOAD         ACCESS:   20698853 HIT:          0 MISS:   20698853 MSHR_MERGE:          0
cpu30->cpu30_L2C RFO          ACCESS:    2425898 HIT:          0 MISS:    2425898 MSHR_MERGE:          0
cpu30->cpu30_L2C PREFETCH     ACCESS:          1 HIT:          0 MISS:          1 MSHR_MERGE:          0
cpu30->cpu30_L2C WRITE        ACCESS:          0 HIT:          0 MISS:          0 MSHR_MERGE:          0
cpu30->cpu30_L2C TRANSLATION  ACCESS:       8934 HIT:          0 MISS:       8934 MSHR_MERGE:          0
cpu30->cpu30_L2C PREFETCH REQUESTED:          0 ISSUED:          0 USEFUL:          0 USELESS:          0
cpu30->cpu30_L2C AVERAGE MISS LATENCY: 18.14 cycles
cpu30->cpu30_L1I TOTAL        ACCESS:   73508671 HIT:   73508670 MISS:          1 MSHR_MERGE:          0
cpu30->cpu30_L1I LOAD         ACCESS:   36760596 HIT:   36760596 MISS:          0 MSHR_MERGE:          0
cpu30->cpu30_L1I RFO          ACCESS:          0 HIT:          0 MISS:          0 MSHR_MERGE:          0
cpu30->cpu30_L1I PREFETCH     ACCESS:   36748075 HIT:   36748074 MISS:          1 MSHR_MERGE:          0
cpu30->cpu30_L1I WRITE        ACCESS:          0 HIT:          0 MISS:          0 MSHR_MERGE:          0
cpu30->cpu30_L1I TRANSLATION  ACCESS:          0 HIT:          0 MISS:          0 MSHR_MERGE:          0
cpu30->cpu30_L1I PREFETCH REQUESTED:   36760596 ISSUED:   36748053 USEFUL:          0 USELESS:          0
cpu30->cpu30_L1I AVERAGE MISS LATENCY: - cycles
cpu30->cpu30_L1D TOTAL        ACCESS:   34075037 HIT:          0 MISS:   34075037 MSHR_MERGE:   10941352
cpu30->cpu30_L1D LOAD         ACCESS:   26935192 HIT:          0 MISS:   26935192 MSHR_MERGE:    6236339
cpu30->cpu30_L1D RFO          ACCESS:          0 HIT:          0 MISS:          0 MSHR_MERGE:          0
cpu30->cpu30_L1D PREFETCH     ACCESS:          0 HIT:          0 MISS:          0 MSHR_MERGE:          0
cpu30->cpu30_L1D WRITE        ACCESS:    7130911 HIT:          0 MISS:    7130911 MSHR_MERGE:    4705013
cpu30->cpu30_L1D TRANSLATION  ACCESS:       8934 HIT:          0 MISS:       8934 MSHR_MERGE:          0
cpu30->cpu30_L1D PREFETCH REQUESTED:          0 ISSUED:          0 USEFUL:          0 USELESS:          0
cpu30->cpu30_L1D AVERAGE MISS LATENCY: 21.15 cycles
cpu30->cpu30_ITLB TOTAL        ACCESS:   49388226 HIT:   49388226 MISS:          0 MSHR_MERGE:          0
cpu30->cpu30_ITLB LOAD         ACCESS:   49388226 HIT:   49388226 MISS:          0 MSHR_MERGE:          0
cpu30->cpu30_ITLB RFO          ACCESS:          0 HIT:          0 MISS:          0 MSHR_MERGE:          0
cpu30->cpu30_ITLB PREFETCH     ACCESS:          0 HIT:          0 MISS:          0 MSHR_MERGE:          0
cpu30->cpu30_ITLB WRITE        ACCESS:          0 HIT:          0 MISS:          0 MSHR_MERGE:          0
cpu30->cpu30_ITLB TRANSLATION  ACCESS:          0 HIT:          0 MISS:          0 MSHR_MERGE:          0
cpu30->cpu30_ITLB PREFETCH REQUESTED:          0 ISSUED:          0 USEFUL:          0 USELESS:          0
cpu30->cpu30_ITLB AVERAGE MISS LATENCY: - cycles
cpu30->cpu30_DTLB TOTAL        ACCESS:   33982991 HIT:   33941001 MISS:      41990 MSHR_MERGE:      29902
cpu30->cpu30_DTLB LOAD         ACCESS:   33982991 HIT:   33941001 MISS:      41990 MSHR_MERGE:      29902
cpu30->cpu30_DTLB RFO          ACCESS:          0 HIT:          0 MISS:          0 MSHR_MERGE:          0
cpu30->cpu30_DTLB PREFETCH     ACCESS:          0 HIT:          0 MISS:          0 MSHR_MERGE:          0
cpu30->cpu30_DTLB WRITE        ACCESS:          0 HIT:          0 MISS:          0 MSHR_MERGE:          0
cpu30->cpu30_DTLB TRANSLATION  ACCESS:          0 HIT:          0 MISS:          0 MSHR_MERGE:          0
cpu30->cpu30_DTLB PREFETCH REQUESTED:          0 ISSUED:          0 USEFUL:          0 USELESS:          0
cpu30->cpu30_DTLB AVERAGE MISS LATENCY: 260.9 cycles
cpu2->cpu2_STLB TOTAL        ACCESS:      12074 HIT:       7620 MISS:       4454 MSHR_MERGE:          0
cpu2->cpu2_STLB LOAD         ACCESS:      12074 HIT:       7620 MISS:       4454 MSHR_MERGE:          0
cpu2->cpu2_STLB RFO          ACCESS:          0 HIT:          0 MISS:          0 MSHR_MERGE:          0
cpu2->cpu2_STLB PREFETCH     ACCESS:          0 HIT:          0 MISS:          0 MSHR_MERGE:          0
cpu2->cpu2_STLB WRITE        ACCESS:          0 HIT:          0 MISS:          0 MSHR_MERGE:          0
cpu2->cpu2_STLB TRANSLATION  ACCESS:          0 HIT:          0 MISS:          0 MSHR_MERGE:          0
cpu2->cpu2_STLB PREFETCH REQUESTED:          0 ISSUED:          0 USEFUL:          0 USELESS:          0
cpu2->cpu2_STLB AVERAGE MISS LATENCY: 693.4 cycles
cpu2->cpu2_L2C TOTAL        ACCESS:   23121963 HIT:          0 MISS:   23121963 MSHR_MERGE:          0
cpu2->cpu2_L2C LOAD         ACCESS:   20708450 HIT:          0 MISS:   20708450 MSHR_MERGE:          0
cpu2->cpu2_L2C RFO          ACCESS:    2404596 HIT:          0 MISS:    2404596 MSHR_MERGE:          0
cpu2->cpu2_L2C PREFETCH     ACCESS:          1 HIT:          0 MISS:          1 MSHR_MERGE:          0
cpu2->cpu2_L2C WRITE        ACCESS:          0 HIT:          0 MISS:          0 MSHR_MERGE:          0
cpu2->cpu2_L2C TRANSLATION  ACCESS:       8916 HIT:          0 MISS:       8916 MSHR_MERGE:          0
cpu2->cpu2_L2C PREFETCH REQUESTED:          0 ISSUED:          0 USEFUL:          0 USELESS:          0
cpu2->cpu2_L2C AVERAGE MISS LATENCY: 18.13 cycles
cpu2->cpu2_L1I TOTAL        ACCESS:   73515836 HIT:   73515835 MISS:          1 MSHR_MERGE:          0
cpu2->cpu2_L1I LOAD         ACCESS:   36764264 HIT:   36764264 MISS:          0 MSHR_MERGE:          0
cpu2->cpu2_L1I RFO          ACCESS:          0 HIT:          0 MISS:          0 MSHR_MERGE:          0
cpu2->cpu2_L1I PREFETCH     ACCESS:   36751572 HIT:   36751571 MISS:          1 MSHR_MERGE:          0
cpu2->cpu2_L1I WRITE        ACCESS:          0 HIT:          0 MISS:          0 MSHR_MERGE:          0
cpu2->cpu2_L1I TRANSLATION  ACCESS:          0 HIT:          0 MISS:          0 MSHR_MERGE:          0
cpu2->cpu2_L1I PREFETCH REQUESTED:   36764264 ISSUED:   36751540 USEFUL:          0 USELESS:          0
cpu2->cpu2_L1I AVERAGE MISS LATENCY: - cycles
cpu2->cpu2_L1D TOTAL        ACCESS:   34196170 HIT:          0 MISS:   34196170 MSHR_MERGE:   11074208
cpu2->cpu2_L1D LOAD         ACCESS:   27060421 HIT:          0 MISS:   27060421 MSHR_MERGE:    6351971
cpu2->cpu2_L1D RFO          ACCESS:          0 HIT:          0 MISS:          0 MSHR_MERGE:          0
cpu2->cpu2_L1D PREFETCH     ACCESS:          0 HIT:          0 MISS:          0 MSHR_MERGE:          0
cpu2->cpu2_L1D WRITE        ACCESS:    7126833 HIT:          0 MISS:    7126833 MSHR_MERGE:    4722237
cpu2->cpu2_L1D TRANSLATION  ACCESS:       8916 HIT:          0 MISS:       8916 MSHR_MERGE:          0
cpu2->cpu2_L1D PREFETCH REQUESTED:          0 ISSUED:          0 USEFUL:          0 USELESS:          0
cpu2->cpu2_L1D AVERAGE MISS LATENCY: 21.14 cycles
cpu2->cpu2_ITLB TOTAL        ACCESS:   49352870 HIT:   49352870 MISS:          0 MSHR_MERGE:          0
cpu2->cpu2_ITLB LOAD         ACCESS:   49352870 HIT:   49352870 MISS:          0 MSHR_MERGE:          0
cpu2->cpu2_ITLB RFO          ACCESS:          0 HIT:          0 MISS:          0 MSHR_MERGE:          0
cpu2->cpu2_ITLB PREFETCH     ACCESS:          0 HIT:          0 MISS:          0 MSHR_MERGE:          0
cpu2->cpu2_ITLB WRITE        ACCESS:          0 HIT:          0 MISS:          0 MSHR_MERGE:          0
cpu2->cpu2_ITLB TRANSLATION  ACCESS:          0 HIT:          0 MISS:          0 MSHR_MERGE:          0
cpu2->cpu2_ITLB PREFETCH REQUESTED:          0 ISSUED:          0 USEFUL:          0 USELESS:          0
cpu2->cpu2_ITLB AVERAGE MISS LATENCY: - cycles
cpu2->cpu2_DTLB TOTAL        ACCESS:   34102329 HIT:   34060455 MISS:      41874 MSHR_MERGE:      29800
cpu2->cpu2_DTLB LOAD         ACCESS:   34102329 HIT:   34060455 MISS:      41874 MSHR_MERGE:      29800
cpu2->cpu2_DTLB RFO          ACCESS:          0 HIT:          0 MISS:          0 MSHR_MERGE:          0
cpu2->cpu2_DTLB PREFETCH     ACCESS:          0 HIT:          0 MISS:          0 MSHR_MERGE:          0
cpu2->cpu2_DTLB WRITE        ACCESS:          0 HIT:          0 MISS:          0 MSHR_MERGE:          0
cpu2->cpu2_DTLB TRANSLATION  ACCESS:          0 HIT:          0 MISS:          0 MSHR_MERGE:          0
cpu2->cpu2_DTLB PREFETCH REQUESTED:          0 ISSUED:          0 USEFUL:          0 USELESS:          0
cpu2->cpu2_DTLB AVERAGE MISS LATENCY: 261.1 cycles
cpu29->cpu29_STLB TOTAL        ACCESS:      12061 HIT:       7607 MISS:       4454 MSHR_MERGE:          0
cpu29->cpu29_STLB LOAD         ACCESS:      12061 HIT:       7607 MISS:       4454 MSHR_MERGE:          0
cpu29->cpu29_STLB RFO          ACCESS:          0 HIT:          0 MISS:          0 MSHR_MERGE:          0
cpu29->cpu29_STLB PREFETCH     ACCESS:          0 HIT:          0 MISS:          0 MSHR_MERGE:          0
cpu29->cpu29_STLB WRITE        ACCESS:          0 HIT:          0 MISS:          0 MSHR_MERGE:          0
cpu29->cpu29_STLB TRANSLATION  ACCESS:          0 HIT:          0 MISS:          0 MSHR_MERGE:          0
cpu29->cpu29_STLB PREFETCH REQUESTED:          0 ISSUED:          0 USEFUL:          0 USELESS:          0
cpu29->cpu29_STLB AVERAGE MISS LATENCY: 690.8 cycles
cpu29->cpu29_L2C TOTAL        ACCESS:   23084935 HIT:          0 MISS:   23084935 MSHR_MERGE:          0
cpu29->cpu29_L2C LOAD         ACCESS:   20642081 HIT:          0 MISS:   20642081 MSHR_MERGE:          0
cpu29->cpu29_L2C RFO          ACCESS:    2433937 HIT:          0 MISS:    2433937 MSHR_MERGE:          0
cpu29->cpu29_L2C PREFETCH     ACCESS:          1 HIT:          0 MISS:          1 MSHR_MERGE:          0
cpu29->cpu29_L2C WRITE        ACCESS:          0 HIT:          0 MISS:          0 MSHR_MERGE:          0
cpu29->cpu29_L2C TRANSLATION  ACCESS:       8916 HIT:          0 MISS:       8916 MSHR_MERGE:          0
cpu29->cpu29_L2C PREFETCH REQUESTED:          0 ISSUED:          0 USEFUL:          0 USELESS:          0
cpu29->cpu29_L2C AVERAGE MISS LATENCY: 18.13 cycles
cpu29->cpu29_L1I TOTAL        ACCESS:   73195731 HIT:   73195730 MISS:          1 MSHR_MERGE:          0
cpu29->cpu29_L1I LOAD         ACCESS:   36604112 HIT:   36604112 MISS:          0 MSHR_MERGE:          0
cpu29->cpu29_L1I RFO          ACCESS:          0 HIT:          0 MISS:          0 MSHR_MERGE:          0
cpu29->cpu29_L1I PREFETCH     ACCESS:   36591619 HIT:   36591618 MISS:          1 MSHR_MERGE:          0
cpu29->cpu29_L1I WRITE        ACCESS:          0 HIT:          0 MISS:          0 MSHR_MERGE:          0
cpu29->cpu29_L1I TRANSLATION  ACCESS:          0 HIT:          0 MISS:          0 MSHR_MERGE:          0
cpu29->cpu29_L1I PREFETCH REQUESTED:   36604112 ISSUED:   36591587 USEFUL:          0 USELESS:          0
cpu29->cpu29_L1I AVERAGE MISS LATENCY: - cycles
cpu29->cpu29_L1D TOTAL        ACCESS:   33930075 HIT:          0 MISS:   33930075 MSHR_MERGE:   10845141
cpu29->cpu29_L1D LOAD         ACCESS:   26805562 HIT:          0 MISS:   26805562 MSHR_MERGE:    6163481
cpu29->cpu29_L1D RFO          ACCESS:          0 HIT:          0 MISS:          0 MSHR_MERGE:          0
cpu29->cpu29_L1D PREFETCH     ACCESS:          0 HIT:          0 MISS:          0 MSHR_MERGE:          0
cpu29->cpu29_L1D WRITE        ACCESS:    7115597 HIT:          0 MISS:    7115597 MSHR_MERGE:    4681660
cpu29->cpu29_L1D TRANSLATION  ACCESS:       8916 HIT:          0 MISS:       8916 MSHR_MERGE:          0
cpu29->cpu29_L1D PREFETCH REQUESTED:          0 ISSUED:          0 USEFUL:          0 USELESS:          0
cpu29->cpu29_L1D AVERAGE MISS LATENCY: 21.14 cycles
cpu29->cpu29_ITLB TOTAL        ACCESS:   49341892 HIT:   49341892 MISS:          0 MSHR_MERGE:          0
cpu29->cpu29_ITLB LOAD         ACCESS:   49341892 HIT:   49341892 MISS:          0 MSHR_MERGE:          0
cpu29->cpu29_ITLB RFO          ACCESS:          0 HIT:          0 MISS:          0 MSHR_MERGE:          0
cpu29->cpu29_ITLB PREFETCH     ACCESS:          0 HIT:          0 MISS:          0 MSHR_MERGE:          0
cpu29->cpu29_ITLB WRITE        ACCESS:          0 HIT:          0 MISS:          0 MSHR_MERGE:          0
cpu29->cpu29_ITLB TRANSLATION  ACCESS:          0 HIT:          0 MISS:          0 MSHR_MERGE:          0
cpu29->cpu29_ITLB PREFETCH REQUESTED:          0 ISSUED:          0 USEFUL:          0 USELESS:          0
cpu29->cpu29_ITLB AVERAGE MISS LATENCY: - cycles
cpu29->cpu29_DTLB TOTAL        ACCESS:   33918169 HIT:   33876227 MISS:      41942 MSHR_MERGE:      29881
cpu29->cpu29_DTLB LOAD         ACCESS:   33918169 HIT:   33876227 MISS:      41942 MSHR_MERGE:      29881
cpu29->cpu29_DTLB RFO          ACCESS:          0 HIT:          0 MISS:          0 MSHR_MERGE:          0
cpu29->cpu29_DTLB PREFETCH     ACCESS:          0 HIT:          0 MISS:          0 MSHR_MERGE:          0
cpu29->cpu29_DTLB WRITE        ACCESS:          0 HIT:          0 MISS:          0 MSHR_MERGE:          0
cpu29->cpu29_DTLB TRANSLATION  ACCESS:          0 HIT:          0 MISS:          0 MSHR_MERGE:          0
cpu29->cpu29_DTLB PREFETCH REQUESTED:          0 ISSUED:          0 USEFUL:          0 USELESS:          0
cpu29->cpu29_DTLB AVERAGE MISS LATENCY: 260.5 cycles
cpu28->cpu28_STLB TOTAL        ACCESS:      12100 HIT:       7637 MISS:       4463 MSHR_MERGE:          0
cpu28->cpu28_STLB LOAD         ACCESS:      12100 HIT:       7637 MISS:       4463 MSHR_MERGE:          0
cpu28->cpu28_STLB RFO          ACCESS:          0 HIT:          0 MISS:          0 MSHR_MERGE:          0
cpu28->cpu28_STLB PREFETCH     ACCESS:          0 HIT:          0 MISS:          0 MSHR_MERGE:          0
cpu28->cpu28_STLB WRITE        ACCESS:          0 HIT:          0 MISS:          0 MSHR_MERGE:          0
cpu28->cpu28_STLB TRANSLATION  ACCESS:          0 HIT:          0 MISS:          0 MSHR_MERGE:          0
cpu28->cpu28_STLB PREFETCH REQUESTED:          0 ISSUED:          0 USEFUL:          0 USELESS:          0
cpu28->cpu28_STLB AVERAGE MISS LATENCY: 692.3 cycles
cpu28->cpu28_L2C TOTAL        ACCESS:   23101879 HIT:          0 MISS:   23101879 MSHR_MERGE:          0
cpu28->cpu28_L2C LOAD         ACCESS:   20629007 HIT:          0 MISS:   20629007 MSHR_MERGE:          0
cpu28->cpu28_L2C RFO          ACCESS:    2463937 HIT:          0 MISS:    2463937 MSHR_MERGE:          0
cpu28->cpu28_L2C PREFETCH     ACCESS:          1 HIT:          0 MISS:          1 MSHR_MERGE:          0
cpu28->cpu28_L2C WRITE        ACCESS:          0 HIT:          0 MISS:          0 MSHR_MERGE:          0
cpu28->cpu28_L2C TRANSLATION  ACCESS:       8934 HIT:          0 MISS:       8934 MSHR_MERGE:          0
cpu28->cpu28_L2C PREFETCH REQUESTED:          0 ISSUED:          0 USEFUL:          0 USELESS:          0
cpu28->cpu28_L2C AVERAGE MISS LATENCY: 18.15 cycles
cpu28->cpu28_L1I TOTAL        ACCESS:   73032955 HIT:   73032954 MISS:          1 MSHR_MERGE:          0
cpu28->cpu28_L1I LOAD         ACCESS:   36522644 HIT:   36522644 MISS:          0 MSHR_MERGE:          0
cpu28->cpu28_L1I RFO          ACCESS:          0 HIT:          0 MISS:          0 MSHR_MERGE:          0
cpu28->cpu28_L1I PREFETCH     ACCESS:   36510311 HIT:   36510310 MISS:          1 MSHR_MERGE:          0
cpu28->cpu28_L1I WRITE        ACCESS:          0 HIT:          0 MISS:          0 MSHR_MERGE:          0
cpu28->cpu28_L1I TRANSLATION  ACCESS:          0 HIT:          0 MISS:          0 MSHR_MERGE:          0
cpu28->cpu28_L1I PREFETCH REQUESTED:   36522644 ISSUED:   36510287 USEFUL:          0 USELESS:          0
cpu28->cpu28_L1I AVERAGE MISS LATENCY: - cycles
cpu28->cpu28_L1D TOTAL        ACCESS:   33944589 HIT:          0 MISS:   33944589 MSHR_MERGE:   10842713
cpu28->cpu28_L1D LOAD         ACCESS:   26794644 HIT:          0 MISS:   26794644 MSHR_MERGE:    6165638
cpu28->cpu28_L1D RFO          ACCESS:          0 HIT:          0 MISS:          0 MSHR_MERGE:          0
cpu28->cpu28_L1D PREFETCH     ACCESS:          0 HIT:          0 MISS:          0 MSHR_MERGE:          0
cpu28->cpu28_L1D WRITE        ACCESS:    7141011 HIT:          0 MISS:    7141011 MSHR_MERGE:    4677075
cpu28->cpu28_L1D TRANSLATION  ACCESS:       8934 HIT:          0 MISS:       8934 MSHR_MERGE:          0
cpu28->cpu28_L1D PREFETCH REQUESTED:          0 ISSUED:          0 USEFUL:          0 USELESS:          0
cpu28->cpu28_L1D AVERAGE MISS LATENCY: 21.16 cycles
cpu28->cpu28_ITLB TOTAL        ACCESS:   49062898 HIT:   49062898 MISS:          0 MSHR_MERGE:          0
cpu28->cpu28_ITLB LOAD         ACCESS:   49062898 HIT:   49062898 MISS:          0 MSHR_MERGE:          0
cpu28->cpu28_ITLB RFO          ACCESS:          0 HIT:          0 MISS:          0 MSHR_MERGE:          0
cpu28->cpu28_ITLB PREFETCH     ACCESS:          0 HIT:          0 MISS:          0 MSHR_MERGE:          0
cpu28->cpu28_ITLB WRITE        ACCESS:          0 HIT:          0 MISS:          0 MSHR_MERGE:          0
cpu28->cpu28_ITLB TRANSLATION  ACCESS:          0 HIT:          0 MISS:          0 MSHR_MERGE:          0
cpu28->cpu28_ITLB PREFETCH REQUESTED:          0 ISSUED:          0 USEFUL:          0 USELESS:          0
cpu28->cpu28_ITLB AVERAGE MISS LATENCY: - cycles
cpu28->cpu28_DTLB TOTAL        ACCESS:   33933358 HIT:   33891556 MISS:      41802 MSHR_MERGE:      29702
cpu28->cpu28_DTLB LOAD         ACCESS:   33933358 HIT:   33891556 MISS:      41802 MSHR_MERGE:      29702
cpu28->cpu28_DTLB RFO          ACCESS:          0 HIT:          0 MISS:          0 MSHR_MERGE:          0
cpu28->cpu28_DTLB PREFETCH     ACCESS:          0 HIT:          0 MISS:          0 MSHR_MERGE:          0
cpu28->cpu28_DTLB WRITE        ACCESS:          0 HIT:          0 MISS:          0 MSHR_MERGE:          0
cpu28->cpu28_DTLB TRANSLATION  ACCESS:          0 HIT:          0 MISS:          0 MSHR_MERGE:          0
cpu28->cpu28_DTLB PREFETCH REQUESTED:          0 ISSUED:          0 USEFUL:          0 USELESS:          0
cpu28->cpu28_DTLB AVERAGE MISS LATENCY: 260.7 cycles
cpu27->cpu27_STLB TOTAL        ACCESS:      12108 HIT:       7642 MISS:       4466 MSHR_MERGE:          0
cpu27->cpu27_STLB LOAD         ACCESS:      12108 HIT:       7642 MISS:       4466 MSHR_MERGE:          0
cpu27->cpu27_STLB RFO          ACCESS:          0 HIT:          0 MISS:          0 MSHR_MERGE:          0
cpu27->cpu27_STLB PREFETCH     ACCESS:          0 HIT:          0 MISS:          0 MSHR_MERGE:          0
cpu27->cpu27_STLB WRITE        ACCESS:          0 HIT:          0 MISS:          0 MSHR_MERGE:          0
cpu27->cpu27_STLB TRANSLATION  ACCESS:          0 HIT:          0 MISS:          0 MSHR_MERGE:          0
cpu27->cpu27_STLB PREFETCH REQUESTED:          0 ISSUED:          0 USEFUL:          0 USELESS:          0
cpu27->cpu27_STLB AVERAGE MISS LATENCY: 688.1 cycles
cpu27->cpu27_L2C TOTAL        ACCESS:   23116950 HIT:          0 MISS:   23116950 MSHR_MERGE:          0
cpu27->cpu27_L2C LOAD         ACCESS:   20643366 HIT:          0 MISS:   20643366 MSHR_MERGE:          0
cpu27->cpu27_L2C RFO          ACCESS:    2464643 HIT:          0 MISS:    2464643 MSHR_MERGE:          0
cpu27->cpu27_L2C PREFETCH     ACCESS:          1 HIT:          0 MISS:          1 MSHR_MERGE:          0
cpu27->cpu27_L2C WRITE        ACCESS:          0 HIT:          0 MISS:          0 MSHR_MERGE:          0
cpu27->cpu27_L2C TRANSLATION  ACCESS:       8940 HIT:          0 MISS:       8940 MSHR_MERGE:          0
cpu27->cpu27_L2C PREFETCH REQUESTED:          0 ISSUED:          0 USEFUL:          0 USELESS:          0
cpu27->cpu27_L2C AVERAGE MISS LATENCY: 18.13 cycles
cpu27->cpu27_L1I TOTAL        ACCESS:   73088802 HIT:   73088801 MISS:          1 MSHR_MERGE:          0
cpu27->cpu27_L1I LOAD         ACCESS:   36550572 HIT:   36550572 MISS:          0 MSHR_MERGE:          0
cpu27->cpu27_L1I RFO          ACCESS:          0 HIT:          0 MISS:          0 MSHR_MERGE:          0
cpu27->cpu27_L1I PREFETCH     ACCESS:   36538230 HIT:   36538229 MISS:          1 MSHR_MERGE:          0
cpu27->cpu27_L1I WRITE        ACCESS:          0 HIT:          0 MISS:          0 MSHR_MERGE:          0
cpu27->cpu27_L1I TRANSLATION  ACCESS:          0 HIT:          0 MISS:          0 MSHR_MERGE:          0
cpu27->cpu27_L1I PREFETCH REQUESTED:   36550572 ISSUED:   36538202 USEFUL:          0 USELESS:          0
cpu27->cpu27_L1I AVERAGE MISS LATENCY: - cycles
cpu27->cpu27_L1D TOTAL        ACCESS:   33959634 HIT:          0 MISS:   33959634 MSHR_MERGE:   10842684
cpu27->cpu27_L1D LOAD         ACCESS:   26806347 HIT:          0 MISS:   26806347 MSHR_MERGE:    6162979
cpu27->cpu27_L1D RFO          ACCESS:          0 HIT:          0 MISS:          0 MSHR_MERGE:          0
cpu27->cpu27_L1D PREFETCH     ACCESS:          0 HIT:          0 MISS:          0 MSHR_MERGE:          0
cpu27->cpu27_L1D WRITE        ACCESS:    7144347 HIT:          0 MISS:    7144347 MSHR_MERGE:    4679705
cpu27->cpu27_L1D TRANSLATION  ACCESS:       8940 HIT:          0 MISS:       8940 MSHR_MERGE:          0
cpu27->cpu27_L1D PREFETCH REQUESTED:          0 ISSUED:          0 USEFUL:          0 USELESS:          0
cpu27->cpu27_L1D AVERAGE MISS LATENCY: 21.14 cycles
cpu27->cpu27_ITLB TOTAL        ACCESS:   49093247 HIT:   49093247 MISS:          0 MSHR_MERGE:          0
cpu27->cpu27_ITLB LOAD         ACCESS:   49093247 HIT:   49093247 MISS:          0 MSHR_MERGE:          0
cpu27->cpu27_ITLB RFO          ACCESS:          0 HIT:          0 MISS:          0 MSHR_MERGE:          0
cpu27->cpu27_ITLB PREFETCH     ACCESS:          0 HIT:          0 MISS:          0 MSHR_MERGE:          0
cpu27->cpu27_ITLB WRITE        ACCESS:          0 HIT:          0 MISS:          0 MSHR_MERGE:          0
cpu27->cpu27_ITLB TRANSLATION  ACCESS:          0 HIT:          0 MISS:          0 MSHR_MERGE:          0
cpu27->cpu27_ITLB PREFETCH REQUESTED:          0 ISSUED:          0 USEFUL:          0 USELESS:          0
cpu27->cpu27_ITLB AVERAGE MISS LATENCY: - cycles
cpu27->cpu27_DTLB TOTAL        ACCESS:   33948430 HIT:   33906602 MISS:      41828 MSHR_MERGE:      29720
cpu27->cpu27_DTLB LOAD         ACCESS:   33948430 HIT:   33906602 MISS:      41828 MSHR_MERGE:      29720
cpu27->cpu27_DTLB RFO          ACCESS:          0 HIT:          0 MISS:          0 MSHR_MERGE:          0
cpu27->cpu27_DTLB PREFETCH     ACCESS:          0 HIT:          0 MISS:          0 MSHR_MERGE:          0
cpu27->cpu27_DTLB WRITE        ACCESS:          0 HIT:          0 MISS:          0 MSHR_MERGE:          0
cpu27->cpu27_DTLB TRANSLATION  ACCESS:          0 HIT:          0 MISS:          0 MSHR_MERGE:          0
cpu27->cpu27_DTLB PREFETCH REQUESTED:          0 ISSUED:          0 USEFUL:          0 USELESS:          0
cpu27->cpu27_DTLB AVERAGE MISS LATENCY: 259.2 cycles
cpu26->cpu26_STLB TOTAL        ACCESS:      12092 HIT:       7629 MISS:       4463 MSHR_MERGE:          0
cpu26->cpu26_STLB LOAD         ACCESS:      12092 HIT:       7629 MISS:       4463 MSHR_MERGE:          0
cpu26->cpu26_STLB RFO          ACCESS:          0 HIT:          0 MISS:          0 MSHR_MERGE:          0
cpu26->cpu26_STLB PREFETCH     ACCESS:          0 HIT:          0 MISS:          0 MSHR_MERGE:          0
cpu26->cpu26_STLB WRITE        ACCESS:          0 HIT:          0 MISS:          0 MSHR_MERGE:          0
cpu26->cpu26_STLB TRANSLATION  ACCESS:          0 HIT:          0 MISS:          0 MSHR_MERGE:          0
cpu26->cpu26_STLB PREFETCH REQUESTED:          0 ISSUED:          0 USEFUL:          0 USELESS:          0
cpu26->cpu26_STLB AVERAGE MISS LATENCY: 693.5 cycles
cpu26->cpu26_L2C TOTAL        ACCESS:   23113893 HIT:          0 MISS:   23113893 MSHR_MERGE:          0
cpu26->cpu26_L2C LOAD         ACCESS:   20667764 HIT:          0 MISS:   20667764 MSHR_MERGE:          0
cpu26->cpu26_L2C RFO          ACCESS:    2437194 HIT:          0 MISS:    2437194 MSHR_MERGE:          0
cpu26->cpu26_L2C PREFETCH     ACCESS:          1 HIT:          0 MISS:          1 MSHR_MERGE:          0
cpu26->cpu26_L2C WRITE        ACCESS:          0 HIT:          0 MISS:          0 MSHR_MERGE:          0
cpu26->cpu26_L2C TRANSLATION  ACCESS:       8934 HIT:          0 MISS:       8934 MSHR_MERGE:          0
cpu26->cpu26_L2C PREFETCH REQUESTED:          0 ISSUED:          0 USEFUL:          0 USELESS:          0
cpu26->cpu26_L2C AVERAGE MISS LATENCY: 18.12 cycles
cpu26->cpu26_L1I TOTAL        ACCESS:   73320041 HIT:   73320040 MISS:          1 MSHR_MERGE:          0
cpu26->cpu26_L1I LOAD         ACCESS:   36666173 HIT:   36666173 MISS:          0 MSHR_MERGE:          0
cpu26->cpu26_L1I RFO          ACCESS:          0 HIT:          0 MISS:          0 MSHR_MERGE:          0
cpu26->cpu26_L1I PREFETCH     ACCESS:   36653868 HIT:   36653867 MISS:          1 MSHR_MERGE:          0
cpu26->cpu26_L1I WRITE        ACCESS:          0 HIT:          0 MISS:          0 MSHR_MERGE:          0
cpu26->cpu26_L1I TRANSLATION  ACCESS:          0 HIT:          0 MISS:          0 MSHR_MERGE:          0
cpu26->cpu26_L1I PREFETCH REQUESTED:   36666173 ISSUED:   36653836 USEFUL:          0 USELESS:          0
cpu26->cpu26_L1I AVERAGE MISS LATENCY: - cycles
cpu26->cpu26_L1D TOTAL        ACCESS:   33992208 HIT:          0 MISS:   33992208 MSHR_MERGE:   10878317
cpu26->cpu26_L1D LOAD         ACCESS:   26850148 HIT:          0 MISS:   26850148 MSHR_MERGE:    6182385
cpu26->cpu26_L1D RFO          ACCESS:          0 HIT:          0 MISS:          0 MSHR_MERGE:          0
cpu26->cpu26_L1D PREFETCH     ACCESS:          0 HIT:          0 MISS:          0 MSHR_MERGE:          0
cpu26->cpu26_L1D WRITE        ACCESS:    7133126 HIT:          0 MISS:    7133126 MSHR_MERGE:    4695932
cpu26->cpu26_L1D TRANSLATION  ACCESS:       8934 HIT:          0 MISS:       8934 MSHR_MERGE:          0
cpu26->cpu26_L1D PREFETCH REQUESTED:          0 ISSUED:          0 USEFUL:          0 USELESS:          0
cpu26->cpu26_L1D AVERAGE MISS LATENCY: 21.13 cycles
cpu26->cpu26_ITLB TOTAL        ACCESS:   49574406 HIT:   49574406 MISS:          0 MSHR_MERGE:          0
cpu26->cpu26_ITLB LOAD         ACCESS:   49574406 HIT:   49574406 MISS:          0 MSHR_MERGE:          0
cpu26->cpu26_ITLB RFO          ACCESS:          0 HIT:          0 MISS:          0 MSHR_MERGE:          0
cpu26->cpu26_ITLB PREFETCH     ACCESS:          0 HIT:          0 MISS:          0 MSHR_MERGE:          0
cpu26->cpu26_ITLB WRITE        ACCESS:          0 HIT:          0 MISS:          0 MSHR_MERGE:          0
cpu26->cpu26_ITLB TRANSLATION  ACCESS:          0 HIT:          0 MISS:          0 MSHR_MERGE:          0
cpu26->cpu26_ITLB PREFETCH REQUESTED:          0 ISSUED:          0 USEFUL:          0 USELESS:          0
cpu26->cpu26_ITLB AVERAGE MISS LATENCY: - cycles
cpu26->cpu26_DTLB TOTAL        ACCESS:   33980302 HIT:   33938413 MISS:      41889 MSHR_MERGE:      29797
cpu26->cpu26_DTLB LOAD         ACCESS:   33980302 HIT:   33938413 MISS:      41889 MSHR_MERGE:      29797
cpu26->cpu26_DTLB RFO          ACCESS:          0 HIT:          0 MISS:          0 MSHR_MERGE:          0
cpu26->cpu26_DTLB PREFETCH     ACCESS:          0 HIT:          0 MISS:          0 MSHR_MERGE:          0
cpu26->cpu26_DTLB WRITE        ACCESS:          0 HIT:          0 MISS:          0 MSHR_MERGE:          0
cpu26->cpu26_DTLB TRANSLATION  ACCESS:          0 HIT:          0 MISS:          0 MSHR_MERGE:          0
cpu26->cpu26_DTLB PREFETCH REQUESTED:          0 ISSUED:          0 USEFUL:          0 USELESS:          0
cpu26->cpu26_DTLB AVERAGE MISS LATENCY: 261.3 cycles
cpu25->cpu25_STLB TOTAL        ACCESS:      12124 HIT:       7652 MISS:       4472 MSHR_MERGE:          0
cpu25->cpu25_STLB LOAD         ACCESS:      12124 HIT:       7652 MISS:       4472 MSHR_MERGE:          0
cpu25->cpu25_STLB RFO          ACCESS:          0 HIT:          0 MISS:          0 MSHR_MERGE:          0
cpu25->cpu25_STLB PREFETCH     ACCESS:          0 HIT:          0 MISS:          0 MSHR_MERGE:          0
cpu25->cpu25_STLB WRITE        ACCESS:          0 HIT:          0 MISS:          0 MSHR_MERGE:          0
cpu25->cpu25_STLB TRANSLATION  ACCESS:          0 HIT:          0 MISS:          0 MSHR_MERGE:          0
cpu25->cpu25_STLB PREFETCH REQUESTED:          0 ISSUED:          0 USEFUL:          0 USELESS:          0
cpu25->cpu25_STLB AVERAGE MISS LATENCY: 689.6 cycles
cpu25->cpu25_L2C TOTAL        ACCESS:   23148952 HIT:          0 MISS:   23148952 MSHR_MERGE:          0
cpu25->cpu25_L2C LOAD         ACCESS:   20671158 HIT:          0 MISS:   20671158 MSHR_MERGE:          0
cpu25->cpu25_L2C RFO          ACCESS:    2468841 HIT:          0 MISS:    2468841 MSHR_MERGE:          0
cpu25->cpu25_L2C PREFETCH     ACCESS:          1 HIT:          0 MISS:          1 MSHR_MERGE:          0
cpu25->cpu25_L2C WRITE        ACCESS:          0 HIT:          0 MISS:          0 MSHR_MERGE:          0
cpu25->cpu25_L2C TRANSLATION  ACCESS:       8952 HIT:          0 MISS:       8952 MSHR_MERGE:          0
cpu25->cpu25_L2C PREFETCH REQUESTED:          0 ISSUED:          0 USEFUL:          0 USELESS:          0
cpu25->cpu25_L2C AVERAGE MISS LATENCY: 18.12 cycles
cpu25->cpu25_L1I TOTAL        ACCESS:   73191070 HIT:   73191069 MISS:          1 MSHR_MERGE:          0
cpu25->cpu25_L1I LOAD         ACCESS:   36601702 HIT:   36601702 MISS:          0 MSHR_MERGE:          0
cpu25->cpu25_L1I RFO          ACCESS:          0 HIT:          0 MISS:          0 MSHR_MERGE:          0
cpu25->cpu25_L1I PREFETCH     ACCESS:   36589368 HIT:   36589367 MISS:          1 MSHR_MERGE:          0
cpu25->cpu25_L1I WRITE        ACCESS:          0 HIT:          0 MISS:          0 MSHR_MERGE:          0
cpu25->cpu25_L1I TRANSLATION  ACCESS:          0 HIT:          0 MISS:          0 MSHR_MERGE:          0
cpu25->cpu25_L1I PREFETCH REQUESTED:   36601702 ISSUED:   36589336 USEFUL:          0 USELESS:          0
cpu25->cpu25_L1I AVERAGE MISS LATENCY: - cycles
cpu25->cpu25_L1D TOTAL        ACCESS:   34005882 HIT:          0 MISS:   34005882 MSHR_MERGE:   10856931
cpu25->cpu25_L1D LOAD         ACCESS:   26842616 HIT:          0 MISS:   26842616 MSHR_MERGE:    6171458
cpu25->cpu25_L1D RFO          ACCESS:          0 HIT:          0 MISS:          0 MSHR_MERGE:          0
cpu25->cpu25_L1D PREFETCH     ACCESS:          0 HIT:          0 MISS:          0 MSHR_MERGE:          0
cpu25->cpu25_L1D WRITE        ACCESS:    7154314 HIT:          0 MISS:    7154314 MSHR_MERGE:    4685473
cpu25->cpu25_L1D TRANSLATION  ACCESS:       8952 HIT:          0 MISS:       8952 MSHR_MERGE:          0
cpu25->cpu25_L1D PREFETCH REQUESTED:          0 ISSUED:          0 USEFUL:          0 USELESS:          0
cpu25->cpu25_L1D AVERAGE MISS LATENCY: 21.13 cycles
cpu25->cpu25_ITLB TOTAL        ACCESS:   49155454 HIT:   49155454 MISS:          0 MSHR_MERGE:          0
cpu25->cpu25_ITLB LOAD         ACCESS:   49155454 HIT:   49155454 MISS:          0 MSHR_MERGE:          0
cpu25->cpu25_ITLB RFO          ACCESS:          0 HIT:          0 MISS:          0 MSHR_MERGE:          0
cpu25->cpu25_ITLB PREFETCH     ACCESS:          0 HIT:          0 MISS:          0 MSHR_MERGE:          0
cpu25->cpu25_ITLB WRITE        ACCESS:          0 HIT:          0 MISS:          0 MSHR_MERGE:          0
cpu25->cpu25_ITLB TRANSLATION  ACCESS:          0 HIT:          0 MISS:          0 MSHR_MERGE:          0
cpu25->cpu25_ITLB PREFETCH REQUESTED:          0 ISSUED:          0 USEFUL:          0 USELESS:          0
cpu25->cpu25_ITLB AVERAGE MISS LATENCY: - cycles
cpu25->cpu25_DTLB TOTAL        ACCESS:   33994627 HIT:   33952764 MISS:      41863 MSHR_MERGE:      29739
cpu25->cpu25_DTLB LOAD         ACCESS:   33994627 HIT:   33952764 MISS:      41863 MSHR_MERGE:      29739
cpu25->cpu25_DTLB RFO          ACCESS:          0 HIT:          0 MISS:          0 MSHR_MERGE:          0
cpu25->cpu25_DTLB PREFETCH     ACCESS:          0 HIT:          0 MISS:          0 MSHR_MERGE:          0
cpu25->cpu25_DTLB WRITE        ACCESS:          0 HIT:          0 MISS:          0 MSHR_MERGE:          0
cpu25->cpu25_DTLB TRANSLATION  ACCESS:          0 HIT:          0 MISS:          0 MSHR_MERGE:          0
cpu25->cpu25_DTLB PREFETCH REQUESTED:          0 ISSUED:          0 USEFUL:          0 USELESS:          0
cpu25->cpu25_DTLB AVERAGE MISS LATENCY: 259.7 cycles
cpu24->cpu24_STLB TOTAL        ACCESS:      12088 HIT:       7625 MISS:       4463 MSHR_MERGE:          0
cpu24->cpu24_STLB LOAD         ACCESS:      12088 HIT:       7625 MISS:       4463 MSHR_MERGE:          0
cpu24->cpu24_STLB RFO          ACCESS:          0 HIT:          0 MISS:          0 MSHR_MERGE:          0
cpu24->cpu24_STLB PREFETCH     ACCESS:          0 HIT:          0 MISS:          0 MSHR_MERGE:          0
cpu24->cpu24_STLB WRITE        ACCESS:          0 HIT:          0 MISS:          0 MSHR_MERGE:          0
cpu24->cpu24_STLB TRANSLATION  ACCESS:          0 HIT:          0 MISS:          0 MSHR_MERGE:          0
cpu24->cpu24_STLB PREFETCH REQUESTED:          0 ISSUED:          0 USEFUL:          0 USELESS:          0
cpu24->cpu24_STLB AVERAGE MISS LATENCY: 694.6 cycles
cpu24->cpu24_L2C TOTAL        ACCESS:   23134880 HIT:          0 MISS:   23134880 MSHR_MERGE:          0
cpu24->cpu24_L2C LOAD         ACCESS:   20699689 HIT:          0 MISS:   20699689 MSHR_MERGE:          0
cpu24->cpu24_L2C RFO          ACCESS:    2426256 HIT:          0 MISS:    2426256 MSHR_MERGE:          0
cpu24->cpu24_L2C PREFETCH     ACCESS:          1 HIT:          0 MISS:          1 MSHR_MERGE:          0
cpu24->cpu24_L2C WRITE        ACCESS:          0 HIT:          0 MISS:          0 MSHR_MERGE:          0
cpu24->cpu24_L2C TRANSLATION  ACCESS:       8934 HIT:          0 MISS:       8934 MSHR_MERGE:          0
cpu24->cpu24_L2C PREFETCH REQUESTED:          0 ISSUED:          0 USEFUL:          0 USELESS:          0
cpu24->cpu24_L2C AVERAGE MISS LATENCY: 18.14 cycles
cpu24->cpu24_L1I TOTAL        ACCESS:   73536997 HIT:   73536996 MISS:          1 MSHR_MERGE:          0
cpu24->cpu24_L1I LOAD         ACCESS:   36774686 HIT:   36774686 MISS:          0 MSHR_MERGE:          0
cpu24->cpu24_L1I RFO          ACCESS:          0 HIT:          0 MISS:          0 MSHR_MERGE:          0
cpu24->cpu24_L1I PREFETCH     ACCESS:   36762311 HIT:   36762310 MISS:          1 MSHR_MERGE:          0
cpu24->cpu24_L1I WRITE        ACCESS:          0 HIT:          0 MISS:          0 MSHR_MERGE:          0
cpu24->cpu24_L1I TRANSLATION  ACCESS:          0 HIT:          0 MISS:          0 MSHR_MERGE:          0
cpu24->cpu24_L1I PREFETCH REQUESTED:   36774686 ISSUED:   36762279 USEFUL:          0 USELESS:          0
cpu24->cpu24_L1I AVERAGE MISS LATENCY: - cycles
cpu24->cpu24_L1D TOTAL        ACCESS:   34075024 HIT:          0 MISS:   34075024 MSHR_MERGE:   10940145
cpu24->cpu24_L1D LOAD         ACCESS:   26935465 HIT:          0 MISS:   26935465 MSHR_MERGE:    6235776
cpu24->cpu24_L1D RFO          ACCESS:          0 HIT:          0 MISS:          0 MSHR_MERGE:          0
cpu24->cpu24_L1D PREFETCH     ACCESS:          0 HIT:          0 MISS:          0 MSHR_MERGE:          0
cpu24->cpu24_L1D WRITE        ACCESS:    7130625 HIT:          0 MISS:    7130625 MSHR_MERGE:    4704369
cpu24->cpu24_L1D TRANSLATION  ACCESS:       8934 HIT:          0 MISS:       8934 MSHR_MERGE:          0
cpu24->cpu24_L1D PREFETCH REQUESTED:          0 ISSUED:          0 USEFUL:          0 USELESS:          0
cpu24->cpu24_L1D AVERAGE MISS LATENCY: 21.15 cycles
cpu24->cpu24_ITLB TOTAL        ACCESS:   49652196 HIT:   49652196 MISS:          0 MSHR_MERGE:          0
cpu24->cpu24_ITLB LOAD         ACCESS:   49652196 HIT:   49652196 MISS:          0 MSHR_MERGE:          0
cpu24->cpu24_ITLB RFO          ACCESS:          0 HIT:          0 MISS:          0 MSHR_MERGE:          0
cpu24->cpu24_ITLB PREFETCH     ACCESS:          0 HIT:          0 MISS:          0 MSHR_MERGE:          0
cpu24->cpu24_ITLB WRITE        ACCESS:          0 HIT:          0 MISS:          0 MSHR_MERGE:          0
cpu24->cpu24_ITLB TRANSLATION  ACCESS:          0 HIT:          0 MISS:          0 MSHR_MERGE:          0
cpu24->cpu24_ITLB PREFETCH REQUESTED:          0 ISSUED:          0 USEFUL:          0 USELESS:          0
cpu24->cpu24_ITLB AVERAGE MISS LATENCY: - cycles
cpu24->cpu24_DTLB TOTAL        ACCESS:   33983522 HIT:   33941562 MISS:      41960 MSHR_MERGE:      29872
cpu24->cpu24_DTLB LOAD         ACCESS:   33983522 HIT:   33941562 MISS:      41960 MSHR_MERGE:      29872
cpu24->cpu24_DTLB RFO          ACCESS:          0 HIT:          0 MISS:          0 MSHR_MERGE:          0
cpu24->cpu24_DTLB PREFETCH     ACCESS:          0 HIT:          0 MISS:          0 MSHR_MERGE:          0
cpu24->cpu24_DTLB WRITE        ACCESS:          0 HIT:          0 MISS:          0 MSHR_MERGE:          0
cpu24->cpu24_DTLB TRANSLATION  ACCESS:          0 HIT:          0 MISS:          0 MSHR_MERGE:          0
cpu24->cpu24_DTLB PREFETCH REQUESTED:          0 ISSUED:          0 USEFUL:          0 USELESS:          0
cpu24->cpu24_DTLB AVERAGE MISS LATENCY: 261.8 cycles
cpu23->cpu23_STLB TOTAL        ACCESS:      12021 HIT:       7585 MISS:       4436 MSHR_MERGE:          0
cpu23->cpu23_STLB LOAD         ACCESS:      12021 HIT:       7585 MISS:       4436 MSHR_MERGE:          0
cpu23->cpu23_STLB RFO          ACCESS:          0 HIT:          0 MISS:          0 MSHR_MERGE:          0
cpu23->cpu23_STLB PREFETCH     ACCESS:          0 HIT:          0 MISS:          0 MSHR_MERGE:          0
cpu23->cpu23_STLB WRITE        ACCESS:          0 HIT:          0 MISS:          0 MSHR_MERGE:          0
cpu23->cpu23_STLB TRANSLATION  ACCESS:          0 HIT:          0 MISS:          0 MSHR_MERGE:          0
cpu23->cpu23_STLB PREFETCH REQUESTED:          0 ISSUED:          0 USEFUL:          0 USELESS:          0
cpu23->cpu23_STLB AVERAGE MISS LATENCY: 695.5 cycles
cpu23->cpu23_L2C TOTAL        ACCESS:   22932039 HIT:          0 MISS:   22932039 MSHR_MERGE:          0
cpu23->cpu23_L2C LOAD         ACCESS:   20536958 HIT:          0 MISS:   20536958 MSHR_MERGE:          0
cpu23->cpu23_L2C RFO          ACCESS:    2386200 HIT:          0 MISS:    2386200 MSHR_MERGE:          0
cpu23->cpu23_L2C PREFETCH     ACCESS:          1 HIT:          0 MISS:          1 MSHR_MERGE:          0
cpu23->cpu23_L2C WRITE        ACCESS:          0 HIT:          0 MISS:          0 MSHR_MERGE:          0
cpu23->cpu23_L2C TRANSLATION  ACCESS:       8880 HIT:          0 MISS:       8880 MSHR_MERGE:          0
cpu23->cpu23_L2C PREFETCH REQUESTED:          0 ISSUED:          0 USEFUL:          0 USELESS:          0
cpu23->cpu23_L2C AVERAGE MISS LATENCY: 18.13 cycles
cpu23->cpu23_L1I TOTAL        ACCESS:   73161580 HIT:   73161579 MISS:          1 MSHR_MERGE:          0
cpu23->cpu23_L1I LOAD         ACCESS:   36586905 HIT:   36586905 MISS:          0 MSHR_MERGE:          0
cpu23->cpu23_L1I RFO          ACCESS:          0 HIT:          0 MISS:          0 MSHR_MERGE:          0
cpu23->cpu23_L1I PREFETCH     ACCESS:   36574675 HIT:   36574674 MISS:          1 MSHR_MERGE:          0
cpu23->cpu23_L1I WRITE        ACCESS:          0 HIT:          0 MISS:          0 MSHR_MERGE:          0
cpu23->cpu23_L1I TRANSLATION  ACCESS:          0 HIT:          0 MISS:          0 MSHR_MERGE:          0
cpu23->cpu23_L1I PREFETCH REQUESTED:   36586905 ISSUED:   36574647 USEFUL:          0 USELESS:          0
cpu23->cpu23_L1I AVERAGE MISS LATENCY: - cycles
cpu23->cpu23_L1D TOTAL        ACCESS:   33984615 HIT:          0 MISS:   33984615 MSHR_MERGE:   11052577
cpu23->cpu23_L1D LOAD         ACCESS:   26881579 HIT:          0 MISS:   26881579 MSHR_MERGE:    6344621
cpu23->cpu23_L1D RFO          ACCESS:          0 HIT:          0 MISS:          0 MSHR_MERGE:          0
cpu23->cpu23_L1D PREFETCH     ACCESS:          0 HIT:          0 MISS:          0 MSHR_MERGE:          0
cpu23->cpu23_L1D WRITE        ACCESS:    7094156 HIT:          0 MISS:    7094156 MSHR_MERGE:    4707956
cpu23->cpu23_L1D TRANSLATION  ACCESS:       8880 HIT:          0 MISS:       8880 MSHR_MERGE:          0
cpu23->cpu23_L1D PREFETCH REQUESTED:          0 ISSUED:          0 USEFUL:          0 USELESS:          0
cpu23->cpu23_L1D AVERAGE MISS LATENCY: 21.13 cycles
cpu23->cpu23_ITLB TOTAL        ACCESS:   49252065 HIT:   49252065 MISS:          0 MSHR_MERGE:          0
cpu23->cpu23_ITLB LOAD         ACCESS:   49252065 HIT:   49252065 MISS:          0 MSHR_MERGE:          0
cpu23->cpu23_ITLB RFO          ACCESS:          0 HIT:          0 MISS:          0 MSHR_MERGE:          0
cpu23->cpu23_ITLB PREFETCH     ACCESS:          0 HIT:          0 MISS:          0 MSHR_MERGE:          0
cpu23->cpu23_ITLB WRITE        ACCESS:          0 HIT:          0 MISS:          0 MSHR_MERGE:          0
cpu23->cpu23_ITLB TRANSLATION  ACCESS:          0 HIT:          0 MISS:          0 MSHR_MERGE:          0
cpu23->cpu23_ITLB PREFETCH REQUESTED:          0 ISSUED:          0 USEFUL:          0 USELESS:          0
cpu23->cpu23_ITLB AVERAGE MISS LATENCY: - cycles
cpu23->cpu23_DTLB TOTAL        ACCESS:   33973223 HIT:   33931469 MISS:      41754 MSHR_MERGE:      29733
cpu23->cpu23_DTLB LOAD         ACCESS:   33973223 HIT:   33931469 MISS:      41754 MSHR_MERGE:      29733
cpu23->cpu23_DTLB RFO          ACCESS:          0 HIT:          0 MISS:          0 MSHR_MERGE:          0
cpu23->cpu23_DTLB PREFETCH     ACCESS:          0 HIT:          0 MISS:          0 MSHR_MERGE:          0
cpu23->cpu23_DTLB WRITE        ACCESS:          0 HIT:          0 MISS:          0 MSHR_MERGE:          0
cpu23->cpu23_DTLB TRANSLATION  ACCESS:          0 HIT:          0 MISS:          0 MSHR_MERGE:          0
cpu23->cpu23_DTLB PREFETCH REQUESTED:          0 ISSUED:          0 USEFUL:          0 USELESS:          0
cpu23->cpu23_DTLB AVERAGE MISS LATENCY: 262 cycles
cpu22->cpu22_STLB TOTAL        ACCESS:      12090 HIT:       7627 MISS:       4463 MSHR_MERGE:          0
cpu22->cpu22_STLB LOAD         ACCESS:      12090 HIT:       7627 MISS:       4463 MSHR_MERGE:          0
cpu22->cpu22_STLB RFO          ACCESS:          0 HIT:          0 MISS:          0 MSHR_MERGE:          0
cpu22->cpu22_STLB PREFETCH     ACCESS:          0 HIT:          0 MISS:          0 MSHR_MERGE:          0
cpu22->cpu22_STLB WRITE        ACCESS:          0 HIT:          0 MISS:          0 MSHR_MERGE:          0
cpu22->cpu22_STLB TRANSLATION  ACCESS:          0 HIT:          0 MISS:          0 MSHR_MERGE:          0
cpu22->cpu22_STLB PREFETCH REQUESTED:          0 ISSUED:          0 USEFUL:          0 USELESS:          0
cpu22->cpu22_STLB AVERAGE MISS LATENCY: 692.8 cycles
cpu22->cpu22_L2C TOTAL        ACCESS:   23076676 HIT:          0 MISS:   23076676 MSHR_MERGE:          0
cpu22->cpu22_L2C LOAD         ACCESS:   20608229 HIT:          0 MISS:   20608229 MSHR_MERGE:          0
cpu22->cpu22_L2C RFO          ACCESS:    2459512 HIT:          0 MISS:    2459512 MSHR_MERGE:          0
cpu22->cpu22_L2C PREFETCH     ACCESS:          1 HIT:          0 MISS:          1 MSHR_MERGE:          0
cpu22->cpu22_L2C WRITE        ACCESS:          0 HIT:          0 MISS:          0 MSHR_MERGE:          0
cpu22->cpu22_L2C TRANSLATION  ACCESS:       8934 HIT:          0 MISS:       8934 MSHR_MERGE:          0
cpu22->cpu22_L2C PREFETCH REQUESTED:          0 ISSUED:          0 USEFUL:          0 USELESS:          0
cpu22->cpu22_L2C AVERAGE MISS LATENCY: 18.14 cycles
cpu22->cpu22_L1I TOTAL        ACCESS:   72955093 HIT:   72955092 MISS:          1 MSHR_MERGE:          0
cpu22->cpu22_L1I LOAD         ACCESS:   36483708 HIT:   36483708 MISS:          0 MSHR_MERGE:          0
cpu22->cpu22_L1I RFO          ACCESS:          0 HIT:          0 MISS:          0 MSHR_MERGE:          0
cpu22->cpu22_L1I PREFETCH     ACCESS:   36471385 HIT:   36471384 MISS:          1 MSHR_MERGE:          0
cpu22->cpu22_L1I WRITE        ACCESS:          0 HIT:          0 MISS:          0 MSHR_MERGE:          0
cpu22->cpu22_L1I TRANSLATION  ACCESS:          0 HIT:          0 MISS:          0 MSHR_MERGE:          0
cpu22->cpu22_L1I PREFETCH REQUESTED:   36483708 ISSUED:   36471353 USEFUL:          0 USELESS:          0
cpu22->cpu22_L1I AVERAGE MISS LATENCY: - cycles
cpu22->cpu22_L1D TOTAL        ACCESS:   33904313 HIT:          0 MISS:   33904313 MSHR_MERGE:   10827638
cpu22->cpu22_L1D LOAD         ACCESS:   26763866 HIT:          0 MISS:   26763866 MSHR_MERGE:    6155636
cpu22->cpu22_L1D RFO          ACCESS:          0 HIT:          0 MISS:          0 MSHR_MERGE:          0
cpu22->cpu22_L1D PREFETCH     ACCESS:          0 HIT:          0 MISS:          0 MSHR_MERGE:          0
cpu22->cpu22_L1D WRITE        ACCESS:    7131513 HIT:          0 MISS:    7131513 MSHR_MERGE:    4672002
cpu22->cpu22_L1D TRANSLATION  ACCESS:       8934 HIT:          0 MISS:       8934 MSHR_MERGE:          0
cpu22->cpu22_L1D PREFETCH REQUESTED:          0 ISSUED:          0 USEFUL:          0 USELESS:          0
cpu22->cpu22_L1D AVERAGE MISS LATENCY: 21.15 cycles
cpu22->cpu22_ITLB TOTAL        ACCESS:   48989325 HIT:   48989325 MISS:          0 MSHR_MERGE:          0
cpu22->cpu22_ITLB LOAD         ACCESS:   48989325 HIT:   48989325 MISS:          0 MSHR_MERGE:          0
cpu22->cpu22_ITLB RFO          ACCESS:          0 HIT:          0 MISS:          0 MSHR_MERGE:          0
cpu22->cpu22_ITLB PREFETCH     ACCESS:          0 HIT:          0 MISS:          0 MSHR_MERGE:          0
cpu22->cpu22_ITLB WRITE        ACCESS:          0 HIT:          0 MISS:          0 MSHR_MERGE:          0
cpu22->cpu22_ITLB TRANSLATION  ACCESS:          0 HIT:          0 MISS:          0 MSHR_MERGE:          0
cpu22->cpu22_ITLB PREFETCH REQUESTED:          0 ISSUED:          0 USEFUL:          0 USELESS:          0
cpu22->cpu22_ITLB AVERAGE MISS LATENCY: - cycles
cpu22->cpu22_DTLB TOTAL        ACCESS:   33893125 HIT:   33851325 MISS:      41800 MSHR_MERGE:      29710
cpu22->cpu22_DTLB LOAD         ACCESS:   33893125 HIT:   33851325 MISS:      41800 MSHR_MERGE:      29710
cpu22->cpu22_DTLB RFO          ACCESS:          0 HIT:          0 MISS:          0 MSHR_MERGE:          0
cpu22->cpu22_DTLB PREFETCH     ACCESS:          0 HIT:          0 MISS:          0 MSHR_MERGE:          0
cpu22->cpu22_DTLB WRITE        ACCESS:          0 HIT:          0 MISS:          0 MSHR_MERGE:          0
cpu22->cpu22_DTLB TRANSLATION  ACCESS:          0 HIT:          0 MISS:          0 MSHR_MERGE:          0
cpu22->cpu22_DTLB PREFETCH REQUESTED:          0 ISSUED:          0 USEFUL:          0 USELESS:          0
cpu22->cpu22_DTLB AVERAGE MISS LATENCY: 261.1 cycles
cpu21->cpu21_STLB TOTAL        ACCESS:      12106 HIT:       7642 MISS:       4464 MSHR_MERGE:          0
cpu21->cpu21_STLB LOAD         ACCESS:      12106 HIT:       7642 MISS:       4464 MSHR_MERGE:          0
cpu21->cpu21_STLB RFO          ACCESS:          0 HIT:          0 MISS:          0 MSHR_MERGE:          0
cpu21->cpu21_STLB PREFETCH     ACCESS:          0 HIT:          0 MISS:          0 MSHR_MERGE:          0
cpu21->cpu21_STLB WRITE        ACCESS:          0 HIT:          0 MISS:          0 MSHR_MERGE:          0
cpu21->cpu21_STLB TRANSLATION  ACCESS:          0 HIT:          0 MISS:          0 MSHR_MERGE:          0
cpu21->cpu21_STLB PREFETCH REQUESTED:          0 ISSUED:          0 USEFUL:          0 USELESS:          0
cpu21->cpu21_STLB AVERAGE MISS LATENCY: 694.5 cycles
cpu21->cpu21_L2C TOTAL        ACCESS:   23211094 HIT:          0 MISS:   23211094 MSHR_MERGE:          0
cpu21->cpu21_L2C LOAD         ACCESS:   20756300 HIT:          0 MISS:   20756300 MSHR_MERGE:          0
cpu21->cpu21_L2C RFO          ACCESS:    2445857 HIT:          0 MISS:    2445857 MSHR_MERGE:          0
cpu21->cpu21_L2C PREFETCH     ACCESS:          1 HIT:          0 MISS:          1 MSHR_MERGE:          0
cpu21->cpu21_L2C WRITE        ACCESS:          0 HIT:          0 MISS:          0 MSHR_MERGE:          0
cpu21->cpu21_L2C TRANSLATION  ACCESS:       8936 HIT:          0 MISS:       8936 MSHR_MERGE:          0
cpu21->cpu21_L2C PREFETCH REQUESTED:          0 ISSUED:          0 USEFUL:          0 USELESS:          0
cpu21->cpu21_L2C AVERAGE MISS LATENCY: 18.14 cycles
cpu21->cpu21_L1I TOTAL        ACCESS:   73611037 HIT:   73611036 MISS:          1 MSHR_MERGE:          0
cpu21->cpu21_L1I LOAD         ACCESS:   36812049 HIT:   36812049 MISS:          0 MSHR_MERGE:          0
cpu21->cpu21_L1I RFO          ACCESS:          0 HIT:          0 MISS:          0 MSHR_MERGE:          0
cpu21->cpu21_L1I PREFETCH     ACCESS:   36798988 HIT:   36798987 MISS:          1 MSHR_MERGE:          0
cpu21->cpu21_L1I WRITE        ACCESS:          0 HIT:          0 MISS:          0 MSHR_MERGE:          0
cpu21->cpu21_L1I TRANSLATION  ACCESS:          0 HIT:          0 MISS:          0 MSHR_MERGE:          0
cpu21->cpu21_L1I PREFETCH REQUESTED:   36812049 ISSUED:   36798956 USEFUL:          0 USELESS:          0
cpu21->cpu21_L1I AVERAGE MISS LATENCY: - cycles
cpu21->cpu21_L1D TOTAL        ACCESS:   34179637 HIT:          0 MISS:   34179637 MSHR_MERGE:   10968544
cpu21->cpu21_L1D LOAD         ACCESS:   27026512 HIT:          0 MISS:   27026512 MSHR_MERGE:    6270212
cpu21->cpu21_L1D RFO          ACCESS:          0 HIT:          0 MISS:          0 MSHR_MERGE:          0
cpu21->cpu21_L1D PREFETCH     ACCESS:          0 HIT:          0 MISS:          0 MSHR_MERGE:          0
cpu21->cpu21_L1D WRITE        ACCESS:    7144189 HIT:          0 MISS:    7144189 MSHR_MERGE:    4698332
cpu21->cpu21_L1D TRANSLATION  ACCESS:       8936 HIT:          0 MISS:       8936 MSHR_MERGE:          0
cpu21->cpu21_L1D PREFETCH REQUESTED:          0 ISSUED:          0 USEFUL:          0 USELESS:          0
cpu21->cpu21_L1D AVERAGE MISS LATENCY: 21.15 cycles
cpu21->cpu21_ITLB TOTAL        ACCESS:   49333861 HIT:   49333861 MISS:          0 MSHR_MERGE:          0
cpu21->cpu21_ITLB LOAD         ACCESS:   49333861 HIT:   49333861 MISS:          0 MSHR_MERGE:          0
cpu21->cpu21_ITLB RFO          ACCESS:          0 HIT:          0 MISS:          0 MSHR_MERGE:          0
cpu21->cpu21_ITLB PREFETCH     ACCESS:          0 HIT:          0 MISS:          0 MSHR_MERGE:          0
cpu21->cpu21_ITLB WRITE        ACCESS:          0 HIT:          0 MISS:          0 MSHR_MERGE:          0
cpu21->cpu21_ITLB TRANSLATION  ACCESS:          0 HIT:          0 MISS:          0 MSHR_MERGE:          0
cpu21->cpu21_ITLB PREFETCH REQUESTED:          0 ISSUED:          0 USEFUL:          0 USELESS:          0
cpu21->cpu21_ITLB AVERAGE MISS LATENCY: - cycles
cpu21->cpu21_DTLB TOTAL        ACCESS:   34087365 HIT:   34045477 MISS:      41888 MSHR_MERGE:      29782
cpu21->cpu21_DTLB LOAD         ACCESS:   34087365 HIT:   34045477 MISS:      41888 MSHR_MERGE:      29782
cpu21->cpu21_DTLB RFO          ACCESS:          0 HIT:          0 MISS:          0 MSHR_MERGE:          0
cpu21->cpu21_DTLB PREFETCH     ACCESS:          0 HIT:          0 MISS:          0 MSHR_MERGE:          0
cpu21->cpu21_DTLB WRITE        ACCESS:          0 HIT:          0 MISS:          0 MSHR_MERGE:          0
cpu21->cpu21_DTLB TRANSLATION  ACCESS:          0 HIT:          0 MISS:          0 MSHR_MERGE:          0
cpu21->cpu21_DTLB PREFETCH REQUESTED:          0 ISSUED:          0 USEFUL:          0 USELESS:          0
cpu21->cpu21_DTLB AVERAGE MISS LATENCY: 261.5 cycles
cpu20->cpu20_STLB TOTAL        ACCESS:      12024 HIT:       7588 MISS:       4436 MSHR_MERGE:          0
cpu20->cpu20_STLB LOAD         ACCESS:      12024 HIT:       7588 MISS:       4436 MSHR_MERGE:          0
cpu20->cpu20_STLB RFO          ACCESS:          0 HIT:          0 MISS:          0 MSHR_MERGE:          0
cpu20->cpu20_STLB PREFETCH     ACCESS:          0 HIT:          0 MISS:          0 MSHR_MERGE:          0
cpu20->cpu20_STLB WRITE        ACCESS:          0 HIT:          0 MISS:          0 MSHR_MERGE:          0
cpu20->cpu20_STLB TRANSLATION  ACCESS:          0 HIT:          0 MISS:          0 MSHR_MERGE:          0
cpu20->cpu20_STLB PREFETCH REQUESTED:          0 ISSUED:          0 USEFUL:          0 USELESS:          0
cpu20->cpu20_STLB AVERAGE MISS LATENCY: 697.4 cycles
cpu20->cpu20_L2C TOTAL        ACCESS:   22899903 HIT:          0 MISS:   22899903 MSHR_MERGE:          0
cpu20->cpu20_L2C LOAD         ACCESS:   20500494 HIT:          0 MISS:   20500494 MSHR_MERGE:          0
cpu20->cpu20_L2C RFO          ACCESS:    2390528 HIT:          0 MISS:    2390528 MSHR_MERGE:          0
cpu20->cpu20_L2C PREFETCH     ACCESS:          1 HIT:          0 MISS:          1 MSHR_MERGE:          0
cpu20->cpu20_L2C WRITE        ACCESS:          0 HIT:          0 MISS:          0 MSHR_MERGE:          0
cpu20->cpu20_L2C TRANSLATION  ACCESS:       8880 HIT:          0 MISS:       8880 MSHR_MERGE:          0
cpu20->cpu20_L2C PREFETCH REQUESTED:          0 ISSUED:          0 USEFUL:          0 USELESS:          0
cpu20->cpu20_L2C AVERAGE MISS LATENCY: 18.13 cycles
cpu20->cpu20_L1I TOTAL        ACCESS:   73119019 HIT:   73119018 MISS:          1 MSHR_MERGE:          0
cpu20->cpu20_L1I LOAD         ACCESS:   36564895 HIT:   36564895 MISS:          0 MSHR_MERGE:          0
cpu20->cpu20_L1I RFO          ACCESS:          0 HIT:          0 MISS:          0 MSHR_MERGE:          0
cpu20->cpu20_L1I PREFETCH     ACCESS:   36554124 HIT:   36554123 MISS:          1 MSHR_MERGE:          0
cpu20->cpu20_L1I WRITE        ACCESS:          0 HIT:          0 MISS:          0 MSHR_MERGE:          0
cpu20->cpu20_L1I TRANSLATION  ACCESS:          0 HIT:          0 MISS:          0 MSHR_MERGE:          0
cpu20->cpu20_L1I PREFETCH REQUESTED:   36564895 ISSUED:   36554092 USEFUL:          0 USELESS:          0
cpu20->cpu20_L1I AVERAGE MISS LATENCY: - cycles
cpu20->cpu20_L1D TOTAL        ACCESS:   34000030 HIT:          0 MISS:   34000030 MSHR_MERGE:   11100127
cpu20->cpu20_L1D LOAD         ACCESS:   26893185 HIT:          0 MISS:   26893185 MSHR_MERGE:    6392690
cpu20->cpu20_L1D RFO          ACCESS:          0 HIT:          0 MISS:          0 MSHR_MERGE:          0
cpu20->cpu20_L1D PREFETCH     ACCESS:          0 HIT:          0 MISS:          0 MSHR_MERGE:          0
cpu20->cpu20_L1D WRITE        ACCESS:    7097965 HIT:          0 MISS:    7097965 MSHR_MERGE:    4707437
cpu20->cpu20_L1D TRANSLATION  ACCESS:       8880 HIT:          0 MISS:       8880 MSHR_MERGE:          0
cpu20->cpu20_L1D PREFETCH REQUESTED:          0 ISSUED:          0 USEFUL:          0 USELESS:          0
cpu20->cpu20_L1D AVERAGE MISS LATENCY: 21.14 cycles
cpu20->cpu20_ITLB TOTAL        ACCESS:   48928812 HIT:   48928812 MISS:          0 MSHR_MERGE:          0
cpu20->cpu20_ITLB LOAD         ACCESS:   48928812 HIT:   48928812 MISS:          0 MSHR_MERGE:          0
cpu20->cpu20_ITLB RFO          ACCESS:          0 HIT:          0 MISS:          0 MSHR_MERGE:          0
cpu20->cpu20_ITLB PREFETCH     ACCESS:          0 HIT:          0 MISS:          0 MSHR_MERGE:          0
cpu20->cpu20_ITLB WRITE        ACCESS:          0 HIT:          0 MISS:          0 MSHR_MERGE:          0
cpu20->cpu20_ITLB TRANSLATION  ACCESS:          0 HIT:          0 MISS:          0 MSHR_MERGE:          0
cpu20->cpu20_ITLB PREFETCH REQUESTED:          0 ISSUED:          0 USEFUL:          0 USELESS:          0
cpu20->cpu20_ITLB AVERAGE MISS LATENCY: - cycles
cpu20->cpu20_DTLB TOTAL        ACCESS:   33988759 HIT:   33946795 MISS:      41964 MSHR_MERGE:      29940
cpu20->cpu20_DTLB LOAD         ACCESS:   33988759 HIT:   33946795 MISS:      41964 MSHR_MERGE:      29940
cpu20->cpu20_DTLB RFO          ACCESS:          0 HIT:          0 MISS:          0 MSHR_MERGE:          0
cpu20->cpu20_DTLB PREFETCH     ACCESS:          0 HIT:          0 MISS:          0 MSHR_MERGE:          0
cpu20->cpu20_DTLB WRITE        ACCESS:          0 HIT:          0 MISS:          0 MSHR_MERGE:          0
cpu20->cpu20_DTLB TRANSLATION  ACCESS:          0 HIT:          0 MISS:          0 MSHR_MERGE:          0
cpu20->cpu20_DTLB PREFETCH REQUESTED:          0 ISSUED:          0 USEFUL:          0 USELESS:          0
cpu20->cpu20_DTLB AVERAGE MISS LATENCY: 262.6 cycles
cpu1->cpu1_STLB TOTAL        ACCESS:      12041 HIT:       7596 MISS:       4445 MSHR_MERGE:          0
cpu1->cpu1_STLB LOAD         ACCESS:      12041 HIT:       7596 MISS:       4445 MSHR_MERGE:          0
cpu1->cpu1_STLB RFO          ACCESS:          0 HIT:          0 MISS:          0 MSHR_MERGE:          0
cpu1->cpu1_STLB PREFETCH     ACCESS:          0 HIT:          0 MISS:          0 MSHR_MERGE:          0
cpu1->cpu1_STLB WRITE        ACCESS:          0 HIT:          0 MISS:          0 MSHR_MERGE:          0
cpu1->cpu1_STLB TRANSLATION  ACCESS:          0 HIT:          0 MISS:          0 MSHR_MERGE:          0
cpu1->cpu1_STLB PREFETCH REQUESTED:          0 ISSUED:          0 USEFUL:          0 USELESS:          0
cpu1->cpu1_STLB AVERAGE MISS LATENCY: 693.9 cycles
cpu1->cpu1_L2C TOTAL        ACCESS:   22923159 HIT:          0 MISS:   22923159 MSHR_MERGE:          0
cpu1->cpu1_L2C LOAD         ACCESS:   20520296 HIT:          0 MISS:   20520296 MSHR_MERGE:          0
cpu1->cpu1_L2C RFO          ACCESS:    2393964 HIT:          0 MISS:    2393964 MSHR_MERGE:          0
cpu1->cpu1_L2C PREFETCH     ACCESS:          1 HIT:          0 MISS:          1 MSHR_MERGE:          0
cpu1->cpu1_L2C WRITE        ACCESS:          0 HIT:          0 MISS:          0 MSHR_MERGE:          0
cpu1->cpu1_L2C TRANSLATION  ACCESS:       8898 HIT:          0 MISS:       8898 MSHR_MERGE:          0
cpu1->cpu1_L2C PREFETCH REQUESTED:          0 ISSUED:          0 USEFUL:          0 USELESS:          0
cpu1->cpu1_L2C AVERAGE MISS LATENCY: 18.12 cycles
cpu1->cpu1_L1I TOTAL        ACCESS:   73191189 HIT:   73191188 MISS:          1 MSHR_MERGE:          0
cpu1->cpu1_L1I LOAD         ACCESS:   36601724 HIT:   36601724 MISS:          0 MSHR_MERGE:          0
cpu1->cpu1_L1I RFO          ACCESS:          0 HIT:          0 MISS:          0 MSHR_MERGE:          0
cpu1->cpu1_L1I PREFETCH     ACCESS:   36589465 HIT:   36589464 MISS:          1 MSHR_MERGE:          0
cpu1->cpu1_L1I WRITE        ACCESS:          0 HIT:          0 MISS:          0 MSHR_MERGE:          0
cpu1->cpu1_L1I TRANSLATION  ACCESS:          0 HIT:          0 MISS:          0 MSHR_MERGE:          0
cpu1->cpu1_L1I PREFETCH REQUESTED:   36601724 ISSUED:   36589433 USEFUL:          0 USELESS:          0
cpu1->cpu1_L1I AVERAGE MISS LATENCY: - cycles
cpu1->cpu1_L1D TOTAL        ACCESS:   34036031 HIT:          0 MISS:   34036031 MSHR_MERGE:   11112873
cpu1->cpu1_L1D LOAD         ACCESS:   26922145 HIT:          0 MISS:   26922145 MSHR_MERGE:    6401849
cpu1->cpu1_L1D RFO          ACCESS:          0 HIT:          0 MISS:          0 MSHR_MERGE:          0
cpu1->cpu1_L1D PREFETCH     ACCESS:          0 HIT:          0 MISS:          0 MSHR_MERGE:          0
cpu1->cpu1_L1D WRITE        ACCESS:    7104988 HIT:          0 MISS:    7104988 MSHR_MERGE:    4711024
cpu1->cpu1_L1D TRANSLATION  ACCESS:       8898 HIT:          0 MISS:       8898 MSHR_MERGE:          0
cpu1->cpu1_L1D PREFETCH REQUESTED:          0 ISSUED:          0 USEFUL:          0 USELESS:          0
cpu1->cpu1_L1D AVERAGE MISS LATENCY: 21.13 cycles
cpu1->cpu1_ITLB TOTAL        ACCESS:   48971927 HIT:   48971927 MISS:          0 MSHR_MERGE:          0
cpu1->cpu1_ITLB LOAD         ACCESS:   48971927 HIT:   48971927 MISS:          0 MSHR_MERGE:          0
cpu1->cpu1_ITLB RFO          ACCESS:          0 HIT:          0 MISS:          0 MSHR_MERGE:          0
cpu1->cpu1_ITLB PREFETCH     ACCESS:          0 HIT:          0 MISS:          0 MSHR_MERGE:          0
cpu1->cpu1_ITLB WRITE        ACCESS:          0 HIT:          0 MISS:          0 MSHR_MERGE:          0
cpu1->cpu1_ITLB TRANSLATION  ACCESS:          0 HIT:          0 MISS:          0 MSHR_MERGE:          0
cpu1->cpu1_ITLB PREFETCH REQUESTED:          0 ISSUED:          0 USEFUL:          0 USELESS:          0
cpu1->cpu1_ITLB AVERAGE MISS LATENCY: - cycles
cpu1->cpu1_DTLB TOTAL        ACCESS:   34024783 HIT:   33982853 MISS:      41930 MSHR_MERGE:      29889
cpu1->cpu1_DTLB LOAD         ACCESS:   34024783 HIT:   33982853 MISS:      41930 MSHR_MERGE:      29889
cpu1->cpu1_DTLB RFO          ACCESS:          0 HIT:          0 MISS:          0 MSHR_MERGE:          0
cpu1->cpu1_DTLB PREFETCH     ACCESS:          0 HIT:          0 MISS:          0 MSHR_MERGE:          0
cpu1->cpu1_DTLB WRITE        ACCESS:          0 HIT:          0 MISS:          0 MSHR_MERGE:          0
cpu1->cpu1_DTLB TRANSLATION  ACCESS:          0 HIT:          0 MISS:          0 MSHR_MERGE:          0
cpu1->cpu1_DTLB PREFETCH REQUESTED:          0 ISSUED:          0 USEFUL:          0 USELESS:          0
cpu1->cpu1_DTLB AVERAGE MISS LATENCY: 261.5 cycles
cpu19->cpu19_STLB TOTAL        ACCESS:      11972 HIT:       7554 MISS:       4418 MSHR_MERGE:          0
cpu19->cpu19_STLB LOAD         ACCESS:      11972 HIT:       7554 MISS:       4418 MSHR_MERGE:          0
cpu19->cpu19_STLB RFO          ACCESS:          0 HIT:          0 MISS:          0 MSHR_MERGE:          0
cpu19->cpu19_STLB PREFETCH     ACCESS:          0 HIT:          0 MISS:          0 MSHR_MERGE:          0
cpu19->cpu19_STLB WRITE        ACCESS:          0 HIT:          0 MISS:          0 MSHR_MERGE:          0
cpu19->cpu19_STLB TRANSLATION  ACCESS:          0 HIT:          0 MISS:          0 MSHR_MERGE:          0
cpu19->cpu19_STLB PREFETCH REQUESTED:          0 ISSUED:          0 USEFUL:          0 USELESS:          0
cpu19->cpu19_STLB AVERAGE MISS LATENCY: 687.5 cycles
cpu19->cpu19_L2C TOTAL        ACCESS:   22839801 HIT:          0 MISS:   22839801 MSHR_MERGE:          0
cpu19->cpu19_L2C LOAD         ACCESS:   20394992 HIT:          0 MISS:   20394992 MSHR_MERGE:          0
cpu19->cpu19_L2C RFO          ACCESS:    2435964 HIT:          0 MISS:    2435964 MSHR_MERGE:          0
cpu19->cpu19_L2C PREFETCH     ACCESS:          1 HIT:          0 MISS:          1 MSHR_MERGE:          0
cpu19->cpu19_L2C WRITE        ACCESS:          0 HIT:          0 MISS:          0 MSHR_MERGE:          0
cpu19->cpu19_L2C TRANSLATION  ACCESS:       8844 HIT:          0 MISS:       8844 MSHR_MERGE:          0
cpu19->cpu19_L2C PREFETCH REQUESTED:          0 ISSUED:          0 USEFUL:          0 USELESS:          0
cpu19->cpu19_L2C AVERAGE MISS LATENCY: 18.43 cycles
cpu19->cpu19_L1I TOTAL        ACCESS:   72242733 HIT:   72242732 MISS:          1 MSHR_MERGE:          0
cpu19->cpu19_L1I LOAD         ACCESS:   36127465 HIT:   36127465 MISS:          0 MSHR_MERGE:          0
cpu19->cpu19_L1I RFO          ACCESS:          0 HIT:          0 MISS:          0 MSHR_MERGE:          0
cpu19->cpu19_L1I PREFETCH     ACCESS:   36115268 HIT:   36115267 MISS:          1 MSHR_MERGE:          0
cpu19->cpu19_L1I WRITE        ACCESS:          0 HIT:          0 MISS:          0 MSHR_MERGE:          0
cpu19->cpu19_L1I TRANSLATION  ACCESS:          0 HIT:          0 MISS:          0 MSHR_MERGE:          0
cpu19->cpu19_L1I PREFETCH REQUESTED:   36127465 ISSUED:   36115236 USEFUL:          0 USELESS:          0
cpu19->cpu19_L1I AVERAGE MISS LATENCY: - cycles
cpu19->cpu19_L1D TOTAL        ACCESS:   33574254 HIT:          0 MISS:   33574254 MSHR_MERGE:   10734454
cpu19->cpu19_L1D LOAD         ACCESS:   26503660 HIT:          0 MISS:   26503660 MSHR_MERGE:    6108668
cpu19->cpu19_L1D RFO          ACCESS:          0 HIT:          0 MISS:          0 MSHR_MERGE:          0
cpu19->cpu19_L1D PREFETCH     ACCESS:          0 HIT:          0 MISS:          0 MSHR_MERGE:          0
cpu19->cpu19_L1D WRITE        ACCESS:    7061750 HIT:          0 MISS:    7061750 MSHR_MERGE:    4625786
cpu19->cpu19_L1D TRANSLATION  ACCESS:       8844 HIT:          0 MISS:       8844 MSHR_MERGE:          0
cpu19->cpu19_L1D PREFETCH REQUESTED:          0 ISSUED:          0 USEFUL:          0 USELESS:          0
cpu19->cpu19_L1D AVERAGE MISS LATENCY: 21.44 cycles
cpu19->cpu19_ITLB TOTAL        ACCESS:   48543730 HIT:   48543730 MISS:          0 MSHR_MERGE:          0
cpu19->cpu19_ITLB LOAD         ACCESS:   48543730 HIT:   48543730 MISS:          0 MSHR_MERGE:          0
cpu19->cpu19_ITLB RFO          ACCESS:          0 HIT:          0 MISS:          0 MSHR_MERGE:          0
cpu19->cpu19_ITLB PREFETCH     ACCESS:          0 HIT:          0 MISS:          0 MSHR_MERGE:          0
cpu19->cpu19_ITLB WRITE        ACCESS:          0 HIT:          0 MISS:          0 MSHR_MERGE:          0
cpu19->cpu19_ITLB TRANSLATION  ACCESS:          0 HIT:          0 MISS:          0 MSHR_MERGE:          0
cpu19->cpu19_ITLB PREFETCH REQUESTED:          0 ISSUED:          0 USEFUL:          0 USELESS:          0
cpu19->cpu19_ITLB AVERAGE MISS LATENCY: - cycles
cpu19->cpu19_DTLB TOTAL        ACCESS:   33563136 HIT:   33521769 MISS:      41367 MSHR_MERGE:      29395
cpu19->cpu19_DTLB LOAD         ACCESS:   33563136 HIT:   33521769 MISS:      41367 MSHR_MERGE:      29395
cpu19->cpu19_DTLB RFO          ACCESS:          0 HIT:          0 MISS:          0 MSHR_MERGE:          0
cpu19->cpu19_DTLB PREFETCH     ACCESS:          0 HIT:          0 MISS:          0 MSHR_MERGE:          0
cpu19->cpu19_DTLB WRITE        ACCESS:          0 HIT:          0 MISS:          0 MSHR_MERGE:          0
cpu19->cpu19_DTLB TRANSLATION  ACCESS:          0 HIT:          0 MISS:          0 MSHR_MERGE:          0
cpu19->cpu19_DTLB PREFETCH REQUESTED:          0 ISSUED:          0 USEFUL:          0 USELESS:          0
cpu19->cpu19_DTLB AVERAGE MISS LATENCY: 259.1 cycles
cpu18->cpu18_STLB TOTAL        ACCESS:      12120 HIT:       7648 MISS:       4472 MSHR_MERGE:          0
cpu18->cpu18_STLB LOAD         ACCESS:      12120 HIT:       7648 MISS:       4472 MSHR_MERGE:          0
cpu18->cpu18_STLB RFO          ACCESS:          0 HIT:          0 MISS:          0 MSHR_MERGE:          0
cpu18->cpu18_STLB PREFETCH     ACCESS:          0 HIT:          0 MISS:          0 MSHR_MERGE:          0
cpu18->cpu18_STLB WRITE        ACCESS:          0 HIT:          0 MISS:          0 MSHR_MERGE:          0
cpu18->cpu18_STLB TRANSLATION  ACCESS:          0 HIT:          0 MISS:          0 MSHR_MERGE:          0
cpu18->cpu18_STLB PREFETCH REQUESTED:          0 ISSUED:          0 USEFUL:          0 USELESS:          0
cpu18->cpu18_STLB AVERAGE MISS LATENCY: 689.9 cycles
cpu18->cpu18_L2C TOTAL        ACCESS:   23121264 HIT:          0 MISS:   23121264 MSHR_MERGE:          0
cpu18->cpu18_L2C LOAD         ACCESS:   20647122 HIT:          0 MISS:   20647122 MSHR_MERGE:          0
cpu18->cpu18_L2C RFO          ACCESS:    2465189 HIT:          0 MISS:    2465189 MSHR_MERGE:          0
cpu18->cpu18_L2C PREFETCH     ACCESS:          1 HIT:          0 MISS:          1 MSHR_MERGE:          0
cpu18->cpu18_L2C WRITE        ACCESS:          0 HIT:          0 MISS:          0 MSHR_MERGE:          0
cpu18->cpu18_L2C TRANSLATION  ACCESS:       8952 HIT:          0 MISS:       8952 MSHR_MERGE:          0
cpu18->cpu18_L2C PREFETCH REQUESTED:          0 ISSUED:          0 USEFUL:          0 USELESS:          0
cpu18->cpu18_L2C AVERAGE MISS LATENCY: 18.13 cycles
cpu18->cpu18_L1I TOTAL        ACCESS:   73106672 HIT:   73106671 MISS:          1 MSHR_MERGE:          0
cpu18->cpu18_L1I LOAD         ACCESS:   36559510 HIT:   36559510 MISS:          0 MSHR_MERGE:          0
cpu18->cpu18_L1I RFO          ACCESS:          0 HIT:          0 MISS:          0 MSHR_MERGE:          0
cpu18->cpu18_L1I PREFETCH     ACCESS:   36547162 HIT:   36547161 MISS:          1 MSHR_MERGE:          0
cpu18->cpu18_L1I WRITE        ACCESS:          0 HIT:          0 MISS:          0 MSHR_MERGE:          0
cpu18->cpu18_L1I TRANSLATION  ACCESS:          0 HIT:          0 MISS:          0 MSHR_MERGE:          0
cpu18->cpu18_L1I PREFETCH REQUESTED:   36559510 ISSUED:   36547136 USEFUL:          0 USELESS:          0
cpu18->cpu18_L1I AVERAGE MISS LATENCY: - cycles
cpu18->cpu18_L1D TOTAL        ACCESS:   33970838 HIT:          0 MISS:   33970838 MSHR_MERGE:   10849574
cpu18->cpu18_L1D LOAD         ACCESS:   26815022 HIT:          0 MISS:   26815022 MSHR_MERGE:    6167899
cpu18->cpu18_L1D RFO          ACCESS:          0 HIT:          0 MISS:          0 MSHR_MERGE:          0
cpu18->cpu18_L1D PREFETCH     ACCESS:          0 HIT:          0 MISS:          0 MSHR_MERGE:          0
cpu18->cpu18_L1D WRITE        ACCESS:    7146864 HIT:          0 MISS:    7146864 MSHR_MERGE:    4681675
cpu18->cpu18_L1D TRANSLATION  ACCESS:       8952 HIT:          0 MISS:       8952 MSHR_MERGE:          0
cpu18->cpu18_L1D PREFETCH REQUESTED:          0 ISSUED:          0 USEFUL:          0 USELESS:          0
cpu18->cpu18_L1D AVERAGE MISS LATENCY: 21.14 cycles
cpu18->cpu18_ITLB TOTAL        ACCESS:   49108511 HIT:   49108511 MISS:          0 MSHR_MERGE:          0
cpu18->cpu18_ITLB LOAD         ACCESS:   49108511 HIT:   49108511 MISS:          0 MSHR_MERGE:          0
cpu18->cpu18_ITLB RFO          ACCESS:          0 HIT:          0 MISS:          0 MSHR_MERGE:          0
cpu18->cpu18_ITLB PREFETCH     ACCESS:          0 HIT:          0 MISS:          0 MSHR_MERGE:          0
cpu18->cpu18_ITLB WRITE        ACCESS:          0 HIT:          0 MISS:          0 MSHR_MERGE:          0
cpu18->cpu18_ITLB TRANSLATION  ACCESS:          0 HIT:          0 MISS:          0 MSHR_MERGE:          0
cpu18->cpu18_ITLB PREFETCH REQUESTED:          0 ISSUED:          0 USEFUL:          0 USELESS:          0
cpu18->cpu18_ITLB AVERAGE MISS LATENCY: - cycles
cpu18->cpu18_DTLB TOTAL        ACCESS:   33959597 HIT:   33917640 MISS:      41957 MSHR_MERGE:      29837
cpu18->cpu18_DTLB LOAD         ACCESS:   33959597 HIT:   33917640 MISS:      41957 MSHR_MERGE:      29837
cpu18->cpu18_DTLB RFO          ACCESS:          0 HIT:          0 MISS:          0 MSHR_MERGE:          0
cpu18->cpu18_DTLB PREFETCH     ACCESS:          0 HIT:          0 MISS:          0 MSHR_MERGE:          0
cpu18->cpu18_DTLB WRITE        ACCESS:          0 HIT:          0 MISS:          0 MSHR_MERGE:          0
cpu18->cpu18_DTLB TRANSLATION  ACCESS:          0 HIT:          0 MISS:          0 MSHR_MERGE:          0
cpu18->cpu18_DTLB PREFETCH REQUESTED:          0 ISSUED:          0 USEFUL:          0 USELESS:          0
cpu18->cpu18_DTLB AVERAGE MISS LATENCY: 259.9 cycles
cpu17->cpu17_STLB TOTAL        ACCESS:      12009 HIT:       7574 MISS:       4435 MSHR_MERGE:          0
cpu17->cpu17_STLB LOAD         ACCESS:      12009 HIT:       7574 MISS:       4435 MSHR_MERGE:          0
cpu17->cpu17_STLB RFO          ACCESS:          0 HIT:          0 MISS:          0 MSHR_MERGE:          0
cpu17->cpu17_STLB PREFETCH     ACCESS:          0 HIT:          0 MISS:          0 MSHR_MERGE:          0
cpu17->cpu17_STLB WRITE        ACCESS:          0 HIT:          0 MISS:          0 MSHR_MERGE:          0
cpu17->cpu17_STLB TRANSLATION  ACCESS:          0 HIT:          0 MISS:          0 MSHR_MERGE:          0
cpu17->cpu17_STLB PREFETCH REQUESTED:          0 ISSUED:          0 USEFUL:          0 USELESS:          0
cpu17->cpu17_STLB AVERAGE MISS LATENCY: 699.2 cycles
cpu17->cpu17_L2C TOTAL        ACCESS:   22870864 HIT:          0 MISS:   22870864 MSHR_MERGE:          0
cpu17->cpu17_L2C LOAD         ACCESS:   20471922 HIT:          0 MISS:   20471922 MSHR_MERGE:          0
cpu17->cpu17_L2C RFO          ACCESS:    2390063 HIT:          0 MISS:    2390063 MSHR_MERGE:          0
cpu17->cpu17_L2C PREFETCH     ACCESS:          1 HIT:          0 MISS:          1 MSHR_MERGE:          0
cpu17->cpu17_L2C WRITE        ACCESS:          0 HIT:          0 MISS:          0 MSHR_MERGE:          0
cpu17->cpu17_L2C TRANSLATION  ACCESS:       8878 HIT:          0 MISS:       8878 MSHR_MERGE:          0
cpu17->cpu17_L2C PREFETCH REQUESTED:          0 ISSUED:          0 USEFUL:          0 USELESS:          0
cpu17->cpu17_L2C AVERAGE MISS LATENCY: 18.17 cycles
cpu17->cpu17_L1I TOTAL        ACCESS:   73000172 HIT:   73000171 MISS:          1 MSHR_MERGE:          0
cpu17->cpu17_L1I LOAD         ACCESS:   36506190 HIT:   36506190 MISS:          0 MSHR_MERGE:          0
cpu17->cpu17_L1I RFO          ACCESS:          0 HIT:          0 MISS:          0 MSHR_MERGE:          0
cpu17->cpu17_L1I PREFETCH     ACCESS:   36493982 HIT:   36493981 MISS:          1 MSHR_MERGE:          0
cpu17->cpu17_L1I WRITE        ACCESS:          0 HIT:          0 MISS:          0 MSHR_MERGE:          0
cpu17->cpu17_L1I TRANSLATION  ACCESS:          0 HIT:          0 MISS:          0 MSHR_MERGE:          0
cpu17->cpu17_L1I PREFETCH REQUESTED:   36506190 ISSUED:   36493950 USEFUL:          0 USELESS:          0
cpu17->cpu17_L1I AVERAGE MISS LATENCY: - cycles
cpu17->cpu17_L1D TOTAL        ACCESS:   33946797 HIT:          0 MISS:   33946797 MSHR_MERGE:   11075934
cpu17->cpu17_L1D LOAD         ACCESS:   26852405 HIT:          0 MISS:   26852405 MSHR_MERGE:    6380483
cpu17->cpu17_L1D RFO          ACCESS:          0 HIT:          0 MISS:          0 MSHR_MERGE:          0
cpu17->cpu17_L1D PREFETCH     ACCESS:          0 HIT:          0 MISS:          0 MSHR_MERGE:          0
cpu17->cpu17_L1D WRITE        ACCESS:    7085514 HIT:          0 MISS:    7085514 MSHR_MERGE:    4695451
cpu17->cpu17_L1D TRANSLATION  ACCESS:       8878 HIT:          0 MISS:       8878 MSHR_MERGE:          0
cpu17->cpu17_L1D PREFETCH REQUESTED:          0 ISSUED:          0 USEFUL:          0 USELESS:          0
cpu17->cpu17_L1D AVERAGE MISS LATENCY: 21.17 cycles
cpu17->cpu17_ITLB TOTAL        ACCESS:   48843592 HIT:   48843592 MISS:          0 MSHR_MERGE:          0
cpu17->cpu17_ITLB LOAD         ACCESS:   48843592 HIT:   48843592 MISS:          0 MSHR_MERGE:          0
cpu17->cpu17_ITLB RFO          ACCESS:          0 HIT:          0 MISS:          0 MSHR_MERGE:          0
cpu17->cpu17_ITLB PREFETCH     ACCESS:          0 HIT:          0 MISS:          0 MSHR_MERGE:          0
cpu17->cpu17_ITLB WRITE        ACCESS:          0 HIT:          0 MISS:          0 MSHR_MERGE:          0
cpu17->cpu17_ITLB TRANSLATION  ACCESS:          0 HIT:          0 MISS:          0 MSHR_MERGE:          0
cpu17->cpu17_ITLB PREFETCH REQUESTED:          0 ISSUED:          0 USEFUL:          0 USELESS:          0
cpu17->cpu17_ITLB AVERAGE MISS LATENCY: - cycles
cpu17->cpu17_DTLB TOTAL        ACCESS:   33935545 HIT:   33893719 MISS:      41826 MSHR_MERGE:      29817
cpu17->cpu17_DTLB LOAD         ACCESS:   33935545 HIT:   33893719 MISS:      41826 MSHR_MERGE:      29817
cpu17->cpu17_DTLB RFO          ACCESS:          0 HIT:          0 MISS:          0 MSHR_MERGE:          0
cpu17->cpu17_DTLB PREFETCH     ACCESS:          0 HIT:          0 MISS:          0 MSHR_MERGE:          0
cpu17->cpu17_DTLB WRITE        ACCESS:          0 HIT:          0 MISS:          0 MSHR_MERGE:          0
cpu17->cpu17_DTLB TRANSLATION  ACCESS:          0 HIT:          0 MISS:          0 MSHR_MERGE:          0
cpu17->cpu17_DTLB PREFETCH REQUESTED:          0 ISSUED:          0 USEFUL:          0 USELESS:          0
cpu17->cpu17_DTLB AVERAGE MISS LATENCY: 263.5 cycles
cpu16->cpu16_STLB TOTAL        ACCESS:      11992 HIT:       7565 MISS:       4427 MSHR_MERGE:          0
cpu16->cpu16_STLB LOAD         ACCESS:      11992 HIT:       7565 MISS:       4427 MSHR_MERGE:          0
cpu16->cpu16_STLB RFO          ACCESS:          0 HIT:          0 MISS:          0 MSHR_MERGE:          0
cpu16->cpu16_STLB PREFETCH     ACCESS:          0 HIT:          0 MISS:          0 MSHR_MERGE:          0
cpu16->cpu16_STLB WRITE        ACCESS:          0 HIT:          0 MISS:          0 MSHR_MERGE:          0
cpu16->cpu16_STLB TRANSLATION  ACCESS:          0 HIT:          0 MISS:          0 MSHR_MERGE:          0
cpu16->cpu16_STLB PREFETCH REQUESTED:          0 ISSUED:          0 USEFUL:          0 USELESS:          0
cpu16->cpu16_STLB AVERAGE MISS LATENCY: 689.6 cycles
cpu16->cpu16_L2C TOTAL        ACCESS:   22881433 HIT:          0 MISS:   22881433 MSHR_MERGE:          0
cpu16->cpu16_L2C LOAD         ACCESS:   20432572 HIT:          0 MISS:   20432572 MSHR_MERGE:          0
cpu16->cpu16_L2C RFO          ACCESS:    2439998 HIT:          0 MISS:    2439998 MSHR_MERGE:          0
cpu16->cpu16_L2C PREFETCH     ACCESS:          1 HIT:          0 MISS:          1 MSHR_MERGE:          0
cpu16->cpu16_L2C WRITE        ACCESS:          0 HIT:          0 MISS:          0 MSHR_MERGE:          0
cpu16->cpu16_L2C TRANSLATION  ACCESS:       8862 HIT:          0 MISS:       8862 MSHR_MERGE:          0
cpu16->cpu16_L2C PREFETCH REQUESTED:          0 ISSUED:          0 USEFUL:          0 USELESS:          0
cpu16->cpu16_L2C AVERAGE MISS LATENCY: 18.43 cycles
cpu16->cpu16_L1I TOTAL        ACCESS:   72365683 HIT:   72365682 MISS:          1 MSHR_MERGE:          0
cpu16->cpu16_L1I LOAD         ACCESS:   36188957 HIT:   36188957 MISS:          0 MSHR_MERGE:          0
cpu16->cpu16_L1I RFO          ACCESS:          0 HIT:          0 MISS:          0 MSHR_MERGE:          0
cpu16->cpu16_L1I PREFETCH     ACCESS:   36176726 HIT:   36176725 MISS:          1 MSHR_MERGE:          0
cpu16->cpu16_L1I WRITE        ACCESS:          0 HIT:          0 MISS:          0 MSHR_MERGE:          0
cpu16->cpu16_L1I TRANSLATION  ACCESS:          0 HIT:          0 MISS:          0 MSHR_MERGE:          0
cpu16->cpu16_L1I PREFETCH REQUESTED:   36188957 ISSUED:   36176702 USEFUL:          0 USELESS:          0
cpu16->cpu16_L1I AVERAGE MISS LATENCY: - cycles
cpu16->cpu16_L1D TOTAL        ACCESS:   33636896 HIT:          0 MISS:   33636896 MSHR_MERGE:   10755465
cpu16->cpu16_L1D LOAD         ACCESS:   26554362 HIT:          0 MISS:   26554362 MSHR_MERGE:    6121791
cpu16->cpu16_L1D RFO          ACCESS:          0 HIT:          0 MISS:          0 MSHR_MERGE:          0
cpu16->cpu16_L1D PREFETCH     ACCESS:          0 HIT:          0 MISS:          0 MSHR_MERGE:          0
cpu16->cpu16_L1D WRITE        ACCESS:    7073672 HIT:          0 MISS:    7073672 MSHR_MERGE:    4633674
cpu16->cpu16_L1D TRANSLATION  ACCESS:       8862 HIT:          0 MISS:       8862 MSHR_MERGE:          0
cpu16->cpu16_L1D PREFETCH REQUESTED:          0 ISSUED:          0 USEFUL:          0 USELESS:          0
cpu16->cpu16_L1D AVERAGE MISS LATENCY: 21.44 cycles
cpu16->cpu16_ITLB TOTAL        ACCESS:   48634278 HIT:   48634278 MISS:          0 MSHR_MERGE:          0
cpu16->cpu16_ITLB LOAD         ACCESS:   48634278 HIT:   48634278 MISS:          0 MSHR_MERGE:          0
cpu16->cpu16_ITLB RFO          ACCESS:          0 HIT:          0 MISS:          0 MSHR_MERGE:          0
cpu16->cpu16_ITLB PREFETCH     ACCESS:          0 HIT:          0 MISS:          0 MSHR_MERGE:          0
cpu16->cpu16_ITLB WRITE        ACCESS:          0 HIT:          0 MISS:          0 MSHR_MERGE:          0
cpu16->cpu16_ITLB TRANSLATION  ACCESS:          0 HIT:          0 MISS:          0 MSHR_MERGE:          0
cpu16->cpu16_ITLB PREFETCH REQUESTED:          0 ISSUED:          0 USEFUL:          0 USELESS:          0
cpu16->cpu16_ITLB AVERAGE MISS LATENCY: - cycles
cpu16->cpu16_DTLB TOTAL        ACCESS:   33625759 HIT:   33584310 MISS:      41449 MSHR_MERGE:      29457
cpu16->cpu16_DTLB LOAD         ACCESS:   33625759 HIT:   33584310 MISS:      41449 MSHR_MERGE:      29457
cpu16->cpu16_DTLB RFO          ACCESS:          0 HIT:          0 MISS:          0 MSHR_MERGE:          0
cpu16->cpu16_DTLB PREFETCH     ACCESS:          0 HIT:          0 MISS:          0 MSHR_MERGE:          0
cpu16->cpu16_DTLB WRITE        ACCESS:          0 HIT:          0 MISS:          0 MSHR_MERGE:          0
cpu16->cpu16_DTLB TRANSLATION  ACCESS:          0 HIT:          0 MISS:          0 MSHR_MERGE:          0
cpu16->cpu16_DTLB PREFETCH REQUESTED:          0 ISSUED:          0 USEFUL:          0 USELESS:          0
cpu16->cpu16_DTLB AVERAGE MISS LATENCY: 259.9 cycles
cpu15->cpu15_STLB TOTAL        ACCESS:      11996 HIT:       7569 MISS:       4427 MSHR_MERGE:          0
cpu15->cpu15_STLB LOAD         ACCESS:      11996 HIT:       7569 MISS:       4427 MSHR_MERGE:          0
cpu15->cpu15_STLB RFO          ACCESS:          0 HIT:          0 MISS:          0 MSHR_MERGE:          0
cpu15->cpu15_STLB PREFETCH     ACCESS:          0 HIT:          0 MISS:          0 MSHR_MERGE:          0
cpu15->cpu15_STLB WRITE        ACCESS:          0 HIT:          0 MISS:          0 MSHR_MERGE:          0
cpu15->cpu15_STLB TRANSLATION  ACCESS:          0 HIT:          0 MISS:          0 MSHR_MERGE:          0
cpu15->cpu15_STLB PREFETCH REQUESTED:          0 ISSUED:          0 USEFUL:          0 USELESS:          0
cpu15->cpu15_STLB AVERAGE MISS LATENCY: 693.2 cycles
cpu15->cpu15_L2C TOTAL        ACCESS:   22892538 HIT:          0 MISS:   22892538 MSHR_MERGE:          0
cpu15->cpu15_L2C LOAD         ACCESS:   20440716 HIT:          0 MISS:   20440716 MSHR_MERGE:          0
cpu15->cpu15_L2C RFO          ACCESS:    2442959 HIT:          0 MISS:    2442959 MSHR_MERGE:          0
cpu15->cpu15_L2C PREFETCH     ACCESS:          1 HIT:          0 MISS:          1 MSHR_MERGE:          0
cpu15->cpu15_L2C WRITE        ACCESS:          0 HIT:          0 MISS:          0 MSHR_MERGE:          0
cpu15->cpu15_L2C TRANSLATION  ACCESS:       8862 HIT:          0 MISS:       8862 MSHR_MERGE:          0
cpu15->cpu15_L2C PREFETCH REQUESTED:          0 ISSUED:          0 USEFUL:          0 USELESS:          0
cpu15->cpu15_L2C AVERAGE MISS LATENCY: 18.41 cycles
cpu15->cpu15_L1I TOTAL        ACCESS:   72393031 HIT:   72393030 MISS:          1 MSHR_MERGE:          0
cpu15->cpu15_L1I LOAD         ACCESS:   36202627 HIT:   36202627 MISS:          0 MSHR_MERGE:          0
cpu15->cpu15_L1I RFO          ACCESS:          0 HIT:          0 MISS:          0 MSHR_MERGE:          0
cpu15->cpu15_L1I PREFETCH     ACCESS:   36190404 HIT:   36190403 MISS:          1 MSHR_MERGE:          0
cpu15->cpu15_L1I WRITE        ACCESS:          0 HIT:          0 MISS:          0 MSHR_MERGE:          0
cpu15->cpu15_L1I TRANSLATION  ACCESS:          0 HIT:          0 MISS:          0 MSHR_MERGE:          0
cpu15->cpu15_L1I PREFETCH REQUESTED:   36202627 ISSUED:   36190372 USEFUL:          0 USELESS:          0
cpu15->cpu15_L1I AVERAGE MISS LATENCY: - cycles
cpu15->cpu15_L1D TOTAL        ACCESS:   33654954 HIT:          0 MISS:   33654954 MSHR_MERGE:   10762418
cpu15->cpu15_L1D LOAD         ACCESS:   26567685 HIT:          0 MISS:   26567685 MSHR_MERGE:    6126970
cpu15->cpu15_L1D RFO          ACCESS:          0 HIT:          0 MISS:          0 MSHR_MERGE:          0
cpu15->cpu15_L1D PREFETCH     ACCESS:          0 HIT:          0 MISS:          0 MSHR_MERGE:          0
cpu15->cpu15_L1D WRITE        ACCESS:    7078407 HIT:          0 MISS:    7078407 MSHR_MERGE:    4635448
cpu15->cpu15_L1D TRANSLATION  ACCESS:       8862 HIT:          0 MISS:       8862 MSHR_MERGE:          0
cpu15->cpu15_L1D PREFETCH REQUESTED:          0 ISSUED:          0 USEFUL:          0 USELESS:          0
cpu15->cpu15_L1D AVERAGE MISS LATENCY: 21.41 cycles
cpu15->cpu15_ITLB TOTAL        ACCESS:   48607706 HIT:   48607706 MISS:          0 MSHR_MERGE:          0
cpu15->cpu15_ITLB LOAD         ACCESS:   48607706 HIT:   48607706 MISS:          0 MSHR_MERGE:          0
cpu15->cpu15_ITLB RFO          ACCESS:          0 HIT:          0 MISS:          0 MSHR_MERGE:          0
cpu15->cpu15_ITLB PREFETCH     ACCESS:          0 HIT:          0 MISS:          0 MSHR_MERGE:          0
cpu15->cpu15_ITLB WRITE        ACCESS:          0 HIT:          0 MISS:          0 MSHR_MERGE:          0
cpu15->cpu15_ITLB TRANSLATION  ACCESS:          0 HIT:          0 MISS:          0 MSHR_MERGE:          0
cpu15->cpu15_ITLB PREFETCH REQUESTED:          0 ISSUED:          0 USEFUL:          0 USELESS:          0
cpu15->cpu15_ITLB AVERAGE MISS LATENCY: - cycles
cpu15->cpu15_DTLB TOTAL        ACCESS:   33643837 HIT:   33602386 MISS:      41451 MSHR_MERGE:      29455
cpu15->cpu15_DTLB LOAD         ACCESS:   33643837 HIT:   33602386 MISS:      41451 MSHR_MERGE:      29455
cpu15->cpu15_DTLB RFO          ACCESS:          0 HIT:          0 MISS:          0 MSHR_MERGE:          0
cpu15->cpu15_DTLB PREFETCH     ACCESS:          0 HIT:          0 MISS:          0 MSHR_MERGE:          0
cpu15->cpu15_DTLB WRITE        ACCESS:          0 HIT:          0 MISS:          0 MSHR_MERGE:          0
cpu15->cpu15_DTLB TRANSLATION  ACCESS:          0 HIT:          0 MISS:          0 MSHR_MERGE:          0
cpu15->cpu15_DTLB PREFETCH REQUESTED:          0 ISSUED:          0 USEFUL:          0 USELESS:          0
cpu15->cpu15_DTLB AVERAGE MISS LATENCY: 261.2 cycles
cpu14->cpu14_STLB TOTAL        ACCESS:      12024 HIT:       7588 MISS:       4436 MSHR_MERGE:          0
cpu14->cpu14_STLB LOAD         ACCESS:      12024 HIT:       7588 MISS:       4436 MSHR_MERGE:          0
cpu14->cpu14_STLB RFO          ACCESS:          0 HIT:          0 MISS:          0 MSHR_MERGE:          0
cpu14->cpu14_STLB PREFETCH     ACCESS:          0 HIT:          0 MISS:          0 MSHR_MERGE:          0
cpu14->cpu14_STLB WRITE        ACCESS:          0 HIT:          0 MISS:          0 MSHR_MERGE:          0
cpu14->cpu14_STLB TRANSLATION  ACCESS:          0 HIT:          0 MISS:          0 MSHR_MERGE:          0
cpu14->cpu14_STLB PREFETCH REQUESTED:          0 ISSUED:          0 USEFUL:          0 USELESS:          0
cpu14->cpu14_STLB AVERAGE MISS LATENCY: 694.4 cycles
cpu14->cpu14_L2C TOTAL        ACCESS:   22901941 HIT:          0 MISS:   22901941 MSHR_MERGE:          0
cpu14->cpu14_L2C LOAD         ACCESS:   20501295 HIT:          0 MISS:   20501295 MSHR_MERGE:          0
cpu14->cpu14_L2C RFO          ACCESS:    2391765 HIT:          0 MISS:    2391765 MSHR_MERGE:          0
cpu14->cpu14_L2C PREFETCH     ACCESS:          1 HIT:          0 MISS:          1 MSHR_MERGE:          0
cpu14->cpu14_L2C WRITE        ACCESS:          0 HIT:          0 MISS:          0 MSHR_MERGE:          0
cpu14->cpu14_L2C TRANSLATION  ACCESS:       8880 HIT:          0 MISS:       8880 MSHR_MERGE:          0
cpu14->cpu14_L2C PREFETCH REQUESTED:          0 ISSUED:          0 USEFUL:          0 USELESS:          0
cpu14->cpu14_L2C AVERAGE MISS LATENCY: 18.13 cycles
cpu14->cpu14_L1I TOTAL        ACCESS:   73125214 HIT:   73125213 MISS:          1 MSHR_MERGE:          0
cpu14->cpu14_L1I LOAD         ACCESS:   36568739 HIT:   36568739 MISS:          0 MSHR_MERGE:          0
cpu14->cpu14_L1I RFO          ACCESS:          0 HIT:          0 MISS:          0 MSHR_MERGE:          0
cpu14->cpu14_L1I PREFETCH     ACCESS:   36556475 HIT:   36556474 MISS:          1 MSHR_MERGE:          0
cpu14->cpu14_L1I WRITE        ACCESS:          0 HIT:          0 MISS:          0 MSHR_MERGE:          0
cpu14->cpu14_L1I TRANSLATION  ACCESS:          0 HIT:          0 MISS:          0 MSHR_MERGE:          0
cpu14->cpu14_L1I PREFETCH REQUESTED:   36568739 ISSUED:   36556449 USEFUL:          0 USELESS:          0
cpu14->cpu14_L1I AVERAGE MISS LATENCY: - cycles
cpu14->cpu14_L1D TOTAL        ACCESS:   34005128 HIT:          0 MISS:   34005128 MSHR_MERGE:   11103188
cpu14->cpu14_L1D LOAD         ACCESS:   26897965 HIT:          0 MISS:   26897965 MSHR_MERGE:    6396670
cpu14->cpu14_L1D RFO          ACCESS:          0 HIT:          0 MISS:          0 MSHR_MERGE:          0
cpu14->cpu14_L1D PREFETCH     ACCESS:          0 HIT:          0 MISS:          0 MSHR_MERGE:          0
cpu14->cpu14_L1D WRITE        ACCESS:    7098283 HIT:          0 MISS:    7098283 MSHR_MERGE:    4706518
cpu14->cpu14_L1D TRANSLATION  ACCESS:       8880 HIT:          0 MISS:       8880 MSHR_MERGE:          0
cpu14->cpu14_L1D PREFETCH REQUESTED:          0 ISSUED:          0 USEFUL:          0 USELESS:          0
cpu14->cpu14_L1D AVERAGE MISS LATENCY: 21.13 cycles
cpu14->cpu14_ITLB TOTAL        ACCESS:   48923639 HIT:   48923639 MISS:          0 MSHR_MERGE:          0
cpu14->cpu14_ITLB LOAD         ACCESS:   48923639 HIT:   48923639 MISS:          0 MSHR_MERGE:          0
cpu14->cpu14_ITLB RFO          ACCESS:          0 HIT:          0 MISS:          0 MSHR_MERGE:          0
cpu14->cpu14_ITLB PREFETCH     ACCESS:          0 HIT:          0 MISS:          0 MSHR_MERGE:          0
cpu14->cpu14_ITLB WRITE        ACCESS:          0 HIT:          0 MISS:          0 MSHR_MERGE:          0
cpu14->cpu14_ITLB TRANSLATION  ACCESS:          0 HIT:          0 MISS:          0 MSHR_MERGE:          0
cpu14->cpu14_ITLB PREFETCH REQUESTED:          0 ISSUED:          0 USEFUL:          0 USELESS:          0
cpu14->cpu14_ITLB AVERAGE MISS LATENCY: - cycles
cpu14->cpu14_DTLB TOTAL        ACCESS:   33993896 HIT:   33952036 MISS:      41860 MSHR_MERGE:      29836
cpu14->cpu14_DTLB LOAD         ACCESS:   33993896 HIT:   33952036 MISS:      41860 MSHR_MERGE:      29836
cpu14->cpu14_DTLB RFO          ACCESS:          0 HIT:          0 MISS:          0 MSHR_MERGE:          0
cpu14->cpu14_DTLB PREFETCH     ACCESS:          0 HIT:          0 MISS:          0 MSHR_MERGE:          0
cpu14->cpu14_DTLB WRITE        ACCESS:          0 HIT:          0 MISS:          0 MSHR_MERGE:          0
cpu14->cpu14_DTLB TRANSLATION  ACCESS:          0 HIT:          0 MISS:          0 MSHR_MERGE:          0
cpu14->cpu14_DTLB PREFETCH REQUESTED:          0 ISSUED:          0 USEFUL:          0 USELESS:          0
cpu14->cpu14_DTLB AVERAGE MISS LATENCY: 261.5 cycles
cpu13->cpu13_STLB TOTAL        ACCESS:      12071 HIT:       7617 MISS:       4454 MSHR_MERGE:          0
cpu13->cpu13_STLB LOAD         ACCESS:      12071 HIT:       7617 MISS:       4454 MSHR_MERGE:          0
cpu13->cpu13_STLB RFO          ACCESS:          0 HIT:          0 MISS:          0 MSHR_MERGE:          0
cpu13->cpu13_STLB PREFETCH     ACCESS:          0 HIT:          0 MISS:          0 MSHR_MERGE:          0
cpu13->cpu13_STLB WRITE        ACCESS:          0 HIT:          0 MISS:          0 MSHR_MERGE:          0
cpu13->cpu13_STLB TRANSLATION  ACCESS:          0 HIT:          0 MISS:          0 MSHR_MERGE:          0
cpu13->cpu13_STLB PREFETCH REQUESTED:          0 ISSUED:          0 USEFUL:          0 USELESS:          0
cpu13->cpu13_STLB AVERAGE MISS LATENCY: 692.8 cycles
cpu13->cpu13_L2C TOTAL        ACCESS:   23049739 HIT:          0 MISS:   23049739 MSHR_MERGE:          0
cpu13->cpu13_L2C LOAD         ACCESS:   20582121 HIT:          0 MISS:   20582121 MSHR_MERGE:          0
cpu13->cpu13_L2C RFO          ACCESS:    2458701 HIT:          0 MISS:    2458701 MSHR_MERGE:          0
cpu13->cpu13_L2C PREFETCH     ACCESS:          1 HIT:          0 MISS:          1 MSHR_MERGE:          0
cpu13->cpu13_L2C WRITE        ACCESS:          0 HIT:          0 MISS:          0 MSHR_MERGE:          0
cpu13->cpu13_L2C TRANSLATION  ACCESS:       8916 HIT:          0 MISS:       8916 MSHR_MERGE:          0
cpu13->cpu13_L2C PREFETCH REQUESTED:          0 ISSUED:          0 USEFUL:          0 USELESS:          0
cpu13->cpu13_L2C AVERAGE MISS LATENCY: 18.15 cycles
cpu13->cpu13_L1I TOTAL        ACCESS:   72874358 HIT:   72874357 MISS:          1 MSHR_MERGE:          0
cpu13->cpu13_L1I LOAD         ACCESS:   36443336 HIT:   36443336 MISS:          0 MSHR_MERGE:          0
cpu13->cpu13_L1I RFO          ACCESS:          0 HIT:          0 MISS:          0 MSHR_MERGE:          0
cpu13->cpu13_L1I PREFETCH     ACCESS:   36431022 HIT:   36431021 MISS:          1 MSHR_MERGE:          0
cpu13->cpu13_L1I WRITE        ACCESS:          0 HIT:          0 MISS:          0 MSHR_MERGE:          0
cpu13->cpu13_L1I TRANSLATION  ACCESS:          0 HIT:          0 MISS:          0 MSHR_MERGE:          0
cpu13->cpu13_L1I PREFETCH REQUESTED:   36443336 ISSUED:   36431001 USEFUL:          0 USELESS:          0
cpu13->cpu13_L1I AVERAGE MISS LATENCY: - cycles
cpu13->cpu13_L1D TOTAL        ACCESS:   33868182 HIT:          0 MISS:   33868182 MSHR_MERGE:   10818444
cpu13->cpu13_L1D LOAD         ACCESS:   26735341 HIT:          0 MISS:   26735341 MSHR_MERGE:    6153220
cpu13->cpu13_L1D RFO          ACCESS:          0 HIT:          0 MISS:          0 MSHR_MERGE:          0
cpu13->cpu13_L1D PREFETCH     ACCESS:          0 HIT:          0 MISS:          0 MSHR_MERGE:          0
cpu13->cpu13_L1D WRITE        ACCESS:    7123925 HIT:          0 MISS:    7123925 MSHR_MERGE:    4665224
cpu13->cpu13_L1D TRANSLATION  ACCESS:       8916 HIT:          0 MISS:       8916 MSHR_MERGE:          0
cpu13->cpu13_L1D PREFETCH REQUESTED:          0 ISSUED:          0 USEFUL:          0 USELESS:          0
cpu13->cpu13_L1D AVERAGE MISS LATENCY: 21.15 cycles
cpu13->cpu13_ITLB TOTAL        ACCESS:   48928414 HIT:   48928414 MISS:          0 MSHR_MERGE:          0
cpu13->cpu13_ITLB LOAD         ACCESS:   48928414 HIT:   48928414 MISS:          0 MSHR_MERGE:          0
cpu13->cpu13_ITLB RFO          ACCESS:          0 HIT:          0 MISS:          0 MSHR_MERGE:          0
cpu13->cpu13_ITLB PREFETCH     ACCESS:          0 HIT:          0 MISS:          0 MSHR_MERGE:          0
cpu13->cpu13_ITLB WRITE        ACCESS:          0 HIT:          0 MISS:          0 MSHR_MERGE:          0
cpu13->cpu13_ITLB TRANSLATION  ACCESS:          0 HIT:          0 MISS:          0 MSHR_MERGE:          0
cpu13->cpu13_ITLB PREFETCH REQUESTED:          0 ISSUED:          0 USEFUL:          0 USELESS:          0
cpu13->cpu13_ITLB AVERAGE MISS LATENCY: - cycles
cpu13->cpu13_DTLB TOTAL        ACCESS:   33856757 HIT:   33815042 MISS:      41715 MSHR_MERGE:      29644
cpu13->cpu13_DTLB LOAD         ACCESS:   33856757 HIT:   33815042 MISS:      41715 MSHR_MERGE:      29644
cpu13->cpu13_DTLB RFO          ACCESS:          0 HIT:          0 MISS:          0 MSHR_MERGE:          0
cpu13->cpu13_DTLB PREFETCH     ACCESS:          0 HIT:          0 MISS:          0 MSHR_MERGE:          0
cpu13->cpu13_DTLB WRITE        ACCESS:          0 HIT:          0 MISS:          0 MSHR_MERGE:          0
cpu13->cpu13_DTLB TRANSLATION  ACCESS:          0 HIT:          0 MISS:          0 MSHR_MERGE:          0
cpu13->cpu13_DTLB PREFETCH REQUESTED:          0 ISSUED:          0 USEFUL:          0 USELESS:          0
cpu13->cpu13_DTLB AVERAGE MISS LATENCY: 261 cycles
cpu12->cpu12_STLB TOTAL        ACCESS:      12012 HIT:       7576 MISS:       4436 MSHR_MERGE:          0
cpu12->cpu12_STLB LOAD         ACCESS:      12012 HIT:       7576 MISS:       4436 MSHR_MERGE:          0
cpu12->cpu12_STLB RFO          ACCESS:          0 HIT:          0 MISS:          0 MSHR_MERGE:          0
cpu12->cpu12_STLB PREFETCH     ACCESS:          0 HIT:          0 MISS:          0 MSHR_MERGE:          0
cpu12->cpu12_STLB WRITE        ACCESS:          0 HIT:          0 MISS:          0 MSHR_MERGE:          0
cpu12->cpu12_STLB TRANSLATION  ACCESS:          0 HIT:          0 MISS:          0 MSHR_MERGE:          0
cpu12->cpu12_STLB PREFETCH REQUESTED:          0 ISSUED:          0 USEFUL:          0 USELESS:          0
cpu12->cpu12_STLB AVERAGE MISS LATENCY: 691.9 cycles
cpu12->cpu12_L2C TOTAL        ACCESS:   22862815 HIT:          0 MISS:   22862815 MSHR_MERGE:          0
cpu12->cpu12_L2C LOAD         ACCESS:   20465721 HIT:          0 MISS:   20465721 MSHR_MERGE:          0
cpu12->cpu12_L2C RFO          ACCESS:    2388213 HIT:          0 MISS:    2388213 MSHR_MERGE:          0
cpu12->cpu12_L2C PREFETCH     ACCESS:          1 HIT:          0 MISS:          1 MSHR_MERGE:          0
cpu12->cpu12_L2C WRITE        ACCESS:          0 HIT:          0 MISS:          0 MSHR_MERGE:          0
cpu12->cpu12_L2C TRANSLATION  ACCESS:       8880 HIT:          0 MISS:       8880 MSHR_MERGE:          0
cpu12->cpu12_L2C PREFETCH REQUESTED:          0 ISSUED:          0 USEFUL:          0 USELESS:          0
cpu12->cpu12_L2C AVERAGE MISS LATENCY: 18.13 cycles
cpu12->cpu12_L1I TOTAL        ACCESS:   72997699 HIT:   72997698 MISS:          1 MSHR_MERGE:          0
cpu12->cpu12_L1I LOAD         ACCESS:   36504970 HIT:   36504970 MISS:          0 MSHR_MERGE:          0
cpu12->cpu12_L1I RFO          ACCESS:          0 HIT:          0 MISS:          0 MSHR_MERGE:          0
cpu12->cpu12_L1I PREFETCH     ACCESS:   36492729 HIT:   36492728 MISS:          1 MSHR_MERGE:          0
cpu12->cpu12_L1I WRITE        ACCESS:          0 HIT:          0 MISS:          0 MSHR_MERGE:          0
cpu12->cpu12_L1I TRANSLATION  ACCESS:          0 HIT:          0 MISS:          0 MSHR_MERGE:          0
cpu12->cpu12_L1I PREFETCH REQUESTED:   36504970 ISSUED:   36492704 USEFUL:          0 USELESS:          0
cpu12->cpu12_L1I AVERAGE MISS LATENCY: - cycles
cpu12->cpu12_L1D TOTAL        ACCESS:   33941896 HIT:          0 MISS:   33941896 MSHR_MERGE:   11079083
cpu12->cpu12_L1D LOAD         ACCESS:   26847142 HIT:          0 MISS:   26847142 MSHR_MERGE:    6381422
cpu12->cpu12_L1D RFO          ACCESS:          0 HIT:          0 MISS:          0 MSHR_MERGE:          0
cpu12->cpu12_L1D PREFETCH     ACCESS:          0 HIT:          0 MISS:          0 MSHR_MERGE:          0
cpu12->cpu12_L1D WRITE        ACCESS:    7085874 HIT:          0 MISS:    7085874 MSHR_MERGE:    4697661
cpu12->cpu12_L1D TRANSLATION  ACCESS:       8880 HIT:          0 MISS:       8880 MSHR_MERGE:          0
cpu12->cpu12_L1D PREFETCH REQUESTED:          0 ISSUED:          0 USEFUL:          0 USELESS:          0
cpu12->cpu12_L1D AVERAGE MISS LATENCY: 21.14 cycles
cpu12->cpu12_ITLB TOTAL        ACCESS:   48844155 HIT:   48844155 MISS:          0 MSHR_MERGE:          0
cpu12->cpu12_ITLB LOAD         ACCESS:   48844155 HIT:   48844155 MISS:          0 MSHR_MERGE:          0
cpu12->cpu12_ITLB RFO          ACCESS:          0 HIT:          0 MISS:          0 MSHR_MERGE:          0
cpu12->cpu12_ITLB PREFETCH     ACCESS:          0 HIT:          0 MISS:          0 MSHR_MERGE:          0
cpu12->cpu12_ITLB WRITE        ACCESS:          0 HIT:          0 MISS:          0 MSHR_MERGE:          0
cpu12->cpu12_ITLB TRANSLATION  ACCESS:          0 HIT:          0 MISS:          0 MSHR_MERGE:          0
cpu12->cpu12_ITLB PREFETCH REQUESTED:          0 ISSUED:          0 USEFUL:          0 USELESS:          0
cpu12->cpu12_ITLB AVERAGE MISS LATENCY: - cycles
cpu12->cpu12_DTLB TOTAL        ACCESS:   33930676 HIT:   33888971 MISS:      41705 MSHR_MERGE:      29693
cpu12->cpu12_DTLB LOAD         ACCESS:   33930676 HIT:   33888971 MISS:      41705 MSHR_MERGE:      29693
cpu12->cpu12_DTLB RFO          ACCESS:          0 HIT:          0 MISS:          0 MSHR_MERGE:          0
cpu12->cpu12_DTLB PREFETCH     ACCESS:          0 HIT:          0 MISS:          0 MSHR_MERGE:          0
cpu12->cpu12_DTLB WRITE        ACCESS:          0 HIT:          0 MISS:          0 MSHR_MERGE:          0
cpu12->cpu12_DTLB TRANSLATION  ACCESS:          0 HIT:          0 MISS:          0 MSHR_MERGE:          0
cpu12->cpu12_DTLB PREFETCH REQUESTED:          0 ISSUED:          0 USEFUL:          0 USELESS:          0
cpu12->cpu12_DTLB AVERAGE MISS LATENCY: 260.9 cycles
cpu11->cpu11_STLB TOTAL        ACCESS:      12045 HIT:       7600 MISS:       4445 MSHR_MERGE:          0
cpu11->cpu11_STLB LOAD         ACCESS:      12045 HIT:       7600 MISS:       4445 MSHR_MERGE:          0
cpu11->cpu11_STLB RFO          ACCESS:          0 HIT:          0 MISS:          0 MSHR_MERGE:          0
cpu11->cpu11_STLB PREFETCH     ACCESS:          0 HIT:          0 MISS:          0 MSHR_MERGE:          0
cpu11->cpu11_STLB WRITE        ACCESS:          0 HIT:          0 MISS:          0 MSHR_MERGE:          0
cpu11->cpu11_STLB TRANSLATION  ACCESS:          0 HIT:          0 MISS:          0 MSHR_MERGE:          0
cpu11->cpu11_STLB PREFETCH REQUESTED:          0 ISSUED:          0 USEFUL:          0 USELESS:          0
cpu11->cpu11_STLB AVERAGE MISS LATENCY: 693.5 cycles
cpu11->cpu11_L2C TOTAL        ACCESS:   23070135 HIT:          0 MISS:   23070135 MSHR_MERGE:          0
cpu11->cpu11_L2C LOAD         ACCESS:   20628013 HIT:          0 MISS:   20628013 MSHR_MERGE:          0
cpu11->cpu11_L2C RFO          ACCESS:    2433223 HIT:          0 MISS:    2433223 MSHR_MERGE:          0
cpu11->cpu11_L2C PREFETCH     ACCESS:          1 HIT:          0 MISS:          1 MSHR_MERGE:          0
cpu11->cpu11_L2C WRITE        ACCESS:          0 HIT:          0 MISS:          0 MSHR_MERGE:          0
cpu11->cpu11_L2C TRANSLATION  ACCESS:       8898 HIT:          0 MISS:       8898 MSHR_MERGE:          0
cpu11->cpu11_L2C PREFETCH REQUESTED:          0 ISSUED:          0 USEFUL:          0 USELESS:          0
cpu11->cpu11_L2C AVERAGE MISS LATENCY: 18.14 cycles
cpu11->cpu11_L1I TOTAL        ACCESS:   73037910 HIT:   73037909 MISS:          1 MSHR_MERGE:          0
cpu11->cpu11_L1I LOAD         ACCESS:   36526290 HIT:   36526290 MISS:          0 MSHR_MERGE:          0
cpu11->cpu11_L1I RFO          ACCESS:          0 HIT:          0 MISS:          0 MSHR_MERGE:          0
cpu11->cpu11_L1I PREFETCH     ACCESS:   36511620 HIT:   36511619 MISS:          1 MSHR_MERGE:          0
cpu11->cpu11_L1I WRITE        ACCESS:          0 HIT:          0 MISS:          0 MSHR_MERGE:          0
cpu11->cpu11_L1I TRANSLATION  ACCESS:          0 HIT:          0 MISS:          0 MSHR_MERGE:          0
cpu11->cpu11_L1I PREFETCH REQUESTED:   36526290 ISSUED:   36511588 USEFUL:          0 USELESS:          0
cpu11->cpu11_L1I AVERAGE MISS LATENCY: - cycles
cpu11->cpu11_L1D TOTAL        ACCESS:   33909796 HIT:          0 MISS:   33909796 MSHR_MERGE:   10839662
cpu11->cpu11_L1D LOAD         ACCESS:   26790342 HIT:          0 MISS:   26790342 MSHR_MERGE:    6162329
cpu11->cpu11_L1D RFO          ACCESS:          0 HIT:          0 MISS:          0 MSHR_MERGE:          0
cpu11->cpu11_L1D PREFETCH     ACCESS:          0 HIT:          0 MISS:          0 MSHR_MERGE:          0
cpu11->cpu11_L1D WRITE        ACCESS:    7110556 HIT:          0 MISS:    7110556 MSHR_MERGE:    4677333
cpu11->cpu11_L1D TRANSLATION  ACCESS:       8898 HIT:          0 MISS:       8898 MSHR_MERGE:          0
cpu11->cpu11_L1D PREFETCH REQUESTED:          0 ISSUED:          0 USEFUL:          0 USELESS:          0
cpu11->cpu11_L1D AVERAGE MISS LATENCY: 21.15 cycles
cpu11->cpu11_ITLB TOTAL        ACCESS:   49267313 HIT:   49267313 MISS:          0 MSHR_MERGE:          0
cpu11->cpu11_ITLB LOAD         ACCESS:   49267313 HIT:   49267313 MISS:          0 MSHR_MERGE:          0
cpu11->cpu11_ITLB RFO          ACCESS:          0 HIT:          0 MISS:          0 MSHR_MERGE:          0
cpu11->cpu11_ITLB PREFETCH     ACCESS:          0 HIT:          0 MISS:          0 MSHR_MERGE:          0
cpu11->cpu11_ITLB WRITE        ACCESS:          0 HIT:          0 MISS:          0 MSHR_MERGE:          0
cpu11->cpu11_ITLB TRANSLATION  ACCESS:          0 HIT:          0 MISS:          0 MSHR_MERGE:          0
cpu11->cpu11_ITLB PREFETCH REQUESTED:          0 ISSUED:          0 USEFUL:          0 USELESS:          0
cpu11->cpu11_ITLB AVERAGE MISS LATENCY: - cycles
cpu11->cpu11_DTLB TOTAL        ACCESS:   33897870 HIT:   33855939 MISS:      41931 MSHR_MERGE:      29886
cpu11->cpu11_DTLB LOAD         ACCESS:   33897870 HIT:   33855939 MISS:      41931 MSHR_MERGE:      29886
cpu11->cpu11_DTLB RFO          ACCESS:          0 HIT:          0 MISS:          0 MSHR_MERGE:          0
cpu11->cpu11_DTLB PREFETCH     ACCESS:          0 HIT:          0 MISS:          0 MSHR_MERGE:          0
cpu11->cpu11_DTLB WRITE        ACCESS:          0 HIT:          0 MISS:          0 MSHR_MERGE:          0
cpu11->cpu11_DTLB TRANSLATION  ACCESS:          0 HIT:          0 MISS:          0 MSHR_MERGE:          0
cpu11->cpu11_DTLB PREFETCH REQUESTED:          0 ISSUED:          0 USEFUL:          0 USELESS:          0
cpu11->cpu11_DTLB AVERAGE MISS LATENCY: 261.3 cycles
cpu10->cpu10_STLB TOTAL        ACCESS:      12004 HIT:       7574 MISS:       4430 MSHR_MERGE:          0
cpu10->cpu10_STLB LOAD         ACCESS:      12004 HIT:       7574 MISS:       4430 MSHR_MERGE:          0
cpu10->cpu10_STLB RFO          ACCESS:          0 HIT:          0 MISS:          0 MSHR_MERGE:          0
cpu10->cpu10_STLB PREFETCH     ACCESS:          0 HIT:          0 MISS:          0 MSHR_MERGE:          0
cpu10->cpu10_STLB WRITE        ACCESS:          0 HIT:          0 MISS:          0 MSHR_MERGE:          0
cpu10->cpu10_STLB TRANSLATION  ACCESS:          0 HIT:          0 MISS:          0 MSHR_MERGE:          0
cpu10->cpu10_STLB PREFETCH REQUESTED:          0 ISSUED:          0 USEFUL:          0 USELESS:          0
cpu10->cpu10_STLB AVERAGE MISS LATENCY: 692 cycles
cpu10->cpu10_L2C TOTAL        ACCESS:   22868840 HIT:          0 MISS:   22868840 MSHR_MERGE:          0
cpu10->cpu10_L2C LOAD         ACCESS:   20471090 HIT:          0 MISS:   20471090 MSHR_MERGE:          0
cpu10->cpu10_L2C RFO          ACCESS:    2388881 HIT:          0 MISS:    2388881 MSHR_MERGE:          0
cpu10->cpu10_L2C PREFETCH     ACCESS:          1 HIT:          0 MISS:          1 MSHR_MERGE:          0
cpu10->cpu10_L2C WRITE        ACCESS:          0 HIT:          0 MISS:          0 MSHR_MERGE:          0
cpu10->cpu10_L2C TRANSLATION  ACCESS:       8868 HIT:          0 MISS:       8868 MSHR_MERGE:          0
cpu10->cpu10_L2C PREFETCH REQUESTED:          0 ISSUED:          0 USEFUL:          0 USELESS:          0
cpu10->cpu10_L2C AVERAGE MISS LATENCY: 18.14 cycles
cpu10->cpu10_L1I TOTAL        ACCESS:   72980940 HIT:   72980939 MISS:          1 MSHR_MERGE:          0
cpu10->cpu10_L1I LOAD         ACCESS:   36496585 HIT:   36496585 MISS:          0 MSHR_MERGE:          0
cpu10->cpu10_L1I RFO          ACCESS:          0 HIT:          0 MISS:          0 MSHR_MERGE:          0
cpu10->cpu10_L1I PREFETCH     ACCESS:   36484355 HIT:   36484354 MISS:          1 MSHR_MERGE:          0
cpu10->cpu10_L1I WRITE        ACCESS:          0 HIT:          0 MISS:          0 MSHR_MERGE:          0
cpu10->cpu10_L1I TRANSLATION  ACCESS:          0 HIT:          0 MISS:          0 MSHR_MERGE:          0
cpu10->cpu10_L1I PREFETCH REQUESTED:   36496585 ISSUED:   36484329 USEFUL:          0 USELESS:          0
cpu10->cpu10_L1I AVERAGE MISS LATENCY: - cycles
cpu10->cpu10_L1D TOTAL        ACCESS:   33946709 HIT:          0 MISS:   33946709 MSHR_MERGE:   11077870
cpu10->cpu10_L1D LOAD         ACCESS:   26852819 HIT:          0 MISS:   26852819 MSHR_MERGE:    6381729
cpu10->cpu10_L1D RFO          ACCESS:          0 HIT:          0 MISS:          0 MSHR_MERGE:          0
cpu10->cpu10_L1D PREFETCH     ACCESS:          0 HIT:          0 MISS:          0 MSHR_MERGE:          0
cpu10->cpu10_L1D WRITE        ACCESS:    7085022 HIT:          0 MISS:    7085022 MSHR_MERGE:    4696141
cpu10->cpu10_L1D TRANSLATION  ACCESS:       8868 HIT:          0 MISS:       8868 MSHR_MERGE:          0
cpu10->cpu10_L1D PREFETCH REQUESTED:          0 ISSUED:          0 USEFUL:          0 USELESS:          0
cpu10->cpu10_L1D AVERAGE MISS LATENCY: 21.15 cycles
cpu10->cpu10_ITLB TOTAL        ACCESS:   48804801 HIT:   48804801 MISS:          0 MSHR_MERGE:          0
cpu10->cpu10_ITLB LOAD         ACCESS:   48804801 HIT:   48804801 MISS:          0 MSHR_MERGE:          0
cpu10->cpu10_ITLB RFO          ACCESS:          0 HIT:          0 MISS:          0 MSHR_MERGE:          0
cpu10->cpu10_ITLB PREFETCH     ACCESS:          0 HIT:          0 MISS:          0 MSHR_MERGE:          0
cpu10->cpu10_ITLB WRITE        ACCESS:          0 HIT:          0 MISS:          0 MSHR_MERGE:          0
cpu10->cpu10_ITLB TRANSLATION  ACCESS:          0 HIT:          0 MISS:          0 MSHR_MERGE:          0
cpu10->cpu10_ITLB PREFETCH REQUESTED:          0 ISSUED:          0 USEFUL:          0 USELESS:          0
cpu10->cpu10_ITLB AVERAGE MISS LATENCY: - cycles
cpu10->cpu10_DTLB TOTAL        ACCESS:   33935495 HIT:   33893683 MISS:      41812 MSHR_MERGE:      29808
cpu10->cpu10_DTLB LOAD         ACCESS:   33935495 HIT:   33893683 MISS:      41812 MSHR_MERGE:      29808
cpu10->cpu10_DTLB RFO          ACCESS:          0 HIT:          0 MISS:          0 MSHR_MERGE:          0
cpu10->cpu10_DTLB PREFETCH     ACCESS:          0 HIT:          0 MISS:          0 MSHR_MERGE:          0
cpu10->cpu10_DTLB WRITE        ACCESS:          0 HIT:          0 MISS:          0 MSHR_MERGE:          0
cpu10->cpu10_DTLB TRANSLATION  ACCESS:          0 HIT:          0 MISS:          0 MSHR_MERGE:          0
cpu10->cpu10_DTLB PREFETCH REQUESTED:          0 ISSUED:          0 USEFUL:          0 USELESS:          0
cpu10->cpu10_DTLB AVERAGE MISS LATENCY: 260.8 cycles
cpu0->cpu0_STLB TOTAL        ACCESS:      12029 HIT:       7588 MISS:       4441 MSHR_MERGE:          0
cpu0->cpu0_STLB LOAD         ACCESS:      12029 HIT:       7588 MISS:       4441 MSHR_MERGE:          0
cpu0->cpu0_STLB RFO          ACCESS:          0 HIT:          0 MISS:          0 MSHR_MERGE:          0
cpu0->cpu0_STLB PREFETCH     ACCESS:          0 HIT:          0 MISS:          0 MSHR_MERGE:          0
cpu0->cpu0_STLB WRITE        ACCESS:          0 HIT:          0 MISS:          0 MSHR_MERGE:          0
cpu0->cpu0_STLB TRANSLATION  ACCESS:          0 HIT:          0 MISS:          0 MSHR_MERGE:          0
cpu0->cpu0_STLB PREFETCH REQUESTED:          0 ISSUED:          0 USEFUL:          0 USELESS:          0
cpu0->cpu0_STLB AVERAGE MISS LATENCY: 693.4 cycles
cpu0->cpu0_L2C TOTAL        ACCESS:   22910719 HIT:          0 MISS:   22910719 MSHR_MERGE:          0
cpu0->cpu0_L2C LOAD         ACCESS:   20508946 HIT:          0 MISS:   20508946 MSHR_MERGE:          0
cpu0->cpu0_L2C RFO          ACCESS:    2392882 HIT:          0 MISS:    2392882 MSHR_MERGE:          0
cpu0->cpu0_L2C PREFETCH     ACCESS:          1 HIT:          0 MISS:          1 MSHR_MERGE:          0
cpu0->cpu0_L2C WRITE        ACCESS:          0 HIT:          0 MISS:          0 MSHR_MERGE:          0
cpu0->cpu0_L2C TRANSLATION  ACCESS:       8890 HIT:          0 MISS:       8890 MSHR_MERGE:          0
cpu0->cpu0_L2C PREFETCH REQUESTED:          0 ISSUED:          0 USEFUL:          0 USELESS:          0
cpu0->cpu0_L2C AVERAGE MISS LATENCY: 18.13 cycles
cpu0->cpu0_L1I TOTAL        ACCESS:   73145086 HIT:   73145085 MISS:          1 MSHR_MERGE:          0
cpu0->cpu0_L1I LOAD         ACCESS:   36578439 HIT:   36578439 MISS:          0 MSHR_MERGE:          0
cpu0->cpu0_L1I RFO          ACCESS:          0 HIT:          0 MISS:          0 MSHR_MERGE:          0
cpu0->cpu0_L1I PREFETCH     ACCESS:   36566647 HIT:   36566646 MISS:          1 MSHR_MERGE:          0
cpu0->cpu0_L1I WRITE        ACCESS:          0 HIT:          0 MISS:          0 MSHR_MERGE:          0
cpu0->cpu0_L1I TRANSLATION  ACCESS:          0 HIT:          0 MISS:          0 MSHR_MERGE:          0
cpu0->cpu0_L1I PREFETCH REQUESTED:   36578439 ISSUED:   36566615 USEFUL:          0 USELESS:          0
cpu0->cpu0_L1I AVERAGE MISS LATENCY: - cycles
cpu0->cpu0_L1D TOTAL        ACCESS:   34013976 HIT:          0 MISS:   34013976 MSHR_MERGE:   11103259
cpu0->cpu0_L1D LOAD         ACCESS:   26905010 HIT:          0 MISS:   26905010 MSHR_MERGE:    6396065
cpu0->cpu0_L1D RFO          ACCESS:          0 HIT:          0 MISS:          0 MSHR_MERGE:          0
cpu0->cpu0_L1D PREFETCH     ACCESS:          0 HIT:          0 MISS:          0 MSHR_MERGE:          0
cpu0->cpu0_L1D WRITE        ACCESS:    7100076 HIT:          0 MISS:    7100076 MSHR_MERGE:    4707194
cpu0->cpu0_L1D TRANSLATION  ACCESS:       8890 HIT:          0 MISS:       8890 MSHR_MERGE:          0
cpu0->cpu0_L1D PREFETCH REQUESTED:          0 ISSUED:          0 USEFUL:          0 USELESS:          0
cpu0->cpu0_L1D AVERAGE MISS LATENCY: 21.13 cycles
cpu0->cpu0_ITLB TOTAL        ACCESS:   48944134 HIT:   48944134 MISS:          0 MSHR_MERGE:          0
cpu0->cpu0_ITLB LOAD         ACCESS:   48944134 HIT:   48944134 MISS:          0 MSHR_MERGE:          0
cpu0->cpu0_ITLB RFO          ACCESS:          0 HIT:          0 MISS:          0 MSHR_MERGE:          0
cpu0->cpu0_ITLB PREFETCH     ACCESS:          0 HIT:          0 MISS:          0 MSHR_MERGE:          0
cpu0->cpu0_ITLB WRITE        ACCESS:          0 HIT:          0 MISS:          0 MSHR_MERGE:          0
cpu0->cpu0_ITLB TRANSLATION  ACCESS:          0 HIT:          0 MISS:          0 MSHR_MERGE:          0
cpu0->cpu0_ITLB PREFETCH REQUESTED:          0 ISSUED:          0 USEFUL:          0 USELESS:          0
cpu0->cpu0_ITLB AVERAGE MISS LATENCY: - cycles
cpu0->cpu0_DTLB TOTAL        ACCESS:   34002662 HIT:   33960837 MISS:      41825 MSHR_MERGE:      29796
cpu0->cpu0_DTLB LOAD         ACCESS:   34002662 HIT:   33960837 MISS:      41825 MSHR_MERGE:      29796
cpu0->cpu0_DTLB RFO          ACCESS:          0 HIT:          0 MISS:          0 MSHR_MERGE:          0
cpu0->cpu0_DTLB PREFETCH     ACCESS:          0 HIT:          0 MISS:          0 MSHR_MERGE:          0
cpu0->cpu0_DTLB WRITE        ACCESS:          0 HIT:          0 MISS:          0 MSHR_MERGE:          0
cpu0->cpu0_DTLB TRANSLATION  ACCESS:          0 HIT:          0 MISS:          0 MSHR_MERGE:          0
cpu0->cpu0_DTLB PREFETCH REQUESTED:          0 ISSUED:          0 USEFUL:          0 USELESS:          0
cpu0->cpu0_DTLB AVERAGE MISS LATENCY: 261.4 cycles
cpu0->LLC TOTAL        ACCESS:   22910711 HIT:   22896638 MISS:      14073 MSHR_MERGE:          0
cpu0->LLC LOAD         ACCESS:   20508938 HIT:   20507707 MISS:       1231 MSHR_MERGE:          0
cpu0->LLC RFO          ACCESS:    2392882 HIT:    2385215 MISS:       7667 MSHR_MERGE:          0
cpu0->LLC PREFETCH     ACCESS:          1 HIT:          0 MISS:          1 MSHR_MERGE:          0
cpu0->LLC WRITE        ACCESS:          0 HIT:          0 MISS:          0 MSHR_MERGE:          0
cpu0->LLC TRANSLATION  ACCESS:       8890 HIT:       3716 MISS:       5174 MSHR_MERGE:          0
cpu0->LLC PREFETCH REQUESTED:          0 ISSUED:          0 USEFUL:          0 USELESS:          0
cpu0->LLC AVERAGE MISS LATENCY: 9374 cycles
cpu1->LLC TOTAL        ACCESS:   22923151 HIT:   22909393 MISS:      13758 MSHR_MERGE:          0
cpu1->LLC LOAD         ACCESS:   20520289 HIT:   20519393 MISS:        896 MSHR_MERGE:          0
cpu1->LLC RFO          ACCESS:    2393963 HIT:    2386292 MISS:       7671 MSHR_MERGE:          0
cpu1->LLC PREFETCH     ACCESS:          1 HIT:          0 MISS:          1 MSHR_MERGE:          0
cpu1->LLC WRITE        ACCESS:          0 HIT:          0 MISS:          0 MSHR_MERGE:          0
cpu1->LLC TRANSLATION  ACCESS:       8898 HIT:       3708 MISS:       5190 MSHR_MERGE:          0
cpu1->LLC PREFETCH REQUESTED:          0 ISSUED:          0 USEFUL:          0 USELESS:          0
cpu1->LLC AVERAGE MISS LATENCY: 9588 cycles
cpu2->LLC TOTAL        ACCESS:   23121957 HIT:   23107206 MISS:      14751 MSHR_MERGE:          0
cpu2->LLC LOAD         ACCESS:   20708445 HIT:   20706590 MISS:       1855 MSHR_MERGE:          0
cpu2->LLC RFO          ACCESS:    2404595 HIT:    2396898 MISS:       7697 MSHR_MERGE:          0
cpu2->LLC PREFETCH     ACCESS:          1 HIT:          0 MISS:          1 MSHR_MERGE:          0
cpu2->LLC WRITE        ACCESS:          0 HIT:          0 MISS:          0 MSHR_MERGE:          0
cpu2->LLC TRANSLATION  ACCESS:       8916 HIT:       3718 MISS:       5198 MSHR_MERGE:          0
cpu2->LLC PREFETCH REQUESTED:          0 ISSUED:          0 USEFUL:          0 USELESS:          0
cpu2->LLC AVERAGE MISS LATENCY: 8943 cycles
cpu3->LLC TOTAL        ACCESS:   23154430 HIT:   23140351 MISS:      14079 MSHR_MERGE:          0
cpu3->LLC LOAD         ACCESS:   20676053 HIT:   20674907 MISS:       1146 MSHR_MERGE:          0
cpu3->LLC RFO          ACCESS:    2469424 HIT:    2461697 MISS:       7727 MSHR_MERGE:          0
cpu3->LLC PREFETCH     ACCESS:          1 HIT:          0 MISS:          1 MSHR_MERGE:          0
cpu3->LLC WRITE        ACCESS:          0 HIT:          0 MISS:          0 MSHR_MERGE:          0
cpu3->LLC TRANSLATION  ACCESS:       8952 HIT:       3747 MISS:       5205 MSHR_MERGE:          0
cpu3->LLC PREFETCH REQUESTED:          0 ISSUED:          0 USEFUL:          0 USELESS:          0
cpu3->LLC AVERAGE MISS LATENCY: 9370 cycles
cpu4->LLC TOTAL        ACCESS:   23069981 HIT:   23052054 MISS:      17927 MSHR_MERGE:          0
cpu4->LLC LOAD         ACCESS:   20601067 HIT:   20596056 MISS:       5011 MSHR_MERGE:          0
cpu4->LLC RFO          ACCESS:    2459979 HIT:    2452279 MISS:       7700 MSHR_MERGE:          0
cpu4->LLC PREFETCH     ACCESS:          1 HIT:          0 MISS:          1 MSHR_MERGE:          0
cpu4->LLC WRITE        ACCESS:          0 HIT:          0 MISS:          0 MSHR_MERGE:          0
cpu4->LLC TRANSLATION  ACCESS:       8934 HIT:       3719 MISS:       5215 MSHR_MERGE:          0
cpu4->LLC PREFETCH REQUESTED:          0 ISSUED:          0 USEFUL:          0 USELESS:          0
cpu4->LLC AVERAGE MISS LATENCY: 7359 cycles
cpu5->LLC TOTAL        ACCESS:   23174649 HIT:   23161047 MISS:      13602 MSHR_MERGE:          0
cpu5->LLC LOAD         ACCESS:   20693591 HIT:   20692932 MISS:        659 MSHR_MERGE:          0
cpu5->LLC RFO          ACCESS:    2472087 HIT:    2464355 MISS:       7732 MSHR_MERGE:          0
cpu5->LLC PREFETCH     ACCESS:          1 HIT:          0 MISS:          1 MSHR_MERGE:          0
cpu5->LLC WRITE        ACCESS:          0 HIT:          0 MISS:          0 MSHR_MERGE:          0
cpu5->LLC TRANSLATION  ACCESS:       8970 HIT:       3760 MISS:       5210 MSHR_MERGE:          0
cpu5->LLC PREFETCH REQUESTED:          0 ISSUED:          0 USEFUL:          0 USELESS:          0
cpu5->LLC AVERAGE MISS LATENCY: 9698 cycles
cpu6->LLC TOTAL        ACCESS:   22611734 HIT:   22561754 MISS:      49980 MSHR_MERGE:          0
cpu6->LLC LOAD         ACCESS:   20240269 HIT:   20202952 MISS:      37317 MSHR_MERGE:          0
cpu6->LLC RFO          ACCESS:    2362700 HIT:    2355133 MISS:       7567 MSHR_MERGE:          0
cpu6->LLC PREFETCH     ACCESS:          1 HIT:          0 MISS:          1 MSHR_MERGE:          0
cpu6->LLC WRITE        ACCESS:          0 HIT:          0 MISS:          0 MSHR_MERGE:          0
cpu6->LLC TRANSLATION  ACCESS:       8764 HIT:       3669 MISS:       5095 MSHR_MERGE:          0
cpu6->LLC PREFETCH REQUESTED:          0 ISSUED:          0 USEFUL:          0 USELESS:          0
cpu6->LLC AVERAGE MISS LATENCY: 2639 cycles
cpu7->LLC TOTAL        ACCESS:   23138379 HIT:   23124716 MISS:      13663 MSHR_MERGE:          0
cpu7->LLC LOAD         ACCESS:   20689037 HIT:   20688279 MISS:        758 MSHR_MERGE:          0
cpu7->LLC RFO          ACCESS:    2440407 HIT:    2432699 MISS:       7708 MSHR_MERGE:          0
cpu7->LLC PREFETCH     ACCESS:          1 HIT:          0 MISS:          1 MSHR_MERGE:          0
cpu7->LLC WRITE        ACCESS:          0 HIT:          0 MISS:          0 MSHR_MERGE:          0
cpu7->LLC TRANSLATION  ACCESS:       8934 HIT:       3738 MISS:       5196 MSHR_MERGE:          0
cpu7->LLC PREFETCH REQUESTED:          0 ISSUED:          0 USEFUL:          0 USELESS:          0
cpu7->LLC AVERAGE MISS LATENCY: 9655 cycles
cpu8->LLC TOTAL        ACCESS:   23136863 HIT:   23123223 MISS:      13640 MSHR_MERGE:          0
cpu8->LLC LOAD         ACCESS:   20722155 HIT:   20721430 MISS:        725 MSHR_MERGE:          0
cpu8->LLC RFO          ACCESS:    2405773 HIT:    2398062 MISS:       7711 MSHR_MERGE:          0
cpu8->LLC PREFETCH     ACCESS:          1 HIT:          0 MISS:          1 MSHR_MERGE:          0
cpu8->LLC WRITE        ACCESS:          0 HIT:          0 MISS:          0 MSHR_MERGE:          0
cpu8->LLC TRANSLATION  ACCESS:       8934 HIT:       3731 MISS:       5203 MSHR_MERGE:          0
cpu8->LLC PREFETCH REQUESTED:          0 ISSUED:          0 USEFUL:          0 USELESS:          0
cpu8->LLC AVERAGE MISS LATENCY: 9671 cycles
cpu9->LLC TOTAL        ACCESS:   22926422 HIT:   22876978 MISS:      49444 MSHR_MERGE:          0
cpu9->LLC LOAD         ACCESS:   20507862 HIT:   20471190 MISS:      36672 MSHR_MERGE:          0
cpu9->LLC RFO          ACCESS:    2409715 HIT:    2402087 MISS:       7628 MSHR_MERGE:          0
cpu9->LLC PREFETCH     ACCESS:          1 HIT:          0 MISS:          1 MSHR_MERGE:          0
cpu9->LLC WRITE        ACCESS:          0 HIT:          0 MISS:          0 MSHR_MERGE:          0
cpu9->LLC TRANSLATION  ACCESS:       8844 HIT:       3701 MISS:       5143 MSHR_MERGE:          0
cpu9->LLC PREFETCH REQUESTED:          0 ISSUED:          0 USEFUL:          0 USELESS:          0
cpu9->LLC AVERAGE MISS LATENCY: 2668 cycles
cpu10->LLC TOTAL        ACCESS:   22868832 HIT:   22852652 MISS:      16180 MSHR_MERGE:          0
cpu10->LLC LOAD         ACCESS:   20471083 HIT:   20467733 MISS:       3350 MSHR_MERGE:          0
cpu10->LLC RFO          ACCESS:    2388880 HIT:    2381230 MISS:       7650 MSHR_MERGE:          0
cpu10->LLC PREFETCH     ACCESS:          1 HIT:          0 MISS:          1 MSHR_MERGE:          0
cpu10->LLC WRITE        ACCESS:          0 HIT:          0 MISS:          0 MSHR_MERGE:          0
cpu10->LLC TRANSLATION  ACCESS:       8868 HIT:       3689 MISS:       5179 MSHR_MERGE:          0
cpu10->LLC PREFETCH REQUESTED:          0 ISSUED:          0 USEFUL:          0 USELESS:          0
cpu10->LLC AVERAGE MISS LATENCY: 8153 cycles
cpu11->LLC TOTAL        ACCESS:   23070131 HIT:   23054504 MISS:      15627 MSHR_MERGE:          0
cpu11->LLC LOAD         ACCESS:   20628013 HIT:   20625245 MISS:       2768 MSHR_MERGE:          0
cpu11->LLC RFO          ACCESS:    2433219 HIT:    2425541 MISS:       7678 MSHR_MERGE:          0
cpu11->LLC PREFETCH     ACCESS:          1 HIT:          0 MISS:          1 MSHR_MERGE:          0
cpu11->LLC WRITE        ACCESS:          0 HIT:          0 MISS:          0 MSHR_MERGE:          0
cpu11->LLC TRANSLATION  ACCESS:       8898 HIT:       3718 MISS:       5180 MSHR_MERGE:          0
cpu11->LLC PREFETCH REQUESTED:          0 ISSUED:          0 USEFUL:          0 USELESS:          0
cpu11->LLC AVERAGE MISS LATENCY: 8442 cycles
cpu12->LLC TOTAL        ACCESS:   22862810 HIT:   22847811 MISS:      14999 MSHR_MERGE:          0
cpu12->LLC LOAD         ACCESS:   20465717 HIT:   20463548 MISS:       2169 MSHR_MERGE:          0
cpu12->LLC RFO          ACCESS:    2388212 HIT:    2380559 MISS:       7653 MSHR_MERGE:          0
cpu12->LLC PREFETCH     ACCESS:          1 HIT:          0 MISS:          1 MSHR_MERGE:          0
cpu12->LLC WRITE        ACCESS:          0 HIT:          0 MISS:          0 MSHR_MERGE:          0
cpu12->LLC TRANSLATION  ACCESS:       8880 HIT:       3704 MISS:       5176 MSHR_MERGE:          0
cpu12->LLC PREFETCH REQUESTED:          0 ISSUED:          0 USEFUL:          0 USELESS:          0
cpu12->LLC AVERAGE MISS LATENCY: 8795 cycles
cpu13->LLC TOTAL        ACCESS:   23049734 HIT:   23032721 MISS:      17013 MSHR_MERGE:          0
cpu13->LLC LOAD         ACCESS:   20582116 HIT:   20577995 MISS:       4121 MSHR_MERGE:          0
cpu13->LLC RFO          ACCESS:    2458701 HIT:    2451007 MISS:       7694 MSHR_MERGE:          0
cpu13->LLC PREFETCH     ACCESS:          1 HIT:          0 MISS:          1 MSHR_MERGE:          0
cpu13->LLC WRITE        ACCESS:          0 HIT:          0 MISS:          0 MSHR_MERGE:          0
cpu13->LLC TRANSLATION  ACCESS:       8916 HIT:       3719 MISS:       5197 MSHR_MERGE:          0
cpu13->LLC PREFETCH REQUESTED:          0 ISSUED:          0 USEFUL:          0 USELESS:          0
cpu13->LLC AVERAGE MISS LATENCY: 7754 cycles
cpu14->LLC TOTAL        ACCESS:   22901936 HIT:   22887586 MISS:      14350 MSHR_MERGE:          0
cpu14->LLC LOAD         ACCESS:   20501290 HIT:   20499776 MISS:       1514 MSHR_MERGE:          0
cpu14->LLC RFO          ACCESS:    2391765 HIT:    2384101 MISS:       7664 MSHR_MERGE:          0
cpu14->LLC PREFETCH     ACCESS:          1 HIT:          0 MISS:          1 MSHR_MERGE:          0
cpu14->LLC WRITE        ACCESS:          0 HIT:          0 MISS:          0 MSHR_MERGE:          0
cpu14->LLC TRANSLATION  ACCESS:       8880 HIT:       3709 MISS:       5171 MSHR_MERGE:          0
cpu14->LLC PREFETCH REQUESTED:          0 ISSUED:          0 USEFUL:          0 USELESS:          0
cpu14->LLC AVERAGE MISS LATENCY: 9193 cycles
cpu15->LLC TOTAL        ACCESS:   22892531 HIT:   22845858 MISS:      46673 MSHR_MERGE:          0
cpu15->LLC LOAD         ACCESS:   20440709 HIT:   20406837 MISS:      33872 MSHR_MERGE:          0
cpu15->LLC RFO          ACCESS:    2442959 HIT:    2435315 MISS:       7644 MSHR_MERGE:          0
cpu15->LLC PREFETCH     ACCESS:          1 HIT:          0 MISS:          1 MSHR_MERGE:          0
cpu15->LLC WRITE        ACCESS:          0 HIT:          0 MISS:          0 MSHR_MERGE:          0
cpu15->LLC TRANSLATION  ACCESS:       8862 HIT:       3706 MISS:       5156 MSHR_MERGE:          0
cpu15->LLC PREFETCH REQUESTED:          0 ISSUED:          0 USEFUL:          0 USELESS:          0
cpu15->LLC AVERAGE MISS LATENCY: 2826 cycles
cpu16->LLC TOTAL        ACCESS:   22881427 HIT:   22831926 MISS:      49501 MSHR_MERGE:          0
cpu16->LLC LOAD         ACCESS:   20432567 HIT:   20395861 MISS:      36706 MSHR_MERGE:          0
cpu16->LLC RFO          ACCESS:    2439997 HIT:    2432360 MISS:       7637 MSHR_MERGE:          0
cpu16->LLC PREFETCH     ACCESS:          1 HIT:          0 MISS:          1 MSHR_MERGE:          0
cpu16->LLC WRITE        ACCESS:          0 HIT:          0 MISS:          0 MSHR_MERGE:          0
cpu16->LLC TRANSLATION  ACCESS:       8862 HIT:       3705 MISS:       5157 MSHR_MERGE:          0
cpu16->LLC PREFETCH REQUESTED:          0 ISSUED:          0 USEFUL:          0 USELESS:          0
cpu16->LLC AVERAGE MISS LATENCY: 2665 cycles
cpu17->LLC TOTAL        ACCESS:   22870863 HIT:   22851902 MISS:      18961 MSHR_MERGE:          0
cpu17->LLC LOAD         ACCESS:   20471922 HIT:   20465784 MISS:       6138 MSHR_MERGE:          0
cpu17->LLC RFO          ACCESS:    2390063 HIT:    2382412 MISS:       7651 MSHR_MERGE:          0
cpu17->LLC PREFETCH     ACCESS:          1 HIT:          0 MISS:          1 MSHR_MERGE:          0
cpu17->LLC WRITE        ACCESS:          0 HIT:          0 MISS:          0 MSHR_MERGE:          0
cpu17->LLC TRANSLATION  ACCESS:       8877 HIT:       3706 MISS:       5171 MSHR_MERGE:          0
cpu17->LLC PREFETCH REQUESTED:          0 ISSUED:          0 USEFUL:          0 USELESS:          0
cpu17->LLC AVERAGE MISS LATENCY: 6957 cycles
cpu18->LLC TOTAL        ACCESS:   23121261 HIT:   23106492 MISS:      14769 MSHR_MERGE:          0
cpu18->LLC LOAD         ACCESS:   20647120 HIT:   20645280 MISS:       1840 MSHR_MERGE:          0
cpu18->LLC RFO          ACCESS:    2465188 HIT:    2457470 MISS:       7718 MSHR_MERGE:          0
cpu18->LLC PREFETCH     ACCESS:          1 HIT:          0 MISS:          1 MSHR_MERGE:          0
cpu18->LLC WRITE        ACCESS:          0 HIT:          0 MISS:          0 MSHR_MERGE:          0
cpu18->LLC TRANSLATION  ACCESS:       8952 HIT:       3742 MISS:       5210 MSHR_MERGE:          0
cpu18->LLC PREFETCH REQUESTED:          0 ISSUED:          0 USEFUL:          0 USELESS:          0
cpu18->LLC AVERAGE MISS LATENCY: 8932 cycles
cpu19->LLC TOTAL        ACCESS:   22839792 HIT:   22790435 MISS:      49357 MSHR_MERGE:          0
cpu19->LLC LOAD         ACCESS:   20394983 HIT:   20358395 MISS:      36588 MSHR_MERGE:          0
cpu19->LLC RFO          ACCESS:    2435964 HIT:    2428338 MISS:       7626 MSHR_MERGE:          0
cpu19->LLC PREFETCH     ACCESS:          1 HIT:          0 MISS:          1 MSHR_MERGE:          0
cpu19->LLC WRITE        ACCESS:          0 HIT:          0 MISS:          0 MSHR_MERGE:          0
cpu19->LLC TRANSLATION  ACCESS:       8844 HIT:       3702 MISS:       5142 MSHR_MERGE:          0
cpu19->LLC PREFETCH REQUESTED:          0 ISSUED:          0 USEFUL:          0 USELESS:          0
cpu19->LLC AVERAGE MISS LATENCY: 2673 cycles
cpu20->LLC TOTAL        ACCESS:   22899897 HIT:   22885251 MISS:      14646 MSHR_MERGE:          0
cpu20->LLC LOAD         ACCESS:   20500488 HIT:   20498684 MISS:       1804 MSHR_MERGE:          0
cpu20->LLC RFO          ACCESS:    2390528 HIT:    2382864 MISS:       7664 MSHR_MERGE:          0
cpu20->LLC PREFETCH     ACCESS:          1 HIT:          0 MISS:          1 MSHR_MERGE:          0
cpu20->LLC WRITE        ACCESS:          0 HIT:          0 MISS:          0 MSHR_MERGE:          0
cpu20->LLC TRANSLATION  ACCESS:       8880 HIT:       3703 MISS:       5177 MSHR_MERGE:          0
cpu20->LLC PREFETCH REQUESTED:          0 ISSUED:          0 USEFUL:          0 USELESS:          0
cpu20->LLC AVERAGE MISS LATENCY: 9007 cycles
cpu21->LLC TOTAL        ACCESS:   23211090 HIT:   23195055 MISS:      16035 MSHR_MERGE:          0
cpu21->LLC LOAD         ACCESS:   20756297 HIT:   20753167 MISS:       3130 MSHR_MERGE:          0
cpu21->LLC RFO          ACCESS:    2445856 HIT:    2438142 MISS:       7714 MSHR_MERGE:          0
cpu21->LLC PREFETCH     ACCESS:          1 HIT:          0 MISS:          1 MSHR_MERGE:          0
cpu21->LLC WRITE        ACCESS:          0 HIT:          0 MISS:          0 MSHR_MERGE:          0
cpu21->LLC TRANSLATION  ACCESS:       8936 HIT:       3746 MISS:       5190 MSHR_MERGE:          0
cpu21->LLC PREFETCH REQUESTED:          0 ISSUED:          0 USEFUL:          0 USELESS:          0
cpu21->LLC AVERAGE MISS LATENCY: 8227 cycles
cpu22->LLC TOTAL        ACCESS:   23076672 HIT:   23060403 MISS:      16269 MSHR_MERGE:          0
cpu22->LLC LOAD         ACCESS:   20608226 HIT:   20604857 MISS:       3369 MSHR_MERGE:          0
cpu22->LLC RFO          ACCESS:    2459511 HIT:    2451808 MISS:       7703 MSHR_MERGE:          0
cpu22->LLC PREFETCH     ACCESS:          1 HIT:          0 MISS:          1 MSHR_MERGE:          0
cpu22->LLC WRITE        ACCESS:          0 HIT:          0 MISS:          0 MSHR_MERGE:          0
cpu22->LLC TRANSLATION  ACCESS:       8934 HIT:       3738 MISS:       5196 MSHR_MERGE:          0
cpu22->LLC PREFETCH REQUESTED:          0 ISSUED:          0 USEFUL:          0 USELESS:          0
cpu22->LLC AVERAGE MISS LATENCY: 8108 cycles
cpu23->LLC TOTAL        ACCESS:   22932036 HIT:   22917827 MISS:      14209 MSHR_MERGE:          0
cpu23->LLC LOAD         ACCESS:   20536956 HIT:   20535592 MISS:       1364 MSHR_MERGE:          0
cpu23->LLC RFO          ACCESS:    2386199 HIT:    2378536 MISS:       7663 MSHR_MERGE:          0
cpu23->LLC PREFETCH     ACCESS:          1 HIT:          0 MISS:          1 MSHR_MERGE:          0
cpu23->LLC WRITE        ACCESS:          0 HIT:          0 MISS:          0 MSHR_MERGE:          0
cpu23->LLC TRANSLATION  ACCESS:       8880 HIT:       3699 MISS:       5181 MSHR_MERGE:          0
cpu23->LLC PREFETCH REQUESTED:          0 ISSUED:          0 USEFUL:          0 USELESS:          0
cpu23->LLC AVERAGE MISS LATENCY: 9284 cycles
cpu24->LLC TOTAL        ACCESS:   23134876 HIT:   23118401 MISS:      16475 MSHR_MERGE:          0
cpu24->LLC LOAD         ACCESS:   20699686 HIT:   20696143 MISS:       3543 MSHR_MERGE:          0
cpu24->LLC RFO          ACCESS:    2426255 HIT:    2418557 MISS:       7698 MSHR_MERGE:          0
cpu24->LLC PREFETCH     ACCESS:          1 HIT:          0 MISS:          1 MSHR_MERGE:          0
cpu24->LLC WRITE        ACCESS:          0 HIT:          0 MISS:          0 MSHR_MERGE:          0
cpu24->LLC TRANSLATION  ACCESS:       8934 HIT:       3701 MISS:       5233 MSHR_MERGE:          0
cpu24->LLC PREFETCH REQUESTED:          0 ISSUED:          0 USEFUL:          0 USELESS:          0
cpu24->LLC AVERAGE MISS LATENCY: 8007 cycles
cpu25->LLC TOTAL        ACCESS:   23148947 HIT:   23134852 MISS:      14095 MSHR_MERGE:          0
cpu25->LLC LOAD         ACCESS:   20671153 HIT:   20669987 MISS:       1166 MSHR_MERGE:          0
cpu25->LLC RFO          ACCESS:    2468841 HIT:    2461116 MISS:       7725 MSHR_MERGE:          0
cpu25->LLC PREFETCH     ACCESS:          1 HIT:          0 MISS:          1 MSHR_MERGE:          0
cpu25->LLC WRITE        ACCESS:          0 HIT:          0 MISS:          0 MSHR_MERGE:          0
cpu25->LLC TRANSLATION  ACCESS:       8952 HIT:       3749 MISS:       5203 MSHR_MERGE:          0
cpu25->LLC PREFETCH REQUESTED:          0 ISSUED:          0 USEFUL:          0 USELESS:          0
cpu25->LLC AVERAGE MISS LATENCY: 9359 cycles
cpu26->LLC TOTAL        ACCESS:   23113887 HIT:   23099769 MISS:      14118 MSHR_MERGE:          0
cpu26->LLC LOAD         ACCESS:   20667758 HIT:   20666546 MISS:       1212 MSHR_MERGE:          0
cpu26->LLC RFO          ACCESS:    2437194 HIT:    2429492 MISS:       7702 MSHR_MERGE:          0
cpu26->LLC PREFETCH     ACCESS:          1 HIT:          0 MISS:          1 MSHR_MERGE:          0
cpu26->LLC WRITE        ACCESS:          0 HIT:          0 MISS:          0 MSHR_MERGE:          0
cpu26->LLC TRANSLATION  ACCESS:       8934 HIT:       3731 MISS:       5203 MSHR_MERGE:          0
cpu26->LLC PREFETCH REQUESTED:          0 ISSUED:          0 USEFUL:          0 USELESS:          0
cpu26->LLC AVERAGE MISS LATENCY: 9344 cycles
cpu27->LLC TOTAL        ACCESS:   23116949 HIT:   23101956 MISS:      14993 MSHR_MERGE:          0
cpu27->LLC LOAD         ACCESS:   20643365 HIT:   20641276 MISS:       2089 MSHR_MERGE:          0
cpu27->LLC RFO          ACCESS:    2464643 HIT:    2456928 MISS:       7715 MSHR_MERGE:          0
cpu27->LLC PREFETCH     ACCESS:          1 HIT:          0 MISS:          1 MSHR_MERGE:          0
cpu27->LLC WRITE        ACCESS:          0 HIT:          0 MISS:          0 MSHR_MERGE:          0
cpu27->LLC TRANSLATION  ACCESS:       8940 HIT:       3752 MISS:       5188 MSHR_MERGE:          0
cpu27->LLC PREFETCH REQUESTED:          0 ISSUED:          0 USEFUL:          0 USELESS:          0
cpu27->LLC AVERAGE MISS LATENCY: 8799 cycles
cpu28->LLC TOTAL        ACCESS:   23101874 HIT:   23084754 MISS:      17120 MSHR_MERGE:          0
cpu28->LLC LOAD         ACCESS:   20629003 HIT:   20624803 MISS:       4200 MSHR_MERGE:          0
cpu28->LLC RFO          ACCESS:    2463936 HIT:    2456224 MISS:       7712 MSHR_MERGE:          0
cpu28->LLC PREFETCH     ACCESS:          1 HIT:          0 MISS:          1 MSHR_MERGE:          0
cpu28->LLC WRITE        ACCESS:          0 HIT:          0 MISS:          0 MSHR_MERGE:          0
cpu28->LLC TRANSLATION  ACCESS:       8934 HIT:       3727 MISS:       5207 MSHR_MERGE:          0
cpu28->LLC PREFETCH REQUESTED:          0 ISSUED:          0 USEFUL:          0 USELESS:          0
cpu28->LLC AVERAGE MISS LATENCY: 7705 cycles
cpu29->LLC TOTAL        ACCESS:   23084929 HIT:   23069865 MISS:      15064 MSHR_MERGE:          0
cpu29->LLC LOAD         ACCESS:   20642075 HIT:   20639884 MISS:       2191 MSHR_MERGE:          0
cpu29->LLC RFO          ACCESS:    2433937 HIT:    2426253 MISS:       7684 MSHR_MERGE:          0
cpu29->LLC PREFETCH     ACCESS:          1 HIT:          0 MISS:          1 MSHR_MERGE:          0
cpu29->LLC WRITE        ACCESS:          0 HIT:          0 MISS:          0 MSHR_MERGE:          0
cpu29->LLC TRANSLATION  ACCESS:       8916 HIT:       3728 MISS:       5188 MSHR_MERGE:          0
cpu29->LLC PREFETCH REQUESTED:          0 ISSUED:          0 USEFUL:          0 USELESS:          0
cpu29->LLC AVERAGE MISS LATENCY: 8757 cycles
cpu30->LLC TOTAL        ACCESS:   23133682 HIT:   23117420 MISS:      16262 MSHR_MERGE:          0
cpu30->LLC LOAD         ACCESS:   20698849 HIT:   20695492 MISS:       3357 MSHR_MERGE:          0
cpu30->LLC RFO          ACCESS:    2425898 HIT:    2418199 MISS:       7699 MSHR_MERGE:          0
cpu30->LLC PREFETCH     ACCESS:          1 HIT:          0 MISS:          1 MSHR_MERGE:          0
cpu30->LLC WRITE        ACCESS:          0 HIT:          0 MISS:          0 MSHR_MERGE:          0
cpu30->LLC TRANSLATION  ACCESS:       8934 HIT:       3729 MISS:       5205 MSHR_MERGE:          0
cpu30->LLC PREFETCH REQUESTED:          0 ISSUED:          0 USEFUL:          0 USELESS:          0
cpu30->LLC AVERAGE MISS LATENCY: 8112 cycles
cpu31->LLC TOTAL        ACCESS:   23117650 HIT:   23102492 MISS:      15158 MSHR_MERGE:          0
cpu31->LLC LOAD         ACCESS:   20642492 HIT:   20640241 MISS:       2251 MSHR_MERGE:          0
cpu31->LLC RFO          ACCESS:    2466207 HIT:    2458490 MISS:       7717 MSHR_MERGE:          0
cpu31->LLC PREFETCH     ACCESS:          1 HIT:          0 MISS:          1 MSHR_MERGE:          0
cpu31->LLC WRITE        ACCESS:          0 HIT:          0 MISS:          0 MSHR_MERGE:          0
cpu31->LLC TRANSLATION  ACCESS:       8950 HIT:       3761 MISS:       5189 MSHR_MERGE:          0
cpu31->LLC PREFETCH REQUESTED:          0 ISSUED:          0 USEFUL:          0 USELESS:          0
cpu31->LLC AVERAGE MISS LATENCY: 8703 cycles

DRAM Statistics

Channel 0 RQ ROW_BUFFER_HIT:       6933
  ROW_BUFFER_MISS:     320848
  AVG DBUS CONGESTED CYCLE: 3.728
Channel 0 WQ ROW_BUFFER_HIT:          0
  ROW_BUFFER_MISS:          0
  FULL:          0
Channel 0 REFRESHES ISSUED:       7040

Channel 1 RQ ROW_BUFFER_HIT:       8135
  ROW_BUFFER_MISS:     320875
  AVG DBUS CONGESTED CYCLE: 3.715
Channel 1 WQ ROW_BUFFER_HIT:          0
  ROW_BUFFER_MISS:          0
  FULL:          0
Channel 1 REFRESHES ISSUED:       7040
